time(s);clutchPressed;brakePressed;steeringWheelButtons;shiftLeverPos;engineTemp;wheel1;wheel2;wheel3;wheel4;speed;engineRpm;range;fuelLevel1;fuelLevel2;engineTorque;batteryVoltage;avgCons;avgSpeed;throttlePercent;steeringPos;
0.54;0;0;0;0;0;0;0;0;0;0;0;0;0.0;0.0;0.0;0.0;0.0;0.0;0.0000;0.0000;
0.79;1;0;0;0;FFFFFFF9;0;0;0;0;0;0;0;3.2;42.4;369.5;11.8;0.0;0.0;-0.0001;-0.4948;
1.04;1;0;0;0;FFFFFFF9;0;0;0;0;0;0;0;3.2;42.4;369.5;11.6;0.0;0.0;-0.0001;-0.4948;
1.29;1;0;0;0;FFFFFFF9;0;0;0;0;0;0;0;3.2;42.4;369.5;11.6;0.0;0.0;-0.0001;-0.4948;
1.54;1;0;0;0;FFFFFFF9;0;0;0;0;0;0;0;3.2;42.4;369.5;11.6;0.0;0.0;-0.0001;-0.4948;
1.79;1;0;0;0;FFFFFFF9;0;0;0;0;0;7F;1C7;3.2;42.4;367.5;11.5;0.0;0.0;-0.0038;-0.4948;
2.04;1;0;0;0;FFFFFFF9;0;0;0;0;0;DE;1C7;3.2;42.4;368.5;11.5;5.5;77.1;-0.0038;-0.4948;
2.29;1;0;0;0;FFFFFFF9;1;0;0;0;0;310;1C7;3.2;42.4;384.5;11.5;5.5;77.1;-0.0037;-0.4945;
2.54;1;0;0;0;FFFFFFF9;0;0;0;0;0;53F;1C7;3.2;42.4;62.0;11.5;5.5;77.1;-0.0038;-0.4945;
2.79;1;0;0;0;FFFFFFF9;0;0;0;0;0;4F5;1C7;3.2;42.4;58.0;11.5;5.5;77.1;-0.0038;-0.4945;
3.04;1;0;0;0;FFFFFFF9;0;0;0;0;0;4E3;1C7;3.2;42.4;59.5;11.5;5.5;77.1;-0.0038;-0.4945;
3.29;1;0;0;0;FFFFFFF9;0;0;0;0;0;4C2;1C7;3.2;42.4;49.0;11.3;5.5;77.1;-0.0038;-0.4945;
3.54;1;0;0;0;FFFFFFF9;0;0;0;0;0;4A5;1C7;3.2;42.5;52.0;11.3;5.5;77.1;-0.0038;-0.4945;
3.79;1;0;0;0;FFFFFFF9;0;0;0;0;0;47F;1C7;3.2;42.5;53.5;11.3;5.5;77.1;-0.0038;-0.4945;
4.04;1;0;0;0;FFFFFFF9;0;0;0;0;0;46D;1C7;3.2;42.4;54.5;11.3;5.5;77.1;-0.0038;-0.4945;
4.29;1;0;0;0;FFFFFFF9;0;0;0;0;0;445;1C7;3.2;42.4;53.5;11.3;5.5;77.1;-0.0038;-0.4945;
4.54;1;0;0;0;FFFFFFF9;0;0;0;0;0;42D;1C7;3.2;42.4;55.5;11.3;5.5;77.1;-0.0038;-0.4945;
4.79;1;0;0;0;FFFFFFF9;0;0;0;0;0;436;1C7;3.2;42.4;56.0;11.7;5.5;77.1;-0.0038;-0.4945;
5.04;1;0;0;0;FFFFFFF9;0;0;0;0;0;426;1C7;3.2;42.4;57.0;11.7;5.5;77.1;-0.0038;-0.4945;
5.29;1;0;0;0;FFFFFFF9;0;0;0;0;0;429;1C7;3.2;42.4;56.5;11.7;5.5;77.1;-0.0038;-0.4945;
5.56;1;0;0;0;FFFFFFF9;0;0;0;0;0;42F;1C7;3.2;42.4;53.5;11.7;5.5;77.1;-0.0038;-0.4945;
5.81;1;0;0;0;FFFFFFF9;0;0;0;0;0;430;1C7;3.2;42.4;51.0;11.7;5.5;77.1;-0.0038;-0.4945;
6.06;1;0;0;0;FFFFFFF9;0;0;0;0;0;428;1C7;3.2;42.4;52.5;14.6;5.5;77.1;-0.0038;-0.4945;
6.31;1;0;0;0;FFFFFFF9;0;0;0;0;0;426;1C7;3.2;42.4;52.0;14.6;5.5;77.1;-0.0038;-0.4945;
6.56;1;0;0;0;FFFFFFF9;0;0;0;0;0;432;1C7;3.2;42.4;45.5;14.6;5.5;77.1;-0.0039;-0.4945;
6.81;1;0;0;0;FFFFFFF9;0;0;0;0;0;42D;1C7;3.2;42.4;45.5;14.6;5.5;77.1;-0.0039;-0.4945;
7.06;1;0;0;0;FFFFFFF9;0;0;0;0;0;428;1C7;3.2;42.4;44.5;14.6;5.5;77.1;-0.0039;-0.4945;
7.31;1;0;0;0;FFFFFFF9;0;0;0;0;0;429;1C7;3.2;42.4;43.5;14.6;5.5;77.1;-0.0039;-0.4945;
7.56;1;0;0;0;FFFFFFF9;0;0;0;0;0;42A;1C7;3.2;42.4;41.0;14.6;5.5;77.1;-0.0039;-0.4945;
7.81;1;0;0;0;FFFFFFF9;0;0;0;0;0;428;1C7;3.2;42.4;42.5;14.5;5.5;77.1;-0.0039;-0.4945;
8.06;1;0;0;0;FFFFFFF9;0;0;0;0;0;42D;1C7;3.2;42.4;39.5;14.5;5.5;77.1;-0.0039;-0.4945;
8.31;1;0;0;0;FFFFFFF9;0;0;0;0;0;42A;1C7;3.2;42.4;39.5;14.5;5.5;77.1;-0.0039;-0.4945;
8.56;1;0;0;0;FFFFFFF9;0;0;0;0;0;429;1C7;3.2;42.4;39.0;14.5;5.5;77.1;-0.0039;-0.4945;
8.81;1;0;0;0;FFFFFFF9;0;0;0;0;0;42D;1C7;3.2;42.4;37.0;14.5;5.5;77.1;-0.0039;-0.4945;
9.06;1;0;0;0;FFFFFFF9;0;0;0;0;0;42D;1C7;3.2;42.4;39.0;14.6;5.5;77.1;-0.0039;-0.4945;
9.31;1;0;0;0;FFFFFFF9;0;0;0;0;0;421;1C7;3.2;42.4;37.0;14.6;5.5;77.1;-0.0039;-0.4945;
9.56;1;0;0;0;FFFFFFF9;0;0;0;0;0;42A;1C7;3.2;42.4;36.5;14.6;5.5;77.1;-0.0039;-0.4945;
9.81;1;0;0;0;FFFFFFF9;0;0;0;0;0;427;1C7;3.2;42.5;35.5;14.6;5.5;77.1;-0.0039;-0.4945;
10.06;1;0;0;0;FFFFFFF9;0;0;0;0;0;428;1C7;3.2;42.5;35.0;14.6;5.5;77.1;-0.0039;-0.4945;
10.31;1;0;0;0;FFFFFFF9;0;0;0;0;0;423;1C7;3.2;42.5;35.5;14.6;5.5;77.1;-0.0039;-0.4945;
10.58;1;0;0;0;FFFFFFF9;0;0;0;0;0;42F;1C7;3.2;42.5;32.5;14.6;5.5;77.1;-0.0039;-0.4945;
10.83;1;0;0;0;FFFFFFF9;0;0;0;0;0;428;1C7;3.2;42.5;33.5;14.6;5.5;77.1;-0.0039;-0.4945;
11.08;1;0;0;0;FFFFFFF9;0;0;0;0;0;424;1C7;3.2;42.5;32.5;14.6;5.5;77.1;-0.0039;-0.4945;
11.33;1;0;0;0;FFFFFFF9;0;0;0;0;0;423;1C7;3.2;42.5;33.0;14.5;5.5;77.1;-0.0039;-0.4945;
11.58;1;0;0;0;FFFFFFFA;0;0;0;0;0;428;1C7;3.2;42.5;31.5;14.5;5.5;77.1;-0.0039;-0.4945;
11.83;1;0;0;0;FFFFFFFA;0;0;0;0;0;429;1C7;3.2;42.5;31.5;14.2;5.5;77.1;-0.0039;-0.4945;
12.08;1;0;0;0;FFFFFFFA;0;0;0;0;0;41C;1C7;3.2;42.5;32.0;14.2;5.5;77.1;-0.0039;-0.4943;
12.33;1;0;0;0;FFFFFFFA;0;0;0;0;0;425;1C7;3.2;42.5;32.0;14.3;5.5;77.1;-0.0039;-0.4943;
12.58;1;0;0;0;FFFFFFFA;0;0;0;0;0;428;1C7;3.2;42.5;30.0;14.3;5.5;77.1;-0.0039;-0.4941;
12.83;1;0;0;0;FFFFFFFA;0;0;0;0;0;429;1C7;3.2;42.5;30.5;14.5;5.5;77.1;-0.0039;-0.4941;
13.08;1;0;0;0;FFFFFFFA;0;0;0;0;0;426;1C7;3.2;42.5;29.5;14.5;5.5;77.1;-0.0039;-0.4941;
13.33;1;0;0;0;FFFFFFFA;0;0;0;0;0;426;1C7;3.2;42.5;29.0;14.5;5.5;77.1;-0.0039;-0.4941;
13.58;1;0;0;0;FFFFFFFA;0;0;0;0;0;427;1C7;3.2;42.5;29.0;14.5;5.5;77.1;-0.0039;-0.4939;
13.83;1;0;0;0;FFFFFFFA;0;0;0;0;0;424;1C7;3.2;42.5;28.0;14.5;5.5;77.1;-0.0039;-0.4939;
14.08;1;0;0;0;FFFFFFFA;0;0;0;0;0;424;1C7;3.2;42.5;27.5;14.5;5.5;77.1;-0.0039;-0.4939;
14.33;1;0;0;0;FFFFFFFA;0;0;0;0;0;425;1C7;3.2;42.5;28.0;14.5;5.5;77.1;-0.0039;-0.4939;
14.58;1;0;0;0;FFFFFFFA;0;0;0;0;0;41D;1C7;3.2;42.5;29.5;14.5;5.5;77.1;-0.0039;-0.4941;
14.83;1;0;0;0;FFFFFFFA;0;0;0;0;0;426;1C7;3.2;42.5;27.0;14.5;5.5;77.1;-0.0039;-0.4948;
15.08;1;0;0;0;FFFFFFFA;0;0;0;0;0;422;1C7;3.2;42.5;28.5;14.5;5.5;77.1;-0.0039;-0.4948;
15.33;1;0;0;0;FFFFFFFA;0;0;0;0;0;427;1C7;3.2;42.5;27.5;14.5;5.5;77.1;-0.0039;-0.4945;
15.59;1;0;0;0;FFFFFFFA;0;0;0;0;0;426;1C7;3.2;42.5;26.5;14.5;5.5;77.1;-0.0039;-0.4939;
15.84;1;0;0;0;FFFFFFFA;0;0;0;0;0;425;1C7;3.2;42.5;27.0;14.5;5.5;77.1;-0.0039;-0.4939;
16.09;1;0;0;0;FFFFFFFA;0;0;0;0;0;428;1C7;3.2;42.5;25.5;14.5;5.5;77.1;-0.0039;-0.4939;
16.34;1;0;0;0;FFFFFFFA;0;0;0;0;0;421;1C7;3.2;42.5;26.5;14.5;5.5;77.1;-0.0039;-0.4939;
16.59;1;0;0;0;FFFFFFFA;0;0;0;0;0;422;1C7;3.2;42.5;26.0;14.5;5.5;77.1;-0.0039;-0.4939;
16.84;1;0;0;0;FFFFFFFA;0;0;0;0;0;422;1C7;3.2;42.5;24.5;14.5;5.5;77.1;-0.0039;-0.4939;
17.09;1;0;0;0;FFFFFFFA;0;0;0;0;0;420;1C7;3.2;42.4;26.0;14.5;5.5;77.1;-0.0039;-0.4941;
17.34;1;0;0;0;FFFFFFFA;0;0;0;0;0;423;1C7;3.2;42.4;24.5;14.5;5.5;77.1;-0.0039;-0.4943;
17.59;1;0;0;0;FFFFFFFA;0;0;0;0;0;420;1C7;3.2;42.4;24.5;14.5;5.5;77.1;-0.0039;-0.4950;
17.84;1;0;0;0;FFFFFFFA;0;0;0;0;0;423;1C7;3.2;42.4;25.0;14.5;5.5;77.1;-0.0039;-0.4946;
18.09;1;0;0;0;FFFFFFFA;0;0;0;0;0;41D;1C7;3.2;42.4;26.0;14.5;5.5;77.1;-0.0039;-0.4943;
18.34;1;0;0;0;FFFFFFFA;0;0;0;0;0;423;1C7;3.2;42.4;23.5;14.5;5.5;77.1;-0.0039;-0.4943;
18.59;1;0;0;0;FFFFFFFA;0;0;0;0;0;421;1C7;3.2;42.4;23.5;14.5;5.5;77.1;0.0001;-0.4941;
18.84;1;0;0;0;FFFFFFFA;0;0;0;0;0;424;1C7;3.2;42.4;23.0;14.5;5.5;77.1;0.0119;-0.4941;
19.09;1;0;0;0;FFFFFFFA;0;0;0;0;0;432;1C7;3.2;42.4;21.5;14.5;5.5;77.1;0.0158;-0.4941;
19.34;1;0;0;0;FFFFFFFA;0;0;0;0;0;427;1C7;3.2;42.4;22.0;14.6;5.5;77.1;0.0317;-0.4941;
19.59;1;0;0;0;FFFFFFFA;0;0;0;0;0;432;1C7;3.2;42.4;22.5;14.6;5.5;77.1;0.0356;-0.4941;
19.84;1;0;0;0;FFFFFFFA;0;0;0;0;0;421;1C7;3.2;42.4;25.5;14.5;5.5;77.1;0.0396;-0.4941;
20.09;1;0;0;0;FFFFFFFA;0;0;0;0;0;41B;1C7;3.2;42.4;36.0;14.5;5.5;77.1;0.0356;-0.4938;
20.34;1;0;0;0;FFFFFFFA;0;0;0;0;0;424;1C7;3.2;42.4;37.0;14.5;5.5;77.1;0.0396;-0.4934;
20.61;1;0;0;0;FFFFFFFA;0;0;0;0;0;42C;1C7;3.2;42.4;34.5;14.5;5.5;77.1;0.0396;-0.4934;
20.86;1;0;0;0;FFFFFFFA;0;0;0;0;0;431;1C7;3.2;42.4;36.0;14.5;5.5;77.1;0.0396;-0.4938;
21.11;1;0;0;0;FFFFFFFA;0;0;0;0;0;42C;1C7;3.2;42.4;35.5;14.5;5.5;77.1;0.0435;-0.4938;
21.36;1;0;0;0;FFFFFFFA;0;0;0;0;0;417;1C7;3.2;42.4;43.0;14.5;5.5;77.1;0.0515;-0.4938;
21.61;1;0;0;0;FFFFFFFA;0;0;0;0;0;413;1C7;3.2;42.4;55.5;14.5;5.5;77.1;0.0594;-0.4939;
21.86;1;0;0;0;FFFFFFFA;0;0;0;0;0;412;1C7;3.2;42.4;65.0;14.5;5.5;77.1;0.0673;-0.4939;
22.11;1;0;0;0;FFFFFFFA;0;0;0;0;0;412;1C7;3.2;42.4;81.0;14.5;5.5;77.1;0.0673;-0.4939;
22.36;1;0;0;0;FFFFFFFB;0;0;0;0;0;432;1C7;3.2;42.4;74.5;14.5;5.5;77.1;0.0673;-0.4939;
22.61;1;0;0;0;FFFFFFFB;0;0;0;0;0;427;1C7;3.2;42.4;79.0;14.5;5.5;77.1;0.0673;-0.5547;
22.86;1;0;0;0;FFFFFFFB;0;0;0;0;0;41F;1C7;3.2;42.3;88.5;14.6;5.5;77.1;0.0713;-0.6070;
23.11;1;0;0;0;FFFFFFFB;0;0;0;0;0;423;1C7;3.2;42.3;96.5;14.6;5.5;77.1;0.0753;-0.6542;
23.36;1;0;0;0;FFFFFFFB;0;0;0;0;0;434;1C7;3.2;42.5;93.5;14.6;5.5;77.1;0.0752;-0.6709;
23.61;1;0;0;0;FFFFFFFB;0;0;0;0;0;435;1C7;3.2;42.5;92.5;14.6;5.5;77.1;0.0792;-0.7539;
23.86;1;0;0;0;FFFFFFFB;0;0;0;0;0;43A;1C7;3.2;42.5;92.0;14.6;5.5;77.1;0.0752;-0.7866;
24.11;1;0;0;0;FFFFFFFB;0;0;0;0;0;444;1C7;3.2;42.4;89.0;14.6;5.5;77.1;0.0752;-0.7937;
24.36;1;0;0;0;FFFFFFFB;0;0;0;0;0;436;1C7;3.2;42.4;94.5;14.6;5.5;77.1;0.1029;-0.7971;
24.61;1;0;0;0;FFFFFFFB;0;0;0;0;0;432;1C7;3.2;42.4;97.0;14.6;5.5;77.1;0.1029;-0.8613;
24.86;1;0;0;0;FFFFFFFB;0;0;0;0;0;43C;1C7;3.2;42.4;104.0;14.6;5.5;77.1;0.1029;-0.8869;
25.11;1;0;0;0;FFFFFFFB;0;0;0;0;0;44E;1C7;3.2;42.4;98.5;14.6;5.5;77.1;0.1029;-0.9177;
25.36;1;0;0;0;FFFFFFFB;0;0;0;FFFFFFFF;0;41B;1C7;3.2;42.5;107.0;14.6;5.5;77.1;0.1029;-0.9388;
25.62;1;0;0;0;FFFFFFFB;0;0;0;0;0;4A9;1C7;3.2;42.5;58.0;14.6;5.5;77.1;0.0989;-0.9347;
25.87;1;0;0;0;FFFFFFFB;0;0;0;0;0;451;1C7;3.2;42.7;56.0;12.9;5.5;77.1;0.1107;-0.9153;
26.12;1;0;0;0;FFFFFFFB;0;0;0;0;0;447;1C7;3.2;42.3;74.0;12.9;5.5;77.1;0.1266;-0.9120;
26.37;1;0;0;0;FFFFFFFB;0;0;0;0;0;433;1C7;3.2;42.3;100.5;12.9;5.5;77.1;0.1266;-0.9091;
26.62;1;0;0;0;FFFFFFFB;0;0;0;0;0;44F;1C7;3.2;43.0;97.5;12.9;5.5;77.1;0.1266;-0.9062;
26.87;1;0;0;0;FFFFFFFB;0;0;0;0;0;457;1C7;3.2;43.0;99.0;12.9;5.5;77.1;0.1266;-0.9038;
27.12;1;0;0;0;FFFFFFFB;0;0;0;0;0;45B;1C7;3.2;43.0;94.0;12.9;5.5;77.1;0.1226;-0.8963;
27.37;1;0;0;0;FFFFFFFB;0;0;0;0;0;45B;1C7;3.2;43.0;94.0;11.8;5.5;77.1;0.1226;-0.8791;
27.62;1;0;0;0;FFFFFFFB;0;0;0;0;0;458;1C7;3.2;42.8;94.5;11.8;5.5;77.1;0.1226;-0.8584;
27.87;1;0;0;0;FFFFFFFB;0;0;0;0;0;45A;1C7;3.2;42.8;95.0;11.8;5.5;77.1;0.1226;-0.8531;
28.12;1;0;0;0;FFFFFFFB;0;0;0;0;0;459;1C7;3.2;43.0;95.5;11.7;5.5;77.1;0.1226;-0.8494;
28.37;1;0;0;0;FFFFFFFB;0;0;0;0;0;455;1C7;3.2;43.2;100.0;11.7;5.5;77.1;0.1266;-0.8451;
28.62;1;0;0;0;FFFFFFFC;0;0;0;0;0;458;1C7;3.2;43.2;100.0;11.7;5.5;77.1;0.1227;-0.8259;
28.87;1;0;0;0;FFFFFFFC;0;0;0;0;0;441;1C7;3.2;43.5;104.0;11.7;5.5;77.1;0.1108;-0.7737;
29.12;1;0;0;0;FFFFFFFC;0;0;0;0;0;462;1C7;3.2;43.5;93.0;11.8;5.5;77.1;0.1108;-0.6659;
29.37;1;0;0;0;FFFFFFFC;0;0;0;0;0;454;1C7;3.2;43.5;90.0;11.8;5.5;77.1;0.1147;-0.5492;
29.62;1;0;0;0;FFFFFFFC;0;0;0;0;0;44C;1C7;3.2;43.4;92.0;11.8;5.5;77.1;0.1147;-0.3767;
29.87;1;0;0;0;FFFFFFFC;0;0;0;0;0;448;1C7;3.2;43.4;96.0;11.8;5.5;77.1;0.1187;-0.2803;
30.12;1;0;0;0;FFFFFFFC;0;0;0;0;0;446;1C7;3.2;43.2;98.0;11.9;5.5;77.1;0.1187;-0.2112;
30.37;1;0;0;0;FFFFFFFC;0;0;0;0;0;437;1C7;3.2;43.8;113.5;11.9;5.5;77.1;0.1187;-0.1559;
30.64;1;0;0;0;FFFFFFFC;0;0;0;0;0;449;1C7;3.2;43.8;110.0;11.9;5.5;77.1;0.1187;-0.0862;
30.89;1;0;0;0;FFFFFFFC;0;0;0;0;0;46A;1C7;3.2;43.5;91.0;12.0;5.5;77.1;0.1068;-0.0924;
31.14;1;0;0;0;FFFFFFFC;0;0;0;0;0;45A;1C7;3.2;43.5;83.0;12.0;5.5;77.1;0.1108;-0.0931;
31.39;1;0;0;0;FFFFFFFC;0;0;0;0;0;44C;1C7;3.2;43.5;86.0;12.4;5.5;77.1;0.1187;-0.0931;
31.64;1;0;0;0;FFFFFFFC;0;0;0;0;0;44F;1C7;3.2;43.5;85.0;12.4;5.5;77.1;0.1187;-0.0924;
31.89;1;0;0;0;FFFFFFFD;0;0;0;0;0;446;1C7;3.2;43.8;89.0;13.7;5.5;77.1;0.1187;-0.0923;
32.14;1;0;0;0;FFFFFFFD;0;0;0;0;0;44A;1C7;3.2;43.7;86.5;14.4;5.5;77.1;0.1187;-0.0913;
32.39;1;0;0;0;FFFFFFFD;0;0;0;0;0;448;1C7;3.2;43.7;86.5;14.4;5.5;77.1;0.1226;-0.0899;
32.64;1;0;0;0;FFFFFFFD;0;0;0;0;0;43D;1C7;3.2;43.9;89.5;14.6;5.5;77.1;0.1226;-0.0878;
32.89;1;0;0;0;FFFFFFFD;0;0;0;0;0;43F;1C7;3.2;43.9;98.0;14.6;5.5;77.1;0.1227;-0.0869;
33.14;1;0;0;0;FFFFFFFD;FFFFFFFF;FFFFFFFF;FFFFFFFF;FFFFFFFF;1;448;1C7;3.2;43.9;96.0;14.6;5.5;77.1;0.1226;-0.0866;
33.39;1;0;0;0;FFFFFFFD;FFFFFFFF;FFFFFFFF;FFFFFFFF;FFFFFFFF;1;473;1C7;3.2;44.4;71.0;14.6;5.5;77.1;0.1147;-0.0863;
33.64;1;0;0;0;FFFFFFFD;FFFFFFFF;FFFFFFFF;FFFFFFFF;FFFFFFFF;1;459;1C7;3.2;44.4;65.0;14.5;5.5;77.1;0.1028;-0.0863;
33.89;1;0;0;0;FFFFFFFD;FFFFFFFF;FFFFFFFF;FFFFFFFE;FFFFFFFF;1;46D;1C7;3.2;44.6;36.5;14.5;5.5;77.1;0.0751;-0.0863;
34.14;1;0;0;0;FFFFFFFD;FFFFFFFF;FFFFFFFF;FFFFFFFF;FFFFFFFF;1;45B;1C7;3.2;44.7;24.5;14.5;5.5;77.1;-0.0039;-0.0862;
34.39;1;0;0;0;FFFFFFFD;FFFFFFFF;FFFFFFFF;FFFFFFFF;FFFFFFFF;1;403;1C7;3.2;44.7;30.5;14.5;5.5;77.1;0.0277;-0.0860;
34.64;1;0;0;0;FFFFFFFD;FFFFFFFF;FFFFFFFF;FFFFFFFF;FFFFFFFF;1;3E4;1C7;3.2;44.0;55.5;14.5;5.5;77.1;0.0436;-0.0848;
34.89;1;0;0;0;FFFFFFFE;FFFFFFFF;FFFFFFFF;FFFFFFFF;FFFFFFFF;1;409;1C7;3.2;44.0;54.5;14.5;5.5;77.1;0.0436;-0.0828;
35.14;1;0;0;0;FFFFFFFE;FFFFFFFF;FFFFFFFF;FFFFFFFF;FFFFFFFF;1;428;1C7;3.2;44.0;45.0;14.5;5.5;77.1;0.0238;-0.0809;
35.39;1;0;0;0;FFFFFFFE;FFFFFFFF;FFFFFFFF;FFFFFFFF;FFFFFFFF;1;422;1C7;3.2;43.8;27.0;14.5;5.5;77.1;-0.0039;-0.0805;
35.65;1;0;0;0;FFFFFFFE;FFFFFFFF;FFFFFFFF;FFFFFFFF;FFFFFFFF;1;425;1C7;3.2;43.8;15.5;14.5;5.5;77.1;-0.0039;-0.0802;
35.90;1;0;0;0;FFFFFFFE;FFFFFFFF;FFFFFFFF;FFFFFFFF;FFFFFFFF;1;409;1C7;3.2;43.3;17.5;14.5;5.5;77.1;-0.0039;-0.0795;
36.15;1;0;0;0;FFFFFFFE;0;0;0;0;0;3F8;1C7;3.2;43.3;24.5;14.5;5.5;77.1;-0.0039;-0.0795;
36.40;1;0;0;0;FFFFFFFE;0;0;0;0;0;3E1;1C7;3.2;42.8;33.5;14.5;5.5;77.1;0.0159;-0.0796;
36.65;1;0;0;0;FFFFFFFE;0;0;0;0;0;3EF;1C7;3.2;42.8;42.5;14.5;5.5;77.1;0.0317;-0.0796;
36.90;1;0;0;0;FFFFFFFE;0;0;0;0;0;402;1C7;3.2;42.6;42.0;14.5;5.5;77.1;0.0356;-0.0789;
37.15;1;0;0;0;FFFFFFFE;0;0;0;0;0;3F7;1C7;3.2;41.9;54.5;14.5;5.5;77.1;0.0475;-0.0791;
37.40;1;0;0;0;FFFFFFFE;FFFFFFFF;FFFFFFFF;FFFFFFFF;FFFFFFFF;1;3FF;1C7;3.2;41.9;56.5;14.5;5.5;77.1;0.0515;-0.0789;
37.65;1;0;0;0;FFFFFFFE;FFFFFFFF;FFFFFFFF;FFFFFFFF;FFFFFFFF;1;407;1C7;3.2;41.2;56.0;14.5;5.5;77.1;0.0515;-0.0791;
37.90;1;0;0;0;FFFFFFFE;FFFFFFFF;FFFFFFFF;FFFFFFFF;FFFFFFFF;1;40E;1C7;3.2;41.1;55.5;14.5;5.5;77.1;0.0475;-0.0791;
38.15;1;0;0;0;FFFFFFFE;FFFFFFFF;FFFFFFFF;FFFFFFFF;FFFFFFFF;1;415;1C7;3.2;41.1;45.0;14.5;5.5;77.1;0.0317;-0.0613;
38.40;1;0;0;0;FFFFFFFE;FFFFFFFF;FFFFFFFF;FFFFFFFF;FFFFFFFF;1;423;1C7;3.2;40.3;37.0;14.5;5.5;77.1;0.0435;0.0188;
38.65;1;0;0;0;FFFFFFFE;FFFFFFFF;FFFFFFFF;FFFFFFFF;FFFFFFFF;1;41C;1C7;3.2;40.3;37.0;14.5;5.5;77.1;0.0475;0.0201;
38.90;1;0;0;0;FFFFFFFE;FFFFFFFF;FFFFFFFF;FFFFFFFF;FFFFFFFF;1;3FF;1C7;3.2;40.8;43.0;14.5;5.5;77.1;0.0475;0.0282;
39.15;1;0;0;0;FFFFFFFE;0;0;0;0;0;3EC;1C7;3.2;39.9;69.5;14.5;5.5;77.1;0.0554;0.0286;
39.40;1;0;0;0;FFFFFFFE;0;0;0;0;0;407;1C7;3.2;39.9;76.5;14.6;5.5;77.1;0.1108;0.0284;
39.65;1;0;0;0;FFFFFFFF;0;0;0;0;0;425;1C7;3.2;39.7;71.0;14.5;5.5;77.1;0.1107;0.0280;
39.90;1;0;0;0;FFFFFFFF;0;0;0;0;0;424;1C7;3.2;39.7;72.5;14.5;5.5;77.1;0.1108;0.0252;
40.15;1;0;0;0;FFFFFFFF;0;0;0;0;0;424;1C7;3.2;39.7;68.5;14.5;5.5;77.1;0.0989;0.0252;
40.40;1;0;0;0;FFFFFFFF;0;0;0;0;0;42A;1C7;3.2;39.7;63.5;14.5;5.5;77.1;0.0870;0.1427;
40.67;1;0;0;0;FFFFFFFF;0;0;0;0;0;41D;1C7;3.2;39.8;62.5;14.5;5.5;77.1;0.0791;0.2115;
40.92;1;0;0;0;FFFFFFFF;0;0;0;0;0;41E;1C7;3.2;39.4;62.0;14.5;5.5;77.1;0.0791;0.2728;
41.17;1;0;0;0;FFFFFFFF;FFFFFFFF;FFFFFFFF;FFFFFFFF;FFFFFFFF;1;423;1C7;3.2;39.4;54.5;14.6;5.5;77.1;0.0752;0.2878;
41.42;1;0;0;0;FFFFFFFF;FFFFFFFF;FFFFFFFF;FFFFFFFF;FFFFFFFF;1;418;1C7;3.2;39.5;56.0;14.6;5.5;77.1;0.0712;0.2800;
41.67;1;0;0;0;FFFFFFFF;FFFFFFFF;FFFFFFFF;FFFFFFFF;FFFFFFFF;1;447;1C7;3.2;39.5;17.5;14.5;5.5;77.1;-0.0039;0.2190;
41.92;1;0;0;0;FFFFFFFF;FFFFFFFF;FFFFFFFE;FFFFFFFF;FFFFFFFE;1;419;1C7;3.2;39.1;21.0;14.5;5.5;77.1;-0.0039;0.1372;
42.17;1;0;0;0;FFFFFFFF;FFFFFFFF;FFFFFFFF;FFFFFFFF;FFFFFFFF;1;40A;1C7;3.2;38.8;16.5;14.5;5.5;77.1;-0.0039;0.0691;
42.42;1;0;0;0;FFFFFFFF;FFFFFFFF;FFFFFFFF;FFFFFFFF;FFFFFFFF;1;3F0;1C7;3.2;38.8;17.5;14.6;5.5;77.1;-0.0039;0.2044;
42.67;1;0;0;0;FFFFFFFF;FFFFFFFF;FFFFFFFF;FFFFFFFF;FFFFFFFF;1;3E1;1C7;3.2;38.9;26.5;14.6;5.5;77.1;-0.0039;0.3483;
42.92;1;0;0;0;0;FFFFFFFF;FFFFFFFF;FFFFFFFF;FFFFFFFF;1;3E3;1C7;3.2;38.3;27.0;14.6;5.5;77.1;-0.0039;0.4720;
43.17;1;0;0;0;0;FFFFFFFF;FFFFFFFF;FFFFFFFF;FFFFFFFF;1;3ED;1C7;3.2;38.3;23.0;14.6;5.5;77.1;-0.0039;0.5367;
43.42;1;0;0;0;0;FFFFFFFF;FFFFFFFF;FFFFFFFF;FFFFFFFF;1;3E7;1C7;3.2;38.6;26.0;14.5;5.5;77.1;-0.0039;0.7143;
43.67;1;0;0;0;0;FFFFFFFF;FFFFFFFE;FFFFFFFF;FFFFFFFE;1;3D7;1C7;3.2;38.6;33.0;14.5;5.5;77.1;-0.0039;0.8191;
43.92;1;0;0;0;0;FFFFFFFF;FFFFFFFE;FFFFFFFF;FFFFFFFE;1;3DF;1C7;3.2;38.9;33.5;14.6;5.5;77.1;-0.0039;0.9091;
44.17;1;0;0;0;0;FFFFFFFF;FFFFFFFE;FFFFFFFF;FFFFFFFE;1;3E0;1C7;3.2;38.9;36.0;14.6;5.5;77.1;-0.0039;0.9835;
44.42;1;0;0;0;0;FFFFFFFF;FFFFFFFE;FFFFFFFF;FFFFFFFE;1;3ED;1C7;3.2;38.7;32.0;14.6;5.5;77.1;-0.0039;1.0452;
44.67;1;0;0;0;0;FFFFFFFF;FFFFFFFE;FFFFFFFF;FFFFFFFE;1;3CD;1C7;3.2;38.7;47.0;14.6;5.5;77.1;-0.0039;1.0557;
44.92;1;0;0;0;0;FFFFFFFE;FFFFFFFE;FFFFFFFF;FFFFFFFE;2;3DE;1C7;3.2;39.1;45.0;14.6;5.5;77.1;-0.0039;1.0559;
45.17;1;0;0;0;0;FFFFFFFE;FFFFFFFE;FFFFFFFF;FFFFFFFE;2;3E4;1C7;3.2;39.3;43.5;14.5;5.5;77.1;-0.0039;1.0574;
45.42;1;0;0;0;0;FFFFFFFE;FFFFFFFE;FFFFFFFF;FFFFFFFE;2;3E3;1C7;3.2;39.3;44.0;14.5;5.5;77.1;-0.0039;1.0573;
45.68;1;0;0;0;0;FFFFFFFF;FFFFFFFF;FFFFFFFF;FFFFFFFF;1;3E6;1C7;3.2;39.5;44.0;14.6;5.5;77.1;-0.0039;1.0564;
45.93;1;0;0;0;0;0;0;0;0;0;3E5;1C7;3.2;39.9;43.5;14.6;5.5;77.1;-0.0039;1.0566;
46.18;1;0;0;0;0;0;0;0;0;0;3E2;1C7;3.2;39.9;49.5;14.6;5.5;77.1;0.0199;1.0564;
46.43;1;0;0;0;0;0;0;0;0;0;3EE;1C7;3.2;39.6;52.5;14.6;5.5;77.1;0.0554;1.0564;
46.68;1;0;0;0;0;0;1;0;0;0;3DE;1C7;3.2;39.6;65.5;14.6;5.5;77.1;0.0910;1.0564;
46.93;1;0;0;0;0;0;1;0;0;0;3FA;1C7;3.2;40.1;70.5;14.5;5.5;77.1;0.0870;1.0564;
47.18;1;0;0;0;0;0;1;0;0;0;408;1C7;3.2;40.9;67.5;14.5;5.5;77.1;0.0910;1.0564;
47.43;1;0;0;0;0;0;0;0;0;0;40B;1C7;3.2;40.9;69.5;14.5;5.5;77.1;0.1028;1.0560;
47.68;1;0;0;0;0;0;0;0;0;0;414;1C7;3.2;41.6;72.0;14.5;5.5;77.1;0.1187;1.0560;
47.93;1;0;0;0;0;0;0;0;0;0;41C;1C7;3.2;42.1;97.0;14.5;5.5;77.1;0.1464;1.0560;
48.18;1;0;0;0;0;0;0;0;0;0;421;1C7;3.2;42.1;104.0;14.5;5.5;77.1;0.1424;1.0560;
48.43;1;0;0;0;0;0;0;0;0;0;426;1C7;3.2;42.1;111.5;14.5;5.5;77.1;0.1424;1.0560;
48.68;1;0;0;0;0;0;FFFFFFFF;0;0;0;445;1C7;3.2;42.5;111.5;14.5;5.5;77.1;0.1464;1.0560;
48.93;1;0;0;0;1;FFFFFFFF;FFFFFFFF;0;FFFFFFFF;1;43F;1C7;3.2;42.4;113.0;14.5;5.5;77.1;0.1503;1.0560;
49.18;1;0;0;0;1;FFFFFFFF;FFFFFFFE;FFFFFFFF;FFFFFFFF;1;449;1C7;3.2;42.4;119.0;14.5;5.5;77.1;0.1464;1.0560;
49.43;1;0;0;0;1;FFFFFFFE;FFFFFFFD;FFFFFFFF;FFFFFFFE;2;443;1C7;3.2;42.8;113.5;14.5;5.5;77.1;0.1266;1.0557;
49.68;1;0;0;0;1;FFFFFFFE;FFFFFFFD;FFFFFFFF;FFFFFFFE;2;45D;1C7;3.2;42.8;67.0;14.5;5.5;77.1;-0.0038;1.0557;
49.93;1;0;0;0;1;FFFFFFFE;FFFFFFFE;FFFFFFFF;FFFFFFFE;2;448;1C7;3.2;43.3;47.5;14.5;5.5;77.1;-0.0039;1.0557;
50.18;1;0;0;0;1;FFFFFFFF;FFFFFFFE;FFFFFFFF;FFFFFFFF;1;40E;1C7;3.2;43.1;46.0;14.5;5.5;77.1;-0.0039;1.0557;
50.43;1;0;0;0;1;FFFFFFFF;FFFFFFFF;0;FFFFFFFF;1;401;1C7;3.2;43.1;43.0;14.5;5.5;77.1;-0.0039;1.0511;
50.70;1;0;0;0;1;0;FFFFFFFF;0;0;0;41B;1C7;3.2;43.4;14.5;14.5;5.5;77.1;-0.0039;0.9455;
50.95;1;0;0;0;1;0;0;0;0;0;3FA;1C7;3.2;43.1;20.5;14.5;5.5;77.1;-0.0039;0.7840;
51.20;1;0;0;0;1;0;0;0;0;0;3DB;1C7;3.2;43.1;26.5;14.5;5.5;77.1;-0.0039;0.4182;
51.45;1;0;0;0;1;0;0;0;0;0;3DD;1C7;3.2;42.7;27.0;14.5;5.5;77.1;-0.0039;0.2645;
51.70;1;0;0;0;1;0;0;0;0;0;3DD;1C7;3.2;42.7;26.5;14.5;5.5;77.1;-0.0039;0.0732;
51.95;1;1;0;0;1;1;1;1;1;1;3D9;1C7;3.2;41.8;27.5;14.5;5.5;77.1;-0.0039;-0.1450;
52.20;1;1;0;0;1;1;1;1;1;1;3DA;1C7;3.2;41.1;26.5;14.5;5.5;77.1;-0.0039;-0.4916;
52.45;1;1;0;0;1;2;1;1;1;1;3D4;1C7;3.2;41.1;31.0;14.5;5.5;77.1;-0.0039;-0.6687;
52.70;1;1;0;0;1;2;1;1;1;1;3D2;1C7;3.2;41.1;34.5;14.5;5.5;77.1;-0.0039;-0.8201;
52.95;1;1;0;0;1;1;1;1;1;1;3D6;1C7;3.2;41.1;33.0;14.5;5.5;77.1;-0.0039;-0.9168;
53.20;1;1;0;0;1;1;1;1;1;1;3CB;1C7;3.2;40.9;37.0;14.4;5.5;77.1;-0.0039;-1.0248;
53.45;1;1;0;0;1;1;1;1;1;1;3CF;1C7;3.2;40.9;46.0;14.5;5.5;77.1;-0.0038;-1.0248;
53.70;1;1;0;0;1;2;1;1;1;1;3DA;1C7;3.2;40.7;43.5;14.5;5.5;77.1;-0.0039;-1.0248;
53.95;1;1;0;0;1;2;1;1;1;1;3E0;1C7;3.2;39.6;40.5;14.5;5.5;77.1;-0.0039;-1.0248;
54.20;1;1;0;0;1;1;1;1;1;1;3E4;1C7;3.2;39.6;38.0;14.5;5.5;77.1;-0.0039;-1.0244;
54.45;1;1;0;0;1;1;0;1;0;0;3E5;1C7;3.2;39.9;34.5;14.5;5.5;77.1;-0.0039;-1.0241;
54.70;1;1;0;0;2;0;0;0;0;0;3EA;1C7;3.2;40.4;30.5;14.5;5.5;77.1;-0.0039;-1.0237;
54.95;1;1;0;0;2;0;0;0;0;0;3EE;1C7;3.2;40.4;25.0;14.5;5.5;77.1;-0.0039;-1.0230;
55.20;1;1;0;0;2;0;0;0;0;0;3E3;1C7;3.2;40.4;23.0;14.5;5.5;77.1;-0.0039;-1.0221;
55.45;1;1;0;0;2;0;0;0;0;0;3E0;1C7;3.2;40.4;22.5;14.5;5.5;77.1;-0.0039;-1.0217;
55.71;1;1;0;0;2;0;0;0;0;0;3DD;1C7;3.2;40.8;23.0;14.5;5.5;77.1;-0.0039;-1.0214;
55.96;1;1;0;0;2;0;0;0;0;0;3DE;1C7;3.2;41.0;21.5;14.5;5.5;77.1;-0.0039;-1.0209;
56.21;1;1;0;0;2;0;0;0;0;0;3DF;1C7;3.2;41.0;19.0;14.5;5.5;77.1;-0.0039;-1.0203;
56.46;1;0;0;0;2;0;0;0;0;0;3B4;1C7;3.2;40.9;40.0;14.5;5.5;77.1;-0.0039;-1.0187;
56.71;1;0;0;0;2;0;0;0;0;0;3C6;1C7;3.2;40.9;39.5;14.5;5.5;77.1;0.0001;-0.9905;
56.96;1;0;0;0;2;0;0;0;0;0;410;1C7;3.2;40.7;67.5;14.5;5.5;77.1;0.1384;-0.9347;
57.21;1;0;0;0;2;0;0;0;0;0;424;1C7;3.2;40.7;62.0;14.5;5.5;77.1;0.1384;-0.6523;
57.46;1;0;0;0;2;0;0;0;0;0;432;1C7;3.2;40.7;78.0;14.5;5.5;77.1;0.1503;-0.5473;
57.71;1;0;0;0;2;0;0;0;0;0;436;1C7;3.2;40.8;77.5;14.5;5.5;77.1;0.1542;-0.4425;
57.96;1;0;0;0;2;0;0;0;0;0;426;1C7;3.2;40.8;99.0;14.5;5.5;77.1;0.1582;-0.3466;
58.21;1;0;0;0;2;0;0;0;0;0;446;1C7;3.2;41.0;97.0;14.5;5.5;77.1;0.1582;-0.1384;
58.46;1;0;0;0;2;FFFFFFFF;0;0;0;0;46C;1C7;3.2;41.0;71.0;14.5;5.5;77.1;0.1423;0.0066;
58.71;1;0;0;0;2;FFFFFFFF;FFFFFFFF;FFFFFFFF;FFFFFFFF;1;44F;1C7;3.2;41.6;72.0;14.5;5.5;77.1;0.1424;0.1591;
58.96;1;0;0;0;2;FFFFFFFF;FFFFFFFF;FFFFFFFF;FFFFFFFF;1;43E;1C7;3.2;40.9;71.5;14.5;5.5;77.1;0.1424;0.2736;
59.21;1;0;0;0;2;FFFFFFFF;0;0;FFFFFFFF;0;43B;1C7;3.2;40.9;80.0;14.5;5.5;77.1;0.1542;0.5741;
59.46;1;0;0;0;2;0;0;0;0;0;42D;1C7;3.2;40.8;91.0;14.5;5.5;77.1;0.1542;0.6633;
59.71;1;0;0;0;2;0;0;0;0;0;43B;1C7;3.2;40.7;100.0;14.5;5.5;77.1;0.1582;0.7132;
59.96;1;0;0;0;2;0;0;0;0;0;45E;1C7;3.2;40.7;97.5;14.5;5.5;77.1;0.1780;0.7624;
60.21;1;0;0;0;2;0;0;0;0;0;463;1C7;3.2;40.7;103.5;14.5;5.5;77.1;0.1819;0.8481;
60.46;1;0;0;0;2;FFFFFFFF;FFFFFFFF;0;FFFFFFFF;1;466;1C7;3.2;40.7;105.5;14.5;5.5;77.1;0.1780;0.9345;
60.73;1;0;0;0;2;FFFFFFFF;FFFFFFFF;0;FFFFFFFF;1;461;1C7;3.2;41.2;106.0;14.6;5.5;77.1;0.1780;1.0480;
60.98;1;0;0;0;3;FFFFFFFF;FFFFFFFF;FFFFFFFF;FFFFFFFF;1;468;1C7;3.2;41.2;109.0;14.6;5.5;77.1;0.1780;1.0539;
61.23;1;0;0;0;3;FFFFFFFF;FFFFFFFE;FFFFFFFF;FFFFFFFF;1;46F;1C7;3.2;41.4;107.5;14.6;5.5;77.1;0.1780;1.0552;
61.48;1;0;0;0;3;FFFFFFFF;FFFFFFFE;FFFFFFFF;FFFFFFFF;1;47A;1C7;3.2;41.4;67.5;14.6;5.5;77.1;0.0673;1.0545;
61.73;1;0;0;0;3;FFFFFFFF;FFFFFFFF;FFFFFFFF;FFFFFFFF;1;430;1C7;3.2;41.5;55.5;14.6;5.5;77.1;-0.0038;1.0541;
61.98;1;0;0;0;3;FFFFFFFF;FFFFFFFF;0;FFFFFFFF;1;3DC;1C7;3.2;41.3;71.0;14.6;5.5;77.1;-0.0038;1.0541;
62.23;1;0;0;0;3;0;FFFFFFFF;0;0;0;3B9;1C7;3.2;41.3;92.0;14.6;5.5;77.1;0.0357;1.0552;
62.48;1;0;0;0;3;0;FFFFFFFF;0;0;0;3E2;1C7;3.2;41.2;92.5;14.6;5.5;77.1;0.0555;1.0557;
62.73;1;0;0;0;3;0;0;0;0;0;411;1C7;3.2;40.7;76.0;14.6;5.5;77.1;0.0634;1.0559;
62.98;1;0;0;0;3;0;0;0;0;0;3E9;1C7;3.2;40.7;84.5;14.6;5.5;77.1;0.0752;1.0559;
63.23;1;0;0;0;3;0;0;0;0;0;3EF;1C7;3.2;40.8;87.5;14.6;5.5;77.1;0.0792;1.0559;
63.48;1;0;0;0;3;0;0;0;0;0;3F4;1C7;3.2;40.8;87.0;12.6;5.5;77.1;0.0792;1.0559;
63.73;1;0;0;0;3;0;0;0;0;0;3F6;1C7;3.2;41.3;87.5;11.8;5.5;77.1;0.0792;1.0559;
63.98;1;0;0;0;3;0;0;0;0;0;3F6;1C7;3.2;41.2;90.0;11.8;5.5;77.1;0.0831;1.0555;
64.23;1;0;0;0;3;0;0;0;0;0;3FD;1C7;3.2;41.2;89.5;11.8;5.5;77.1;0.0871;1.0546;
64.48;1;0;0;0;3;0;0;0;0;0;405;1C7;3.2;41.3;80.0;11.8;5.5;77.1;0.0871;1.0543;
64.73;1;0;0;0;3;0;0;0;0;0;3F1;1C7;3.2;41.0;87.5;11.8;5.5;77.1;0.0950;1.0541;
64.98;1;0;0;0;3;0;FFFFFFFF;0;FFFFFFFF;0;3FA;1C7;3.2;41.0;99.5;11.8;5.5;77.1;0.1069;1.0539;
65.23;1;0;0;0;3;FFFFFFFF;FFFFFFFF;0;FFFFFFFF;1;40A;1C7;3.2;41.0;95.0;11.8;5.5;77.1;0.1108;1.0530;
65.48;1;0;0;0;3;FFFFFFFF;FFFFFFFF;0;FFFFFFFF;1;40C;1C7;3.2;41.0;96.0;11.8;5.5;77.1;0.1108;1.0523;
65.74;1;0;0;0;3;FFFFFFFF;FFFFFFFF;FFFFFFFF;FFFFFFFF;1;40F;1C7;3.2;41.0;95.5;11.8;5.5;77.1;0.1108;1.0518;
65.99;1;0;0;0;3;FFFFFFFF;FFFFFFFF;0;FFFFFFFF;1;40D;1C7;3.2;41.0;95.0;11.8;5.5;77.1;0.1148;1.0512;
66.24;1;0;0;0;3;FFFFFFFF;FFFFFFFF;0;FFFFFFFF;1;410;1C7;3.2;40.9;93.5;11.8;5.5;77.1;0.1147;1.0507;
66.49;1;0;0;0;3;0;FFFFFFFF;0;0;0;3FF;1C7;3.2;40.9;104.5;11.8;5.5;77.1;0.1148;1.0507;
66.74;1;0;0;0;3;0;0;0;0;0;408;1C7;3.2;40.9;106.5;11.8;5.5;77.1;0.1187;1.0505;
66.99;1;0;0;0;3;0;0;0;0;0;42A;1C7;3.2;40.4;78.5;11.7;5.5;77.1;-0.0038;1.0246;
67.24;1;0;0;0;4;FFFFFFFF;0;0;0;0;498;1C7;3.2;40.4;0.5;11.7;5.5;77.1;-0.0039;0.8727;
67.49;1;0;0;0;4;1;2;1;1;1;40B;1C7;3.2;39.9;6.5;11.7;5.5;77.1;-0.0039;0.7634;
67.74;1;1;0;0;4;1;1;1;2;2;3DA;1C7;3.2;39.3;15.5;11.7;5.5;77.1;-0.0039;0.5714;
67.99;1;1;0;0;4;0;0;1;1;1;3CC;1C7;3.2;39.3;19.5;11.7;5.5;77.1;-0.0039;0.2205;
68.24;1;1;0;0;4;0;0;0;0;0;3C8;1C7;3.2;41.0;20.0;11.6;5.5;77.1;-0.0039;0.0675;
68.49;1;1;0;0;4;0;0;0;0;0;3CA;1C7;3.2;40.3;20.0;11.6;5.5;77.1;-0.0039;-0.1084;
68.74;1;1;0;0;4;1;0;0;0;0;3C6;1C7;3.2;40.3;20.0;11.6;5.5;77.1;-0.0039;-0.2462;
68.99;1;1;0;0;4;1;1;1;1;1;3C4;1C7;3.2;40.0;23.0;11.6;5.5;77.1;-0.0039;-0.5816;
69.24;1;1;0;0;4;2;1;2;1;1;3C0;1C7;3.2;40.0;25.0;11.6;5.5;77.1;-0.0039;-0.7097;
69.49;1;1;0;0;4;2;1;2;1;1;3C7;1C7;3.2;39.5;25.0;11.6;5.5;77.1;-0.0039;-0.7795;
69.74;1;1;0;0;4;2;1;2;1;2;3CA;1C7;3.2;39.5;22.5;11.6;5.5;77.1;-0.0039;-0.8216;
69.99;1;1;0;0;4;2;1;2;1;2;3C9;1C7;3.2;39.0;21.5;11.6;5.5;77.1;-0.0039;-0.8759;
70.24;1;1;0;0;4;2;1;1;1;1;3CB;1C7;3.2;39.0;20.0;11.6;5.5;77.1;-0.0039;-0.8958;
70.49;1;1;0;0;4;1;1;1;1;1;3C5;1C7;3.2;39.2;21.5;11.6;5.5;77.1;-0.0039;-0.9159;
70.75;1;1;0;0;4;1;1;1;1;1;3C2;1C7;3.3;39.2;24.0;11.6;5.5;77.1;-0.0039;-0.9491;
71.00;1;1;0;0;4;1;1;1;0;1;3C1;1C7;3.3;39.2;24.0;11.6;5.5;77.1;-0.0039;-1.0219;
71.25;1;1;0;0;4;1;0;0;0;0;3AF;1C7;3.4;39.6;47.0;11.6;5.5;77.1;-0.0039;-1.0253;
71.50;1;1;0;0;4;1;0;1;0;0;3C2;1C7;3.4;39.7;40.0;11.5;5.5;77.1;-0.0039;-1.0253;
71.75;1;1;0;0;5;1;1;1;0;1;3BF;1C7;3.4;39.7;40.0;11.5;5.5;77.1;-0.0039;-1.0251;
72.00;1;1;0;0;5;1;1;1;1;1;3C3;1C7;3.5;39.7;39.5;11.6;5.5;77.1;-0.0039;-1.0251;
72.25;1;1;0;0;5;1;1;1;1;1;3BD;1C7;3.5;39.7;41.5;11.6;5.5;77.1;-0.0039;-1.0251;
72.50;1;1;0;0;5;1;1;1;1;1;3C0;1C7;3.5;37.9;41.0;11.7;5.5;77.1;-0.0039;-1.0249;
72.75;1;1;0;0;5;1;1;1;1;1;3BA;1C7;3.6;38.0;43.0;11.7;5.5;77.1;-0.0039;-1.0249;
73.00;1;1;0;0;5;1;1;1;1;1;3C2;1C7;3.6;38.0;42.5;11.8;5.5;77.1;-0.0039;-1.0244;
73.25;1;1;0;0;5;2;1;1;1;1;3E7;1C7;3.6;37.9;24.5;11.9;5.5;77.1;-0.0039;-1.0230;
73.50;1;1;0;0;5;2;1;2;1;1;3DC;1C7;3.6;37.9;19.0;11.9;5.5;77.1;-0.0039;-1.0202;
73.75;1;1;0;0;5;2;2;2;1;2;3C9;1C7;3.7;37.7;20.5;12.0;5.5;77.1;-0.0039;-1.0077;
74.00;1;1;0;0;5;2;2;2;1;2;3C1;1C7;3.7;37.7;21.0;12.0;5.5;77.1;-0.0039;-0.9682;
74.25;1;1;0;0;5;3;2;2;1;2;3BA;1C7;3.7;37.6;23.5;12.0;5.5;77.1;-0.0039;-0.9105;
74.50;1;0;0;0;5;3;2;2;2;2;3B1;1C7;3.6;36.8;30.0;12.0;5.5;77.1;-0.0039;-0.7616;
74.75;1;0;0;0;5;3;3;3;2;3;3C2;1C7;3.6;36.8;25.5;12.0;5.5;77.1;-0.0039;-0.5933;
75.00;1;0;0;0;5;3;3;3;3;3;3C7;1C7;3.5;36.4;22.0;12.0;5.5;77.1;-0.0039;-0.3682;
75.25;1;0;0;0;5;4;4;4;4;4;3BE;1C7;3.5;36.4;23.0;14.5;5.5;77.1;-0.0039;-0.2346;
75.50;1;0;0;0;5;4;4;4;4;4;3C2;1C7;3.5;35.6;21.0;14.5;5.5;77.1;-0.0039;-0.1214;
75.77;1;0;0;0;5;5;5;5;5;5;3C0;1C7;3.4;35.3;21.0;14.6;5.5;77.1;-0.0039;-0.0230;
76.02;1;0;0;0;5;5;5;5;5;5;3C0;1C7;3.4;35.3;20.5;14.6;5.5;77.1;-0.0039;0.0869;
76.27;1;0;0;0;5;6;6;6;6;6;3BE;1C7;3.4;35.1;19.5;14.6;5.5;77.1;-0.0039;0.0901;
76.52;1;0;0;0;5;6;6;6;6;6;3BF;1C7;3.3;34.7;19.0;14.6;5.5;77.1;-0.0039;0.0871;
76.77;1;0;0;0;5;7;7;7;7;7;3B9;1C7;3.3;34.7;21.5;14.5;5.5;77.1;-0.0039;0.0869;
77.02;1;0;0;0;5;7;7;7;7;7;3BD;1C7;3.3;34.4;19.5;14.5;5.5;77.1;-0.0039;0.0862;
77.27;1;0;0;0;6;8;8;8;8;8;3C5;1C7;3.3;34.4;16.5;14.5;5.5;77.1;-0.0039;0.0844;
77.52;1;0;0;0;6;8;9;8;9;8;3BA;1C7;3.2;34.2;18.0;14.5;5.5;77.1;-0.0039;0.0693;
77.77;1;1;0;0;6;9;9;9;9;9;3BA;1C7;3.2;34.2;19.5;14.5;5.5;77.1;-0.0039;0.0584;
78.02;1;1;0;0;6;A;A;9;A;9;3BE;1C7;3.2;34.2;17.0;14.5;5.5;77.1;-0.0039;0.0534;
78.27;1;1;0;0;6;A;A;A;A;A;3B5;1C7;3.2;34.2;20.0;14.5;5.5;77.1;-0.0039;0.0483;
78.52;1;1;0;0;6;A;A;A;A;A;3BB;1C7;3.2;34.0;18.5;14.5;5.5;77.1;-0.0039;0.0388;
78.77;1;1;0;0;6;9;A;9;A;A;3B7;1C7;3.2;34.4;19.0;14.5;5.5;77.1;-0.0039;0.0343;
79.02;1;1;0;0;6;9;9;9;9;9;3B9;1C7;3.2;34.4;19.0;14.5;5.5;77.1;-0.0039;0.0341;
79.27;1;1;0;0;6;9;9;9;9;9;3BB;1C7;3.2;34.9;17.5;14.5;5.5;77.1;-0.0039;0.0341;
79.52;1;1;0;0;6;9;9;9;9;9;3B9;1C7;3.2;35.3;18.5;14.5;5.5;77.1;-0.0039;0.0341;
79.77;1;1;0;0;6;9;9;9;9;9;3B6;1C7;3.2;35.3;18.0;14.5;5.5;77.1;-0.0039;0.0341;
80.02;1;1;0;0;6;A;A;A;A;A;3B7;1C7;3.3;35.5;19.0;14.5;5.5;77.1;-0.0039;0.0346;
80.27;1;1;0;0;6;A;A;A;A;A;3B5;1C7;3.3;35.5;19.5;14.4;5.5;77.1;-0.0039;0.0316;
80.52;1;1;0;0;6;9;9;9;9;A;3B4;1C7;3.3;35.7;21.0;14.4;5.5;77.1;-0.0039;0.0027;
80.78;1;1;0;0;6;9;9;9;9;9;3B6;1C7;3.3;36.2;21.0;14.5;5.5;77.1;-0.0039;-0.0526;
81.03;1;1;0;0;6;8;8;8;8;8;3BA;1C7;3.3;36.2;19.0;14.5;5.5;77.1;-0.0039;-0.0821;
81.28;1;1;0;0;6;8;8;8;8;8;3B8;1C7;3.3;36.9;19.0;14.5;5.5;77.1;-0.0039;-0.0743;
81.53;1;1;0;0;6;8;7;7;7;7;3B7;1C7;3.3;37.2;19.5;14.5;5.5;77.1;-0.0039;-0.0641;
81.78;1;1;0;0;6;8;7;8;7;7;3B7;1C7;3.3;37.2;18.0;14.5;5.5;77.1;-0.0039;-0.0559;
82.03;1;1;0;0;6;8;8;8;7;7;3B3;1C7;3.3;37.2;19.5;14.5;5.5;77.1;-0.0039;-0.0480;
82.28;1;1;0;0;6;7;7;7;7;7;3B5;1C7;3.3;37.4;19.0;14.5;5.5;77.1;-0.0039;-0.0448;
82.53;1;1;0;0;6;7;7;7;7;7;3B9;1C7;3.3;37.7;17.0;14.5;5.5;77.1;-0.0039;-0.0368;
82.78;1;1;0;0;6;7;7;7;7;7;3B4;1C7;3.3;37.7;18.5;14.5;5.5;77.1;-0.0039;-0.0211;
83.03;1;1;0;0;6;6;6;6;6;6;3B3;1C7;3.3;37.7;18.5;14.5;5.5;77.1;-0.0039;0.0275;
83.28;1;1;0;0;6;6;6;6;6;6;3B3;1C7;3.3;37.7;20.0;14.5;5.5;77.1;-0.0039;0.0693;
83.53;1;1;0;0;6;5;6;5;6;6;3B4;1C7;3.3;37.5;19.0;14.5;5.5;77.1;-0.0039;0.1356;
83.78;1;1;0;0;6;5;5;5;5;5;3AE;1C7;3.3;37.7;23.0;14.5;5.5;77.1;-0.0039;0.2051;
84.03;1;1;0;0;6;4;5;4;5;5;3AE;1C7;3.3;37.7;24.0;14.5;5.5;77.1;-0.0039;0.3796;
84.28;1;1;0;0;7;4;5;4;5;4;3B3;1C7;3.3;38.1;23.5;14.5;5.5;77.1;-0.0039;0.4470;
84.53;1;1;0;0;7;4;4;4;4;4;3B8;1C7;3.3;38.4;20.5;14.5;5.5;77.1;-0.0039;0.4996;
84.78;1;1;0;0;7;4;4;3;4;4;3AC;1C7;3.3;38.4;25.0;14.5;5.5;77.1;-0.0039;0.5659;
85.03;1;1;0;0;7;4;4;3;4;4;3B6;1C7;3.3;38.2;23.0;14.5;5.5;77.1;-0.0039;0.6412;
85.28;1;1;0;0;7;3;4;3;4;4;3BD;1C7;3.3;38.2;17.5;14.5;5.5;77.1;-0.0039;0.6403;
85.53;1;1;0;0;7;3;4;3;3;3;3BD;1C7;3.4;38.2;16.5;14.5;5.5;77.1;-0.0039;0.6403;
85.80;1;1;0;0;7;3;4;3;3;3;3B5;1C7;3.4;38.5;17.0;14.5;5.5;77.1;-0.0039;0.6402;
86.05;1;1;0;0;7;3;4;3;3;3;3B3;1C7;3.4;38.5;17.5;14.5;5.5;77.1;-0.0039;0.6383;
86.30;1;1;0;0;7;3;4;3;4;3;3B3;1C7;3.5;38.6;16.0;14.5;5.5;77.1;-0.0039;0.6347;
86.55;1;0;0;0;7;3;4;3;4;3;3AE;1C7;3.5;38.6;20.0;14.5;5.5;77.1;-0.0039;0.6306;
86.80;1;0;0;0;7;3;4;3;4;4;3B4;1C7;3.5;39.4;17.0;14.5;5.5;77.1;-0.0039;0.6262;
87.05;1;0;0;0;7;4;5;4;5;4;3B6;1C7;3.5;39.4;14.5;14.5;5.5;77.1;-0.0039;0.6255;
87.30;1;0;0;0;7;4;5;4;5;5;3B6;1C7;3.5;38.7;14.0;14.5;5.5;77.1;-0.0039;0.6171;
87.55;1;0;0;0;7;5;6;4;5;5;3B7;1C7;3.5;38.6;12.0;14.6;5.5;77.1;-0.0039;0.5858;
87.80;1;0;0;0;7;5;6;5;6;5;3B2;1C7;3.5;38.6;12.5;14.6;5.5;77.1;-0.0039;0.5014;
88.05;1;0;0;0;7;6;7;5;6;6;3B0;1C7;3.5;38.2;15.0;14.6;5.5;77.1;-0.0039;0.4670;
88.30;1;0;0;0;7;6;7;6;6;6;3B0;1C7;3.5;37.8;15.0;14.6;5.5;77.1;-0.0039;0.4584;
88.55;1;0;0;0;7;6;7;6;7;6;3AE;1C7;3.5;37.8;16.0;14.6;5.5;77.1;-0.0039;0.4580;
88.80;1;0;0;0;7;6;7;6;7;7;3AE;1C7;3.5;37.9;16.0;14.6;5.5;77.1;-0.0039;0.4580;
89.05;1;0;0;0;7;7;8;6;7;7;3B0;1C7;3.5;37.9;15.5;14.6;5.5;77.1;-0.0039;0.4612;
89.30;1;0;0;0;7;6;7;6;7;7;3B1;1C7;3.5;37.2;15.0;14.6;5.5;77.1;-0.0039;0.4630;
89.55;1;0;0;0;7;7;8;6;8;7;3B1;1C7;3.4;36.7;16.5;14.6;5.5;77.1;-0.0039;0.4628;
89.80;1;0;0;0;7;7;8;7;8;7;3A3;1C7;3.4;36.7;31.5;14.6;5.5;77.1;-0.0039;0.4630;
90.05;1;0;0;0;7;8;9;7;8;8;383;1C7;3.3;36.5;58.5;14.6;5.5;77.1;0.0120;0.4630;
90.30;1;0;0;0;7;8;9;8;9;8;3AD;1C7;3.3;36.5;52.5;14.6;5.5;77.1;0.0515;0.4630;
90.55;1;0;0;0;7;9;A;8;A;9;3AE;1C7;3.3;35.8;54.5;14.6;5.5;77.1;0.0554;0.4630;
90.81;1;0;0;0;7;9;B;9;A;A;39C;1C7;3.3;35.8;71.5;14.6;5.5;77.1;0.0555;0.4573;
91.06;1;0;0;0;7;A;C;A;C;B;3B1;1C7;3.2;35.1;68.0;14.6;5.5;77.1;0.0594;0.4152;
91.31;1;0;0;0;7;B;C;B;C;B;3AF;1C7;3.2;35.6;69.5;14.6;5.5;77.1;0.0673;0.3558;
91.56;1;0;0;0;7;C;E;C;D;D;3B1;1C7;3.2;35.6;70.0;14.6;5.5;77.1;0.0791;0.2983;
91.81;1;0;0;0;7;D;E;D;E;D;3A0;1C7;3.2;35.3;77.0;14.6;5.5;77.1;0.0831;0.2031;
92.06;1;0;0;0;8;E;F;E;F;F;3C3;1C7;3.2;35.3;75.5;14.6;5.5;77.1;0.0910;0.1706;
92.31;1;0;0;0;8;F;10;F;10;F;3EA;1C7;3.2;35.4;63.0;14.6;5.5;77.1;0.1107;0.1377;
92.56;1;0;0;0;8;10;10;10;10;10;415;1C7;3.2;35.5;49.5;14.6;5.5;77.1;0.1581;0.0831;
92.81;0;0;0;0;8;10;10;10;10;10;43C;1C7;3.2;35.5;68.5;14.5;5.5;77.1;0.2293;-0.0037;
93.06;0;0;0;0;8;11;11;11;11;11;46C;1C7;3.2;34.8;63.5;14.5;5.5;77.1;0.2253;-0.0007;
93.31;0;0;0;0;8;12;12;12;12;12;484;1C7;3.2;35.0;60.5;14.5;5.5;77.1;0.2134;-0.0003;
93.56;0;0;0;0;8;12;12;12;12;12;4B0;1C7;3.2;35.0;59.0;14.4;5.5;77.1;0.2055;0.0007;
93.81;0;0;0;0;8;13;13;13;13;13;4C8;1C7;3.2;34.8;49.5;14.4;5.5;77.1;0.1818;0.0062;
94.06;0;0;0;0;8;13;13;13;13;13;48E;1C7;3.2;34.8;-13.5;14.5;5.5;77.1;-0.0001;0.0063;
94.31;0;0;0;0;8;13;13;13;13;13;4D4;1C7;3.2;34.3;-51.0;14.5;5.5;77.1;-0.0001;0.0081;
94.56;0;0;0;0;8;12;12;12;12;12;497;1C7;3.2;34.3;-52.0;14.5;5.5;77.1;0.0355;0.0076;
94.81;0;0;0;0;8;12;11;12;12;12;489;1C7;3.2;35.5;-39.0;14.5;5.5;77.1;0.0909;0.0076;
95.06;0;0;0;0;8;11;12;11;12;12;473;1C7;3.2;35.5;-11.5;14.5;5.5;77.1;0.1027;0.0076;
95.31;0;0;0;0;8;11;11;11;11;11;469;1C7;3.2;35.3;-3.5;14.5;5.5;77.1;0.1146;0.0080;
95.56;0;0;0;0;8;11;11;11;11;11;46E;1C7;3.2;35.2;6.0;14.5;5.5;77.1;0.1383;0.0078;
95.83;0;0;0;0;8;11;11;11;11;12;473;1C7;3.2;35.2;11.0;14.5;5.5;77.1;0.1422;0.0062;
96.08;0;0;0;0;8;12;12;11;12;12;46D;1C7;3.2;35.5;15.5;14.5;5.5;77.1;0.1462;-0.0049;
96.33;0;0;0;0;8;12;12;12;12;12;47D;1C7;3.2;35.3;17.0;14.5;5.5;77.1;0.1462;-0.0087;
96.58;0;0;0;0;8;12;12;12;12;12;492;1C7;3.2;35.3;20.0;14.5;5.5;77.1;0.1462;-0.0063;
96.83;0;0;0;0;8;12;12;12;12;12;49C;1C7;3.2;35.2;19.5;14.5;5.5;77.1;0.1462;-0.0046;
97.08;0;0;0;0;8;12;13;12;12;12;4A4;1C7;3.2;35.2;16.5;14.5;5.5;77.1;0.1343;-0.0044;
97.33;0;0;0;0;8;13;13;13;13;13;4B1;1C7;3.2;35.4;13.0;14.5;5.5;77.1;0.1264;-0.0041;
97.58;0;0;0;0;8;13;13;13;13;13;4C3;1C7;3.2;35.6;11.0;14.5;5.5;77.1;0.1225;-0.0039;
97.83;0;0;0;0;8;13;13;13;13;13;4CC;1C7;3.2;35.6;9.5;14.5;5.5;77.1;0.1225;-0.0034;
98.08;0;0;0;0;8;13;13;13;13;13;4D9;1C7;3.2;35.8;8.5;14.5;5.5;77.1;0.1225;-0.0030;
98.33;0;0;0;0;8;13;13;13;13;13;4E3;1C7;3.2;36.2;8.5;14.5;5.5;77.1;0.1225;-0.0027;
98.58;0;0;0;0;8;14;14;13;13;13;4EF;1C7;3.2;36.2;9.0;14.5;5.5;77.1;0.1225;-0.0027;
98.83;0;0;0;0;8;14;14;14;14;14;4FB;1C7;3.2;36.2;8.0;14.5;5.5;77.1;0.1225;-0.0017;
99.08;0;0;0;0;8;14;14;14;14;14;502;1C7;3.2;35.3;7.5;14.5;5.5;77.1;0.1185;-0.0016;
99.33;0;0;0;0;8;14;14;14;14;14;50A;1C7;3.2;35.3;7.0;14.5;5.5;77.1;0.1185;-0.0010;
99.58;0;0;0;0;8;14;14;14;14;14;518;1C7;3.2;35.3;7.5;14.5;5.5;77.1;0.1185;-0.0009;
99.83;0;0;0;0;8;14;14;14;14;14;523;1C7;3.2;35.1;6.5;14.5;5.5;77.1;0.1185;-0.0003;
100.08;0;0;0;0;8;15;14;14;14;14;52D;1C7;3.2;35.1;6.0;14.5;5.5;77.1;0.1185;0.0000;
100.33;0;0;0;0;8;15;15;15;15;15;52F;1C7;3.2;35.0;7.0;14.5;5.5;77.1;0.1185;0.0076;
100.58;0;0;0;0;8;15;15;15;15;15;53B;1C7;3.2;35.2;6.0;14.5;5.5;77.1;0.1146;0.0081;
100.85;0;0;0;0;8;15;15;15;15;15;542;1C7;3.2;35.2;5.5;14.5;5.5;77.1;0.1146;0.0081;
101.10;0;0;0;0;8;15;15;15;15;15;54D;1C7;3.2;35.2;6.0;14.5;5.5;77.1;0.1106;0.0081;
101.35;0;0;0;0;9;15;15;15;15;15;553;1C7;3.2;35.3;-1.5;14.5;5.5;77.1;0.0909;0.0080;
101.60;0;0;0;0;9;15;15;15;15;15;550;1C7;3.2;35.3;-9.0;14.5;5.5;77.1;0.0236;0.0059;
101.85;0;0;0;0;9;15;15;15;15;15;539;1C7;3.2;35.4;-36.5;14.5;5.5;77.1;-0.0001;0.0049;
102.10;0;0;0;0;9;15;15;14;14;15;52F;1C7;3.2;35.5;-40.0;14.5;5.5;77.1;0.0909;0.0030;
102.35;0;0;0;0;9;14;14;14;14;14;51E;1C7;3.2;35.5;-16.0;14.5;5.5;77.1;0.0948;-0.0005;
102.60;0;0;0;0;9;14;14;14;14;14;516;1C7;3.2;35.5;-4.0;14.5;5.5;77.1;0.0988;0.0027;
102.85;0;0;0;0;9;14;14;14;14;14;51A;1C7;3.2;35.5;-0.5;14.5;5.5;77.1;0.0988;0.0098;
103.10;0;0;0;0;9;14;14;14;14;14;51A;1C7;3.2;35.6;0.0;14.5;5.5;77.1;0.0988;0.0088;
103.35;0;0;0;0;9;14;14;14;14;14;517;1C7;3.2;35.6;0.5;14.5;5.5;77.1;0.0988;0.0088;
103.60;0;0;0;0;9;14;14;14;14;14;516;1C7;3.2;35.7;0.5;14.5;5.5;77.1;0.0988;0.0088;
103.85;0;0;0;0;9;14;14;14;14;14;51A;1C7;3.2;35.7;0.0;14.5;5.5;77.1;0.0988;0.0088;
104.10;0;0;0;0;9;14;14;14;14;14;520;1C7;3.2;35.7;-1.0;14.5;5.5;77.1;0.0948;0.0088;
104.35;0;0;0;0;9;14;14;14;14;14;517;1C7;3.2;36.0;-2.5;14.5;5.5;77.1;0.0948;0.0088;
104.60;0;0;0;0;9;14;14;14;14;14;516;1C7;3.2;36.0;-2.5;14.5;5.5;77.1;0.0948;0.0088;
104.85;0;0;0;0;9;14;14;14;14;14;515;1C7;3.2;36.0;-3.0;14.5;5.5;77.1;0.0948;0.0088;
105.10;0;0;0;0;9;14;14;14;14;14;515;1C7;3.2;36.1;-2.5;14.5;5.5;77.1;0.0948;0.0088;
105.35;0;0;0;0;9;14;14;14;14;14;511;1C7;3.2;36.1;-3.0;14.5;5.5;77.1;0.0948;0.0088;
105.60;0;0;0;0;9;14;14;14;14;14;511;1C7;3.2;36.1;-2.5;14.5;5.5;77.1;0.0948;0.0088;
105.86;0;0;0;0;9;14;14;14;14;14;50D;1C7;3.2;36.1;-3.0;14.5;5.5;77.1;0.0909;0.0088;
106.11;0;0;0;0;9;14;14;14;14;14;50E;1C7;3.2;36.0;-4.0;14.5;5.5;77.1;0.0909;0.0088;
106.36;0;0;0;0;9;14;14;14;14;14;508;1C9;3.2;35.9;-7.5;14.5;5.5;77.1;0.0869;0.0088;
106.61;0;0;0;0;9;14;14;14;14;14;503;1C9;3.2;35.9;-8.0;14.5;5.5;77.1;0.0869;0.0088;
106.86;0;0;0;0;9;14;14;14;14;14;4FA;1C9;3.2;36.0;-8.0;14.5;5.5;77.1;0.0869;0.0088;
107.11;0;0;0;0;9;14;14;14;14;14;4F7;1C9;3.2;36.0;-8.5;14.5;5.5;77.1;0.0869;0.0088;
107.36;0;0;0;0;9;13;13;14;14;14;4F0;1C9;3.2;36.1;-8.0;14.5;5.5;77.1;0.0869;0.0088;
107.61;0;0;0;0;9;13;13;13;13;13;4EB;1C9;3.2;36.1;-8.0;14.5;5.5;77.1;0.0869;0.0088;
107.86;0;0;0;0;9;13;13;13;13;13;4E2;1C9;3.2;36.2;-8.5;14.5;5.5;77.1;0.0869;0.0088;
108.11;0;0;0;0;9;13;13;13;13;13;4DA;1C9;3.2;36.3;-8.5;14.5;5.5;77.1;0.0869;0.0088;
108.36;0;0;0;0;9;13;13;13;13;13;4D2;1C9;3.2;36.3;-8.5;14.5;5.5;77.1;0.0869;0.0088;
108.61;0;0;0;0;9;13;13;13;13;13;4CC;1C9;3.2;36.1;-7.5;14.5;5.5;77.1;0.0869;0.0088;
108.86;0;0;0;0;9;13;13;13;13;13;4C6;1C9;3.2;36.1;-8.0;14.5;5.5;77.1;0.0869;0.0055;
109.11;0;0;0;0;9;13;13;13;13;13;4C2;1C9;3.2;36.2;-8.5;14.5;5.5;77.1;0.0869;-0.0014;
109.36;0;0;0;0;9;12;13;13;13;13;4B8;1C9;3.2;36.2;-8.0;14.5;5.5;77.1;0.0869;-0.0154;
109.61;0;0;0;0;9;13;12;13;13;13;4B2;1C9;3.2;36.2;-8.0;14.5;5.5;77.1;0.0869;-0.0147;
109.86;0;0;0;0;9;13;12;12;12;12;4AB;1C9;3.2;36.1;-9.5;14.5;5.5;77.1;0.0829;-0.0144;
110.11;0;0;0;0;9;12;12;12;12;12;4A0;1C9;3.2;36.3;-9.0;14.5;5.5;77.1;0.0829;-0.0138;
110.36;0;0;0;0;9;12;12;12;12;12;499;1C9;3.2;36.3;-10.0;14.5;5.5;77.1;0.0829;-0.0134;
110.61;0;0;0;0;9;12;12;12;12;12;491;1C9;3.2;36.4;-10.5;14.5;5.5;77.1;0.0829;-0.0127;
110.87;0;0;0;0;9;12;12;12;12;12;483;1C9;3.2;36.4;-10.0;14.5;5.5;77.1;0.0829;-0.0115;
111.12;0;0;0;0;9;12;12;12;12;12;47F;1C9;3.2;36.2;-10.5;14.5;5.5;77.1;0.0869;-0.0066;
111.37;0;0;0;0;9;12;12;12;12;12;475;1C9;3.2;36.2;-9.0;14.5;5.5;77.1;0.0869;0.0024;
111.62;0;0;0;0;9;12;11;11;11;12;46F;1C9;3.2;36.3;-8.0;14.5;5.5;77.1;0.0869;0.0087;
111.87;0;0;0;0;9;11;11;11;11;11;46C;1C9;3.2;36.3;-8.0;14.5;5.5;77.1;0.0909;0.0087;
112.12;0;0;0;0;9;11;11;11;11;11;468;1C9;3.2;36.2;-6.0;14.5;5.5;77.1;0.1027;0.0087;
112.37;0;0;0;0;9;11;11;11;11;11;464;1C9;3.2;36.4;1.0;14.5;5.5;77.1;0.1383;0.0081;
112.62;0;0;0;0;9;11;11;11;11;11;46C;1C9;3.2;36.4;13.0;14.5;5.5;77.1;0.1936;0.0046;
112.87;0;0;0;0;9;12;11;11;11;11;492;1C9;3.2;36.5;37.0;14.5;5.5;77.1;0.2332;0.0000;
113.12;0;0;0;0;9;12;12;12;12;12;494;1C9;3.2;36.2;55.0;14.5;5.5;77.1;0.2530;-0.0031;
113.37;0;0;0;0;9;13;13;13;13;13;4C7;1C9;3.2;36.2;73.0;14.5;5.5;77.1;0.2530;-0.0053;
113.62;0;0;0;0;9;14;14;14;14;14;4EC;1C9;3.2;35.8;78.5;14.5;5.5;77.1;0.2530;-0.0049;
113.87;0;0;0;0;9;14;14;14;14;14;524;1C9;3.2;35.8;81.5;14.5;5.5;77.1;0.2569;-0.0039;
114.12;0;0;0;0;9;15;15;15;15;15;54C;1C9;3.2;35.7;81.5;14.5;5.5;77.1;0.2569;-0.0034;
114.37;0;0;0;0;9;16;16;16;16;16;583;1C9;3.2;35.2;82.5;14.5;5.5;77.1;0.2569;-0.0027;
114.62;0;0;0;0;9;17;16;17;17;17;5A9;1C9;3.2;35.2;81.0;14.5;5.5;77.1;0.2530;0.0081;
114.87;0;0;0;0;A;17;17;17;17;17;5DD;1C9;3.2;35.0;79.5;14.5;5.5;77.1;0.2530;0.0119;
115.12;0;0;0;0;A;18;18;18;18;18;5FF;1C9;3.2;34.9;80.0;14.5;5.5;77.1;0.2569;0.0131;
115.37;0;0;0;0;A;18;19;18;19;18;632;1C9;3.2;34.9;80.5;14.6;5.5;77.1;0.2569;0.0142;
115.62;0;0;0;0;A;19;1A;19;19;19;658;1C9;3.2;34.9;81.0;14.6;5.5;77.1;0.2569;0.0270;
115.88;0;0;0;0;A;1A;1A;1A;1A;1A;685;1C9;3.2;34.5;80.0;14.6;5.5;77.1;0.2530;0.0270;
116.13;0;0;0;0;A;1B;1B;1B;1B;1B;6A8;1C9;3.2;34.2;76.0;14.5;5.5;77.1;0.2450;0.0268;
116.38;0;0;0;0;A;1B;1B;1B;1B;1B;6DA;1C9;3.2;34.2;69.0;14.5;5.5;77.1;0.2371;0.0250;
116.63;0;0;0;0;A;1C;1C;1C;1C;1C;6FF;1C9;3.2;33.9;65.5;14.5;5.5;77.1;0.2332;0.0169;
116.88;0;0;0;0;A;1C;1D;1C;1D;1D;735;1C9;3.2;33.9;62.5;14.6;5.5;77.1;0.2292;0.0112;
117.13;0;0;0;0;A;1D;1D;1D;1E;1D;757;1C9;3.2;33.6;61.0;14.5;5.5;77.1;0.2253;0.0098;
117.38;1;0;0;0;A;1E;1E;1D;1E;1E;71E;1C9;3.2;33.6;-57.0;14.5;5.5;77.1;-0.0001;0.0069;
117.63;1;0;0;0;A;1E;1E;1E;1E;1E;60D;1C9;3.2;33.6;-53.0;14.5;5.5;77.1;-0.0001;0.0003;
117.88;1;0;0;0;A;1E;1E;1E;1E;1E;425;1C9;3.2;34.0;-44.0;14.5;5.5;77.1;-0.0001;0.0003;
118.13;1;0;0;0;A;1E;1E;1E;1E;1E;396;1C9;3.2;33.8;3.5;14.5;5.5;77.1;0.0395;0.0007;
118.38;1;0;0;0;A;1E;1E;1E;1E;1E;4F2;1C9;3.2;33.8;29.5;14.5;5.5;77.1;0.1778;0.0007;
118.63;0;0;0;0;A;1E;1E;1E;1E;1E;4BD;1C9;3.2;34.4;37.5;14.3;5.5;77.1;0.1778;0.0017;
118.88;0;0;0;0;A;1E;1E;1E;1E;1F;493;1C9;3.2;34.4;-13.5;14.4;5.5;77.1;-0.0001;0.0017;
119.13;0;0;0;0;A;1E;1E;1E;1E;1E;4B6;1C9;3.2;34.1;-38.5;14.4;5.5;77.1;-0.0001;0.0021;
119.38;0;0;0;0;A;1E;1E;1E;1E;1E;4AA;1C9;3.2;34.6;-60.0;14.5;5.5;77.1;-0.0001;0.0021;
119.63;0;0;0;0;A;1E;1E;1E;1E;1E;4A4;1C9;3.2;34.6;-61.0;14.5;5.5;77.1;-0.0001;0.0021;
119.88;0;0;0;0;A;1D;1D;1D;1D;1D;493;1C9;3.2;34.6;-61.5;14.5;5.5;77.1;-0.0001;0.0023;
120.13;0;0;0;0;A;1D;1D;1D;1D;1D;487;1C9;3.2;34.8;-61.5;14.5;5.5;77.1;-0.0001;0.0024;
120.38;0;0;0;0;A;1D;1D;1D;1D;1D;464;1C9;3.2;35.2;-61.5;14.5;5.5;77.1;-0.0001;0.0024;
120.63;0;0;0;0;A;1C;1C;1C;1C;1C;46C;1C9;3.2;35.2;-61.5;14.5;5.5;77.1;-0.0001;0.0078;
120.90;0;0;0;0;A;1C;1C;1C;1C;1C;45F;1C9;3.2;35.3;-61.5;14.5;5.5;77.1;-0.0001;0.0094;
121.15;0;0;0;0;A;1C;1C;1C;1C;1C;455;1C9;3.2;35.8;-61.5;14.5;5.5;77.1;-0.0001;0.0092;
121.40;0;0;0;0;A;1C;1C;1B;1B;1B;448;1C9;3.2;35.8;-61.5;14.5;5.5;77.1;-0.0001;0.0024;
121.65;0;0;0;0;A;1B;1B;1B;1B;1B;43C;1C9;3.2;36.0;-62.0;14.5;5.5;77.1;-0.0001;0.0017;
121.90;0;0;0;0;A;1B;1B;1B;1B;1B;432;1C9;3.2;35.9;-62.0;14.5;5.5;77.1;-0.0001;0.0017;
122.15;0;0;0;0;A;1B;1B;1B;1B;1B;42B;1C9;3.2;35.9;-62.0;14.5;5.5;77.1;-0.0001;0.0024;
122.40;0;0;0;0;A;1A;1A;1A;1A;1A;416;1C9;3.2;36.6;-62.0;14.5;5.5;77.1;-0.0001;0.0027;
122.65;0;0;0;0;A;1A;1A;1A;1A;1A;410;1C9;3.2;36.6;-62.0;14.5;5.5;77.1;-0.0001;0.0028;
122.90;0;0;0;0;A;1A;1A;19;19;1A;3FA;1C9;3.2;36.5;-52.0;14.5;5.5;77.1;-0.0001;0.0034;
123.15;0;0;0;0;A;19;19;19;19;19;3F2;1C9;3.2;37.1;-39.5;14.5;5.5;77.1;-0.0001;0.0053;
123.40;1;0;0;0;A;19;19;19;19;19;3E5;1C9;3.2;37.1;-21.0;14.5;5.5;77.1;-0.0000;0.0066;
123.65;1;0;0;0;A;19;19;19;19;19;37C;1C9;3.2;36.7;23.0;14.5;5.5;77.1;-0.0039;0.0094;
123.90;1;0;0;0;A;19;19;19;19;19;396;1C9;3.2;36.7;14.0;14.5;5.5;77.1;-0.0039;0.0195;
124.15;1;0;0;0;A;18;19;18;19;19;396;1C9;3.2;36.7;12.0;14.5;5.5;77.1;-0.0039;0.0314;
124.40;1;0;0;0;A;18;18;18;18;18;3F9;1C9;3.2;36.7;-28.5;14.5;5.5;77.1;-0.0000;0.0441;
124.65;1;0;0;0;A;17;17;17;17;17;455;1C9;3.2;36.6;-64.0;14.5;5.5;77.1;-0.0001;0.0576;
124.90;1;0;0;0;A;15;16;15;16;16;50D;1C9;3.2;37.4;-65.0;14.5;5.5;77.1;-0.0001;0.0725;
125.15;1;0;0;0;A;15;14;15;15;15;554;1C9;3.2;37.4;-64.5;14.5;5.5;77.1;-0.0001;0.0841;
125.40;1;0;0;0;A;14;14;14;14;14;513;1C9;3.2;38.1;-53.5;14.5;5.5;77.1;0.0315;0.1145;
125.65;0;0;0;0;A;13;13;13;13;13;4E9;1C9;3.2;38.1;-23.0;14.5;5.5;77.1;0.0750;0.1386;
125.91;0;0;0;0;A;12;13;12;13;13;4B4;1C9;3.2;38.3;-8.5;14.5;5.5;77.1;0.1541;0.1628;
126.16;0;0;0;0;A;12;13;12;13;12;49A;1C9;3.2;39.0;15.0;14.5;5.5;77.1;0.1739;0.1973;
126.41;0;0;0;0;A;11;13;11;12;12;49A;1C9;3.2;39.0;25.0;14.5;5.5;77.1;0.1818;0.2510;
126.66;0;0;0;0;A;11;13;11;12;12;489;1C9;3.2;39.1;35.5;14.5;5.5;77.1;0.2095;0.2795;
126.91;0;0;0;0;A;11;13;11;13;12;474;1C9;3.2;39.6;45.5;14.5;5.5;77.1;0.2134;0.3016;
127.16;0;0;0;0;A;11;13;11;13;12;48A;1C9;3.2;39.6;53.5;14.5;5.5;77.1;0.2292;0.3295;
127.41;0;0;0;0;A;11;13;11;13;12;483;1C9;3.2;40.1;60.0;14.5;5.5;77.1;0.2332;0.3663;
127.66;0;0;0;0;A;11;13;11;13;12;478;1C9;3.2;40.1;71.0;14.5;5.5;77.1;0.2530;0.3755;
127.91;0;0;0;0;A;11;13;11;13;12;483;1C9;3.2;41.1;78.0;14.5;5.5;77.1;0.2727;0.3757;
128.16;0;0;0;0;A;11;13;11;13;12;489;1C9;3.2;41.1;93.0;14.5;5.5;77.1;0.2886;0.3757;
128.41;0;0;0;0;A;11;13;11;13;12;48E;1C9;3.2;41.8;101.0;14.5;5.5;77.1;0.3004;0.3741;
128.66;0;0;0;0;A;11;13;11;13;12;49E;1C9;3.2;41.8;113.5;14.5;5.5;77.1;0.3202;0.3716;
128.91;0;0;0;0;B;12;14;11;13;12;4B4;1C9;3.2;42.5;122.5;14.5;5.5;77.1;0.3400;0.3588;
129.16;0;0;0;0;B;12;14;12;14;13;4DF;1C9;3.2;42.2;136.5;14.5;5.5;77.1;0.3518;0.3371;
129.41;0;0;0;0;B;13;14;13;14;14;4FC;1C9;3.2;42.2;142.5;14.5;5.5;77.1;0.3518;0.2768;
129.66;0;0;0;0;B;14;15;14;15;14;52E;1C9;3.2;41.8;146.5;14.5;5.5;77.1;0.3518;0.2268;
129.91;0;0;0;0;B;14;15;14;15;15;54D;1C9;3.2;41.8;148.0;14.5;5.5;77.1;0.3518;0.1879;
130.16;0;0;0;0;B;15;16;15;16;15;574;1C9;3.2;41.8;145.5;14.5;5.5;77.1;0.3518;0.1520;
130.41;0;0;0;0;B;15;16;15;16;16;589;1C9;3.2;40.9;144.5;14.5;5.5;77.1;0.3400;0.1125;
130.66;0;0;0;0;B;16;17;16;17;16;5AC;1C9;3.2;40.9;138.0;14.5;5.5;77.1;0.3360;0.0887;
130.92;0;0;0;0;B;17;17;17;17;17;5B6;1C9;3.2;40.4;130.0;14.5;5.5;77.1;0.3202;0.0657;
131.17;0;0;0;0;B;17;17;17;17;17;5C9;1C9;3.2;39.7;126.5;14.5;5.5;77.1;0.3202;0.0330;
131.42;0;0;0;0;B;17;17;17;17;17;5D6;1C9;3.2;39.7;125.0;14.5;5.5;77.1;0.3202;0.0131;
131.67;0;0;0;0;B;17;17;17;17;17;5DC;1C9;3.2;38.3;123.0;14.5;5.5;77.1;0.3202;0.0130;
131.92;0;0;0;0;B;17;17;17;17;17;5E6;1C9;3.2;37.1;121.5;14.5;5.5;77.1;0.3163;0.0105;
132.17;0;0;0;0;B;17;17;18;18;17;5EF;1C9;3.2;37.1;117.0;14.5;5.5;77.1;0.3004;-0.0020;
132.42;0;0;0;0;B;17;17;17;17;17;5E3;1C9;3.2;37.1;107.0;14.5;5.5;77.1;0.2807;-0.0181;
132.67;0;0;0;0;B;17;17;17;17;17;5DD;1C9;3.2;35.8;98.5;14.5;5.5;77.1;0.2807;-0.0127;
132.92;0;0;0;0;B;17;17;17;17;17;5C9;1C9;3.2;34.4;98.0;14.5;5.5;77.1;0.2767;-0.0119;
133.17;0;0;0;0;B;17;17;17;17;17;5BD;1C9;3.2;34.4;96.5;14.5;5.5;77.1;0.2846;-0.0117;
133.42;0;0;0;0;B;17;16;17;17;17;5B4;1C9;3.2;33.8;99.5;14.5;5.5;77.1;0.2925;-0.0076;
133.67;0;0;0;0;B;16;16;16;17;16;5AC;1C9;3.2;33.8;104.0;14.5;5.5;77.1;0.2925;-0.0060;
133.92;0;0;0;0;B;16;16;16;16;16;59B;1C9;3.2;32.6;105.0;14.5;5.5;77.1;0.2846;-0.0051;
134.17;0;0;0;0;B;16;16;16;16;16;58B;1C9;3.2;32.0;98.5;14.5;5.5;77.1;0.2807;-0.0044;
134.42;0;0;0;0;B;16;16;16;16;16;579;1C9;3.2;32.0;97.5;14.5;5.5;77.1;0.2727;-0.0044;
134.67;0;0;0;0;B;15;15;15;15;16;566;1C9;3.2;31.8;92.5;14.5;5.5;77.1;0.2688;-0.0039;
134.92;0;0;0;0;B;15;15;15;15;15;55A;1C9;3.2;31.4;89.5;14.5;5.5;77.1;0.2648;-0.0039;
135.17;0;0;0;0;B;15;15;15;15;15;53F;1C9;3.2;31.4;90.0;14.6;5.5;77.1;0.2648;-0.0039;
135.42;0;0;0;0;B;15;14;14;14;14;52A;1C9;3.2;31.4;85.5;14.6;5.5;77.1;0.2490;-0.0037;
135.67;0;0;0;0;B;14;14;14;14;14;502;1C9;3.2;31.4;58.0;14.5;5.5;77.1;0.2095;-0.0037;
135.93;0;0;0;0;B;13;13;13;13;13;4EB;1C9;3.2;31.7;48.5;14.5;5.5;77.1;0.1976;-0.0037;
136.18;0;0;0;0;B;13;13;13;13;13;4B6;1C9;3.2;31.8;35.0;14.6;5.5;77.1;0.0000;-0.0037;
136.43;1;0;0;0;B;11;11;11;11;12;461;1C9;3.2;31.8;-55.0;14.6;5.5;77.1;-0.0001;-0.0041;
136.68;1;0;0;0;B;11;11;11;11;11;37B;1C9;3.2;31.8;11.5;14.6;5.5;77.1;-0.0039;-0.0105;
136.93;1;0;0;0;C;F;F;F;F;F;37F;1C9;3.2;32.5;14.5;14.5;5.5;77.1;-0.0039;-0.0165;
137.18;1;0;0;0;C;E;E;E;E;E;38C;1C9;3.2;33.1;14.0;14.5;5.5;77.1;-0.0039;-0.0257;
137.43;1;0;0;0;C;D;D;D;D;D;38F;1C9;3.2;33.1;13.0;14.5;5.5;77.1;-0.0039;-0.0448;
137.68;1;0;0;0;C;C;C;C;C;C;38E;1C9;3.2;33.3;13.0;14.5;5.5;77.1;-0.0039;-0.0542;
137.93;1;0;0;0;C;B;B;B;B;B;38C;1C9;3.2;34.2;13.0;14.5;5.5;77.1;-0.0039;-0.0725;
138.18;1;0;0;0;C;A;A;A;A;A;38D;1C9;3.2;34.2;13.0;14.5;5.5;77.1;-0.0039;-0.0947;
138.43;1;0;0;0;C;9;8;9;8;9;389;1C9;3.2;34.3;14.5;14.5;5.5;77.1;-0.0039;-0.1651;
138.68;1;0;0;0;C;8;8;8;8;8;39B;1C9;3.2;34.3;8.5;14.5;5.5;77.1;-0.0039;-0.1996;
138.93;1;0;0;0;C;7;7;7;7;7;38C;1C9;3.2;34.9;11.5;14.5;5.5;77.1;-0.0039;-0.2544;
139.18;1;0;0;0;C;7;6;7;6;7;34C;1C9;3.2;35.6;57.5;14.5;5.5;77.1;0.0120;-0.2878;
139.43;1;0;0;0;C;7;6;7;6;6;374;1C9;3.2;35.6;61.0;14.5;5.5;77.1;0.0159;-0.3739;
139.68;1;0;0;0;C;7;6;6;6;6;3C3;1C9;3.2;35.4;29.5;14.5;5.5;77.1;-0.0039;-0.3885;
139.93;1;0;0;0;C;6;5;6;5;5;3CB;1C9;3.2;36.2;9.5;14.5;5.5;77.1;-0.0039;-0.3929;
140.18;1;0;0;0;C;5;5;5;4;5;37E;1C9;3.2;36.2;23.5;14.5;5.5;77.1;0.0001;-0.4068;
140.43;1;0;0;0;C;5;4;5;4;5;366;1C9;3.2;36.4;49.0;14.5;5.5;77.1;0.0199;-0.4606;
140.68;1;0;0;0;C;5;5;5;4;5;373;1C9;3.2;36.4;54.5;14.5;5.5;77.1;0.0554;-0.4952;
140.95;1;0;0;0;C;6;5;6;5;5;377;1C9;3.2;36.0;65.5;14.5;5.5;77.1;0.0594;-0.5218;
141.20;1;0;0;0;C;6;5;6;5;6;38A;1C9;3.2;36.0;61.0;14.5;5.5;77.1;0.0870;-0.5691;
141.45;1;0;0;0;C;7;6;6;5;6;38F;1C9;3.2;35.9;59.5;14.5;5.5;77.1;0.0910;-0.5855;
141.70;1;0;0;0;C;7;6;7;6;6;385;1C9;3.2;35.9;62.5;14.5;5.5;77.1;0.0989;-0.6111;
141.95;1;0;0;0;C;8;7;8;6;7;386;1C9;3.2;35.9;66.5;14.5;5.5;77.1;0.1028;-0.6299;
142.20;1;0;0;0;C;9;7;8;7;8;3AB;1C9;3.2;35.5;62.5;14.5;5.5;77.1;0.1186;-0.6441;
142.45;1;0;0;0;C;9;8;9;7;8;3CA;1C9;3.2;35.5;50.5;14.5;5.5;77.1;0.1265;-0.6409;
142.70;1;0;0;0;C;A;8;9;7;9;3FF;1C9;3.2;35.3;33.0;14.5;5.5;77.1;0.1541;-0.6386;
142.95;1;0;0;0;C;A;8;A;8;9;41C;1C9;3.2;34.8;64.0;14.5;5.5;77.1;0.2095;-0.6369;
143.20;0;0;0;0;C;B;9;A;8;9;48B;1C9;3.2;34.8;77.5;14.5;5.5;77.1;0.2490;-0.6084;
143.45;0;0;0;0;C;C;A;C;9;B;4CB;1C9;3.2;34.4;73.5;14.5;5.5;77.1;0.2451;-0.5753;
143.70;0;0;0;0;C;D;B;C;A;B;562;1C9;3.2;34.1;74.5;14.5;5.5;77.1;0.2451;-0.5334;
143.95;0;0;0;0;D;E;C;D;C;C;5BC;1C9;3.2;34.1;73.5;14.5;5.5;77.1;0.2451;-0.4925;
144.20;0;0;0;0;D;E;D;E;C;D;64C;1C9;3.2;32.9;72.5;14.5;5.5;77.1;0.2451;-0.3954;
144.45;0;0;0;0;D;F;E;F;E;E;6AB;1C9;3.2;32.9;69.5;14.5;5.5;77.1;0.2450;-0.3291;
144.70;0;0;0;0;D;10;F;10;F;F;732;1C9;3.2;32.2;69.0;14.5;5.5;77.1;0.2371;-0.2686;
144.95;0;0;0;0;D;11;10;11;10;10;7A6;1C9;3.2;32.2;55.0;14.5;5.5;77.1;0.2332;-0.2142;
145.20;1;0;0;0;D;11;11;12;10;11;78E;1C9;3.2;31.8;-55.5;14.6;5.5;77.1;-0.0001;-0.1276;
145.45;1;0;0;0;D;11;11;11;11;11;670;1C9;3.2;31.8;-55.5;14.6;5.5;77.1;-0.0001;-0.0977;
145.70;1;0;0;0;D;12;11;12;11;12;492;1C9;3.2;31.8;-57.0;14.6;5.5;77.1;-0.0001;-0.0661;
145.96;1;0;0;0;D;12;12;12;12;12;3AF;1C9;3.2;31.4;11.5;14.5;5.5;77.1;0.1818;-0.0562;
146.21;1;0;0;0;D;12;12;12;12;12;4FB;1C9;3.2;31.4;90.0;14.5;5.5;77.1;0.3044;-0.0339;
146.46;0;0;0;0;D;13;13;13;13;13;502;1C9;3.2;31.8;114.5;14.5;5.5;77.1;0.3281;-0.0304;
146.71;0;0;0;0;D;14;14;15;14;14;540;1C9;3.2;31.4;123.5;14.5;5.5;77.1;0.3281;-0.0156;
146.96;0;0;0;0;D;16;16;16;16;16;599;1C9;3.2;31.4;121.5;14.5;5.5;77.1;0.3083;-0.0080;
147.21;0;0;0;0;D;17;17;17;17;17;5CC;1C9;3.2;31.3;119.0;14.5;5.5;77.1;0.3083;-0.0044;
147.46;0;0;0;0;D;18;18;18;18;18;633;1C9;3.2;31.3;115.0;14.5;5.5;77.1;0.3044;-0.0021;
147.71;0;0;0;0;D;1A;19;19;19;19;677;1C9;3.2;30.9;112.0;14.5;5.5;77.1;0.3004;0.0028;
147.96;0;0;0;0;D;1B;1B;1B;1B;1B;6BC;1C9;3.2;31.4;107.5;14.5;5.5;77.1;0.2965;0.0041;
148.21;0;0;0;0;D;1C;1C;1C;1C;1B;6FE;1CA;3.2;31.4;102.0;14.5;5.5;77.1;0.2886;0.0080;
148.46;0;0;0;0;D;1D;1D;1D;1D;1D;753;1CA;3.2;31.6;96.5;14.5;5.5;77.1;0.2767;0.0094;
148.71;0;0;0;0;D;1E;1E;1E;1E;1E;77C;1CA;3.2;32.3;92.0;14.5;5.5;77.1;0.2767;0.0071;
148.96;0;0;0;0;E;1F;1F;1E;1F;1F;7B4;1CA;3.2;32.3;40.5;14.5;5.5;77.1;0.0079;-0.0041;
149.21;1;0;0;0;E;1F;1F;1F;1F;1F;75B;1CA;3.2;32.3;-55.5;14.6;5.5;77.1;-0.0001;-0.0063;
149.46;1;0;0;0;E;20;20;20;20;20;57C;1CA;3.2;32.5;-54.0;14.5;5.5;77.1;-0.0001;-0.0049;
149.71;1;0;0;0;E;20;20;20;20;20;44F;1CA;3.2;33.0;-35.5;14.5;5.5;77.1;0.1264;-0.0039;
149.96;1;0;0;0;E;20;20;20;20;20;53C;1CA;3.2;33.0;57.0;14.5;5.5;77.1;0.2490;-0.0041;
150.21;0;0;0;0;E;20;20;20;20;20;518;1CA;3.2;33.2;96.0;14.5;5.5;77.1;0.2767;-0.0041;
150.46;0;0;0;0;E;21;21;21;21;21;532;1CA;3.2;33.2;91.0;14.6;5.5;77.1;0.2648;-0.0039;
150.71;0;0;0;0;E;22;22;22;22;22;54A;1CA;3.2;33.0;85.5;14.6;5.5;77.1;0.2530;-0.0034;
150.97;0;0;0;0;E;23;22;23;23;23;566;1CA;3.2;33.6;80.0;14.5;5.5;77.1;0.2451;-0.0020;
151.22;0;0;0;0;E;23;23;23;23;23;545;1CA;3.2;33.6;-7.0;14.5;5.5;77.1;-0.0001;-0.0023;
151.47;0;0;0;0;E;23;23;23;23;23;56C;1CA;3.2;33.7;-44.0;14.5;5.5;77.1;0.0434;-0.0010;
151.72;0;0;0;0;E;23;23;23;23;23;55A;1CA;3.2;34.9;-24.5;14.5;5.5;77.1;0.1027;-0.0020;
151.97;0;0;0;0;E;23;23;23;23;23;561;1CA;3.2;34.9;-6.5;14.5;5.5;77.1;0.0988;-0.0020;
152.22;0;0;0;0;E;22;22;23;23;23;568;1CA;3.2;35.4;-3.0;14.5;5.5;77.1;0.0948;-0.0020;
152.47;0;0;0;0;E;23;23;23;23;23;56C;1CA;3.2;35.4;-1.0;14.5;5.5;77.1;0.0948;-0.0021;
152.72;0;0;0;0;E;23;23;23;23;23;56F;1CA;3.2;35.9;0.0;14.6;5.5;77.1;0.0909;-0.0020;
152.97;0;0;0;0;E;23;23;23;23;23;569;1CA;3.2;36.0;-14.0;14.6;5.5;77.1;-0.0001;-0.0021;
153.22;0;0;0;0;E;23;23;23;23;23;56A;1CA;3.2;36.0;-35.0;14.6;5.5;77.1;-0.0001;-0.0028;
153.47;0;0;0;0;E;23;23;23;23;23;568;1CA;3.2;36.0;-34.0;14.6;5.5;77.1;0.0750;-0.0027;
153.72;0;0;0;0;E;23;23;22;22;23;563;1CA;3.2;36.7;-23.0;14.6;5.5;77.1;0.0790;-0.0024;
153.97;0;0;0;0;E;23;23;22;22;23;568;1CA;3.2;36.5;-9.5;14.6;5.5;77.1;0.0948;-0.0017;
154.22;0;0;0;0;E;23;22;22;22;22;555;1CA;3.2;36.5;-5.0;14.6;5.5;77.1;0.0948;-0.0007;
154.47;0;0;0;0;E;22;23;22;23;23;563;1CA;3.2;36.8;-5.0;14.6;5.5;77.1;0.0909;0.0053;
154.72;0;0;0;0;E;22;22;22;22;22;559;1CA;3.2;37.1;-2.5;14.6;5.5;77.1;0.0948;0.0069;
154.97;0;0;0;0;E;23;23;22;22;23;562;1CA;3.2;37.1;-3.5;14.6;5.5;77.1;0.0909;0.0091;
155.22;0;0;0;0;E;23;23;22;23;23;55B;1CA;3.2;37.6;-4.5;14.6;5.5;77.1;0.0909;0.0112;
155.47;0;0;0;0;F;23;23;22;22;23;565;1CA;3.2;37.6;-4.0;14.6;5.5;77.1;0.0909;0.0120;
155.72;0;0;0;0;F;23;23;22;23;23;565;1CA;3.2;38.0;-6.0;14.6;5.5;77.1;0.0830;0.0117;
155.98;0;0;0;0;F;22;23;22;22;22;55C;1CA;3.2;37.7;-11.5;14.6;5.5;77.1;-0.0001;0.0120;
156.23;0;0;0;0;F;22;22;22;22;23;555;1CA;3.2;37.7;-33.5;14.6;5.5;77.1;-0.0001;0.0110;
156.48;0;0;0;0;F;22;22;22;22;22;553;1CA;3.2;38.0;-29.5;14.6;5.5;77.1;0.0909;0.0078;
156.73;0;0;0;0;F;22;22;22;22;22;54F;1CA;3.2;38.3;-16.0;14.6;5.5;77.1;0.0948;0.0066;
156.98;0;0;0;0;F;22;22;22;22;22;547;1CA;3.2;38.3;-14.0;14.6;5.5;77.1;-0.0001;0.0059;
157.23;0;0;0;0;F;22;22;22;22;22;53C;1CA;3.2;38.3;-32.5;14.6;5.5;77.1;-0.0001;0.0044;
157.48;0;0;0;0;F;22;22;21;21;22;536;1CA;3.2;38.3;-55.5;14.6;5.5;77.1;-0.0001;0.0049;
157.73;0;0;0;0;F;21;21;21;21;21;52D;1CA;3.2;38.9;-57.0;14.6;5.5;77.1;-0.0001;0.0048;
157.98;0;0;0;0;F;21;21;21;21;21;520;1CA;3.2;38.9;-57.0;14.6;5.5;77.1;-0.0001;0.0048;
158.23;0;0;0;0;F;20;20;20;20;21;50F;1CA;3.2;38.8;-57.0;14.6;5.5;77.1;-0.0001;0.0035;
158.48;0;0;0;0;F;20;20;20;20;20;506;1CA;3.2;38.8;-57.0;14.6;5.5;77.1;-0.0001;0.0041;
158.73;0;0;0;0;F;20;20;20;20;20;4FF;1CA;3.2;39.1;-57.0;14.6;5.5;77.1;-0.0001;0.0051;
158.98;0;0;0;0;F;20;20;20;20;20;4ED;1CA;3.2;39.3;-57.0;14.6;5.5;77.1;-0.0001;0.0056;
159.23;0;0;0;0;F;1F;20;1F;1F;20;4EB;1CA;3.2;39.3;-57.0;14.5;5.5;77.1;-0.0001;0.0056;
159.48;0;0;0;0;F;1F;1F;1F;1F;1F;4D7;1CA;3.2;39.2;-56.5;14.5;5.5;77.1;-0.0001;0.0056;
159.73;0;0;0;0;F;1F;1F;1F;1F;1F;4D3;1CA;3.2;39.4;-57.0;14.5;5.5;77.1;-0.0001;0.0049;
159.98;0;0;0;0;F;1F;1F;1F;1F;1F;4CF;1CA;3.2;39.4;-55.5;14.5;5.5;77.1;-0.0001;0.0002;
160.23;0;0;0;0;F;1F;1E;1E;1E;1F;4BD;1CA;3.2;39.5;-55.0;14.5;5.5;77.1;-0.0001;-0.0044;
160.48;0;0;0;0;F;1F;1E;1E;1E;1E;4C0;1CA;3.2;39.5;-57.0;14.5;5.5;77.1;-0.0001;-0.0046;
160.73;0;0;0;0;F;1E;1E;1E;1E;1E;4B4;1CA;3.2;39.0;-57.0;14.5;5.5;77.1;-0.0001;-0.0051;
160.99;0;0;0;0;F;1E;1E;1E;1E;1E;4A6;1CA;3.2;38.9;-57.0;14.5;5.5;77.1;-0.0001;-0.0062;
161.24;0;0;0;0;F;1E;1D;1D;1D;1E;49F;1CA;3.2;38.9;-56.5;14.5;5.5;77.1;-0.0001;-0.0056;
161.49;0;0;0;0;F;1D;1D;1D;1D;1D;48F;1CA;3.2;39.0;-56.0;14.5;5.5;77.1;-0.0001;-0.0044;
161.74;0;0;0;0;F;1D;1D;1D;1D;1D;488;1CA;3.2;39.0;-57.0;14.5;5.5;77.1;-0.0001;-0.0039;
161.99;0;0;0;0;F;1D;1D;1D;1D;1D;47A;1CA;3.2;38.4;-56.5;14.5;5.5;77.1;-0.0001;-0.0021;
162.24;0;0;0;0;F;1D;1D;1C;1C;1D;474;1CA;3.2;38.4;-57.0;14.5;5.5;77.1;-0.0001;-0.0017;
162.49;0;0;0;0;F;1C;1C;1C;1C;1C;463;1CA;3.2;38.5;-57.0;14.5;5.5;77.1;-0.0001;-0.0009;
162.74;0;0;0;0;F;1C;1C;1C;1C;1C;45E;1CA;3.2;38.3;-57.0;14.5;5.5;77.1;-0.0001;0.0020;
162.99;0;0;0;0;F;1C;1C;1C;1C;1C;450;1CA;3.2;38.3;-57.0;14.5;5.5;77.1;-0.0001;0.0048;
163.24;0;0;0;0;F;1B;1C;1B;1B;1B;449;1CA;3.2;38.0;-57.0;14.5;5.5;77.1;-0.0001;0.0066;
163.49;0;0;0;0;F;1B;1B;1B;1B;1B;440;1CA;3.2;38.3;-57.0;14.5;5.5;77.1;-0.0001;0.0066;
163.74;0;0;0;0;F;1B;1B;1B;1B;1B;437;1CA;3.2;38.3;-57.0;14.5;5.5;77.1;-0.0001;0.0062;
163.99;0;0;0;0;F;1B;1B;1B;1B;1B;42D;1CA;3.2;38.1;-57.0;14.5;5.5;77.1;-0.0001;0.0060;
164.24;0;0;0;0;F;1B;1B;1A;1A;1B;426;1CA;3.2;38.1;-57.5;14.5;5.5;77.1;-0.0001;0.0060;
164.49;0;0;0;0;F;1A;1A;1A;1A;1A;416;1CA;3.2;38.0;-57.0;14.5;5.5;77.1;-0.0001;0.0041;
164.74;0;0;0;0;F;1A;1A;1A;1A;1A;407;1CA;3.2;38.3;-57.5;14.5;5.5;77.1;-0.0001;0.0031;
164.99;0;0;0;0;F;1A;1A;19;1A;1A;40B;1CA;3.2;38.3;-57.5;14.5;5.5;77.1;-0.0001;-0.0037;
165.24;0;0;0;0;F;19;19;19;19;19;3EF;1CA;3.2;38.3;-57.5;14.5;5.5;77.1;0.0315;0.0007;
165.49;0;0;0;0;F;19;19;19;19;19;3ED;1CA;3.2;38.2;-40.5;14.5;5.5;77.1;0.0474;0.0027;
165.74;0;0;0;0;F;19;18;19;19;19;3D4;1CA;3.2;38.2;-35.5;14.5;5.5;77.1;-0.0001;-0.0030;
166.01;0;0;0;0;F;19;19;18;18;19;3DB;1CA;3.2;38.2;-45.5;14.5;5.5;77.1;-0.0001;-0.0042;
166.26;0;0;0;0;F;18;19;18;18;18;3CD;1CA;3.2;38.5;-47.0;14.5;5.5;77.1;0.0434;0.0063;
166.51;0;0;0;0;10;18;18;18;18;18;3C8;1CA;3.2;38.4;-39.5;14.5;5.5;77.1;-0.0001;0.0024;
166.76;0;0;0;0;10;18;18;18;18;18;3B6;1CA;3.2;38.4;-24.0;14.5;5.5;77.1;-0.0000;0.0024;
167.01;0;0;0;0;10;18;18;17;18;18;3B9;1CA;3.2;38.5;-27.0;14.5;5.5;77.1;-0.0000;-0.0020;
167.26;1;0;0;0;10;18;17;17;17;17;36F;1CA;3.2;38.5;-11.5;14.5;5.5;77.1;-0.0000;-0.0030;
167.51;1;0;0;0;10;18;18;18;18;18;349;1CA;3.2;38.5;27.0;14.5;5.5;77.1;-0.0039;-0.0066;
167.76;1;0;0;0;10;18;18;18;18;18;36D;1CA;3.2;37.8;18.5;14.5;5.5;77.1;-0.0039;-0.0092;
168.01;1;0;0;0;10;18;18;18;18;18;394;1CA;3.2;37.8;4.0;14.5;5.5;77.1;-0.0039;-0.0144;
168.26;1;0;0;0;10;18;17;17;17;18;3E4;1CA;3.2;37.6;-47.0;14.5;5.5;77.1;-0.0001;-0.0142;
168.51;1;0;0;0;10;17;17;18;17;18;3BB;1CA;3.2;38.1;-55.5;14.5;5.5;77.1;-0.0001;-0.0149;
168.76;1;0;0;0;10;16;16;16;16;16;416;1CA;3.2;38.1;-59.0;14.5;5.5;77.1;-0.0001;-0.0159;
169.01;1;0;0;0;10;16;16;16;16;16;47A;1CA;3.2;38.4;-59.5;14.5;5.5;77.1;-0.0001;-0.0159;
169.26;1;0;0;0;10;14;14;14;14;14;529;1CA;3.2;38.4;-60.5;14.5;5.5;77.1;-0.0001;-0.0162;
169.51;1;0;0;0;10;14;14;14;14;14;504;1CA;3.2;39.2;-60.0;14.5;5.5;77.1;-0.0001;-0.0162;
169.76;1;0;0;0;10;13;14;13;13;13;4F1;1CA;3.2;39.1;-59.5;14.5;5.5;77.1;-0.0001;-0.0165;
170.01;1;0;0;0;10;13;13;13;13;13;4BA;1CA;3.2;39.1;-58.5;14.5;5.5;77.1;-0.0001;-0.0177;
170.26;0;0;0;0;10;12;12;12;12;12;483;1CA;3.2;39.1;-58.0;14.5;5.5;77.1;-0.0001;-0.0124;
170.51;0;0;0;0;10;12;12;11;12;12;482;1CA;3.2;38.9;-41.0;14.5;5.5;77.1;0.1620;-0.0098;
170.76;0;0;0;0;10;11;11;11;11;11;46D;1CA;3.2;39.4;9.0;14.5;5.5;77.1;0.2134;0.0039;
171.02;0;0;0;0;10;11;11;11;11;11;470;1CA;3.2;39.4;32.0;14.5;5.5;77.1;0.2213;0.0055;
171.27;0;0;0;0;10;12;12;12;12;12;483;1CA;3.2;39.1;57.5;14.5;5.5;77.1;0.2293;0.0218;
171.52;0;0;0;0;10;12;12;12;12;12;49E;1CA;3.2;38.9;60.0;14.5;5.5;77.1;0.2134;0.0295;
171.77;0;0;0;0;10;13;13;13;12;13;4BE;1CA;3.2;38.9;52.5;14.5;5.5;77.1;0.1976;0.0311;
172.02;0;0;0;0;10;13;13;13;13;13;4C8;1CA;3.2;39.1;45.5;14.5;5.5;77.1;0.1778;0.0330;
172.27;0;0;0;0;10;13;13;13;13;13;4E6;1CA;3.2;39.1;32.0;14.5;5.5;77.1;0.1620;0.0327;
172.52;0;0;0;0;10;13;14;13;14;13;4E8;1CA;3.2;38.7;28.5;14.5;5.5;77.1;0.1541;0.0360;
172.77;0;0;0;0;10;13;14;13;14;14;4F0;1CA;3.2;38.0;27.0;14.5;5.5;77.1;0.1620;0.0265;
173.02;0;0;0;0;10;14;14;14;14;14;507;1CA;3.2;38.0;24.5;14.5;5.5;77.1;0.1581;0.0279;
173.27;0;0;0;0;10;13;13;13;14;14;4F9;1CA;3.2;37.4;26.0;14.5;5.5;77.1;0.1699;0.0275;
173.52;0;0;0;0;10;14;14;14;14;14;512;1CA;3.2;36.5;25.5;14.5;5.5;77.1;0.1739;0.0275;
173.77;0;0;0;0;10;14;15;14;14;14;527;1CA;3.2;36.5;31.0;14.5;5.5;77.1;0.1778;0.0250;
174.02;0;0;0;0;10;14;15;14;15;15;52B;1CA;3.2;36.5;33.0;14.5;5.5;77.1;0.1857;0.0225;
174.27;0;0;0;0;10;14;15;14;15;15;546;1CA;3.2;36.5;35.0;14.5;5.5;77.1;0.1897;0.0140;
174.52;0;0;0;0;10;15;15;15;15;15;552;1CA;3.2;36.5;38.5;14.5;5.5;77.1;0.1936;0.0062;
174.77;0;0;0;0;10;15;15;15;15;15;567;1CA;3.2;36.5;42.5;14.5;5.5;77.1;0.2015;-0.0094;
175.02;0;0;0;0;10;16;16;16;16;16;58E;1CA;3.2;35.8;43.5;14.5;5.5;77.1;0.2134;-0.0209;
175.27;0;0;0;0;10;16;16;16;16;16;59A;1CA;3.2;35.8;49.5;14.5;5.5;77.1;0.2134;-0.0222;
175.52;0;0;0;0;10;17;17;17;17;17;59A;1CA;3.2;35.6;53.0;14.6;5.5;77.1;0.2134;-0.0222;
175.77;0;0;0;0;10;17;17;17;17;17;5D6;1CA;3.2;35.7;52.5;14.5;5.5;77.1;0.2134;-0.0259;
176.03;0;0;0;0;10;18;18;18;18;18;5F4;1CA;3.2;35.7;53.0;14.5;5.5;77.1;0.2134;-0.0259;
176.28;0;0;0;0;10;18;18;18;18;18;608;1CA;3.2;35.5;57.0;14.5;5.5;77.1;0.2213;-0.0140;
176.53;0;0;0;0;10;19;19;19;19;19;635;1CA;3.2;35.3;55.0;14.5;5.5;77.1;0.2292;-0.0144;
176.78;0;0;0;0;10;19;19;19;19;19;65F;1CA;3.2;35.3;61.0;14.6;5.5;77.1;0.2292;0.0027;
177.03;0;0;0;0;10;1A;1A;1A;1A;1A;68E;1CA;3.2;35.4;59.5;14.5;5.5;77.1;0.2332;0.0106;
177.28;0;0;0;0;10;1A;1B;1A;1B;1A;6AD;1CA;3.2;35.4;65.5;14.5;5.5;77.1;0.2450;0.0172;
177.53;0;0;0;0;10;1B;1B;1B;1B;1B;6D0;1CA;3.2;35.2;68.5;14.5;5.5;77.1;0.2450;0.0213;
177.78;0;0;0;0;10;1B;1C;1C;1C;1C;6F2;1CA;3.2;35.0;69.0;14.5;5.5;77.1;0.2411;0.0213;
178.03;0;0;0;0;10;1C;1C;1C;1D;1C;71C;1CA;3.2;35.0;68.0;14.6;5.5;77.1;0.2411;0.0240;
178.28;0;0;0;0;10;1D;1D;1D;1D;1D;740;1CA;3.2;34.7;64.0;14.6;5.5;77.1;0.2292;0.0241;
178.53;0;0;0;0;10;1D;1E;1D;1E;1E;75E;1CA;3.2;34.7;60.5;14.5;5.5;77.1;0.2253;0.0236;
178.78;0;0;0;0;10;1E;1E;1E;1E;1E;739;1CA;3.2;34.5;-0.5;14.5;5.5;77.1;-0.0001;0.0227;
179.03;1;0;0;0;10;1E;1E;1E;1E;1E;65E;1CA;3.2;34.5;-47.0;14.5;5.5;77.1;-0.0001;0.0133;
179.28;1;0;0;0;10;1E;1E;1E;1E;1E;4A6;1CA;3.2;34.8;-51.0;14.5;5.5;77.1;-0.0001;0.0102;
179.53;1;0;0;0;10;1D;1D;1E;1D;1E;3E6;1CA;3.2;34.9;21.5;14.5;5.5;77.1;0.1936;-0.0078;
179.78;0;0;0;0;10;1E;1E;1E;1E;1E;4C0;1CA;3.2;34.9;98.5;14.5;5.5;77.1;0.2886;-0.0134;
180.03;0;0;0;0;10;1F;1F;1F;1E;1F;4C0;1CA;3.2;34.7;100.0;14.5;5.5;77.1;0.2728;-0.0346;
180.28;0;0;0;0;10;1F;1F;1F;1F;1F;4E4;1CA;3.2;34.7;92.5;14.5;5.5;77.1;0.2648;-0.0421;
180.53;0;0;0;0;10;20;1F;20;20;20;4EA;1CA;3.2;34.5;90.0;14.5;5.5;77.1;0.2569;-0.0405;
180.78;0;0;0;0;10;20;20;20;20;20;506;1CA;3.2;34.5;85.0;14.5;5.5;77.1;0.2569;-0.0395;
181.04;0;0;0;0;10;20;21;21;20;21;517;1CA;3.2;34.5;76.0;14.5;5.5;77.1;0.2292;-0.0248;
181.29;0;0;0;0;10;21;21;21;21;21;51E;1CA;3.2;33.8;61.5;14.5;5.5;77.1;0.2016;-0.0137;
181.54;0;0;0;0;10;21;21;21;21;21;51C;1CA;3.2;33.9;-20.5;14.5;5.5;77.1;-0.0001;-0.0085;
181.79;0;0;0;0;10;21;21;21;21;21;512;1CA;3.2;33.9;-19.0;14.5;5.5;77.1;0.1146;0.0003;
182.04;0;0;0;0;10;20;20;20;20;21;516;1CA;3.2;33.7;10.5;14.5;5.5;77.1;0.2095;0.0049;
182.29;0;0;0;0;10;20;21;20;21;21;524;1CA;3.2;34.0;29.5;14.5;5.5;77.1;0.1857;0.0042;
182.54;0;0;0;0;10;21;21;21;21;21;51E;1CA;3.2;34.0;30.5;14.5;5.5;77.1;0.1739;0.0024;
182.79;0;0;0;0;11;21;21;21;21;21;520;1CA;3.2;34.0;30.0;14.5;5.5;77.1;0.1581;0.0024;
183.04;0;0;0;0;11;21;21;21;21;21;527;1CA;3.2;34.2;21.0;14.5;5.5;77.1;0.1383;0.0027;
183.29;0;0;0;0;11;21;21;21;21;21;525;1CA;3.2;33.7;18.0;14.5;5.5;77.1;0.1383;0.0034;
183.54;0;0;0;0;11;21;21;21;21;21;52B;1CA;3.2;33.7;13.0;14.5;5.5;77.1;0.1343;0.0027;
183.79;0;0;0;0;11;21;21;21;21;21;51F;1CA;3.2;33.8;14.0;14.5;5.5;77.1;0.1343;0.0060;
184.04;0;0;0;0;11;21;21;21;21;21;525;1CA;3.2;33.8;12.5;14.5;5.5;77.1;0.1383;0.0069;
184.29;0;0;0;0;11;21;21;21;21;21;535;1CA;3.2;34.1;15.5;14.5;5.5;77.1;0.1501;0.0170;
184.54;0;0;0;0;11;20;21;21;21;21;516;1CA;3.2;34.4;21.5;14.5;5.5;77.1;0.1620;0.0137;
184.79;0;0;0;0;11;21;21;21;21;21;525;1CA;3.2;34.4;25.5;14.5;5.5;77.1;0.1660;0.0159;
185.04;0;0;0;0;11;21;21;21;21;21;52C;1CA;3.2;35.2;25.5;14.5;5.5;77.1;0.1581;0.0156;
185.29;0;0;0;0;11;21;21;21;21;21;52C;1CC;3.2;36.0;24.5;14.5;5.5;77.1;0.1581;0.0145;
185.54;0;0;0;0;11;21;21;21;21;21;52D;1CC;3.2;36.0;27.5;14.5;5.5;77.1;0.1778;0.0091;
185.79;0;0;0;0;11;21;21;21;21;21;52C;1CC;3.2;35.9;33.0;14.5;5.5;77.1;0.1936;-0.0051;
186.05;0;0;0;0;11;21;21;21;21;21;53A;1CC;3.2;35.9;37.5;14.5;5.5;77.1;0.1936;-0.0039;
186.30;0;0;0;0;11;21;22;22;22;22;53E;1CC;3.2;36.2;39.0;14.5;5.5;77.1;0.1897;0.0009;
186.55;0;0;0;0;11;22;22;22;22;22;542;1CC;3.2;35.9;38.5;14.5;5.5;77.1;0.1857;0.0012;
186.80;0;0;0;0;11;22;22;22;22;22;548;1CC;3.2;35.9;39.5;14.5;5.5;77.1;0.1936;0.0027;
187.05;0;0;0;0;11;22;22;22;22;22;54F;1CC;3.2;35.9;53.5;14.6;5.5;77.1;0.2609;0.0041;
187.30;0;0;0;0;11;22;22;22;22;22;559;1CC;3.2;36.0;71.0;14.6;5.5;77.1;0.2648;0.0080;
187.55;0;0;0;0;11;22;23;22;22;22;563;1CC;3.2;36.2;83.5;14.6;5.5;77.1;0.2648;0.0142;
187.80;0;0;0;0;11;23;23;22;23;23;568;1CC;3.2;36.2;83.5;14.5;5.5;77.1;0.2569;0.0234;
188.05;0;0;0;0;11;23;23;23;23;23;578;1CC;3.2;35.9;79.5;14.5;5.5;77.1;0.2451;0.0262;
188.30;0;0;0;0;11;23;23;23;23;23;584;1CC;3.2;36.2;75.0;14.6;5.5;77.1;0.2451;0.0268;
188.55;0;0;0;0;11;23;24;23;24;24;580;1CC;3.2;36.2;73.5;14.6;5.5;77.1;0.2371;0.0241;
188.80;0;0;0;0;11;24;24;23;24;24;58B;1CC;3.2;36.1;56.0;14.6;5.5;77.1;0.1897;0.0240;
189.05;0;0;0;0;11;23;23;23;24;24;578;1CC;3.2;36.1;-29.5;14.5;5.5;77.1;-0.0001;0.0236;
189.30;0;0;0;0;11;23;23;23;23;23;572;1CC;3.2;35.9;-44.5;14.5;5.5;77.1;0.0078;0.0227;
189.55;0;0;0;0;11;23;23;22;23;23;560;1CC;3.2;36.6;-14.5;14.5;5.5;77.1;0.1304;0.0211;
189.80;0;0;0;0;11;22;23;22;22;22;557;1CC;3.2;36.6;0.0;14.6;5.5;77.1;0.1304;0.0186;
190.05;0;0;0;0;11;22;22;22;22;22;562;1CC;3.2;36.6;6.5;14.6;5.5;77.1;0.1225;0.0183;
190.30;0;0;0;0;11;22;22;22;22;22;548;1CC;3.2;36.8;8.5;14.6;5.5;77.1;0.1106;0.0158;
190.55;0;0;0;0;11;22;22;22;22;22;53F;1CC;3.2;36.8;-20.0;14.6;5.5;77.1;-0.0001;0.0131;
190.80;0;0;0;0;11;22;22;21;21;22;531;1CC;3.2;37.0;-36.0;14.6;5.5;77.1;-0.0001;0.0066;
191.07;0;0;0;0;11;21;21;21;21;21;52A;1CC;3.2;37.0;-27.0;14.6;5.5;77.1;0.0988;0.0062;
191.32;0;0;0;0;11;21;21;21;21;21;523;1CC;3.2;37.0;-9.5;14.6;5.5;77.1;0.1225;0.0041;
191.57;0;0;0;0;12;20;20;21;21;21;51A;1CC;3.2;37.0;7.0;14.5;5.5;77.1;0.1501;0.0044;
191.82;0;0;0;0;12;21;20;20;20;21;51B;1CC;3.2;37.2;15.0;14.5;5.5;77.1;0.1581;0.0031;
192.07;0;0;0;0;12;20;21;21;20;21;517;1CC;3.2;37.2;26.5;14.6;5.5;77.1;0.1739;0.0044;
192.32;0;0;0;0;12;21;21;20;21;21;51A;1CC;3.2;37.2;29.0;14.6;5.5;77.1;0.1778;0.0056;
192.57;0;0;0;0;12;21;21;21;21;21;51D;1CC;3.2;36.7;31.0;14.5;5.5;77.1;0.1620;0.0041;
192.82;0;0;0;0;12;21;20;21;21;21;51B;1CC;3.2;36.7;30.5;14.5;5.5;77.1;0.1778;0.0012;
193.07;0;0;0;0;12;20;20;20;20;20;4DF;1CC;3.2;36.7;-8.0;14.5;5.5;77.1;-0.0001;-0.0023;
193.32;0;0;0;0;12;20;20;20;20;20;4FC;1CC;3.2;36.5;-35.5;14.5;5.5;77.1;-0.0001;-0.0041;
193.57;0;0;0;0;12;20;1F;20;1F;20;4E4;1CC;3.2;36.5;-54.0;14.5;5.5;77.1;-0.0001;-0.0074;
193.82;0;0;0;0;12;1F;1F;1F;1F;1F;4D4;1CC;3.2;36.0;-54.0;14.5;5.5;77.1;-0.0001;-0.0154;
194.07;0;0;0;0;12;1E;1E;1E;1E;1E;4B1;1CC;3.2;36.0;-53.0;14.5;5.5;77.1;-0.0001;-0.0222;
194.32;0;0;0;0;12;1E;1E;1E;1D;1E;4A0;1CC;3.2;35.8;-53.5;14.5;5.5;77.1;-0.0001;-0.0257;
194.57;1;0;0;0;12;1D;1D;1D;1D;1D;483;1CC;3.2;35.3;-53.5;14.5;5.5;77.1;-0.0001;-0.0279;
194.82;1;0;0;0;12;1D;1D;1D;1D;1D;399;1CC;3.2;35.3;-14.0;14.5;5.5;77.1;-0.0000;-0.0402;
195.07;1;0;0;0;12;1D;1C;1D;1D;1D;352;1CC;3.2;35.0;30.5;14.5;5.5;77.1;-0.0039;-0.0449;
195.32;1;0;0;0;12;1D;1D;1D;1C;1C;370;1CC;3.2;35.0;20.5;14.5;5.5;77.1;-0.0039;-0.0519;
195.57;1;0;0;0;12;1C;1C;1C;1C;1C;37F;1CC;3.2;34.4;13.5;14.5;5.5;77.1;-0.0039;-0.0570;
195.82;1;0;0;0;12;1C;1B;1C;1B;1C;3B1;1CC;3.2;34.4;-9.5;14.5;5.5;77.1;-0.0000;-0.0623;
196.10;1;0;0;0;12;1B;1B;1B;1B;1B;3F8;1CC;3.2;33.9;-53.0;14.5;5.5;77.1;-0.0001;-0.0622;
196.35;1;0;0;0;12;1A;19;1A;19;19;439;1CC;3.2;34.0;-55.5;14.5;5.5;77.1;-0.0001;-0.0620;
196.60;1;0;0;0;12;18;18;18;18;18;477;1CC;3.2;34.0;-56.0;14.5;5.5;77.1;-0.0001;-0.0609;
196.85;1;0;0;0;12;17;16;17;16;17;4F5;1CC;3.2;34.2;-55.5;14.5;5.5;77.1;-0.0001;-0.0583;
197.10;1;0;0;0;12;15;15;15;15;15;55E;1CC;3.2;34.5;-44.5;14.5;5.5;77.1;0.0276;-0.0534;
197.35;1;0;0;0;12;15;15;15;14;14;525;1CC;3.2;34.5;-29.0;14.5;5.5;77.1;0.0513;-0.0395;
197.60;1;0;0;0;12;14;13;13;14;14;4FD;1CC;3.2;34.8;-15.5;14.5;5.5;77.1;0.0671;-0.0373;
197.85;0;0;0;0;12;13;13;12;12;13;4A9;1CC;3.2;34.8;-15.0;14.5;5.5;77.1;0.0750;-0.0323;
198.10;0;0;0;0;12;12;12;12;12;12;485;1CC;3.2;34.3;-11.0;14.5;5.5;77.1;0.0948;-0.0353;
198.35;0;0;0;0;12;12;11;12;11;12;482;1CC;3.2;34.5;0.0;14.5;5.5;77.1;0.1778;-0.0378;
198.60;0;0;0;0;12;12;11;12;12;12;482;1CC;3.2;34.5;20.0;14.5;5.5;77.1;0.1936;-0.0495;
198.85;0;0;0;0;12;12;12;12;11;12;486;1CC;3.2;34.5;58.0;14.5;5.5;77.1;0.2648;-0.0410;
199.10;0;0;0;0;12;12;11;12;11;12;488;1CC;3.2;34.1;73.0;14.5;5.5;77.1;0.2648;-0.0506;
199.35;0;0;0;0;12;12;12;12;12;12;491;1CC;3.2;34.1;103.5;14.5;5.5;77.1;0.3202;-0.0542;
199.60;0;0;0;0;12;13;12;13;13;13;4C5;1CC;3.2;34.1;116.5;14.5;5.5;77.1;0.3202;-0.0629;
199.85;0;0;0;0;12;14;13;14;13;13;4F4;1CC;3.2;34.0;123.0;14.5;5.5;77.1;0.3202;-0.0633;
200.10;0;0;0;0;12;14;14;14;14;14;523;1CC;3.2;33.9;123.5;14.5;5.5;77.1;0.3163;-0.0611;
200.35;0;0;0;0;12;15;15;15;15;15;553;1CC;3.2;33.9;118.5;14.5;5.5;77.1;0.3004;-0.0559;
200.60;0;0;0;0;12;16;16;16;16;16;57D;1CC;3.2;33.4;113.0;14.5;5.5;77.1;0.3004;-0.0288;
200.85;0;0;0;0;12;16;17;16;16;16;5AB;1CC;3.2;33.4;105.5;14.5;5.5;77.1;0.2688;-0.0254;
201.11;0;0;0;0;12;17;16;17;16;17;576;1CC;3.2;32.7;0.0;14.6;5.5;77.1;-0.0001;-0.0233;
201.36;0;0;0;0;12;16;16;16;16;16;57B;1CC;3.2;32.2;-17.5;14.6;5.5;77.1;0.1304;-0.0222;
201.61;0;0;0;0;12;15;15;15;15;15;55B;1CC;3.2;32.2;7.0;14.6;5.5;77.1;0.1739;-0.0186;
201.86;0;0;0;0;12;15;15;15;15;15;558;1CC;3.2;32.2;25.5;14.6;5.5;77.1;0.1778;-0.0183;
202.11;0;0;0;0;12;15;15;15;15;15;54C;1CC;3.2;32.0;30.5;14.5;5.5;77.1;0.1778;-0.0003;
202.36;0;0;0;0;12;15;15;15;15;15;548;1CC;3.2;32.0;33.0;14.5;5.5;77.1;0.1778;-0.0034;
202.61;0;0;0;0;12;15;14;15;15;15;537;1CC;3.2;31.9;34.5;14.6;5.5;77.1;0.1818;-0.0009;
202.86;0;0;0;0;13;15;15;15;15;15;53A;1CC;3.2;31.9;35.5;14.6;5.5;77.1;0.1818;-0.0031;
203.11;0;0;0;0;13;15;15;15;15;15;536;1CC;3.2;31.6;36.0;14.6;5.5;77.1;0.1818;-0.0012;
203.36;0;0;0;0;13;15;14;15;15;15;536;1CC;3.2;32.0;35.5;14.6;5.5;77.1;0.1818;-0.0027;
203.61;0;0;0;0;13;15;15;15;14;15;534;1CC;3.2;32.0;35.5;14.6;5.5;77.1;0.1818;-0.0023;
203.86;0;0;0;0;13;14;15;14;14;14;524;1CC;3.2;32.0;35.5;14.6;5.5;77.1;0.1778;-0.0010;
204.11;0;0;0;0;13;15;14;14;14;14;524;1CC;3.2;32.1;34.5;14.6;5.5;77.1;0.1778;0.0046;
204.36;0;0;0;0;13;14;14;14;14;14;51F;1CC;3.2;32.6;35.5;14.6;5.5;77.1;0.1857;0.0152;
204.61;0;0;0;0;13;14;14;14;14;14;51D;1CC;3.2;32.6;38.5;14.6;5.5;77.1;0.2095;0.0241;
204.86;0;0;0;0;13;14;14;14;14;14;520;1CC;3.2;32.8;50.0;14.6;5.5;77.1;0.2253;0.0295;
205.11;0;0;0;0;13;14;14;14;14;14;524;1CC;3.2;33.2;55.5;14.6;5.5;77.1;0.2292;0.0350;
205.36;0;0;0;0;13;14;14;14;15;14;52F;1CC;3.2;33.2;62.5;14.6;5.5;77.1;0.2332;0.0384;
205.61;0;0;0;0;13;14;15;14;15;15;532;1CC;3.2;33.3;66.5;14.5;5.5;77.1;0.2332;0.0382;
205.86;0;0;0;0;13;15;15;15;15;15;545;1CC;3.2;33.3;71.5;14.5;5.5;77.1;0.2490;0.0339;
206.12;0;0;0;0;13;15;15;15;15;15;559;1CC;3.2;32.8;76.0;14.5;5.5;77.1;0.2609;0.0312;
206.37;0;0;0;0;13;15;16;15;15;15;56D;1CC;3.2;33.0;85.0;14.5;5.5;77.1;0.2648;0.0291;
206.62;0;0;0;0;13;16;16;16;16;16;584;1CC;3.2;33.0;85.5;14.5;5.5;77.1;0.2648;0.0289;
206.87;0;0;0;0;13;16;16;16;16;16;59A;1CC;3.2;32.9;81.5;14.5;5.5;77.1;0.2530;0.0250;
207.12;0;0;0;0;13;17;17;16;16;16;5A2;1CC;3.2;33.2;82.5;14.5;5.5;77.1;0.2648;0.0204;
207.37;0;0;0;0;13;17;17;17;17;17;5BB;1CC;3.2;33.2;86.5;14.5;5.5;77.1;0.2648;0.0108;
207.62;0;0;0;0;13;17;17;17;17;17;5D1;1CC;3.2;32.9;87.5;14.5;5.5;77.1;0.2688;0.0020;
207.87;0;0;0;0;13;17;18;17;17;17;5EF;1CC;3.2;32.9;89.5;14.6;5.5;77.1;0.2727;0.0020;
208.12;0;0;0;0;13;18;18;18;18;18;602;1CC;3.2;33.2;87.0;14.6;5.5;77.1;0.2648;0.0016;
208.37;0;0;0;0;13;18;18;18;18;18;623;1CC;3.2;33.2;78.5;14.6;5.5;77.1;0.2451;0.0028;
208.62;0;0;0;0;13;19;19;19;19;19;63A;1CC;3.2;32.9;73.0;14.6;5.5;77.1;0.2411;0.0048;
208.87;0;0;0;0;13;19;19;19;19;19;64E;1CC;3.2;32.9;54.5;14.6;5.5;77.1;0.1660;0.0039;
209.12;0;0;0;0;13;19;18;19;19;19;60C;1CC;3.2;33.2;-11.0;14.6;5.5;77.1;-0.0001;0.0049;
209.37;0;0;0;0;13;18;18;18;18;18;606;1CC;3.2;33.3;-23.5;14.6;5.5;77.1;0.0948;0.0044;
209.62;0;0;0;0;13;18;18;18;18;18;60B;1CC;3.2;33.3;-10.0;14.6;5.5;77.1;0.1027;0.0051;
209.87;0;0;0;0;13;17;17;18;17;18;5E6;1CC;3.2;33.8;0.5;14.6;5.5;77.1;0.1067;0.0044;
210.12;0;0;0;0;13;17;17;17;17;17;5D6;1CC;3.2;34.1;2.5;14.5;5.5;77.1;0.1146;0.0044;
210.37;0;0;0;0;13;17;17;17;17;17;5C3;1CC;3.2;34.1;5.0;14.5;5.5;77.1;0.1225;0.0035;
210.62;0;0;0;0;13;17;17;17;17;17;5BD;1CC;3.2;34.4;6.0;14.5;5.5;77.1;0.1304;0.0042;
210.87;0;0;0;0;13;17;17;17;17;17;5AC;1CC;3.2;34.4;10.5;14.6;5.5;77.1;0.1383;0.0039;
211.13;0;0;0;0;13;17;16;16;16;16;5A6;1CC;3.2;34.2;13.5;14.6;5.5;77.1;0.1462;-0.0078;
211.38;0;0;0;0;14;16;16;16;16;16;5A8;1CC;3.2;34.9;15.5;14.6;5.5;77.1;0.1422;-0.0147;
211.63;0;0;0;0;14;16;16;16;16;16;59E;1CC;3.2;34.9;16.5;14.6;5.5;77.1;0.1383;-0.0188;
211.88;0;0;0;0;14;16;16;16;16;16;58E;1CC;3.2;34.7;10.5;14.6;5.5;77.1;0.1106;-0.0198;
212.13;0;0;0;0;14;16;16;16;16;16;57E;1CC;3.2;34.7;-17.5;14.5;5.5;77.1;-0.0001;-0.0176;
212.38;0;0;0;0;14;16;15;15;15;15;549;1CC;3.2;35.0;-32.0;14.5;5.5;77.1;0.0750;-0.0186;
212.63;0;0;0;0;14;15;15;15;15;15;54C;1CC;3.2;35.0;-23.0;14.5;5.5;77.1;0.0829;-0.0194;
212.88;0;0;0;0;14;14;14;14;14;14;529;1CC;3.2;35.4;-11.0;14.5;5.5;77.1;0.0909;-0.0186;
213.13;0;0;0;0;14;14;14;14;14;14;516;1CC;3.2;35.2;-6.0;14.6;5.5;77.1;0.0948;-0.0202;
213.38;0;0;0;0;14;14;14;14;14;14;500;1CC;3.2;35.2;-0.5;14.6;5.5;77.1;0.1027;-0.0188;
213.63;0;0;0;0;14;14;13;13;13;14;4F3;1CC;3.2;35.3;0.0;14.6;5.5;77.1;0.1027;-0.0130;
213.88;0;0;0;0;14;13;13;13;14;13;4F9;1CC;3.2;34.9;0.0;14.6;5.5;77.1;0.1106;0.0156;
214.13;0;0;0;0;14;13;13;13;13;13;4DD;1CC;3.2;34.9;3.5;14.5;5.5;77.1;0.1146;0.0202;
214.38;0;0;0;0;14;13;13;13;13;13;4B2;1CC;3.2;34.6;7.0;14.5;5.5;77.1;0.1264;0.0334;
214.63;0;0;0;0;14;12;13;12;13;13;4CF;1CC;3.2;34.6;10.0;14.5;5.5;77.1;0.1501;0.1178;
214.88;0;0;0;0;14;12;13;11;13;12;4AE;1CC;3.2;34.5;17.5;14.5;5.5;77.1;0.1581;0.1592;
215.13;0;0;0;0;14;12;13;12;13;12;4A4;1CC;3.2;35.1;23.0;14.5;5.5;77.1;0.1739;0.2012;
215.38;0;0;0;0;14;12;13;12;13;12;4A4;1CC;3.2;35.1;32.5;14.5;5.5;77.1;0.1857;0.2378;
215.63;0;0;0;0;14;12;13;12;13;13;4B7;1CC;3.2;35.7;34.0;14.5;5.5;77.1;0.1897;0.2760;
215.88;0;0;0;0;14;11;13;12;13;12;49F;1CC;3.2;37.3;44.5;14.5;5.5;77.1;0.2174;0.2800;
216.15;0;0;0;0;14;12;14;11;13;12;4B3;1CC;3.2;37.3;62.5;14.5;5.5;77.1;0.2451;0.2827;
216.40;0;0;0;0;14;11;13;12;13;13;4B2;1CC;3.2;37.3;70.0;14.5;5.5;77.1;0.2451;0.2860;
216.65;0;0;0;0;14;12;14;12;14;13;4D6;1CC;3.2;38.2;73.0;14.5;5.5;77.1;0.2530;0.2842;
216.90;0;0;0;0;14;12;14;13;14;13;4D5;1CC;3.2;39.1;80.0;14.5;5.5;77.1;0.2530;0.2824;
217.15;0;0;0;0;14;13;14;13;14;13;4F3;1CC;3.2;39.1;81.0;14.5;5.5;77.1;0.2609;0.2792;
217.40;0;0;0;0;14;13;14;13;14;14;4FE;1CC;3.2;40.3;84.5;14.5;5.5;77.1;0.2609;0.2190;
217.65;0;0;0;0;14;14;14;13;14;14;511;1CC;3.2;40.3;83.5;14.5;5.5;77.1;0.2569;0.1628;
217.90;0;0;0;0;14;14;15;14;15;14;524;1CC;3.2;41.1;83.0;14.5;5.5;77.1;0.2569;0.1306;
218.15;0;0;0;0;14;14;15;15;15;15;534;1CC;3.2;41.1;79.0;14.5;5.5;77.1;0.2411;0.0920;
218.40;0;0;0;0;14;15;15;15;15;15;54E;1CC;3.2;41.1;73.0;14.5;5.5;77.1;0.2332;0.0088;
218.65;0;0;0;0;14;15;15;15;15;15;561;1CC;3.2;41.6;68.0;14.5;5.5;77.1;0.2253;-0.0117;
218.90;0;0;0;0;14;15;15;15;15;15;559;1CC;3.2;41.4;64.5;14.5;5.5;77.1;0.2213;-0.0316;
219.15;0;0;0;0;14;15;15;16;15;15;56D;1CC;3.2;41.4;54.0;14.6;5.5;77.1;0.2174;-0.0444;
219.40;0;0;0;0;14;16;15;16;15;15;568;1CC;3.2;41.0;57.0;14.6;5.5;77.1;0.2253;-0.0492;
219.65;0;0;0;0;14;16;15;16;15;15;554;1CC;3.2;41.0;61.5;14.6;5.5;77.1;0.2213;-0.0684;
219.90;0;0;0;0;14;16;15;16;15;15;562;1CC;3.2;40.2;59.0;14.6;5.5;77.1;0.2174;-0.0853;
220.15;0;0;0;0;14;16;15;16;15;15;565;1CC;3.2;38.8;56.5;14.6;5.5;77.1;0.2134;-0.1004;
220.40;0;0;0;0;14;16;15;16;15;15;560;1CC;3.2;38.8;56.5;14.6;5.5;77.1;0.2134;-0.0997;
220.65;0;0;0;0;14;16;15;15;15;15;560;1CC;3.2;38.8;55.0;14.6;5.5;77.1;0.2174;-0.0869;
220.90;0;0;0;0;14;15;15;16;15;15;566;1CC;3.2;37.4;54.5;14.6;5.5;77.1;0.2213;-0.0883;
221.16;0;0;0;0;14;16;15;16;15;16;56C;1CC;3.2;36.4;57.5;14.6;5.5;77.1;0.2174;-0.0755;
221.41;0;0;0;0;14;16;15;15;15;16;571;1CC;3.2;36.4;58.0;14.6;5.5;77.1;0.2213;-0.0723;
221.66;0;0;0;0;14;16;15;16;15;16;57C;1CC;3.2;35.1;58.5;14.6;5.5;77.1;0.2253;-0.0648;
221.91;0;0;0;0;14;16;15;16;15;16;575;1CC;3.2;34.0;60.5;14.6;5.5;77.1;0.2292;-0.0648;
222.16;0;0;0;0;14;16;16;16;16;16;593;1CC;3.2;34.0;63.5;14.6;5.5;77.1;0.2253;-0.0563;
222.41;0;0;0;0;15;16;16;16;16;16;58E;1CC;3.2;34.2;64.5;14.6;5.5;77.1;0.2292;-0.0380;
222.66;0;0;0;0;15;17;16;16;16;16;5AF;1CC;3.2;34.2;61.5;14.6;5.5;77.1;0.2292;-0.0456;
222.91;0;0;0;0;15;17;16;17;17;17;5B4;1CC;3.2;33.5;59.5;14.6;5.5;77.1;0.2134;-0.0297;
223.16;0;0;0;0;15;17;17;17;17;17;5C4;1CC;3.2;33.8;51.0;14.6;5.5;77.1;0.1936;-0.0291;
223.41;0;0;0;0;15;17;17;17;17;17;582;1CA;3.2;33.8;-7.0;14.6;5.5;77.1;-0.0001;-0.0255;
223.66;0;0;0;0;15;16;16;16;16;16;582;1CA;3.2;33.7;-19.0;14.6;5.5;77.1;0.1620;-0.0201;
223.91;0;0;0;0;15;16;15;15;15;16;565;1CA;3.2;33.6;8.0;14.6;5.5;77.1;0.1778;-0.0195;
224.16;0;0;0;0;15;15;15;15;15;15;55C;1CA;3.2;33.6;28.0;14.6;5.5;77.1;0.1778;-0.0147;
224.41;0;0;0;0;15;15;15;15;15;15;552;1CA;3.2;34.1;30.5;14.6;5.5;77.1;0.1857;0.0085;
224.66;0;0;0;0;15;15;15;15;15;15;54D;1CA;3.2;34.1;38.0;14.6;5.5;77.1;0.1936;0.0169;
224.91;0;0;0;0;15;15;15;15;15;15;55A;1CA;3.2;34.5;39.5;14.6;5.5;77.1;0.1936;0.0195;
225.16;0;0;0;0;15;15;15;15;15;15;552;1CA;3.2;34.5;47.0;14.6;5.5;77.1;0.2213;0.0262;
225.41;0;0;0;0;15;15;15;15;15;15;54F;1CA;3.2;34.6;54.5;14.6;5.5;77.1;0.2253;0.0195;
225.66;0;0;0;0;15;15;15;15;15;15;563;1CA;3.2;34.6;60.5;14.6;5.5;77.1;0.2451;0.0051;
225.91;0;0;0;0;15;15;15;15;15;15;56B;1CA;3.2;35.2;66.5;14.6;5.5;77.1;0.2451;0.0028;
226.17;0;0;0;0;15;16;16;16;16;16;58F;1CA;3.2;35.2;72.5;14.6;5.5;77.1;0.2451;0.0000;
226.42;0;0;0;0;15;16;16;16;16;16;5A1;1CA;3.2;35.2;73.5;14.6;5.5;77.1;0.2411;-0.0030;
226.67;0;0;0;0;15;16;17;17;17;16;5AC;1CA;3.2;35.3;73.0;14.6;5.5;77.1;0.2451;0.0020;
226.92;0;0;0;0;15;17;17;17;17;17;5CF;1CA;3.2;35.7;71.5;14.6;5.5;77.1;0.2411;0.0048;
227.17;0;0;0;0;15;18;17;17;17;17;5EA;1CA;3.2;35.7;68.5;14.6;5.5;77.1;0.1976;0.0124;
227.42;0;0;0;0;15;18;18;17;17;18;5BC;1CA;3.2;35.7;-4.5;14.6;5.5;77.1;-0.0001;0.0137;
227.67;0;0;0;0;15;17;17;17;17;17;5CF;1CA;3.2;35.7;-17.0;14.6;5.5;77.1;0.1264;0.0144;
227.92;0;0;0;0;15;17;17;16;16;16;5AF;1CA;3.2;36.2;2.0;14.6;5.5;77.1;0.1383;0.0156;
228.17;0;0;0;0;15;16;17;16;16;16;5A0;1CA;3.2;36.3;9.0;14.6;5.5;77.1;0.1264;0.0174;
228.42;0;0;0;0;15;16;16;16;16;16;594;1CA;3.2;36.3;9.5;14.6;5.5;77.1;0.1264;0.0205;
228.67;0;0;0;0;15;16;16;16;16;16;588;1CA;3.2;36.5;7.5;14.6;5.5;77.1;0.1225;0.0240;
228.92;0;0;0;0;15;16;16;16;16;16;57E;1CA;3.2;36.5;6.0;14.6;5.5;77.1;0.1304;0.0336;
229.17;0;0;0;0;15;15;16;15;15;16;56A;1CA;3.2;36.5;12.5;14.6;5.5;77.1;0.1383;0.0355;
229.42;0;0;0;0;15;15;15;15;15;15;569;1CA;3.2;36.5;15.0;14.6;5.5;77.1;0.1541;0.0348;
229.67;0;0;0;0;15;15;15;15;15;15;55D;1CA;3.2;36.9;22.5;14.6;5.5;77.1;0.1660;0.0343;
229.92;0;0;0;0;15;15;15;15;15;15;559;1CA;3.2;37.2;25.5;14.6;5.5;77.1;0.1739;0.0343;
230.17;0;0;0;0;15;15;15;15;15;15;55F;1CA;3.2;37.2;30.5;14.6;5.5;77.1;0.1818;0.0346;
230.42;0;0;0;0;15;15;15;15;15;15;55A;1CA;3.2;37.6;34.5;14.6;5.5;77.1;0.1857;0.0382;
230.67;0;0;0;0;15;15;15;15;16;15;559;1CA;3.2;37.6;39.0;14.6;5.5;77.1;0.1976;0.0396;
230.92;0;0;0;0;15;15;15;15;15;15;558;1CA;3.2;37.8;43.5;14.6;5.5;77.1;0.2095;0.0423;
231.18;0;0;0;0;15;15;15;15;15;15;568;1CA;3.2;38.1;47.0;14.6;5.5;77.1;0.2055;0.0424;
231.43;0;0;0;0;15;15;15;15;15;15;558;1CA;3.2;38.1;51.0;14.6;5.5;77.1;0.2134;0.0421;
231.68;0;0;0;0;16;15;16;15;16;15;577;1CA;3.2;38.0;50.0;14.6;5.5;77.1;0.2134;0.0384;
231.93;0;0;0;0;16;15;16;15;15;15;568;1CA;3.2;37.8;54.0;14.6;5.5;77.1;0.2134;0.0402;
232.18;0;0;0;0;16;16;16;16;16;16;589;1CA;3.2;37.8;50.0;14.6;5.5;77.1;0.2134;0.0395;
232.43;0;0;0;0;16;16;16;16;16;16;58A;1CA;3.2;37.8;52.5;14.6;5.5;77.1;0.2134;0.0385;
232.68;0;0;0;0;16;16;16;15;16;16;59F;1CA;3.2;37.5;53.5;14.6;5.5;77.1;0.2371;0.0346;
232.93;0;0;0;0;16;16;17;16;16;16;5A3;1CA;3.2;37.5;66.5;14.6;5.5;77.1;0.2490;0.0388;
233.18;0;0;0;0;16;16;17;17;17;17;5B9;1CA;3.2;37.5;76.0;14.6;5.5;77.1;0.2530;0.0364;
233.43;0;0;0;0;16;17;18;17;18;17;5E0;1CA;3.2;37.7;79.0;14.6;5.5;77.1;0.2569;0.0186;
233.68;0;0;0;0;16;18;18;18;18;18;601;1CA;3.2;37.0;84.0;14.6;5.5;77.1;0.2648;0.0169;
233.93;0;0;0;0;16;19;19;19;19;19;62E;1CA;3.2;37.0;85.5;14.6;5.5;77.1;0.2688;0.0014;
234.18;0;0;0;0;16;19;19;19;19;19;655;1CA;3.2;37.1;91.0;14.6;5.5;77.1;0.2767;-0.0005;
234.43;0;0;0;0;16;1A;1A;1A;1A;1A;685;1CA;3.2;37.1;87.0;14.6;5.5;77.1;0.2688;-0.0051;
234.68;0;0;0;0;16;1B;1B;1B;1A;1A;6AB;1CA;3.2;36.8;87.0;14.6;5.5;77.1;0.2609;-0.0024;
234.93;0;0;0;0;16;1B;1B;1B;1B;1B;6D3;1CA;3.2;36.2;81.5;14.6;5.5;77.1;0.2609;-0.0137;
235.18;0;0;0;0;16;1C;1C;1C;1B;1B;6EC;1CA;3.2;36.2;79.5;14.6;5.5;77.1;0.2569;-0.0080;
235.43;0;0;0;0;16;1C;1C;1C;1C;1C;71D;1CA;3.2;36.2;74.5;14.6;5.5;77.1;0.2530;-0.0041;
235.68;0;0;0;0;16;1D;1D;1D;1D;1D;747;1CA;3.2;35.9;73.5;14.6;5.5;77.1;0.2490;-0.0099;
235.93;0;0;0;0;16;1E;1D;1D;1D;1D;764;1CA;3.2;35.9;72.5;14.5;5.5;77.1;0.2450;-0.0098;
236.19;0;0;0;0;16;1E;1E;1E;1E;1E;785;1CA;3.2;35.7;69.5;14.5;5.5;77.1;0.2450;-0.0127;
236.44;1;0;0;0;16;1E;1F;1E;1E;1F;757;1CA;3.2;35.7;-3.0;14.5;5.5;77.1;-0.0001;-0.0152;
236.69;1;0;0;0;16;1E;1E;1E;1E;1E;68B;1CA;3.2;35.6;-42.5;14.6;5.5;77.1;-0.0001;-0.0166;
236.94;1;0;0;0;16;1E;1E;1E;1E;1E;4DD;1CA;3.2;35.8;-46.5;14.6;5.5;77.1;-0.0001;-0.0216;
237.19;1;0;0;0;16;1E;1E;1E;1E;1E;3EC;1CA;3.2;35.8;19.0;14.5;5.5;77.1;0.1936;-0.0237;
237.44;1;0;0;0;16;1E;1E;1E;1E;1E;4A9;1CA;3.2;35.8;96.0;14.5;5.5;77.1;0.2688;-0.0270;
237.69;0;0;0;0;16;1E;1E;1F;1E;1E;4B3;1CA;3.2;35.5;109.0;14.5;5.5;77.1;0.2925;-0.0270;
237.94;0;0;0;0;16;1F;1E;1F;1F;1F;4D4;1CA;3.2;35.8;104.5;14.5;5.5;77.1;0.2846;-0.0297;
238.19;0;0;0;0;16;1F;1F;1F;1E;1F;4CE;1CA;3.2;35.8;103.5;14.5;5.5;77.1;0.2807;-0.0368;
238.44;0;0;0;0;16;1F;1F;20;1F;1F;4E6;1CA;3.2;34.7;97.0;14.5;5.5;77.1;0.2767;-0.0421;
238.69;0;0;0;0;16;20;20;20;20;20;4F5;1CA;3.2;34.8;95.5;14.5;5.5;77.1;0.2688;-0.0434;
238.94;0;0;0;0;16;21;20;20;20;20;50B;1CA;3.2;34.8;91.0;14.5;5.5;77.1;0.2648;-0.0395;
239.19;0;0;0;0;16;20;20;20;20;21;51E;1CA;3.2;34.7;89.0;14.5;5.5;77.1;0.2648;-0.0382;
239.44;0;0;0;0;16;21;21;21;21;21;51D;1CA;3.2;34.7;83.0;14.5;5.5;77.1;0.2411;-0.0275;
239.69;0;0;0;0;16;22;21;21;21;21;538;1CA;3.2;34.2;78.0;14.5;5.5;77.1;0.2490;-0.0280;
239.94;0;0;0;0;16;22;21;22;22;22;540;1CA;3.2;34.1;75.5;14.5;5.5;77.1;0.2451;-0.0284;
240.19;0;0;0;0;16;22;22;22;22;22;55E;1CA;3.2;34.1;73.0;14.5;5.5;77.1;0.2411;-0.0302;
240.44;0;0;0;0;16;23;22;23;22;23;52F;1CA;3.2;33.4;-13.5;14.5;5.5;77.1;-0.0001;-0.0323;
240.69;0;0;0;0;16;22;22;22;22;22;546;1CA;3.2;33.8;-33.0;14.5;5.5;77.1;-0.0001;-0.0328;
240.94;0;0;0;0;16;22;22;22;22;22;54C;1CA;3.2;33.8;-6.0;14.6;5.5;77.1;0.1936;-0.0357;
241.21;0;0;0;0;16;22;22;22;22;22;550;1CA;3.2;33.6;20.0;14.6;5.5;77.1;0.1976;-0.0350;
241.46;0;0;0;0;17;22;22;22;22;22;552;1CA;3.2;33.6;34.5;14.6;5.5;77.1;0.1739;-0.0327;
241.71;0;0;0;0;17;22;22;22;22;22;523;1CA;3.2;33.0;-10.5;14.6;5.5;77.1;-0.0001;-0.0265;
241.96;0;0;0;0;17;22;22;22;22;22;539;1CA;3.2;33.0;-19.0;14.6;5.5;77.1;0.1857;-0.0205;
242.21;0;0;0;0;17;22;22;22;22;22;547;1CA;3.2;33.3;11.0;14.6;5.5;77.1;0.1936;-0.0144;
242.46;0;0;0;0;17;22;22;22;22;22;543;1CA;3.2;33.3;34.5;14.6;5.5;77.1;0.1936;-0.0117;
242.71;0;0;0;0;17;22;22;22;22;22;54B;1CA;3.2;33.4;39.0;14.6;5.5;77.1;0.2095;-0.0028;
242.96;0;0;0;0;17;22;22;22;22;22;555;1CA;3.2;33.5;49.0;14.6;5.5;77.1;0.2134;-0.0023;
243.21;0;0;0;0;17;22;22;22;22;22;55F;1CA;3.2;33.5;48.0;14.6;5.5;77.1;0.1936;-0.0037;
243.46;0;0;0;0;17;23;23;23;22;23;55E;1CA;3.2;33.9;22.0;14.6;5.5;77.1;0.0553;-0.0039;
243.71;0;0;0;0;17;22;23;22;22;23;544;1CA;3.2;34.1;-25.0;14.6;5.5;77.1;-0.0001;-0.0102;
243.96;0;0;0;0;17;22;22;22;22;22;53B;1CA;3.2;34.1;-47.0;14.6;5.5;77.1;0.0355;-0.0174;
244.21;0;0;0;0;17;22;21;22;21;22;53F;1CA;3.2;34.9;-26.5;14.6;5.5;77.1;0.1027;-0.0627;
244.46;0;0;0;0;17;21;21;21;21;21;52D;1CA;3.2;34.9;-3.5;14.6;5.5;77.1;0.1225;-0.0821;
244.71;0;0;0;0;17;21;20;21;20;21;526;1CA;3.2;35.1;3.0;14.6;5.5;77.1;0.1225;-0.1005;
244.96;0;0;0;0;17;21;20;21;20;21;516;1CA;3.2;34.0;-7.5;14.6;5.5;77.1;-0.0001;-0.1125;
245.21;0;0;0;0;17;21;20;21;20;20;4FE;1CA;3.2;34.0;-27.0;14.6;5.5;77.1;-0.0001;-0.1185;
245.46;0;0;0;0;17;20;20;20;1F;20;4F2;1CA;3.2;33.5;-46.0;14.6;5.5;77.1;0.0553;-0.1180;
245.71;0;0;0;0;17;20;1F;20;1F;20;4EC;1CA;3.2;33.5;-25.0;14.6;5.5;77.1;0.0909;-0.1153;
245.96;0;0;0;0;17;1F;1E;1F;1E;1F;4CF;1CA;3.2;33.5;-22.5;14.6;5.5;77.1;-0.0001;-0.1148;
246.22;0;0;0;0;17;1F;1E;1F;1E;1E;4BB;1CA;3.2;33.5;-40.0;14.6;5.5;77.1;-0.0001;-0.0827;
246.47;0;0;0;0;17;1E;1D;1E;1D;1E;4A0;1CA;3.2;32.7;-48.5;14.5;5.5;77.1;-0.0001;-0.0745;
246.72;0;0;0;0;17;1D;1D;1D;1D;1D;48D;1CA;3.2;33.0;-48.0;14.5;5.5;77.1;-0.0001;-0.0527;
246.97;0;0;0;0;17;1D;1C;1D;1C;1D;472;1CA;3.2;33.0;-49.5;14.5;5.5;77.1;-0.0001;-0.0455;
247.22;1;0;0;0;17;1C;1C;1C;1C;1C;445;1CA;3.2;33.1;-49.0;14.5;5.5;77.1;-0.0001;-0.0181;
247.47;1;0;0;0;17;1C;1B;1C;1C;1C;348;1CA;3.2;33.1;23.0;14.5;5.5;77.1;-0.0039;0.0083;
247.72;1;0;0;0;17;1C;1C;1B;1B;1C;366;1CA;3.2;32.8;24.0;14.5;5.5;77.1;-0.0039;0.0282;
247.97;1;0;0;0;17;1B;1B;1B;1B;1B;378;1CA;3.2;33.3;16.0;14.5;5.5;77.1;-0.0039;0.0431;
248.22;1;0;0;0;17;1A;1B;1A;1B;1B;38E;1CA;3.2;33.3;9.5;14.5;5.5;77.1;-0.0039;0.0611;
248.47;1;0;0;0;17;1A;1A;1A;1A;1A;3E7;1CA;3.2;33.4;-48.0;14.5;5.5;77.1;-0.0001;0.0659;
248.72;1;0;0;0;17;18;19;18;19;19;3EC;1CA;3.2;34.6;-50.5;14.5;5.5;77.1;-0.0001;0.0721;
248.97;1;0;0;0;18;17;18;17;18;18;42F;1CA;3.2;34.6;-37.5;14.5;5.5;77.1;0.0355;0.0705;
249.22;1;0;0;0;18;16;16;16;16;16;4A5;1CA;3.2;36.5;-27.0;14.5;5.5;77.1;0.0553;0.0780;
249.47;1;0;0;0;18;15;15;15;15;15;56A;1CA;3.2;36.5;-51.5;14.5;5.5;77.1;-0.0001;0.0778;
249.72;1;0;0;0;18;14;14;14;14;14;51C;1CA;3.2;37.8;-49.0;14.5;5.5;77.1;-0.0001;0.0771;
249.97;0;0;0;0;18;13;13;13;13;13;4D6;1CA;3.2;37.8;-51.5;14.5;5.5;77.1;-0.0001;0.0760;
250.22;0;0;0;0;18;12;12;12;12;12;4A7;1CA;3.2;38.5;-50.5;14.5;5.5;77.1;-0.0001;0.0707;
250.47;0;0;0;0;18;11;12;11;12;12;46D;1CA;3.2;38.5;-50.5;14.5;5.5;77.1;-0.0001;0.0666;
250.72;0;0;0;0;18;10;10;10;10;10;43E;1CA;3.2;39.8;-50.0;14.6;5.5;77.1;-0.0001;0.0657;
250.97;1;0;0;0;18;F;10;F;F;10;3E8;1CA;3.2;40.4;-23.5;14.5;5.5;77.1;-0.0000;0.0650;
251.23;1;0;0;0;18;F;F;F;F;F;36C;1CA;3.2;40.4;11.5;14.5;5.5;77.1;-0.0039;0.0654;
251.48;1;0;0;0;18;E;E;E;E;E;366;1CA;3.2;40.8;25.0;14.5;5.5;77.1;-0.0039;0.0647;
251.73;1;0;0;0;18;D;D;D;D;D;371;1CA;3.2;41.4;19.0;14.5;5.5;77.1;-0.0039;0.0659;
251.98;1;1;0;0;18;D;D;D;D;D;36F;1CA;3.2;41.4;20.0;14.5;5.5;77.1;-0.0039;0.0668;
252.23;1;1;0;0;18;C;C;C;C;C;370;1CA;3.2;41.4;19.0;14.5;5.5;77.1;-0.0039;0.0915;
252.48;1;1;0;0;18;B;B;B;B;B;370;1CA;3.2;42.0;19.5;14.5;5.5;77.1;-0.0039;0.1093;
252.73;1;1;0;0;18;9;A;9;A;A;36C;1CA;3.2;42.0;21.0;14.5;5.5;77.1;-0.0039;0.1452;
252.98;1;1;0;0;18;9;9;9;9;9;36F;1CA;3.2;42.3;22.0;14.5;5.5;77.1;-0.0039;0.2000;
253.23;1;1;0;0;18;7;8;7;8;8;36F;1CA;3.2;42.3;22.0;14.5;5.5;77.1;-0.0039;0.3384;
253.48;1;1;0;0;18;6;7;6;7;7;36E;1CA;3.2;41.9;23.0;14.5;5.5;77.1;-0.0039;0.3961;
253.73;1;1;0;0;18;5;5;5;5;5;371;1CA;3.2;43.2;21.0;14.5;5.5;77.1;-0.0039;0.4352;
253.98;1;1;0;0;18;4;5;4;4;4;373;1CA;3.2;43.2;20.0;14.5;5.5;77.1;-0.0039;0.4356;
254.23;1;0;0;0;18;3;4;3;4;3;370;1CA;3.2;43.2;20.0;14.5;5.5;77.1;-0.0039;0.4402;
254.48;1;0;0;0;18;3;3;3;3;3;38D;1CA;3.2;43.7;49.5;14.5;5.5;77.1;-0.0038;0.4425;
254.73;1;0;0;0;18;3;4;3;3;3;39C;1CA;3.2;42.9;69.0;14.5;5.5;77.1;0.0396;0.4479;
254.98;1;0;0;0;18;3;4;3;4;3;3C4;1CA;3.2;42.9;61.0;14.5;5.5;77.1;0.0791;0.4580;
255.23;1;0;0;0;18;4;4;4;4;4;3C3;1CA;3.2;43.1;62.0;14.5;5.5;77.1;0.0949;0.4934;
255.48;1;0;0;0;18;4;5;4;5;4;39E;1CA;3.2;42.7;82.0;14.5;5.5;77.1;0.0989;0.5223;
255.73;1;0;0;0;18;5;6;4;5;5;3AD;1CA;3.2;42.7;86.0;14.5;5.5;77.1;0.1068;0.5652;
255.98;1;0;0;0;18;5;6;5;6;5;3AF;1CA;3.2;42.5;96.0;14.5;5.5;77.1;0.1148;0.6073;
256.24;1;0;0;0;18;6;7;6;7;6;3C5;1CA;3.2;42.5;95.5;14.5;5.5;77.1;0.1148;0.6359;
256.49;1;0;0;0;18;7;8;6;8;7;3C9;1CA;3.2;42.7;97.0;14.5;5.5;77.1;0.1227;0.6466;
256.74;1;0;0;0;18;8;9;7;9;8;3DA;1CA;3.2;41.6;100.5;14.5;5.5;77.1;0.1306;0.6705;
256.99;1;0;0;0;18;8;A;8;9;9;40B;1CA;3.2;41.6;91.0;14.5;5.5;77.1;0.1463;0.6883;
257.24;1;0;0;0;18;9;B;8;A;9;43F;1CA;3.2;41.4;68.0;14.5;5.5;77.1;0.1581;0.6924;
257.49;1;0;0;0;18;9;B;8;A;9;44A;1CA;3.2;41.4;66.5;14.5;5.5;77.1;0.1858;0.7089;
257.74;0;0;0;0;18;9;B;8;A;9;455;1CA;3.2;41.4;60.0;14.5;5.5;77.1;0.2530;0.7259;
257.99;0;0;0;0;18;9;B;8;A;A;476;1CA;3.2;39.9;72.0;14.5;5.5;77.1;0.2846;0.7408;
258.24;0;0;0;0;18;9;C;8;B;A;4A9;1CA;3.2;39.9;98.5;14.5;5.5;77.1;0.3163;0.7402;
258.49;0;0;0;0;18;A;C;9;B;A;4E0;1CA;3.2;40.2;110.0;14.5;5.5;77.1;0.3163;0.7397;
258.74;0;0;0;0;18;B;D;A;C;B;53F;1CA;3.2;40.2;116.5;14.5;5.5;77.1;0.3123;0.7365;
258.99;0;0;0;0;18;B;E;A;D;C;583;1CA;3.2;40.5;117.5;14.5;5.5;77.1;0.3123;0.7114;
259.24;0;0;0;0;18;C;F;B;E;D;5E0;1CA;3.2;40.5;118.5;14.5;5.5;77.1;0.3123;0.6723;
259.49;0;0;0;0;18;D;F;C;E;D;62D;1CA;3.2;41.3;116.5;14.5;5.5;77.1;0.3162;0.5986;
259.74;0;0;0;0;18;D;F;D;F;E;69E;1CA;3.2;41.9;118.5;14.5;5.5;77.1;0.3202;0.5138;
259.99;0;0;0;0;18;E;10;E;10;F;6E5;1CA;3.2;41.9;118.0;14.5;5.5;77.1;0.3202;0.3330;
260.24;0;0;0;0;18;F;10;F;10;F;748;1C8;3.2;41.6;118.5;14.6;5.5;77.1;0.3162;0.2338;
260.49;0;0;0;0;18;10;10;10;10;10;792;1C8;3.2;41.4;114.5;14.6;5.5;77.1;0.3162;0.1191;
260.74;0;0;0;0;18;11;11;11;11;11;805;1C8;3.2;41.4;111.0;14.5;5.5;77.1;0.3083;0.0316;
260.99;0;0;0;0;18;12;12;12;12;12;854;1C8;3.2;40.6;105.5;14.5;5.5;77.1;0.2886;-0.0508;
261.26;0;0;0;0;18;13;12;13;12;12;831;1C8;3.2;40.6;13.0;14.5;5.5;77.1;-0.0001;-0.0650;
261.51;1;0;0;0;18;12;11;12;11;12;775;1C8;3.2;39.2;-43.5;14.5;5.5;77.1;-0.0001;-0.0659;
261.76;1;0;0;0;18;11;11;11;11;11;5CB;1C8;3.2;38.6;-47.5;14.6;5.5;77.1;-0.0001;-0.0707;
262.01;1;0;0;0;18;11;10;10;10;10;4A5;1C8;3.2;38.6;25.5;14.6;5.5;77.1;0.2095;-0.0816;
262.26;0;0;0;0;18;11;10;11;10;10;460;1C8;3.2;37.5;179.5;14.5;5.5;77.1;0.4112;-0.0867;
262.51;0;0;0;0;18;11;11;11;11;11;471;1C8;3.2;37.5;185.5;14.5;5.5;77.1;0.5021;-0.0898;
262.76;0;0;0;0;18;13;12;13;12;12;4C1;1C8;3.2;36.0;197.0;14.5;5.5;77.1;0.5060;-0.0902;
263.01;0;0;0;0;18;14;13;13;13;13;4DA;1C8;3.2;36.0;212.5;14.6;5.5;77.1;0.5021;-0.0736;
263.26;0;0;0;0;18;15;14;15;14;14;538;1C8;3.2;34.9;234.5;14.6;5.5;77.1;0.4903;-0.0672;
263.51;0;0;0;0;19;16;16;16;15;15;577;1C8;3.2;32.8;237.5;14.5;5.5;77.1;0.4705;-0.0551;
263.76;0;0;0;0;19;17;17;17;17;17;5E7;1C8;3.2;32.8;230.0;14.5;5.5;77.1;0.4705;-0.0400;
264.01;0;0;0;0;19;18;18;18;18;18;62C;1C8;3.2;31.8;228.0;14.5;5.5;77.1;0.4705;-0.0142;
264.26;0;0;0;0;19;1A;1A;1A;1A;1A;68B;1C8;3.2;31.8;225.0;14.5;5.5;77.1;0.4665;-0.0144;
264.51;0;0;0;0;19;1B;1B;1B;1B;1B;6D2;1C8;3.2;31.0;223.0;14.5;5.5;77.1;0.4665;-0.0137;
264.76;0;0;0;0;19;1C;1C;1C;1C;1C;72A;1C8;3.2;30.4;220.0;14.5;5.5;77.1;0.4665;-0.0138;
265.01;0;0;0;0;19;1D;1D;1D;1D;1D;764;1C8;3.2;30.4;218.5;14.5;5.5;77.1;0.4665;-0.0257;
265.26;0;0;0;0;19;1F;1F;1F;1F;1F;7C4;1C8;3.2;30.7;216.0;14.5;5.5;77.1;0.4665;-0.0318;
265.51;0;0;0;0;19;20;20;20;20;20;7F7;1C8;3.2;30.6;214.5;14.5;5.5;77.1;0.4665;-0.0327;
265.76;0;0;0;0;19;21;21;21;21;21;851;1C8;3.2;30.6;206.0;14.5;5.5;77.1;0.4507;-0.0330;
266.01;0;0;0;0;19;22;22;22;22;22;87C;1C8;3.2;29.8;181.0;14.5;5.5;77.1;0.3914;-0.0355;
266.27;0;0;0;0;19;22;22;22;22;22;840;1C8;3.2;29.8;3.5;14.5;5.5;77.1;-0.0001;-0.0355;
266.52;1;0;0;0;19;21;21;21;21;21;798;1C8;3.2;29.9;-44.0;14.5;5.5;77.1;-0.0001;-0.0360;
266.77;1;0;0;0;19;20;20;20;20;20;614;1C8;3.2;29.9;3.0;14.5;5.5;77.1;0.2213;-0.0353;
267.02;1;0;0;0;19;20;20;20;20;20;4D2;1C8;3.2;30.4;155.0;14.5;5.5;77.1;0.3756;-0.0353;
267.27;0;0;0;0;19;21;21;21;21;21;548;1C8;3.2;30.4;237.5;14.5;5.5;77.1;0.5733;-0.0353;
267.52;0;0;0;0;19;21;21;21;21;21;53E;1C8;3.2;30.5;244.5;14.5;5.5;77.1;0.5614;-0.0336;
267.77;0;0;0;0;19;22;22;22;21;21;538;1C8;3.2;30.8;259.0;14.5;5.5;77.1;0.5535;-0.0318;
268.02;0;0;0;0;19;22;22;22;22;22;54D;1C8;3.2;30.8;266.0;14.5;5.5;77.1;0.5456;-0.0268;
268.27;0;0;0;0;19;23;23;23;23;23;56A;1C8;3.2;30.5;269.5;14.5;5.5;77.1;0.5417;-0.0252;
268.52;0;0;0;0;19;24;23;24;23;24;584;1C8;3.2;30.9;269.0;14.5;5.5;77.1;0.5377;-0.0197;
268.77;0;0;0;0;19;24;24;24;24;24;5A4;1C8;3.2;30.9;264.5;14.5;5.5;77.1;0.5298;-0.0186;
269.02;0;0;0;0;19;25;25;25;25;25;5AF;1C8;3.2;30.6;264.5;14.5;5.5;77.1;0.5219;-0.0209;
269.27;0;0;0;0;19;25;25;25;25;25;5DB;1C8;3.2;30.6;257.0;14.5;5.5;77.1;0.5140;-0.0237;
269.52;0;0;0;0;1A;26;26;26;26;26;5F2;1C8;3.2;30.2;254.5;14.5;5.5;77.1;0.5061;-0.0268;
269.77;0;0;0;0;1A;27;27;27;27;27;60F;1C8;3.2;30.6;247.5;14.5;5.5;77.1;0.4982;-0.0336;
270.02;0;0;0;0;1A;28;27;28;27;28;621;1C8;3.2;30.6;246.0;14.5;5.5;77.1;0.5021;-0.0345;
270.27;0;0;0;0;1A;28;28;28;28;28;637;1C8;3.2;30.3;245.0;14.5;5.5;77.1;0.4982;-0.0346;
270.52;0;0;0;0;1A;29;28;29;28;29;651;1C8;3.2;30.3;242.0;14.5;5.5;77.1;0.4824;-0.0348;
270.77;0;0;0;0;1A;29;29;29;29;29;669;1C8;3.2;30.3;234.5;14.5;5.5;77.1;0.4824;-0.0359;
271.02;0;0;0;0;1A;2A;29;2A;29;2A;675;1C8;3.2;30.3;234.5;14.5;5.5;77.1;0.4824;-0.0353;
271.28;0;0;0;0;1A;2A;2A;2A;2A;2A;68D;1C8;3.2;29.4;232.0;14.5;5.5;77.1;0.4784;-0.0360;
271.53;0;0;0;0;1A;2B;2A;2B;2A;2B;697;1C8;3.2;29.3;230.5;14.5;5.5;77.1;0.4784;-0.0441;
271.78;0;0;0;0;1A;2B;2B;2B;2B;2B;6AD;1C8;3.2;29.3;229.0;14.5;5.5;77.1;0.4784;-0.0473;
272.03;0;0;0;0;1A;2C;2B;2C;2B;2C;6C3;1C8;3.2;29.0;227.5;14.5;5.5;77.1;0.4745;-0.0513;
272.28;0;0;0;0;1A;2C;2B;2C;2B;2C;6D0;1C8;3.2;28.7;226.0;14.5;5.5;77.1;0.4745;-0.0513;
272.53;0;0;0;0;1A;2C;2C;2C;2C;2C;6E0;1C8;3.2;28.7;224.5;14.5;5.5;77.1;0.4745;-0.0513;
272.78;0;0;0;0;1A;2D;2C;2D;2C;2D;6ED;1C8;3.2;28.4;224.5;14.5;5.5;77.1;0.4784;-0.0512;
273.03;0;0;0;0;1B;2D;2D;2D;2D;2D;6F6;1C8;3.2;28.4;226.5;14.5;5.5;77.1;0.4784;-0.0455;
273.28;0;0;0;0;1B;2D;2D;2E;2D;2D;711;1C8;3.2;28.2;225.5;14.5;5.5;77.1;0.4824;-0.0338;
273.53;0;0;0;0;1B;2E;2D;2E;2E;2E;71C;1C8;3.2;28.1;227.5;14.5;5.5;77.1;0.4824;-0.0286;
273.78;0;0;0;0;1B;2E;2E;2F;2E;2E;734;1C8;3.2;28.1;236.0;14.5;5.5;77.1;0.5021;-0.0241;
274.03;0;0;0;0;1B;2F;2F;2F;2F;2F;743;1C8;3.2;28.0;241.5;14.5;5.5;77.1;0.5140;-0.0197;
274.28;0;0;0;0;1B;2F;2F;30;2F;2F;75F;1C8;3.2;28.1;245.0;14.5;5.5;77.1;0.5179;-0.0105;
274.53;0;0;0;0;1B;30;30;30;30;30;76B;1C8;3.2;28.1;245.5;14.5;5.5;77.1;0.5179;0.0012;
274.78;0;0;0;0;1B;30;31;30;30;30;789;1C8;3.2;28.2;246.0;14.5;5.5;77.1;0.5179;0.0056;
275.03;0;0;0;0;1B;31;31;31;31;31;795;1C8;3.2;28.2;246.0;14.5;5.5;77.1;0.5219;0.0112;
275.28;0;0;0;0;1B;32;32;31;31;32;7B9;1C8;3.2;29.0;255.0;14.5;5.5;77.1;0.5654;0.0091;
275.53;0;0;0;0;1C;32;32;32;32;32;7C8;1C8;3.2;29.0;263.0;14.5;5.5;77.1;0.5733;0.0066;
275.78;0;0;0;0;1C;33;33;33;33;33;7E7;1C8;3.2;29.1;263.5;14.5;5.5;77.1;0.5575;0.0063;
276.03;0;0;0;0;1C;34;33;34;34;34;7F6;1C8;3.2;29.1;258.5;14.5;5.5;77.1;0.5496;0.0106;
276.29;0;0;0;0;1C;34;34;34;34;34;812;1C8;3.2;29.6;253.0;14.5;5.5;77.1;0.5377;0.0131;
276.54;0;0;0;0;1C;34;35;35;35;35;82B;1C8;3.2;30.2;248.0;14.5;5.5;77.1;0.5298;0.0159;
276.79;0;0;0;0;1C;35;35;35;35;35;818;1C8;3.2;30.2;168.0;14.5;5.5;77.1;0.1225;0.0183;
277.04;1;0;0;0;1C;34;34;34;34;34;70C;1C8;3.2;30.4;-38.5;14.5;5.5;77.1;-0.0001;0.0177;
277.29;1;0;0;0;1C;33;33;33;33;33;5E4;1C8;3.2;31.7;-41.5;14.4;5.5;77.1;0.0908;0.0174;
277.54;0;0;0;0;1C;32;33;32;33;33;5A6;1C8;3.2;31.7;248.0;14.4;5.5;77.1;0.5575;0.0163;
277.79;0;0;0;0;1D;33;33;33;33;33;59C;1C8;3.2;32.2;277.0;14.4;5.5;77.1;0.5931;0.0183;
278.04;0;0;0;0;1D;33;33;33;33;33;5A7;1C8;3.2;32.2;287.5;14.4;5.5;77.1;0.5931;0.0257;
278.29;0;0;0;0;1D;33;33;33;33;33;5A4;1C8;3.2;32.3;298.5;14.4;5.5;77.1;0.5891;0.0300;
278.54;0;0;0;0;1D;33;34;33;34;33;5B5;1C8;3.2;32.8;293.5;14.4;5.5;77.1;0.5852;0.0302;
278.79;0;0;0;0;1D;33;34;34;34;34;5B8;1C8;3.2;32.8;286.0;14.4;5.5;77.1;0.5812;0.0234;
279.04;0;0;0;0;1D;34;34;34;34;34;5C2;1C8;3.2;33.2;282.5;14.4;5.5;77.1;0.5812;0.0165;
279.29;0;0;0;0;1D;34;34;34;34;34;5CF;1C8;3.2;33.2;284.0;14.5;5.5;77.1;0.5812;0.0119;
279.54;0;0;0;0;1D;35;35;35;35;35;5D1;1C8;3.2;33.0;282.0;14.5;5.5;77.1;0.5812;0.0098;
279.79;0;0;0;0;1D;35;35;35;35;35;5E8;1C8;3.2;33.0;281.5;14.5;5.5;77.1;0.5812;0.0087;
280.04;0;0;0;0;1D;36;36;35;36;36;5F5;1C8;3.2;33.3;282.5;14.5;5.5;77.1;0.5812;0.0088;
280.29;0;0;0;0;1D;36;36;36;36;36;5F9;1C8;3.2;33.0;281.0;14.5;5.5;77.1;0.5812;0.0085;
280.54;0;0;0;0;1E;36;37;36;36;36;60D;1C8;3.2;33.0;280.5;14.5;5.5;77.1;0.5852;0.0080;
280.79;0;0;0;0;1E;37;37;37;37;37;616;1C8;3.2;33.2;286.0;14.5;5.5;77.1;0.5931;0.0062;
281.04;0;0;0;0;1E;37;37;37;37;37;61F;1C8;3.2;33.2;288.0;14.4;5.5;77.1;0.6089;0.0062;
281.30;0;0;0;0;1E;38;37;38;38;38;62D;1C8;3.2;33.3;294.5;14.4;5.5;77.1;0.6247;0.0051;
281.55;0;0;0;0;1E;38;38;38;38;38;639;1C8;3.2;32.4;297.0;14.5;5.5;77.1;0.6247;0.0030;
281.80;0;0;0;0;1E;39;39;39;39;39;64E;1C8;3.2;32.4;296.5;14.5;5.5;77.1;0.6247;0.0009;
282.05;0;0;0;0;1E;39;3A;39;39;3A;660;1C8;3.2;32.2;296.5;14.4;5.5;77.1;0.6247;0.0007;
282.30;0;0;0;0;1E;3A;3A;3A;3A;3A;669;1C8;3.2;32.0;297.0;14.4;5.5;77.1;0.6247;0.0000;
282.55;0;0;0;0;1E;3A;3B;3B;3B;3B;67A;1C8;3.2;32.0;295.5;14.5;5.5;77.1;0.6207;-0.0002;
282.80;0;0;0;0;1E;3B;3B;3B;3B;3B;687;1C8;3.2;31.9;295.5;14.5;5.5;77.1;0.6207;-0.0009;
283.05;0;0;0;0;1E;3C;3C;3C;3C;3C;69C;1C8;3.2;31.9;294.0;14.5;5.5;77.1;0.6207;-0.0009;
283.30;0;0;0;0;1E;3C;3C;3C;3C;3C;6A8;1C8;3.2;31.2;293.5;14.5;5.5;77.1;0.6207;-0.0009;
283.55;0;0;0;0;1F;3D;3D;3D;3D;3D;6BB;1C8;3.2;31.2;293.0;14.5;5.5;77.1;0.6207;-0.0009;
283.80;0;0;0;0;1F;3D;3D;3D;3D;3D;6C4;1C8;3.2;31.0;292.0;14.5;5.5;77.1;0.6168;-0.0010;
284.05;0;0;0;0;1F;3E;3E;3E;3E;3E;6DC;1C8;3.2;31.0;291.0;14.5;5.5;77.1;0.6168;-0.0034;
284.30;0;0;0;0;1F;3E;3F;3E;3E;3F;6E9;1C8;3.2;31.0;290.5;14.5;5.5;77.1;0.6168;-0.0039;
284.55;0;0;0;0;1F;3F;3F;3F;3F;3F;6F6;1C8;3.2;31.0;290.0;14.5;5.5;77.1;0.6168;-0.0016;
284.80;0;0;0;0;1F;40;40;40;40;40;705;1C8;3.2;31.0;288.0;14.5;5.5;77.1;0.6089;-0.0020;
285.05;0;0;0;0;1F;40;40;40;40;40;717;1C8;3.2;30.9;286.0;14.5;5.5;77.1;0.6089;0.0005;
285.30;0;0;0;0;1F;40;40;41;41;41;722;1C8;3.2;31.0;284.0;14.5;5.5;77.1;0.6010;0.0037;
285.55;0;0;0;0;1F;41;41;41;41;41;732;1C8;3.2;31.0;282.0;14.5;5.5;77.1;0.6010;0.0062;
285.80;0;0;0;0;20;41;42;42;42;42;742;1C8;3.2;31.0;281.0;14.5;5.5;77.1;0.6010;0.0063;
286.05;0;0;0;0;20;42;42;42;43;42;752;1C8;3.2;31.0;280.5;14.5;5.5;77.1;0.5931;0.0066;
286.32;0;0;0;0;20;43;43;43;43;43;760;1C8;3.2;31.7;278.5;14.5;5.5;77.1;0.5931;0.0063;
286.57;0;0;0;0;20;43;44;43;44;44;774;1C8;3.2;31.9;277.0;14.5;5.5;77.1;0.5931;0.0062;
286.82;0;0;0;0;20;44;44;44;44;44;77D;1C8;3.2;31.9;275.5;14.5;5.5;77.1;0.5891;0.0063;
287.07;0;0;0;0;20;44;45;45;45;45;78F;1C8;3.2;32.1;273.5;14.5;5.5;77.1;0.5852;0.0063;
287.32;0;0;0;0;20;45;45;45;45;45;799;1C8;3.2;32.7;271.5;14.5;5.5;77.1;0.5812;0.0059;
287.57;0;0;0;0;20;45;46;45;45;46;7AB;1C8;3.2;32.7;267.5;14.5;5.5;77.1;0.5693;0.0039;
287.82;0;0;0;0;20;46;46;46;46;46;7B9;1C8;3.2;32.7;264.0;14.4;5.5;77.1;0.5575;-0.0016;
288.07;0;0;0;0;21;47;47;46;47;47;7C8;1C8;3.2;32.7;254.5;14.4;5.5;77.1;0.5377;-0.0031;
288.32;0;0;0;0;21;47;47;47;47;47;7D5;1C8;3.2;33.0;248.5;14.4;5.5;77.1;0.5179;-0.0039;
288.57;1;0;0;0;21;47;47;47;47;47;787;1C8;3.2;33.0;-45.5;14.4;5.5;77.1;-0.0001;-0.0042;
288.82;1;0;0;0;21;46;46;46;46;46;694;1C8;3.2;33.1;-36.5;14.4;5.5;77.1;-0.0001;-0.0055;
289.07;1;0;0;0;21;45;45;45;45;46;5BE;1C8;3.2;33.1;100.0;14.4;5.5;77.1;0.3913;-0.0069;
289.32;0;0;0;0;21;45;45;45;45;45;628;1C8;3.2;33.6;235.0;14.4;5.5;77.1;0.5377;-0.0092;
289.57;0;0;0;0;21;45;45;45;45;46;62B;1C8;3.2;33.7;284.0;14.5;5.5;77.1;0.6168;-0.0098;
289.82;0;0;0;0;22;46;46;46;46;46;62E;1C8;3.2;33.7;294.0;14.5;5.5;77.1;0.6247;-0.0117;
290.07;0;0;0;0;22;46;46;46;46;46;639;1C8;3.2;33.6;296.0;14.5;5.5;77.1;0.6207;-0.0117;
290.32;0;0;0;0;22;47;47;47;46;47;637;1C8;3.2;33.0;295.5;14.5;5.5;77.1;0.6207;-0.0115;
290.57;0;0;0;0;22;47;47;47;47;47;644;1C8;3.2;33.0;294.0;14.5;5.5;77.1;0.6168;-0.0112;
290.82;0;0;0;0;22;48;47;47;47;48;652;1C8;3.2;32.9;292.5;14.5;5.5;77.1;0.6128;-0.0069;
291.07;0;0;0;0;22;48;48;48;48;48;65E;1C8;3.2;32.9;290.0;14.5;5.5;77.1;0.6089;-0.0044;
291.34;0;0;0;0;22;48;48;48;48;49;665;1C8;3.2;32.6;288.0;14.5;5.5;77.1;0.6049;-0.0039;
291.59;0;0;0;0;22;49;49;49;49;49;674;1C8;3.2;32.5;286.5;14.5;5.5;77.1;0.6010;-0.0039;
291.84;0;0;0;0;22;49;4A;49;49;49;67D;1C8;3.2;32.5;283.5;14.5;5.5;77.1;0.5931;-0.0044;
292.09;0;0;0;0;22;4A;49;4A;4A;4A;68E;1C8;3.2;32.5;282.0;14.5;5.5;77.1;0.5931;-0.0074;
292.34;0;0;0;0;22;4A;4A;4A;4A;4A;693;1C8;3.2;32.5;281.5;14.5;5.5;77.1;0.5931;-0.0080;
292.59;0;0;0;0;22;4B;4B;4B;4A;4B;69E;1C8;3.2;32.1;281.0;14.5;5.5;77.1;0.5931;-0.0081;
292.84;0;0;0;0;23;4B;4B;4B;4B;4B;6A7;1C8;3.2;32.1;280.0;14.5;5.5;77.1;0.5931;-0.0092;
293.09;0;0;0;0;23;4B;4C;4C;4C;4C;6B3;1C8;3.2;32.0;279.5;14.5;5.5;77.1;0.5931;-0.0131;
293.34;0;0;0;0;23;4C;4C;4C;4C;4C;6BA;1C6;3.2;31.2;279.5;14.5;5.5;77.1;0.5931;-0.0140;
293.59;0;0;0;0;23;4D;4C;4C;4C;4D;6C4;1C6;3.2;31.2;280.5;14.5;5.5;77.1;0.5931;-0.0131;
293.84;0;0;0;0;23;4D;4D;4D;4D;4D;6CC;1C6;3.2;30.8;282.0;14.5;5.5;77.1;0.5931;-0.0115;
294.09;0;0;0;0;23;4D;4D;4D;4D;4D;6D5;1C6;3.2;30.7;281.5;14.5;5.5;77.1;0.5970;-0.0102;
294.34;0;0;0;0;23;4E;4E;4E;4E;4E;6E3;1C6;3.2;30.7;284.0;14.5;5.5;77.1;0.6049;-0.0094;
294.59;0;0;0;0;23;4E;4E;4E;4E;4E;6EC;1C6;3.2;30.8;287.0;14.5;5.5;77.1;0.6168;-0.0073;
294.84;0;0;0;0;23;4F;4F;4F;4F;4F;6FB;1C6;3.2;30.8;291.5;14.5;5.5;77.1;0.6286;-0.0053;
295.09;0;0;0;0;24;4F;4F;4F;4F;4F;705;1C6;3.2;30.6;294.0;14.5;5.5;77.1;0.6286;-0.0034;
295.34;0;0;0;0;24;50;50;50;50;50;70F;1C6;3.2;30.8;294.5;14.5;5.5;77.1;0.6286;-0.0027;
295.59;0;0;0;0;24;50;50;50;50;50;718;1C6;3.2;30.8;294.0;14.5;5.5;77.1;0.6286;0.0014;
295.84;0;0;0;0;24;51;51;51;51;51;725;1C6;3.2;30.7;292.0;14.5;5.5;77.1;0.6247;0.0017;
296.09;0;0;0;0;24;51;51;51;51;51;72F;1C6;3.2;30.7;290.0;14.5;5.5;77.1;0.6207;0.0020;
296.35;0;0;0;0;24;52;52;52;52;52;73A;1C6;3.2;30.8;288.0;14.5;5.5;77.1;0.6128;0.0020;
296.60;0;0;0;0;24;52;52;52;52;52;746;1C6;3.2;30.8;286.5;14.5;5.5;77.1;0.6128;0.0027;
296.85;0;0;0;0;24;52;53;53;53;53;74C;1C6;3.2;31.1;286.0;14.5;5.5;77.1;0.6128;0.0023;
297.10;0;0;0;0;24;53;53;53;53;53;755;1C6;3.2;31.4;286.0;14.5;5.5;77.1;0.6128;0.0007;
297.35;0;0;0;0;24;53;54;53;53;54;762;1C6;3.2;31.4;284.5;14.5;5.5;77.1;0.6089;0.0000;
297.60;0;0;0;0;25;54;54;54;54;54;76A;1C6;3.2;31.6;283.0;14.5;5.5;77.1;0.6089;-0.0003;
297.85;0;0;0;0;25;54;55;54;55;54;773;1C6;3.2;31.6;281.5;14.5;5.5;77.1;0.6049;0.0002;
298.10;0;0;0;0;25;54;55;55;55;55;77B;1C6;3.2;32.0;281.0;14.5;5.5;77.1;0.6010;0.0007;
298.35;0;0;0;0;25;55;55;55;55;55;785;1C6;3.2;32.3;279.5;14.5;5.5;77.1;0.6010;0.0021;
298.60;0;0;0;0;25;56;55;55;55;56;78C;1C6;3.2;32.3;278.0;14.5;5.5;77.1;0.5970;0.0027;
298.85;0;0;0;0;25;56;56;56;56;56;798;1C6;3.2;32.5;276.0;14.5;5.5;77.1;0.5931;0.0035;
299.10;0;0;0;0;25;56;56;56;56;56;79C;1C6;3.2;33.0;274.0;14.5;5.5;77.1;0.5891;0.0030;
299.35;0;0;0;0;25;57;56;56;56;57;7A4;1C6;3.2;33.0;273.5;14.4;5.5;77.1;0.5891;0.0014;
299.60;0;0;0;0;26;57;57;57;57;57;7AE;1C6;3.2;33.0;270.5;14.4;5.5;77.1;0.5812;-0.0010;
299.85;0;0;0;0;26;57;57;57;57;57;7AC;1C6;3.2;33.0;250.5;14.4;5.5;77.1;0.3045;-0.0003;
300.10;1;0;0;0;26;57;57;57;57;57;769;1C6;3.2;33.0;-42.5;14.5;5.5;77.1;-0.0001;-0.0003;
300.35;1;0;0;0;26;56;56;56;56;56;5C1;1C6;3.2;33.0;-13.5;14.4;5.5;77.1;0.2252;0.0000;
300.60;1;0;0;0;26;56;56;56;56;56;653;1C6;3.2;33.5;236.0;14.4;5.5;77.1;0.5535;0.0012;
300.85;0;0;0;0;26;56;56;56;56;56;644;1C6;3.2;33.5;297.0;14.4;5.5;77.1;0.6445;0.0027;
301.10;0;0;0;0;26;56;56;56;56;56;63E;1C6;3.2;33.5;305.5;14.4;5.5;77.1;0.6405;0.0027;
301.37;0;0;0;0;26;57;57;56;56;57;64A;1C6;3.2;33.6;301.5;14.5;5.5;77.1;0.6286;0.0021;
301.62;0;0;0;0;26;57;57;57;57;57;650;1C6;3.2;33.6;296.0;14.5;5.5;77.1;0.6207;0.0014;
301.87;0;0;0;0;27;57;57;57;57;57;658;1C6;3.2;33.5;293.5;14.5;5.5;77.1;0.6168;0.0021;
302.12;0;0;0;0;27;58;58;58;58;58;65C;1C6;3.2;33.6;292.0;14.5;5.5;77.1;0.6089;0.0027;
302.37;0;0;0;0;27;58;58;58;58;58;667;1C6;3.2;33.6;289.0;14.5;5.5;77.1;0.6089;0.0056;
302.62;0;0;0;0;27;58;58;58;58;59;66A;1C6;3.2;33.6;287.5;14.5;5.5;77.1;0.6049;0.0037;
302.87;0;0;0;0;27;59;59;59;59;59;673;1C6;3.2;33.6;282.5;14.5;5.5;77.1;0.5931;-0.0016;
303.12;0;0;0;0;27;59;59;59;59;59;675;1C6;3.2;33.9;282.0;14.5;5.5;77.1;0.5891;-0.0030;
303.37;0;0;0;0;27;59;59;59;59;5A;680;1C6;3.2;33.5;277.0;14.4;5.5;77.1;0.5773;-0.0010;
303.62;0;0;0;0;27;5A;5A;5A;5A;5A;680;1C6;3.2;33.5;277.5;14.4;5.5;77.1;0.5733;-0.0007;
303.87;0;0;0;0;27;5A;5A;5A;5A;5A;68A;1C6;3.2;33.5;275.0;14.4;5.5;77.1;0.5733;-0.0012;
304.12;0;0;0;0;27;5A;5A;5A;5A;5B;68C;1C6;3.2;33.6;273.5;14.4;5.5;77.1;0.5693;-0.0028;
304.37;0;0;0;0;28;5B;5B;5B;5B;5B;699;1C6;3.2;33.6;273.0;14.4;5.5;77.1;0.5693;-0.0027;
304.62;0;0;0;0;28;5B;5B;5B;5B;5B;69B;1C6;3.2;33.6;273.5;14.4;5.5;77.1;0.5654;0.0044;
304.87;0;0;0;0;28;5B;5B;5B;5C;5C;6A2;1C6;3.2;33.0;270.0;14.4;5.5;77.1;0.5654;0.0010;
305.12;0;0;0;0;28;5C;5B;5C;5C;5C;6A3;1C6;3.2;33.1;270.0;14.4;5.5;77.1;0.5614;-0.0014;
305.37;0;0;0;0;28;5C;5C;5C;5C;5C;6A9;1C6;3.2;33.1;266.5;14.4;5.5;77.1;0.5535;-0.0035;
305.62;0;0;0;0;28;5C;5C;5C;5C;5C;6AE;1C6;3.2;33.2;265.5;14.4;5.5;77.1;0.5535;-0.0030;
305.87;0;0;0;0;28;5C;5C;5C;5C;5C;6B3;1C6;3.2;33.2;264.0;14.4;5.5;77.1;0.5496;-0.0027;
306.12;0;0;0;0;28;5C;5C;5C;5C;5D;6B4;1C5;3.2;32.8;263.5;14.4;5.5;77.1;0.5496;-0.0020;
306.38;0;0;0;0;28;5D;5D;5D;5D;5D;6BA;1C5;3.2;32.7;262.5;14.4;5.5;77.1;0.5456;-0.0009;
306.63;0;0;0;0;28;5D;5D;5D;5D;5D;6BC;1C5;3.2;32.7;261.5;14.4;5.5;77.1;0.5456;0.0002;
306.88;0;0;0;0;29;5D;5D;5D;5D;5D;6C0;1C5;3.2;32.6;261.0;14.4;5.5;77.1;0.5456;0.0027;
307.13;0;0;0;0;29;5D;5D;5D;5D;5D;6C6;1C5;3.2;32.0;260.5;14.4;5.5;77.1;0.5417;0.0067;
307.38;0;0;0;0;29;5D;5D;5D;5D;5E;6C8;1C5;3.2;32.0;259.0;14.4;5.5;77.1;0.5377;0.0051;
307.63;0;0;0;0;29;5E;5E;5E;5E;5E;6CB;1C5;3.2;32.9;258.5;14.4;5.5;77.1;0.5377;0.0010;
307.88;0;0;0;0;29;5E;5E;5E;5E;5E;6CF;1C5;3.2;32.4;257.5;14.4;5.5;77.1;0.5377;0.0007;
308.13;0;0;0;0;29;5E;5E;5E;5E;5E;6CF;1C5;3.2;32.4;257.0;14.4;5.5;77.1;0.5338;0.0027;
308.38;0;0;0;0;29;5E;5E;5E;5E;5E;6D3;1C5;3.2;32.3;255.5;14.4;5.5;77.1;0.5298;0.0056;
308.63;0;0;0;0;29;5E;5E;5E;5E;5E;6D3;1C5;3.2;32.3;254.0;14.4;5.5;77.1;0.5259;0.0066;
308.88;0;0;0;0;29;5E;5E;5E;5E;5E;6D6;1C5;3.2;32.6;251.5;14.4;5.5;77.1;0.5219;0.0062;
309.13;0;0;0;0;29;5E;5E;5E;5E;5F;6D8;1C5;3.2;32.6;251.0;14.4;5.5;77.1;0.5180;0.0051;
309.38;0;0;0;0;2A;5E;5E;5E;5E;5F;6D7;1C5;3.2;32.1;249.5;14.4;5.5;77.1;0.5140;0.0049;
309.63;0;0;0;0;2A;5E;5E;5E;5F;5F;6D8;1C5;3.2;32.1;244.5;14.4;5.5;77.1;0.5021;0.0041;
309.88;0;0;0;0;2A;5F;5F;5E;5E;5F;6D7;1C5;3.2;32.2;232.0;14.4;5.5;77.1;0.4784;0.0055;
310.13;0;0;0;0;2A;5E;5F;5E;5E;5F;6D8;1C5;3.2;32.6;221.0;14.4;5.5;77.1;0.4547;0.0062;
310.38;0;0;0;0;2A;5E;5F;5E;5E;5F;6D5;1C5;3.2;32.6;155.5;14.4;5.5;77.1;0.3558;0.0080;
310.63;0;0;0;0;2A;5E;5E;5E;5E;5E;6D4;1C5;3.2;32.4;124.5;14.4;5.5;77.1;0.3004;0.0144;
310.88;0;0;0;0;2A;5E;5E;5E;5E;5E;6CE;1C5;3.2;33.2;90.0;14.4;5.5;77.1;0.2727;0.0156;
311.13;0;0;0;0;2A;5D;5E;5D;5E;5E;6C8;1C5;3.2;33.2;89.0;14.4;5.5;77.1;0.2727;0.0170;
311.39;0;0;0;0;2A;5D;5E;5D;5D;5E;6C4;1C5;3.2;34.1;91.0;14.4;5.5;77.1;0.2806;0.0208;
311.64;0;0;0;0;2B;5D;5D;5D;5D;5D;6C0;1C5;3.2;34.1;97.5;14.4;5.5;77.1;0.3004;0.0208;
311.89;0;0;0;0;2B;5D;5D;5D;5D;5D;6BB;1C5;3.2;33.9;106.5;14.4;5.5;77.1;0.3242;0.0204;
312.14;0;0;0;0;2B;5D;5D;5C;5D;5D;6B9;1C5;3.2;36.0;129.0;14.4;5.5;77.1;0.3400;0.0197;
312.39;0;0;0;0;2B;5D;5D;5C;5D;5D;6BA;1C5;3.2;36.0;130.5;14.4;5.5;77.1;0.3360;0.0191;
312.64;0;0;0;0;2B;5D;5D;5C;5D;5D;6B7;1C5;3.2;36.4;130.5;14.4;5.5;77.1;0.3360;0.0190;
312.89;0;0;0;0;2B;5C;5D;5C;5D;5D;6B9;1C5;3.2;36.4;130.5;14.4;5.5;77.1;0.3360;0.0186;
313.14;0;0;0;0;2B;5C;5D;5D;5D;5D;6BD;1C5;3.2;36.7;129.5;14.4;5.5;77.1;0.3360;0.0183;
313.39;0;0;0;0;2B;5C;5D;5C;5D;5D;6B9;1C5;3.2;36.7;130.5;14.4;5.5;77.1;0.3360;0.0218;
313.64;0;0;0;0;2B;5C;5D;5C;5D;5D;6BB;1C5;3.2;37.8;129.5;14.4;5.5;77.1;0.3360;0.0205;
313.89;0;0;0;0;2B;5C;5D;5C;5D;5D;6BB;1C5;3.2;38.0;130.5;14.4;5.5;77.1;0.3360;0.0181;
314.14;0;0;0;0;2B;5D;5D;5C;5D;5D;6B8;1C5;3.2;38.0;130.0;14.4;5.5;77.1;0.3360;0.0138;
314.39;0;0;0;0;2B;5D;5D;5C;5D;5D;6BD;1C5;3.2;38.9;129.5;14.4;5.5;77.1;0.3360;-0.0009;
314.64;0;0;0;0;2B;5D;5D;5D;5D;5D;6BC;1C5;3.2;38.9;129.0;14.4;5.5;77.1;0.3321;-0.0009;
314.89;0;0;0;0;2B;5D;5D;5D;5D;5D;6BF;1C5;3.2;39.2;127.5;14.4;5.5;77.1;0.3360;0.0007;
315.14;0;0;0;0;2B;5D;5D;5D;5D;5D;6C1;1C5;3.2;38.0;130.0;14.4;5.5;77.1;0.3360;0.0017;
315.39;0;0;0;0;2C;5D;5D;5D;5D;5E;6C4;1C5;3.2;38.0;131.0;14.4;5.5;77.1;0.3360;0.0021;
315.64;0;0;0;0;2C;5D;5D;5D;5D;5E;6C9;1C5;3.2;37.7;129.0;14.4;5.5;77.1;0.3321;0.0021;
315.89;0;0;0;0;2C;5D;5E;5D;5E;5E;6C8;1C5;3.2;36.9;128.0;14.4;5.5;77.1;0.3321;0.0007;
316.14;0;0;0;0;2C;5E;5E;5E;5E;5E;6CF;1C5;3.2;36.9;125.5;14.4;5.5;77.1;0.3281;-0.0003;
316.40;0;0;0;0;2C;5E;5E;5E;5E;5E;6D1;1C5;3.2;35.3;122.0;14.4;5.5;77.1;0.3162;-0.0003;
316.65;0;0;0;0;2C;5E;5E;5E;5E;5E;6CB;1C5;3.2;35.3;99.0;14.4;5.5;77.1;0.2727;-0.0003;
316.90;0;0;0;0;2C;5E;5E;5E;5E;5E;6CA;1C5;3.2;35.3;79.5;14.4;5.5;77.1;0.2411;-0.0007;
317.15;0;0;0;0;2C;5E;5E;5E;5E;5E;6CE;1C4;3.2;35.3;64.0;14.4;5.5;77.1;0.2292;-0.0053;
317.40;0;0;0;0;2C;5E;5E;5E;5E;5E;6CD;1C4;3.2;34.3;63.0;14.4;5.5;77.1;0.2292;-0.0042;
317.65;0;0;0;0;2C;5E;5E;5E;5D;5E;6CE;1C4;3.2;34.3;60.0;14.4;5.5;77.1;0.2292;-0.0037;
317.90;0;0;0;0;2C;5E;5E;5E;5E;5E;6CC;1C4;3.2;33.7;60.0;14.4;5.5;77.1;0.2292;-0.0031;
318.15;0;0;0;0;2C;5D;5D;5D;5D;5E;6CA;1C4;3.2;33.3;60.0;14.5;5.5;77.1;0.2292;-0.0024;
318.40;0;0;0;0;2C;5E;5D;5D;5D;5E;6C9;1C4;3.2;33.3;60.0;14.5;5.5;77.1;0.2292;-0.0003;
318.65;0;0;0;0;2C;5D;5D;5D;5D;5E;6BF;1C4;3.2;32.1;60.5;14.5;5.5;77.1;0.2292;0.0030;
318.90;0;0;0;0;2C;5D;5D;5D;5D;5D;6BF;1C4;3.2;32.4;60.5;14.5;5.5;77.1;0.2292;0.0063;
319.15;0;0;0;0;2C;5D;5D;5D;5D;5D;6BE;1C4;3.2;32.4;62.5;14.5;5.5;77.1;0.2292;0.0098;
319.40;0;0;0;0;2C;5D;5D;5D;5D;5D;6BC;1C4;3.2;33.2;63.0;14.5;5.5;77.1;0.2292;0.0105;
319.65;0;0;0;0;2C;5D;5D;5D;5D;5D;6BD;1C4;3.2;33.2;63.5;14.5;5.5;77.1;0.2332;0.0137;
319.90;0;0;0;0;2C;5C;5D;5C;5D;5D;6B7;1C4;3.2;33.3;64.5;14.5;5.5;77.1;0.2332;0.0169;
320.15;0;0;0;0;2C;5C;5D;5C;5C;5D;6B6;1C3;3.2;34.3;64.5;14.5;5.5;77.1;0.2371;0.0186;
320.40;0;0;0;0;2C;5C;5D;5C;5C;5D;6B1;1C3;3.2;34.3;66.0;14.5;5.5;77.1;0.2371;0.0209;
320.65;0;0;0;0;2D;5C;5C;5C;5C;5C;6AF;1C3;3.2;35.0;66.5;14.5;5.5;77.1;0.2371;0.0209;
320.90;0;0;0;0;2D;5C;5C;5C;5C;5C;6AE;1C3;3.2;35.5;66.0;14.5;5.5;77.1;0.2371;0.0194;
321.15;0;0;0;0;2D;5C;5C;5C;5C;5C;6AB;1C3;3.2;35.5;66.5;14.5;5.5;77.1;0.2411;0.0191;
321.42;0;0;0;0;2D;5C;5C;5B;5C;5C;6A7;1C3;3.2;35.5;67.5;14.5;5.5;77.1;0.2411;0.0213;
321.67;0;0;0;0;2D;5B;5C;5B;5C;5C;6A0;1C3;3.2;36.6;69.0;14.5;5.5;77.1;0.2411;0.0240;
321.92;0;0;0;0;2D;5B;5C;5B;5B;5C;6A1;1C3;3.2;37.0;69.5;14.5;5.5;77.1;0.2450;0.0247;
322.17;0;0;0;0;2D;5B;5B;5B;5C;5C;69C;1C3;3.2;37.0;70.5;14.5;5.5;77.1;0.2450;0.0245;
322.42;0;0;0;0;2D;5B;5B;5B;5B;5B;69D;1C3;3.2;38.5;70.5;14.5;5.5;77.1;0.2450;0.0250;
322.67;0;0;0;0;2D;5B;5C;5B;5B;5B;697;1C3;3.2;38.5;70.5;14.5;5.5;77.1;0.2450;0.0273;
322.92;0;0;0;0;2D;5B;5B;5B;5B;5B;695;1C3;3.2;39.5;71.0;14.5;5.5;77.1;0.2450;0.0275;
323.17;0;0;0;0;2D;5B;5B;5B;5B;5B;692;1C3;3.2;40.0;72.0;14.5;5.5;77.1;0.2450;0.0272;
323.42;0;0;0;0;2D;5A;5B;5A;5B;5B;693;1C3;3.2;40.0;72.0;14.5;5.5;77.1;0.2490;0.0191;
323.67;0;0;0;0;2D;5B;5B;5A;5B;5B;690;1C3;3.2;41.2;74.0;14.5;5.5;77.1;0.2530;0.0133;
323.92;0;0;0;0;2D;5B;5A;5A;5B;5B;68F;1C3;3.2;41.1;75.0;14.5;5.5;77.1;0.2490;0.0110;
324.17;0;0;0;0;2D;5A;5B;5A;5A;5B;68C;1C3;3.2;41.1;77.5;14.5;5.5;77.1;0.2530;0.0088;
324.42;0;0;0;0;2D;5A;5B;5A;5A;5B;68D;1C3;3.2;40.5;76.5;14.5;5.5;77.1;0.2530;0.0076;
324.67;0;0;0;0;2D;5A;5A;5A;5A;5B;68C;1C3;3.2;40.5;75.5;14.5;5.5;77.1;0.2490;0.0017;
324.92;0;0;0;0;2D;5A;5A;5A;5A;5B;68A;1C3;3.2;40.4;76.0;14.5;5.5;77.1;0.2490;-0.0003;
325.17;0;0;0;0;2D;5A;5A;5A;5A;5B;688;1C3;3.2;39.5;74.0;14.5;5.5;77.1;0.2490;0.0017;
325.42;0;0;0;0;2D;5A;5A;5A;5A;5A;68A;1C3;3.2;39.5;76.5;14.5;5.5;77.1;0.2648;0.0055;
325.67;0;0;0;0;2D;5A;5A;5A;5A;5A;686;1C3;3.2;39.5;86.0;14.5;5.5;77.1;0.2806;0.0060;
325.92;0;0;0;0;2D;5A;5A;5A;5A;5A;689;1C3;3.2;38.7;93.0;14.5;5.5;77.1;0.2846;0.0060;
326.17;0;0;0;0;2D;5A;5A;5A;5A;5A;685;1C3;3.2;38.8;94.5;14.5;5.5;77.1;0.2806;0.0055;
326.43;0;0;0;0;2D;5A;5A;5A;5A;5A;688;1C3;3.2;38.8;94.0;14.5;5.5;77.1;0.2806;0.0023;
326.68;0;0;0;0;2D;5A;5A;5A;5A;5A;684;1C3;3.2;37.1;94.5;14.5;5.5;77.1;0.2806;0.0027;
326.93;0;0;0;0;2D;5A;5A;5A;5A;5A;689;1C3;3.2;36.7;94.5;14.5;5.5;77.1;0.2846;0.0035;
327.18;0;0;0;0;2D;5A;5A;5A;5A;5A;684;1C3;3.2;36.7;95.0;14.5;5.5;77.1;0.2846;0.0060;
327.43;0;0;0;0;2D;5A;5A;5A;5A;5A;684;1C3;3.2;35.9;97.0;14.5;5.5;77.1;0.2846;0.0102;
327.68;0;0;0;0;2D;5A;5A;5A;5A;5A;681;1C3;3.2;34.4;98.5;14.5;5.5;77.1;0.2886;0.0110;
327.93;0;0;0;0;2D;5A;5A;5A;5A;5A;684;1C3;3.2;34.4;100.0;14.4;5.5;77.1;0.2925;0.0101;
328.18;0;0;0;0;2D;5A;5A;5A;5A;5A;682;1C3;3.2;34.8;104.5;14.4;5.5;77.1;0.3004;0.0113;
328.43;0;0;0;0;2D;59;59;5A;5A;5A;67F;1C3;3.2;34.8;111.0;14.4;5.5;77.1;0.3202;0.0126;
328.68;0;0;0;0;2D;5A;5A;59;5A;5A;682;1C3;3.2;34.9;122.5;14.4;5.5;77.1;0.3281;0.0124;
328.93;0;0;0;0;2D;5A;5A;59;5A;5A;681;1C3;3.2;34.7;125.5;14.4;5.5;77.1;0.3242;0.0123;
329.18;0;0;0;0;2D;59;5A;5A;5A;5A;684;1C3;3.2;34.7;124.5;14.4;5.5;77.1;0.3202;0.0123;
329.43;0;0;0;0;2D;59;5A;59;5A;5A;67B;1C3;3.2;35.6;123.0;14.4;5.5;77.1;0.3202;0.0119;
329.68;0;0;0;0;2D;59;5A;59;59;5A;67C;1C3;3.2;35.6;114.5;14.4;5.5;77.1;0.3083;0.0117;
329.93;0;0;0;0;2D;59;5A;59;59;5A;67D;1C3;3.2;35.8;111.5;14.4;5.5;77.1;0.3044;0.0117;
330.18;0;0;0;0;2D;59;59;59;59;5A;679;1C3;3.2;35.8;110.5;14.4;5.5;77.1;0.3044;0.0117;
330.43;0;0;0;0;2D;59;59;59;59;59;674;1C3;3.2;35.5;111.0;14.4;5.5;77.1;0.3044;0.0102;
330.68;0;0;0;0;2D;59;59;59;59;59;671;1C3;3.2;36.1;111.5;14.4;5.5;77.1;0.3044;0.0085;
330.93;0;0;0;0;2D;59;59;59;59;59;673;1C3;3.2;36.1;111.0;14.4;5.5;77.1;0.3044;0.0066;
331.18;0;0;0;0;2D;59;59;59;59;59;672;1C3;3.2;35.9;112.0;14.4;5.5;77.1;0.3044;0.0053;
331.44;0;0;0;0;2E;58;58;58;59;59;66C;1C3;3.2;35.9;112.5;14.4;5.5;77.1;0.3083;0.0063;
331.69;0;0;0;0;2E;58;59;58;58;59;667;1C3;3.2;36.0;112.0;14.4;5.5;77.1;0.3083;0.0060;
331.94;0;0;0;0;2E;58;58;58;58;59;668;1C3;3.2;36.0;111.5;14.4;5.5;77.1;0.3044;0.0034;
332.19;0;0;0;0;2E;58;58;58;58;59;666;1C3;3.2;36.0;111.5;14.4;5.5;77.1;0.3044;0.0034;
332.44;0;0;0;0;2E;58;58;58;58;58;65F;1C3;3.2;35.5;111.5;14.4;5.5;77.1;0.3044;0.0034;
332.69;0;0;0;0;2E;58;58;58;58;58;665;1C3;3.2;35.5;110.5;14.4;5.5;77.1;0.3044;0.0034;
332.94;0;0;0;0;2E;58;58;58;58;58;662;1C3;3.2;35.5;111.0;14.4;5.5;77.1;0.3044;0.0034;
333.19;0;0;0;0;2E;58;58;57;58;58;65D;1C3;3.2;35.3;111.5;14.4;5.5;77.1;0.3044;0.0037;
333.44;0;0;0;0;2E;58;58;57;58;58;65E;1C3;3.2;35.3;110.5;14.4;5.5;77.1;0.3044;0.0039;
333.69;0;0;0;0;2E;57;58;57;58;58;65A;1C3;3.2;34.6;110.0;14.4;5.5;77.1;0.3044;0.0041;
333.94;0;0;0;0;2E;57;57;57;57;58;656;1C3;3.2;34.6;112.0;14.4;5.5;77.1;0.3004;0.0048;
334.19;0;0;0;0;2E;57;57;57;57;58;652;1C3;3.2;34.7;110.5;14.4;5.5;77.1;0.3044;0.0063;
334.44;0;0;0;0;2E;57;57;57;57;57;653;1C1;3.2;34.7;111.0;14.4;5.5;77.1;0.3044;0.0062;
334.69;0;0;0;0;2E;57;57;57;57;57;652;1C1;3.2;34.3;111.0;14.4;5.5;77.1;0.3044;0.0060;
334.94;0;0;0;0;2E;57;57;57;57;57;651;1C1;3.2;34.0;111.0;14.4;5.5;77.1;0.3044;0.0056;
335.19;0;0;0;0;2E;57;57;57;57;57;652;1C1;3.2;34.0;109.5;14.4;5.5;77.1;0.3004;0.0009;
335.44;0;0;0;0;2E;57;57;57;57;57;651;1C1;3.2;34.2;108.5;14.4;5.5;77.1;0.3004;0.0000;
335.69;0;0;0;0;2E;57;57;57;57;57;64D;1C1;3.2;34.1;106.5;14.4;5.5;77.1;0.2925;-0.0021;
335.94;0;0;0;0;2E;57;57;57;57;57;64D;1C1;3.2;34.1;90.5;14.4;5.5;77.1;0.2648;-0.0027;
336.19;0;0;0;0;2E;56;57;56;57;57;645;1C1;3.2;33.9;86.5;14.4;5.5;77.1;0.2648;-0.0009;
336.45;0;0;0;0;2E;56;57;56;56;57;640;1C1;3.2;33.9;79.0;14.4;5.5;77.1;0.2490;0.0000;
336.70;0;0;0;0;2E;56;56;56;56;57;647;1C1;3.2;33.9;76.5;14.4;5.5;77.1;0.2530;0.0009;
336.95;0;0;0;0;2E;56;56;56;56;56;640;1C1;3.2;33.8;76.5;14.4;5.5;77.1;0.2490;0.0021;
337.20;0;0;0;0;2E;56;56;56;56;56;63F;1C1;3.2;33.8;75.5;14.4;5.5;77.1;0.2530;0.0027;
337.45;0;0;0;0;2E;56;56;56;56;56;63B;1C1;3.2;33.8;76.5;14.4;5.5;77.1;0.2490;0.0027;
337.70;0;0;0;0;2E;56;56;56;56;56;633;1C1;3.2;33.8;76.0;14.4;5.5;77.1;0.2490;0.0027;
337.95;0;0;0;0;2E;56;56;56;56;56;634;1C1;3.2;33.8;76.0;14.5;5.5;77.1;0.2490;0.0024;
338.20;0;0;0;0;2E;55;56;55;55;56;632;1C1;3.2;33.8;76.5;14.5;5.5;77.1;0.2490;0.0021;
338.45;0;0;0;0;2E;55;55;55;55;56;62E;1C1;3.2;34.0;75.5;14.5;5.5;77.1;0.2490;0.0024;
338.70;0;0;0;0;2E;55;55;55;55;55;62D;1C1;3.2;34.2;76.5;14.5;5.5;77.1;0.2490;0.0044;
338.95;0;0;0;0;2E;55;55;55;55;55;623;1C1;3.2;34.2;75.5;14.5;5.5;77.1;0.2490;0.0059;
339.20;0;0;0;0;2E;55;55;55;55;55;628;1C1;3.2;34.2;74.0;14.5;5.5;77.1;0.2490;0.0087;
339.45;0;0;0;0;2E;54;54;54;54;55;620;1C1;3.2;34.2;73.5;14.5;5.5;77.1;0.2490;0.0081;
339.70;0;0;0;0;2E;54;54;54;54;54;620;1C1;3.2;34.6;72.5;14.5;5.5;77.1;0.2490;0.0044;
339.95;0;0;0;0;2E;54;54;54;54;54;61B;1C1;3.2;35.0;74.5;14.5;5.5;77.1;0.2490;0.0017;
340.20;0;0;0;0;2E;54;54;54;54;54;619;1C1;3.2;35.0;73.0;14.5;5.5;77.1;0.2490;-0.0007;
340.45;0;0;0;0;2E;53;53;54;54;54;611;1C1;3.2;35.2;75.5;14.5;5.5;77.1;0.2490;-0.0002;
340.70;0;0;0;0;2E;53;53;53;53;54;60F;1C1;3.2;35.4;75.0;14.5;5.5;77.1;0.2490;0.0000;
340.95;0;0;0;0;2E;53;53;53;53;53;60B;1C1;3.2;35.4;77.0;14.5;5.5;77.1;0.2490;0.0037;
341.20;0;0;0;0;2E;53;53;53;53;53;608;1C1;3.2;35.5;76.5;14.5;5.5;77.1;0.2490;0.0055;
341.46;0;0;0;0;2E;53;53;53;53;53;608;1C1;3.2;35.5;75.5;14.5;5.5;77.1;0.2490;0.0051;
341.71;0;0;0;0;2E;53;53;53;53;53;604;1C1;3.2;35.8;75.5;14.5;5.5;77.1;0.2490;0.0049;
341.96;0;0;0;0;2E;53;53;53;53;53;601;1C1;3.2;35.9;77.0;14.5;5.5;77.1;0.2490;0.0028;
342.21;0;0;0;0;2E;53;52;53;53;53;602;1C1;3.2;35.9;76.5;14.5;5.5;77.1;0.2490;-0.0009;
342.46;0;0;0;0;2E;53;53;53;53;53;603;1C1;3.2;35.9;76.0;14.5;5.5;77.1;0.2451;-0.0034;
342.71;0;0;0;0;2E;52;52;52;52;53;5F9;1C1;3.2;35.7;73.0;14.5;5.5;77.1;0.2451;-0.0069;
342.96;0;0;0;0;2E;53;52;52;52;53;5FC;1C1;3.2;35.7;72.5;14.5;5.5;77.1;0.2451;-0.0091;
343.21;0;0;0;0;2F;52;52;52;52;53;5FA;1C1;3.2;35.7;72.5;14.5;5.5;77.1;0.2451;-0.0137;
343.46;0;0;0;0;2F;53;52;52;52;53;5FA;1C1;3.2;35.4;73.0;14.5;5.5;77.1;0.2451;-0.0149;
343.71;0;0;0;0;2F;52;52;52;52;52;5F7;1C1;3.2;34.7;71.0;14.5;5.5;77.1;0.2411;-0.0159;
343.96;0;0;0;0;2F;53;52;52;52;52;5FB;1C1;3.2;34.7;67.5;14.5;5.5;77.1;0.2371;-0.0204;
344.21;0;0;0;0;2F;52;52;52;52;53;5F5;1C1;3.2;34.2;70.0;14.5;5.5;77.1;0.2411;-0.0248;
344.46;0;0;0;0;2F;53;52;52;52;53;5FC;1C1;3.2;34.2;70.0;14.5;5.5;77.1;0.2411;-0.0272;
344.71;0;0;0;0;2E;52;52;52;52;52;5F9;1C1;3.2;33.4;69.0;14.5;5.5;77.1;0.2411;-0.0272;
344.96;0;0;0;0;2F;53;52;52;52;53;5FD;1C1;3.2;32.8;70.5;14.5;5.5;77.1;0.2411;-0.0270;
345.21;0;0;0;0;2F;53;52;53;52;53;5FB;1C1;3.2;32.8;70.5;14.5;5.5;77.1;0.2411;-0.0268;
345.46;0;0;0;0;2F;53;52;53;52;53;602;1C1;3.2;32.1;69.0;14.5;5.5;77.1;0.2371;-0.0268;
345.71;0;0;0;0;2F;53;53;53;52;53;602;1C1;3.2;31.3;69.5;14.5;5.5;77.1;0.2411;-0.0266;
345.96;0;0;0;0;2F;53;53;53;53;53;603;1C1;3.2;31.3;69.0;14.5;5.5;77.1;0.2292;-0.0257;
346.21;0;0;0;0;2F;53;53;53;53;53;5E8;1C1;3.2;30.7;-7.0;14.5;5.5;77.1;-0.0001;-0.0201;
346.48;0;0;0;0;2F;53;53;53;53;53;600;1C1;3.2;30.7;-37.0;14.5;5.5;77.1;-0.0001;-0.0188;
346.73;0;0;0;0;2F;53;53;53;52;53;5FD;1C1;3.2;30.4;-42.5;14.5;5.5;77.1;-0.0001;-0.0156;
346.98;0;0;0;0;2F;53;53;53;52;53;5FF;1C1;3.2;30.4;-43.0;14.5;5.5;77.1;-0.0001;-0.0124;
347.23;0;0;0;0;2F;53;53;52;52;53;5FB;1C1;3.2;30.2;-43.0;14.5;5.5;77.1;-0.0001;-0.0063;
347.48;0;0;0;0;2F;52;52;52;52;53;5F8;1C1;3.2;30.4;-43.0;14.5;5.5;77.1;-0.0001;-0.0053;
347.73;0;0;0;0;2F;52;52;52;52;52;5F6;1C1;3.2;30.4;-43.0;14.5;5.5;77.1;-0.0001;-0.0037;
347.98;0;0;0;0;2F;52;52;52;52;52;5F1;1C1;3.2;31.0;-43.0;14.5;5.5;77.1;-0.0001;-0.0017;
348.23;0;0;0;0;2F;52;52;52;52;52;5EE;1C1;3.2;31.0;-43.0;14.5;5.5;77.1;-0.0001;-0.0012;
348.48;0;0;0;0;2F;52;51;51;51;52;5EA;1C1;3.2;31.4;-42.5;14.5;5.5;77.1;-0.0001;-0.0012;
348.73;0;0;0;0;2F;51;51;51;51;51;5E3;1C1;3.2;32.4;-42.5;14.5;5.5;77.1;-0.0001;-0.0014;
348.98;0;0;0;0;2F;51;51;51;51;51;5DF;1C1;3.2;32.4;-42.5;14.5;5.5;77.1;-0.0001;-0.0014;
349.23;0;0;0;0;2F;51;51;51;51;51;5DF;1C1;3.2;33.0;-42.5;14.5;5.5;77.1;-0.0001;-0.0023;
349.48;0;0;0;0;2F;51;51;50;51;51;5D8;1C1;3.2;34.0;-42.5;14.5;5.5;77.1;-0.0001;-0.0009;
349.73;0;0;0;0;2F;51;51;50;50;51;5D7;1C1;3.2;34.0;-42.5;14.5;5.5;77.1;-0.0001;0.0012;
349.98;0;0;0;0;2F;50;51;50;50;51;5D1;1C1;3.2;34.8;-42.5;14.5;5.5;77.1;-0.0001;0.0048;
350.23;0;0;0;0;2F;50;50;50;50;50;5D0;1C1;3.2;34.8;-42.5;14.5;5.5;77.1;-0.0001;0.0098;
350.48;0;0;0;0;2F;50;50;50;50;50;5CC;1C1;3.2;35.8;-42.5;14.5;5.5;77.1;-0.0001;0.0092;
350.73;0;0;0;0;2F;50;4F;4F;4F;50;5C6;1C1;3.2;35.8;-42.5;14.5;5.5;77.1;-0.0001;0.0087;
350.98;0;0;0;0;2F;4F;4F;4F;4F;50;5C1;1C1;3.2;36.6;-42.5;14.5;5.5;77.1;-0.0001;0.0115;
351.23;0;0;0;0;2F;4F;4F;4F;4F;4F;5BC;1C1;3.2;36.6;-43.0;14.5;5.5;77.1;-0.0001;0.0098;
351.49;0;0;0;0;2F;4F;4F;4F;4F;4F;5B7;1C1;3.2;37.2;-42.5;14.5;5.5;77.1;-0.0001;0.0076;
351.74;0;0;0;0;2F;4E;4E;4E;4E;4F;5AE;1C1;3.2;37.7;-42.5;14.5;5.5;77.1;-0.0001;0.0056;
351.99;0;0;0;0;2F;4E;4E;4E;4E;4E;5AA;1C1;3.2;37.7;-42.5;14.5;5.5;77.1;-0.0001;0.0027;
352.24;0;0;0;0;2F;4E;4E;4E;4E;4E;5A2;1C1;3.2;37.8;-42.5;14.5;5.5;77.1;-0.0001;0.0024;
352.49;0;0;0;0;2F;4D;4E;4D;4D;4E;59C;1C1;3.2;37.8;-42.5;14.5;5.5;77.1;-0.0001;-0.0007;
352.74;0;0;0;0;2F;4D;4D;4D;4D;4D;596;1C1;3.2;37.8;-42.5;14.5;5.5;77.1;-0.0001;-0.0035;
352.99;0;0;0;0;2F;4D;4D;4D;4D;4D;591;1C1;3.2;37.7;-42.5;14.5;5.5;77.1;-0.0001;-0.0044;
353.24;0;0;0;0;2F;4C;4D;4C;4C;4D;58A;1C1;3.2;37.7;-42.5;14.5;5.5;77.1;-0.0001;-0.0027;
353.49;0;0;0;0;2F;4C;4C;4C;4C;4C;581;1C1;3.2;37.4;-42.5;14.5;5.5;77.1;-0.0001;-0.0007;
353.74;0;0;0;0;2F;4C;4C;4C;4B;4C;579;1C1;3.2;37.3;-42.5;14.5;5.5;77.1;-0.0001;0.0010;
353.99;0;0;0;0;2F;4B;4B;4B;4B;4B;575;1C1;3.2;37.3;-42.5;14.5;5.5;77.1;-0.0001;0.0037;
354.24;0;0;0;0;2F;4B;4B;4B;4B;4B;56C;1BF;3.2;37.1;-42.5;14.5;5.5;77.1;-0.0001;0.0042;
354.49;0;0;0;0;2F;4A;4B;4A;4A;4B;567;1BF;3.2;36.8;-42.5;14.5;5.5;77.1;-0.0001;0.0053;
354.74;0;0;0;0;2F;4A;4A;4A;4A;4A;55D;1BF;3.2;36.8;-42.5;14.5;5.5;77.1;-0.0001;0.0099;
354.99;0;0;0;0;2F;4A;4A;4A;49;4A;556;1BF;3.2;36.8;-42.5;14.5;5.5;77.1;-0.0001;0.0159;
355.24;0;0;0;0;2F;49;49;49;49;49;54D;1BF;3.2;36.5;-42.5;14.5;5.5;77.1;-0.0001;0.0170;
355.49;0;0;0;0;2F;49;49;49;49;49;547;1BF;3.2;36.6;-42.5;14.5;5.5;77.1;-0.0001;0.0184;
355.74;0;0;0;0;2F;48;48;48;48;49;53C;1BF;3.2;36.6;-42.5;14.5;5.5;77.1;-0.0001;0.0188;
355.99;0;0;0;0;2F;48;48;48;48;48;536;1BF;3.2;36.5;-42.5;14.5;5.5;77.1;0.0118;0.0186;
356.24;0;0;0;0;2F;47;48;47;47;48;533;1BF;3.2;36.5;4.5;14.5;5.5;77.1;0.2253;0.0177;
356.50;0;0;0;0;2F;47;47;47;47;47;546;1BF;3.2;36.6;45.0;14.5;5.5;77.1;0.2292;0.0169;
356.75;0;0;0;0;2F;47;47;47;47;47;530;1BF;3.2;36.7;60.5;14.5;5.5;77.1;0.2213;0.0156;
357.00;0;0;0;0;2F;47;47;47;47;47;527;1BF;3.2;36.7;59.5;14.5;5.5;77.1;0.2134;0.0115;
357.25;0;0;0;0;2F;47;47;47;47;47;51D;1BF;3.2;36.6;50.5;14.5;5.5;77.1;0.2055;0.0098;
357.50;0;0;0;0;2E;46;46;46;46;47;51C;1BF;3.2;37.1;49.5;14.5;5.5;77.1;0.2055;0.0087;
357.75;0;0;0;0;2E;46;46;46;46;46;51B;1BF;3.2;37.1;49.0;14.5;5.5;77.1;0.2055;0.0087;
358.00;0;0;0;0;2E;46;46;46;46;46;516;1BF;3.2;36.9;48.0;14.5;5.5;77.1;0.2055;0.0123;
358.25;0;0;0;0;2E;45;46;45;46;46;50A;1BF;3.2;36.9;49.5;14.5;5.5;77.1;0.2055;0.0134;
358.50;0;0;0;0;2E;45;46;45;45;46;4EA;1BF;3.2;37.0;4.5;14.5;5.5;77.1;-0.0001;0.0133;
358.75;1;0;0;0;2E;45;45;45;45;45;3FF;1BF;3.2;37.4;-34.5;14.5;5.5;77.1;-0.0001;0.0112;
359.00;1;0;0;0;2E;44;45;44;44;45;364;1BF;3.2;37.4;13.0;14.5;5.5;77.1;-0.0039;0.0049;
359.25;1;0;0;0;2E;44;44;44;44;44;36F;1BF;3.2;37.4;14.0;14.5;5.5;77.1;0.1027;0.0005;
359.50;1;0;0;0;2E;43;43;43;43;44;487;1BF;3.2;37.2;9.0;14.5;5.5;77.1;0.1581;-0.0002;
359.75;1;0;0;0;2E;42;42;42;42;43;5DD;1BF;3.2;36.8;87.5;14.5;5.5;77.1;0.2846;-0.0003;
360.00;0;0;0;0;2E;42;42;42;42;42;5E0;1BF;3.2;36.8;155.5;14.5;5.5;77.1;0.3914;0.0002;
360.25;0;0;0;0;2E;43;42;42;42;42;5DF;1BF;3.2;36.5;167.5;14.5;5.5;77.1;0.3914;0.0003;
360.50;0;0;0;0;2E;42;42;42;42;42;5E1;1BF;3.2;35.6;170.5;14.5;5.5;77.1;0.3914;0.0002;
360.75;0;0;0;0;2E;42;42;42;42;43;5E3;1BF;3.2;35.6;174.0;14.5;5.5;77.1;0.3993;0.0000;
361.00;0;0;0;0;2E;42;42;42;42;43;5E0;1BF;3.2;35.0;178.0;14.5;5.5;77.1;0.4033;0.0000;
361.25;0;0;0;0;2E;42;42;42;42;43;5E4;1BF;3.2;35.0;178.5;14.5;5.5;77.1;0.3993;-0.0002;
361.51;0;0;0;0;2E;42;42;42;43;43;5E2;1BF;3.2;34.7;177.5;14.5;5.5;77.1;0.3954;-0.0009;
361.76;0;0;0;0;2E;42;43;43;43;43;5E4;1BF;3.2;34.1;176.0;14.4;5.5;77.1;0.3954;-0.0009;
362.01;0;0;0;0;2E;43;43;43;43;43;5E9;1BF;3.2;34.1;176.5;14.4;5.5;77.1;0.3954;-0.0016;
362.26;0;0;0;0;2E;43;43;43;43;43;5E8;1BF;3.2;34.0;185.5;14.4;5.5;77.1;0.4270;-0.0023;
362.51;0;0;0;0;2E;43;43;43;43;43;5ED;1BF;3.2;33.3;198.5;14.4;5.5;77.1;0.4389;-0.0017;
362.76;0;0;0;0;2E;43;43;43;43;43;5F2;1BF;3.2;33.3;204.5;14.4;5.5;77.1;0.4389;-0.0014;
363.01;0;0;0;0;2E;43;43;43;43;43;5F2;1BF;3.2;32.8;205.0;14.4;5.5;77.1;0.4389;-0.0014;
363.26;0;0;0;0;2E;44;44;44;44;44;5FF;1BF;3.2;32.8;210.5;14.4;5.5;77.1;0.4547;-0.0014;
363.51;0;0;0;0;2E;44;44;44;44;44;601;1BF;3.2;32.4;217.0;14.4;5.5;77.1;0.4626;-0.0014;
363.76;0;0;0;0;2E;44;44;44;44;44;607;1BF;3.2;32.4;214.5;14.4;5.5;77.1;0.4468;-0.0009;
364.01;0;0;0;0;2E;45;45;45;45;45;613;1BF;3.2;32.2;208.0;14.4;5.5;77.1;0.4428;0.0005;
364.26;0;0;0;0;2E;45;45;45;45;45;61C;1BF;3.2;32.2;206.0;14.4;5.5;77.1;0.4428;0.0021;
364.51;0;0;0;0;2E;45;45;45;45;45;618;1BF;3.2;32.0;202.5;14.4;5.5;77.1;0.4310;0.0024;
364.76;0;0;0;0;2E;45;45;45;45;46;624;1BF;3.2;32.2;194.5;14.4;5.5;77.1;0.4151;0.0034;
365.01;0;0;0;0;2E;46;46;47;46;46;62C;1BF;3.2;32.2;175.5;14.4;5.5;77.1;0.3716;0.0060;
365.26;0;0;0;0;2E;46;46;46;46;46;639;1BF;3.2;32.5;152.0;14.4;5.5;77.1;0.3637;0.0067;
365.51;0;0;0;0;2E;46;46;46;46;46;639;1BF;3.2;32.9;153.5;14.4;5.5;77.1;0.3637;0.0071;
365.76;0;0;0;0;2E;46;47;46;47;47;63C;1BF;3.2;32.9;148.5;14.4;5.5;77.1;0.3558;0.0071;
366.01;0;0;0;0;2E;47;47;47;47;47;642;1BF;3.2;33.3;148.0;14.4;5.5;77.1;0.3558;0.0099;
366.26;0;0;0;0;2E;47;47;47;47;47;648;1BF;3.2;33.3;147.0;14.4;5.5;77.1;0.3558;0.0102;
366.53;0;0;0;0;2E;47;47;47;47;48;651;1BF;3.2;33.4;141.5;14.4;5.5;77.1;0.3400;0.0080;
366.78;1;0;0;0;2E;47;47;47;47;48;5F1;1BF;3.2;34.1;-40.0;14.4;5.5;77.1;-0.0001;0.0063;
367.03;1;0;0;0;2E;47;47;47;47;47;4F5;1BF;3.2;34.1;-34.5;14.4;5.5;77.1;-0.0001;0.0014;
367.28;1;0;0;0;2E;47;47;47;47;47;380;1BF;3.2;34.8;8.5;14.4;5.5;77.1;-0.0039;0.0010;
367.53;1;0;0;0;2E;46;47;46;46;47;562;1BF;3.2;34.8;-41.5;14.4;5.5;77.1;-0.0001;0.0014;
367.78;0;0;0;0;2E;46;46;46;46;46;517;1BF;3.2;35.1;-38.0;14.4;5.5;77.1;-0.0001;0.0024;
368.03;0;0;0;0;2E;46;46;46;45;46;511;1BF;3.2;35.1;-40.5;14.5;5.5;77.1;-0.0001;0.0041;
368.28;0;0;0;0;2E;46;46;45;45;46;50C;1BF;3.2;35.9;-42.0;14.5;5.5;77.1;-0.0001;0.0046;
368.53;0;0;0;0;2F;45;45;45;45;45;508;1BF;3.2;36.3;-42.0;14.5;5.5;77.1;-0.0001;0.0053;
368.78;0;0;0;0;2F;45;45;45;45;45;4FE;1BF;3.2;36.3;-42.5;14.5;5.5;77.1;-0.0001;0.0056;
369.03;0;0;0;0;2F;45;45;44;44;45;4FF;1BF;3.2;36.7;-42.5;14.5;5.5;77.1;-0.0001;0.0024;
369.28;0;0;0;0;2F;44;44;44;44;44;4F5;1BF;3.2;37.2;-42.5;14.5;5.5;77.1;-0.0001;0.0007;
369.53;0;0;0;0;2F;44;44;44;44;44;4F3;1BF;3.2;37.2;-42.5;14.5;5.5;77.1;-0.0001;0.0002;
369.78;0;0;0;0;2F;44;44;44;44;44;4EE;1BF;3.2;37.0;-42.5;14.5;5.5;77.1;-0.0001;-0.0002;
370.03;0;0;0;0;2F;44;44;44;44;44;4EC;1BF;3.2;37.0;-43.0;14.5;5.5;77.1;-0.0001;-0.0010;
370.28;0;0;0;0;2F;44;44;43;43;44;4E9;1BF;3.2;37.3;-43.0;14.5;5.5;77.1;-0.0001;-0.0014;
370.53;0;0;0;0;2F;43;44;43;43;44;4E4;1BF;3.2;37.7;-43.0;14.5;5.5;77.1;-0.0001;-0.0034;
370.78;0;0;0;0;2F;43;43;43;43;43;4E4;1BF;3.2;37.7;-43.0;14.5;5.5;77.1;-0.0001;-0.0105;
371.03;0;0;0;0;2F;43;43;43;43;43;4E2;1BF;3.2;37.2;-43.0;14.5;5.5;77.1;-0.0001;-0.0145;
371.28;0;0;0;0;2F;43;43;43;43;43;4DE;1BF;3.2;36.6;-43.0;14.5;5.5;77.1;-0.0001;-0.0126;
371.54;0;0;0;0;2F;43;43;43;43;43;4DB;1BF;3.2;36.6;-43.0;14.5;5.5;77.1;-0.0001;-0.0110;
371.79;0;0;0;0;2F;43;43;43;43;43;4D9;1BF;3.2;36.6;-43.0;14.5;5.5;77.1;-0.0001;-0.0108;
372.04;0;0;0;0;2F;43;42;43;42;43;4D7;1BF;3.2;36.7;-43.0;14.5;5.5;77.1;-0.0001;-0.0083;
372.29;0;0;0;0;2F;42;42;42;43;43;4D4;1BF;3.2;36.0;-43.0;14.5;5.5;77.1;-0.0001;-0.0073;
372.54;0;0;0;0;2F;43;42;42;42;42;4D1;1BF;3.2;36.0;-43.0;14.5;5.5;77.1;-0.0001;-0.0063;
372.79;0;0;0;0;2F;43;42;42;42;43;4CF;1BF;3.2;36.1;-43.0;14.5;5.5;77.1;-0.0001;-0.0055;
373.04;0;0;0;0;2F;42;42;42;42;42;4CB;1BF;3.2;36.1;-43.0;14.5;5.5;77.1;-0.0001;-0.0044;
373.29;0;0;0;0;2F;42;42;42;42;42;4C9;1BF;3.2;36.0;-43.0;14.5;5.5;77.1;-0.0001;-0.0044;
373.54;0;0;0;0;2F;42;42;42;41;42;4C4;1BF;3.2;35.8;-43.0;14.5;5.5;77.1;-0.0001;-0.0037;
373.79;0;0;0;0;2F;42;42;41;41;42;4C6;1BF;3.2;35.8;-43.0;14.5;5.5;77.1;-0.0001;-0.0030;
374.04;0;0;0;0;2F;41;41;41;41;41;4BB;1BF;3.2;35.8;-43.0;14.5;5.5;77.1;-0.0001;0.0010;
374.29;0;0;0;0;2F;41;41;41;41;41;4B8;1BF;3.2;35.8;-43.0;14.5;5.5;77.1;-0.0001;0.0039;
374.54;0;0;0;0;2F;41;40;40;40;41;4AF;1BF;3.2;35.8;-43.0;14.5;5.5;77.1;-0.0001;0.0060;
374.79;0;0;0;0;2F;40;40;40;40;40;4A6;1BF;3.2;35.5;-43.0;14.5;5.5;77.1;-0.0001;0.0027;
375.04;0;0;0;0;2F;40;40;40;40;40;4A2;1BF;3.2;35.5;-43.0;14.5;5.5;77.1;-0.0001;0.0060;
375.29;0;0;0;0;2F;3F;40;3F;3F;40;49B;1BF;3.2;35.8;-43.0;14.5;5.5;77.1;-0.0001;0.0110;
375.54;0;0;0;0;2F;3F;3F;3F;3F;3F;496;1BF;3.2;36.0;-43.0;14.5;5.5;77.1;-0.0001;0.0162;
375.79;0;0;0;0;2F;3F;3F;3F;3F;3F;491;1BF;3.2;36.0;-43.0;14.5;5.5;77.1;-0.0001;0.0205;
376.04;0;0;0;0;2F;3E;3F;3E;3E;3F;485;1BF;3.2;36.0;-43.0;14.5;5.5;77.1;-0.0001;0.0204;
376.29;0;0;0;0;2F;3E;3F;3E;3E;3E;484;1BF;3.2;36.5;-43.0;14.5;5.5;77.1;-0.0001;0.0183;
376.55;0;0;0;0;2F;3E;3E;3D;3E;3E;47D;1BF;3.2;36.9;-43.5;14.5;5.5;77.1;-0.0001;0.0186;
376.80;0;0;0;0;2F;3D;3E;3D;3D;3E;478;1BF;3.2;36.9;-43.5;14.5;5.5;77.1;-0.0001;0.0240;
377.05;0;0;0;0;2F;3D;3D;3D;3D;3D;46F;1BF;3.2;36.8;-43.5;14.5;5.5;77.1;-0.0001;0.0240;
377.30;0;0;0;0;2F;3D;3D;3D;3D;3D;46D;1BD;3.2;37.3;-43.5;14.5;5.5;77.1;-0.0001;0.0240;
377.55;0;0;0;0;2F;3C;3D;3C;3C;3D;465;1BD;3.2;37.3;-43.5;14.5;5.5;77.1;-0.0001;0.0245;
377.80;0;0;0;0;2F;3C;3C;3C;3C;3C;45D;1BD;3.2;37.3;-43.5;14.5;5.5;77.1;-0.0001;0.0261;
378.05;0;0;0;0;2F;3C;3C;3B;3C;3C;458;1BD;3.2;37.3;-43.5;14.5;5.5;77.1;-0.0001;0.0262;
378.30;0;0;0;0;2F;3B;3C;3B;3B;3C;453;1BD;3.2;37.9;-43.5;14.5;5.5;77.1;-0.0001;0.0268;
378.55;0;0;0;0;2F;3B;3B;3B;3B;3B;447;1BD;3.2;37.9;-43.5;14.5;5.5;77.1;-0.0001;0.0270;
378.80;0;0;0;0;2F;3A;3B;3A;3B;3B;442;1BD;3.2;37.9;-43.5;14.5;5.5;77.1;-0.0001;0.0272;
379.05;0;0;0;0;2F;3A;3A;3A;3A;3A;438;1BD;3.2;38.3;-43.5;14.5;5.5;77.1;-0.0001;0.0275;
379.30;0;0;0;0;2F;3A;3A;39;3A;3A;430;1BD;3.2;38.5;-43.5;14.5;5.5;77.1;-0.0001;0.0275;
379.55;0;0;0;0;2F;39;3A;39;39;39;42A;1BD;3.2;38.5;-43.5;14.5;5.5;77.1;-0.0001;0.0275;
379.80;0;0;0;0;2F;39;39;39;39;39;425;1BD;3.2;39.0;-43.5;14.5;5.5;77.1;-0.0001;0.0279;
380.05;0;0;0;0;2F;38;39;38;39;39;41D;1BD;3.2;39.0;-44.0;14.5;5.5;77.1;-0.0001;0.0284;
380.30;0;0;0;0;2F;38;39;38;38;38;417;1BD;3.2;38.7;-44.0;14.5;5.5;77.1;-0.0001;0.0291;
380.55;0;0;0;0;2F;37;38;37;38;38;40D;1BD;3.2;38.7;-44.0;14.5;5.5;77.1;-0.0001;0.0302;
380.80;0;0;0;0;2F;37;38;37;38;38;409;1BD;3.2;38.7;-44.0;14.5;5.5;77.1;-0.0001;0.0378;
381.05;0;0;0;0;2F;37;37;37;37;37;400;1BD;3.2;38.7;-44.0;14.5;5.5;77.1;-0.0001;0.0382;
381.30;0;0;0;0;2F;37;37;36;37;37;3FF;1BD;3.2;39.4;-43.5;14.5;5.5;77.1;-0.0001;0.0371;
381.56;0;0;0;0;2F;36;36;36;37;37;3F7;1BD;3.2;39.3;-42.5;14.5;5.5;77.1;-0.0001;0.0357;
381.81;0;0;0;0;2F;36;36;36;36;36;3F5;1BD;3.2;39.3;-39.0;14.5;5.5;77.1;-0.0001;0.0339;
382.06;0;0;0;0;2F;36;36;36;36;36;3EF;1BD;3.2;39.5;-36.0;14.5;5.5;77.1;-0.0001;0.0336;
382.31;0;0;0;0;2F;35;36;35;36;36;3EB;1BD;3.2;39.7;-39.5;14.5;5.5;77.1;-0.0001;0.0336;
382.56;0;0;0;0;2F;35;36;35;36;36;3E7;1BD;3.2;39.7;-43.0;14.5;5.5;77.1;-0.0001;0.0334;
382.81;0;0;0;0;2F;35;36;35;36;36;3E5;1BD;3.2;39.7;-44.0;14.5;5.5;77.1;-0.0001;0.0327;
383.06;0;0;0;0;2F;36;36;35;36;36;3E5;1BD;3.2;39.7;-44.5;14.5;5.5;77.1;-0.0001;0.0282;
383.31;0;0;0;0;2F;35;35;35;36;36;3E1;1BD;3.2;39.9;-44.5;14.5;5.5;77.1;-0.0001;0.0261;
383.56;0;0;0;0;2F;35;35;35;35;35;3E0;1BD;3.2;39.9;-44.5;14.5;5.5;77.1;-0.0001;0.0254;
383.81;0;0;0;0;2E;35;35;35;35;35;3DC;1BD;3.2;39.9;-44.5;14.5;5.5;77.1;-0.0001;0.0248;
384.06;0;0;0;0;2E;35;35;35;35;35;3DA;1BD;3.2;39.7;-45.0;14.5;5.5;77.1;-0.0001;0.0247;
384.31;0;0;0;0;2E;35;35;35;35;35;3DA;1BD;3.2;39.7;-45.0;14.5;5.5;77.1;-0.0001;0.0243;
384.56;0;0;0;0;2E;35;35;35;35;35;3D7;1BD;3.2;39.8;-45.0;14.5;5.5;77.1;-0.0001;0.0236;
384.81;0;0;0;0;2E;35;35;35;35;35;3D6;1BD;3.2;39.8;-45.0;14.5;5.5;77.1;-0.0001;0.0225;
385.06;0;0;0;0;2E;35;35;34;35;35;3D5;1BD;3.2;39.8;-45.0;14.5;5.5;77.1;-0.0001;0.0225;
385.31;0;0;0;0;2E;35;35;35;35;35;3D8;1BD;3.2;39.2;-45.0;14.5;5.5;77.1;-0.0001;0.0213;
385.56;0;0;0;0;2E;35;35;35;35;35;3D8;1BD;3.2;39.2;-45.0;14.5;5.5;77.1;-0.0001;0.0197;
385.81;0;0;0;0;2E;35;35;35;35;35;3D8;1BD;3.2;39.2;-45.0;14.5;5.5;77.1;-0.0001;0.0138;
386.06;0;0;0;0;2E;35;35;35;35;35;3D7;1BD;3.2;39.2;-45.0;14.5;5.5;77.1;-0.0001;0.0131;
386.31;0;0;0;0;2E;35;35;35;35;35;3D8;1BD;3.2;38.8;-45.0;14.5;5.5;77.1;-0.0001;0.0117;
386.58;0;0;0;0;2E;35;35;35;35;35;3D9;1BD;3.2;38.5;-45.0;14.5;5.5;77.1;-0.0001;0.0087;
386.83;0;0;0;0;2E;35;35;35;35;35;3D9;1BD;3.2;38.5;-45.0;14.5;5.5;77.1;-0.0001;0.0027;
387.08;0;0;0;0;2E;35;35;35;35;35;3DB;1BD;3.2;38.3;-45.0;14.5;5.5;77.1;-0.0001;-0.0007;
387.33;0;0;0;0;2E;35;35;35;35;35;3DA;1BD;3.2;37.6;-45.5;14.5;5.5;77.1;-0.0001;-0.0031;
387.58;0;0;0;0;2E;35;35;35;35;35;3DC;1BD;3.2;37.6;-45.5;14.5;5.5;77.1;-0.0001;-0.0073;
387.83;0;0;0;0;2E;35;35;35;35;35;3DC;1BD;3.2;37.3;-45.5;14.5;5.5;77.1;-0.0001;-0.0127;
388.08;0;0;0;0;2E;35;35;35;35;35;3DC;1BD;3.2;37.0;-45.5;14.5;5.5;77.1;-0.0001;-0.0133;
388.33;0;0;0;0;2E;35;35;35;35;35;3DB;1BD;3.2;37.0;-45.5;14.5;5.5;77.1;-0.0001;-0.0140;
388.58;0;0;0;0;2E;35;35;35;35;35;3DA;1BD;3.2;37.0;-45.5;14.5;5.5;77.1;-0.0001;-0.0144;
388.83;0;0;0;0;2E;35;35;35;35;35;3DD;1BD;3.2;36.4;-45.5;14.5;5.5;77.1;-0.0001;-0.0166;
389.08;0;0;0;0;2E;35;35;35;35;35;3DD;1BD;3.2;36.0;-45.0;14.5;5.5;77.1;-0.0001;-0.0166;
389.33;0;0;0;0;2E;35;35;35;35;35;3DE;1BD;3.2;36.0;-45.5;14.5;5.5;77.1;-0.0001;-0.0172;
389.58;0;0;0;0;2E;35;35;35;35;35;3DA;1BD;3.2;35.9;-45.5;14.5;5.5;77.1;-0.0001;-0.0170;
389.83;0;0;0;0;2E;35;35;35;35;35;3DA;1BD;3.2;35.9;-45.5;14.5;5.5;77.1;-0.0001;-0.0158;
390.08;0;0;0;0;2E;35;35;35;35;35;3D7;1BD;3.2;35.2;-45.5;14.5;5.5;77.1;-0.0001;-0.0156;
390.33;0;0;0;0;2E;35;35;35;35;35;3D8;1BD;3.2;35.1;-45.5;14.5;5.5;77.1;-0.0001;-0.0149;
390.58;0;0;0;0;2E;35;35;35;35;35;3D9;1BD;3.2;35.1;-45.5;14.5;5.5;77.1;-0.0001;-0.0131;
390.83;0;0;0;0;2E;35;35;35;35;35;3D5;1BD;3.2;35.0;-45.5;14.5;5.5;77.1;-0.0001;-0.0092;
391.08;0;0;0;0;2E;35;35;35;34;35;3D5;1BD;3.2;34.9;-45.5;14.5;5.5;77.1;-0.0001;-0.0074;
391.33;0;0;0;0;2E;35;34;35;34;35;3D3;1BD;3.2;34.9;-45.0;14.5;5.5;77.1;-0.0001;-0.0063;
391.60;0;0;0;0;2E;34;34;34;34;34;3CD;1BD;3.2;35.3;-45.5;14.5;5.5;77.1;-0.0001;-0.0051;
391.85;0;0;0;0;2E;35;34;34;34;34;3CD;1BD;3.2;35.3;-45.5;14.5;5.5;77.1;-0.0001;-0.0044;
392.10;0;0;0;0;2E;34;34;34;34;34;3C9;1BD;3.2;35.5;-45.5;14.5;5.5;77.1;-0.0001;-0.0039;
392.35;0;0;0;0;2E;34;34;34;34;34;3C4;1BD;3.2;35.7;-45.5;14.5;5.5;77.1;-0.0001;0.0003;
392.60;0;0;0;0;2E;34;34;34;34;34;3C5;1BD;3.2;35.7;-45.5;14.5;5.5;77.1;-0.0001;0.0062;
392.85;0;0;0;0;2E;34;34;33;33;34;3BF;1BD;3.2;35.7;-45.5;14.5;5.5;77.1;-0.0001;0.0062;
393.10;0;0;0;0;2E;33;33;33;33;33;3BE;1BD;3.2;36.4;-45.5;14.5;5.5;77.1;-0.0001;0.0059;
393.35;0;0;0;0;2E;33;33;33;33;33;3B8;1BD;3.2;36.8;-45.5;14.5;5.5;77.1;-0.0001;0.0041;
393.60;0;0;0;0;2E;33;33;33;33;33;3B7;1BD;3.2;36.8;-43.0;14.5;5.5;77.1;-0.0001;0.0000;
393.85;0;0;0;0;2E;33;33;33;33;33;3B5;1BD;3.2;37.2;-35.0;14.5;5.5;77.1;-0.0001;-0.0027;
394.10;1;0;0;0;2E;33;33;33;33;33;3B3;1BD;3.2;37.8;-23.5;14.5;5.5;77.1;-0.0000;-0.0074;
394.35;1;0;0;0;2E;33;33;33;33;33;358;1BD;3.2;37.8;28.5;14.5;5.5;77.1;-0.0039;-0.0098;
394.60;1;0;0;0;2E;33;33;33;32;33;370;1BD;3.2;37.7;24.5;14.5;5.5;77.1;-0.0039;-0.0102;
394.85;1;0;0;0;2E;33;33;33;33;33;377;1BD;3.2;37.7;16.5;14.5;5.5;77.1;-0.0039;-0.0102;
395.10;1;0;0;0;2E;33;33;33;32;33;36D;1BD;3.2;37.9;19.0;14.5;5.5;77.1;-0.0039;-0.0102;
395.35;1;0;0;0;2E;33;33;33;33;33;36F;1BD;3.2;37.6;22.5;14.5;5.5;77.1;-0.0039;-0.0102;
395.60;1;0;0;0;2E;33;33;33;33;33;375;1BD;3.2;37.6;17.5;14.5;5.5;77.1;-0.0039;-0.0105;
395.85;1;0;0;0;2E;33;33;33;33;33;36D;1BD;3.2;37.3;19.0;14.5;5.5;77.1;-0.0039;-0.0115;
396.10;1;0;0;0;2E;33;33;33;33;33;372;1BD;3.2;37.1;19.0;14.5;5.5;77.1;-0.0039;-0.0127;
396.35;1;0;0;0;2E;33;33;33;33;33;372;1BD;3.2;37.1;16.0;14.5;5.5;77.1;-0.0039;-0.0144;
396.61;1;0;0;0;2E;33;32;33;32;33;36D;1BD;3.2;36.9;18.0;14.5;5.5;77.1;-0.0039;-0.0254;
396.86;1;0;0;0;2E;33;32;33;32;33;36F;1BD;3.2;36.9;21.5;14.5;5.5;77.1;-0.0039;-0.0268;
397.11;1;0;0;0;2E;32;32;32;32;32;38F;1BD;3.2;36.2;11.0;14.5;5.5;77.1;-0.0039;-0.0268;
397.36;1;0;0;0;2E;32;32;32;32;32;423;1BD;3.2;36.2;-47.0;14.5;5.5;77.1;-0.0001;-0.0265;
397.61;1;0;0;0;2E;31;31;31;31;31;4E1;1BD;3.2;35.7;-37.0;14.5;5.5;77.1;0.0553;-0.0266;
397.86;1;0;0;0;2E;31;31;31;31;31;572;1BD;3.2;35.7;23.5;14.5;5.5;77.1;0.1541;-0.0265;
398.11;0;0;0;0;2D;31;31;31;31;31;567;1BD;3.2;35.3;34.5;14.5;5.5;77.1;0.1778;-0.0262;
398.36;0;0;0;0;2D;31;31;31;31;31;570;1BD;3.2;34.5;37.5;14.5;5.5;77.1;0.2055;-0.0257;
398.61;0;0;0;0;2D;31;31;31;31;31;572;1BD;3.2;34.5;44.0;14.5;5.5;77.1;0.1976;-0.0245;
398.86;0;0;0;0;2D;31;31;31;31;31;54E;1BD;3.2;34.6;-5.0;14.5;5.5;77.1;0.0948;-0.0234;
399.11;0;0;0;0;2D;31;31;31;31;31;567;1BD;3.2;34.1;-0.5;14.5;5.5;77.1;0.0948;-0.0216;
399.36;0;0;0;0;2D;31;31;31;30;31;562;1BD;3.2;34.1;4.5;14.5;5.5;77.1;0.1146;-0.0149;
399.61;0;0;0;0;2D;31;31;31;30;31;560;1BD;3.2;34.3;7.5;14.5;5.5;77.1;0.1225;-0.0099;
399.86;0;0;0;0;2D;31;30;30;30;31;566;1BD;3.2;34.3;22.5;14.5;5.5;77.1;0.1699;-0.0067;
400.11;0;0;0;0;2D;30;30;30;30;30;55A;1BD;3.2;34.1;32.0;14.5;5.5;77.1;0.1778;-0.0055;
400.36;0;0;0;0;2D;30;30;30;30;30;55A;1BD;3.2;34.3;36.5;14.5;5.5;77.1;0.1818;-0.0044;
400.61;0;0;0;0;2D;30;30;30;30;30;55A;1BD;3.2;34.3;38.0;14.5;5.5;77.1;0.1857;-0.0027;
400.86;0;0;0;0;2D;31;31;30;30;30;55A;1BD;3.2;34.2;41.5;14.5;5.5;77.1;0.1897;-0.0020;
401.11;0;0;0;0;2D;31;30;30;30;31;55A;1BD;3.2;34.2;43.0;14.5;5.5;77.1;0.1897;-0.0009;
401.36;0;0;0;0;2D;30;31;30;30;31;55C;1BD;3.2;34.5;43.0;14.5;5.5;77.1;0.1936;-0.0002;
401.63;0;0;0;0;2D;30;31;30;30;31;55F;1BD;3.2;34.5;44.5;14.5;5.5;77.1;0.1936;0.0009;
401.88;0;0;0;0;2D;31;31;30;30;31;55E;1BD;3.2;34.6;45.0;14.5;5.5;77.1;0.1976;0.0027;
402.13;0;0;0;0;2D;31;31;31;31;31;55C;1BD;3.2;34.6;47.0;14.5;5.5;77.1;0.2015;0.0035;
402.38;0;0;0;0;2D;31;31;31;30;31;55D;1BD;3.2;34.6;48.5;14.5;5.5;77.1;0.2016;0.0035;
402.63;0;0;0;0;2D;31;31;31;31;31;562;1BD;3.2;35.0;49.0;14.5;5.5;77.1;0.2016;0.0062;
402.88;0;0;0;0;2D;31;31;31;31;31;566;1BD;3.2;35.2;49.0;14.5;5.5;77.1;0.2016;0.0170;
403.13;0;0;0;0;2D;31;31;31;31;31;563;1BD;3.2;35.2;49.0;14.5;5.5;77.1;0.2055;0.0169;
403.38;0;0;0;0;2D;31;31;31;31;31;564;1BD;3.2;35.7;49.0;14.5;5.5;77.1;0.2016;0.0119;
403.63;0;0;0;0;2D;31;31;31;31;31;568;1BD;3.2;35.7;48.5;14.5;5.5;77.1;0.2016;0.0069;
403.88;0;0;0;0;2D;31;31;31;31;31;568;1BD;3.2;36.0;49.0;14.5;5.5;77.1;0.2016;0.0073;
404.13;0;0;0;0;2D;31;31;31;31;31;56D;1BD;3.2;35.9;49.5;14.5;5.5;77.1;0.2016;0.0078;
404.38;0;0;0;0;2D;31;31;31;31;31;56B;1BD;3.2;35.9;49.5;14.5;5.5;77.1;0.2016;0.0092;
404.63;0;0;0;0;2D;31;31;31;31;31;56D;1BD;3.2;36.0;49.5;14.5;5.5;77.1;0.2055;0.0098;
404.88;0;0;0;0;2D;31;31;31;31;31;570;1BD;3.2;36.3;49.0;14.5;5.5;77.1;0.2016;0.0092;
405.13;0;0;0;0;2D;31;31;31;31;31;570;1BD;3.2;36.3;48.0;14.5;5.5;77.1;0.2015;0.0080;
405.38;0;0;0;0;2D;31;31;31;31;32;574;1BB;3.2;36.3;47.0;14.5;5.5;77.1;0.1976;0.0016;
405.63;0;0;0;0;2D;31;31;31;31;32;575;1BB;3.2;36.1;46.0;14.5;5.5;77.1;0.1976;0.0027;
405.88;0;0;0;0;2D;31;31;31;31;32;575;1BB;3.2;36.4;45.5;14.5;5.5;77.1;0.1976;0.0024;
406.13;0;0;0;0;2D;32;31;31;32;32;579;1BB;3.2;36.4;45.5;14.5;5.5;77.1;0.1976;0.0024;
406.38;0;0;0;0;2D;31;32;31;31;32;57B;1BB;3.2;36.3;45.0;14.5;5.5;77.1;0.1976;0.0024;
406.64;0;0;0;0;2D;32;31;31;31;32;57C;1BB;3.2;36.3;45.0;14.5;5.5;77.1;0.1976;-0.0007;
406.89;0;0;0;0;2D;32;32;32;31;32;57C;1BB;3.2;36.3;45.5;14.5;5.5;77.1;0.1976;-0.0037;
407.14;0;0;0;0;2D;32;32;32;32;32;57C;1BB;3.2;36.4;44.5;14.5;5.5;77.1;0.1936;-0.0041;
407.39;0;0;0;0;2D;32;32;32;31;32;57A;1BB;3.2;36.4;44.5;14.5;5.5;77.1;0.1936;-0.0039;
407.64;0;0;0;0;2D;32;32;32;31;32;57B;1BB;3.2;36.0;44.5;14.5;5.5;77.1;0.1936;-0.0037;
407.89;0;0;0;0;2D;32;32;32;31;32;57D;1BB;3.2;35.9;45.0;14.5;5.5;77.1;0.1976;-0.0037;
408.14;0;0;0;0;2D;32;32;32;31;32;579;1BB;3.2;35.9;45.5;14.5;5.5;77.1;0.1976;-0.0035;
408.39;0;0;0;0;2D;32;32;32;31;32;57C;1BB;3.2;36.2;47.0;14.5;5.5;77.1;0.2015;-0.0023;
408.64;0;0;0;0;2D;32;31;32;32;32;57B;1BB;3.2;36.2;48.0;14.5;5.5;77.1;0.2016;-0.0023;
408.89;0;0;0;0;2D;32;31;31;31;32;57A;1BB;3.2;35.7;48.0;14.5;5.5;77.1;0.2016;-0.0021;
409.14;0;0;0;0;2D;32;32;32;31;32;579;1BB;3.2;35.8;49.0;14.5;5.5;77.1;0.2016;-0.0021;
409.39;0;0;0;0;2D;32;32;31;32;32;57C;1BB;3.2;35.8;49.0;14.5;5.5;77.1;0.2016;-0.0031;
409.64;0;0;0;0;2D;32;32;32;32;32;580;1BB;3.2;35.8;48.0;14.5;5.5;77.1;0.2015;-0.0039;
409.89;0;0;0;0;2D;32;32;32;32;32;57D;1BB;3.2;35.9;48.0;14.5;5.5;77.1;0.2015;-0.0071;
410.14;0;0;0;0;2D;32;32;32;31;32;57D;1BB;3.2;35.7;49.0;14.5;5.5;77.1;0.2016;-0.0142;
410.39;0;0;0;0;2D;32;32;32;31;32;57D;1BB;3.2;35.7;49.0;14.5;5.5;77.1;0.2055;-0.0184;
410.64;0;0;0;0;2D;32;31;32;31;32;57B;1BB;3.2;35.9;50.0;14.5;5.5;77.1;0.2055;-0.0195;
410.89;0;0;0;0;2D;32;32;32;31;32;57A;1BB;3.2;35.4;50.5;14.5;5.5;77.1;0.2055;-0.0222;
411.14;0;0;0;0;2D;32;31;32;31;32;577;1BB;3.2;35.4;52.5;14.5;5.5;77.1;0.2095;-0.0222;
411.39;0;0;0;0;2D;32;31;31;31;32;579;1BB;3.2;35.2;54.0;14.5;5.5;77.1;0.2134;-0.0208;
411.66;0;0;0;0;2D;31;31;31;31;31;574;1BB;3.2;35.2;57.0;14.5;5.5;77.1;0.2213;-0.0186;
411.91;0;0;0;0;2D;31;31;31;31;31;574;1BB;3.2;35.2;59.5;14.5;5.5;77.1;0.2253;-0.0166;
412.16;0;0;0;0;2D;31;31;31;31;31;574;1BB;3.2;34.8;62.0;14.5;5.5;77.1;0.2253;-0.0134;
412.41;0;0;0;0;2D;31;31;31;31;31;570;1BB;3.2;34.8;63.5;14.5;5.5;77.1;0.2292;-0.0105;
412.66;0;0;0;0;2D;31;31;31;31;31;56F;1BB;3.2;34.7;66.0;14.5;5.5;77.1;0.2332;-0.0080;
412.91;0;0;0;0;2D;32;31;31;31;31;574;1BB;3.2;34.8;67.0;14.5;5.5;77.1;0.2332;-0.0046;
413.16;0;0;0;0;2D;31;31;31;31;31;56C;1BB;3.2;34.8;68.0;14.5;5.5;77.1;0.2332;-0.0021;
413.41;0;0;0;0;2D;31;31;31;31;31;56F;1BB;3.2;34.6;69.0;14.5;5.5;77.1;0.2371;0.0034;
413.66;0;0;0;0;2D;31;31;31;31;31;56D;1BB;3.2;34.6;71.5;14.5;5.5;77.1;0.2411;0.0034;
413.91;0;0;0;0;2D;31;31;31;31;31;572;1BB;3.2;34.7;72.0;14.5;5.5;77.1;0.2411;0.0030;
414.16;0;0;0;0;2D;31;31;31;31;31;570;1BB;3.2;34.7;73.5;14.5;5.5;77.1;0.2411;0.0031;
414.41;0;0;0;0;2D;31;31;31;31;31;56F;1BB;3.2;34.7;74.0;14.5;5.5;77.1;0.2451;0.0031;
414.66;0;0;0;0;2D;31;31;31;31;31;56C;1BB;3.2;34.7;76.0;14.5;5.5;77.1;0.2490;0.0034;
414.91;0;0;0;0;2D;31;31;31;31;31;56A;1BB;3.2;34.4;78.5;14.5;5.5;77.1;0.2530;0.0034;
415.16;0;0;0;0;2D;31;31;31;31;31;567;1BB;3.2;34.9;82.0;14.5;5.5;77.1;0.2569;0.0039;
415.41;0;0;0;0;2D;31;31;31;31;31;566;1BB;3.2;34.9;84.5;14.5;5.5;77.1;0.2648;0.0051;
415.66;0;0;0;0;2D;31;31;31;31;31;567;1BB;3.2;34.6;88.5;14.5;5.5;77.1;0.2688;0.0059;
415.91;0;0;0;0;2D;31;31;31;31;31;568;1BB;3.2;34.7;89.5;14.5;5.5;77.1;0.2688;0.0071;
416.16;0;0;0;0;2D;31;31;31;31;31;564;1BB;3.2;34.7;91.5;14.5;5.5;77.1;0.2727;0.0073;
416.41;0;0;0;0;2D;31;31;31;31;31;56B;1BB;3.2;35.0;93.0;14.5;5.5;77.1;0.2727;0.0094;
416.67;0;0;0;0;2D;31;31;31;31;31;566;1BB;3.2;34.7;93.0;14.5;5.5;77.1;0.2727;0.0098;
416.92;0;0;0;0;2D;31;31;31;31;31;565;1BB;3.2;34.7;95.0;14.5;5.5;77.1;0.2727;0.0117;
417.17;0;0;0;0;2D;31;31;31;31;31;56D;1BB;3.2;34.7;94.5;14.5;5.5;77.1;0.2767;0.0159;
417.42;0;0;0;0;2D;31;31;31;31;31;56C;1BB;3.2;34.7;95.0;14.5;5.5;77.1;0.2767;0.0240;
417.67;0;0;0;0;2D;31;31;31;31;31;571;1BB;3.2;34.7;94.5;14.5;5.5;77.1;0.2727;0.0266;
417.92;0;0;0;0;2D;31;31;31;31;31;570;1BB;3.2;34.7;94.5;14.5;5.5;77.1;0.2727;0.0311;
418.17;0;0;0;0;2D;31;31;31;31;31;572;1BB;3.2;34.5;94.5;14.5;5.5;77.1;0.2727;0.0318;
418.42;0;0;0;0;2D;31;31;31;31;31;577;1BB;3.2;34.5;92.5;14.5;5.5;77.1;0.2727;0.0350;
418.67;0;0;0;0;2D;31;31;31;32;32;574;1BB;3.2;34.9;93.0;14.5;5.5;77.1;0.2727;0.0352;
418.92;0;0;0;0;2D;31;32;31;32;32;578;1BB;3.2;35.1;91.5;14.5;5.5;77.1;0.2727;0.0352;
419.17;0;0;0;0;2D;31;32;31;32;32;579;1BB;3.2;35.1;91.0;14.5;5.5;77.1;0.2688;0.0353;
419.42;0;0;0;0;2D;31;32;31;32;32;57B;1BB;3.2;35.3;91.0;14.5;5.5;77.1;0.2688;0.0357;
419.67;0;0;0;0;2D;31;32;31;32;32;57E;1BB;3.2;35.9;88.5;14.4;5.5;77.1;0.2648;0.0353;
419.92;0;0;0;0;2D;31;32;31;32;32;57D;1BB;3.2;35.9;87.5;14.4;5.5;77.1;0.2648;0.0345;
420.17;0;0;0;0;2D;32;32;32;32;32;584;1BB;3.2;36.0;86.5;14.4;5.5;77.1;0.2609;0.0332;
420.42;0;0;0;0;2D;32;32;32;32;32;588;1BB;3.2;36.0;84.0;14.4;5.5;77.1;0.2569;0.0288;
420.67;0;0;0;0;2D;32;32;32;32;32;58A;1BB;3.2;36.1;82.0;14.4;5.5;77.1;0.2530;0.0254;
420.92;0;0;0;0;2D;32;32;32;32;32;58D;1BB;3.2;36.5;79.5;14.4;5.5;77.1;0.2530;0.0177;
421.17;0;0;0;0;2D;32;32;32;32;32;58B;1BB;3.2;36.5;78.0;14.4;5.5;77.1;0.2490;0.0087;
421.42;0;0;0;0;2D;32;32;32;32;32;58E;1BB;3.2;36.4;75.5;14.4;5.5;77.1;0.2451;-0.0053;
421.69;0;0;0;0;2D;32;33;32;32;32;594;1BB;3.2;35.9;73.5;14.4;5.5;77.1;0.2411;-0.0085;
421.94;0;0;0;0;2D;33;33;33;33;33;599;1BB;3.2;35.9;70.0;14.4;5.5;77.1;0.2371;-0.0137;
422.19;0;0;0;0;2D;33;33;33;33;33;59A;1BB;3.2;35.9;67.0;14.4;5.5;77.1;0.2292;-0.0119;
422.44;0;0;0;0;2D;33;33;33;33;33;5A0;1BB;3.2;35.7;62.0;14.4;5.5;77.1;0.2213;-0.0095;
422.69;0;0;0;0;2D;33;33;33;33;33;5A4;1BB;3.2;34.8;59.0;14.4;5.5;77.1;0.2174;-0.0069;
422.94;0;0;0;0;2D;33;33;33;33;33;5AB;1BB;3.2;34.8;53.5;14.4;5.5;77.1;0.2095;-0.0044;
423.19;0;0;0;0;2D;33;33;33;33;33;5AE;1BB;3.2;34.5;50.0;14.5;5.5;77.1;0.2016;-0.0007;
423.44;0;0;0;0;2D;33;34;33;33;34;5AF;1BB;3.2;34.5;45.0;14.5;5.5;77.1;0.1936;-0.0009;
423.69;0;0;0;0;2E;34;34;33;33;34;5AF;1BB;3.2;34.0;42.0;14.5;5.5;77.1;0.1897;-0.0016;
423.94;0;0;0;0;2E;34;34;33;34;34;5B2;1BB;3.2;33.6;38.5;14.5;5.5;77.1;0.1818;-0.0023;
424.19;0;0;0;0;2E;34;34;34;33;34;5B5;1BB;3.2;33.6;35.0;14.5;5.5;77.1;0.1739;-0.0031;
424.44;0;0;0;0;2E;34;34;34;33;34;5B1;1BB;3.2;33.5;31.5;14.5;5.5;77.1;0.1660;-0.0044;
424.69;0;0;0;0;2E;34;34;33;34;34;5B6;1BB;3.2;33.3;29.5;14.5;5.5;77.1;0.1660;-0.0071;
424.94;0;0;0;0;2E;34;34;34;33;34;5B2;1BB;3.2;33.3;27.0;14.5;5.5;77.1;0.1620;-0.0112;
425.19;0;0;0;0;2E;34;33;34;33;34;5B0;1BB;3.2;33.2;26.5;14.5;5.5;77.1;0.1620;-0.0215;
425.44;0;0;0;0;2E;34;33;33;33;34;5AD;1BB;3.2;33.2;27.5;14.5;5.5;77.1;0.1660;-0.0236;
425.69;0;0;0;0;2E;34;33;34;33;34;5AC;1BB;3.2;33.2;27.5;14.5;5.5;77.1;0.1620;-0.0255;
425.94;0;0;0;0;2E;34;33;33;33;33;5AB;1BB;3.2;33.2;27.5;14.5;5.5;77.1;0.1620;-0.0284;
426.19;0;0;0;0;2E;34;33;33;33;34;5AC;1BB;3.2;33.2;26.0;14.5;5.5;77.1;0.1620;-0.0300;
426.44;0;0;0;0;2E;34;33;33;33;33;5AE;1BB;3.2;33.2;25.5;14.5;5.5;77.1;0.1581;-0.0304;
426.70;0;0;0;0;2E;34;33;33;33;33;5AC;1BB;3.2;33.2;24.5;14.5;5.5;77.1;0.1581;-0.0300;
426.95;0;0;0;0;2E;34;33;33;33;34;5AF;1BB;3.2;33.2;22.5;14.5;5.5;77.1;0.1501;-0.0297;
427.20;0;0;0;0;2E;34;33;33;33;34;5AC;1BB;3.2;33.2;22.0;14.5;5.5;77.1;0.1501;-0.0316;
427.45;0;0;0;0;2E;34;33;34;33;33;5AE;1BB;3.2;33.1;20.0;14.5;5.5;77.1;0.1462;-0.0320;
427.70;0;0;0;0;2E;34;33;34;33;34;5AE;1BB;3.2;32.9;19.0;14.5;5.5;77.1;0.1422;-0.0320;
427.95;0;0;0;0;2E;34;33;34;33;34;5AF;1BB;3.2;32.9;17.0;14.5;5.5;77.1;0.1383;-0.0320;
428.20;0;0;0;0;2E;34;33;33;33;33;5AF;1BB;3.2;32.7;15.5;14.5;5.5;77.1;0.1343;-0.0318;
428.45;0;0;0;0;2E;34;33;34;33;34;5AC;1BB;3.2;32.7;13.5;14.5;5.5;77.1;0.1304;-0.0316;
428.70;0;0;0;0;2E;34;33;34;33;34;5AC;1BB;3.2;32.4;13.0;14.5;5.5;77.1;0.1304;-0.0311;
428.95;0;0;0;0;2E;34;33;34;33;34;5AE;1BB;3.2;32.0;11.0;14.5;5.5;77.1;0.1225;-0.0311;
429.20;0;0;0;0;2E;34;33;33;33;34;5AE;1BB;3.2;32.0;10.0;14.5;5.5;77.1;0.1225;-0.0293;
429.45;0;0;0;0;2E;34;33;33;33;33;5AC;1BB;3.2;31.7;9.0;14.5;5.5;77.1;0.1185;-0.0280;
429.70;0;0;0;0;2E;33;33;33;33;33;5AA;1BB;3.2;31.7;8.5;14.5;5.5;77.1;0.1185;-0.0255;
429.95;0;0;0;0;2E;33;33;33;33;33;5A8;1BB;3.2;31.7;8.0;14.5;5.5;77.1;0.1185;-0.0237;
430.20;0;0;0;0;2E;33;33;33;33;33;5A8;1BB;3.2;31.7;7.5;14.5;5.5;77.1;0.1185;-0.0154;
430.45;0;0;0;0;2E;33;33;33;33;33;5A6;1BB;3.2;31.7;8.0;14.5;5.5;77.1;0.1185;-0.0126;
430.70;0;0;0;0;2E;33;33;33;33;33;5A7;1BB;3.2;31.8;8.0;14.5;5.5;77.1;0.1185;-0.0117;
430.95;0;0;0;0;2E;33;33;33;33;33;5A7;1BB;3.2;31.8;7.0;14.5;5.5;77.1;0.1146;-0.0110;
431.20;0;0;0;0;2E;33;33;33;33;33;5A5;1BB;3.2;32.3;6.5;14.5;5.5;77.1;0.1146;-0.0056;
431.45;0;0;0;0;2E;33;33;33;33;33;5A4;1BB;3.2;32.3;6.0;14.5;5.5;77.1;0.1146;-0.0016;
431.72;0;0;0;0;2E;33;33;33;33;33;5A4;1BB;3.2;32.2;5.0;14.5;5.5;77.1;0.1146;0.0027;
431.97;0;0;0;0;2E;33;33;33;33;33;5A5;1BB;3.2;32.7;6.0;14.5;5.5;77.1;0.1106;0.0073;
432.22;0;0;0;0;2E;33;33;33;33;33;5A2;1BB;3.2;32.7;5.5;14.5;5.5;77.1;0.1146;0.0119;
432.47;0;0;0;0;2E;33;33;33;33;33;59F;1BB;3.2;33.2;5.5;14.5;5.5;77.1;0.1146;0.0124;
432.72;0;0;0;0;2E;33;33;33;33;33;5A1;1BB;3.2;33.6;6.0;14.5;5.5;77.1;0.1146;0.0105;
432.97;0;0;0;0;2E;33;33;33;33;33;595;1BB;3.2;33.6;-6.5;14.5;5.5;77.1;0.0592;0.0113;
433.22;0;0;0;0;2E;33;33;32;33;33;595;1BB;3.2;34.0;-29.0;14.5;5.5;77.1;0.0118;0.0127;
433.47;0;0;0;0;2E;32;33;32;32;33;58B;1BB;3.2;34.7;-41.0;14.5;5.5;77.1;-0.0001;0.0133;
433.72;0;0;0;0;2E;32;32;32;32;32;58A;1BB;3.2;34.7;-41.5;14.5;5.5;77.1;-0.0001;0.0133;
433.97;0;0;0;0;2E;32;32;32;32;32;583;1BB;3.2;35.1;-41.5;14.5;5.5;77.1;-0.0001;0.0169;
434.22;0;0;0;0;2E;32;32;31;32;32;581;1BB;3.2;35.1;-41.5;14.5;5.5;77.1;-0.0001;0.0208;
434.47;0;0;0;0;2E;32;32;31;32;32;582;1BB;3.2;35.8;-42.0;14.5;5.5;77.1;-0.0001;0.0213;
434.72;0;0;0;0;2E;31;31;31;31;31;571;1BB;3.2;35.8;-41.5;14.5;5.5;77.1;-0.0001;0.0213;
434.97;0;0;0;0;2E;31;31;31;31;31;56A;1BB;3.2;36.2;-41.5;14.5;5.5;77.1;-0.0001;0.0209;
435.22;0;0;0;0;2E;31;31;31;31;31;56B;1BB;3.2;36.2;-41.5;14.5;5.5;77.1;-0.0001;0.0211;
435.47;0;0;0;0;2E;31;31;31;31;31;562;1BB;3.2;36.7;-41.5;14.5;5.5;77.1;-0.0001;0.0204;
435.72;0;0;0;0;2E;30;31;30;30;31;559;1BB;3.2;37.3;-42.0;14.5;5.5;77.1;-0.0001;0.0186;
435.97;0;0;0;0;2E;30;30;30;30;30;551;1BB;3.2;37.3;-41.5;14.5;5.5;77.1;-0.0001;0.0133;
436.22;0;0;0;0;2E;30;30;30;30;30;549;1BB;3.2;37.5;-42.0;14.5;5.5;77.1;-0.0001;-0.0147;
436.47;0;0;0;0;2E;30;30;30;2F;30;543;1BB;3.2;37.5;-42.0;14.5;5.5;77.1;-0.0001;-0.0293;
436.73;0;0;0;0;2E;30;2F;30;2F;30;540;1BB;3.2;37.5;-42.0;14.5;5.5;77.1;-0.0001;-0.0373;
436.98;0;0;0;0;2E;30;2F;30;2F;2F;539;1BB;3.2;36.5;-42.0;14.5;5.5;77.1;-0.0001;-0.0396;
437.23;0;0;0;0;2E;30;2F;2F;2F;2F;533;1B9;3.2;36.5;-42.0;14.5;5.5;77.1;-0.0001;-0.0400;
437.48;0;0;0;0;2E;2F;2F;2F;2F;2F;532;1B9;3.2;36.2;-42.0;14.5;5.5;77.1;-0.0001;-0.0414;
437.73;0;0;0;0;2E;2F;2F;2F;2E;2F;52E;1B9;3.2;35.5;-42.0;14.5;5.5;77.1;-0.0001;-0.0423;
437.98;0;0;0;0;2E;2F;2E;2F;2E;2F;525;1B9;3.2;35.5;-42.5;14.5;5.5;77.1;-0.0001;-0.0431;
438.23;0;0;0;0;2E;2F;2E;2F;2E;2F;520;1B9;3.2;34.8;-42.5;14.5;5.5;77.1;-0.0001;-0.0437;
438.48;0;0;0;0;2E;2F;2E;2E;2E;2E;522;1B9;3.2;34.4;-42.5;14.5;5.5;77.1;-0.0001;-0.0437;
438.73;0;0;0;0;2E;2E;2E;2E;2E;2E;51A;1B9;3.2;34.4;-42.5;14.5;5.5;77.1;-0.0001;-0.0435;
438.98;0;0;0;0;2E;2E;2E;2E;2E;2E;517;1B9;3.2;34.4;-42.5;14.5;5.5;77.1;-0.0001;-0.0430;
439.23;0;0;0;0;2E;2E;2E;2E;2D;2E;511;1B9;3.2;33.7;-42.5;14.5;5.5;77.1;-0.0001;-0.0305;
439.48;0;0;0;0;2E;2E;2E;2E;2D;2E;50E;1B9;3.2;33.0;-42.5;14.5;5.5;77.1;-0.0001;-0.0257;
439.73;0;0;0;0;2E;2E;2E;2E;2D;2E;509;1B9;3.2;33.0;-42.5;14.5;5.5;77.1;-0.0001;-0.0209;
439.98;0;0;0;0;2E;2E;2E;2E;2E;2E;50E;1B9;3.2;32.8;-42.5;14.5;5.5;77.1;-0.0001;-0.0170;
440.23;1;0;0;0;2E;2E;2E;2E;2E;2E;508;1B9;3.2;32.8;-42.5;14.5;5.5;77.1;-0.0001;-0.0106;
440.48;1;0;0;0;2E;2E;2E;2E;2E;2E;412;1B9;3.2;32.2;-41.0;14.5;5.5;77.1;-0.0001;-0.0085;
440.73;1;0;0;0;2E;2E;2E;2E;2E;2E;4B3;1B9;3.2;32.2;153.5;14.5;5.5;77.1;0.5652;-0.0066;
440.98;1;0;0;0;2E;2E;2E;2E;2E;2E;620;1B9;3.2;32.2;-34.0;14.5;5.5;77.1;-0.0001;-0.0044;
441.23;1;0;0;0;2E;2E;2E;2E;2E;2F;552;1B9;3.2;33.3;-43.0;14.5;5.5;77.1;-0.0001;-0.0023;
441.48;1;0;0;0;2E;2E;2E;2E;2E;2E;705;1B9;3.2;33.7;-46.0;14.5;5.5;77.1;-0.0001;-0.0020;
441.75;1;0;0;0;2E;2E;2E;2E;2E;2E;716;1B9;3.2;33.7;-46.5;14.5;5.5;77.1;-0.0001;-0.0017;
442.00;0;0;0;0;2E;2E;2E;2D;2D;2E;715;1B9;3.2;34.8;-46.0;14.5;5.5;77.1;-0.0001;-0.0002;
442.25;0;0;0;0;2E;2E;2E;2D;2D;2E;707;1B9;3.2;34.8;-45.5;14.5;5.5;77.1;-0.0001;0.0035;
442.50;0;1;0;0;2E;2D;2D;2D;2D;2E;708;1B9;3.1;35.6;-45.5;14.5;5.5;77.1;-0.0001;0.0037;
442.75;0;1;0;0;2E;2D;2D;2D;2D;2D;703;1B9;3.2;36.2;-45.0;14.5;5.5;77.1;-0.0001;0.0037;
443.00;0;1;0;0;2E;2D;2D;2D;2D;2D;6F7;1B9;3.2;36.2;-44.5;14.5;5.5;77.1;-0.0001;0.0014;
443.25;0;1;0;0;2E;2D;2D;2D;2D;2D;6EF;1B9;3.2;36.2;-44.5;14.5;5.5;77.1;-0.0001;-0.0002;
443.50;0;1;0;0;2E;2C;2C;2C;2C;2C;6E2;1B9;3.2;37.3;-44.0;14.5;5.5;77.1;-0.0001;-0.0071;
443.75;0;1;0;0;2E;2C;2C;2C;2C;2C;6CD;1B9;3.2;38.0;-43.5;14.5;5.5;77.1;-0.0001;-0.0304;
444.00;0;1;0;0;2E;2C;2B;2C;2B;2C;6C0;1B9;3.2;38.0;-43.5;14.5;5.5;77.1;-0.0001;-0.0728;
444.25;0;1;0;0;2E;2C;2B;2C;2B;2B;6B8;1B9;3.2;38.2;-43.5;14.5;5.5;77.1;-0.0001;-0.0898;
444.50;0;1;0;0;2E;2C;2B;2C;2B;2B;6B6;1B9;3.2;37.5;-43.5;14.5;5.5;77.1;-0.0001;-0.1155;
444.75;0;0;0;0;2E;2C;2A;2C;2A;2B;6B4;1B9;3.2;37.5;-43.5;14.5;5.5;77.1;-0.0001;-0.1342;
445.00;0;0;0;0;2E;2C;2B;2C;2A;2B;6B7;1B9;3.2;36.5;-43.0;14.5;5.5;77.1;-0.0001;-0.1473;
445.25;0;0;0;0;2E;2C;2A;2C;2A;2B;6B3;1B9;3.2;36.5;-43.0;14.5;5.5;77.1;-0.0001;-0.1466;
445.50;0;0;0;0;2E;2C;2A;2C;2A;2B;6B3;1B9;3.4;34.8;-43.0;14.5;5.5;77.1;-0.0001;-0.1331;
445.75;0;0;0;0;2E;2C;2B;2C;2B;2B;6BD;1B9;3.6;32.9;-43.0;14.5;5.5;77.1;-0.0001;-0.0933;
446.00;0;0;0;0;2E;2C;2B;2C;2B;2C;6C2;1B9;3.6;32.9;-43.0;14.5;5.5;77.1;-0.0001;-0.0188;
446.25;0;0;0;0;2E;2C;2C;2C;2C;2C;6C7;1B9;4.7;30.5;-43.0;14.5;5.5;77.1;-0.0001;0.0227;
446.50;0;0;0;0;2E;2B;2C;2B;2C;2C;6C8;1B9;5.4;30.0;-43.0;14.5;5.5;77.1;-0.0001;0.0637;
446.76;0;0;0;0;2E;2B;2D;2B;2C;2C;6CC;1B9;5.4;30.0;-43.0;14.5;5.5;77.1;-0.0001;0.0867;
447.01;0;0;0;0;2E;2B;2D;2B;2D;2C;6D4;1B9;5.7;30.3;-43.0;14.5;5.5;77.1;-0.0001;0.1047;
447.26;0;0;0;0;2E;2C;2D;2B;2D;2C;6D3;1B9;5.7;30.3;-43.0;14.5;5.5;77.1;-0.0001;0.1065;
447.51;0;0;0;0;2E;2B;2D;2B;2D;2C;6D6;1B9;6.2;30.1;-43.0;14.5;5.5;77.1;-0.0001;0.1066;
447.76;0;0;0;0;2E;2C;2D;2B;2D;2C;6DA;1B9;6.2;30.1;-43.0;14.5;5.5;77.1;-0.0001;0.1065;
448.01;0;0;0;0;2E;2B;2D;2B;2D;2C;6DB;1B9;6.8;30.5;-43.0;14.5;5.5;77.1;-0.0001;0.1023;
448.26;0;0;0;0;2E;2C;2D;2B;2D;2C;6D9;1B9;6.8;30.5;-43.0;14.5;5.5;77.1;-0.0001;0.0917;
448.51;0;0;0;0;2E;2C;2D;2B;2D;2C;6E0;1B9;7.3;31.5;-43.0;14.5;5.5;77.1;-0.0001;0.0791;
448.76;0;0;0;0;2E;2C;2D;2C;2D;2D;6E2;1B9;7.8;32.7;-43.0;14.5;5.5;77.1;-0.0001;0.0727;
449.01;0;0;0;0;2E;2C;2D;2C;2D;2D;6EA;1B9;7.8;32.7;-43.0;14.5;5.5;77.1;-0.0001;0.0586;
449.26;0;0;0;0;2E;2D;2D;2C;2D;2D;6F1;1B9;8.5;33.5;-43.0;14.5;5.5;77.1;-0.0001;0.0534;
449.51;0;0;0;0;2E;2D;2D;2D;2D;2D;6F7;1B9;8.9;35.2;-43.0;14.5;5.5;77.1;-0.0001;0.0476;
449.76;0;0;0;0;2E;2D;2D;2D;2D;2D;6F6;1B9;8.9;35.2;-43.0;14.5;5.5;77.1;-0.0001;0.0435;
450.01;0;0;0;0;2E;2D;2D;2D;2D;2D;6FD;1B9;9.4;37.0;-43.0;14.5;5.5;77.1;-0.0001;0.0332;
450.26;0;0;0;0;2E;2D;2D;2D;2D;2D;6F9;1B9;9.4;37.0;-43.0;14.5;5.5;77.1;-0.0001;0.0280;
450.51;0;0;0;0;2E;2D;2D;2D;2D;2D;700;1B9;9.0;38.3;-43.0;14.5;5.5;77.1;-0.0001;0.0191;
450.76;0;0;0;0;2E;2D;2D;2D;2D;2D;705;1B9;9.1;38.2;-43.0;14.5;5.5;77.1;-0.0001;0.0134;
451.01;0;0;0;0;2E;2D;2D;2D;2D;2D;704;1B9;9.1;38.2;-43.0;14.5;5.5;77.1;-0.0001;0.0076;
451.26;0;0;0;0;2E;2D;2D;2D;2D;2D;704;1B9;9.6;37.0;-43.0;14.5;5.5;77.1;-0.0001;0.0063;
451.51;0;0;0;0;2E;2D;2D;2D;2D;2D;70A;1B9;9.6;37.0;-43.0;14.5;5.5;77.1;-0.0001;0.0056;
451.78;1;0;0;0;2E;2D;2E;2D;2D;2D;70B;1B9;9.9;35.7;-43.0;14.5;5.5;77.1;-0.0001;0.0059;
452.03;1;0;0;0;2E;2E;2E;2E;2E;2E;5B1;1B9;9.9;35.7;-40.5;14.5;5.5;77.1;-0.0001;0.0051;
452.28;1;0;0;0;2E;2E;2E;2E;2E;2E;4BD;1B9;10.1;34.6;-39.0;14.5;5.5;77.1;-0.0001;0.0028;
452.53;1;0;0;0;2E;2E;2F;2E;2E;2F;563;1B9;10.3;32.5;-40.5;14.5;5.5;77.1;-0.0001;0.0000;
452.78;0;0;0;0;2E;2F;2F;2F;2F;2F;521;1B9;10.3;32.5;-40.5;14.5;5.5;77.1;-0.0001;-0.0012;
453.03;0;0;0;0;2E;2F;2F;2F;2F;2F;533;1B9;10.5;31.5;-41.0;14.5;5.5;77.1;-0.0001;-0.0049;
453.28;0;0;0;0;2E;2F;2F;2F;2F;2F;53B;1B9;10.7;31.0;-41.0;14.5;5.5;77.1;-0.0001;-0.0044;
453.53;0;0;0;0;2E;2F;2F;2F;2F;2F;53C;1B9;10.7;31.0;-41.5;14.5;5.5;77.1;-0.0001;-0.0041;
453.78;0;0;0;0;2E;30;30;2F;2F;30;53F;1B9;10.8;29.9;-41.5;14.5;5.5;77.1;-0.0001;-0.0039;
454.03;0;0;0;0;2E;30;30;30;30;30;547;1B9;10.8;29.9;-41.5;14.5;5.5;77.1;-0.0001;-0.0021;
454.28;0;0;0;0;2E;30;30;30;30;30;551;1B9;10.9;29.3;-41.5;14.5;5.5;77.1;-0.0001;-0.0016;
454.53;0;0;0;0;2E;30;30;30;30;30;557;1B9;11.0;28.9;-42.0;14.5;5.5;77.1;-0.0001;-0.0005;
454.78;0;0;0;0;2E;30;31;30;30;30;558;1B9;11.0;28.9;-42.0;14.5;5.5;77.1;-0.0001;0.0005;
455.03;0;0;0;0;2E;31;31;31;31;31;560;1B9;11.1;28.6;-42.0;14.5;5.5;77.1;-0.0001;0.0049;
455.28;0;0;0;0;2E;31;31;31;31;31;566;1B9;11.1;28.3;-42.0;14.5;5.5;77.1;-0.0001;0.0073;
455.53;0;0;0;0;2E;31;31;31;31;31;56D;1B9;11.1;28.3;-42.0;14.5;5.5;77.1;-0.0001;0.0076;
455.78;0;0;0;0;2E;31;31;31;31;31;56D;1B9;11.1;28.3;-42.0;14.5;5.5;77.1;-0.0001;0.0092;
456.03;0;0;0;0;2E;31;31;31;31;31;571;1B9;11.1;28.5;-42.0;14.5;5.5;77.1;-0.0001;0.0105;
456.28;0;0;0;0;2E;31;32;31;31;32;579;1B9;11.1;28.6;-42.0;14.5;5.5;77.1;-0.0001;0.0106;
456.53;0;0;0;0;2E;32;32;31;32;32;57C;1B9;11.1;28.6;-42.0;14.5;5.5;77.1;-0.0001;0.0106;
456.79;0;0;0;0;2E;32;32;32;32;32;580;1B9;11.1;28.6;-42.0;14.5;5.5;77.1;-0.0001;0.0101;
457.04;0;0;0;0;2E;32;32;32;32;32;586;1B9;11.1;28.6;-42.5;14.5;5.5;77.1;-0.0001;0.0102;
457.29;0;0;0;0;2E;32;32;32;32;32;586;1B9;11.2;29.0;-42.5;14.5;5.5;77.1;-0.0001;0.0108;
457.54;0;0;0;0;2E;32;32;32;32;32;58A;1B9;11.0;29.1;-42.0;14.5;5.5;77.1;-0.0001;0.0117;
457.79;0;0;0;0;2E;32;32;32;32;32;58F;1B9;11.0;29.1;-42.5;14.5;5.5;77.1;-0.0001;0.0115;
458.04;0;0;0;0;2E;32;33;32;32;33;593;1B9;10.9;29.2;-42.5;14.5;5.5;77.1;-0.0001;0.0115;
458.29;0;0;0;0;2E;33;33;32;33;33;594;1B9;11.0;29.7;-42.5;14.5;5.5;77.1;-0.0001;0.0115;
458.54;0;0;0;0;2E;33;33;32;33;33;59A;1B9;11.0;29.7;-42.5;14.5;5.5;77.1;-0.0001;0.0115;
458.79;0;0;0;0;2E;33;33;33;33;33;597;1B9;10.8;29.9;-42.5;14.5;5.5;77.1;-0.0001;0.0117;
459.04;0;0;0;0;2E;33;33;33;33;33;59D;1B9;10.8;29.9;-42.5;14.5;5.5;77.1;-0.0001;0.0119;
459.29;0;0;0;0;2E;33;33;33;33;33;59D;1B9;10.7;29.9;-42.5;14.5;5.5;77.1;-0.0001;0.0119;
459.54;0;0;0;0;2E;33;33;33;33;33;5A3;1B9;10.6;30.3;-42.5;14.5;5.5;77.1;-0.0001;0.0115;
459.79;0;0;0;0;2E;33;33;33;33;33;5A5;1B9;10.6;30.3;-42.5;14.5;5.5;77.1;-0.0001;0.0102;
460.04;0;0;0;0;2D;33;33;33;33;33;5AB;1B9;10.6;30.3;-42.5;14.5;5.5;77.1;-0.0001;0.0105;
460.29;0;0;0;0;2D;33;34;33;33;33;5A8;1B9;10.6;30.3;-42.5;14.5;5.5;77.1;-0.0001;0.0098;
460.54;0;0;0;0;2D;34;33;33;33;34;5AE;1B9;10.5;30.1;-42.5;14.5;5.5;77.1;-0.0001;0.0088;
460.79;0;0;0;0;2D;33;34;33;34;34;5B3;1B9;10.5;30.1;-42.5;14.5;5.5;77.1;-0.0001;0.0039;
461.04;0;0;0;0;2D;34;34;34;34;34;5B4;1B9;10.4;30.4;-42.5;14.5;5.5;77.1;-0.0001;0.0035;
461.29;0;0;0;0;2D;34;34;34;34;34;5BA;1B9;10.4;30.1;-42.5;14.5;5.5;77.1;-0.0001;0.0027;
461.54;0;0;0;0;2D;34;34;34;34;34;5BA;1B9;10.4;30.1;-42.5;14.5;5.5;77.1;-0.0001;0.0020;
461.81;0;0;0;0;2D;34;34;34;34;34;5BC;1B9;10.4;30.0;-42.5;14.5;5.5;77.1;-0.0001;0.0021;
462.06;0;0;0;0;2D;34;34;34;34;34;5BC;1B9;10.4;30.0;-42.5;14.5;5.5;77.1;-0.0001;0.0017;
462.31;0;0;0;0;2D;34;34;34;34;34;5BF;1B9;10.4;30.2;-42.5;14.5;5.5;77.1;-0.0001;0.0012;
462.56;0;0;0;0;2D;34;34;34;34;34;5BD;1B9;10.5;29.9;-42.5;14.5;5.5;77.1;-0.0001;0.0010;
462.81;0;0;0;0;2D;34;34;34;34;34;5BE;1B9;10.5;29.9;-42.5;14.5;5.5;77.1;-0.0001;0.0009;
463.06;0;0;0;0;2D;34;34;34;34;34;5BE;1B9;10.6;29.9;-42.5;14.5;5.5;77.1;-0.0001;0.0016;
463.31;0;0;0;0;2D;34;34;34;34;34;5C0;1B9;10.5;29.8;-42.5;14.5;5.5;77.1;-0.0001;0.0034;
463.56;0;0;0;0;2D;34;34;34;34;34;5B8;1B9;10.5;29.8;-42.5;14.5;5.5;77.1;-0.0001;0.0053;
463.81;0;0;0;0;2D;34;34;33;34;34;5B7;1B9;10.6;29.6;-42.5;14.5;5.5;77.1;-0.0001;0.0099;
464.06;0;0;0;0;2D;33;34;33;33;34;5AD;1B9;10.6;29.6;-42.5;14.5;5.5;77.1;0.0236;0.0123;
464.31;0;0;0;0;2D;33;33;33;33;33;5A4;1B9;10.5;29.5;-16.5;14.5;5.5;77.1;0.1897;0.0126;
464.56;0;0;0;0;2D;32;33;32;33;33;5B6;1B9;10.5;29.5;50.5;14.5;5.5;77.1;0.2886;0.0126;
464.81;0;0;0;0;2D;33;33;32;33;33;5A7;1B9;10.5;29.7;86.0;14.5;5.5;77.1;0.3202;0.0117;
465.06;0;0;0;0;2D;33;32;33;33;33;5A2;1B9;10.5;29.7;126.0;14.5;5.5;77.1;0.3558;0.0108;
465.31;0;0;0;0;2D;33;33;33;33;33;5A4;1B9;10.2;29.5;140.5;14.5;5.5;77.1;0.3558;0.0098;
465.56;0;0;0;0;2D;33;33;33;33;33;5A7;1B9;9.9;29.2;149.0;14.5;5.5;77.1;0.3677;0.0074;
465.81;0;0;0;0;2D;33;33;33;33;33;5A9;1B9;9.9;29.2;156.0;14.5;5.5;77.1;0.3993;0.0030;
466.06;0;0;0;0;2D;33;33;33;33;33;5B0;1B9;9.5;29.2;189.0;14.5;5.5;77.1;0.4310;0.0027;
466.31;0;0;0;0;2D;33;33;33;33;33;5AE;1B9;9.2;28.7;201.5;14.5;5.5;77.1;0.4389;0.0027;
466.56;0;0;0;0;2D;33;33;33;33;33;5B3;1B9;9.2;28.7;205.5;14.5;5.5;77.1;0.4389;0.0012;
466.82;0;0;0;0;2D;34;34;34;34;34;5B3;1B9;8.9;28.0;207.0;14.5;5.5;77.1;0.4389;-0.0021;
467.07;0;0;0;0;2D;34;34;34;34;34;5BD;1B8;8.4;27.8;205.0;14.4;5.5;77.1;0.4349;-0.0042;
467.32;0;0;0;0;2D;34;34;34;34;34;5C0;1B8;8.4;27.8;200.0;14.4;5.5;77.1;0.4270;-0.0055;
467.57;0;0;0;0;2D;34;34;34;34;34;5C6;1B8;8.0;27.5;196.5;14.5;5.5;77.1;0.4230;-0.0080;
467.82;0;0;0;0;2D;35;34;35;35;35;5CE;1B8;8.0;27.5;187.5;14.5;5.5;77.1;0.4112;-0.0151;
468.07;0;0;0;0;2D;35;35;35;34;35;5CC;1B8;7.6;26.6;186.5;14.5;5.5;77.1;0.4112;-0.0176;
468.32;0;0;0;0;2D;35;35;35;35;35;5D8;1B8;7.6;26.6;184.0;14.5;5.5;77.1;0.4072;-0.0186;
468.57;0;0;0;0;2D;35;35;35;35;35;5D7;1B8;7.4;26.3;181.5;14.4;5.5;77.1;0.3993;-0.0197;
468.82;0;0;0;0;2D;35;35;35;35;35;5DC;1B8;7.4;26.3;174.5;14.5;5.5;77.1;0.3914;-0.0209;
469.07;0;0;0;0;2D;35;35;35;35;35;5E2;1B8;7.1;25.5;169.0;14.5;5.5;77.1;0.3756;-0.0222;
469.32;0;0;0;0;2D;35;35;35;35;35;5D8;1B8;7.1;24.9;156.0;14.5;5.5;77.1;0.3598;-0.0230;
469.57;0;0;0;0;2D;35;35;35;35;35;5DF;1B8;7.1;24.9;149.0;14.5;5.5;77.1;0.3479;-0.0234;
469.82;0;0;0;0;2D;35;35;35;35;35;5DF;1B8;7.2;24.6;137.5;14.5;5.5;77.1;0.3360;-0.0247;
470.07;0;0;0;0;2D;35;35;35;35;35;5D8;1B8;7.3;24.2;134.5;14.5;5.5;77.1;0.3400;-0.0257;
470.32;0;0;0;0;2D;35;35;35;35;35;5E1;1B8;7.3;24.2;137.5;14.5;5.5;77.1;0.3439;-0.0282;
470.57;0;0;0;0;2D;35;35;35;35;35;5DE;1B8;7.4;23.8;139.0;14.5;5.5;77.1;0.3400;-0.0304;
470.82;0;0;0;0;2D;35;35;35;35;35;5D9;1B8;7.4;23.8;145.0;14.5;5.5;77.1;0.3598;-0.0336;
471.07;0;0;0;0;2D;35;35;35;35;35;5DB;1B8;7.6;24.0;152.0;14.5;5.5;77.1;0.3677;-0.0334;
471.32;0;0;0;0;2D;35;35;35;35;35;5D2;1B8;7.9;23.8;155.0;14.5;5.5;77.1;0.3677;-0.0330;
471.57;0;0;0;0;2D;35;35;35;35;35;5D5;1B8;7.9;23.8;155.5;14.5;5.5;77.1;0.3677;-0.0323;
471.84;0;0;0;0;2D;35;35;35;35;35;5DA;1B8;8.0;23.3;155.5;14.5;5.5;77.1;0.3637;-0.0248;
472.09;0;0;0;0;2D;35;35;35;35;35;5D5;1B8;8.1;23.8;153.5;14.5;5.5;77.1;0.3598;-0.0194;
472.34;0;0;0;0;2D;35;35;35;35;35;5D8;1B8;8.1;23.8;152.0;14.5;5.5;77.1;0.3637;-0.0162;
472.59;0;0;0;0;2D;35;35;35;35;35;5D3;1B8;8.1;23.8;153.5;14.5;5.5;77.1;0.3637;-0.0137;
472.84;0;0;0;0;2D;35;35;35;35;35;5D5;1B8;8.2;23.7;155.0;14.5;5.5;77.1;0.3677;-0.0115;
473.09;0;0;0;0;2D;35;35;35;35;35;5D6;1B8;8.2;23.9;157.0;14.5;5.5;77.1;0.3716;-0.0080;
473.34;0;0;0;0;2D;35;35;35;35;35;5D1;1B8;8.2;23.9;160.0;14.5;5.5;77.1;0.3874;-0.0059;
473.59;0;0;0;0;2D;35;35;35;35;35;5D2;1B8;8.1;24.2;167.0;14.5;5.5;77.1;0.3993;-0.0044;
473.84;0;0;0;0;2D;35;35;35;35;35;5D8;1B8;8.1;24.2;190.5;14.5;5.5;77.1;0.4310;-0.0039;
474.09;0;0;0;0;2D;35;35;35;35;35;5DB;1B8;8.0;24.4;203.0;14.5;5.5;77.1;0.4507;-0.0030;
474.34;0;0;0;0;2E;35;35;35;35;35;5E7;1B8;7.8;24.5;217.5;14.5;5.5;77.1;0.4626;-0.0010;
474.59;0;0;0;0;2E;35;35;35;35;36;5E9;1B8;7.8;24.5;224.0;14.5;5.5;77.1;0.4745;0.0035;
474.84;0;0;0;0;2E;36;36;36;36;36;5FA;1B8;7.6;24.8;237.0;14.5;5.5;77.1;0.4903;0.0044;
475.09;0;0;0;0;2E;36;36;36;36;36;5FF;1B8;7.3;24.8;243.0;14.5;5.5;77.1;0.4982;0.0051;
475.34;0;0;0;0;2E;37;36;37;37;37;60F;1B8;7.3;24.8;246.0;14.5;5.5;77.1;0.5021;0.0059;
475.59;0;0;0;0;2E;37;37;37;37;37;615;1B8;7.0;24.9;247.5;14.5;5.5;77.1;0.5022;0.0042;
475.84;0;0;0;0;2E;37;37;37;38;38;624;1B8;7.0;24.9;249.0;14.5;5.5;77.1;0.5101;0.0041;
476.09;0;0;0;0;2E;38;38;38;38;38;630;1B8;6.8;25.1;251.0;14.5;5.5;77.1;0.5101;0.0041;
476.34;0;0;0;0;2E;38;39;38;38;39;63E;1B8;6.6;25.0;252.0;14.5;5.5;77.1;0.5180;0.0041;
476.59;0;0;0;0;2E;39;39;39;39;39;646;1B8;6.6;25.0;253.0;14.5;5.5;77.1;0.5180;0.0041;
476.85;0;0;0;0;2E;39;39;39;39;39;653;1B8;6.6;25.0;253.5;14.5;5.5;77.1;0.5180;0.0049;
477.10;0;0;0;0;2E;3A;3A;3A;3A;3A;661;1B8;6.4;24.9;253.5;14.5;5.5;77.1;0.5180;0.0062;
477.35;0;0;0;0;2E;3A;3A;3A;3A;3A;66C;1B8;6.2;24.8;253.0;14.5;5.5;77.1;0.5219;0.0073;
477.60;0;0;0;0;2E;3A;3A;3B;3B;3B;67B;1B8;6.2;24.8;254.5;14.5;5.5;77.1;0.5180;0.0124;
477.85;0;0;0;0;2E;3B;3B;3B;3B;3B;683;1B8;6.1;24.8;253.0;14.5;5.5;77.1;0.5180;0.0172;
478.10;0;0;0;0;2E;3B;3C;3B;3C;3C;692;1B8;5.8;24.6;252.5;14.4;5.5;77.1;0.5180;0.0227;
478.35;0;0;0;0;2E;3B;3C;3C;3C;3C;69F;1B8;5.8;24.6;252.0;14.4;5.5;77.1;0.5180;0.0279;
478.60;0;0;0;0;2E;3C;3D;3C;3C;3C;6A7;1B8;5.7;24.9;251.5;14.5;5.5;77.1;0.5180;0.0405;
478.85;0;0;0;0;2E;3C;3D;3C;3D;3D;6B8;1B8;5.7;24.9;249.0;14.5;5.5;77.1;0.5140;0.0446;
479.10;0;0;0;0;2E;3D;3D;3D;3D;3D;6C1;1B8;5.6;25.3;248.5;14.5;5.5;77.1;0.5140;0.0494;
479.35;0;0;0;0;2E;3D;3E;3D;3E;3D;6C7;1B8;5.4;26.0;247.5;14.4;5.5;77.1;0.5100;0.0517;
479.60;0;0;0;0;2F;3D;3E;3D;3E;3E;6CE;1B8;5.4;26.0;247.0;14.4;5.5;77.1;0.5100;0.0517;
479.85;0;0;0;0;2F;3E;3F;3E;3E;3E;6DC;1B8;5.2;26.8;246.5;14.4;5.5;77.1;0.5100;0.0524;
480.10;0;0;0;0;2F;3E;3F;3E;3F;3F;6E4;1B8;5.1;27.6;247.0;14.4;5.5;77.1;0.5061;0.0559;
480.35;0;0;0;0;2F;3E;3F;3E;3F;3F;6F2;1B8;5.1;27.6;244.5;14.4;5.5;77.1;0.5021;0.0569;
480.60;0;0;0;0;2F;3F;40;3F;40;3F;6F9;1B8;4.9;28.5;244.0;14.4;5.5;77.1;0.5021;0.0583;
480.85;0;0;0;0;2F;3F;40;3F;40;40;702;1B8;4.9;28.5;240.5;14.4;5.5;77.1;0.4982;0.0576;
481.10;0;0;0;0;2F;40;40;40;40;40;70C;1B8;4.7;29.7;237.5;14.4;5.5;77.1;0.4942;0.0524;
481.35;0;0;0;0;2F;40;41;40;41;40;717;1B8;4.7;29.7;232.5;14.4;5.5;77.1;0.4824;0.0492;
481.60;0;0;0;0;2F;40;41;40;41;41;71D;1B8;4.6;30.6;229.0;14.4;5.5;77.1;0.4784;0.0492;
481.87;0;0;0;0;2F;40;41;40;41;41;723;1B8;4.5;31.2;221.0;14.4;5.5;77.1;0.4665;0.0491;
482.12;0;0;0;0;2F;40;41;41;41;41;729;1B8;4.5;31.2;212.0;14.4;5.5;77.1;0.4547;0.0488;
482.37;0;0;0;0;2F;41;42;41;41;41;731;1B8;4.4;32.4;204.0;14.4;5.5;77.1;0.4388;0.0498;
482.62;0;0;0;0;2F;41;42;41;42;42;734;1B8;4.4;32.4;139.0;14.4;5.5;77.1;0.4151;0.0495;
482.87;1;0;0;0;30;41;42;41;41;41;6E5;1B8;4.3;33.2;-39.5;14.4;5.5;77.1;-0.0001;0.0495;
483.12;1;0;0;0;30;40;41;40;41;41;603;1B8;4.4;33.9;-35.5;14.4;5.5;77.1;-0.0001;0.0495;
483.37;1;0;0;0;30;3F;40;3F;40;40;4CD;1B8;4.4;33.9;29.5;14.4;5.5;77.1;0.2490;0.0498;
483.62;0;0;0;0;30;3F;40;3F;40;40;5BB;1B8;4.7;35.1;152.0;14.4;5.5;77.1;0.3558;0.0544;
483.87;0;0;0;0;30;3F;40;3F;40;40;59F;1B8;4.9;35.4;166.5;14.4;5.5;77.1;0.4033;0.0545;
484.12;0;0;0;0;30;3F;40;3F;40;40;59B;1B8;4.9;35.4;174.5;14.4;5.5;77.1;0.3914;0.0590;
484.37;0;0;0;0;30;3F;40;3F;40;40;5A1;1B8;5.0;35.6;168.5;14.5;5.5;77.1;0.3756;0.0598;
484.62;0;0;0;0;30;3F;40;3F;40;40;5A6;1B8;5.0;35.6;163.5;14.5;5.5;77.1;0.3756;0.0616;
484.87;0;0;0;0;30;3F;41;3F;40;40;5AB;1B8;4.9;36.7;160.0;14.5;5.5;77.1;0.3716;0.0615;
485.12;0;0;0;0;30;3F;41;40;41;40;5A9;1B8;4.9;36.7;156.5;14.4;5.5;77.1;0.3637;0.0618;
485.37;0;0;0;0;30;40;41;40;41;40;5B0;1B8;5.1;36.8;147.5;14.4;5.5;77.1;0.3479;0.0618;
485.62;0;0;0;0;30;40;41;40;41;41;5B2;1B8;5.1;36.8;137.5;14.4;5.5;77.1;0.3400;0.0602;
485.87;0;0;0;0;30;41;41;40;41;41;5B8;1B8;5.2;37.5;126.0;14.4;5.5;77.1;0.3083;0.0551;
486.12;0;0;0;0;30;40;41;40;41;41;5BB;1B8;5.1;38.5;70.5;14.4;5.5;77.1;0.2530;0.0530;
486.37;0;0;0;0;31;40;41;40;41;41;591;1B8;5.1;38.5;-8.0;14.4;5.5;77.1;-0.0001;0.0530;
486.62;0;0;0;0;31;40;41;40;41;41;5B0;1B8;5.4;38.4;-30.5;14.4;5.5;77.1;-0.0001;0.0488;
486.89;0;0;0;0;31;40;41;40;40;40;5B1;1B8;5.7;39.2;-6.0;14.4;5.5;77.1;0.1857;0.0453;
487.14;0;0;0;0;31;40;40;40;41;40;596;1B8;5.7;39.2;-5.5;14.4;5.5;77.1;-0.0001;0.0453;
487.39;0;0;0;0;31;40;40;40;40;40;5A5;1B8;5.8;39.6;-24.0;14.5;5.5;77.1;-0.0001;0.0462;
487.64;0;0;0;0;31;3F;40;3F;40;40;5A7;1B8;5.8;39.6;-0.5;14.5;5.5;77.1;0.1739;0.0513;
487.89;0;0;0;0;31;3F;40;3F;40;40;5AC;1B8;5.8;38.6;19.5;14.5;5.5;77.1;0.1739;0.0524;
488.14;0;0;0;0;31;3F;40;3F;40;40;5A3;1B8;5.8;39.3;25.5;14.5;5.5;77.1;0.1581;0.0552;
488.39;0;0;0;0;31;3F;40;3F;40;40;589;1B8;5.8;39.3;-6.5;14.5;5.5;77.1;-0.0001;0.0566;
488.64;0;0;0;0;31;40;40;3F;40;40;59A;1B8;5.8;40.2;-34.0;14.5;5.5;77.1;-0.0001;0.0566;
488.89;0;0;0;0;31;3F;40;3F;40;40;59D;1B8;6.1;39.9;-41.0;14.5;5.5;77.1;-0.0001;0.0566;
489.14;0;0;0;0;31;3F;40;3F;40;40;59C;1B8;6.1;39.9;-41.5;14.5;5.5;77.1;-0.0001;0.0565;
489.39;0;0;0;0;31;3F;40;3F;3F;3F;597;1B8;6.1;39.9;-41.0;14.5;5.5;77.1;-0.0001;0.0556;
489.64;0;0;0;0;31;3F;40;3F;40;3F;599;1B8;6.2;40.8;-41.0;14.5;5.5;77.1;-0.0001;0.0544;
489.89;0;0;0;0;31;3F;40;3F;40;3F;59B;1B8;6.3;41.1;-41.5;14.5;5.5;77.1;-0.0001;0.0463;
490.14;0;0;0;0;31;3F;3F;3F;40;3F;599;1B8;6.3;41.1;-41.5;14.5;5.5;77.1;-0.0001;0.0341;
490.39;0;0;0;0;31;3F;3F;3F;3F;40;599;1B8;6.5;41.0;-41.5;14.5;5.5;77.1;-0.0001;0.0218;
490.64;0;0;0;0;31;40;40;3F;3F;40;59D;1B8;6.5;41.0;-41.5;14.5;5.5;77.1;-0.0001;0.0158;
490.89;0;0;0;0;31;40;40;3F;3F;40;59F;1B8;6.6;40.9;-41.5;14.5;5.5;77.1;-0.0001;0.0044;
491.14;0;0;0;0;31;40;40;40;40;40;5A0;1B8;6.8;39.7;-41.5;14.5;5.5;77.1;-0.0001;-0.0024;
491.39;0;0;0;0;31;40;3F;40;40;40;5A2;1B8;6.8;39.7;-41.5;14.5;5.5;77.1;-0.0001;-0.0115;
491.64;0;0;0;0;31;40;40;40;3F;40;5A4;1B8;7.0;38.6;-41.5;14.5;5.5;77.1;-0.0001;-0.0113;
491.91;0;0;0;0;31;40;40;40;40;40;5A5;1B8;7.2;37.8;-41.5;14.5;5.5;77.1;-0.0001;-0.0126;
492.16;0;0;0;0;31;40;40;40;40;40;5A9;1B8;7.2;37.8;-41.5;14.5;5.5;77.1;-0.0001;-0.0184;
492.41;0;0;0;0;31;40;40;40;40;40;5AD;1B8;7.6;36.8;-41.5;14.5;5.5;77.1;-0.0001;-0.0272;
492.66;0;0;0;0;31;41;40;40;40;40;5AF;1B8;7.6;36.8;-41.5;14.5;5.5;77.1;-0.0001;-0.0318;
492.91;0;0;0;0;31;40;40;40;40;40;5AD;1B8;8.0;35.2;-41.5;14.5;5.5;77.1;-0.0001;-0.0355;
493.16;0;0;0;0;31;41;40;40;40;40;5AC;1B8;8.4;33.3;-41.5;14.5;5.5;77.1;-0.0001;-0.0410;
493.41;0;0;0;0;31;41;40;40;40;40;5AC;1B8;8.4;33.3;-41.5;14.5;5.5;77.1;-0.0001;-0.0437;
493.66;0;0;0;0;31;41;40;40;40;40;5AB;1B8;8.4;33.3;-41.5;14.5;5.5;77.1;-0.0001;-0.0476;
493.91;0;0;0;0;31;41;40;40;40;40;5AA;1B8;8.7;31.1;-41.5;14.5;5.5;77.1;-0.0001;-0.0506;
494.16;0;0;0;0;31;41;40;40;40;40;5AD;1B8;9.1;29.3;-41.5;14.5;5.5;77.1;-0.0001;-0.0534;
494.41;0;0;0;0;32;41;40;41;40;40;5AF;1B8;9.1;29.3;-41.5;14.5;5.5;77.1;-0.0001;-0.0538;
494.66;0;0;0;0;32;41;40;41;40;41;5B2;1B8;9.5;27.2;-41.5;14.5;5.5;77.1;-0.0001;-0.0538;
494.91;0;0;0;0;32;41;40;41;40;41;5B2;1B8;9.9;26.0;-42.0;14.5;5.5;77.1;-0.0001;-0.0537;
495.16;0;0;0;0;32;41;40;41;40;41;5B8;1B8;9.9;26.0;-41.5;14.5;5.5;77.1;-0.0001;-0.0533;
495.41;0;0;0;0;32;41;41;41;40;41;5BC;1B8;9.9;25.2;-41.5;14.5;5.5;77.1;-0.0001;-0.0467;
495.66;0;0;0;0;32;41;41;41;41;41;5BC;1B8;9.9;25.2;-41.5;14.5;5.5;77.1;-0.0001;-0.0451;
495.91;0;0;0;0;32;42;41;41;41;41;5C0;1B8;10.1;24.3;-42.0;14.5;5.5;77.1;-0.0001;-0.0459;
496.16;0;0;0;0;32;42;41;41;41;41;5C6;1B8;10.1;24.2;-41.5;14.5;5.5;77.1;-0.0001;-0.0460;
496.41;0;0;0;0;32;42;41;42;41;42;5CA;1B8;10.1;24.2;-42.0;14.5;5.5;77.1;-0.0001;-0.0427;
496.66;0;0;0;0;32;42;41;42;41;42;5CF;1B8;10.4;23.4;-41.5;14.5;5.5;77.1;-0.0001;-0.0424;
496.92;0;0;0;0;32;42;42;42;41;42;5D4;1B8;10.5;22.8;-41.5;14.5;5.5;77.1;-0.0001;-0.0412;
497.17;0;0;0;0;32;43;42;42;42;42;5DA;1B8;10.5;22.8;-41.5;14.5;5.5;77.1;-0.0001;-0.0420;
497.42;0;0;0;0;32;43;42;43;42;43;5DF;1B8;10.5;23.3;-41.5;14.5;5.5;77.1;-0.0001;-0.0460;
497.67;0;0;0;0;32;43;42;43;42;43;5E1;1B8;10.5;23.3;-41.5;14.5;5.5;77.1;-0.0001;-0.0462;
497.92;0;0;0;0;32;43;42;43;42;43;5E6;1B8;10.5;22.9;-41.5;14.5;5.5;77.1;-0.0001;-0.0462;
498.17;0;0;0;0;32;43;43;43;42;43;5E9;1B8;10.5;22.9;-41.5;14.5;5.5;77.1;-0.0001;-0.0471;
498.42;0;0;0;0;32;44;43;43;43;43;5EF;1B8;10.6;22.6;-41.5;14.5;5.5;77.1;-0.0001;-0.0495;
498.67;0;0;0;0;32;44;43;44;43;43;5F4;1B8;10.7;22.8;-41.5;14.5;5.5;77.1;-0.0001;-0.0494;
498.92;0;0;0;0;32;44;43;44;43;44;5F8;1B8;10.7;22.8;-41.5;14.4;5.5;77.1;-0.0001;-0.0476;
499.17;0;0;0;0;32;44;43;44;43;44;5FA;1B8;10.6;22.8;-42.0;14.4;5.5;77.1;-0.0001;-0.0456;
499.42;0;0;0;0;32;44;44;44;43;44;5FE;1B8;10.6;22.8;-42.0;14.5;5.5;77.1;-0.0001;-0.0389;
499.67;0;0;0;0;32;44;44;44;44;44;601;1B8;10.8;22.5;-41.5;14.5;5.5;77.1;-0.0001;-0.0304;
499.92;0;0;0;0;32;45;44;45;44;44;608;1B8;10.9;22.8;-41.5;14.5;5.5;77.1;-0.0001;-0.0297;
500.17;0;0;0;0;31;45;44;45;44;45;60D;1B8;10.9;22.8;-42.0;14.5;5.5;77.1;-0.0001;-0.0330;
500.42;0;0;0;0;31;45;44;45;44;45;615;1B8;10.9;23.1;-42.0;14.5;5.5;77.1;-0.0001;-0.0437;
500.67;0;0;0;0;31;45;44;45;44;45;617;1B8;10.8;22.8;-42.0;14.5;5.5;77.1;-0.0001;-0.0437;
500.92;0;0;0;0;31;46;45;45;45;45;620;1B8;10.8;22.8;-42.0;14.5;5.5;77.1;-0.0001;-0.0437;
501.17;0;0;0;0;31;46;45;46;45;46;621;1B8;10.9;22.6;-42.0;14.5;5.5;77.1;-0.0001;-0.0435;
501.42;0;0;0;0;31;46;45;46;45;46;629;1B8;10.9;22.6;-41.5;14.5;5.5;77.1;-0.0001;-0.0428;
501.67;0;0;0;0;31;46;46;46;45;46;62C;1B8;11.1;22.3;-42.0;14.5;5.5;77.1;-0.0001;-0.0428;
501.94;0;0;0;0;31;46;46;46;46;46;630;1B8;11.1;22.3;-42.0;14.5;5.5;77.1;-0.0001;-0.0428;
502.19;0;0;0;0;31;46;46;46;46;46;634;1B8;11.2;22.4;-42.0;14.5;5.5;77.1;-0.0001;-0.0512;
502.44;0;0;0;0;31;47;46;47;46;47;63B;1B8;11.2;22.4;-42.0;14.5;5.5;77.1;-0.0001;-0.0513;
502.69;0;0;0;0;31;47;46;47;46;47;63D;1B8;11.2;22.5;-42.0;14.5;5.5;77.1;-0.0001;-0.0513;
502.94;0;0;0;0;31;48;47;47;46;47;643;1B8;11.3;22.3;-42.0;14.5;5.5;77.1;-0.0001;-0.0508;
503.19;0;0;0;0;31;47;47;47;46;47;642;1B8;11.3;22.3;-42.0;14.5;5.5;77.1;-0.0001;-0.0434;
503.44;0;0;0;0;31;47;47;47;46;47;640;1B8;11.5;21.9;-42.0;14.5;5.5;77.1;-0.0001;-0.0400;
503.69;0;0;0;0;31;47;47;47;46;47;648;1B8;11.6;22.2;-42.0;14.5;5.5;77.1;-0.0001;-0.0323;
503.94;0;0;0;0;31;48;47;47;47;47;648;1B8;11.6;22.2;-42.0;14.5;5.5;77.1;-0.0001;-0.0280;
504.19;0;0;0;0;31;47;47;47;47;47;64C;1B8;11.7;22.3;-42.0;14.5;5.5;77.1;-0.0001;-0.0162;
504.44;0;0;0;0;31;48;48;47;47;48;653;1B8;11.7;22.3;-42.0;14.5;5.5;77.1;-0.0001;-0.0115;
504.69;0;0;0;0;31;48;48;48;48;48;656;1B8;11.8;21.9;-42.0;14.5;5.5;77.1;-0.0001;-0.0030;
504.94;0;0;0;0;31;48;48;48;48;48;65C;1B8;11.8;22.9;-42.0;14.5;5.5;77.1;-0.0001;-0.0014;
505.19;0;0;0;0;31;48;48;48;48;48;660;1B8;11.8;22.9;-42.0;14.4;5.5;77.1;-0.0001;0.0027;
505.44;0;0;0;0;31;48;48;48;48;48;661;1B8;11.6;23.9;-42.0;14.4;5.5;77.1;-0.0001;0.0039;
505.69;0;0;0;0;31;48;49;48;48;49;667;1B8;11.5;24.0;-42.0;14.5;5.5;77.1;-0.0001;0.0056;
505.94;0;0;0;0;31;49;49;49;49;49;66D;1B8;11.5;24.0;-42.0;14.5;5.5;77.1;-0.0001;0.0073;
506.19;0;0;0;0;31;49;49;49;49;49;66F;1B8;11.5;24.0;-42.0;14.5;5.5;77.1;-0.0001;0.0073;
506.44;0;0;0;0;31;49;49;48;49;49;673;1B8;11.4;25.0;-42.0;14.5;5.5;77.1;-0.0001;0.0078;
506.69;0;0;0;0;31;49;49;49;49;49;67B;1B8;11.2;26.1;-42.0;14.5;5.5;77.1;-0.0001;0.0078;
506.95;0;0;0;0;31;49;49;49;49;4A;67B;1B8;11.2;26.1;-42.0;14.5;5.5;77.1;-0.0001;0.0063;
507.20;0;0;0;0;31;49;4A;49;49;4A;683;1B8;11.1;26.8;-42.0;14.5;5.5;77.1;-0.0001;0.0211;
507.45;0;0;0;0;31;4A;4A;49;4A;4A;686;1B8;11.1;26.8;-42.0;14.5;5.5;77.1;-0.0001;0.0215;
507.70;0;0;0;0;31;4A;4A;4A;4A;4A;688;1B8;10.9;28.0;-42.0;14.5;5.5;77.1;-0.0001;0.0208;
507.95;0;0;0;0;31;4A;4A;4A;4A;4A;690;1B8;10.6;29.6;-42.0;14.5;5.5;77.1;-0.0001;0.0194;
508.20;0;0;0;0;31;4B;4B;4A;4B;4B;697;1B8;10.6;29.6;-42.5;14.5;5.5;77.1;-0.0001;0.0156;
508.45;0;0;0;0;31;4B;4B;4B;4B;4B;69D;1B8;10.2;30.3;-42.5;14.5;5.5;77.1;-0.0001;0.0115;
508.70;0;0;0;0;31;4C;4C;4B;4B;4B;6A1;1B8;10.3;30.8;-42.5;14.5;5.5;77.1;-0.0001;0.0098;
508.95;0;0;0;0;31;4C;4C;4B;4B;4C;6AF;1B8;10.3;30.8;-42.5;14.5;5.5;77.1;-0.0001;0.0080;
509.20;0;0;0;0;31;4C;4C;4C;4C;4C;6B2;1B8;10.1;31.0;-42.5;14.5;5.5;77.1;-0.0001;0.0044;
509.45;0;0;0;0;31;4C;4C;4C;4C;4C;6B7;1B8;10.1;31.0;-42.5;14.5;5.5;77.1;-0.0001;0.0034;
509.70;0;0;0;0;31;4C;4D;4C;4C;4C;6BA;1B8;10.1;30.7;-42.5;14.5;5.5;77.1;-0.0001;0.0030;
509.95;0;0;0;0;31;4C;4C;4C;4C;4D;6C2;1B8;10.1;31.0;-42.5;14.5;5.5;77.1;-0.0001;0.0014;
510.20;0;0;0;0;31;4D;4D;4D;4D;4D;6C8;1B8;10.1;31.0;-42.5;14.5;5.5;77.1;-0.0001;0.0030;
510.45;0;0;0;0;31;4D;4D;4D;4D;4D;6CA;1B8;10.1;31.0;-42.5;14.5;5.5;77.1;-0.0001;0.0027;
510.70;0;0;0;0;31;4D;4D;4D;4D;4D;6CE;1B8;10.2;30.9;-42.5;14.5;5.5;77.1;-0.0001;0.0028;
510.95;0;0;0;0;31;4E;4E;4D;4D;4E;6D8;1B8;10.2;30.4;-42.5;14.5;5.5;77.1;-0.0001;0.0030;
511.20;0;0;0;0;31;4E;4E;4E;4E;4E;6DF;1B8;10.2;30.4;-42.5;14.5;5.5;77.1;-0.0001;-0.0023;
511.45;0;0;0;0;31;4E;4E;4E;4E;4E;6E5;1B8;10.3;30.5;-42.5;14.5;5.5;77.1;-0.0001;-0.0031;
511.70;0;0;0;0;31;4E;4E;4E;4E;4F;6EA;1B8;10.3;30.4;-42.5;14.5;5.5;77.1;-0.0001;-0.0016;
511.97;0;0;0;0;31;4F;4F;4E;4E;4F;6EE;1B8;10.3;30.4;-42.5;14.5;5.5;77.1;-0.0001;-0.0010;
512.22;0;0;0;0;31;4F;4F;4F;4F;4F;6F0;1B8;10.5;29.2;-42.5;14.5;5.5;77.1;-0.0001;0.0002;
512.47;0;0;0;0;31;4F;4F;4F;4F;4F;6F9;1B8;10.5;28.7;-42.5;14.5;5.5;77.1;-0.0001;0.0028;
512.72;0;0;0;0;31;50;50;4F;4F;4F;6FD;1B8;10.5;28.7;-42.5;14.5;5.5;77.1;-0.0001;0.0051;
512.97;0;0;0;0;31;4F;50;4F;4F;50;703;1B8;10.5;28.9;-42.5;14.5;5.5;77.1;-0.0001;0.0092;
513.22;0;0;0;0;31;50;50;4F;50;50;705;1B8;10.5;28.9;-42.5;14.5;5.5;77.1;-0.0001;0.0145;
513.47;0;0;0;0;31;50;50;4F;50;50;70C;1B8;10.5;28.9;-42.5;14.5;5.5;77.1;-0.0001;0.0184;
513.72;0;0;0;0;31;50;50;50;50;50;710;1B8;10.4;29.3;-42.5;14.5;5.5;77.1;-0.0001;0.0229;
513.97;0;0;0;0;31;50;51;50;50;50;714;1B8;10.4;29.3;-42.5;14.5;5.5;77.1;-0.0001;0.0247;
514.22;0;0;0;0;31;50;51;50;51;51;718;1B8;10.3;30.3;-42.5;14.5;5.5;77.1;-0.0001;0.0302;
514.47;0;0;0;0;31;50;51;50;51;51;71C;1B8;10.3;30.3;-42.5;14.5;5.5;77.1;-0.0001;0.0341;
514.72;0;0;0;0;31;50;51;50;51;51;71F;1B8;10.0;31.0;-42.5;14.5;5.5;77.1;-0.0001;0.0353;
514.97;0;0;0;0;31;51;51;50;51;51;720;1B8;10.0;31.0;-42.5;14.5;5.5;77.1;-0.0001;0.0385;
515.22;0;0;0;0;31;51;52;51;51;51;729;1B8;9.8;32.1;-43.0;14.5;5.5;77.1;-0.0001;0.0373;
515.47;0;0;0;0;31;51;52;51;51;51;72D;1B8;9.4;33.9;-43.0;14.5;5.5;77.1;-0.0001;0.0345;
515.72;0;0;0;0;31;51;52;51;52;52;731;1B8;9.4;33.9;-43.0;14.5;5.5;77.1;-0.0001;0.0325;
515.97;0;0;0;0;31;51;52;51;52;52;735;1B8;9.2;34.7;-43.0;14.5;5.5;77.1;-0.0001;0.0321;
516.22;0;0;0;0;31;52;52;51;52;52;737;1B8;9.2;34.7;-43.0;14.5;5.5;77.1;-0.0001;0.0346;
516.47;0;0;0;0;31;52;52;52;52;52;73E;1B8;9.1;35.7;-43.0;14.5;5.5;77.1;-0.0001;0.0362;
516.72;0;0;0;0;31;52;53;52;53;52;742;1B8;8.9;37.2;-43.0;14.5;5.5;77.1;-0.0001;0.0395;
516.98;0;0;0;0;31;52;53;52;52;53;746;1B8;8.9;37.2;-43.0;14.5;5.5;77.1;-0.0001;0.0395;
517.23;0;0;0;0;31;52;53;52;53;53;747;1B8;8.6;38.1;-43.0;14.5;5.5;77.1;-0.0001;0.0385;
517.48;0;0;0;0;31;52;53;52;53;53;74A;1B8;8.4;38.9;-43.0;14.5;5.5;77.1;-0.0001;0.0370;
517.73;0;0;0;0;31;52;53;52;53;53;750;1B8;8.4;38.9;-43.0;14.5;5.5;77.1;-0.0001;0.0346;
517.98;0;0;0;0;31;52;53;52;53;53;750;1B8;8.3;39.8;-43.0;14.5;5.5;77.1;-0.0001;0.0312;
518.23;0;0;0;0;31;53;53;53;53;53;753;1B8;8.3;39.8;-43.0;14.5;5.5;77.1;-0.0001;0.0204;
518.48;0;0;0;0;31;53;54;53;53;53;759;1B8;8.3;39.5;-43.0;14.5;5.5;77.1;-0.0001;0.0140;
518.73;0;0;0;0;31;53;53;53;53;54;75A;1B8;8.3;39.5;-43.0;14.5;5.5;77.1;-0.0001;0.0112;
518.98;0;0;0;0;31;53;54;53;53;54;75C;1B8;8.4;39.2;-43.0;14.5;5.5;77.1;-0.0001;0.0034;
519.23;0;0;0;0;31;54;54;54;54;54;764;1B8;8.4;39.2;-43.0;14.5;5.5;77.1;-0.0001;-0.0117;
519.48;0;0;0;0;31;54;54;54;54;54;765;1B8;8.7;38.3;-43.0;14.5;5.5;77.1;-0.0001;-0.0186;
519.73;0;0;0;0;31;54;54;54;54;54;76D;1B8;9.0;36.3;-43.0;14.5;5.5;77.1;-0.0001;-0.0257;
519.98;0;0;0;0;31;55;54;54;54;54;76D;1B8;9.0;36.3;-43.0;14.5;5.5;77.1;-0.0001;-0.0320;
520.23;0;0;0;0;31;54;54;54;54;54;76A;1B8;9.3;34.8;-43.0;14.5;5.5;77.1;-0.0001;-0.0396;
520.48;0;0;0;0;31;55;54;54;53;54;76B;1B8;9.5;33.4;-43.0;14.5;5.5;77.1;-0.0001;-0.0400;
520.73;0;0;0;0;31;54;54;54;53;54;769;1B8;9.5;33.4;-43.0;14.5;5.5;77.1;-0.0001;-0.0398;
520.98;0;0;0;0;31;54;53;54;53;54;768;1B8;9.9;31.0;-43.0;14.5;5.5;77.1;-0.0001;-0.0471;
521.23;0;0;0;0;31;54;54;54;53;54;764;1B8;9.9;31.0;-43.0;14.5;5.5;77.1;-0.0001;-0.0491;
521.48;0;0;0;0;31;54;53;54;53;54;763;1B8;10.4;28.8;-43.0;14.5;5.5;77.1;-0.0001;-0.0494;
521.73;0;0;0;0;31;54;53;54;53;54;760;1B8;11.0;26.4;-43.0;14.5;5.5;77.1;-0.0001;-0.0502;
522.00;0;0;0;0;31;54;53;54;53;54;760;1B8;11.0;26.4;-43.0;14.5;5.5;77.1;-0.0001;-0.0501;
522.25;0;0;0;0;31;54;53;54;53;54;75B;1B8;11.6;23.7;-43.0;14.5;5.5;77.1;-0.0001;-0.0501;
522.50;0;0;0;0;31;54;53;54;53;54;75F;1B8;12.3;21.7;-43.0;14.5;5.5;77.1;-0.0001;-0.0499;
522.75;0;0;0;0;31;54;53;53;53;54;758;1B8;12.3;21.7;-43.0;14.5;5.5;77.1;-0.0001;-0.0498;
523.00;0;0;0;0;31;54;52;53;53;53;756;1B8;12.3;21.7;-43.0;14.5;5.5;77.1;-0.0001;-0.0502;
523.25;0;0;0;0;31;54;53;53;52;53;754;1B8;13.1;19.8;-43.0;14.5;5.5;77.1;-0.0001;-0.0499;
523.50;0;0;0;0;31;54;52;53;52;53;752;1B8;13.9;18.1;-43.0;14.5;5.5;77.1;-0.0001;-0.0446;
523.75;0;0;0;0;31;53;53;53;52;53;74D;1B8;13.9;18.1;-43.0;14.5;5.5;77.1;-0.0001;-0.0325;
524.00;0;0;0;0;31;53;53;53;53;53;74F;1B8;14.8;17.0;-42.5;14.5;5.5;77.1;-0.0001;-0.0092;
524.25;0;0;0;0;31;53;53;53;52;53;74B;1B8;14.8;17.0;-42.5;14.5;5.5;77.1;-0.0001;-0.0009;
524.50;0;0;0;0;31;53;53;52;53;53;74D;1B8;15.2;16.3;-42.5;14.5;5.5;77.1;-0.0001;0.0124;
524.75;0;0;0;0;31;53;53;52;53;53;74E;1B8;15.6;16.7;-43.0;14.5;5.5;77.1;-0.0001;0.0216;
525.00;0;0;0;0;31;52;53;52;53;53;74F;1B8;15.6;16.7;-43.0;14.5;5.5;77.1;-0.0001;0.0284;
525.25;0;0;0;0;31;52;53;52;53;53;74A;1B8;15.6;18.0;-42.5;14.5;5.5;77.1;-0.0001;0.0284;
525.50;0;0;0;0;31;53;53;52;53;53;751;1B8;15.5;19.6;-43.0;14.5;5.5;77.1;-0.0001;0.0300;
525.75;0;0;0;0;30;52;53;52;53;53;753;1B8;15.5;19.6;-43.0;14.5;5.5;77.1;-0.0001;0.0362;
526.00;0;0;0;0;30;53;54;52;53;53;750;1B8;15.3;21.3;-43.0;14.5;5.5;77.1;-0.0001;0.0417;
526.25;0;0;0;0;30;52;53;52;53;53;752;1B8;15.3;21.3;-43.0;14.5;5.5;77.1;-0.0001;0.0384;
526.50;0;0;0;0;30;53;54;53;53;54;75B;1B8;15.2;23.8;-43.0;14.5;5.5;77.1;-0.0001;0.0321;
526.75;0;0;0;0;30;53;54;53;54;54;75C;1B8;14.5;25.7;-43.0;14.5;5.5;77.1;-0.0001;0.0282;
527.01;0;0;0;0;30;53;54;53;54;54;760;1B8;14.5;25.7;-43.0;14.5;5.5;77.1;-0.0001;0.0311;
527.26;0;0;0;0;30;53;54;53;54;54;766;1B8;14.1;27.0;-43.0;14.5;5.5;77.1;-0.0001;0.0341;
527.51;0;0;0;0;30;54;54;54;54;54;769;1B8;14.1;27.0;-43.0;14.5;5.5;77.1;-0.0001;0.0275;
527.76;1;0;0;0;30;54;55;54;55;54;6D7;1B8;13.7;28.6;-42.0;14.5;5.5;77.1;-0.0001;0.0181;
528.01;1;0;0;0;30;55;55;55;55;55;5D8;1B8;13.7;28.6;-40.0;14.5;5.5;77.1;-0.0001;0.0169;
528.26;1;0;0;0;30;55;55;55;55;55;568;1B8;12.9;30.7;-38.5;14.5;5.5;77.1;-0.0001;0.0152;
528.51;0;0;0;0;30;55;56;55;55;56;63B;1B8;12.8;31.4;-41.0;14.5;5.5;77.1;-0.0001;0.0147;
528.76;0;0;0;0;30;56;56;55;56;56;636;1B8;12.8;31.4;-41.0;14.5;5.5;77.1;-0.0001;0.0142;
529.01;0;0;0;0;30;56;56;56;56;56;63D;1B8;12.6;31.5;-41.0;14.5;5.5;77.1;-0.0001;0.0147;
529.26;0;0;0;0;30;56;56;56;56;57;643;1B8;12.6;31.5;-41.5;14.5;5.5;77.1;-0.0001;0.0159;
529.51;0;0;0;0;30;57;57;56;57;57;64A;1B8;12.6;31.5;-41.5;14.5;5.5;77.1;-0.0001;0.0174;
529.76;0;0;0;0;30;57;57;57;57;57;650;1B8;13.1;30.5;-41.5;14.5;5.5;77.1;-0.0001;0.0194;
530.01;0;0;0;0;30;57;58;57;58;58;656;1B8;13.1;30.5;-41.5;14.5;5.5;77.1;-0.0001;0.0230;
530.26;0;0;0;0;30;57;58;57;58;58;65E;1B8;13.1;30.1;-42.0;14.5;5.5;77.1;-0.0001;0.0216;
530.51;0;0;0;0;30;58;58;58;58;58;660;1B8;13.1;29.6;-42.0;14.5;5.5;77.1;-0.0001;0.0222;
530.76;0;0;0;0;30;58;59;58;58;59;669;1B8;13.1;29.6;-42.0;14.5;5.5;77.1;-0.0001;0.0240;
531.01;0;0;0;0;30;59;59;58;59;59;66F;1B8;13.6;28.9;-42.0;14.5;5.5;77.1;-0.0001;0.0240;
531.26;0;0;0;0;30;59;5A;59;59;59;677;1B8;13.6;28.9;-42.0;14.5;5.5;77.1;-0.0001;0.0229;
531.51;0;0;0;0;30;59;5A;59;5A;5A;67B;1B8;13.4;29.1;-42.0;14.5;5.5;77.1;-0.0001;0.0236;
531.76;0;0;0;0;30;59;5A;59;5A;5A;67E;1B8;13.4;29.1;-42.0;14.5;5.5;77.1;-0.0001;0.0234;
532.03;0;0;0;0;30;5A;5A;5A;5A;5A;686;1B8;13.3;29.5;-42.0;14.5;5.5;77.1;-0.0001;0.0204;
532.28;0;0;0;0;30;5A;5B;5A;5A;5A;68B;1B8;13.5;29.0;-42.5;14.5;5.5;77.1;-0.0001;0.0184;
532.53;0;0;0;0;30;5A;5B;5A;5B;5B;68C;1B8;13.5;29.0;-42.5;14.5;5.5;77.1;-0.0001;0.0159;
532.78;0;0;0;0;30;5B;5B;5A;5B;5B;692;1B8;13.3;29.6;-42.5;14.5;5.5;77.1;-0.0001;0.0126;
533.03;0;0;0;0;30;5B;5B;5B;5B;5B;698;1B8;13.3;29.6;-42.5;14.5;5.5;77.1;-0.0001;0.0071;
533.28;0;0;0;0;30;5B;5B;5B;5B;5B;69E;1B8;13.4;30.1;-42.5;14.5;5.5;77.1;-0.0001;0.0031;
533.53;0;0;0;0;30;5B;5C;5B;5B;5C;6A3;1B8;13.6;29.5;-42.5;14.5;5.5;77.1;-0.0001;0.0012;
533.78;0;0;0;0;30;5C;5C;5B;5C;5C;6A8;1B8;13.6;29.5;-42.5;14.5;5.5;77.1;-0.0001;0.0009;
534.03;0;0;0;0;30;5C;5C;5C;5C;5C;6B0;1B8;13.5;29.5;-42.5;14.5;5.5;77.1;-0.0001;0.0014;
534.28;0;0;0;0;30;5C;5C;5C;5C;5D;6B2;1B8;13.8;29.3;-42.5;14.5;5.5;77.1;-0.0001;-0.0007;
534.53;0;0;0;0;30;5D;5D;5D;5D;5D;6BA;1B8;13.8;29.3;-42.5;14.5;5.5;77.1;-0.0001;-0.0024;
534.78;0;0;0;0;30;5E;5D;5D;5D;5D;6C2;1B8;14.0;28.6;-42.5;14.5;5.5;77.1;-0.0001;-0.0030;
535.03;0;0;0;0;30;5E;5E;5D;5D;5E;6C7;1B8;14.0;28.6;-42.5;14.5;5.5;77.1;-0.0001;-0.0037;
535.28;0;0;0;0;30;5E;5E;5E;5E;5E;6CA;1B8;14.1;28.0;-42.5;14.5;5.5;77.1;-0.0001;-0.0049;
535.53;0;0;0;0;30;5E;5E;5E;5E;5E;6D4;1B8;14.1;28.0;-42.5;14.5;5.5;77.1;-0.0001;-0.0063;
535.78;0;0;0;0;30;5E;5F;5E;5E;5F;6DA;1B8;14.4;27.5;-42.5;14.5;5.5;77.1;-0.0001;-0.0074;
536.03;0;0;0;0;30;5F;5F;5F;5F;5F;6DF;1B8;14.4;27.5;-42.5;14.5;5.5;77.1;-0.0001;-0.0080;
536.28;0;0;0;0;30;5F;5F;5F;5F;5F;6E2;1B8;14.7;26.7;-42.5;14.5;5.5;77.1;-0.0001;-0.0085;
536.53;0;0;0;0;30;5F;5F;5F;5F;60;6E9;1B8;15.0;25.8;-42.5;14.5;5.5;77.1;-0.0001;-0.0095;
536.78;0;0;0;0;30;60;60;5F;5F;60;6EE;1B8;15.0;25.8;-42.5;14.5;5.5;77.1;-0.0001;-0.0099;
537.04;0;0;0;0;30;60;60;60;60;60;6F6;1B8;15.2;25.2;-42.5;14.5;5.5;77.1;-0.0001;-0.0088;
537.29;0;0;0;0;30;60;60;60;60;60;6F7;1B8;15.3;24.5;-42.5;14.5;5.5;77.1;-0.0001;-0.0071;
537.54;0;0;0;0;30;61;61;60;60;61;701;1B8;15.3;24.5;-42.5;14.5;5.5;77.1;-0.0001;-0.0063;
537.79;0;0;0;0;30;61;61;61;61;61;702;1B8;15.4;24.3;-42.5;14.5;5.5;77.1;-0.0001;-0.0039;
538.04;0;0;0;0;30;61;61;61;61;61;707;1B8;15.4;24.3;-42.5;14.5;5.5;77.1;-0.0001;-0.0037;
538.29;0;0;0;0;30;61;61;61;61;61;709;1B8;15.4;24.5;-42.5;14.5;5.5;77.1;-0.0001;-0.0031;
538.54;0;0;0;0;30;61;61;61;61;61;70A;1B8;15.5;24.5;-42.5;14.5;5.5;77.1;-0.0001;-0.0009;
538.79;0;0;0;0;30;62;61;61;61;62;70D;1B8;15.5;24.5;-42.5;14.5;5.5;77.1;-0.0001;-0.0003;
539.04;0;0;0;0;30;61;62;61;61;62;712;1B8;15.4;24.2;-42.5;14.5;5.5;77.1;-0.0001;0.0002;
539.29;0;0;0;0;30;61;61;61;61;61;70E;1B8;15.3;24.6;-42.5;14.5;5.5;77.1;-0.0001;0.0051;
539.54;0;0;0;0;30;61;62;61;61;62;70E;1B8;15.3;24.6;-42.5;14.5;5.5;77.1;-0.0001;0.0041;
539.79;0;0;0;0;30;62;62;61;61;62;70E;1B8;15.3;24.6;-42.5;14.5;5.5;77.1;-0.0001;0.0048;
540.04;0;0;0;0;30;62;61;61;61;62;70F;1B8;15.4;24.9;-42.5;14.5;5.5;77.1;-0.0001;0.0048;
540.29;0;0;0;0;30;61;61;61;61;62;70E;1B8;15.2;25.1;-42.5;14.5;5.5;77.1;-0.0001;0.0031;
540.54;0;0;0;0;30;61;62;61;61;62;70C;1B8;15.2;25.1;-42.5;14.5;5.5;77.1;-0.0001;0.0024;
540.79;0;0;0;0;30;61;61;61;61;61;709;1B8;15.0;25.5;-42.5;14.5;5.5;77.1;-0.0001;0.0062;
541.04;0;0;0;0;30;61;61;61;61;61;708;1B8;15.0;25.5;-42.5;14.5;5.5;77.1;-0.0001;0.0063;
541.29;0;0;0;0;30;61;61;61;61;61;706;1B8;15.0;25.9;-42.5;14.5;5.5;77.1;-0.0001;0.0034;
541.54;0;0;0;0;30;61;61;60;60;61;6FD;1B8;14.8;26.2;-42.5;14.5;5.5;77.1;-0.0001;0.0016;
541.79;0;0;0;0;30;61;61;60;60;61;6FC;1B8;14.8;26.2;-42.5;14.5;5.5;77.1;-0.0001;0.0003;
542.06;0;0;0;0;30;60;60;60;60;61;6FC;1B8;14.9;26.4;-42.5;14.5;5.5;77.1;-0.0001;0.0021;
542.31;0;0;0;0;30;60;60;60;60;60;6F4;1B8;14.9;26.3;-42.5;14.5;5.5;77.1;-0.0001;0.0028;
542.56;0;0;0;0;30;60;60;60;60;60;6EF;1B8;14.9;26.3;-42.5;14.5;5.5;77.1;-0.0001;0.0060;
542.81;0;0;0;0;30;5F;5F;5F;5F;60;6EB;1B8;14.8;26.4;-42.5;14.5;5.5;77.1;-0.0001;0.0105;
543.06;0;0;0;0;30;5F;5F;5F;5F;5F;6E0;1B8;14.7;26.8;-42.0;14.5;5.5;77.1;-0.0001;0.0138;
543.31;0;0;0;0;30;5E;5F;5E;5E;5F;6DA;1B8;14.7;26.8;-42.5;14.5;5.5;77.1;-0.0001;0.0144;
543.56;0;0;0;0;30;5E;5E;5E;5E;5F;6D3;1B8;14.7;27.1;-42.5;14.5;5.5;77.1;-0.0001;0.0170;
543.81;0;0;0;0;30;5E;5E;5D;5E;5E;6C7;1B8;14.7;27.1;-42.0;14.5;5.5;77.1;-0.0001;0.0169;
544.06;0;0;0;0;30;5D;5D;5D;5D;5D;6C1;1B8;14.5;27.3;-42.0;14.5;5.5;77.1;-0.0001;0.0142;
544.31;0;0;0;0;30;5C;5D;5C;5D;5D;6B7;1B8;14.5;27.3;-42.0;14.5;5.5;77.1;-0.0001;0.0140;
544.56;0;0;0;0;30;5C;5C;5C;5C;5D;6AD;1B8;14.4;27.6;-42.0;14.5;5.5;77.1;-0.0001;0.0172;
544.81;0;0;0;0;30;5C;5C;5B;5C;5C;6A9;1B8;14.4;27.6;-42.0;14.5;5.5;77.1;-0.0001;0.0159;
545.06;0;0;0;0;30;5B;5B;5B;5B;5B;695;1B8;14.5;27.7;-42.0;14.5;5.5;77.1;-0.0001;0.0149;
545.31;0;0;0;0;30;5A;5A;5A;5A;5B;68E;1B8;14.2;27.9;-42.0;14.5;5.5;77.1;-0.0001;0.0140;
545.56;0;0;0;0;2F;5A;5A;5A;5A;5A;681;1B8;14.2;27.9;-42.0;14.5;5.5;77.1;-0.0001;0.0133;
545.81;0;0;0;0;2F;59;59;59;59;59;678;1B8;14.2;28.4;-42.0;14.5;5.5;77.1;-0.0001;0.0127;
546.06;0;0;0;0;2F;59;59;58;58;59;66C;1B8;14.1;28.2;-42.0;14.5;5.5;77.1;-0.0001;0.0124;
546.31;0;0;0;0;2F;58;58;57;58;58;65E;1B8;14.1;28.2;-42.0;14.5;5.5;77.1;-0.0001;0.0120;
546.56;0;0;0;0;2F;57;57;57;57;57;64F;1B8;13.9;28.6;-42.0;14.5;5.5;77.1;-0.0001;0.0119;
546.81;0;0;0;0;2F;57;57;56;57;57;64D;1B8;13.9;28.6;-42.0;14.5;5.5;77.1;-0.0001;0.0119;
547.07;0;0;0;0;2F;56;56;56;56;56;63B;1B8;13.9;28.9;-42.0;14.5;5.5;77.1;-0.0001;0.0117;
547.32;0;0;0;0;2F;55;55;55;55;56;62F;1B8;13.9;28.6;-41.5;14.5;5.5;77.1;-0.0001;0.0112;
547.57;0;0;0;0;2F;55;55;55;55;55;628;1B8;13.9;28.6;-41.5;14.5;5.5;77.1;-0.0001;0.0110;
547.82;0;0;0;0;2F;54;55;54;54;54;619;1B8;13.8;28.5;-41.5;14.5;5.5;77.1;-0.0001;0.0117;
548.07;0;0;0;0;2F;54;54;53;53;54;60F;1B8;13.8;28.5;-41.5;14.5;5.5;77.1;-0.0001;0.0124;
548.32;0;0;0;0;2F;53;53;53;53;53;601;1B8;13.8;28.3;-41.5;14.5;5.5;77.1;-0.0001;0.0133;
548.57;0;0;0;0;2F;52;52;52;52;53;5F8;1B8;13.8;28.3;-41.5;14.5;5.5;77.1;-0.0001;0.0169;
548.82;0;0;0;0;2F;52;52;51;52;52;5EA;1B8;13.9;28.0;-41.5;14.5;5.5;77.1;-0.0001;0.0194;
549.07;0;0;0;0;2F;51;51;51;51;51;5E2;1B8;13.7;28.2;-41.5;14.5;5.5;77.1;-0.0001;0.0215;
549.32;0;0;0;0;2F;50;51;50;50;51;5D7;1B8;13.7;28.2;-27.0;14.5;5.5;77.1;0.1501;0.0227;
549.57;0;0;0;0;2F;50;50;50;50;50;5D5;1B8;13.8;28.4;8.0;14.5;5.5;77.1;0.1660;0.0234;
549.82;0;0;0;0;2F;4F;50;4F;50;50;5D0;1B8;13.8;28.4;25.0;14.5;5.5;77.1;0.1620;0.0286;
550.07;0;0;0;0;2F;4F;50;4F;50;50;5C1;1B8;13.6;28.2;26.0;14.5;5.5;77.1;0.1620;0.0286;
550.32;0;0;0;0;2F;4F;4F;4F;4F;4F;5BE;1B8;13.3;28.5;23.0;14.5;5.5;77.1;0.1541;0.0279;
550.57;0;0;0;0;2F;4F;4F;4F;4F;4F;5BA;1B8;13.3;28.5;22.5;14.4;5.5;77.1;0.1541;0.0254;
550.82;0;0;0;0;2F;4F;4F;4E;4F;4F;5B8;1B8;13.1;29.2;22.0;14.4;5.5;77.1;0.1541;0.0211;
551.07;0;0;0;0;2F;4F;4F;4E;4F;4F;5B7;1B8;13.0;29.1;22.0;14.5;5.5;77.1;0.1541;0.0195;
551.32;0;0;0;0;2F;4E;4F;4E;4F;4F;5B4;1B8;13.0;29.1;22.0;14.5;5.5;77.1;0.1541;0.0170;
551.57;0;0;0;0;2F;4E;4F;4E;4F;4F;5B5;1B8;12.7;29.0;20.5;14.5;5.5;77.1;0.1422;0.0133;
551.82;0;0;0;0;2F;4F;4E;4E;4E;4F;5AF;1B8;12.7;29.0;16.5;14.5;5.5;77.1;0.1383;0.0074;
552.09;0;0;0;0;2F;4E;4E;4E;4E;4F;5B1;1B8;12.8;29.1;16.0;14.5;5.5;77.1;0.1383;0.0063;
552.34;0;0;0;0;2F;4E;4E;4E;4E;4E;5A8;1B8;12.8;29.1;15.0;14.5;5.5;77.1;0.1304;0.0062;
552.59;0;0;0;0;2F;4E;4E;4E;4E;4E;5A6;1B8;12.8;28.8;11.5;14.5;5.5;77.1;0.1304;0.0060;
552.84;0;0;0;0;2F;4E;4E;4E;4E;4E;5AA;1B8;12.8;28.8;9.0;14.4;5.5;77.1;0.1225;0.0053;
553.09;0;0;0;0;2F;4E;4E;4E;4E;4E;5A6;1B8;12.7;28.4;9.0;14.4;5.5;77.1;0.1225;0.0035;
553.34;0;0;0;0;2F;4E;4E;4E;4E;4E;5A6;1B8;12.9;28.2;6.0;14.4;5.5;77.1;0.1106;0.0010;
553.59;0;0;0;0;2F;4E;4E;4E;4E;4E;5AA;1B8;12.9;28.2;4.5;14.4;5.5;77.1;0.1067;-0.0007;
553.84;0;0;0;0;2F;4E;4E;4E;4E;4E;5AB;1B8;12.9;27.6;4.0;14.5;5.5;77.1;0.1106;-0.0009;
554.09;0;0;0;0;2F;4E;4E;4E;4E;4E;5AC;1B8;13.1;26.8;3.5;14.5;5.5;77.1;0.1067;-0.0030;
554.34;0;0;0;0;2F;4E;4E;4E;4E;4E;5AB;1B8;13.1;26.8;3.5;14.5;5.5;77.1;0.1067;-0.0067;
554.59;0;0;0;0;2F;4E;4E;4E;4E;4E;5AB;1B8;13.4;26.6;3.5;14.5;5.5;77.1;0.1106;-0.0092;
554.84;0;0;0;0;2F;4E;4E;4E;4E;4E;5AA;1B8;13.4;26.6;4.5;14.5;5.5;77.1;0.1106;-0.0123;
555.09;0;0;0;0;2F;4E;4E;4E;4E;4E;5A9;1B8;13.7;25.6;4.0;14.5;5.5;77.1;0.1146;-0.0134;
555.34;0;0;0;0;2F;4E;4E;4E;4E;4E;5AA;1B8;13.8;24.7;5.0;14.4;5.5;77.1;0.1106;-0.0137;
555.59;0;0;0;0;2F;4E;4E;4E;4E;4E;5AA;1B8;13.8;24.7;4.0;14.5;5.5;77.1;0.1106;-0.0149;
555.84;0;0;0;0;2F;4E;4E;4E;4E;4E;5AB;1B8;14.1;24.4;5.0;14.5;5.5;77.1;0.1106;-0.0184;
556.09;0;0;0;0;2F;4E;4E;4E;4E;4E;5AF;1B8;14.2;24.0;4.0;14.5;5.5;77.1;0.1106;-0.0186;
556.34;0;0;0;0;2F;4E;4E;4E;4E;4E;5AA;1B8;14.2;24.0;4.0;14.5;5.5;77.1;0.1067;-0.0188;
556.59;0;0;0;0;2F;4E;4E;4E;4E;4E;5A9;1B8;14.2;24.0;3.5;14.5;5.5;77.1;0.1067;-0.0191;
556.84;0;0;0;0;2F;4E;4E;4E;4E;4E;5AE;1B8;14.2;23.2;3.0;14.5;5.5;77.1;0.1067;-0.0198;
557.10;0;0;0;0;2F;4E;4E;4E;4E;4E;5AA;1B8;14.4;23.1;4.0;14.5;5.5;77.1;0.1067;-0.0198;
557.35;0;0;0;0;2F;4E;4E;4E;4E;4E;5AD;1B8;14.4;23.1;3.5;14.5;5.5;77.1;0.1067;-0.0195;
557.60;0;0;0;0;2F;4E;4E;4E;4E;4E;5AA;1B8;14.4;22.9;3.5;14.5;5.5;77.1;0.1067;-0.0151;
557.85;0;0;0;0;2F;4E;4E;4E;4E;4E;5AB;1B8;14.4;22.9;3.5;14.5;5.5;77.1;0.1067;-0.0088;
558.10;0;0;0;0;2F;4E;4E;4E;4E;4E;5AA;1B8;14.4;22.2;3.5;14.5;5.5;77.1;0.1067;-0.0046;
558.35;0;0;0;0;2F;4E;4E;4E;4E;4E;5AC;1B8;14.4;22.4;3.5;14.5;5.5;77.1;0.1067;-0.0007;
558.60;0;0;0;0;2F;4E;4E;4E;4E;4E;5AA;1B8;14.4;22.4;4.0;14.5;5.5;77.1;0.1106;0.0048;
558.85;0;0;0;0;2F;4E;4E;4E;4E;4E;5AB;1B8;14.3;22.7;4.0;14.5;5.5;77.1;0.1106;0.0059;
559.10;0;0;0;0;2F;4E;4E;4E;4E;4E;5A7;1B8;14.2;22.7;4.5;14.5;5.5;77.1;0.1106;0.0060;
559.35;0;0;0;0;2F;4E;4E;4E;4E;4E;5A7;1B8;14.2;22.7;4.0;14.5;5.5;77.1;0.1106;0.0060;
559.60;0;0;0;0;2F;4E;4E;4E;4E;4E;5A4;1B8;14.1;23.3;4.5;14.5;5.5;77.1;0.1067;0.0060;
559.85;0;0;0;0;2F;4E;4E;4E;4E;4E;5A3;1B8;14.1;23.3;-16.0;14.5;5.5;77.1;-0.0001;0.0059;
560.10;0;0;0;0;2F;4D;4E;4E;4D;4E;59E;1B8;13.9;23.9;-28.5;14.5;5.5;77.1;-0.0001;0.0051;
560.35;0;0;0;0;2F;4E;4D;4D;4D;4E;59C;1B8;13.8;24.2;-41.5;14.5;5.5;77.1;-0.0001;0.0044;
560.60;0;0;0;0;2F;4D;4E;4D;4D;4E;59E;1B8;13.8;24.2;-41.5;14.5;5.5;77.1;-0.0001;0.0030;
560.85;0;0;0;0;2F;4D;4D;4D;4D;4D;596;1B8;13.8;24.2;-42.0;14.5;5.5;77.1;-0.0001;0.0028;
561.10;0;0;0;0;2F;4D;4D;4D;4D;4D;597;1B8;13.7;24.9;-42.0;14.5;5.5;77.1;-0.0001;0.0027;
561.35;0;0;0;0;2F;4D;4D;4D;4D;4D;591;1BA;13.6;25.6;-42.0;14.4;5.5;77.1;-0.0001;-0.0009;
561.60;0;0;0;0;2F;4C;4D;4C;4C;4D;58D;1BA;13.6;25.6;-42.0;14.5;5.5;77.1;-0.0001;0.0002;
561.85;0;0;0;0;2F;4C;4C;4C;4C;4D;588;1BA;13.5;26.0;-42.0;14.5;5.5;77.1;-0.0001;0.0005;
562.12;0;0;0;0;2F;4C;4C;4C;4C;4C;588;1BA;13.4;26.4;-42.0;14.5;5.5;77.1;-0.0001;0.0005;
562.37;0;0;0;0;2F;4C;4C;4C;4C;4C;584;1BA;13.4;26.4;-42.0;14.5;5.5;77.1;-0.0001;0.0005;
562.62;0;0;0;0;2F;4C;4C;4C;4C;4C;580;1BA;13.4;27.0;-42.0;14.5;5.5;77.1;-0.0001;-0.0009;
562.87;0;0;0;0;2F;4C;4C;4C;4C;4C;57D;1BA;13.5;26.8;-42.0;14.5;5.5;77.1;-0.0001;-0.0023;
563.12;0;0;0;0;2F;4B;4B;4B;4B;4C;578;1BA;13.5;26.8;-42.0;14.5;5.5;77.1;-0.0001;-0.0051;
563.37;0;0;0;0;2F;4B;4B;4B;4B;4B;575;1BA;13.5;26.8;-34.0;14.5;5.5;77.1;0.1146;-0.0074;
563.62;0;0;0;0;2F;4B;4B;4B;4B;4B;57C;1BA;13.5;26.8;8.0;14.5;5.5;77.1;0.1422;-0.0074;
563.87;0;0;0;0;2F;4B;4B;4B;4B;4B;577;1BA;13.6;26.8;14.0;14.5;5.5;77.1;0.1383;-0.0080;
564.12;0;0;0;0;2F;4B;4B;4B;4B;4B;577;1BA;13.6;26.6;13.5;14.5;5.5;77.1;0.1343;-0.0081;
564.37;0;0;0;0;2F;4B;4B;4B;4B;4B;576;1BA;13.6;26.6;10.0;14.5;5.5;77.1;0.1264;-0.0081;
564.62;0;0;0;0;2F;4B;4B;4B;4B;4B;573;1BA;13.6;26.2;10.5;14.5;5.5;77.1;0.1264;-0.0112;
564.87;0;0;0;0;2F;4B;4B;4B;4B;4B;578;1BA;13.6;26.2;9.5;14.5;5.5;77.1;0.1264;-0.0133;
565.12;0;0;0;0;2F;4C;4B;4B;4B;4B;579;1BA;13.6;26.0;8.5;14.5;5.5;77.1;0.1225;-0.0156;
565.37;0;0;0;0;2F;4C;4B;4B;4B;4C;578;1BA;13.6;26.0;9.5;14.5;5.5;77.1;0.1264;-0.0174;
565.62;0;0;0;0;2F;4B;4B;4B;4B;4B;575;1BA;13.7;25.7;8.5;14.5;5.5;77.1;0.1225;-0.0158;
565.87;0;0;0;0;2F;4B;4B;4B;4B;4B;573;1BA;13.8;25.1;9.5;14.5;5.5;77.1;0.1264;-0.0149;
566.12;0;0;0;0;2F;4B;4B;4B;4B;4B;57B;1BA;13.8;25.1;10.5;14.5;5.5;77.1;0.1264;-0.0119;
566.37;0;0;0;0;2F;4C;4B;4B;4B;4B;573;1BA;13.7;25.1;9.0;14.5;5.5;77.1;0.1264;-0.0091;
566.62;0;0;0;0;2F;4B;4B;4B;4B;4B;573;1BA;13.7;25.1;10.0;14.5;5.5;77.1;0.1304;-0.0027;
566.87;0;0;0;0;2F;4B;4B;4B;4B;4B;572;1BA;13.8;25.0;10.0;14.5;5.5;77.1;0.1225;-0.0044;
567.13;0;0;0;0;2F;4B;4B;4B;4B;4B;574;1BA;13.7;24.7;8.5;14.5;5.5;77.1;0.1225;-0.0044;
567.38;0;0;0;0;2F;4B;4B;4B;4B;4B;574;1BA;13.7;24.7;7.5;14.5;5.5;77.1;0.1225;-0.0046;
567.63;0;0;0;0;2F;4B;4B;4B;4B;4B;56F;1BA;13.7;24.7;7.5;14.5;5.5;77.1;0.1225;-0.0046;
567.88;0;0;0;0;2F;4B;4B;4B;4B;4B;572;1BA;13.6;24.7;8.0;14.5;5.5;77.1;0.1225;-0.0044;
568.13;0;0;0;0;2F;4B;4B;4B;4B;4B;572;1BA;13.6;24.7;7.0;14.5;5.5;77.1;0.1225;-0.0044;
568.38;0;0;0;0;2F;4B;4B;4B;4B;4B;570;1BA;13.6;24.8;7.5;14.5;5.5;77.1;0.1185;-0.0046;
568.63;0;0;0;0;2F;4B;4B;4B;4B;4B;574;1BA;13.6;24.8;5.5;14.5;5.5;77.1;0.1185;-0.0124;
568.88;0;0;0;0;2F;4B;4B;4B;4B;4B;56A;1BA;13.7;24.8;4.0;14.5;5.5;77.1;0.1027;-0.0124;
569.13;0;0;0;0;2F;4B;4B;4B;4B;4B;570;1BA;13.7;24.8;2.0;14.5;5.5;77.1;0.1027;-0.0123;
569.38;0;0;0;0;2E;4B;4B;4B;4B;4B;570;1BA;13.7;24.7;2.0;14.5;5.5;77.1;0.1027;-0.0113;
569.63;0;0;0;0;2E;4B;4B;4B;4B;4B;56D;1BA;13.7;24.7;2.5;14.5;5.5;77.1;0.1027;-0.0108;
569.88;0;0;0;0;2E;4B;4B;4B;4B;4B;56E;1BA;13.7;24.7;2.0;14.5;5.5;77.1;0.1027;-0.0117;
570.13;0;0;0;0;2E;4B;4A;4B;4A;4B;568;1BA;13.6;25.0;-4.0;14.5;5.5;77.1;-0.0001;-0.0151;
570.38;0;0;0;0;2E;4B;4A;4B;4A;4B;568;1BA;13.6;25.0;-20.0;14.5;5.5;77.1;-0.0001;-0.0195;
570.63;0;0;0;0;2E;4B;4A;4A;4A;4B;56B;1BA;13.6;25.1;-22.0;14.5;5.5;77.1;0.1343;-0.0248;
570.88;0;0;0;0;2F;4B;4B;4A;4A;4B;56B;1BA;13.8;24.2;4.5;14.5;5.5;77.1;0.1383;-0.0250;
571.13;0;0;0;0;2F;4B;4A;4A;4A;4B;564;1BA;13.8;24.2;-8.0;14.5;5.5;77.1;-0.0001;-0.0254;
571.38;0;0;0;0;2E;4B;4A;4A;4A;4B;561;1BA;14.0;23.7;-24.5;14.5;5.5;77.1;-0.0001;-0.0255;
571.63;0;0;0;0;2E;4A;4A;4A;4A;4A;562;1BA;14.0;23.7;-41.0;14.5;5.5;77.1;-0.0001;-0.0252;
571.88;0;0;0;0;2F;4A;4A;4A;4A;4A;55E;1BA;14.1;23.6;-41.5;14.5;5.5;77.1;-0.0001;-0.0233;
572.15;0;0;0;0;2E;4A;4A;4A;4A;4A;558;1BA;14.2;23.1;-41.5;14.5;5.5;77.1;-0.0001;-0.0204;
572.40;0;0;0;0;2E;4A;4A;4A;49;4A;558;1BA;14.2;23.1;-42.0;14.5;5.5;77.1;-0.0001;-0.0205;
572.65;0;0;0;0;2E;4A;49;49;49;4A;556;1BA;14.4;22.5;-42.0;14.5;5.5;77.1;-0.0001;-0.0195;
572.90;0;0;0;0;2E;49;49;49;49;49;553;1BA;14.4;22.6;-42.0;14.5;5.5;77.1;-0.0001;-0.0186;
573.15;0;0;0;0;2E;49;49;49;49;49;54F;1BA;14.4;22.6;-42.0;14.5;5.5;77.1;-0.0001;-0.0188;
573.40;0;0;0;0;2E;49;49;49;49;49;54B;1BA;14.4;22.6;-42.0;14.5;5.5;77.1;-0.0001;-0.0184;
573.65;1;0;0;0;2E;49;49;49;49;49;4C5;1BA;14.5;22.4;-41.0;14.5;5.5;77.1;-0.0001;-0.0166;
573.90;1;0;0;0;2E;49;49;49;49;49;3CF;1BA;14.5;22.3;-40.0;14.5;5.5;77.1;-0.0000;-0.0152;
574.15;1;0;0;0;2E;49;49;49;49;49;4E6;1BA;14.5;22.3;156.5;14.5;5.5;77.1;0.5020;-0.0149;
574.40;1;0;0;0;2E;49;49;49;49;49;706;1BA;14.6;22.1;10.0;14.5;5.5;77.1;0.0158;-0.0124;
574.65;1;0;0;0;2E;49;49;49;49;49;5E4;1BA;14.6;22.1;-32.5;14.5;5.5;77.1;-0.0001;-0.0119;
574.90;1;0;0;0;2E;49;49;49;48;49;662;1BA;14.5;22.1;-42.5;14.5;5.5;77.1;-0.0001;-0.0119;
575.15;0;0;0;0;2E;48;48;48;48;48;660;1BA;14.4;22.7;-44.0;14.5;5.5;77.1;-0.0001;-0.0110;
575.40;0;0;0;0;2E;48;48;48;48;48;65C;1BA;14.4;22.7;-44.0;14.5;5.5;77.1;-0.0001;-0.0087;
575.65;0;0;0;0;2E;48;48;48;48;48;658;1BA;14.4;23.2;-43.5;14.5;5.5;77.1;-0.0001;-0.0087;
575.90;0;0;0;0;2E;48;48;47;47;48;655;1BA;14.2;23.3;-43.5;14.5;5.5;77.1;-0.0001;-0.0098;
576.15;0;0;0;0;2E;48;47;47;47;48;651;1BA;14.2;23.3;-43.5;14.5;5.5;77.1;-0.0001;-0.0113;
576.40;0;0;0;0;2E;47;47;47;47;47;64C;1BA;14.0;23.9;-43.0;14.5;5.5;77.1;-0.0001;-0.0112;
576.65;0;0;0;0;2E;47;47;47;47;47;649;1BA;14.0;23.9;-43.0;14.5;5.5;77.1;-0.0001;-0.0112;
576.90;0;0;0;0;2E;47;47;47;47;47;648;1BA;14.0;24.2;-43.0;14.5;5.5;77.1;-0.0001;-0.0099;
577.16;0;0;0;0;2E;47;47;47;47;47;642;1BA;13.9;24.3;-42.5;14.5;5.5;77.1;-0.0001;-0.0098;
577.41;0;0;0;0;2E;47;47;47;46;47;63F;1BA;13.9;24.3;-42.5;14.5;5.5;77.1;-0.0001;-0.0085;
577.66;0;0;0;0;2E;46;46;46;46;47;639;1BA;13.8;24.9;-42.5;14.5;5.5;77.1;-0.0001;-0.0074;
577.91;0;0;0;0;2E;46;46;46;46;47;636;1BA;13.8;24.9;-42.5;14.5;5.5;77.1;-0.0001;-0.0055;
578.16;0;0;0;0;2E;46;46;46;46;46;634;1BA;13.8;25.1;-42.5;14.5;5.5;77.1;-0.0001;-0.0021;
578.41;0;0;0;0;2E;46;46;46;46;46;633;1BA;13.8;25.1;-42.5;14.5;5.5;77.1;-0.0001;0.0027;
578.66;0;0;0;0;2E;46;46;46;46;46;630;1BA;13.7;25.4;-42.5;14.5;5.5;77.1;-0.0001;0.0010;
578.91;0;0;0;0;2E;46;46;46;46;46;62F;1BA;13.6;25.8;-42.5;14.5;5.5;77.1;-0.0001;-0.0012;
579.16;0;0;0;0;2E;46;46;46;46;46;62E;1BA;13.6;25.8;-42.5;14.5;5.5;77.1;-0.0001;-0.0046;
579.41;0;0;0;0;2E;46;46;46;46;46;62C;1BA;13.5;26.1;-42.5;14.5;5.5;77.1;-0.0001;-0.0094;
579.66;0;0;0;0;2E;46;46;46;46;46;62A;1BA;13.4;25.9;-42.5;14.5;5.5;77.1;-0.0001;-0.0095;
579.91;0;0;0;0;2E;46;45;46;46;46;629;1BA;13.4;25.9;-42.5;14.5;5.5;77.1;-0.0001;-0.0088;
580.16;0;0;0;0;2E;46;45;46;46;46;629;1BA;13.5;25.9;-42.5;14.5;5.5;77.1;-0.0001;-0.0080;
580.41;0;0;0;0;2E;46;45;45;45;46;627;1BA;13.5;25.9;-42.0;14.5;5.5;77.1;-0.0001;-0.0080;
580.66;0;0;0;0;2E;46;46;46;45;46;627;1BA;13.5;26.0;-42.0;14.5;5.5;77.1;-0.0001;-0.0085;
580.91;0;0;0;0;2E;46;46;45;45;46;624;1BA;13.5;26.1;-42.0;14.5;5.5;77.1;-0.0001;-0.0094;
581.16;0;0;0;0;2E;46;46;45;45;46;625;1BA;13.5;26.1;-42.0;14.5;5.5;77.1;-0.0001;-0.0105;
581.41;0;0;0;0;2E;46;45;46;45;46;625;1BA;13.5;25.9;-42.0;14.5;5.5;77.1;-0.0001;-0.0133;
581.66;0;0;0;0;2E;46;45;46;45;46;626;1BA;13.5;25.9;-42.0;14.5;5.5;77.1;-0.0001;-0.0140;
581.91;0;0;0;0;2E;46;45;45;45;46;622;1BA;13.5;25.9;-42.0;14.5;5.5;77.1;-0.0001;-0.0140;
582.19;0;0;0;0;2E;46;45;45;45;46;623;1BA;13.5;25.9;-42.0;14.5;5.5;77.1;-0.0001;-0.0142;
582.44;0;0;0;0;2E;46;46;45;45;46;624;1BA;13.5;25.8;-42.0;14.5;5.5;77.1;-0.0001;-0.0117;
582.69;0;0;0;0;2E;46;46;45;45;46;626;1BA;13.6;25.4;-42.0;14.5;5.5;77.1;-0.0001;-0.0110;
582.94;0;1;0;0;2E;46;46;45;45;46;625;1BA;13.6;25.4;-42.0;14.5;5.5;77.1;-0.0001;-0.0098;
583.19;0;0;0;0;2E;45;46;45;45;46;625;1BA;13.7;25.4;-42.0;14.5;5.5;77.1;-0.0001;-0.0094;
583.44;0;1;0;0;2E;45;45;45;45;45;61C;1BA;13.7;25.4;-42.0;14.5;5.5;77.1;-0.0001;-0.0085;
583.69;0;1;0;0;2E;45;45;44;44;45;613;1BA;13.7;25.3;-42.0;14.5;5.5;77.1;-0.0001;-0.0078;
583.94;0;1;0;0;2E;44;44;44;44;44;606;1BA;13.8;25.5;-42.0;14.4;5.5;77.1;-0.0001;-0.0069;
584.19;0;1;0;0;2E;44;44;44;44;44;603;1BA;13.8;25.5;-41.5;14.5;5.5;77.1;-0.0001;-0.0067;
584.44;0;1;0;0;2E;44;44;44;44;44;601;1BA;13.9;25.8;-42.0;14.5;5.5;77.1;-0.0001;-0.0066;
584.69;0;1;0;0;2E;44;44;44;43;44;5FE;1BA;14.0;25.6;-42.0;14.5;5.5;77.1;-0.0001;-0.0063;
584.94;0;1;0;0;2E;43;43;43;43;44;5F5;1BA;14.0;25.6;-42.0;14.5;5.5;77.1;-0.0001;-0.0062;
585.19;0;1;0;0;2E;43;43;43;43;43;5EC;1BA;14.0;25.9;-41.5;14.5;5.5;77.1;-0.0001;-0.0056;
585.44;0;1;0;0;2E;42;42;42;42;43;5DC;1BA;14.0;25.9;-41.5;14.5;5.5;77.1;-0.0001;-0.0060;
585.69;0;1;0;0;2E;42;42;42;42;42;5D3;1BA;14.2;26.3;-41.5;14.5;5.5;77.1;-0.0001;-0.0066;
585.94;0;1;0;0;2E;41;41;41;41;41;5C2;1BA;14.2;26.3;-41.5;14.5;5.5;77.1;-0.0001;-0.0071;
586.19;0;1;0;0;2E;41;41;40;40;41;5B6;1BA;14.4;26.5;-41.5;14.5;5.5;77.1;-0.0001;-0.0078;
586.44;0;1;0;0;2E;40;40;40;40;40;5A6;1BA;14.4;26.5;-41.5;14.5;5.5;77.1;-0.0001;-0.0080;
586.69;0;1;0;0;2E;3F;3F;3F;3F;40;59E;1BA;14.4;27.0;-41.5;14.5;5.5;77.1;-0.0001;-0.0080;
586.94;0;1;0;0;2E;3F;3F;3F;3F;3F;58D;1BA;14.6;27.6;-41.5;14.5;5.5;77.1;-0.0001;-0.0078;
587.20;0;1;0;0;2E;3E;3E;3E;3E;3E;582;1BA;14.6;27.6;-41.5;14.5;5.5;77.1;-0.0001;-0.0076;
587.45;0;1;0;0;2E;3E;3E;3D;3D;3E;56F;1BA;14.8;28.0;-41.5;14.5;5.5;77.1;-0.0001;-0.0073;
587.70;0;1;0;0;2E;3D;3D;3D;3D;3D;567;1BA;14.9;28.2;-41.5;14.5;5.5;77.1;-0.0001;-0.0067;
587.95;0;1;0;0;2E;3C;3C;3C;3C;3C;554;1BA;14.9;28.2;-41.5;14.5;5.5;77.1;-0.0001;-0.0066;
588.20;0;1;0;0;2E;3C;3C;3B;3B;3C;547;1BA;15.0;28.5;-41.5;14.5;5.5;77.1;-0.0001;-0.0063;
588.45;0;1;0;0;2E;3B;3B;3B;3A;3B;533;1BA;15.0;28.5;-41.5;14.5;5.5;77.1;-0.0001;-0.0060;
588.70;0;1;0;0;2E;3A;3A;3A;3A;3A;525;1BA;15.1;29.0;-41.5;14.5;5.5;77.1;-0.0001;-0.0055;
588.95;0;1;0;0;2E;39;39;39;39;39;510;1BA;15.2;29.6;-41.5;14.5;5.5;77.1;-0.0001;-0.0046;
589.20;0;1;0;0;2E;38;38;38;38;39;502;1BA;15.2;29.6;-41.5;14.5;5.5;77.1;-0.0001;-0.0044;
589.45;0;1;0;0;2E;38;37;38;38;38;4ED;1BA;15.3;29.7;-42.0;14.5;5.5;77.1;-0.0001;-0.0044;
589.70;0;1;0;0;2E;37;37;37;37;37;4E0;1BA;15.3;30.2;-42.0;14.5;5.5;77.1;-0.0001;-0.0039;
589.95;0;1;0;0;2E;36;36;36;36;36;4C9;1BA;15.3;30.2;-41.5;14.5;5.5;77.1;-0.0001;-0.0020;
590.20;0;1;0;0;2E;35;35;35;35;35;4BA;1BA;15.3;30.2;-41.5;14.5;5.5;77.1;-0.0001;0.0005;
590.45;0;1;0;0;2E;35;35;34;34;35;4A5;1BA;15.2;30.4;-41.5;14.5;5.5;77.1;-0.0001;0.0007;
590.70;0;1;0;0;2E;34;34;34;34;34;49A;1BA;15.2;30.7;-41.5;14.5;5.5;77.1;-0.0001;0.0014;
590.95;0;1;0;0;2E;34;34;34;33;34;496;1BA;15.2;30.7;-42.0;14.5;5.5;77.1;-0.0001;0.0021;
591.20;0;1;0;0;2E;34;34;34;34;34;495;1BA;15.2;31.0;-42.0;14.5;5.5;77.1;-0.0001;0.0024;
591.45;0;1;0;0;2E;33;34;33;34;34;494;1BC;15.2;31.0;-42.0;14.5;5.5;77.1;-0.0001;0.0024;
591.70;0;1;0;0;2E;33;33;33;33;33;48C;1BC;14.8;30.4;-42.0;14.5;5.5;77.1;-0.0001;0.0024;
591.95;0;1;0;0;2E;33;33;33;33;33;484;1BC;14.7;30.5;-42.5;14.5;5.5;77.1;-0.0001;0.0023;
592.21;1;0;0;0;2E;33;33;33;33;33;484;1BC;14.7;30.5;-42.0;14.5;5.5;77.1;-0.0001;0.0027;
592.46;1;0;0;0;2E;33;33;33;33;33;35C;1BC;14.5;30.6;12.0;14.5;5.5;77.1;-0.0039;0.0016;
592.71;1;0;0;0;2E;34;34;34;34;34;371;1BC;14.1;29.8;143.0;14.5;5.5;77.1;0.3242;-0.0005;
592.96;1;0;0;0;2E;34;34;34;34;34;62B;1BC;14.1;29.8;-46.5;14.5;5.5;77.1;-0.0001;-0.0016;
593.21;1;0;0;0;2E;34;34;34;34;35;568;1BC;13.7;29.6;-41.0;14.5;5.5;77.1;-0.0001;-0.0023;
593.46;1;0;0;0;2E;34;34;34;34;35;5C5;1BC;13.5;29.3;-42.0;14.5;5.5;77.1;-0.0001;-0.0028;
593.71;0;0;0;0;2E;35;35;34;34;35;5C9;1BC;13.5;29.3;-44.5;14.5;5.5;77.1;-0.0001;-0.0031;
593.96;0;0;0;0;2E;34;35;35;35;35;5CC;1BC;13.2;28.8;-44.0;14.5;5.5;77.1;-0.0001;-0.0042;
594.21;0;0;0;0;2E;35;35;35;34;35;5CC;1BC;13.2;28.8;-44.0;14.5;5.5;77.1;-0.0001;-0.0039;
594.46;0;0;0;0;2E;35;35;35;34;35;5CC;1BC;12.9;28.5;-43.5;14.5;5.5;77.1;-0.0001;-0.0017;
594.71;0;0;0;0;2E;35;35;35;35;35;5CF;1BC;12.9;28.5;-43.5;14.5;5.5;77.1;-0.0001;-0.0009;
594.96;0;0;0;0;2E;35;35;35;35;35;5CD;1BC;12.8;27.8;-43.0;14.5;5.5;77.1;-0.0001;0.0005;
595.21;0;0;0;0;2E;35;35;35;35;35;5CF;1BC;12.8;27.8;-43.0;14.5;5.5;77.1;-0.0001;0.0012;
595.46;0;0;0;0;2E;35;35;35;35;35;5CE;1BC;12.5;27.5;-43.0;14.5;5.5;77.1;-0.0001;0.0016;
595.71;0;0;0;0;2E;35;35;35;35;35;5D0;1BC;12.5;27.7;-42.5;14.5;5.5;77.1;-0.0001;0.0021;
595.96;0;0;0;0;2E;35;35;34;35;35;5CF;1BC;12.5;27.7;-42.5;14.5;5.5;77.1;-0.0001;0.0023;
596.21;0;0;0;0;2E;35;35;34;35;35;5CC;1BC;12.5;27.2;-42.5;14.5;5.5;77.1;-0.0001;-0.0012;
596.46;0;0;0;0;2E;35;35;34;34;35;5CB;1BC;12.4;27.2;-42.5;14.5;5.5;77.1;-0.0001;-0.0016;
596.71;0;0;0;0;2E;35;35;34;34;35;5C9;1BC;12.4;27.2;-42.5;14.5;5.5;77.1;-0.0001;-0.0020;
596.96;0;0;0;0;2E;34;34;34;34;34;5C8;1BC;12.4;27.3;-42.5;14.5;5.5;77.1;-0.0001;-0.0020;
597.23;0;0;0;0;2E;34;34;34;34;34;5C4;1BC;12.4;27.3;-42.5;14.5;5.5;77.1;-0.0001;-0.0017;
597.48;0;0;0;0;2E;34;34;34;34;34;5C0;1BC;12.6;27.2;-42.5;14.5;5.5;77.1;-0.0001;-0.0010;
597.73;0;0;0;0;2E;34;34;34;34;34;5C3;1BC;12.6;27.2;-42.5;14.5;5.5;77.1;-0.0001;-0.0009;
597.98;0;0;0;0;2E;34;34;34;34;34;5C0;1BC;12.6;27.2;-42.5;14.5;5.5;77.1;-0.0001;-0.0020;
598.23;0;0;0;0;2E;34;34;34;34;34;5B9;1BC;12.6;27.0;-42.0;14.5;5.5;77.1;-0.0001;-0.0031;
598.48;0;0;0;0;2E;34;34;34;34;34;5BC;1BC;12.6;27.0;-42.0;14.5;5.5;77.1;-0.0001;-0.0024;
598.73;0;0;0;0;2E;34;34;34;34;34;5B3;1BC;12.7;27.0;-42.0;14.5;5.5;77.1;-0.0001;-0.0020;
598.98;0;0;0;0;2E;34;34;33;33;34;5B1;1BC;12.7;27.0;-42.0;14.5;5.5;77.1;-0.0001;-0.0017;
599.23;0;0;0;0;2E;34;33;33;33;34;5AC;1BC;12.6;27.0;-42.0;14.5;5.5;77.1;-0.0001;-0.0017;
599.48;0;0;0;0;2E;33;33;33;33;33;5A9;1BC;12.6;27.1;-42.0;14.5;5.5;77.1;-0.0001;-0.0012;
599.73;0;0;0;0;2E;33;33;33;33;33;5A2;1BC;12.6;27.1;-42.0;14.5;5.5;77.1;-0.0001;-0.0009;
599.98;0;0;0;0;2E;33;33;33;33;33;59D;1BC;12.7;26.9;-42.0;14.4;5.5;77.1;-0.0001;-0.0007;
600.23;0;0;0;0;2E;33;33;33;33;33;59A;1BC;12.7;26.9;-42.0;14.4;5.5;77.1;-0.0001;0.0023;
600.48;0;0;0;0;2E;33;33;32;32;33;595;1BC;12.7;26.9;-42.0;14.5;5.5;77.1;-0.0001;0.0041;
600.73;0;0;0;0;2E;32;32;32;32;32;58D;1BC;12.7;26.9;-42.0;14.5;5.5;77.1;-0.0001;0.0063;
600.98;0;0;0;0;2E;32;32;32;32;32;58A;1BC;12.7;26.9;-41.5;14.5;5.5;77.1;-0.0001;0.0063;
601.23;0;0;0;0;2E;32;32;32;32;32;585;1BC;12.7;27.1;-42.0;14.5;5.5;77.1;-0.0001;-0.0009;
601.48;0;0;0;0;2E;32;32;32;32;32;57D;1BC;12.6;27.1;-42.0;14.5;5.5;77.1;-0.0001;0.0005;
601.73;0;0;0;0;2E;31;32;31;31;32;578;1BC;12.6;27.1;-42.0;14.5;5.5;77.1;-0.0001;0.0027;
601.98;0;0;0;0;2E;31;31;31;31;32;578;1BC;12.6;27.1;-42.0;14.5;5.5;77.1;-0.0001;0.0024;
602.24;0;0;0;0;2E;31;31;31;31;31;568;1BC;12.6;27.1;-42.0;14.5;5.5;77.1;-0.0001;0.0021;
602.49;0;1;0;0;2E;31;31;31;31;31;569;1BC;12.6;27.1;-42.0;14.5;5.5;77.1;-0.0001;0.0034;
602.74;0;1;0;0;2E;30;30;30;30;30;557;1BC;12.6;27.1;-42.0;14.5;5.5;77.1;-0.0001;0.0028;
602.99;0;1;0;0;2E;30;30;30;30;30;550;1BC;12.6;27.2;-41.5;14.5;5.5;77.1;-0.0001;0.0034;
603.24;0;1;0;0;2E;30;30;30;30;30;545;1BC;12.6;27.2;-41.5;14.5;5.5;77.1;-0.0001;0.0034;
603.49;0;1;0;0;2E;2F;2F;2F;2F;2F;539;1BC;12.7;27.3;-41.0;14.5;5.5;77.1;-0.0001;0.0034;
603.74;0;1;0;0;2E;2E;2E;2E;2E;2F;520;1BC;12.7;27.2;-41.0;14.5;5.5;77.1;-0.0001;0.0034;
603.99;0;1;0;0;2E;2D;2D;2D;2D;2E;510;1BC;12.7;27.2;-40.5;14.5;5.5;77.1;-0.0001;0.0034;
604.24;0;1;0;0;2E;2D;2D;2D;2D;2D;4F4;1BC;12.8;27.7;-40.5;14.4;5.5;77.1;-0.0001;0.0037;
604.49;0;1;0;0;2E;2C;2C;2C;2C;2C;4DF;1BC;13.0;27.9;-40.5;14.4;5.5;77.1;-0.0001;0.0056;
604.74;0;1;0;0;2E;2B;2B;2B;2B;2B;4C5;1BC;13.0;27.9;-40.0;14.4;5.5;77.1;-0.0001;0.0076;
604.99;0;1;0;0;2E;2A;2A;2A;2A;2A;4B3;1BC;13.2;28.0;-40.0;14.4;5.5;77.1;-0.0001;0.0198;
605.24;0;1;0;0;2E;2A;2A;2A;2A;2A;49F;1BC;13.2;28.0;-40.0;14.4;5.5;77.1;-0.0001;0.0288;
605.49;0;0;0;0;2E;29;2A;29;2A;2A;498;1BC;13.2;28.2;-40.0;14.4;5.5;77.1;-0.0001;0.0400;
605.74;0;0;0;0;2E;29;2A;29;2A;2A;496;1BC;13.3;28.6;-40.0;14.4;5.5;77.1;-0.0001;0.0481;
605.99;0;0;0;0;2E;29;2A;29;2A;29;496;1BC;13.3;28.6;-40.0;14.4;5.5;77.1;-0.0001;0.0623;
606.24;0;0;0;0;2E;29;2A;29;2A;29;48F;1BC;13.0;29.2;-40.0;14.4;5.5;77.1;-0.0001;0.0711;
606.49;0;0;0;0;2E;29;2A;29;2A;29;490;1BC;12.6;30.2;-40.0;14.4;5.5;77.1;-0.0001;0.0810;
606.74;0;0;0;0;2E;28;2A;28;2A;29;48B;1BC;12.6;30.2;-40.0;14.4;5.5;77.1;-0.0001;0.0940;
606.99;0;0;0;0;2E;28;29;28;2A;29;489;1BC;12.6;30.2;-40.0;14.4;5.5;77.1;-0.0001;0.1171;
607.25;0;0;0;0;2E;28;2A;28;2A;29;488;1BC;12.4;31.0;-40.0;14.4;5.5;77.1;-0.0001;0.1235;
607.50;0;0;0;0;2E;28;2A;28;29;29;485;1BC;11.9;32.7;-40.5;14.4;5.5;77.1;-0.0001;0.1338;
607.75;0;0;0;0;2E;28;2A;28;2A;29;485;1BC;11.9;32.7;-40.5;14.4;5.5;77.1;-0.0001;0.1337;
608.00;0;0;0;0;2E;28;2A;28;28;29;480;1BC;11.3;34.1;-40.5;14.4;5.5;77.1;-0.0001;0.1405;
608.25;0;0;0;0;2E;28;29;28;29;29;47D;1BC;11.3;34.1;-40.5;14.4;5.5;77.1;-0.0001;0.1404;
608.50;0;0;0;0;2E;28;29;28;29;29;47B;1BC;10.8;35.3;-40.5;14.4;5.5;77.1;-0.0001;0.1383;
608.75;0;0;0;0;2D;28;29;28;29;29;47D;1BC;10.0;37.6;-40.5;14.4;5.5;77.1;-0.0001;0.1351;
609.00;0;0;0;0;2D;28;2A;28;29;29;47D;1BC;10.0;37.6;-40.5;14.4;5.5;77.1;-0.0001;0.1285;
609.25;0;0;0;0;2D;28;29;28;29;29;47A;1BC;9.2;38.9;-40.5;14.4;5.5;77.1;-0.0001;0.1227;
609.50;0;0;0;0;2D;28;29;28;29;28;474;1BC;8.8;40.0;-40.5;14.4;5.5;77.1;-0.0001;0.1068;
609.75;0;0;0;0;2D;28;29;28;29;28;479;1BC;8.8;40.0;-40.5;14.4;5.5;77.1;-0.0001;0.0691;
610.00;0;0;0;0;2D;28;28;28;28;28;475;1BC;8.4;41.1;-40.5;14.4;5.5;77.1;-0.0001;0.0321;
610.25;0;0;0;0;2D;28;29;28;29;28;479;1BC;8.4;41.1;-40.5;14.4;5.5;77.1;-0.0001;0.0261;
610.50;0;0;0;0;2D;28;28;28;28;28;478;1BC;8.4;40.6;-40.5;14.4;5.5;77.1;-0.0001;0.0240;
610.75;0;0;0;0;2D;28;28;28;28;28;475;1BC;8.6;39.8;-40.5;14.4;5.5;77.1;-0.0001;0.0201;
611.00;0;0;0;0;2D;28;28;28;28;28;476;1BC;8.6;39.8;-40.5;14.4;5.5;77.1;-0.0001;0.0002;
611.25;0;0;0;0;2D;28;28;28;28;28;478;1BC;8.6;39.8;-40.5;14.4;5.5;77.1;-0.0001;-0.0059;
611.50;0;0;0;0;2D;28;28;28;28;28;47A;1BC;8.7;39.6;-40.5;14.4;5.5;77.1;-0.0001;-0.0055;
611.75;0;0;0;0;2D;29;29;28;28;28;478;1BC;9.0;37.7;-40.5;14.4;5.5;77.1;-0.0001;-0.0055;
612.00;0;0;0;0;2D;29;28;28;28;28;47D;1BC;9.0;37.7;-40.5;14.4;5.5;77.1;-0.0001;-0.0066;
612.26;0;0;0;0;2D;28;28;28;28;28;47A;1BC;9.6;36.1;-40.5;14.4;5.5;77.1;-0.0001;-0.0062;
612.51;0;0;0;0;2D;28;28;28;28;28;479;1BC;9.8;35.1;-40.5;14.4;5.5;77.1;-0.0001;-0.0053;
612.76;0;0;0;0;2D;28;28;28;28;28;477;1BC;9.8;35.1;-40.5;14.4;5.5;77.1;-0.0001;-0.0053;
613.01;0;0;0;0;2D;28;28;28;28;28;47A;1BC;10.2;32.3;-40.5;14.4;5.5;77.1;-0.0001;-0.0055;
613.26;0;0;0;0;2D;28;28;28;28;28;475;1BE;10.8;30.6;-40.5;14.4;5.5;77.1;-0.0001;-0.0053;
613.51;0;0;0;0;2D;28;29;28;28;28;478;1BE;10.8;30.6;-40.5;14.4;5.5;77.1;-0.0001;-0.0051;
613.76;0;0;0;0;2D;28;28;28;28;29;477;1BE;11.1;29.6;-40.5;14.4;5.5;77.1;-0.0001;-0.0062;
614.01;0;0;0;0;2D;28;28;28;28;28;476;1BE;11.1;29.6;-40.5;14.4;5.5;77.1;-0.0001;-0.0115;
614.26;0;0;0;0;2D;28;28;28;28;28;474;1BE;11.4;28.1;-40.5;14.4;5.5;77.1;-0.0001;-0.0154;
614.51;0;0;0;0;2D;28;28;28;28;28;476;1BE;11.6;27.8;-40.5;14.4;5.5;77.1;-0.0001;-0.0183;
614.76;0;0;0;0;2D;28;28;28;28;28;473;1BE;11.6;27.8;-40.5;14.4;5.5;77.1;-0.0001;-0.0213;
615.01;0;0;0;0;2D;28;28;28;28;28;472;1BE;11.6;27.7;-40.5;14.4;5.5;77.1;-0.0001;-0.0279;
615.26;0;0;0;0;2D;29;28;28;28;28;478;1BE;11.6;27.7;-40.5;14.4;5.5;77.1;-0.0001;-0.0312;
615.51;0;0;0;0;2D;29;29;29;28;29;473;1BE;11.7;27.0;-40.5;14.4;5.5;77.1;-0.0001;-0.0348;
615.76;0;0;0;0;2D;29;28;28;28;28;476;1BE;11.7;27.0;-40.5;14.4;5.5;77.1;-0.0001;-0.0424;
616.01;0;0;0;0;2D;29;28;29;28;29;475;1BE;11.8;26.9;-40.5;14.4;5.5;77.1;-0.0001;-0.0604;
616.26;0;0;0;0;2D;29;28;29;28;28;474;1BE;11.8;26.9;-41.0;14.4;5.5;77.1;-0.0001;-0.0608;
616.51;0;0;0;0;2D;29;28;29;28;29;479;1BE;11.8;26.9;-40.5;14.4;5.5;77.1;-0.0001;-0.0680;
616.76;0;0;0;0;2D;29;28;29;28;28;473;1BE;12.1;25.8;-40.5;14.4;5.5;77.1;-0.0001;-0.0755;
617.01;0;0;0;0;2D;29;28;28;28;28;46E;1BE;12.1;25.8;-40.5;14.4;5.5;77.1;-0.0001;-0.0934;
617.28;0;0;0;0;2D;28;27;28;27;28;468;1BE;12.2;25.7;-40.5;14.4;5.5;77.1;-0.0001;-0.0945;
617.53;0;0;0;0;2D;28;27;28;27;27;45B;1BE;12.3;25.4;-22.5;14.4;5.5;77.1;0.1383;-0.1040;
617.78;0;0;0;0;2D;28;27;28;27;27;459;1BE;12.3;25.4;6.5;14.4;5.5;77.1;0.1778;-0.1152;
618.03;0;0;0;0;2D;28;27;28;26;27;46D;1BE;12.5;24.1;34.0;14.4;5.5;77.1;0.2095;-0.1253;
618.28;0;0;0;0;2D;28;27;28;27;27;45F;1BE;12.7;23.2;48.0;14.4;5.5;77.1;0.2451;-0.1182;
618.53;0;0;0;0;2D;28;27;28;27;28;465;1BE;12.7;23.2;73.5;14.4;5.5;77.1;0.2609;-0.1082;
618.78;0;0;0;0;2D;28;27;28;27;28;46D;1BE;12.7;22.5;82.5;14.4;5.5;77.1;0.2648;-0.1045;
619.03;0;0;0;0;2D;29;27;28;27;28;46E;1BE;12.7;22.5;88.5;14.4;5.5;77.1;0.2648;-0.1187;
619.28;0;0;0;0;2D;29;27;29;27;28;471;1BE;12.7;21.6;89.0;14.4;5.5;77.1;0.2648;-0.1327;
619.53;0;0;0;0;2D;29;28;29;28;28;47A;1BE;12.7;21.6;92.5;14.4;5.5;77.1;0.2886;-0.1337;
619.78;0;0;0;0;2D;29;28;29;28;28;47D;1BE;12.6;20.5;101.5;14.4;5.5;77.1;0.3004;-0.1327;
620.03;0;0;0;0;2D;2A;28;29;28;29;48A;1BE;12.6;20.5;118.0;14.4;5.5;77.1;0.3202;-0.1249;
620.28;0;0;0;0;2D;2A;28;2A;28;29;48E;1BE;12.9;19.5;125.5;14.4;5.5;77.1;0.3281;-0.1180;
620.53;0;0;0;0;2D;2A;29;2A;29;2A;4A0;1BE;12.8;18.7;134.5;14.4;5.5;77.1;0.3400;-0.1157;
620.78;0;0;0;0;2D;2A;29;2A;29;2A;4A7;1BE;12.8;18.7;139.5;14.4;5.5;77.1;0.3400;-0.1089;
621.03;0;0;0;0;2D;2B;2A;2B;2A;2A;4B8;1BE;12.6;18.0;142.0;14.4;5.5;77.1;0.3439;-0.0963;
621.28;0;0;0;0;2D;2B;2B;2B;2A;2B;4C0;1BE;12.6;17.5;144.0;14.4;5.5;77.1;0.3439;-0.0883;
621.53;0;0;0;0;2D;2C;2B;2C;2B;2B;4D2;1BE;12.6;17.5;143.5;14.4;5.5;77.1;0.3400;-0.0770;
621.78;0;0;0;0;2D;2C;2B;2C;2B;2C;4DD;1BE;12.5;17.0;143.5;14.4;5.5;77.1;0.3400;-0.0704;
622.03;0;0;0;0;2D;2D;2C;2D;2C;2C;4EB;1BE;12.5;17.0;139.5;14.4;5.5;77.1;0.3360;-0.0563;
622.29;0;0;0;0;2D;2D;2D;2D;2C;2D;4F6;1BE;12.2;17.2;133.5;14.4;5.5;77.1;0.3202;-0.0540;
622.54;0;0;0;0;2D;2D;2D;2D;2D;2D;502;1BE;12.1;17.4;124.0;14.4;5.5;77.1;0.3123;-0.0533;
622.79;0;0;0;0;2D;2E;2D;2E;2D;2E;509;1BE;12.1;17.4;120.0;14.4;5.5;77.1;0.3044;-0.0328;
623.04;0;0;0;0;2D;2E;2E;2E;2E;2E;512;1BE;12.1;17.4;115.5;14.4;5.5;77.1;0.3004;-0.0309;
623.29;0;0;0;0;2D;2E;2E;2E;2E;2E;51C;1BE;12.0;17.8;113.5;14.4;5.5;77.1;0.2965;-0.0289;
623.54;0;0;0;0;2D;2F;2F;2F;2F;2F;529;1BE;12.0;17.8;106.5;14.4;5.5;77.1;0.2886;-0.0186;
623.79;0;0;0;0;2D;2F;2F;2F;2F;2F;52E;1BE;12.0;17.8;104.5;14.4;5.5;77.1;0.2846;-0.0162;
624.04;0;0;0;0;2D;2F;2F;2F;2F;2F;531;1BE;11.9;18.4;96.0;14.4;5.5;77.1;0.2688;-0.0117;
624.29;0;0;0;0;2D;2F;2F;2F;2F;2F;53A;1BE;11.6;19.3;92.0;14.4;5.5;77.1;0.2648;-0.0030;
624.54;0;0;0;0;2D;2F;2F;2F;30;30;53C;1BE;11.6;19.3;80.5;14.4;5.5;77.1;0.2451;0.0098;
624.79;0;0;0;0;2D;2F;30;2F;30;30;543;1BE;11.5;19.9;73.0;14.4;5.5;77.1;0.2332;0.0345;
625.04;0;0;0;0;2D;2F;30;2F;30;30;545;1BE;11.5;19.9;64.0;14.4;5.5;77.1;0.2213;0.0462;
625.29;0;0;0;0;2D;2F;30;2F;30;30;547;1BE;11.3;21.1;56.5;14.4;5.5;77.1;0.2016;0.0554;
625.54;0;0;0;0;2D;2F;30;2F;30;30;545;1BE;11.0;22.7;28.5;14.4;5.5;77.1;0.1620;0.0616;
625.79;0;0;0;0;2D;2F;30;2F;30;30;53E;1BE;11.0;22.7;26.5;14.4;5.5;77.1;0.1620;0.0730;
626.04;0;0;0;0;2D;2F;30;2F;30;2F;53E;1BE;10.8;24.4;27.0;14.4;5.5;77.1;0.1660;0.0778;
626.29;0;0;0;0;2D;2F;30;2F;30;2F;537;1BE;10.5;25.9;28.5;14.4;5.5;77.1;0.1660;0.0791;
626.54;0;0;0;0;2D;2F;2F;2F;30;2F;536;1BE;10.5;25.9;32.0;14.4;5.5;77.1;0.1936;0.0787;
626.79;0;0;0;0;2D;2E;30;2E;2F;2F;539;1BE;10.2;27.7;44.5;14.4;5.5;77.1;0.2490;0.0707;
627.04;0;0;0;0;2D;2F;30;2F;30;2F;53A;1BE;10.2;27.7;74.5;14.4;5.5;77.1;0.2648;0.0608;
627.30;0;0;0;0;2D;2F;30;2F;30;2F;540;1BE;9.8;29.1;86.5;14.4;5.5;77.1;0.2846;0.0483;
627.55;0;0;0;0;2D;30;30;2F;30;30;547;1BE;9.6;29.7;102.5;14.4;5.5;77.1;0.3004;0.0350;
627.80;0;0;0;0;2D;30;30;2F;30;30;54F;1BE;9.6;29.7;109.0;14.4;5.5;77.1;0.3004;0.0113;
628.05;0;0;0;0;2D;30;30;30;30;30;54E;1BE;9.6;29.7;106.5;14.4;5.5;77.1;0.2807;0.0010;
628.30;0;0;0;0;2D;30;31;30;31;31;55B;1BE;9.5;30.0;99.0;14.4;5.5;77.1;0.2688;-0.0123;
628.55;0;0;0;0;2D;31;30;31;31;31;55B;1BE;9.4;30.1;70.5;14.4;5.5;77.1;0.2213;-0.0201;
628.80;0;0;0;0;2D;31;30;30;30;30;546;1BE;9.4;30.1;12.5;14.4;5.5;77.1;-0.0001;-0.0368;
629.05;0;0;0;0;2D;30;30;30;30;30;548;1BE;9.6;29.8;-21.0;14.4;5.5;77.1;0.0948;-0.0466;
629.30;0;0;0;0;2D;30;2F;30;2F;30;547;1BE;9.9;29.3;2.0;14.4;5.5;77.1;0.2134;-0.0534;
629.55;0;0;0;0;2D;30;2F;30;2F;30;541;1BE;9.9;29.3;53.0;14.4;5.5;77.1;0.2371;-0.0577;
629.80;0;0;0;0;2D;30;2F;30;2F;2F;540;1BE;10.4;28.1;64.5;14.4;5.5;77.1;0.2490;-0.0665;
630.05;0;0;0;0;2D;30;2F;30;2F;2F;542;1BE;10.4;28.1;82.0;14.4;5.5;77.1;0.2767;-0.0662;
630.30;0;0;0;0;2D;30;2F;30;2F;30;545;1C0;10.7;26.4;90.5;14.4;5.5;77.1;0.2807;-0.0665;
630.55;0;0;0;0;2D;30;30;30;30;30;54D;1C0;10.9;24.8;97.5;14.4;5.5;77.1;0.2886;-0.0670;
630.80;0;0;0;0;2D;31;30;31;30;30;553;1C0;10.9;24.8;103.0;14.4;5.5;77.1;0.3004;-0.0670;
631.05;0;0;0;0;2D;31;30;31;30;31;560;1C0;11.2;23.0;109.0;14.4;5.5;77.1;0.3004;-0.0675;
631.30;0;0;0;0;2D;31;31;31;31;31;569;1C0;11.6;21.5;112.5;14.4;5.5;77.1;0.3044;-0.0698;
631.55;0;0;0;0;2D;32;31;32;31;31;575;1C0;11.6;21.5;114.5;14.4;5.5;77.1;0.3083;-0.0827;
631.80;0;0;0;0;2D;32;31;32;31;32;580;1C0;11.9;20.3;116.5;14.4;5.5;77.1;0.3083;-0.0938;
632.05;0;0;0;0;2D;33;32;33;32;32;592;1C0;11.9;20.3;114.5;14.4;5.5;77.1;0.2925;-0.0940;
632.31;0;0;0;0;2D;33;32;33;32;33;593;1C0;12.2;19.3;95.5;14.4;5.5;77.1;0.2569;-0.0937;
632.56;0;0;0;0;2D;33;32;33;32;33;595;1C0;12.2;19.3;66.0;14.4;5.5;77.1;0.1936;-0.0937;
632.81;0;0;0;0;2D;33;32;33;32;32;578;1C0;12.4;18.6;-13.0;14.4;5.5;77.1;-0.0001;-0.0938;
633.06;0;0;0;0;2D;33;31;32;31;32;582;1C0;12.6;18.2;-21.5;14.4;5.5;77.1;0.1264;-0.0938;
633.31;0;0;0;0;2E;32;31;32;31;32;590;1C0;12.6;18.2;26.0;14.4;5.5;77.1;0.2490;-0.0933;
633.56;0;0;0;0;2E;32;31;32;31;32;58B;1C0;12.8;17.5;58.0;14.4;5.5;77.1;0.2609;-0.0923;
633.81;0;0;0;0;2E;32;31;32;31;32;575;1C0;12.8;17.5;81.5;14.4;5.5;77.1;0.2648;-0.0807;
634.06;0;0;0;0;2E;32;31;32;31;32;579;1C0;12.9;17.0;86.0;14.4;5.5;77.1;0.2569;-0.0757;
634.31;0;0;0;0;2E;32;31;32;31;31;574;1C0;12.8;16.9;72.0;14.4;5.5;77.1;0.2332;-0.0630;
634.56;0;0;0;0;2E;32;31;31;31;31;574;1C0;12.8;16.9;68.5;14.4;5.5;77.1;0.2292;-0.0392;
634.81;0;0;0;0;2E;31;31;31;31;31;56C;1C0;13.2;16.7;59.0;14.4;5.5;77.1;0.2134;-0.0112;
635.06;0;0;0;0;2E;31;31;31;31;31;56E;1C0;13.1;17.0;54.5;14.4;5.5;77.1;0.2213;0.0031;
635.31;0;0;0;0;2E;31;31;31;31;31;567;1C0;13.1;17.0;60.0;14.4;5.5;77.1;0.2332;0.0165;
635.56;0;0;0;0;2E;30;31;31;31;31;562;1C0;13.0;18.0;65.5;14.4;5.5;77.1;0.2451;0.0240;
635.81;0;0;0;0;2E;30;31;30;31;31;55E;1C0;13.0;18.0;80.5;14.4;5.5;77.1;0.2727;0.0424;
636.06;0;0;0;0;2E;30;31;30;31;31;561;1C0;12.9;18.7;87.5;14.4;5.5;77.1;0.2727;0.0488;
636.31;0;0;0;0;2E;30;31;30;31;31;55D;1C0;12.9;18.7;92.5;14.4;5.5;77.1;0.2846;0.0512;
636.56;0;0;0;0;2E;30;31;30;31;30;554;1C0;12.5;20.1;99.0;14.4;5.5;77.1;0.3004;0.0595;
636.81;0;0;0;0;2E;30;31;30;31;30;556;1C0;12.5;20.1;112.5;14.4;5.5;77.1;0.3242;0.0698;
637.06;0;0;0;0;2E;30;31;30;30;30;556;1C0;12.2;21.7;123.5;14.4;5.5;77.1;0.3479;0.0750;
637.33;0;0;0;0;2E;30;31;30;31;30;554;1C0;11.6;22.9;143.5;14.4;5.5;77.1;0.3637;0.0820;
637.58;0;0;0;0;2E;2F;30;30;31;30;552;1C0;11.6;22.9;153.0;14.4;5.5;77.1;0.3716;0.0837;
637.83;0;0;0;0;2E;30;31;30;31;30;556;1C0;10.8;24.8;161.0;14.4;5.5;77.1;0.3756;0.0834;
638.08;0;0;0;0;2E;30;31;30;31;30;554;1C0;10.1;26.7;165.0;14.4;5.5;77.1;0.3795;0.0814;
638.33;0;0;0;0;2E;30;31;30;31;30;557;1C0;10.1;26.7;171.5;14.4;5.5;77.1;0.3954;0.0795;
638.58;0;0;0;0;2E;30;31;30;31;30;55A;1C0;9.8;27.9;178.0;14.4;5.5;77.1;0.4112;0.0771;
638.83;0;0;0;0;2E;30;31;30;31;30;55D;1C0;9.8;27.9;195.5;14.4;5.5;77.1;0.4270;0.0691;
639.08;0;0;0;0;2E;30;31;30;31;31;564;1C0;9.0;29.5;204.5;14.4;5.5;77.1;0.4389;0.0666;
639.33;0;0;0;0;2E;31;31;31;31;31;56E;1C0;8.7;30.1;214.5;14.4;5.5;77.1;0.4547;0.0602;
639.58;0;0;0;0;2E;31;32;31;32;31;575;1C0;8.7;30.1;220.0;14.4;5.5;77.1;0.4626;0.0559;
639.83;0;0;0;0;2E;32;32;32;32;32;588;1C0;8.3;29.9;225.5;14.4;5.5;77.1;0.4666;0.0498;
640.08;0;0;0;0;2E;32;33;32;33;32;592;1C0;8.1;30.1;227.5;14.4;5.5;77.1;0.4666;0.0463;
640.33;0;0;0;0;2E;33;33;33;33;33;5A9;1C0;8.1;30.1;229.5;14.4;5.5;77.1;0.4705;0.0442;
640.58;0;0;0;0;2E;33;34;33;34;33;5B3;1C0;8.1;30.1;232.0;14.4;5.5;77.1;0.4784;0.0424;
640.83;0;0;0;0;2E;34;34;34;34;34;5C8;1C0;7.9;29.9;246.0;14.4;5.5;77.1;0.5219;0.0377;
641.08;0;0;0;0;2E;34;35;34;35;35;5D1;1C0;7.8;29.0;260.0;14.4;5.5;77.1;0.5377;0.0311;
641.33;0;0;0;0;2E;35;35;35;36;35;5E9;1C0;7.8;29.0;265.0;14.4;5.5;77.1;0.5417;0.0266;
641.58;0;0;0;0;2E;35;36;36;36;36;5F7;1C0;7.7;28.6;266.5;14.4;5.5;77.1;0.5456;0.0236;
641.83;0;0;0;0;2E;36;37;36;37;37;60C;1C0;7.7;28.6;269.5;14.4;5.5;77.1;0.5535;0.0140;
642.08;0;0;0;0;2E;37;37;37;37;37;61D;1C1;7.7;27.4;268.5;14.4;5.5;77.1;0.5535;0.0063;
642.34;0;0;0;0;2E;38;38;38;38;38;633;1C1;7.7;26.1;270.0;14.4;5.5;77.1;0.5575;-0.0007;
642.59;0;0;0;0;2E;39;39;39;39;39;641;1C1;7.7;26.1;274.5;14.4;5.5;77.1;0.5733;-0.0020;
642.84;0;0;0;0;2E;39;39;39;39;39;655;1C1;7.8;25.0;279.0;14.4;5.5;77.1;0.5852;-0.0012;
643.09;0;0;0;0;2F;3A;3A;3A;3A;3A;665;1C1;8.0;23.8;280.0;14.4;5.5;77.1;0.5852;-0.0014;
643.34;0;0;0;0;2F;3B;3B;3B;3B;3B;67F;1C1;8.0;23.8;282.0;14.4;5.5;77.1;0.5931;-0.0016;
643.59;0;0;0;0;2F;3C;3C;3B;3C;3C;692;1C1;8.1;23.0;281.5;14.4;5.5;77.1;0.5931;-0.0016;
643.84;0;0;0;0;2F;3C;3C;3C;3C;3C;6A7;1C1;8.1;23.0;282.5;14.4;5.5;77.1;0.5931;-0.0020;
644.09;0;0;0;0;2F;3D;3D;3D;3D;3D;6B7;1C1;8.1;22.5;282.0;14.4;5.5;77.1;0.5931;-0.0017;
644.34;0;0;0;0;2F;3E;3E;3D;3D;3E;6D0;1C1;8.2;21.6;282.0;14.4;5.5;77.1;0.5931;-0.0016;
644.59;0;0;0;0;2F;3E;3F;3E;3E;3F;6DE;1C1;8.2;21.6;281.0;14.4;5.5;77.1;0.5931;-0.0016;
644.84;0;0;0;0;2F;3F;3F;3F;3F;3F;6FA;1C1;8.2;21.6;280.5;14.4;5.5;77.1;0.5931;-0.0020;
645.09;0;0;0;0;2F;40;40;40;40;40;70B;1C1;8.2;21.1;279.0;14.4;5.5;77.1;0.5931;-0.0031;
645.34;0;0;0;0;2F;41;41;41;41;41;727;1C1;8.3;20.5;278.0;14.4;5.5;77.1;0.5931;-0.0034;
645.59;0;0;0;0;2F;42;42;42;42;42;739;1C1;8.3;20.5;277.5;14.4;5.5;77.1;0.5891;-0.0031;
645.84;0;0;0;0;2F;43;42;42;42;42;756;1C1;8.4;20.0;275.5;14.4;5.5;77.1;0.5891;-0.0062;
646.09;0;0;0;0;30;43;43;43;43;43;767;1C1;8.4;19.9;275.5;14.4;5.5;77.1;0.5852;-0.0071;
646.34;0;0;0;0;30;44;44;44;44;44;781;1C1;8.4;19.9;272.0;14.4;5.5;77.1;0.5773;-0.0071;
646.59;0;0;0;0;30;45;45;45;45;45;793;1C1;8.4;19.7;271.0;14.4;5.5;77.1;0.5812;-0.0062;
646.84;0;0;0;0;30;45;46;46;46;46;7B0;1C1;8.4;19.7;268.5;14.4;5.5;77.1;0.5772;-0.0031;
647.09;0;0;0;0;30;47;46;47;47;47;7C2;1C1;8.5;19.9;268.5;14.4;5.5;77.1;0.5733;-0.0010;
647.35;0;0;0;0;30;47;47;47;47;47;7DE;1C1;8.3;20.1;265.0;14.4;5.5;77.1;0.5693;-0.0009;
647.60;0;0;0;0;30;48;48;48;48;48;7F1;1C1;8.3;20.1;263.0;14.4;5.5;77.1;0.5614;-0.0041;
647.85;0;0;0;0;30;49;49;49;49;49;807;1C1;8.4;20.4;246.5;14.4;5.5;77.1;0.4705;-0.0071;
648.10;0;0;0;0;30;49;49;49;49;49;7E3;1C1;8.5;20.3;4.5;14.4;5.5;77.1;-0.0001;-0.0083;
648.35;1;0;0;0;30;48;48;48;48;49;6D4;1C1;8.5;20.3;-34.5;14.4;5.5;77.1;-0.0001;-0.0085;
648.60;1;0;0;0;31;48;48;48;48;48;5EC;1C1;8.9;21.4;0.0;14.4;5.5;77.1;0.2213;-0.0095;
648.85;0;0;0;0;31;48;48;48;48;48;66D;1C1;8.9;21.4;257.5;14.4;5.5;77.1;0.5575;-0.0098;
649.10;0;0;0;0;31;49;49;49;49;49;671;1C1;9.4;21.5;266.5;14.4;5.5;77.1;0.5575;-0.0085;
649.35;0;0;0;0;31;49;49;4A;49;4A;684;1C1;9.4;21.5;263.5;14.4;5.5;77.1;0.5456;-0.0067;
649.60;0;0;0;0;31;4A;4A;4A;4A;4A;68E;1C1;9.3;21.5;262.5;14.4;5.5;77.1;0.5456;-0.0017;
649.85;0;0;0;0;31;4B;4B;4B;4B;4B;69D;1C1;9.3;21.5;261.5;14.4;5.5;77.1;0.5417;-0.0023;
650.10;0;0;0;0;31;4C;4C;4C;4B;4C;6AA;1C1;9.2;22.0;259.0;14.4;5.5;77.1;0.5377;-0.0055;
650.35;0;0;0;0;31;4C;4C;4C;4C;4C;6BE;1C1;9.5;22.0;258.0;14.4;5.5;77.1;0.5377;-0.0085;
650.60;0;0;0;0;31;4D;4D;4D;4D;4D;6CA;1C1;9.5;22.0;256.5;14.4;5.5;77.1;0.5338;-0.0117;
650.85;0;0;0;0;31;4E;4D;4D;4D;4E;6DA;1C1;9.5;22.1;255.0;14.4;5.5;77.1;0.5298;-0.0117;
651.10;0;0;0;0;31;4F;4E;4E;4E;4E;6EA;1C1;9.7;21.9;253.0;14.4;5.5;77.1;0.5259;-0.0117;
651.35;0;0;0;0;31;4F;4F;4F;4F;4F;6FE;1C1;9.7;21.9;251.0;14.4;5.5;77.1;0.5219;-0.0127;
651.60;0;0;0;0;32;50;50;50;50;50;70A;1C1;9.9;21.9;250.5;14.4;5.5;77.1;0.5219;-0.0134;
651.85;0;0;0;0;32;51;50;50;50;50;71A;1C1;9.9;21.9;248.0;14.4;5.5;77.1;0.5179;-0.0158;
652.10;0;0;0;0;32;51;51;51;51;51;724;1C1;10.0;21.9;243.0;14.4;5.5;77.1;0.5021;-0.0183;
652.36;0;0;0;0;32;52;51;52;52;52;73C;1C1;10.0;21.5;241.0;14.4;5.5;77.1;0.5021;-0.0183;
652.61;0;0;0;0;32;53;53;53;52;53;751;1C1;10.0;21.5;239.5;14.4;5.5;77.1;0.5021;-0.0183;
652.86;0;0;0;0;32;54;53;53;53;53;75F;1C1;9.8;20.6;237.0;14.4;5.5;77.1;0.4982;-0.0183;
653.11;0;0;0;0;32;54;54;54;54;54;76C;1C1;9.8;20.6;226.5;14.4;5.5;77.1;0.4665;-0.0179;
653.36;0;0;0;0;32;55;54;55;55;55;779;1C1;9.4;20.2;185.5;14.4;5.5;77.1;0.3440;-0.0179;
653.61;1;0;0;0;32;55;55;55;54;55;6F9;1C1;9.4;20.2;-35.5;14.4;5.5;77.1;-0.0001;-0.0181;
653.86;1;0;0;0;32;55;54;55;54;55;614;1C1;9.6;20.4;-34.0;14.4;5.5;77.1;-0.0001;-0.0179;
654.11;1;0;0;0;32;55;55;55;54;55;69A;1C1;10.3;20.3;152.0;14.4;5.5;77.1;0.4784;-0.0179;
654.36;0;0;0;0;33;55;55;55;55;55;62F;1C1;10.3;20.3;233.0;14.4;5.5;77.1;0.4863;-0.0177;
654.61;0;0;0;0;33;56;56;56;56;56;639;1C1;10.5;20.4;228.0;14.4;5.5;77.1;0.4586;-0.0183;
654.86;0;0;0;0;33;56;56;56;56;56;641;1C1;10.6;20.3;215.5;14.4;5.5;77.1;0.4468;-0.0181;
655.11;0;0;0;0;33;57;57;57;57;57;64A;1C1;10.6;20.3;177.5;14.4;5.5;77.1;0.3914;-0.0183;
655.36;0;0;0;0;33;57;58;57;57;57;650;1C1;10.7;20.6;156.0;14.4;5.5;77.1;0.3637;-0.0188;
655.61;0;0;0;0;33;58;57;58;57;58;659;1C1;10.7;20.6;141.0;14.4;5.5;77.1;0.3439;-0.0213;
655.86;0;0;0;0;33;58;57;58;58;58;664;1C1;10.9;20.2;137.5;14.4;5.5;77.1;0.3439;-0.0209;
656.11;0;0;0;0;33;58;58;58;58;58;66C;1C1;11.1;20.0;133.0;14.4;5.5;77.1;0.3321;-0.0201;
656.36;0;0;0;0;33;58;58;58;58;59;666;1C1;11.1;20.0;107.5;14.4;5.5;77.1;0.2767;-0.0181;
656.61;0;0;0;0;33;59;59;59;58;59;66B;1C1;11.4;20.3;57.0;14.4;5.5;77.1;0.2134;-0.0138;
656.86;0;0;0;0;33;59;59;59;59;59;66F;1C1;11.5;20.9;49.5;14.4;5.5;77.1;0.2095;-0.0137;
657.11;0;0;0;0;33;59;59;59;59;59;66E;1C1;11.5;20.9;46.5;14.4;5.5;77.1;0.2055;-0.0134;
657.37;0;0;0;0;34;59;59;59;59;59;671;1C1;11.5;20.9;45.5;14.4;5.5;77.1;0.2015;-0.0117;
657.62;0;0;0;0;34;59;59;59;59;59;673;1C1;11.9;21.3;38.0;14.4;5.5;77.1;0.1581;-0.0055;
657.87;0;0;0;0;34;59;59;59;59;59;651;1C1;12.1;21.3;-11.0;14.4;5.5;77.1;-0.0001;-0.0035;
658.12;0;0;0;0;34;59;59;58;58;59;666;1C1;12.1;21.3;-22.0;14.4;5.5;77.1;0.1185;0.0048;
658.37;0;0;0;0;34;58;58;58;58;59;66A;1C1;11.7;22.1;11.5;14.4;5.5;77.1;0.2015;0.0102;
658.62;0;0;0;0;34;58;58;58;58;58;669;1C1;11.7;22.1;42.5;14.4;5.5;77.1;0.2095;0.0197;
658.87;0;0;0;0;34;58;58;58;58;58;667;1C1;11.6;23.0;48.5;14.4;5.5;77.1;0.2134;0.0211;
659.12;0;0;0;0;34;58;58;58;58;58;664;1C1;11.6;24.0;52.5;14.4;5.5;77.1;0.2134;0.0230;
659.37;0;0;0;0;34;57;58;57;58;58;661;1C1;11.6;24.0;51.5;14.4;5.5;77.1;0.2095;0.0255;
659.62;0;0;0;0;34;57;58;58;58;58;65E;1C1;11.4;25.3;50.5;14.4;5.5;77.1;0.2134;0.0311;
659.87;0;0;0;0;34;57;58;57;58;58;65F;1C1;11.1;26.7;49.5;14.4;5.5;77.1;0.2095;0.0311;
660.12;0;0;0;0;34;57;58;57;58;58;65D;1C1;11.1;26.7;49.0;14.4;5.5;77.1;0.2095;0.0339;
660.37;0;0;0;0;34;57;58;57;58;58;654;1C1;10.8;28.1;48.5;14.4;5.5;77.1;0.2015;0.0371;
660.62;0;0;0;0;34;57;58;57;57;57;652;1C1;10.8;28.1;50.0;14.4;5.5;77.1;0.2213;0.0385;
660.87;0;0;0;0;34;57;57;57;57;57;654;1C1;10.4;30.1;58.0;14.4;5.5;77.1;0.2450;0.0385;
661.12;0;0;0;0;34;56;57;56;57;57;64E;1C1;10.0;31.2;74.0;14.4;5.5;77.1;0.2609;0.0417;
661.37;0;0;0;0;35;56;57;56;57;57;64C;1C1;10.0;31.2;83.5;14.4;5.5;77.1;0.2767;0.0453;
661.62;0;0;0;0;35;56;57;56;57;57;64C;1C1;10.0;31.2;97.0;14.4;5.5;77.1;0.3044;0.0437;
661.87;0;0;0;0;35;57;57;56;57;57;64B;1C1;9.6;32.6;112.5;14.4;5.5;77.1;0.3321;0.0435;
662.12;0;0;0;0;35;56;57;56;57;57;645;1C1;9.0;34.8;133.5;14.4;5.5;77.1;0.3439;0.0431;
662.39;0;0;0;0;35;56;57;56;57;57;649;1C1;9.0;34.8;138.0;14.4;5.5;77.1;0.3479;0.0435;
662.64;0;0;0;0;35;56;56;56;57;57;647;1C1;8.5;35.1;143.5;14.4;5.5;77.1;0.3597;0.0459;
662.89;0;0;0;0;35;56;57;56;57;57;648;1C1;8.1;36.0;150.5;14.4;5.5;77.1;0.3756;0.0459;
663.14;0;0;0;0;35;56;57;56;57;57;649;1C1;8.1;36.0;161.5;14.4;5.5;77.1;0.3914;0.0456;
663.39;0;0;0;0;35;56;57;56;57;57;643;1C1;7.8;36.7;171.5;14.4;5.5;77.1;0.4072;0.0456;
663.64;0;0;0;0;35;56;57;56;57;57;645;1C1;7.8;36.7;193.0;14.4;5.5;77.1;0.4270;0.0442;
663.89;0;0;0;0;35;56;57;56;57;57;647;1C1;7.7;37.0;202.5;14.4;5.5;77.1;0.4428;0.0430;
664.14;0;0;0;0;35;56;57;56;57;57;646;1C1;7.4;37.4;212.5;14.4;5.5;77.1;0.4547;0.0409;
664.39;0;0;0;0;35;56;57;56;57;57;64B;1C1;7.4;37.4;213.5;14.4;5.5;77.1;0.4547;0.0407;
664.64;0;0;0;0;35;56;57;56;57;57;64F;1C1;7.2;37.4;214.5;14.4;5.5;77.1;0.4586;0.0412;
664.89;0;0;0;0;35;56;57;56;57;57;64C;1C1;7.0;36.8;216.5;14.4;5.5;77.1;0.4586;0.0410;
665.14;0;0;0;0;35;57;57;57;57;57;650;1C1;7.0;36.8;221.0;14.4;5.5;77.1;0.4705;0.0405;
665.39;0;0;0;0;35;57;57;57;57;57;654;1C1;6.9;36.9;229.0;14.4;5.5;77.1;0.4824;0.0403;
665.64;0;0;0;0;35;57;57;57;58;57;655;1C1;6.9;36.9;234.5;14.4;5.5;77.1;0.4824;0.0403;
665.89;0;0;0;0;35;57;58;57;58;58;65A;1C1;6.8;36.4;233.0;14.4;5.5;77.1;0.4824;0.0407;
666.14;0;0;0;0;35;57;58;57;58;58;65C;1C1;6.8;36.4;232.0;14.4;5.5;77.1;0.4824;0.0407;
666.39;0;0;0;0;35;57;58;57;58;58;65D;1C1;6.8;35.6;231.0;14.4;5.5;77.1;0.4784;0.0403;
666.64;0;0;0;0;35;57;58;57;58;58;663;1C1;6.8;35.6;229.5;14.4;5.5;77.1;0.4784;0.0366;
666.89;0;0;0;0;35;58;58;58;58;58;661;1C1;6.7;36.1;230.0;14.4;5.5;77.1;0.4784;0.0353;
667.14;0;0;0;0;35;58;58;58;59;58;666;1C1;6.7;35.4;228.0;14.4;5.5;77.1;0.4745;0.0293;
667.40;0;0;0;0;35;58;59;58;59;59;669;1C1;6.7;35.4;225.0;14.4;5.5;77.1;0.4705;0.0234;
667.65;0;0;0;0;36;58;59;58;59;59;66C;1C1;6.9;34.7;217.5;14.4;5.5;77.1;0.4586;0.0099;
667.90;0;0;0;0;36;58;59;59;59;59;66F;1C1;7.0;33.9;216.5;14.4;5.5;77.1;0.4586;0.0080;
668.15;0;0;0;0;36;59;59;59;59;59;671;1C1;7.0;33.9;214.0;14.4;5.5;77.1;0.4547;0.0028;
668.40;0;0;0;0;36;59;59;59;59;59;672;1C3;7.2;32.6;210.0;14.4;5.5;77.1;0.4428;-0.0142;
668.65;0;0;0;0;36;5A;59;59;59;59;675;1C3;7.2;32.6;196.0;14.4;5.5;77.1;0.4270;-0.0163;
668.90;0;0;0;0;36;59;59;59;59;59;675;1C3;7.7;31.3;193.0;14.4;5.5;77.1;0.4230;-0.0169;
669.15;0;0;0;0;36;59;59;59;59;59;675;1C3;8.1;29.8;182.5;14.4;5.5;77.1;0.4072;-0.0170;
669.40;0;0;0;0;36;59;59;59;59;59;67A;1C3;8.1;29.8;177.5;14.4;5.5;77.1;0.3993;-0.0184;
669.65;0;0;0;0;36;59;59;59;59;59;678;1C3;8.5;28.1;168.5;14.4;5.5;77.1;0.3874;-0.0209;
669.90;0;0;0;0;36;59;59;59;59;59;679;1C3;8.5;28.1;162.0;14.4;5.5;77.1;0.3756;-0.0243;
670.15;0;0;0;0;36;59;59;59;59;59;676;1C3;8.8;27.1;147.0;14.4;5.5;77.1;0.3518;-0.0257;
670.40;0;0;0;0;36;59;59;59;59;59;679;1C3;8.8;27.1;141.5;14.4;5.5;77.1;0.3479;-0.0259;
670.65;0;0;0;0;36;59;59;59;59;59;679;1C3;9.4;25.3;138.5;14.4;5.5;77.1;0.3439;-0.0259;
670.90;0;0;0;0;36;59;59;59;59;59;672;1C3;10.0;23.3;138.0;14.4;5.5;77.1;0.3400;-0.0277;
671.15;0;0;0;0;36;59;59;59;59;59;674;1C3;10.0;23.3;134.5;14.4;5.5;77.1;0.3400;-0.0279;
671.40;0;0;0;0;36;59;59;59;59;59;672;1C3;10.4;22.0;134.0;14.4;5.5;77.1;0.3400;-0.0275;
671.65;0;0;0;0;36;59;58;59;59;59;670;1C3;10.4;22.0;130.5;14.4;5.5;77.1;0.3321;-0.0272;
671.90;0;0;0;0;36;59;59;59;59;59;66E;1C3;10.8;20.7;128.5;14.4;5.5;77.1;0.3242;-0.0268;
672.15;0;0;0;0;36;59;59;59;59;59;669;1C3;11.2;19.8;111.0;14.4;5.5;77.1;0.3004;-0.0265;
672.41;0;0;0;0;37;59;58;59;58;59;66F;1C3;11.2;19.8;105.5;14.4;5.5;77.1;0.2965;-0.0236;
672.66;0;0;0;0;37;59;59;59;59;59;670;1C3;11.4;19.4;96.5;14.4;5.5;77.1;0.2767;-0.0225;
672.91;0;0;0;0;37;59;58;59;59;59;66B;1C3;11.5;19.2;89.0;14.4;5.5;77.1;0.2688;-0.0247;
673.16;0;0;0;0;37;59;58;59;58;59;66A;1C3;11.5;19.2;85.5;14.4;5.5;77.1;0.2648;-0.0259;
673.41;0;0;0;0;37;59;58;59;58;59;66B;1C3;11.6;19.3;84.5;14.4;5.5;77.1;0.2648;-0.0268;
673.66;0;0;0;0;37;58;58;58;58;59;667;1C3;11.8;19.1;84.5;14.4;5.5;77.1;0.2648;-0.0266;
673.91;0;0;0;0;37;58;58;59;58;59;666;1C3;11.8;19.1;85.5;14.4;5.5;77.1;0.2648;-0.0265;
674.16;0;0;0;0;37;59;58;58;58;59;66D;1C3;11.8;19.1;85.5;14.4;5.5;77.1;0.2648;-0.0254;
674.41;0;0;0;0;37;59;58;58;58;59;669;1C3;12.0;18.9;85.5;14.4;5.5;77.1;0.2648;-0.0208;
674.66;0;0;0;0;37;58;58;58;58;59;668;1C3;12.0;19.3;86.5;14.4;5.5;77.1;0.2648;-0.0208;
674.91;0;0;0;0;37;59;58;58;58;59;668;1C3;12.0;19.3;86.0;14.4;5.5;77.1;0.2648;-0.0208;
675.16;0;0;0;0;37;59;58;58;58;59;66C;1C3;11.9;19.6;85.5;14.4;5.5;77.1;0.2648;-0.0204;
675.41;0;0;0;0;37;59;58;59;58;59;66B;1C3;11.9;19.6;86.0;14.4;5.5;77.1;0.2648;-0.0186;
675.66;0;0;0;0;37;59;59;58;58;59;66C;1C3;11.9;19.7;87.0;14.4;5.5;77.1;0.2648;-0.0158;
675.91;0;0;0;0;37;59;58;59;58;59;66D;1C3;11.9;20.1;86.5;14.4;5.5;77.1;0.2648;-0.0151;
676.16;0;0;0;0;37;59;58;59;59;59;670;1C3;11.9;20.1;86.5;14.4;5.5;77.1;0.2648;-0.0165;
676.41;0;0;0;0;37;59;59;59;59;59;671;1C3;11.8;20.6;86.5;14.4;5.5;77.1;0.2648;-0.0154;
676.66;0;0;0;0;37;59;59;59;59;59;674;1C3;11.8;20.7;85.5;14.4;5.5;77.1;0.2648;-0.0144;
676.91;0;0;0;0;38;59;59;59;59;59;679;1C3;11.8;20.7;86.5;14.4;5.5;77.1;0.2648;-0.0133;
677.16;0;0;0;0;38;59;59;59;59;5A;679;1C3;11.8;21.0;86.0;14.4;5.5;77.1;0.2648;-0.0126;
677.43;0;0;0;0;38;5A;5A;59;59;5A;67A;1C3;11.8;21.0;87.0;14.4;5.5;77.1;0.2648;-0.0098;
677.68;0;0;0;0;38;5A;5A;5A;59;5A;681;1C3;11.6;21.5;85.0;14.4;5.5;77.1;0.2648;-0.0094;
677.93;0;0;0;0;38;5A;5A;5A;59;5A;67F;1C3;11.5;22.0;85.5;14.4;5.5;77.1;0.2648;-0.0110;
678.18;0;0;0;0;38;5A;5A;5A;5A;5A;687;1C3;11.5;22.0;86.0;14.4;5.5;77.1;0.2648;-0.0117;
678.43;0;0;0;0;38;5A;5A;5A;5A;5A;688;1C3;11.5;22.0;86.0;14.4;5.5;77.1;0.2648;-0.0140;
678.68;0;0;0;0;38;5A;5A;5A;5A;5A;68A;1C3;11.3;22.4;86.0;14.4;5.5;77.1;0.2648;-0.0149;
678.93;0;0;0;0;38;5A;5A;5A;5A;5B;68F;1C3;11.3;22.7;85.5;14.4;5.5;77.1;0.2648;-0.0151;
679.18;0;0;0;0;38;5B;5A;5B;5A;5B;692;1C3;11.3;22.7;86.5;14.4;5.5;77.1;0.2648;-0.0162;
679.43;0;0;0;0;38;5B;5A;5B;5B;5B;691;1C3;11.3;22.6;85.5;14.4;5.5;77.1;0.2648;-0.0186;
679.68;0;0;0;0;38;5B;5B;5B;5A;5B;695;1C3;11.2;23.0;83.5;14.4;5.5;77.1;0.2609;-0.0188;
679.93;0;0;0;0;38;5B;5B;5B;5B;5B;696;1C3;11.2;23.0;74.5;14.4;5.5;77.1;0.2450;-0.0186;
680.18;0;0;0;0;38;5B;5B;5B;5B;5B;69A;1C3;11.2;23.0;68.5;14.4;5.5;77.1;0.2332;-0.0169;
680.43;0;0;0;0;38;5B;5B;5B;5B;5B;696;1C3;11.2;23.0;56.5;14.4;5.5;77.1;0.2134;-0.0165;
680.68;0;0;0;0;38;5B;5B;5B;5B;5B;69A;1C3;11.3;22.8;50.0;14.4;5.5;77.1;0.2055;-0.0176;
680.93;0;0;0;0;38;5B;5B;5B;5B;5B;697;1C3;11.2;23.1;47.0;14.4;5.5;77.1;0.2015;-0.0176;
681.18;0;0;0;0;38;5B;5B;5B;5B;5B;699;1C3;11.2;23.1;40.0;14.4;5.5;77.1;0.1897;-0.0186;
681.43;0;0;0;0;38;5B;5B;5B;5B;5B;689;1C3;11.3;23.0;5.0;14.4;5.5;77.1;-0.0001;-0.0247;
681.68;0;0;0;0;38;5B;5B;5B;5A;5B;692;1C3;11.5;22.7;-22.5;14.4;5.5;77.1;-0.0001;-0.0252;
681.93;0;0;0;0;38;5B;5A;5A;5A;5B;689;1C3;11.5;22.7;-38.0;14.4;5.5;77.1;-0.0001;-0.0259;
682.18;0;0;0;0;38;5A;5A;5A;5A;5A;684;1C3;11.7;22.6;-38.0;14.4;5.5;77.1;-0.0001;-0.0268;
682.45;0;0;0;0;38;5A;59;5A;59;5A;681;1C3;11.7;22.6;-38.5;14.4;5.5;77.1;-0.0001;-0.0286;
682.70;0;0;0;0;38;5A;59;5A;59;5A;67C;1C3;12.0;22.3;-38.5;14.4;5.5;77.1;-0.0001;-0.0280;
682.95;0;0;0;0;38;5A;59;5A;59;5A;677;1C3;12.0;22.3;-38.5;14.4;5.5;77.1;-0.0001;-0.0265;
683.20;0;0;0;0;38;59;59;59;59;59;673;1C3;12.3;22.0;-38.5;14.4;5.5;77.1;-0.0001;-0.0255;
683.45;0;0;0;0;38;59;59;59;59;59;66F;1C3;12.3;22.0;-38.5;14.4;5.5;77.1;-0.0001;-0.0257;
683.70;0;0;0;0;38;59;58;59;58;59;66A;1C3;12.4;22.0;-38.5;14.4;5.5;77.1;-0.0001;-0.0259;
683.95;0;0;0;0;38;58;58;58;58;59;664;1C3;12.6;22.0;-38.0;14.4;5.5;77.1;-0.0001;-0.0259;
684.20;0;0;0;0;38;58;58;58;58;58;663;1C3;12.6;22.0;-38.0;14.4;5.5;77.1;-0.0001;-0.0250;
684.45;0;0;0;0;38;58;57;58;58;58;65D;1C3;12.7;21.8;-38.0;14.4;5.5;77.1;-0.0001;-0.0247;
684.70;0;0;0;0;38;58;57;58;57;58;65A;1C3;12.8;22.0;-38.0;14.4;5.5;77.1;-0.0001;-0.0245;
684.95;0;0;0;0;38;58;57;58;57;58;65B;1C3;12.8;22.0;-38.0;14.4;5.5;77.1;-0.0001;-0.0245;
685.20;0;0;0;0;38;58;57;58;57;58;657;1C3;13.1;21.9;-38.0;14.4;5.5;77.1;-0.0001;-0.0252;
685.45;0;0;0;0;38;58;57;57;57;58;654;1C3;13.1;21.9;-38.0;14.4;5.5;77.1;-0.0001;-0.0262;
685.70;0;0;0;0;39;57;57;57;57;58;655;1C3;13.0;21.9;-38.0;14.4;5.5;77.1;-0.0001;-0.0277;
685.95;0;0;0;0;39;58;57;57;57;57;653;1C3;13.0;22.0;-38.0;14.4;5.5;77.1;-0.0001;-0.0279;
686.20;0;0;0;0;39;57;57;57;57;57;64E;1C3;13.0;22.0;-38.0;14.4;5.5;77.1;-0.0001;-0.0279;
686.45;0;0;0;0;39;57;57;57;57;57;64D;1C3;13.0;22.0;-38.0;14.4;5.5;77.1;-0.0001;-0.0275;
686.70;0;0;0;0;39;57;57;57;57;57;64E;1C3;13.0;22.0;-38.0;14.4;5.5;77.1;-0.0001;-0.0272;
686.95;0;0;0;0;39;57;57;57;57;57;64E;1C3;13.0;21.9;-38.0;14.4;5.5;77.1;-0.0001;-0.0270;
687.20;0;0;0;0;39;57;57;57;57;57;651;1C3;13.0;21.9;-38.0;14.4;5.5;77.1;-0.0001;-0.0255;
687.46;0;0;0;0;39;57;57;57;57;57;652;1C3;12.9;22.3;-38.0;14.4;5.5;77.1;-0.0001;-0.0243;
687.71;0;0;0;0;39;57;57;57;57;57;64D;1C3;12.9;22.2;-38.0;14.5;5.5;77.1;-0.0001;-0.0254;
687.96;0;0;0;0;39;57;57;57;57;57;64F;1C3;12.9;22.2;-38.0;14.5;5.5;77.1;-0.0001;-0.0265;
688.21;0;0;0;0;39;57;57;57;57;57;650;1C3;12.9;22.3;-38.0;14.5;5.5;77.1;-0.0001;-0.0277;
688.46;0;0;0;0;39;57;57;57;57;57;64F;1C3;12.9;22.5;-38.0;14.5;5.5;77.1;-0.0001;-0.0277;
688.71;0;0;0;0;39;57;57;57;57;57;64E;1C3;12.9;22.5;-38.0;14.5;5.5;77.1;-0.0001;-0.0272;
688.96;0;0;0;0;39;57;57;57;56;57;64F;1C3;12.9;22.2;-38.0;14.5;5.5;77.1;-0.0001;-0.0272;
689.21;0;0;0;0;39;57;57;57;57;57;64D;1C3;12.9;22.2;-38.0;14.5;5.5;77.1;-0.0001;-0.0275;
689.46;0;0;0;0;39;57;57;57;57;57;650;1C3;12.8;22.1;-38.0;14.5;5.5;77.1;-0.0001;-0.0275;
689.71;0;0;0;0;39;57;57;57;57;57;64D;1C3;12.9;22.0;-38.0;14.5;5.5;77.1;-0.0001;-0.0275;
689.96;0;0;0;0;39;57;57;57;57;57;64E;1C3;12.9;22.0;-38.0;14.5;5.5;77.1;-0.0001;-0.0272;
690.21;0;0;0;0;39;58;57;57;57;57;650;1C3;12.9;21.8;-38.0;14.5;5.5;77.1;-0.0001;-0.0257;
690.46;0;0;0;0;39;57;57;57;57;57;653;1C3;12.8;22.1;-38.0;14.5;5.5;77.1;-0.0001;-0.0250;
690.71;0;0;0;0;39;57;57;57;57;57;651;1C3;12.8;22.1;-38.0;14.5;5.5;77.1;-0.0001;-0.0248;
690.96;0;0;0;0;39;57;57;57;57;57;652;1C3;12.8;22.1;-38.0;14.5;5.5;77.1;-0.0001;-0.0241;
691.21;0;0;0;0;39;57;57;57;57;57;651;1C3;12.8;22.3;-38.0;14.5;5.5;77.1;-0.0001;-0.0250;
691.46;0;0;0;0;38;57;57;57;57;57;64E;1C3;12.8;22.1;-38.0;14.5;5.5;77.1;-0.0001;-0.0259;
691.71;0;0;0;0;38;57;57;57;57;57;64E;1C3;12.8;22.1;-38.0;14.5;5.5;77.1;-0.0001;-0.0270;
691.96;0;0;0;0;38;57;57;57;57;57;64F;1C3;12.7;22.3;-38.0;14.5;5.5;77.1;-0.0001;-0.0270;
692.21;0;0;0;0;38;57;57;57;57;57;64F;1C3;12.7;22.3;-38.0;14.5;5.5;77.1;-0.0001;-0.0259;
692.47;0;0;0;0;38;57;57;57;57;57;64E;1C3;12.8;22.0;-38.0;14.5;5.5;77.1;-0.0001;-0.0259;
692.72;0;0;0;0;38;57;57;57;56;57;64B;1C3;12.7;22.1;-38.0;14.5;5.5;77.1;-0.0001;-0.0270;
692.97;0;0;0;0;38;57;56;57;56;57;64A;1C3;12.7;22.1;-38.0;14.5;5.5;77.1;-0.0001;-0.0272;
693.22;0;0;0;0;38;57;56;57;56;57;646;1C3;12.6;22.5;-38.0;14.5;5.5;77.1;-0.0001;-0.0279;
693.47;0;0;0;0;38;57;56;56;56;57;643;1C3;12.8;22.2;-38.0;14.5;5.5;77.1;-0.0001;-0.0279;
693.72;0;0;0;0;38;57;56;56;56;57;640;1C3;12.8;22.2;-38.0;14.5;5.5;77.1;-0.0001;-0.0282;
693.97;0;0;0;0;38;56;56;56;56;56;63C;1C3;12.7;22.3;-38.0;14.5;5.5;77.1;-0.0001;-0.0302;
694.22;0;0;0;0;38;56;56;56;56;56;63B;1C3;12.7;22.3;-38.0;14.5;5.5;77.1;-0.0001;-0.0298;
694.47;0;0;0;0;38;56;55;56;56;56;638;1C3;12.6;22.6;-38.0;14.5;5.5;77.1;-0.0001;-0.0297;
694.72;0;0;0;0;38;56;55;56;55;56;631;1C3;12.7;22.1;-37.5;14.5;5.5;77.1;-0.0001;-0.0288;
694.97;0;0;0;0;38;56;55;55;55;56;631;1C3;12.7;22.1;-37.5;14.5;5.5;77.1;-0.0001;-0.0280;
695.22;0;0;0;0;38;55;55;55;55;55;62D;1C3;12.7;22.1;-38.0;14.5;5.5;77.1;-0.0001;-0.0259;
695.47;0;0;0;0;38;55;55;55;55;55;62B;1C3;12.6;22.3;-38.0;14.5;5.5;77.1;-0.0001;-0.0265;
695.72;0;0;0;0;38;55;55;55;55;55;625;1C3;12.5;22.4;-37.5;14.5;5.5;77.1;-0.0001;-0.0270;
695.97;0;0;0;0;38;54;55;55;54;55;622;1C3;12.5;22.4;-37.5;14.5;5.5;77.1;-0.0001;-0.0270;
696.22;0;0;0;0;38;54;54;54;54;54;61A;1C3;12.6;22.3;-37.5;14.5;5.5;77.1;-0.0001;-0.0280;
696.47;0;0;0;0;38;54;54;54;54;54;617;1C3;12.6;22.4;-31.5;14.5;5.5;77.1;0.0474;-0.0293;
696.72;0;0;0;0;38;54;54;54;54;54;619;1C3;12.6;22.4;-3.0;14.5;5.5;77.1;0.1462;-0.0302;
696.97;0;0;0;0;38;54;53;54;53;54;617;1C3;12.5;22.5;15.5;14.5;5.5;77.1;0.1739;-0.0300;
697.22;0;0;0;0;38;54;54;54;53;54;611;1C3;12.5;22.5;31.0;14.5;5.5;77.1;0.1739;-0.0297;
697.48;0;0;0;0;38;54;53;54;53;54;60E;1C3;12.5;22.1;29.5;14.4;5.5;77.1;0.1660;-0.0298;
697.73;0;0;0;0;38;54;53;54;53;54;60F;1C3;12.3;22.3;28.0;14.4;5.5;77.1;0.1660;-0.0298;
697.98;0;0;0;0;38;54;53;53;53;53;60C;1C3;12.3;22.3;28.5;14.4;5.5;77.1;0.1699;-0.0298;
698.23;0;0;0;0;38;53;53;53;53;53;60D;1C3;12.2;22.3;28.5;14.4;5.5;77.1;0.1699;-0.0297;
698.48;0;0;0;0;38;53;53;53;53;53;604;1C3;12.2;22.0;28.0;14.4;5.5;77.1;0.1699;-0.0300;
698.73;0;0;0;0;38;53;53;53;52;53;604;1C3;12.2;22.0;27.5;14.4;5.5;77.1;0.1699;-0.0302;
698.98;0;0;0;0;38;53;52;53;52;53;601;1C3;12.1;22.3;28.5;14.4;5.5;77.1;0.1660;-0.0302;
699.23;0;0;0;0;38;53;52;53;52;53;5FD;1C3;12.1;22.3;28.0;14.4;5.5;77.1;0.1660;-0.0297;
699.48;0;0;0;0;38;53;52;53;52;53;5FC;1C3;12.1;22.0;28.0;14.4;5.5;77.1;0.1660;-0.0295;
699.73;0;0;0;0;38;53;52;52;52;53;5F9;1C3;12.1;22.0;27.5;14.4;5.5;77.1;0.1660;-0.0295;
699.98;0;0;0;0;38;52;52;52;52;52;5F5;1C3;12.0;21.8;28.0;14.4;5.5;77.1;0.1620;-0.0293;
700.23;0;0;0;0;38;52;52;52;52;52;5F0;1C3;12.0;21.8;24.5;14.4;5.5;77.1;0.1620;-0.0309;
700.48;0;0;0;0;38;52;51;52;51;52;5F0;1C3;11.9;21.9;25.5;14.4;5.5;77.1;0.1581;-0.0318;
700.73;0;0;0;0;38;52;51;52;51;52;5E9;1C3;11.9;21.7;25.0;14.4;5.5;77.1;0.1580;-0.0320;
700.98;0;0;0;0;38;52;51;51;51;52;5E7;1C3;11.9;21.7;25.0;14.4;5.5;77.1;0.1581;-0.0318;
701.23;0;0;0;0;38;51;51;51;51;51;5E3;1C3;11.9;21.4;24.5;14.4;5.5;77.1;0.1581;-0.0328;
701.48;0;0;0;0;38;52;51;51;51;51;5E0;1C3;11.9;21.5;24.0;14.4;5.5;77.1;0.1581;-0.0328;
701.73;0;0;0;0;38;51;51;51;51;51;5E1;1C3;11.9;21.5;25.0;14.4;5.5;77.1;0.1581;-0.0327;
701.98;0;0;0;0;38;51;51;51;50;51;5DC;1C3;11.9;21.3;25.0;14.4;5.5;77.1;0.1581;-0.0325;
702.23;0;0;0;0;38;51;50;51;50;51;5DA;1C3;11.9;21.3;25.0;14.4;5.5;77.1;0.1620;-0.0188;
702.49;0;0;0;0;38;51;50;50;50;51;5D6;1C3;11.9;21.2;25.0;14.4;5.5;77.1;0.1581;-0.0134;
702.74;0;0;0;0;38;50;50;50;50;50;5D1;1C3;11.8;21.6;26.0;14.4;5.5;77.1;0.1581;-0.0092;
702.99;0;0;0;0;38;50;50;50;50;50;5D0;1C4;11.8;21.6;25.0;14.4;5.5;77.1;0.1581;0.0062;
703.24;0;0;0;0;38;50;50;50;50;50;5C9;1C4;11.6;22.4;25.0;14.4;5.5;77.1;0.1581;0.0159;
703.49;0;0;0;0;38;4F;50;4F;50;50;5C7;1C4;11.6;22.4;25.0;14.4;5.5;77.1;0.1581;0.0230;
703.74;0;0;0;0;38;4F;50;4F;50;50;5C4;1C4;11.3;22.9;25.0;14.5;5.5;77.1;0.1581;0.0289;
703.99;0;0;0;0;38;4F;4F;4F;50;4F;5BE;1C4;11.3;22.9;25.0;14.5;5.5;77.1;0.1581;0.0382;
704.24;0;0;0;0;38;4F;50;4F;4F;4F;5C1;1C4;10.9;24.7;25.0;14.5;5.5;77.1;0.1620;0.0412;
704.49;0;0;0;0;38;4F;4F;4F;4F;4F;5BB;1C4;10.2;26.8;26.5;14.5;5.5;77.1;0.1620;0.0463;
704.74;0;0;0;0;38;4E;4F;4E;4F;4F;5BB;1C4;10.2;26.8;27.0;14.5;5.5;77.1;0.1699;0.0487;
704.99;0;0;0;0;38;4E;4F;4E;4F;4F;5B8;1C4;9.7;28.3;29.0;14.5;5.5;77.1;0.1739;0.0551;
705.24;0;0;0;0;38;4E;4F;4E;4F;4F;5B2;1C4;9.7;28.3;31.5;14.5;5.5;77.1;0.1778;0.0549;
705.49;0;0;0;0;38;4E;4F;4E;4F;4F;5B5;1C4;9.1;31.2;33.5;14.5;5.5;77.1;0.1857;0.0547;
705.74;0;0;0;0;38;4E;4F;4E;4F;4F;5B0;1C4;8.3;33.4;36.5;14.5;5.5;77.1;0.1818;0.0544;
705.99;0;0;0;0;38;4E;4F;4E;4F;4F;5B1;1C4;8.3;33.4;36.0;14.5;5.5;77.1;0.1818;0.0534;
706.24;0;0;0;0;38;4E;4F;4E;4F;4E;5AD;1C4;7.8;35.2;34.5;14.5;5.5;77.1;0.1778;0.0524;
706.49;0;0;0;0;38;4E;4F;4E;4F;4E;5B0;1C4;7.3;38.1;34.0;14.5;5.5;77.1;0.1818;0.0515;
706.74;0;0;0;0;38;4E;4F;4E;4F;4E;5AC;1C4;7.3;38.1;35.0;14.5;5.5;77.1;0.1778;0.0501;
706.99;0;0;0;0;38;4E;4F;4E;4E;4E;5AB;1C4;6.8;39.2;34.5;14.5;5.5;77.1;0.1818;0.0481;
707.24;0;0;0;0;38;4E;4F;4E;4E;4E;5AB;1C4;6.8;39.2;34.5;14.5;5.5;77.1;0.1778;0.0456;
707.51;0;0;0;0;38;4E;4F;4E;4E;4E;5AC;1C4;6.5;40.2;34.5;14.5;5.5;77.1;0.1818;0.0428;
707.76;0;0;0;0;38;4E;4E;4E;4E;4E;5AB;1C4;6.5;40.2;34.5;14.5;5.5;77.1;0.1778;0.0423;
708.01;0;0;0;0;38;4E;4E;4E;4E;4E;5AA;1C3;6.3;42.0;34.5;14.5;5.5;77.1;0.1778;0.0427;
708.26;0;0;0;0;38;4E;4F;4E;4E;4E;5AB;1C3;6.4;41.5;34.5;14.5;5.5;77.1;0.1818;0.0446;
708.51;0;0;0;0;38;4D;4F;4D;4E;4E;5A9;1C3;6.4;41.5;34.5;14.5;5.5;77.1;0.1818;0.0488;
708.76;0;0;0;0;38;4D;4E;4D;4E;4E;5AA;1C3;6.5;41.1;34.5;14.5;5.5;77.1;0.1818;0.0498;
709.01;0;0;0;0;38;4D;4F;4D;4E;4E;5A6;1C3;6.5;41.1;34.0;14.5;5.5;77.1;0.1778;0.0526;
709.26;0;0;0;0;38;4D;4F;4D;4E;4E;5AB;1C3;6.4;42.1;34.5;14.5;5.5;77.1;0.1778;0.0545;
709.51;0;0;0;0;38;4D;4E;4E;4E;4E;5A7;1C3;6.4;41.3;35.5;14.5;5.5;77.1;0.1818;0.0554;
709.76;0;0;0;0;38;4D;4E;4D;4E;4E;5A5;1C3;6.4;41.3;35.5;14.5;5.5;77.1;0.1857;0.0552;
710.01;0;0;0;0;38;4D;4E;4D;4E;4E;5A6;1C3;6.6;41.3;41.5;14.5;5.5;77.1;0.2174;0.0552;
710.26;0;0;0;0;38;4D;4E;4D;4E;4E;5A9;1C3;6.5;42.1;56.0;14.5;5.5;77.1;0.2490;0.0552;
710.51;0;0;0;0;38;4E;4F;4D;4E;4E;5A9;1C3;6.5;42.1;79.5;14.5;5.5;77.1;0.2727;0.0547;
710.76;0;0;0;0;38;4D;4E;4E;4E;4E;5A8;1C3;6.4;41.2;89.5;14.5;5.5;77.1;0.2767;0.0533;
711.01;0;0;0;0;38;4E;4F;4E;4E;4E;5AE;1C3;6.4;41.2;94.0;14.5;5.5;77.1;0.2807;0.0547;
711.26;0;0;0;0;38;4E;4F;4E;4F;4E;5B1;1C3;6.5;41.4;97.0;14.5;5.5;77.1;0.2846;0.0572;
711.51;0;0;0;0;38;4E;4F;4E;4F;4F;5B4;1C3;6.2;42.2;108.0;14.5;5.5;77.1;0.3202;0.0576;
711.76;0;0;0;0;38;4E;4F;4E;4F;4F;5B9;1C3;6.2;42.2;122.0;14.5;5.5;77.1;0.3321;0.0579;
712.01;0;0;0;0;38;4F;50;4F;50;4F;5BB;1C3;6.2;42.2;134.0;14.5;5.5;77.1;0.3479;0.0583;
712.26;0;0;0;0;38;4F;50;4F;50;4F;5C3;1C3;5.9;42.0;142.0;14.4;5.5;77.1;0.3597;0.0576;
712.52;0;0;0;0;38;4F;50;4F;50;50;5C4;1C3;5.7;42.9;151.5;14.4;5.5;77.1;0.3716;0.0545;
712.77;0;0;0;0;38;4F;50;4F;50;50;5CD;1C3;5.7;42.9;156.0;14.4;5.5;77.1;0.3756;0.0494;
713.02;0;0;0;0;38;4F;50;50;50;50;5D0;1C3;5.5;43.1;165.0;14.4;5.5;77.1;0.3914;0.0462;
713.27;0;0;0;0;38;50;51;50;51;50;5D4;1C3;5.4;42.3;168.0;14.4;5.5;77.1;0.3874;0.0456;
713.52;0;0;0;0;38;50;51;50;51;51;5DC;1C3;5.4;42.3;167.5;14.4;5.5;77.1;0.3795;0.0453;
713.77;0;0;0;0;38;50;51;50;51;51;5D9;1C3;5.4;41.9;165.0;14.4;5.5;77.1;0.3756;0.0453;
714.02;0;0;0;0;38;50;51;51;51;51;5DA;1C3;5.4;41.9;161.0;14.4;5.5;77.1;0.3756;0.0412;
714.27;0;0;0;0;38;51;52;51;51;51;5E2;1C3;5.3;41.4;162.5;14.4;5.5;77.1;0.3795;0.0403;
714.52;0;0;0;0;38;51;52;51;52;51;5E4;1C3;5.4;40.3;166.5;14.4;5.5;77.1;0.3835;0.0368;
714.77;0;0;0;0;38;51;52;51;52;52;5EB;1C3;5.4;40.3;168.0;14.4;5.5;77.1;0.3874;0.0352;
715.02;0;0;0;0;38;51;52;51;52;52;5EB;1C3;5.5;39.7;171.0;14.4;5.5;77.1;0.3914;0.0459;
715.27;0;0;0;0;38;51;52;51;52;52;5ED;1C3;5.3;40.0;174.0;14.4;5.5;77.1;0.3993;0.0455;
715.52;0;0;0;0;38;51;52;52;52;52;5F5;1C3;5.3;40.0;181.5;14.4;5.5;77.1;0.4072;0.0428;
715.77;0;0;0;0;38;52;52;52;52;52;5EF;1C3;5.3;39.4;187.0;14.4;5.5;77.1;0.4151;0.0384;
716.02;0;0;0;0;38;52;53;52;52;52;5F5;1C3;5.3;39.4;191.0;14.4;5.5;77.1;0.4191;0.0280;
716.27;0;0;0;0;38;52;52;52;52;52;5FE;1C3;5.5;38.3;192.5;14.4;5.5;77.1;0.4230;0.0240;
716.52;0;0;0;0;38;52;53;52;53;53;603;1C3;5.5;38.3;196.5;14.4;5.5;77.1;0.4270;0.0205;
716.77;0;0;0;0;38;52;53;53;53;53;603;1C3;5.6;37.0;199.5;14.4;5.5;77.1;0.4310;0.0181;
717.02;0;0;0;0;38;53;53;53;53;53;609;1C3;5.6;37.0;205.0;14.4;5.5;77.1;0.4428;0.0191;
717.27;0;0;0;0;38;53;53;53;53;53;60E;1C3;5.8;35.9;207.5;14.4;5.5;77.1;0.4428;0.0190;
717.53;0;0;0;0;38;53;54;54;54;54;610;1C3;6.0;34.8;208.5;14.4;5.5;77.1;0.4468;0.0197;
717.78;0;0;0;0;38;54;54;54;54;54;616;1C3;6.0;34.8;210.5;14.4;5.5;77.1;0.4468;0.0201;
718.03;0;0;0;0;38;54;54;54;54;54;61F;1C3;6.1;34.3;211.5;14.4;5.5;77.1;0.4507;0.0197;
718.28;0;0;0;0;38;54;55;54;55;55;622;1C3;6.2;33.4;215.5;14.4;5.5;77.1;0.4547;0.0205;
718.53;0;0;0;0;38;55;55;55;55;55;628;1C3;6.2;33.4;217.0;14.4;5.5;77.1;0.4586;0.0211;
718.78;0;0;0;0;38;55;56;55;55;55;62E;1C3;6.2;32.5;218.5;14.4;5.5;77.1;0.4626;0.0211;
719.03;0;0;0;0;38;55;56;55;56;56;634;1C3;6.2;32.5;221.5;14.4;5.5;77.1;0.4665;0.0240;
719.28;0;0;0;0;38;56;56;56;56;56;63B;1C3;6.3;32.4;221.5;14.4;5.5;77.1;0.4665;0.0240;
719.53;0;0;0;0;38;56;56;56;56;56;641;1C3;6.4;31.3;221.5;14.4;5.5;77.1;0.4665;0.0240;
719.78;0;0;0;0;38;56;57;56;57;57;641;1C3;6.4;31.3;222.0;14.4;5.5;77.1;0.4665;0.0240;
720.03;0;0;0;0;38;56;57;56;57;57;647;1C3;6.6;30.0;223.0;14.4;5.5;77.1;0.4665;0.0240;
720.28;0;0;0;0;38;56;57;56;57;57;64A;1C3;6.6;30.0;223.0;14.4;5.5;77.1;0.4665;0.0241;
720.53;0;0;0;0;38;57;57;57;57;57;650;1C3;6.7;30.2;223.0;14.4;5.5;77.1;0.4665;0.0243;
720.78;0;0;0;0;38;57;57;57;57;57;652;1C3;6.7;30.2;223.5;14.4;5.5;77.1;0.4665;0.0243;
721.03;0;0;0;0;38;57;57;57;57;57;657;1C3;6.7;30.2;223.0;14.4;5.5;77.1;0.4665;0.0272;
721.28;0;0;0;0;38;57;58;57;58;58;656;1C3;6.6;30.2;226.0;14.4;5.5;77.1;0.4705;0.0280;
721.53;0;0;0;0;38;57;58;57;58;58;65A;1C3;6.6;30.2;227.5;14.4;5.5;77.1;0.4745;0.0286;
721.78;0;0;0;0;39;57;58;57;58;58;659;1C3;6.5;30.9;227.5;14.4;5.5;77.1;0.4745;0.0284;
722.03;0;0;0;0;39;58;58;57;58;58;65C;1C3;6.5;30.9;229.5;14.4;5.5;77.1;0.4784;0.0282;
722.28;0;0;0;0;39;57;58;58;58;58;662;1C3;6.4;30.9;230.5;14.4;5.5;77.1;0.4824;0.0262;
722.54;0;0;0;0;39;58;58;58;58;58;665;1C3;6.4;31.0;239.0;14.4;5.5;77.1;0.5061;0.0181;
722.79;0;0;0;0;39;58;58;58;58;59;66D;1C3;6.4;31.0;254.5;14.4;5.5;77.1;0.5417;0.0137;
723.04;0;0;0;0;39;58;59;58;59;59;670;1C3;6.3;31.4;276.5;14.4;5.5;77.1;0.5812;0.0130;
723.29;0;0;0;0;39;59;59;59;59;59;672;1C3;6.2;30.5;277.5;14.4;5.5;77.1;0.5773;0.0123;
723.54;0;0;0;0;39;59;59;59;59;59;677;1C3;6.2;30.5;275.5;14.4;5.5;77.1;0.5733;0.0098;
723.79;0;0;0;0;39;5A;5A;5A;5A;5A;67E;1C3;6.3;30.2;276.0;14.4;5.5;77.1;0.5733;0.0017;
724.04;0;0;0;0;39;5A;5A;5A;5A;5A;687;1C3;6.3;30.2;273.5;14.4;5.5;77.1;0.5733;0.0007;
724.29;0;0;0;0;39;5A;5A;5A;5A;5A;688;1C3;6.2;29.9;274.0;14.4;5.5;77.1;0.5733;-0.0009;
724.54;0;0;0;0;39;5A;5B;5A;5A;5B;692;1C3;6.2;29.9;272.5;14.4;5.5;77.1;0.5693;-0.0012;
724.79;0;0;0;0;39;5B;5B;5B;5B;5B;698;1C3;6.1;28.8;272.5;14.4;5.5;77.1;0.5693;-0.0016;
725.04;0;0;0;0;39;5B;5B;5B;5B;5B;6A0;1C3;6.1;28.8;271.5;14.4;5.5;77.1;0.5693;-0.0034;
725.29;0;0;0;0;39;5B;5C;5B;5B;5C;6A0;1C3;6.2;28.1;272.5;14.4;5.5;77.1;0.5693;-0.0041;
725.54;0;0;0;0;39;5C;5C;5C;5C;5C;6A7;1C3;6.3;27.7;272.0;14.4;5.5;77.1;0.5693;-0.0041;
725.79;0;0;0;0;39;5C;5C;5C;5C;5C;6AD;1C3;6.3;27.7;271.5;14.4;5.5;77.1;0.5693;-0.0027;
726.04;0;0;0;0;39;5C;5C;5C;5C;5C;6B5;1C3;6.3;26.6;270.5;14.4;5.5;77.1;0.5654;-0.0020;
726.29;0;0;0;0;3A;5D;5C;5C;5D;5D;6B9;1C3;6.4;25.7;270.0;14.4;5.5;77.1;0.5654;-0.0007;
726.54;0;0;0;0;3A;5D;5D;5D;5D;5D;6C1;1C3;6.4;25.7;268.5;14.4;5.5;77.1;0.5654;-0.0005;
726.79;0;0;0;0;3A;5D;5D;5D;5D;5D;6C4;1C3;6.5;25.2;269.5;14.4;5.5;77.1;0.5654;0.0041;
727.04;0;0;0;0;3A;5D;5D;5D;5D;5E;6C6;1C3;6.5;25.2;268.5;14.4;5.5;77.1;0.5654;0.0037;
727.29;0;0;0;0;3A;5E;5E;5E;5E;5E;6C9;1C3;6.5;24.5;268.5;14.5;5.5;77.1;0.5654;0.0027;
727.55;0;0;0;0;3A;5E;5E;5E;5E;5E;6D0;1C3;6.6;25.0;270.0;14.5;5.5;77.1;0.5654;0.0005;
727.80;0;0;0;0;3A;5E;5E;5E;5E;5F;6DB;1C3;6.6;25.0;269.0;14.5;5.5;77.1;0.5654;0.0021;
728.05;0;0;0;0;3A;5E;5E;5E;5E;5F;6DA;1C3;6.5;24.8;269.0;14.5;5.5;77.1;0.5654;0.0024;
728.30;0;0;0;0;3A;5F;5F;5F;5F;5F;6DD;1C3;6.6;24.4;268.5;14.4;5.5;77.1;0.5654;0.0027;
728.55;0;0;0;0;3A;5F;5F;5F;5F;5F;6E2;1C3;6.6;24.4;267.5;14.4;5.5;77.1;0.5654;0.0024;
728.80;0;0;0;0;3A;5F;5F;5F;5F;60;6E7;1C3;6.6;24.4;269.0;14.5;5.5;77.1;0.5654;-0.0002;
729.05;0;0;0;0;3A;60;60;60;60;60;6EB;1C3;6.7;25.2;268.5;14.5;5.5;77.1;0.5654;-0.0007;
729.30;0;0;0;0;3A;60;60;60;60;60;6F7;1C3;6.5;25.0;266.5;14.5;5.5;77.1;0.5614;-0.0007;
729.55;0;0;0;0;3B;60;60;60;60;60;6FC;1C3;6.5;25.0;266.5;14.5;5.5;77.1;0.5614;-0.0005;
729.80;0;0;0;0;3B;60;60;60;60;61;6FB;1C3;6.6;25.0;267.0;14.5;5.5;77.1;0.5614;-0.0014;
730.05;0;0;0;0;3B;61;61;60;61;61;700;1C3;6.6;25.5;266.5;14.5;5.5;77.1;0.5614;-0.0034;
730.30;0;0;0;0;3B;61;61;61;61;61;709;1C3;6.6;25.5;266.5;14.5;5.5;77.1;0.5614;-0.0056;
730.55;0;0;0;0;3B;61;61;61;61;61;70B;1C3;6.6;25.2;266.5;14.5;5.5;77.1;0.5614;-0.0062;
730.80;0;0;0;0;3B;61;61;61;61;61;710;1C3;6.6;25.2;265.5;14.5;5.5;77.1;0.5575;-0.0028;
731.05;0;0;0;0;3B;61;61;61;61;62;70E;1C4;6.5;25.0;265.5;14.5;5.5;77.1;0.5575;-0.0009;
731.30;0;0;0;0;3B;62;62;62;62;62;716;1C4;6.6;25.3;265.0;14.5;5.5;77.1;0.5575;-0.0007;
731.55;0;0;0;0;3B;62;62;62;62;62;71B;1C4;6.6;25.3;264.5;14.5;5.5;77.1;0.5575;-0.0017;
731.80;0;0;0;0;3B;62;62;62;62;62;71B;1C4;6.6;24.8;264.0;14.5;5.5;77.1;0.5575;-0.0017;
732.05;0;0;0;0;3B;62;62;62;62;62;71D;1C4;6.6;24.8;264.0;14.5;5.5;77.1;0.5575;-0.0024;
732.30;0;0;0;0;3B;62;62;62;62;63;722;1C4;6.6;24.8;262.5;14.5;5.5;77.1;0.5575;-0.0041;
732.57;0;0;0;0;3B;62;62;62;62;63;71F;1C4;6.5;25.1;261.5;14.5;5.5;77.1;0.5496;-0.0046;
732.82;0;0;0;0;3B;62;63;62;62;63;725;1C4;6.5;25.1;254.5;14.5;5.5;77.1;0.5180;-0.0069;
733.07;0;0;0;0;3C;62;62;62;62;63;723;1C4;6.6;24.6;239.0;14.5;5.5;77.1;0.4745;-0.0073;
733.32;0;0;0;0;3C;62;62;63;63;63;725;1C4;6.6;24.6;206.0;14.5;5.5;77.1;0.4428;-0.0069;
733.57;0;0;0;0;3C;62;63;62;62;63;721;1C4;6.7;24.9;181.5;14.5;5.5;77.1;0.3716;-0.0063;
733.82;0;0;0;0;3C;62;62;62;62;62;729;1C4;6.7;24.9;50.5;14.5;5.5;77.1;0.2609;-0.0044;
734.07;0;0;0;0;3C;62;62;62;62;62;721;1C4;6.7;25.1;161.0;14.5;5.5;77.1;0.4428;-0.0021;
734.32;0;0;0;0;3C;62;61;62;62;62;715;1C4;7.0;25.1;217.5;14.5;5.5;77.1;0.4705;0.0002;
734.57;0;0;0;0;3C;62;62;62;62;62;717;1C4;7.0;25.1;221.5;14.5;5.5;77.1;0.4744;0.0005;
734.82;0;0;0;0;3C;62;62;62;62;62;715;1C4;7.1;25.4;200.0;14.5;5.5;77.1;0.4389;0.0024;
735.07;0;0;0;0;3C;62;62;61;62;62;714;1C4;7.1;26.0;200.0;14.5;5.5;77.1;0.4389;0.0027;
735.32;0;0;0;0;3C;61;61;61;61;62;711;1C4;7.1;26.0;203.0;14.5;5.5;77.1;0.4468;0.0053;
735.57;0;0;0;0;3C;61;61;61;61;62;711;1C4;7.0;25.8;206.0;14.5;5.5;77.1;0.4507;0.0062;
735.82;0;0;0;0;3D;61;61;61;61;61;70C;1C4;7.0;25.8;210.0;14.5;5.5;77.1;0.4547;0.0049;
736.07;0;0;0;0;3D;61;61;61;61;61;70C;1C4;7.1;26.4;213.0;14.5;5.5;77.1;0.4586;0.0060;
736.32;0;0;0;0;3D;61;61;61;61;61;70A;1C4;7.1;26.7;216.5;14.5;5.5;77.1;0.4665;0.0088;
736.57;0;0;0;0;3D;61;61;61;61;61;709;1C4;7.1;26.7;219.0;14.5;5.5;77.1;0.4705;0.0069;
736.82;0;0;0;0;3D;61;61;61;61;61;707;1C4;7.2;26.8;223.5;14.5;5.5;77.1;0.4784;-0.0009;
737.07;0;0;0;0;3D;61;61;61;61;61;708;1C4;7.2;26.8;226.5;14.5;5.5;77.1;0.4824;-0.0051;
737.32;0;0;0;0;3D;61;61;61;61;61;708;1C4;7.1;27.3;227.0;14.5;5.5;77.1;0.4824;-0.0078;
737.58;0;0;0;0;3D;61;61;61;61;61;709;1C4;7.1;27.3;227.5;14.5;5.5;77.1;0.4863;-0.0074;
737.83;0;0;0;0;3D;61;61;61;61;61;709;1C4;7.1;27.0;229.0;14.5;5.5;77.1;0.4863;-0.0074;
738.08;0;0;0;0;3D;61;61;61;61;61;708;1C4;7.1;26.6;230.0;14.5;5.5;77.1;0.4903;-0.0074;
738.33;0;0;0;0;3D;61;61;61;61;61;709;1C4;7.1;26.6;231.5;14.5;5.5;77.1;0.4903;-0.0055;
738.58;0;0;0;0;3D;61;61;61;61;61;708;1C4;6.9;26.5;231.5;14.5;5.5;77.1;0.4903;-0.0063;
738.83;0;0;0;0;3E;61;61;61;61;61;70A;1C4;6.9;26.5;232.5;14.5;5.5;77.1;0.4903;-0.0092;
739.08;0;0;0;0;3E;61;61;61;61;61;70C;1C4;6.8;26.5;231.5;14.5;5.5;77.1;0.4903;-0.0073;
739.33;0;0;0;0;3E;61;61;61;61;61;70F;1C4;6.8;25.7;230.0;14.5;5.5;77.1;0.4863;-0.0046;
739.58;0;0;0;0;3E;61;61;61;61;61;70E;1C4;6.8;25.7;228.5;14.5;5.5;77.1;0.4863;0.0000;
739.83;0;0;0;0;3E;61;61;61;61;62;70C;1C4;6.8;25.9;225.0;14.5;5.5;77.1;0.4784;0.0028;
740.08;0;0;0;0;3E;62;61;61;61;61;70B;1C4;6.7;26.0;224.5;14.5;5.5;77.1;0.4784;0.0034;
740.33;0;0;0;0;3E;61;61;61;61;61;70E;1C4;6.7;26.0;226.5;14.5;5.5;77.1;0.4824;0.0027;
740.58;0;0;0;0;3E;61;62;61;61;61;70D;1C4;6.7;25.6;227.0;14.5;5.5;77.1;0.4824;0.0017;
740.83;0;0;0;0;3E;61;61;61;61;61;70C;1C4;6.7;25.6;225.5;14.5;5.5;77.1;0.4824;-0.0007;
741.08;0;0;0;0;3E;61;61;61;61;62;70D;1C4;6.7;25.8;224.5;14.5;5.5;77.1;0.4784;-0.0010;
741.33;0;0;0;0;3E;61;62;61;61;62;711;1C4;6.7;25.8;222.5;14.5;5.5;77.1;0.4744;-0.0014;
741.58;0;0;0;0;3E;61;62;61;61;62;711;1C4;6.7;25.6;221.0;14.5;5.5;77.1;0.4705;-0.0012;
741.83;0;0;0;0;3E;62;61;61;61;62;70E;1C4;6.7;25.6;220.0;14.5;5.5;77.1;0.4705;-0.0010;
742.08;0;0;0;0;3E;61;62;61;62;62;711;1C4;6.7;26.0;219.0;14.5;5.5;77.1;0.4705;-0.0005;
742.33;0;0;0;0;3E;62;61;61;62;62;712;1C4;6.6;26.3;218.0;14.5;5.5;77.1;0.4665;-0.0003;
742.59;0;0;0;0;3E;62;61;62;61;62;714;1C4;6.6;26.3;216.0;14.5;5.5;77.1;0.4626;-0.0044;
742.84;0;0;0;0;3E;62;62;62;62;62;716;1C4;6.5;26.7;211.5;14.5;5.5;77.1;0.4547;-0.0044;
743.09;0;0;0;0;3E;62;62;62;62;62;717;1C4;6.6;26.6;208.0;14.5;5.5;77.1;0.4507;-0.0042;
743.34;0;0;0;0;3F;62;62;62;62;62;71C;1C4;6.6;26.6;202.5;14.5;5.5;77.1;0.4428;-0.0044;
743.59;0;0;0;0;3F;62;62;62;62;62;71E;1C4;6.7;27.0;197.5;14.5;5.5;77.1;0.4349;-0.0056;
743.84;0;0;0;0;3F;62;62;62;62;63;71F;1C4;6.7;27.0;190.0;14.5;5.5;77.1;0.4230;-0.0078;
744.09;0;0;0;0;3F;62;62;62;62;63;722;1C4;6.7;27.2;185.0;14.5;5.5;77.1;0.4151;-0.0078;
744.34;0;0;0;0;3F;62;62;62;62;63;724;1C4;6.7;26.7;178.5;14.5;5.5;77.1;0.4072;-0.0085;
744.59;0;0;0;0;3F;63;62;63;63;63;724;1C4;6.7;26.7;173.5;14.5;5.5;77.1;0.3993;-0.0163;
744.84;0;0;0;0;3F;63;63;63;62;63;728;1C4;6.8;26.6;164.5;14.5;5.5;77.1;0.3835;-0.0166;
745.09;0;0;0;0;3F;63;63;63;63;63;72B;1C4;7.0;26.1;159.5;14.5;5.5;77.1;0.3756;-0.0166;
745.34;0;0;0;0;3F;63;63;63;63;63;730;1C4;7.0;26.1;150.0;14.5;5.5;77.1;0.3637;-0.0166;
745.59;0;0;0;0;3F;63;63;63;63;63;732;1C4;7.0;26.1;144.0;14.5;5.5;77.1;0.3518;-0.0195;
745.84;0;0;0;0;3F;63;63;63;63;64;733;1C4;7.2;25.6;134.5;14.5;5.5;77.1;0.3439;-0.0194;
746.09;0;0;0;0;3F;64;63;63;63;64;736;1C4;7.3;25.5;129.5;14.5;5.5;77.1;0.3360;-0.0188;
746.34;0;0;0;0;3F;64;63;64;63;64;735;1C4;7.3;25.5;123.0;14.5;5.5;77.1;0.3242;-0.0181;
746.59;0;0;0;0;3F;63;63;64;63;64;734;1C4;7.5;25.0;118.0;14.5;5.5;77.1;0.3202;-0.0169;
746.84;0;0;0;0;40;63;63;63;63;64;738;1C4;7.5;25.0;114.5;14.5;5.5;77.1;0.3123;-0.0151;
747.09;0;0;0;0;40;64;63;64;63;64;738;1C4;7.7;24.5;110.5;14.5;5.5;77.1;0.3044;-0.0149;
747.34;0;0;0;0;40;64;64;64;63;64;732;1C4;7.9;24.5;61.0;14.5;5.5;77.1;0.2015;-0.0127;
747.60;0;0;0;0;40;63;63;63;63;64;727;1C4;7.9;24.5;-11.0;14.5;5.5;77.1;0.0830;-0.0053;
747.85;0;0;0;0;40;63;63;63;63;63;725;1C4;8.0;24.3;-30.5;14.5;5.5;77.1;0.0039;-0.0055;
748.10;0;0;0;0;40;62;62;62;62;63;71E;1C4;8.1;24.9;-37.5;14.5;5.5;77.1;-0.0001;-0.0055;
748.35;0;0;0;0;40;62;62;62;62;62;712;1C4;8.1;24.9;-37.5;14.5;5.5;77.1;-0.0001;-0.0046;
748.60;0;0;0;0;40;61;61;61;61;62;70E;1C4;8.4;25.4;-37.5;14.5;5.5;77.1;-0.0001;-0.0037;
748.85;0;0;0;0;40;61;61;61;61;61;703;1C4;8.6;25.4;-37.5;14.5;5.5;77.1;-0.0001;-0.0028;
749.10;0;0;0;0;40;60;60;60;60;61;6F8;1C4;8.6;25.4;-37.0;14.5;5.5;77.1;-0.0001;-0.0020;
749.35;0;0;0;0;40;60;60;60;60;60;6F0;1C4;8.7;26.4;-37.0;14.5;5.5;77.1;-0.0001;-0.0009;
749.60;0;0;0;0;40;5F;5F;5F;5F;60;6E4;1C4;8.7;26.4;-37.0;14.5;5.5;77.1;-0.0001;0.0028;
749.85;0;0;0;0;40;5F;5F;5F;5F;5F;6DE;1C4;8.7;27.5;-37.0;14.5;5.5;77.1;-0.0001;0.0017;
750.10;0;0;0;0;40;5E;5F;5E;5E;5F;6D6;1C4;8.7;27.5;-37.0;14.5;5.5;77.1;-0.0001;0.0007;
750.35;0;0;0;0;40;5E;5E;5E;5E;5E;6C8;1C4;8.8;28.0;-37.0;14.5;5.5;77.1;-0.0001;-0.0002;
750.60;0;0;0;0;40;5D;5D;5D;5D;5D;6BA;1C4;8.8;28.0;-36.5;14.5;5.5;77.1;-0.0001;-0.0009;
750.85;0;0;0;0;40;5C;5C;5C;5C;5D;6B3;1C4;8.9;29.1;-37.0;14.5;5.5;77.1;-0.0001;-0.0009;
751.10;0;0;0;0;40;5C;5C;5C;5C;5C;6AD;1C4;8.8;30.0;-36.5;14.5;5.5;77.1;-0.0001;-0.0023;
751.35;0;0;0;0;40;5B;5B;5B;5B;5C;69C;1C4;8.8;30.0;-36.5;14.5;5.5;77.1;-0.0001;-0.0024;
751.60;0;0;0;0;40;5B;5B;5B;5A;5B;68F;1C4;8.9;30.4;-36.5;14.5;5.5;77.1;-0.0001;-0.0044;
751.85;0;0;0;0;40;5A;5A;5A;5A;5A;685;1C4;8.9;31.2;-36.5;14.5;5.5;77.1;-0.0001;-0.0059;
752.10;0;0;0;0;40;5A;59;59;59;5A;677;1C4;8.9;31.2;-36.5;14.5;5.5;77.1;-0.0001;-0.0059;
752.35;0;0;0;0;40;59;59;59;59;59;66F;1C4;8.9;30.9;-36.0;14.5;5.5;77.1;-0.0001;-0.0055;
752.61;0;0;0;0;40;58;58;58;58;58;65F;1C4;8.9;30.9;-36.0;14.5;5.5;77.1;-0.0001;-0.0059;
752.86;0;0;0;0;40;58;57;57;57;58;657;1C4;8.9;30.6;-36.0;14.5;5.5;77.1;-0.0001;-0.0085;
753.11;0;0;0;0;40;57;57;57;57;57;649;1C4;8.9;31.2;-36.0;14.5;5.5;77.1;-0.0001;-0.0105;
753.36;0;0;0;0;40;56;56;56;56;56;63B;1C4;8.9;31.2;-36.0;14.5;5.5;77.1;-0.0001;-0.0098;
753.61;0;0;0;0;40;55;56;55;55;56;62E;1C4;8.9;30.9;-35.5;14.5;5.5;77.1;-0.0001;-0.0091;
753.86;0;0;0;0;41;55;55;55;55;55;623;1C4;8.9;30.9;-35.5;14.5;5.5;77.1;-0.0001;-0.0080;
754.11;0;0;0;0;41;54;54;54;54;54;611;1C4;9.0;30.1;-35.5;14.5;5.5;77.1;-0.0001;-0.0078;
754.36;0;0;0;0;40;53;53;53;53;53;606;1C4;9.0;30.1;-35.5;14.5;5.5;77.1;-0.0001;-0.0078;
754.61;0;0;0;0;40;52;52;52;52;53;5F6;1C4;9.0;30.4;-35.5;14.5;5.5;77.1;-0.0001;-0.0071;
754.86;0;0;0;0;40;52;52;52;51;52;5EC;1C4;8.9;30.1;-35.5;14.5;5.5;77.1;-0.0001;-0.0071;
755.11;0;0;0;0;40;51;51;51;51;51;5DA;1C4;8.9;30.1;-35.0;14.5;5.5;77.1;-0.0001;-0.0066;
755.36;0;0;0;0;40;50;50;50;50;51;5CF;1C4;8.9;29.4;-35.0;14.5;5.5;77.1;-0.0001;-0.0062;
755.61;0;0;0;0;40;4F;4F;4F;4F;4F;5BE;1C4;8.9;29.4;-35.0;14.5;5.5;77.1;-0.0001;-0.0021;
755.86;0;0;0;0;40;4F;4F;4E;4F;4F;5B1;1C4;8.9;29.9;-35.0;14.5;5.5;77.1;-0.0001;0.0024;
756.11;0;0;0;0;40;4D;4E;4D;4D;4E;59F;1C4;8.8;29.5;-35.0;14.5;5.5;77.1;-0.0001;0.0080;
756.36;0;0;0;0;40;4D;4D;4D;4D;4D;591;1C4;8.8;29.5;-35.0;14.5;5.5;77.1;-0.0001;0.0092;
756.61;1;0;0;0;40;4C;4C;4C;4C;4C;57F;1C4;8.8;29.6;-35.0;14.5;5.5;77.1;-0.0001;0.0078;
756.86;1;0;0;0;40;4B;4C;4B;4B;4C;4CE;1C4;8.6;30.5;-34.0;14.5;5.5;77.1;-0.0001;0.0081;
757.11;1;0;0;0;40;4A;4B;4A;4B;4B;640;1C4;8.6;30.5;163.5;14.5;5.5;77.1;0.5810;0.0112;
757.36;1;0;0;0;40;4A;4A;4A;4A;4A;76F;1C4;8.4;30.2;-22.5;14.5;5.5;77.1;-0.0001;0.0133;
757.63;1;0;0;0;40;49;49;49;49;4A;64F;1C4;8.4;30.2;-32.5;14.5;5.5;77.1;-0.0001;0.0158;
757.88;0;0;0;0;40;48;48;48;48;49;666;1C4;8.1;30.6;-37.0;14.5;5.5;77.1;-0.0001;0.0144;
758.13;0;0;0;0;40;48;48;47;48;48;652;1C4;8.1;30.6;-36.5;14.5;5.5;77.1;-0.0001;0.0133;
758.38;0;0;0;0;40;47;47;46;47;47;63D;1C4;7.9;31.9;-36.5;14.5;5.5;77.1;-0.0001;0.0133;
758.63;0;1;0;0;40;46;46;46;46;46;631;1C4;7.9;31.9;-36.5;14.5;5.5;77.1;-0.0001;0.0119;
758.88;0;1;0;0;40;45;45;45;45;45;61F;1C4;7.8;31.5;-36.0;14.5;5.5;77.1;-0.0001;0.0110;
759.13;0;1;0;0;40;44;44;44;44;44;604;1C4;7.8;32.0;-36.0;14.5;5.5;77.1;-0.0001;0.0098;
759.38;0;1;0;0;40;43;44;44;43;44;5FC;1C4;7.8;32.0;-36.0;14.5;5.5;77.1;-0.0001;0.0099;
759.63;0;1;0;0;40;43;43;43;43;43;5E7;1C4;7.8;33.3;-35.5;14.5;5.5;77.1;-0.0001;0.0131;
759.88;0;1;0;0;40;43;43;42;42;43;5DE;1C4;7.7;32.7;-35.5;14.5;5.5;77.1;-0.0001;0.0140;
760.13;0;1;0;0;40;42;42;42;42;42;5D8;1C4;7.7;32.7;-35.5;14.5;5.5;77.1;-0.0001;0.0165;
760.38;0;1;0;0;40;41;42;41;42;42;5D1;1C2;7.7;33.1;-35.5;14.5;5.5;77.1;-0.0001;0.0169;
760.63;0;1;0;0;40;41;41;41;41;41;5C3;1C2;7.7;33.1;-35.5;14.5;5.5;77.1;-0.0001;0.0194;
760.88;0;1;0;0;40;41;41;41;41;41;5BD;1C2;7.8;33.8;-35.5;14.5;5.5;77.1;-0.0001;0.0215;
761.13;0;1;0;0;40;41;41;40;41;41;5B5;1C2;7.8;33.5;-35.5;14.5;5.5;77.1;-0.0001;0.0215;
761.38;0;1;0;0;40;40;41;40;41;41;5B5;1C2;7.8;33.5;-35.5;14.5;5.5;77.1;-0.0001;0.0204;
761.63;0;1;0;0;40;40;41;40;40;40;5AC;1C2;7.9;34.2;-35.5;14.5;5.5;77.1;-0.0001;0.0186;
761.88;0;1;0;0;40;3F;40;3F;40;40;5A2;1C2;8.0;35.0;-35.5;14.5;5.5;77.1;-0.0001;0.0179;
762.13;0;1;0;0;40;3F;3F;3F;3F;40;598;1C2;8.0;35.0;-35.5;14.5;5.5;77.1;-0.0001;0.0179;
762.38;0;1;0;0;40;3F;3F;3F;3F;3F;58F;1C2;8.0;35.0;-35.5;14.5;5.5;77.1;-0.0001;0.0170;
762.64;0;1;0;0;40;3F;3F;3E;3E;3F;589;1C2;8.2;34.4;-35.5;14.5;5.5;77.1;-0.0001;0.0060;
762.89;0;1;0;0;40;3E;3E;3E;3E;3E;583;1C2;8.3;35.1;-35.5;14.5;5.5;77.1;-0.0001;0.0002;
763.14;0;1;0;0;40;3E;3E;3E;3E;3E;57F;1C2;8.3;35.1;-35.5;14.5;5.5;77.1;-0.0001;-0.0030;
763.39;0;1;0;0;40;3E;3E;3E;3E;3E;580;1C2;8.4;35.2;-35.5;14.5;5.5;77.1;-0.0001;-0.0037;
763.64;0;1;0;0;40;3E;3E;3E;3E;3E;57A;1C2;8.4;35.2;-35.5;14.5;5.5;77.1;-0.0001;-0.0035;
763.89;0;1;0;0;40;3D;3D;3D;3D;3D;571;1C2;8.4;33.8;-35.5;14.5;5.5;77.1;-0.0001;-0.0035;
764.14;0;1;0;0;40;3D;3D;3D;3D;3D;55F;1C2;8.6;34.8;-35.5;14.5;5.5;77.1;-0.0001;-0.0037;
764.39;0;1;0;0;40;3C;3C;3C;3C;3C;557;1C2;8.6;34.8;-35.5;14.5;5.5;77.1;-0.0001;-0.0063;
764.64;0;1;0;0;40;3B;3B;3C;3B;3C;543;1C2;8.7;35.4;-35.5;14.5;5.5;77.1;-0.0001;-0.0085;
764.89;0;1;0;0;40;3B;3B;3B;3B;3B;536;1C2;8.9;34.7;-35.5;14.5;5.5;77.1;-0.0001;-0.0095;
765.14;0;1;0;0;40;3A;3A;3A;3A;3A;524;1C2;8.9;34.7;-35.5;14.5;5.5;77.1;-0.0001;-0.0095;
765.39;0;1;0;0;40;39;39;39;39;39;516;1C2;9.0;35.1;-35.5;14.5;5.5;77.1;-0.0001;-0.0115;
765.64;1;1;0;0;40;3A;39;39;39;39;463;1C2;9.0;35.1;-34.5;14.5;5.5;77.1;-0.0001;-0.0123;
765.89;1;0;0;0;40;3A;3A;3A;3A;3A;383;1C2;9.1;35.1;-8.5;14.5;5.5;77.1;0.0237;-0.0124;
766.14;1;0;0;0;40;3A;3A;3A;3A;3A;52C;1C2;9.1;33.5;161.0;14.5;5.5;77.1;0.5534;-0.0119;
766.39;1;0;0;0;40;3B;3B;3B;3B;3B;620;1C2;9.1;33.5;-21.0;14.5;5.5;77.1;-0.0001;-0.0115;
766.64;1;0;0;0;40;3B;3B;3B;3B;3B;691;1C2;9.1;33.5;-38.5;14.5;5.5;77.1;-0.0001;-0.0117;
766.89;1;0;0;0;40;3B;3B;3B;3B;3B;685;1C2;8.9;33.3;-35.0;14.5;5.5;77.1;-0.0001;-0.0123;
767.14;0;1;0;0;40;3B;3B;3B;3B;3B;67E;1C2;8.8;32.9;-38.5;14.5;5.5;77.1;-0.0001;-0.0126;
767.39;0;1;0;0;40;3B;3B;3B;3B;3B;67F;1C2;8.8;32.9;-38.0;14.5;5.5;77.1;-0.0001;-0.0166;
767.65;0;1;0;0;40;3B;3B;3B;3A;3B;675;1C2;8.9;32.2;-38.0;14.5;5.5;77.1;-0.0001;-0.0169;
767.90;0;1;0;0;40;3A;3A;3A;3A;3A;66E;1C2;9.0;32.6;-37.5;14.5;5.5;77.1;-0.0001;-0.0169;
768.15;0;1;0;0;40;3A;39;3A;39;3A;659;1C2;9.0;32.6;-37.0;14.5;5.5;77.1;-0.0001;-0.0174;
768.40;0;1;0;0;40;39;38;39;38;39;645;1C2;9.1;32.4;-37.0;14.5;5.5;77.1;-0.0001;-0.0201;
768.65;0;1;0;0;40;38;38;38;38;38;62C;1C2;9.1;31.9;-36.5;14.5;5.5;77.1;-0.0001;-0.0218;
768.90;0;1;0;0;40;37;37;37;37;37;61B;1C2;9.1;31.9;-36.5;14.5;5.5;77.1;-0.0001;-0.0259;
769.15;0;1;0;0;40;37;36;37;36;37;604;1C2;9.1;31.8;-36.0;14.5;5.5;77.1;-0.0001;-0.0328;
769.40;0;1;0;0;40;36;35;36;36;36;5F5;1C2;9.1;31.8;-36.0;14.5;5.5;77.1;-0.0001;-0.0449;
769.65;0;1;0;0;40;36;35;36;35;36;5E1;1C2;9.2;31.3;-35.5;14.5;5.5;77.1;-0.0001;-0.0471;
769.90;0;1;0;0;40;35;35;35;34;35;5D4;1C2;9.3;30.3;-35.5;14.5;5.5;77.1;-0.0001;-0.0471;
770.15;0;1;0;0;40;34;34;34;34;34;5C0;1C2;9.3;30.3;-35.5;14.5;5.5;77.1;-0.0001;-0.0471;
770.40;0;1;0;0;40;34;33;34;33;34;5B3;1C2;9.6;30.9;-35.5;14.5;5.5;77.1;-0.0001;-0.0469;
770.65;0;1;0;0;40;33;33;33;33;33;59B;1C2;9.6;30.9;-35.5;14.5;5.5;77.1;-0.0001;-0.0460;
770.90;0;1;0;0;40;32;32;32;32;32;58E;1C2;9.9;30.7;-35.0;14.5;5.5;77.1;-0.0001;-0.0431;
771.15;0;1;0;0;40;32;31;32;31;32;578;1C2;9.9;30.7;-35.5;14.5;5.5;77.1;-0.0001;-0.0384;
771.40;1;1;0;0;3F;31;31;31;31;31;568;1C2;10.2;30.3;-35.0;14.5;5.5;77.1;-0.0001;-0.0259;
771.65;1;0;0;0;3F;31;31;31;31;31;4D3;1C2;10.2;30.6;-34.5;14.5;5.5;77.1;-0.0001;-0.0230;
771.90;1;0;0;0;3F;32;32;32;32;32;408;1C2;10.2;30.6;146.5;14.5;5.5;77.1;0.2806;-0.0186;
772.15;1;0;0;0;3F;32;32;32;32;32;733;1C2;10.0;30.3;159.0;14.5;5.5;77.1;0.2649;-0.0177;
772.40;1;0;0;0;3F;33;32;33;33;33;6FC;1C2;10.0;30.3;-27.0;14.5;5.5;77.1;-0.0001;-0.0174;
772.67;1;0;0;0;3F;32;33;32;32;32;7D9;1C2;9.7;29.7;-38.0;14.5;5.5;77.1;-0.0001;-0.0172;
772.92;0;0;0;0;3F;32;32;32;32;33;7CE;1C2;9.5;29.9;-41.5;14.5;5.5;77.1;-0.0001;-0.0156;
773.17;0;0;0;0;3F;33;32;32;32;33;7D9;1C2;9.5;29.9;-41.5;14.5;5.5;77.1;-0.0001;-0.0144;
773.42;0;0;0;0;3F;33;32;32;32;33;7D8;1C2;9.4;29.8;-41.0;14.5;5.5;77.1;-0.0001;-0.0017;
773.67;0;0;0;0;3F;33;33;32;33;33;7D6;1C2;9.3;29.8;-41.0;14.5;5.5;77.1;-0.0001;0.0123;
773.92;0;0;0;0;3F;32;33;32;33;33;7D4;1C2;9.3;29.8;-40.5;14.5;5.5;77.1;-0.0001;0.0243;
774.17;0;0;0;0;3F;33;33;33;33;33;7E3;1C2;8.9;30.8;-40.5;14.5;5.5;77.1;-0.0001;0.0304;
774.42;0;0;0;0;3F;33;33;33;33;33;7DE;1C2;8.9;30.8;-40.5;14.5;5.5;77.1;-0.0001;0.0423;
774.67;0;0;0;0;3F;33;33;32;33;33;7E0;1C2;8.4;32.1;-40.0;14.5;5.5;77.1;-0.0001;0.0453;
774.92;0;0;0;0;3F;33;34;33;33;33;7EA;1C2;8.4;32.1;-40.0;14.5;5.5;77.1;-0.0001;0.0488;
775.17;0;0;0;0;3F;33;33;33;33;33;7E8;1C2;8.0;32.9;-40.0;14.5;5.5;77.1;-0.0001;0.0488;
775.42;0;1;0;0;3F;33;34;33;33;33;7EF;1C2;8.0;32.9;-40.0;14.5;5.5;77.1;-0.0001;0.0488;
775.67;0;1;0;0;3F;33;33;32;33;33;7E4;1C2;7.6;34.2;-40.0;14.5;5.5;77.1;-0.0001;0.0488;
775.92;0;1;0;0;3F;32;33;32;32;33;7CF;1C2;7.3;35.3;-39.5;14.5;5.5;77.1;-0.0001;0.0488;
776.17;0;1;0;0;3F;32;33;32;32;32;7C6;1C2;7.3;35.3;-39.5;14.5;5.5;77.1;-0.0001;0.0483;
776.42;0;0;0;0;3F;32;33;32;32;32;7CA;1C2;7.3;36.7;-39.5;14.5;5.5;77.1;-0.0001;0.0473;
776.67;0;0;0;0;3F;32;33;32;33;33;7D0;1C2;7.4;37.7;-39.5;14.5;5.5;77.1;-0.0001;0.0453;
776.92;0;0;0;0;3F;32;33;32;33;33;7DA;1C2;7.4;37.7;-39.5;14.5;5.5;77.1;-0.0001;0.0424;
777.17;0;0;0;0;3F;33;33;32;33;33;7E0;1C2;7.3;38.3;-39.5;14.5;5.5;77.1;-0.0001;0.0398;
777.42;0;0;0;0;3F;33;33;33;33;33;7E6;1C2;7.3;38.3;-39.5;14.5;5.5;77.1;-0.0001;0.0311;
777.69;0;0;0;0;3F;33;34;33;34;34;7F8;1C2;7.0;38.7;-40.0;14.5;5.5;77.1;-0.0001;0.0234;
777.94;0;1;0;0;3F;34;34;34;34;34;805;1C2;6.9;39.1;-40.0;14.5;5.5;77.1;-0.0001;0.0165;
778.19;0;1;0;0;3F;34;34;34;34;34;810;1C2;6.9;39.1;-40.0;14.5;5.5;77.1;-0.0001;0.0041;
778.44;0;1;0;0;3F;34;34;34;34;34;80B;1C2;7.0;39.1;-39.5;14.5;5.5;77.1;-0.0001;0.0014;
778.69;0;1;0;0;3F;34;34;34;34;34;803;1C2;7.3;38.3;-39.5;14.5;5.5;77.1;-0.0001;-0.0039;
778.94;0;1;0;0;3F;34;34;34;34;34;802;1C2;7.3;38.3;-39.5;14.5;5.5;77.1;-0.0001;-0.0094;
779.19;0;0;0;0;3F;34;34;34;34;34;807;1C2;7.3;38.3;-39.5;14.5;5.5;77.1;-0.0001;-0.0198;
779.44;0;0;0;0;3F;35;34;34;34;34;81E;1C2;7.6;38.0;-40.0;14.5;5.5;77.1;-0.0001;-0.0208;
779.69;0;0;0;0;3F;35;35;35;34;35;824;1C2;7.8;36.8;-40.0;14.5;5.5;77.1;-0.0001;-0.0223;
779.94;0;1;0;0;3F;35;35;35;35;35;836;1C2;7.8;36.8;-40.0;14.5;5.5;77.1;-0.0001;-0.0279;
780.19;0;1;0;0;3F;35;34;35;34;35;826;1C2;7.9;35.3;-40.0;14.5;5.5;77.1;-0.0001;-0.0391;
780.44;0;1;0;0;3F;35;34;35;34;35;825;1C2;7.9;35.3;-40.0;14.5;5.5;77.1;-0.0001;-0.0402;
780.69;0;1;0;0;3F;35;34;35;34;35;821;1C2;8.0;34.4;-40.0;14.5;5.5;77.1;-0.0001;-0.0407;
780.94;0;1;0;0;3F;34;34;34;34;34;80A;1C2;8.2;33.0;-39.5;14.5;5.5;77.1;-0.0001;-0.0412;
781.19;0;1;0;0;3F;34;33;34;33;34;804;1C2;8.2;33.0;-39.5;14.5;5.5;77.1;-0.0001;-0.0416;
781.44;0;1;0;0;3F;34;33;33;33;33;7EB;1C2;8.4;31.8;-39.5;14.5;5.5;77.1;-0.0001;-0.0444;
781.69;0;1;0;0;3F;33;32;33;32;33;7DC;1C2;8.7;31.3;-39.5;14.5;5.5;77.1;-0.0001;-0.0453;
781.94;0;0;0;0;3F;33;33;33;33;33;7E9;1C2;8.7;31.3;-39.5;14.5;5.5;77.1;-0.0001;-0.0480;
782.19;0;0;0;0;3F;34;33;34;33;34;7FA;1C2;8.9;30.1;-39.5;14.5;5.5;77.1;-0.0001;-0.0492;
782.44;0;0;0;0;3F;34;34;34;33;34;7FC;1C2;8.9;30.1;-39.5;14.5;5.5;77.1;-0.0001;-0.0483;
782.70;0;0;0;0;3F;34;34;34;33;34;802;1C2;9.1;28.9;-39.5;14.5;5.5;77.1;-0.0001;-0.0402;
782.95;0;0;0;0;3F;34;34;34;34;34;809;1C2;9.0;28.6;-39.5;14.5;5.5;77.1;-0.0001;-0.0147;
783.20;0;0;0;0;3F;34;34;34;34;34;805;1C2;9.0;28.6;-39.5;14.5;5.5;77.1;-0.0001;0.0277;
783.45;1;0;0;0;3F;34;34;34;34;34;7F5;1C2;9.0;27.7;-39.5;14.5;5.5;77.1;-0.0001;0.0485;
783.70;1;0;0;0;3F;34;35;34;34;34;693;1C2;9.0;27.7;-36.0;14.5;5.5;77.1;-0.0001;0.0572;
783.95;1;0;0;0;3F;34;35;34;35;34;5B0;1C2;8.8;29.2;-34.0;14.5;5.5;77.1;-0.0001;0.0605;
784.20;1;0;0;0;3F;34;34;34;35;34;4DD;1C2;8.8;29.2;-32.0;14.5;5.5;77.1;-0.0000;0.0615;
784.45;1;0;0;0;3F;34;35;33;34;34;5A4;1C2;8.4;30.6;-34.5;14.5;5.5;77.1;-0.0001;0.0634;
784.70;0;0;0;0;3F;33;34;33;34;34;5B1;1C2;8.0;31.0;-29.0;14.5;5.5;77.1;0.0395;0.0679;
784.95;0;0;0;0;3F;33;34;33;34;33;5AB;1C2;8.0;31.0;-19.5;14.5;5.5;77.1;0.0553;0.0686;
785.20;0;0;0;0;3F;32;33;32;33;33;59F;1C2;7.7;33.2;-22.0;14.5;5.5;77.1;-0.0001;0.0689;
785.45;0;0;0;0;3F;32;33;32;33;33;594;1C2;7.3;34.5;-31.0;14.5;5.5;77.1;-0.0001;0.0680;
785.70;0;0;0;0;3F;32;33;31;32;32;57A;1C2;7.3;34.5;-34.5;14.5;5.5;77.1;-0.0001;0.0662;
785.95;0;0;0;0;3F;31;32;31;32;32;57D;1C2;6.9;35.6;-26.5;14.5;5.5;77.1;0.0790;0.0586;
786.20;0;0;0;0;3F;31;32;31;31;31;576;1C2;6.9;35.6;-6.5;14.5;5.5;77.1;0.1067;0.0314;
786.45;0;0;0;0;3F;31;31;31;31;31;56A;1C2;6.5;37.0;0.0;14.5;5.5;77.1;0.1185;0.0262;
786.70;0;0;0;0;3F;31;31;30;31;31;55D;1C2;6.2;37.5;8.0;14.5;5.5;77.1;0.1422;0.0169;
786.95;0;0;0;0;3F;30;31;30;30;30;55A;1C2;6.2;37.5;16.5;14.5;5.5;77.1;0.1699;0.0007;
787.20;0;0;0;0;3F;30;30;30;30;30;550;1C2;6.1;37.5;35.5;14.5;5.5;77.1;0.2134;-0.0302;
787.45;0;0;0;0;3F;30;30;30;30;30;554;1C2;6.1;37.5;50.5;14.5;5.5;77.1;0.2530;-0.0469;
787.72;0;0;0;0;3F;30;30;30;30;30;551;1C2;5.8;37.6;79.0;14.5;5.5;77.1;0.2846;-0.0542;
787.97;0;0;0;0;3F;30;30;30;2F;30;54D;1C2;5.8;37.6;95.0;14.5;5.5;77.1;0.3004;-0.0563;
788.22;0;0;0;0;3F;30;2F;30;2F;30;548;1C2;5.8;35.0;110.0;14.5;5.5;77.1;0.3044;-0.0620;
788.47;0;0;0;0;3F;30;30;30;2F;30;548;1C2;6.0;33.2;115.0;14.5;5.5;77.1;0.3163;-0.0630;
788.72;0;0;0;0;3E;30;2F;30;2F;30;545;1C2;6.0;33.2;119.5;14.5;5.5;77.1;0.3083;-0.0640;
788.97;0;0;0;0;3E;30;2F;30;2F;30;549;1C2;6.1;31.6;118.0;14.5;5.5;77.1;0.3083;-0.0647;
789.22;0;0;0;0;3E;30;2F;30;2F;30;546;1C2;6.1;31.6;117.5;14.5;5.5;77.1;0.3083;-0.0640;
789.47;0;0;0;0;3E;30;2F;30;2F;30;542;1C2;6.1;29.1;118.5;14.5;5.5;77.1;0.3083;-0.0547;
789.72;0;0;0;0;3E;30;2F;30;2F;30;545;1C2;6.2;27.3;120.0;14.5;5.5;77.1;0.3202;-0.0370;
789.97;0;0;0;0;3E;30;2F;30;2F;30;546;1C2;6.2;27.3;124.0;14.5;5.5;77.1;0.3321;-0.0222;
790.22;0;0;0;0;3E;30;30;30;30;30;543;1C2;6.4;25.8;139.0;14.5;5.5;77.1;0.3637;0.0098;
790.47;0;0;0;0;3E;2F;30;2F;30;30;542;1C2;6.4;24.8;150.5;14.5;5.5;77.1;0.3637;0.0266;
790.72;0;0;0;0;3E;2F;30;2F;30;2F;53F;1C2;6.4;24.8;153.5;14.5;5.5;77.1;0.3598;0.0371;
790.97;0;0;0;0;3E;2F;30;2F;30;2F;53C;1C2;6.2;25.2;154.5;14.5;5.5;77.1;0.3637;0.0444;
791.22;0;0;0;0;3E;2F;30;2F;30;2F;53B;1C2;6.2;25.2;154.5;14.5;5.5;77.1;0.3598;0.0569;
791.47;0;0;0;0;3E;2F;30;2F;30;2F;53D;1C2;5.9;25.4;155.0;14.5;5.5;77.1;0.3637;0.0670;
791.72;0;0;0;0;3E;2F;30;2F;30;2F;53C;1C2;5.9;25.4;159.0;14.5;5.5;77.1;0.3914;0.0716;
791.97;0;0;0;0;3E;2F;30;2F;30;2F;539;1C2;5.7;26.0;175.5;14.5;5.5;77.1;0.4230;0.0795;
792.22;0;0;0;0;3E;2F;30;2F;30;30;546;1C2;5.7;26.0;198.5;14.5;5.5;77.1;0.4270;0.0828;
792.47;0;0;0;0;3E;2F;30;2F;30;30;549;1C2;5.6;27.9;201.0;14.5;5.5;77.1;0.4270;0.0771;
792.73;0;0;0;0;3E;30;30;30;30;30;54E;1C2;5.2;29.1;199.0;14.5;5.5;77.1;0.4230;0.0471;
792.98;0;0;0;0;3E;30;30;30;31;30;553;1C2;5.2;29.1;198.0;14.5;5.5;77.1;0.4191;0.0388;
793.23;0;0;0;0;3E;30;31;30;31;31;55E;1C2;5.0;29.9;193.5;14.5;5.5;77.1;0.4151;0.0431;
793.48;0;0;0;0;3E;30;31;30;31;31;561;1C2;4.8;30.5;191.0;14.5;5.5;77.1;0.4112;0.0574;
793.73;0;0;0;0;3E;30;31;30;31;31;568;1C2;4.8;30.5;191.0;14.5;5.5;77.1;0.4112;0.0670;
793.98;0;0;0;0;3E;31;31;31;31;31;569;1C2;4.5;31.9;191.0;14.5;5.5;77.1;0.4112;0.0677;
794.23;0;0;0;0;3E;31;31;31;31;31;56D;1C2;4.5;31.9;191.0;14.5;5.5;77.1;0.4112;0.0666;
794.48;0;0;0;0;3E;31;31;31;32;31;576;1C2;4.1;33.2;191.0;14.5;5.5;77.1;0.4151;0.0572;
794.73;0;0;0;0;3E;31;32;31;32;32;578;1C2;3.8;33.3;192.0;14.5;5.5;77.1;0.4151;0.0455;
794.98;0;0;0;0;3E;31;32;31;32;32;57F;1C2;3.8;33.3;192.0;14.5;5.5;77.1;0.4151;0.0370;
795.23;0;0;0;0;3E;32;32;32;32;32;583;1C2;3.8;33.3;192.5;14.5;5.5;77.1;0.4112;0.0265;
795.48;0;0;0;0;3E;32;32;32;32;32;588;1C2;3.9;32.8;190.5;14.5;5.5;77.1;0.4112;0.0177;
795.73;0;0;0;0;3E;32;32;32;32;32;593;1C2;3.9;32.8;189.0;14.5;5.5;77.1;0.4112;0.0102;
795.98;0;0;0;0;3F;32;32;32;32;33;594;1C2;3.9;32.8;183.0;14.5;5.5;77.1;0.3914;0.0059;
796.23;0;0;0;0;3F;33;33;33;33;33;597;1C2;3.9;32.2;142.0;14.5;5.5;77.1;0.3400;0.0037;
796.48;0;0;0;0;3F;32;33;33;33;33;598;1C2;4.0;31.2;136.0;14.5;5.5;77.1;0.3360;0.0037;
796.73;0;0;0;0;3F;33;33;33;33;33;599;1C2;4.0;31.2;134.0;14.5;5.5;77.1;0.3321;0.0028;
796.98;0;0;0;0;3F;33;33;33;33;33;596;1C2;4.3;30.2;132.5;14.5;5.5;77.1;0.3321;0.0017;
797.23;0;0;0;0;3F;32;33;33;33;33;597;1C2;4.3;30.2;131.5;14.5;5.5;77.1;0.3281;-0.0034;
797.48;0;0;0;0;3F;32;33;33;33;33;598;1C2;4.5;30.1;130.5;14.5;5.5;77.1;0.3281;-0.0044;
797.75;0;0;0;0;3F;33;32;33;33;33;59B;1C2;4.6;30.1;129.5;14.5;5.5;77.1;0.3281;-0.0046;
798.00;0;0;0;0;3F;32;32;33;32;33;594;1C2;4.6;30.1;130.5;14.5;5.5;77.1;0.3281;-0.0044;
798.25;0;0;0;0;3F;33;33;32;32;33;599;1C4;4.8;29.1;130.0;14.5;5.5;77.1;0.3281;-0.0031;
798.50;0;0;0;0;3F;32;33;33;33;33;596;1C4;5.0;28.1;130.5;14.5;5.5;77.1;0.3281;-0.0027;
798.75;0;0;0;0;3F;32;32;32;32;33;597;1C4;5.0;28.1;130.0;14.5;5.5;77.1;0.3281;-0.0024;
799.00;0;0;0;0;3F;33;32;32;32;33;594;1C4;5.2;28.0;130.5;14.5;5.5;77.1;0.3281;-0.0088;
799.25;0;0;0;0;3F;33;33;32;32;33;595;1C4;5.3;27.5;130.0;14.5;5.5;77.1;0.3281;-0.0147;
799.50;0;0;0;0;3F;32;32;32;32;33;595;1C4;5.3;27.5;130.5;14.5;5.5;77.1;0.3281;-0.0188;
799.75;0;0;0;0;3F;33;32;33;32;33;597;1C4;5.3;27.3;131.0;14.5;5.5;77.1;0.3360;-0.0254;
800.00;0;0;0;0;3F;33;32;33;32;32;593;1C4;5.3;27.3;136.0;14.5;5.5;77.1;0.3400;-0.0330;
800.25;0;0;0;0;3F;33;32;33;32;33;598;1C4;5.4;27.0;141.5;14.5;5.5;77.1;0.3518;-0.0339;
800.50;0;0;0;0;3F;33;32;33;32;33;593;1C4;5.4;27.0;144.5;14.5;5.5;77.1;0.3518;-0.0339;
800.75;0;0;0;0;3F;32;32;33;32;33;595;1C4;5.6;26.8;139.5;14.5;5.5;77.1;0.3360;-0.0339;
801.00;0;0;0;0;3F;32;32;32;32;32;593;1C4;5.6;26.8;132.5;14.5;5.5;77.1;0.3281;-0.0339;
801.25;0;0;0;0;3F;32;32;32;32;32;594;1C4;5.6;26.7;130.0;14.5;5.5;77.1;0.3242;-0.0339;
801.50;0;0;0;0;3F;32;32;32;32;32;591;1C4;5.6;26.3;128.5;14.5;5.5;77.1;0.3242;-0.0357;
801.75;0;0;0;0;3F;32;32;32;32;32;58E;1C4;5.6;26.3;128.5;14.5;5.5;77.1;0.3242;-0.0357;
802.00;0;0;0;0;3F;32;32;33;32;32;590;1C4;5.6;26.1;131.0;14.5;5.5;77.1;0.3360;-0.0368;
802.25;0;0;0;0;3F;32;32;32;32;32;58D;1C4;5.7;26.0;133.5;14.5;5.5;77.1;0.3400;-0.0371;
802.50;0;0;0;0;3F;32;32;32;32;32;58D;1C4;5.7;26.0;137.5;14.5;5.5;77.1;0.3400;-0.0371;
802.76;0;0;0;0;3F;32;32;32;32;32;589;1C4;5.8;25.4;140.0;14.5;5.5;77.1;0.3518;-0.0377;
803.01;0;0;0;0;3F;32;32;32;32;32;58F;1C4;5.8;25.4;145.5;14.5;5.5;77.1;0.3558;-0.0375;
803.26;0;0;0;0;3F;32;32;32;32;32;58C;1C4;5.8;25.1;149.0;14.5;5.5;77.1;0.3598;-0.0373;
803.51;0;0;0;0;3F;32;32;32;32;32;593;1C4;5.8;24.8;156.0;14.5;5.5;77.1;0.3835;-0.0373;
803.76;0;0;0;0;3F;32;32;33;32;32;592;1C4;5.8;24.8;164.0;14.5;5.5;77.1;0.3914;-0.0373;
804.01;0;0;0;0;3F;33;32;33;32;33;59A;1C4;5.8;24.5;171.5;14.5;5.5;77.1;0.3954;-0.0352;
804.26;0;0;0;0;3F;33;32;33;32;33;599;1C4;5.8;24.5;177.0;14.5;5.5;77.1;0.4072;-0.0284;
804.51;0;0;0;0;3F;33;33;33;33;33;5A4;1C4;5.8;24.5;188.0;14.5;5.5;77.1;0.4191;-0.0204;
804.76;0;0;0;0;3F;33;33;33;33;33;5AB;1C4;5.8;24.5;197.5;14.5;5.5;77.1;0.4389;-0.0124;
805.01;0;0;0;0;3F;34;33;33;33;34;5B7;1C4;5.7;24.6;216.5;14.5;5.5;77.1;0.4666;-0.0009;
805.26;0;0;0;0;3F;34;34;34;34;34;5C1;1C4;5.6;24.9;228.0;14.5;5.5;77.1;0.4784;-0.0003;
805.51;0;0;0;0;3F;34;34;34;34;35;5D0;1C4;5.6;24.9;236.0;14.5;5.5;77.1;0.4824;-0.0002;
805.76;0;0;0;0;3F;35;35;35;35;35;5DD;1C4;5.4;25.2;238.5;14.5;5.5;77.1;0.4863;-0.0016;
806.01;0;0;0;0;3F;36;36;36;36;36;5F1;1C4;5.4;25.2;242.5;14.5;5.5;77.1;0.4982;0.0002;
806.26;0;0;0;0;3F;36;36;36;36;36;5FE;1C4;5.1;25.4;250.0;14.5;5.5;77.1;0.5180;0.0024;
806.51;0;0;0;0;3F;37;37;37;37;37;615;1C4;4.8;25.6;256.0;14.5;5.5;77.1;0.5259;0.0035;
806.76;0;0;0;0;3F;37;37;37;38;38;626;1C4;4.8;25.6;257.0;14.5;5.5;77.1;0.5298;0.0035;
807.01;0;0;0;0;40;38;39;38;38;38;63F;1C4;4.5;26.0;259.0;14.5;5.5;77.1;0.5377;0.0027;
807.26;0;0;0;0;40;39;39;39;39;39;64E;1C4;4.3;26.1;261.0;14.5;5.5;77.1;0.5377;0.0024;
807.51;0;0;0;0;40;3A;3A;3A;3A;3A;669;1C4;4.3;26.1;261.5;14.5;5.5;77.1;0.5377;0.0024;
807.78;0;0;0;0;40;3B;3B;3B;3B;3B;677;1C4;4.1;26.5;261.0;14.5;5.5;77.1;0.5377;0.0027;
808.03;0;0;0;0;40;3B;3B;3B;3B;3B;68F;1C4;4.1;26.5;261.5;14.5;5.5;77.1;0.5377;0.0049;
808.28;0;0;0;0;40;3C;3C;3C;3C;3C;6A5;1C4;3.8;26.7;259.0;14.5;5.5;77.1;0.5377;0.0051;
808.53;0;0;0;0;40;3D;3D;3D;3D;3D;6C1;1C4;3.8;26.7;256.5;14.5;5.5;77.1;0.5338;0.0051;
808.78;0;0;0;0;40;3E;3E;3E;3E;3E;6CF;1C4;3.6;27.0;256.5;14.5;5.5;77.1;0.5338;0.0051;
809.03;0;0;0;0;40;3F;3F;3F;3F;3F;6E9;1C4;3.6;27.0;253.5;14.5;5.5;77.1;0.5219;0.0046;
809.28;0;0;0;0;40;3F;3F;40;40;40;6FE;1C4;3.4;27.3;251.5;14.5;5.5;77.1;0.5219;0.0044;
809.53;0;0;0;0;40;40;40;40;40;40;717;1C4;3.2;27.2;250.5;14.5;5.5;77.1;0.5180;0.0042;
809.78;0;0;0;0;40;41;41;41;41;41;72A;1C4;3.2;27.2;248.0;14.5;5.5;77.1;0.5179;0.0042;
810.03;0;0;0;0;40;42;42;42;42;42;744;1C4;3.2;27.1;245.0;14.5;5.5;77.1;0.5100;0.0044;
810.28;0;0;0;0;40;43;43;43;43;43;758;1C4;3.2;27.3;242.0;14.5;5.5;77.1;0.5021;0.0046;
810.53;0;0;0;0;40;43;43;43;44;43;76E;1C4;3.2;27.3;233.0;14.5;5.5;77.1;0.4784;0.0046;
810.78;0;0;0;0;40;44;44;44;44;44;77D;1C4;3.2;27.3;216.0;14.5;5.5;77.1;0.4468;0.0046;
811.03;1;0;0;0;40;44;44;44;44;44;737;1C4;3.2;27.3;-37.0;14.5;5.5;77.1;-0.0001;0.0046;
811.28;1;0;0;0;41;44;44;44;44;44;688;1C4;3.3;27.4;-31.0;14.5;5.5;77.1;-0.0001;0.0046;
811.53;1;0;0;0;41;43;43;43;43;44;548;1C4;3.4;28.3;-33.0;14.5;5.5;77.1;-0.0001;0.0042;
811.78;1;0;0;0;41;43;43;43;43;43;475;1C4;3.4;28.3;-32.5;14.5;5.5;77.1;-0.0000;0.0041;
812.03;1;0;0;0;41;42;42;42;42;42;4AD;1C4;3.8;28.6;-33.5;14.5;5.5;77.1;-0.0001;0.0039;
812.28;0;0;0;0;41;42;42;41;41;42;4C7;1C4;4.2;29.2;-33.5;14.5;5.5;77.1;-0.0001;0.0000;
812.53;0;0;0;0;41;41;41;41;41;41;4BA;1C4;4.2;29.2;-33.5;14.5;5.5;77.1;-0.0001;-0.0039;
812.79;0;0;0;0;41;41;41;41;40;41;4B6;1C4;4.2;29.2;-33.5;14.5;5.5;77.1;-0.0001;0.0002;
813.04;0;0;0;0;41;40;40;40;40;41;4AD;1C4;4.6;29.9;-33.5;14.5;5.5;77.1;-0.0001;0.0016;
813.29;0;0;0;0;41;40;40;40;40;40;4A5;1C4;5.0;30.0;-34.0;14.5;5.5;77.1;-0.0001;0.0031;
813.54;0;0;0;0;41;40;40;3F;3F;40;49B;1C4;5.0;30.0;-34.0;14.5;5.5;77.1;-0.0001;0.0041;
813.79;0;0;0;0;41;3F;3F;3F;3F;3F;494;1C4;5.3;30.7;-34.0;14.5;5.5;77.1;-0.0001;0.0046;
814.04;0;0;0;0;41;3F;3F;3E;3E;3F;48C;1C4;5.7;31.3;-34.0;14.5;5.5;77.1;-0.0001;0.0044;
814.29;0;0;0;0;41;3E;3E;3E;3E;3E;487;1C4;5.7;31.3;-34.5;14.5;5.5;77.1;-0.0001;0.0044;
814.54;0;0;0;0;41;3E;3E;3E;3E;3E;47D;1C4;6.1;31.7;-34.5;14.5;5.5;77.1;-0.0001;0.0042;
814.79;0;0;0;0;41;3D;3D;3D;3D;3D;474;1C4;6.1;31.7;-34.5;14.5;5.5;77.1;-0.0001;0.0023;
815.04;0;0;0;0;41;3D;3D;3D;3D;3D;46E;1C4;6.4;32.2;-34.5;14.5;5.5;77.1;-0.0001;0.0020;
815.29;0;0;0;0;41;3D;3D;3D;3D;3D;46C;1C4;6.7;32.8;-34.5;14.5;5.5;77.1;-0.0001;0.0020;
815.54;0;0;0;0;41;3C;3D;3C;3C;3D;462;1C4;6.7;32.8;-34.5;14.5;5.5;77.1;-0.0001;0.0017;
815.79;0;0;0;0;41;3C;3C;3C;3C;3C;460;1C4;6.9;32.5;-34.5;14.5;5.5;77.1;-0.0001;0.0017;
816.04;0;0;0;0;41;3C;3C;3C;3C;3C;459;1C4;6.9;32.8;-34.5;14.5;5.5;77.1;-0.0001;0.0017;
816.29;0;0;0;0;41;3B;3C;3B;3B;3C;453;1C4;6.9;32.8;-35.0;14.5;5.5;77.1;-0.0001;0.0003;
816.54;0;0;0;0;41;3B;3B;3B;3B;3B;44C;1C4;6.9;33.0;-35.0;14.5;5.5;77.1;-0.0001;0.0003;
816.79;0;0;0;0;41;3B;3B;3B;3B;3B;449;1C4;6.9;33.0;-35.0;14.5;5.5;77.1;-0.0001;0.0000;
817.04;0;0;0;0;41;3B;3B;3B;3B;3B;442;1C4;6.9;32.8;-35.0;14.5;5.5;77.1;-0.0001;0.0009;
817.29;0;0;0;0;41;3A;3A;3A;3A;3B;43F;1C4;6.9;32.8;-35.0;14.5;5.5;77.1;-0.0001;0.0046;
817.54;0;0;0;0;41;3A;3A;3A;3A;3A;43B;1C4;6.9;33.2;-35.0;14.5;5.5;77.1;-0.0001;0.0060;
817.81;0;0;0;0;41;3A;3A;3A;3A;3A;436;1C4;6.9;33.2;-35.0;14.5;5.5;77.1;-0.0001;0.0059;
818.06;0;0;0;0;41;3A;3A;3A;3A;3A;434;1C4;6.9;33.3;-35.0;14.5;5.5;77.1;-0.0001;0.0059;
818.31;0;0;0;0;41;39;3A;39;39;3A;42E;1C4;6.9;33.3;-35.0;14.5;5.5;77.1;-0.0001;0.0056;
818.56;1;0;0;0;41;39;39;39;39;3A;42B;1C4;6.9;33.3;-35.0;14.5;5.5;77.1;-0.0001;0.0056;
818.81;1;0;0;0;41;39;39;39;39;39;367;1C4;6.9;33.6;1.0;14.5;5.5;77.1;-0.0039;0.0059;
819.06;1;0;0;0;41;39;39;39;39;39;366;1C4;6.8;33.6;21.5;14.5;5.5;77.1;-0.0039;0.0059;
819.31;1;0;0;0;41;39;39;39;39;39;594;1C4;6.8;33.6;145.5;14.5;5.5;77.1;0.5375;0.0060;
819.56;1;0;0;0;42;39;39;39;39;39;7ED;1C4;6.8;33.4;69.5;14.5;5.5;77.1;0.1779;0.0059;
819.81;1;0;0;0;42;39;39;39;39;39;757;1C4;6.8;33.4;-31.0;14.5;5.5;77.1;-0.0001;0.0051;
820.06;1;0;0;0;42;38;39;38;38;39;8E1;1C4;6.7;33.5;-44.5;14.5;5.5;77.1;-0.0001;0.0046;
820.31;0;0;0;0;42;38;38;38;38;38;8A5;1C4;6.7;34.0;-43.5;14.5;5.5;77.1;-0.0001;0.0044;
820.56;0;0;0;0;42;38;38;38;38;38;8A1;1C4;6.7;34.0;-43.5;14.5;5.5;77.1;-0.0001;0.0042;
820.81;0;0;0;0;42;37;38;37;37;38;891;1C4;6.7;33.6;-43.0;14.5;5.5;77.1;-0.0001;0.0035;
821.06;0;0;0;0;42;37;37;37;37;37;888;1C4;6.7;33.6;-42.5;14.5;5.5;77.1;-0.0001;0.0000;
821.31;0;0;0;0;42;37;37;37;37;37;87F;1C4;6.8;34.0;-42.0;14.5;5.5;77.1;-0.0001;-0.0010;
821.56;0;0;0;0;42;37;37;37;37;37;877;1C4;6.8;34.0;-42.0;14.5;5.5;77.1;-0.0001;0.0000;
821.81;0;0;0;0;42;36;36;36;36;37;86A;1C4;6.8;33.9;-41.5;14.5;5.5;77.1;-0.0001;0.0024;
822.06;0;0;0;0;42;36;36;36;36;36;863;1C4;6.8;33.5;-41.0;14.5;5.5;77.1;-0.0001;0.0039;
822.31;0;0;0;0;42;36;36;36;36;36;85B;1C4;6.8;33.5;-41.0;14.5;5.5;77.1;-0.0001;0.0049;
822.56;0;0;0;0;42;36;36;36;36;36;856;1C4;6.8;33.7;-41.0;14.5;5.5;77.1;-0.0001;0.0051;
822.82;0;0;0;0;42;36;36;36;36;36;84D;1C4;6.8;33.7;-40.5;14.5;5.5;77.1;-0.0001;0.0069;
823.07;0;0;0;0;42;35;36;35;35;36;848;1C4;6.8;33.3;-40.5;14.5;5.5;77.1;-0.0001;0.0085;
823.32;0;0;0;0;42;35;36;35;35;36;841;1C4;6.8;33.3;-40.5;14.5;5.5;77.1;-0.0001;0.0098;
823.57;0;0;0;0;42;35;35;35;35;35;83D;1C4;6.8;33.3;-40.0;14.5;5.5;77.1;-0.0001;0.0099;
823.82;0;0;0;0;42;35;35;35;35;35;836;1C4;6.9;33.4;-40.0;14.5;5.5;77.1;-0.0001;0.0117;
824.07;0;0;0;0;42;35;35;35;35;35;831;1C4;7.0;33.3;-40.0;14.5;5.5;77.1;-0.0001;0.0123;
824.32;0;0;0;0;42;35;35;35;35;35;830;1C4;7.0;33.3;-40.0;14.5;5.5;77.1;-0.0001;0.0133;
824.57;0;0;0;0;41;35;35;35;35;35;82B;1C4;7.0;32.7;-40.0;14.5;5.5;77.1;-0.0001;0.0158;
824.82;0;0;0;0;41;35;35;34;35;35;824;1C4;7.0;32.7;-39.5;14.5;5.5;77.1;-0.0001;0.0194;
825.07;0;0;0;0;41;35;35;34;35;35;824;1C4;7.0;32.9;-39.5;14.5;5.5;77.1;-0.0001;0.0209;
825.32;0;0;0;0;41;34;35;34;35;35;821;1C4;7.0;32.9;-39.5;14.5;5.5;77.1;-0.0001;0.0211;
825.57;0;0;0;0;41;34;35;34;34;35;822;1C4;6.9;33.1;-39.5;14.5;5.5;77.1;-0.0001;0.0211;
825.82;0;1;0;0;41;34;35;34;34;35;81B;1C4;6.9;33.1;-39.5;14.5;5.5;77.1;-0.0001;0.0209;
826.07;0;1;0;0;41;34;35;34;34;34;81A;1C3;6.9;33.1;-39.5;14.5;5.5;77.1;-0.0001;0.0208;
826.32;0;1;0;0;41;33;34;33;34;34;800;1C3;6.9;33.7;-39.5;14.5;5.5;77.1;-0.0001;0.0204;
826.57;0;1;0;0;41;33;33;33;33;33;7E9;1C3;6.9;33.7;-39.0;14.5;5.5;77.1;-0.0001;0.0191;
826.82;0;1;0;0;41;33;33;32;33;33;7D5;1C3;6.9;34.1;-39.0;14.5;5.5;77.1;-0.0001;0.0133;
827.07;0;1;0;0;41;32;32;32;32;32;7CF;1C3;7.0;34.7;-39.0;14.5;5.5;77.1;-0.0001;0.0078;
827.32;0;1;0;0;41;31;32;32;32;32;7AD;1C3;7.0;34.7;-39.0;14.5;5.5;77.1;-0.0001;0.0051;
827.57;0;1;0;0;41;31;31;31;31;31;794;1C3;7.1;34.9;-38.5;14.5;5.5;77.1;-0.0001;0.0016;
827.84;0;1;0;0;41;30;30;30;30;30;768;1C3;7.2;35.6;-37.5;14.5;5.5;77.1;-0.0001;-0.0053;
828.09;0;1;0;0;41;2F;2F;2E;2E;2F;743;1C3;7.2;35.6;-37.5;14.5;5.5;77.1;-0.0001;-0.0069;
828.34;0;1;0;0;41;2E;2E;2E;2E;2E;70F;1C3;7.3;35.9;-36.5;14.5;5.5;77.1;-0.0001;-0.0094;
828.59;0;1;0;0;41;2C;2D;2C;2C;2D;6EF;1C3;7.3;35.9;-36.0;14.5;5.5;77.1;-0.0001;-0.0112;
828.84;0;1;0;0;41;2C;2B;2B;2B;2C;6BD;1C3;7.5;36.3;-35.5;14.5;5.5;77.1;-0.0001;-0.0113;
829.09;0;1;0;0;41;2A;2A;2A;2A;2A;69A;1C3;7.7;36.6;-35.5;14.5;5.5;77.1;-0.0001;-0.0112;
829.34;0;1;0;0;41;2A;2A;2A;2A;2A;684;1C3;7.7;36.6;-35.5;14.5;5.5;77.1;-0.0001;-0.0110;
829.59;0;1;0;0;41;29;29;29;29;29;66F;1C3;7.7;36.6;-35.0;14.5;5.5;77.1;-0.0001;-0.0108;
829.84;0;1;0;0;41;28;28;28;28;28;63B;1C3;7.8;36.1;-34.5;14.5;5.5;77.1;-0.0001;-0.0115;
830.09;0;1;0;0;41;26;26;26;26;26;60B;1C3;7.9;36.5;-34.5;14.5;5.5;77.1;-0.0001;-0.0147;
830.34;0;1;0;0;41;25;25;25;25;25;5BB;1C3;7.9;36.5;-34.0;14.5;5.5;77.1;-0.0001;-0.0286;
830.59;0;1;0;0;41;23;23;23;23;23;58C;1C3;8.1;37.3;-34.0;14.5;5.5;77.1;-0.0001;-0.0389;
830.84;0;1;0;0;41;22;21;22;21;22;535;1C3;8.3;37.0;-33.5;14.5;5.5;77.1;-0.0001;-0.0648;
831.09;0;1;0;0;41;20;20;20;20;20;50A;1C3;8.3;37.0;-33.5;14.5;5.5;77.1;-0.0001;-0.0898;
831.34;0;1;0;0;41;20;1E;1F;1E;1F;4CD;1C3;8.4;36.6;-33.5;14.5;5.5;77.1;-0.0001;-0.1244;
831.59;0;1;0;0;41;1E;1D;1E;1D;1E;4A5;1C3;8.4;36.6;-33.0;14.5;5.5;77.1;-0.0001;-0.1560;
831.84;0;1;0;0;41;1E;1C;1D;1C;1D;47F;1C3;8.5;36.0;-33.0;14.5;5.5;77.1;-0.0001;-0.1751;
832.09;0;0;0;0;41;1E;1C;1D;1C;1D;47E;1C3;8.5;34.1;-33.0;14.5;5.5;77.1;-0.0001;-0.1733;
832.34;0;0;0;0;41;1E;1C;1E;1C;1D;488;1C3;8.5;34.1;-33.5;14.5;5.5;77.1;-0.0001;-0.1730;
832.59;0;0;0;0;41;1E;1D;1E;1D;1E;496;1C3;8.7;32.5;-33.5;14.5;5.5;77.1;-0.0001;-0.1577;
832.85;0;0;0;0;41;1F;1D;1E;1D;1E;4AB;1C3;8.6;31.2;-33.5;14.5;5.5;77.1;-0.0001;-0.1362;
833.10;0;0;0;0;41;1E;1D;1E;1D;1E;495;1C3;8.6;31.2;-33.5;14.5;5.5;77.1;-0.0001;-0.1317;
833.35;0;0;0;0;41;1E;1D;1E;1D;1E;49D;1C3;8.7;29.9;-34.0;14.5;5.5;77.1;-0.0001;-0.1253;
833.60;0;0;0;0;41;1E;1D;1E;1D;1E;4AA;1C3;8.7;29.9;-11.0;14.5;5.5;77.1;0.1739;-0.1239;
833.85;0;0;0;0;41;1E;1D;1E;1D;1E;4B6;1C3;9.0;29.2;13.0;14.5;5.5;77.1;0.1976;-0.1216;
834.10;0;0;0;0;41;1F;1E;1F;1E;1E;4BF;1C3;9.0;29.2;43.5;14.5;5.5;77.1;0.2371;-0.1217;
834.35;0;0;0;0;41;1F;1E;1F;1E;1E;4CB;1C3;9.2;27.3;62.5;14.5;5.5;77.1;0.2806;-0.1372;
834.60;0;0;0;0;41;20;1E;20;1E;1F;4D7;1C3;9.2;27.3;94.0;14.5;5.5;77.1;0.3004;-0.1699;
834.85;0;0;0;0;41;20;1F;20;1E;1F;4E9;1C3;9.1;25.0;105.0;14.5;5.5;77.1;0.3083;-0.1705;
835.10;0;0;0;0;41;21;20;21;1F;20;50B;1C3;8.9;23.2;119.5;14.5;5.5;77.1;0.3518;-0.1659;
835.35;0;0;0;0;41;21;20;21;20;21;51A;1C3;8.9;23.2;134.0;14.5;5.5;77.1;0.3598;-0.1609;
835.60;0;0;0;0;41;22;21;22;21;21;537;1C3;9.1;21.4;155.0;14.5;5.5;77.1;0.3835;-0.1445;
835.85;0;0;0;0;41;22;21;22;21;22;547;1C3;9.1;20.3;164.5;14.5;5.5;77.1;0.3914;-0.1305;
836.10;0;0;0;0;41;23;22;23;22;23;573;1C3;9.1;20.3;171.0;14.5;5.5;77.1;0.3914;-0.1121;
836.35;0;0;0;0;41;24;23;24;23;23;589;1C3;9.1;19.5;174.5;14.5;5.5;77.1;0.3914;-0.0876;
836.60;0;0;0;0;41;25;24;24;24;24;5AB;1C3;9.1;19.5;176.0;14.5;5.5;77.1;0.3954;-0.0424;
836.85;0;0;0;0;41;25;25;25;25;25;5C4;1C3;9.0;19.4;178.5;14.5;5.5;77.1;0.4033;-0.0245;
837.10;0;0;0;0;41;26;26;26;26;26;5F1;1C3;9.1;19.2;181.0;14.5;5.5;77.1;0.4072;-0.0069;
837.35;0;0;0;0;41;26;27;27;27;27;609;1C3;9.1;19.2;181.5;14.5;5.5;77.1;0.4072;0.0165;
837.60;0;0;0;0;41;27;28;27;28;28;62F;1C3;8.7;18.9;181.0;14.5;5.5;77.1;0.4033;0.0524;
837.87;0;0;0;0;41;28;29;28;29;29;651;1C3;8.7;18.9;179.0;14.5;5.5;77.1;0.3993;0.0623;
838.12;0;0;0;0;41;29;2A;29;2A;29;675;1C3;8.2;19.0;174.5;14.5;5.5;77.1;0.3914;0.0743;
838.37;0;0;0;0;41;2A;2B;2A;2B;2A;694;1C3;8.2;19.0;172.0;14.5;5.5;77.1;0.3914;0.0844;
838.62;0;0;0;0;41;2B;2C;2B;2C;2B;6BA;1C3;7.8;20.2;167.5;14.5;5.5;77.1;0.3874;0.0959;
838.87;0;0;0;0;41;2C;2D;2C;2D;2C;6D1;1C3;7.4;21.0;165.0;14.5;5.5;77.1;0.3835;0.0959;
839.12;0;0;0;0;41;2C;2D;2C;2D;2D;701;1C3;7.4;21.0;160.0;14.5;5.5;77.1;0.3795;0.0959;
839.37;0;0;0;0;41;2D;2F;2E;2F;2E;71C;1C3;7.2;22.8;158.5;14.5;5.5;77.1;0.3756;0.0945;
839.62;0;0;0;0;41;2E;30;2E;30;2F;752;1C3;7.2;22.8;157.0;14.5;5.5;77.1;0.3756;0.0809;
839.87;0;0;0;0;41;30;31;30;31;30;779;1C3;6.6;24.7;155.5;14.5;5.5;77.1;0.3756;0.0743;
840.12;0;0;0;0;41;31;32;31;32;31;7AD;1C3;6.3;26.0;152.0;14.5;5.5;77.1;0.3676;0.0666;
840.37;0;0;0;0;41;32;33;32;32;32;7A2;1C3;6.3;26.0;51.0;14.5;5.5;77.1;0.0000;0.0616;
840.62;1;0;0;0;41;32;33;32;32;32;719;1C3;6.1;27.7;-31.5;14.5;5.5;77.1;-0.0001;0.0378;
840.87;1;0;0;0;41;32;33;32;33;33;64C;1C3;6.1;29.5;-32.0;14.5;5.5;77.1;-0.0001;0.0345;
841.12;1;0;0;0;41;33;33;33;33;33;5E6;1C3;6.1;29.5;85.0;14.5;5.5;77.1;0.3202;0.0304;
841.37;0;0;0;0;41;34;34;34;34;34;5C3;1C3;6.3;30.1;145.0;14.5;5.5;77.1;0.4112;0.0255;
841.62;0;0;0;0;41;35;35;35;35;35;5E0;1C3;6.3;30.1;177.0;14.5;5.5;77.1;0.4033;0.0236;
841.87;0;0;0;0;41;36;36;36;36;36;5F7;1C3;6.5;30.4;177.0;14.5;5.5;77.1;0.3914;0.0211;
842.12;0;0;0;0;41;37;37;37;37;37;61E;1C3;6.5;30.4;168.5;14.5;5.5;77.1;0.3835;0.0151;
842.37;0;0;0;0;41;39;39;39;39;39;637;1C3;6.4;30.9;166.5;14.5;5.5;77.1;0.3835;0.0027;
842.62;0;0;0;0;42;39;39;3A;39;3A;65B;1C3;6.4;30.9;166.0;14.5;5.5;77.1;0.3835;-0.0049;
842.88;0;0;0;0;42;3B;3B;3B;3B;3B;678;1C3;6.6;30.0;164.0;14.5;5.5;77.1;0.3795;-0.0039;
843.13;0;0;0;0;42;3C;3C;3C;3C;3C;69A;1C4;6.9;29.2;160.5;14.5;5.5;77.1;0.3756;0.0014;
843.38;0;0;0;0;42;3D;3D;3D;3D;3D;6B4;1C4;6.9;29.2;159.0;14.5;5.5;77.1;0.3756;0.0037;
843.63;0;0;0;0;42;3E;3E;3E;3E;3E;6D8;1C4;7.2;28.1;151.0;14.5;5.5;77.1;0.3597;0.0056;
843.88;0;0;0;0;42;3F;3F;3F;3F;3F;6EE;1C4;7.4;27.4;145.0;14.5;5.5;77.1;0.3558;0.0067;
844.13;0;0;0;0;42;40;40;40;40;40;710;1C4;7.4;27.4;137.0;14.5;5.5;77.1;0.3202;0.0073;
844.38;1;0;0;0;42;40;41;40;40;41;6FC;1C4;7.6;26.8;0.5;14.5;5.5;77.1;-0.0001;0.0071;
844.63;1;0;0;0;42;41;41;41;41;41;608;1C4;7.6;26.8;-30.5;14.5;5.5;77.1;-0.0001;0.0046;
844.88;1;0;0;0;42;41;41;41;41;41;53B;1C4;8.0;26.6;-32.5;14.5;5.5;77.1;-0.0001;0.0031;
845.13;1;0;0;0;42;41;41;41;41;41;426;1C4;8.2;26.2;-26.5;14.5;5.5;77.1;0.0592;0.0027;
845.38;1;0;0;0;42;41;42;41;41;42;4D0;1C4;8.2;26.2;24.5;14.5;5.5;77.1;0.1778;0.0012;
845.63;0;0;0;0;42;42;42;42;42;42;4CB;1C4;8.2;25.9;60.5;14.5;5.5;77.1;0.2292;0.0005;
845.88;0;0;0;0;42;42;42;42;42;43;4D3;1C4;8.3;26.2;62.0;14.5;5.5;77.1;0.2253;0.0017;
846.13;0;0;0;0;42;43;43;42;43;43;4BE;1C4;8.3;26.2;-9.0;14.5;5.5;77.1;-0.0001;0.0027;
846.38;0;0;0;0;42;43;43;43;43;43;4D5;1C4;8.3;26.2;-22.0;14.5;5.5;77.1;-0.0001;0.0027;
846.63;0;0;0;0;42;43;43;43;43;43;4DC;1C4;8.6;26.2;-33.5;14.5;5.5;77.1;-0.0001;0.0027;
846.88;0;0;0;0;42;43;43;43;43;43;4DF;1C4;8.9;26.7;-34.0;14.5;5.5;77.1;-0.0001;0.0021;
847.13;0;0;0;0;42;43;43;43;43;43;4E3;1C4;8.9;26.7;-34.0;14.5;5.5;77.1;-0.0001;-0.0007;
847.38;0;0;0;0;42;44;44;43;43;44;4E7;1C4;9.2;27.4;-34.0;14.5;5.5;77.1;-0.0001;-0.0007;
847.63;0;0;0;0;42;44;44;44;43;44;4E9;1C4;9.2;27.4;-34.0;14.5;5.5;77.1;-0.0001;-0.0020;
847.90;0;0;0;0;42;44;43;44;44;44;4E9;1C4;9.4;27.8;-34.5;14.5;5.5;77.1;-0.0001;-0.0020;
848.15;0;0;0;0;42;44;44;44;44;44;4EB;1C4;9.7;27.8;-34.5;14.5;5.5;77.1;-0.0001;-0.0009;
848.40;0;0;0;0;42;44;44;44;44;44;4EC;1C4;9.7;27.8;-34.5;14.5;5.5;77.1;-0.0001;0.0034;
848.65;0;0;0;0;42;44;44;44;44;44;4EF;1C4;10.1;28.0;-34.5;14.5;5.5;77.1;-0.0001;0.0039;
848.90;0;0;0;0;42;44;44;44;44;44;4F0;1C4;10.1;28.1;-34.5;14.5;5.5;77.1;-0.0001;0.0046;
849.15;0;0;0;0;42;44;44;44;44;44;4F2;1C4;10.1;28.1;-34.5;14.5;5.5;77.1;-0.0001;0.0053;
849.40;0;0;0;0;42;44;44;44;44;44;4F5;1C4;10.1;27.5;-34.5;14.5;5.5;77.1;-0.0001;0.0087;
849.65;0;0;0;0;42;44;44;44;44;44;4F5;1C4;10.1;27.8;-34.5;14.5;5.5;77.1;-0.0001;0.0091;
849.90;0;0;0;0;42;44;45;44;44;44;4FB;1C4;10.1;27.8;-18.5;14.5;5.5;77.1;0.1343;0.0087;
850.15;0;0;0;0;42;44;45;44;44;45;500;1C4;10.1;28.3;3.5;14.5;5.5;77.1;0.1383;0.0087;
850.40;0;0;0;0;42;45;45;45;45;45;502;1C4;10.1;28.3;15.0;14.5;5.5;77.1;0.1422;0.0134;
850.65;0;0;0;0;42;45;45;45;45;45;505;1C4;10.3;27.9;19.5;14.5;5.5;77.1;0.1699;0.0133;
850.90;0;0;0;0;42;45;45;45;45;45;50C;1C4;10.3;27.9;37.5;14.5;5.5;77.1;0.2213;0.0130;
851.15;0;0;0;0;42;45;45;45;45;45;514;1C4;10.1;28.1;55.5;14.5;5.5;77.1;0.2411;0.0112;
851.40;0;0;0;0;42;46;46;45;46;46;512;1C4;10.1;28.1;76.0;14.5;5.5;77.1;0.2609;0.0094;
851.65;0;0;0;0;42;46;46;46;46;46;514;1C4;9.9;28.4;84.0;14.5;5.5;77.1;0.2648;0.0098;
851.90;0;0;0;0;42;46;46;46;46;46;51B;1C4;9.8;28.3;89.0;14.5;5.5;77.1;0.2648;0.0098;
852.15;0;0;0;0;42;46;47;46;47;47;522;1C4;9.8;28.3;89.5;14.5;5.5;77.1;0.2648;0.0106;
852.40;0;0;0;0;42;47;47;47;47;47;528;1C4;9.6;28.3;87.5;14.5;5.5;77.1;0.2648;0.0119;
852.65;0;0;0;0;42;47;47;47;47;47;52E;1C4;9.4;28.6;87.5;14.5;5.5;77.1;0.2648;0.0120;
852.91;0;0;0;0;42;48;48;47;48;48;533;1C4;9.4;28.6;85.5;14.5;5.5;77.1;0.2609;0.0123;
853.16;0;0;0;0;42;48;48;48;48;48;53A;1C4;9.3;28.3;85.5;14.5;5.5;77.1;0.2648;0.0117;
853.41;0;0;0;0;42;48;49;48;48;49;542;1C4;9.3;28.3;86.5;14.5;5.5;77.1;0.2648;0.0102;
853.66;0;0;0;0;42;48;49;48;49;49;546;1C4;9.2;28.4;87.0;14.5;5.5;77.1;0.2648;0.0094;
853.91;0;0;0;0;42;49;49;49;49;49;54D;1C4;9.1;28.5;87.5;14.5;5.5;77.1;0.2648;0.0074;
854.16;0;0;0;0;42;49;49;49;49;49;550;1C4;9.1;28.5;86.5;14.5;5.5;77.1;0.2648;0.0073;
854.41;0;0;0;0;42;49;49;49;49;4A;553;1C4;9.0;28.2;87.0;14.5;5.5;77.1;0.2648;0.0076;
854.66;0;0;0;0;42;49;4A;49;4A;4A;558;1C4;9.0;28.2;87.5;14.5;5.5;77.1;0.2648;0.0071;
854.91;0;0;0;0;42;4A;4A;4A;4A;4A;55C;1C4;9.0;28.2;86.0;14.5;5.5;77.1;0.2648;0.0051;
855.16;0;0;0;0;42;4A;4A;4A;4A;4A;55C;1C4;9.0;28.2;86.5;14.5;5.5;77.1;0.2648;0.0024;
855.41;0;0;0;0;42;4A;4A;4A;4A;4A;561;1C4;9.0;28.2;100.5;14.5;5.5;77.1;0.3202;0.0028;
855.66;0;0;0;0;42;4A;4A;4A;4A;4A;568;1C4;9.0;27.5;123.0;14.5;5.5;77.1;0.3479;0.0046;
855.91;0;0;0;0;42;4A;4A;4A;4B;4B;567;1C4;9.0;27.5;146.0;14.5;5.5;77.1;0.3598;0.0060;
856.16;0;0;0;0;42;4A;4B;4A;4B;4B;568;1C4;9.1;27.5;152.5;14.5;5.5;77.1;0.3677;0.0073;
856.41;0;0;0;0;42;4B;4B;4A;4B;4B;56E;1C4;9.1;27.5;162.5;14.5;5.5;77.1;0.3914;0.0106;
856.66;0;0;0;0;42;4A;4B;4A;4B;4B;56F;1C4;9.0;27.7;176.0;14.5;5.5;77.1;0.4112;0.0174;
856.91;0;0;0;0;42;4B;4B;4B;4B;4B;576;1C4;8.9;27.3;198.0;14.5;5.5;77.1;0.4310;0.0183;
857.16;0;0;0;0;42;4B;4B;4B;4B;4B;576;1C3;8.9;27.3;205.5;14.5;5.5;77.1;0.4389;0.0169;
857.41;0;0;0;0;42;4B;4B;4B;4B;4C;57A;1C3;8.7;27.6;210.5;14.5;5.5;77.1;0.4428;0.0110;
857.66;0;0;0;0;42;4B;4B;4B;4C;4C;581;1C3;8.6;27.8;210.0;14.5;5.5;77.1;0.4428;0.0088;
857.93;0;0;0;0;42;4C;4C;4C;4C;4C;584;1C3;8.6;27.8;208.0;14.5;5.5;77.1;0.4389;0.0076;
858.18;0;0;0;0;42;4C;4C;4C;4C;4C;589;1C3;8.3;27.2;208.0;14.5;5.5;77.1;0.4389;0.0080;
858.43;0;0;0;0;42;4C;4C;4C;4C;4C;585;1C3;8.3;27.2;207.5;14.5;5.5;77.1;0.4389;0.0085;
858.68;0;0;0;0;42;4C;4C;4C;4C;4C;58A;1C3;8.3;27.1;208.0;14.5;5.5;77.1;0.4389;0.0083;
858.93;0;0;0;0;42;4C;4C;4C;4C;4C;58C;1C3;8.3;27.1;207.5;14.5;5.5;77.1;0.4389;0.0083;
859.18;0;0;0;0;42;4C;4D;4C;4C;4D;58A;1C3;8.1;27.2;207.5;14.5;5.5;77.1;0.4389;0.0105;
859.43;0;0;0;0;42;4C;4C;4C;4C;4D;58D;1C3;8.1;27.2;207.5;14.5;5.5;77.1;0.4389;0.0112;
859.68;0;0;0;0;42;4C;4C;4C;4C;4D;58B;1C3;7.8;26.7;210.5;14.5;5.5;77.1;0.4468;0.0102;
859.93;0;0;0;0;42;4C;4D;4C;4C;4D;593;1C3;7.6;26.9;239.5;14.5;5.5;77.1;0.4982;0.0099;
860.18;0;0;0;0;42;4C;4D;4D;4D;4D;58F;1C3;7.6;26.9;246.5;14.5;5.5;77.1;0.4982;0.0098;
860.43;0;0;0;0;42;4D;4D;4C;4D;4D;592;1C3;7.4;26.9;248.0;14.5;5.5;77.1;0.4982;0.0069;
860.68;0;0;0;0;42;4D;4D;4D;4D;4D;596;1C3;7.4;26.3;247.0;14.5;5.5;77.1;0.4982;0.0062;
860.93;0;0;0;0;42;4D;4D;4D;4D;4D;598;1C3;7.4;26.3;245.5;14.5;5.5;77.1;0.4942;0.0062;
861.18;0;0;0;0;42;4D;4D;4D;4D;4D;599;1C3;7.3;26.4;245.5;14.5;5.5;77.1;0.4942;0.0123;
861.43;0;0;0;0;42;4D;4D;4D;4D;4D;597;1C3;7.3;26.4;246.0;14.5;5.5;77.1;0.4942;0.0145;
861.68;0;0;0;0;42;4D;4D;4D;4D;4D;59A;1C3;7.3;26.2;245.5;14.5;5.5;77.1;0.4942;0.0152;
861.93;0;0;0;0;42;4D;4D;4D;4D;4D;59C;1C3;7.2;25.7;245.5;14.5;5.5;77.1;0.4942;0.0147;
862.18;0;0;0;0;42;4D;4D;4D;4D;4D;59F;1C3;7.2;25.7;245.5;14.5;5.5;77.1;0.4942;0.0113;
862.43;0;0;0;0;42;4D;4D;4D;4D;4D;59B;1C3;7.2;26.3;246.0;14.5;5.5;77.1;0.4942;0.0053;
862.68;0;0;0;0;42;4D;4D;4D;4D;4D;59D;1C3;7.0;26.2;245.5;14.5;5.5;77.1;0.4942;0.0035;
862.94;0;0;0;0;42;4D;4D;4D;4D;4D;59F;1C3;7.0;26.2;245.5;14.5;5.5;77.1;0.4942;0.0027;
863.19;0;0;0;0;43;4D;4D;4D;4D;4D;5A0;1C3;7.0;26.2;245.5;14.5;5.5;77.1;0.4942;0.0028;
863.44;0;0;0;0;43;4D;4D;4D;4D;4D;59F;1C3;6.9;25.7;245.5;14.5;5.5;77.1;0.4942;0.0030;
863.69;0;0;0;0;43;4D;4D;4D;4D;4E;5A0;1C3;6.9;26.0;244.5;14.5;5.5;77.1;0.4903;0.0027;
863.94;0;0;0;0;43;4D;4D;4D;4D;4D;59E;1C3;6.9;26.0;246.0;14.5;5.5;77.1;0.4942;0.0005;
864.19;0;0;0;0;43;4D;4D;4D;4D;4E;5A0;1C3;6.9;25.8;245.0;14.5;5.5;77.1;0.4942;0.0000;
864.44;0;0;0;0;43;4D;4D;4D;4D;4E;59F;1C3;6.8;25.4;245.5;14.5;5.5;77.1;0.4942;0.0000;
864.69;0;0;0;0;43;4D;4D;4D;4D;4D;5A2;1C3;6.8;25.4;245.0;14.5;5.5;77.1;0.4903;0.0000;
864.94;0;0;0;0;43;4D;4D;4D;4D;4E;5A0;1C3;6.8;25.6;249.0;14.5;5.5;77.1;0.5219;0.0000;
865.19;0;0;0;0;43;4D;4D;4D;4D;4E;5A2;1C3;6.8;25.6;278.5;14.5;5.5;77.1;0.5733;-0.0002;
865.44;0;0;0;0;43;4D;4D;4D;4D;4E;5A3;1C3;6.7;25.4;282.5;14.5;5.5;77.1;0.5773;-0.0002;
865.69;0;0;0;0;43;4E;4E;4E;4E;4E;5A3;1C3;6.6;25.0;280.0;14.5;5.5;77.1;0.5733;-0.0003;
865.94;0;0;0;0;43;4D;4E;4E;4E;4E;5A3;1C3;6.6;25.0;280.0;14.5;5.5;77.1;0.5693;-0.0003;
866.19;0;0;0;0;43;4E;4E;4E;4E;4E;5AB;1C3;6.6;25.0;276.5;14.5;5.5;77.1;0.5654;0.0005;
866.44;0;0;0;0;43;4E;4E;4E;4E;4E;5A8;1C3;6.7;24.6;276.0;14.5;5.5;77.1;0.5614;0.0005;
866.69;0;0;0;0;43;4E;4E;4E;4E;4E;5AC;1C3;6.7;24.6;274.5;14.5;5.5;77.1;0.5614;0.0005;
866.94;0;0;0;0;43;4E;4E;4E;4E;4E;5AE;1C3;6.6;24.5;275.0;14.5;5.5;77.1;0.5614;0.0005;
867.19;0;0;0;0;43;4E;4E;4E;4E;4E;5B1;1C3;6.6;24.5;274.5;14.5;5.5;77.1;0.5614;0.0027;
867.44;0;0;0;0;43;4E;4E;4E;4E;4F;5B1;1C3;6.6;24.9;274.5;14.5;5.5;77.1;0.5575;0.0028;
867.69;0;0;0;0;43;4F;4E;4E;4F;4F;5B4;1C3;6.6;24.9;273.5;14.5;5.5;77.1;0.5575;0.0034;
867.97;0;0;0;0;43;4F;4F;4E;4E;4F;5B6;1C3;6.6;24.6;274.0;14.5;5.5;77.1;0.5575;0.0056;
868.22;0;0;0;0;43;4F;4F;4F;4F;4F;5B4;1C3;6.6;24.6;273.0;14.5;5.5;77.1;0.5575;0.0056;
868.47;0;0;0;0;43;4F;4F;4F;4F;4F;5BA;1C3;6.6;24.7;272.5;14.5;5.5;77.1;0.5575;0.0049;
868.72;0;0;0;0;44;4F;4F;4F;4F;4F;5B8;1C3;6.6;25.2;273.0;14.5;5.5;77.1;0.5575;0.0041;
868.97;0;0;0;0;44;4F;4F;4F;4F;4F;5C1;1C3;6.6;25.2;272.0;14.5;5.5;77.1;0.5575;0.0035;
869.22;0;0;0;0;44;4F;4F;4F;4F;4F;5BD;1C3;6.5;25.1;272.5;14.5;5.5;77.1;0.5575;0.0030;
869.47;0;0;0;0;44;4F;4F;4F;4F;4F;5C0;1C3;6.5;25.1;271.5;14.5;5.5;77.1;0.5575;0.0030;
869.72;0;0;0;0;44;4F;4F;4F;4F;4F;5C1;1C3;6.5;25.1;273.0;14.5;5.5;77.1;0.5575;0.0016;
869.97;0;0;0;0;44;4F;4F;4F;4F;50;5C3;1C3;6.5;25.6;271.0;14.5;5.5;77.1;0.5575;0.0002;
870.22;0;0;0;0;44;4F;50;50;4F;50;5C8;1C3;6.5;25.6;272.5;14.5;5.5;77.1;0.5575;-0.0023;
870.47;0;0;0;0;44;50;4F;50;50;50;5C4;1C3;6.5;25.4;272.0;14.5;5.5;77.1;0.5535;-0.0021;
870.72;0;0;0;0;44;4F;50;50;4F;50;5C8;1C3;6.4;25.3;270.0;14.5;5.5;77.1;0.5496;-0.0021;
870.97;0;0;0;0;44;50;50;50;50;50;5CA;1C3;6.4;25.3;269.5;14.5;5.5;77.1;0.5496;-0.0014;
871.22;0;0;0;0;44;50;50;50;50;50;5CB;1C3;6.5;25.6;268.5;14.5;5.5;77.1;0.5496;-0.0009;
871.47;0;0;0;0;44;50;50;50;50;50;5CA;1C3;6.5;25.6;270.0;14.5;5.5;77.1;0.5496;-0.0003;
871.72;0;0;0;0;44;50;50;50;50;50;5CE;1C3;6.4;25.4;269.5;14.5;5.5;77.1;0.5496;0.0005;
871.97;0;0;0;0;44;50;50;50;50;50;5D3;1C3;6.4;25.4;269.0;14.5;5.5;77.1;0.5496;0.0014;
872.22;0;0;0;0;45;50;50;50;50;50;5CF;1C3;6.3;25.4;269.0;14.5;5.5;77.1;0.5496;0.0030;
872.47;0;0;0;0;45;50;50;50;50;50;5D3;1C3;6.3;25.5;268.0;14.5;5.5;77.1;0.5496;0.0024;
872.72;0;0;0;0;45;50;50;50;50;50;5D5;1C3;6.3;25.5;269.5;14.5;5.5;77.1;0.5496;0.0009;
872.98;0;0;0;0;45;50;50;50;50;51;5D2;1C3;6.3;25.3;267.5;14.5;5.5;77.1;0.5456;-0.0005;
873.23;0;0;0;0;45;50;50;50;50;51;5D7;1C3;6.2;25.2;268.0;14.5;5.5;77.1;0.5456;-0.0012;
873.48;0;0;0;0;45;50;50;50;50;51;5D6;1C3;6.2;25.2;267.5;14.5;5.5;77.1;0.5456;-0.0012;
873.73;0;0;0;0;45;50;51;50;50;51;5D7;1C3;6.2;25.4;266.5;14.5;5.5;77.1;0.5496;-0.0009;
873.98;0;0;0;0;45;50;50;50;50;51;5DA;1C3;6.2;25.4;268.0;14.5;5.5;77.1;0.5456;-0.0031;
874.23;0;0;0;0;45;50;51;51;51;51;5D7;1C3;6.3;25.1;268.0;14.5;5.5;77.1;0.5456;-0.0039;
874.48;0;0;0;0;46;51;51;50;51;51;5DC;1C3;6.3;25.3;268.0;14.5;5.5;77.1;0.5496;-0.0028;
874.73;0;0;0;0;46;51;51;51;51;51;5DE;1C3;6.3;25.3;267.5;14.5;5.5;77.1;0.5456;-0.0010;
874.98;0;0;0;0;46;51;51;51;51;51;5DB;1C3;6.3;25.3;267.5;14.5;5.5;77.1;0.5496;-0.0002;
875.23;0;0;0;0;46;51;51;51;51;51;5E3;1C3;6.2;25.3;267.5;14.5;5.5;77.1;0.5456;0.0020;
875.48;0;0;0;0;46;51;51;51;51;51;5DD;1C3;6.2;25.3;268.0;14.5;5.5;77.1;0.5456;0.0041;
875.73;0;0;0;0;46;51;51;51;51;51;5E3;1C3;6.2;25.3;267.5;14.5;5.5;77.1;0.5456;0.0048;
875.98;0;0;0;0;46;51;51;51;51;51;5E4;1C3;6.3;25.4;268.0;14.5;5.5;77.1;0.5456;0.0049;
876.23;0;0;0;0;46;51;51;51;51;51;5E4;1C3;6.3;25.6;268.0;14.5;5.5;77.1;0.5456;0.0053;
876.48;0;0;0;0;46;51;51;51;51;51;5E8;1C3;6.3;25.6;267.5;14.5;5.5;77.1;0.5496;0.0053;
876.73;0;0;0;0;46;51;51;51;51;52;5E7;1C3;6.2;25.6;267.5;14.5;5.5;77.1;0.5456;0.0053;
876.98;0;0;0;0;46;51;51;51;51;52;5E6;1C3;6.2;25.6;267.5;14.5;5.5;77.1;0.5456;0.0053;
877.23;0;0;0;0;46;51;51;51;51;52;5EA;1C3;6.2;25.6;268.0;14.5;5.5;77.1;0.5456;0.0051;
877.48;0;0;0;0;46;51;51;52;52;52;5EB;1C3;6.2;25.8;267.5;14.5;5.5;77.1;0.5456;0.0051;
877.73;0;0;0;0;46;51;52;52;51;52;5EA;1C3;6.2;25.8;267.5;14.5;5.5;77.1;0.5456;0.0051;
878.00;0;0;0;0;47;52;52;52;52;52;5EE;1C3;6.2;25.9;266.5;14.5;5.5;77.1;0.5456;-0.0007;
878.25;0;0;0;0;47;52;52;52;51;52;5ED;1C3;6.1;25.9;267.0;14.5;5.5;77.1;0.5496;-0.0021;
878.50;0;0;0;0;47;52;52;52;52;52;5EF;1C3;6.1;25.9;267.0;14.5;5.5;77.1;0.5496;-0.0028;
878.75;0;0;0;0;47;52;52;52;52;52;5F2;1C3;6.1;25.9;267.0;14.5;5.5;77.1;0.5456;-0.0024;
879.00;0;0;0;0;47;52;52;52;52;52;5F7;1C3;6.1;25.9;267.5;14.5;5.5;77.1;0.5456;-0.0023;
879.25;0;0;0;0;47;52;52;52;52;52;5F1;1C3;6.2;26.1;266.0;14.5;5.5;77.1;0.5456;-0.0017;
879.50;0;0;0;0;47;52;52;52;52;52;5F4;1C3;6.2;25.9;266.5;14.5;5.5;77.1;0.5496;-0.0014;
879.75;0;0;0;0;47;52;52;52;52;52;5F4;1C3;6.2;25.9;267.0;14.5;5.5;77.1;0.5456;-0.0023;
880.00;0;0;0;0;47;52;52;52;52;52;5F9;1C3;6.2;25.9;267.0;14.5;5.5;77.1;0.5456;-0.0009;
880.25;0;0;0;0;47;52;52;52;52;52;5F5;1C3;6.2;26.0;267.0;14.5;5.5;77.1;0.5456;-0.0005;
880.50;0;0;0;0;47;52;52;52;52;53;5FD;1C3;6.2;25.7;267.0;14.5;5.5;77.1;0.5456;-0.0003;
880.75;0;0;0;0;48;52;52;52;52;53;5FA;1C3;6.2;25.7;267.0;14.5;5.5;77.1;0.5496;-0.0002;
881.00;0;0;0;0;48;52;53;52;53;53;5FF;1C3;6.3;25.8;267.0;14.5;5.5;77.1;0.5456;0.0000;
881.25;0;0;0;0;48;53;53;53;53;53;606;1C3;6.3;25.7;266.5;14.5;5.5;77.1;0.5456;0.0002;
881.50;0;0;0;0;48;53;53;53;53;53;60B;1C3;6.3;25.7;267.5;14.5;5.5;77.1;0.5456;0.0003;
881.75;0;0;0;0;48;53;53;53;53;54;60C;1C3;6.3;25.7;266.5;14.5;5.5;77.1;0.5456;0.0005;
882.00;0;0;0;0;48;54;54;54;54;54;614;1C3;6.3;25.7;265.5;14.5;5.5;77.1;0.5456;0.0016;
882.25;0;0;0;0;48;54;54;54;54;54;616;1C3;6.4;25.5;266.5;14.5;5.5;77.1;0.5496;0.0020;
882.50;0;0;0;0;48;54;54;54;55;54;621;1C3;6.4;25.6;266.0;14.5;5.5;77.1;0.5496;0.0027;
882.75;0;0;0;0;48;55;55;55;54;55;622;1C3;6.4;25.6;266.0;14.5;5.5;77.1;0.5456;0.0028;
883.01;0;0;0;0;49;55;55;55;55;55;62A;1C3;6.3;25.7;264.5;14.5;5.5;77.1;0.5456;0.0037;
883.26;0;0;0;0;49;55;55;55;55;56;635;1C3;6.3;25.8;266.0;14.5;5.5;77.1;0.5456;0.0035;
883.51;0;0;0;0;49;56;56;56;56;56;63C;1C3;6.3;25.8;265.0;14.5;5.5;77.1;0.5456;0.0027;
883.76;0;0;0;0;49;56;56;56;56;56;640;1C3;6.3;25.8;265.5;14.5;5.5;77.1;0.5456;0.0021;
884.01;0;0;0;0;49;56;57;56;56;57;649;1C3;6.3;25.8;265.0;14.5;5.5;77.1;0.5456;0.0005;
884.26;0;0;0;0;49;57;57;57;57;57;652;1C3;6.3;25.7;263.0;14.5;5.5;77.1;0.5456;-0.0016;
884.51;0;0;0;0;49;57;57;57;58;58;65D;1C3;6.3;25.7;263.0;14.5;5.5;77.1;0.5456;-0.0030;
884.76;0;0;0;0;49;58;58;58;58;58;663;1C3;6.3;25.9;263.5;14.5;5.5;77.1;0.5417;-0.0030;
885.01;0;0;0;0;49;59;59;58;58;59;670;1C3;6.3;25.9;262.5;14.5;5.5;77.1;0.5417;-0.0034;
885.26;0;0;0;0;49;59;59;59;59;59;677;1C3;6.2;25.6;262.5;14.5;5.5;77.1;0.5417;-0.0035;
885.51;0;0;0;0;49;5A;5A;5A;5A;5A;686;1C3;6.2;25.5;262.0;14.5;5.5;77.1;0.5377;-0.0035;
885.76;0;0;0;0;49;5A;5A;5A;5A;5A;688;1C3;6.2;25.5;261.0;14.5;5.5;77.1;0.5377;-0.0028;
886.01;0;0;0;0;4A;5B;5B;5B;5B;5B;698;1C3;6.3;25.3;260.5;14.5;5.5;77.1;0.5377;-0.0012;
886.26;0;0;0;0;4A;5C;5C;5C;5B;5C;69F;1C3;6.3;25.3;257.0;14.5;5.5;77.1;0.5180;-0.0007;
886.51;0;0;0;0;4A;5C;5C;5C;5C;5C;6AF;1C3;6.3;25.3;235.0;14.5;5.5;77.1;0.4784;-0.0003;
886.76;0;0;0;0;4A;5D;5C;5D;5D;5D;6B2;1C3;6.3;25.2;222.5;14.5;5.5;77.1;0.4665;-0.0002;
887.01;0;0;0;0;4A;5D;5D;5D;5D;5D;6BD;1C3;6.3;25.2;206.0;14.5;5.5;77.1;0.4428;0.0002;
887.26;0;0;0;0;4A;5D;5D;5D;5D;5E;6C7;1C3;6.5;25.3;199.5;14.5;5.5;77.1;0.4309;0.0002;
887.51;0;0;0;0;4A;5E;5E;5E;5E;5E;6D0;1C3;6.6;25.2;184.5;14.5;5.5;77.1;0.4033;-0.0002;
887.76;0;0;0;0;4A;5E;5E;5F;5E;5F;6D7;1C3;6.6;25.2;163.0;14.5;5.5;77.1;0.3716;-0.0003;
888.03;0;0;0;0;4A;5F;5F;5F;5F;5F;6DD;1C3;6.7;25.3;136.5;14.5;5.5;77.1;0.3321;0.0016;
888.28;0;0;0;0;4A;5F;5F;5F;5F;5F;6E2;1C1;6.7;25.3;116.0;14.5;5.5;77.1;0.3004;0.0012;
888.53;0;0;0;0;4A;5F;5F;5F;5F;60;6EB;1C1;6.8;25.6;89.0;14.5;5.5;77.1;0.2648;0.0010;
888.78;0;0;0;0;4B;60;5F;5F;5F;60;6E5;1C1;6.8;25.6;64.0;14.5;5.5;77.1;0.1462;0.0009;
889.03;0;0;0;0;4B;5F;5F;5F;5F;60;6E1;1C1;6.9;25.7;-22.0;14.5;5.5;77.1;-0.0001;0.0014;
889.28;0;0;0;0;4B;5F;60;5F;5F;60;6E0;1C1;7.2;26.3;-31.5;14.5;5.5;77.1;-0.0001;0.0016;
889.53;0;0;0;0;4B;5F;5F;5F;5F;5F;6E0;1C1;7.2;26.3;-34.5;14.5;5.5;77.1;-0.0001;0.0020;
889.78;0;0;0;0;4B;5F;5F;5F;5F;5F;6E1;1C1;7.5;27.0;-34.5;14.5;5.5;77.1;-0.0001;0.0021;
890.03;0;0;0;0;4B;5F;5F;5E;5F;5F;6DD;1C1;7.5;27.0;-34.5;14.5;5.5;77.1;-0.0001;0.0020;
890.28;0;0;0;0;4B;5E;5F;5E;5E;5F;6DA;1C1;7.7;27.7;-34.5;14.5;5.5;77.1;-0.0001;0.0020;
890.53;0;0;0;0;4B;5E;5E;5E;5E;5E;6D2;1C1;8.0;28.2;-34.5;14.5;5.5;77.1;-0.0001;0.0014;
890.78;0;0;0;0;4B;5E;5E;5E;5E;5E;6CF;1C1;8.0;28.2;-34.5;14.5;5.5;77.1;-0.0001;-0.0005;
891.03;0;0;0;0;4B;5E;5E;5E;5E;5E;6CB;1C1;8.2;28.7;-34.0;14.5;5.5;77.1;-0.0001;-0.0012;
891.28;0;0;0;0;4B;5D;5D;5D;5D;5E;6C7;1C1;8.4;29.1;-34.0;14.5;5.5;77.1;-0.0001;-0.0014;
891.53;0;0;0;0;4B;5D;5D;5D;5D;5E;6C0;1C1;8.4;29.1;-34.0;14.5;5.5;77.1;-0.0001;-0.0017;
891.78;0;0;0;0;4B;5D;5D;5D;5D;5D;6BA;1C1;8.7;29.3;-34.0;14.5;5.5;77.1;-0.0001;-0.0020;
892.03;0;0;0;0;4C;5C;5D;5C;5C;5D;6B4;1C1;8.7;29.3;-34.0;14.5;5.5;77.1;-0.0001;-0.0024;
892.28;0;0;0;0;4C;5C;5C;5C;5C;5C;6AF;1C1;8.9;29.7;-34.0;14.5;5.5;77.1;-0.0001;-0.0039;
892.53;0;0;0;0;4C;5C;5C;5C;5C;5C;6A6;1C1;8.9;29.7;-33.5;14.5;5.5;77.1;-0.0001;-0.0030;
892.78;0;0;0;0;4C;5C;5B;5B;5B;5C;6A1;1C1;9.0;29.9;-33.5;14.5;5.5;77.1;-0.0001;-0.0014;
893.04;0;0;0;0;4C;5B;5B;5B;5B;5B;697;1C1;9.2;29.8;-33.5;14.5;5.5;77.1;-0.0001;0.0027;
893.29;0;0;0;0;4C;5A;5B;5A;5A;5B;68D;1C1;9.2;29.8;-33.5;14.5;5.5;77.1;-0.0001;0.0039;
893.54;0;0;0;0;4C;5A;5A;5A;5A;5A;689;1C1;9.2;30.1;-33.5;14.5;5.5;77.1;-0.0001;0.0044;
893.79;0;0;0;0;4C;5A;5A;59;5A;5A;67E;1C1;9.2;30.1;-33.0;14.5;5.5;77.1;-0.0001;0.0106;
894.04;0;0;0;0;4C;59;59;59;59;5A;676;1C1;9.1;30.0;-33.0;14.5;5.5;77.1;-0.0001;0.0130;
894.29;0;0;0;0;4C;58;59;58;59;59;668;1C1;9.1;30.0;-33.0;14.5;5.5;77.1;-0.0001;0.0159;
894.54;0;0;0;0;4C;58;58;58;58;58;662;1C1;9.1;30.0;-33.0;14.5;5.5;77.1;-0.0001;0.0218;
894.79;0;0;0;0;4C;57;58;57;58;58;659;1C1;9.0;30.6;-5.5;14.5;5.5;77.1;0.1778;0.0286;
895.04;0;0;0;0;4C;57;58;57;57;57;665;1C1;8.8;31.5;24.0;14.5;5.5;77.1;0.2134;0.0311;
895.29;0;0;0;0;4C;56;57;56;57;57;652;1C1;8.8;31.5;52.0;14.5;5.5;77.1;0.2292;0.0341;
895.54;0;0;0;0;4C;56;57;56;57;57;649;1C1;8.4;32.2;60.0;14.5;5.5;77.1;0.2451;0.0341;
895.79;0;0;0;0;4C;56;56;56;56;56;644;1C1;8.4;32.2;83.5;14.5;5.5;77.1;0.2886;0.0291;
896.04;0;0;0;0;4C;56;56;56;56;56;63E;1C1;7.9;33.5;99.5;14.5;5.5;77.1;0.3004;0.0293;
896.29;0;0;0;0;4C;55;56;55;56;56;63A;1C1;7.5;34.0;114.0;14.5;5.5;77.1;0.3162;0.0295;
896.54;0;0;0;0;4C;55;56;55;56;56;635;1C1;7.5;34.0;117.5;14.5;5.5;77.1;0.3162;0.0298;
896.79;0;0;0;0;4C;55;56;55;56;56;633;1C1;7.5;34.0;118.5;14.5;5.5;77.1;0.3162;0.0311;
897.04;0;0;0;0;4C;55;56;55;55;56;631;1C1;7.2;34.6;119.0;14.5;5.5;77.1;0.3162;0.0357;
897.29;0;0;0;0;4C;55;55;55;55;55;62E;1C1;6.9;35.9;119.0;14.5;5.5;77.1;0.3202;0.0382;
897.54;0;0;0;0;4C;54;55;55;55;55;629;1C1;6.9;35.9;126.5;14.5;5.5;77.1;0.3479;0.0382;
897.79;0;0;0;0;4C;54;55;54;55;55;626;1C1;6.4;36.5;151.5;14.5;5.5;77.1;0.3914;0.0338;
898.06;0;0;0;0;4C;54;55;54;55;55;629;1C1;6.0;37.5;168.0;14.5;5.5;77.1;0.4072;0.0320;
898.31;0;0;0;0;4C;54;55;54;55;55;629;1C1;6.0;37.5;191.0;14.5;5.5;77.1;0.4270;0.0316;
898.56;0;0;0;0;4C;54;55;54;55;55;629;1C1;5.6;38.0;198.5;14.5;5.5;77.1;0.4349;0.0323;
898.81;0;0;0;0;4C;54;55;54;55;55;628;1C1;5.6;38.0;202.0;14.5;5.5;77.1;0.4349;0.0346;
899.06;0;0;0;0;4C;55;55;54;55;55;629;1C1;5.3;37.7;202.0;14.5;5.5;77.1;0.4349;0.0359;
899.31;0;0;0;0;4C;54;55;55;55;55;629;1C1;4.9;37.9;202.0;14.5;5.5;77.1;0.4349;0.0355;
899.56;0;0;0;0;4C;54;55;54;55;55;627;1C1;4.9;37.9;202.0;14.5;5.5;77.1;0.4310;0.0348;
899.81;0;0;0;0;4C;54;55;55;55;55;625;1C1;4.9;37.6;202.0;14.5;5.5;77.1;0.4349;0.0323;
900.06;0;0;0;0;4C;54;55;55;55;55;629;1C1;4.9;37.1;201.5;14.5;5.5;77.1;0.4349;0.0311;
900.31;0;0;0;0;4C;54;55;55;55;55;628;1C1;4.9;37.1;201.5;14.5;5.5;77.1;0.4310;0.0307;
900.56;0;0;0;0;4C;55;55;55;55;55;62B;1C1;4.8;37.2;201.0;14.5;5.5;77.1;0.4349;0.0307;
900.81;0;0;0;0;4C;55;55;55;55;55;62B;1C1;4.8;37.2;202.5;14.5;5.5;77.1;0.4389;0.0307;
901.06;0;0;0;0;4C;54;55;55;55;55;62A;1C1;4.6;37.2;203.5;14.5;5.5;77.1;0.4389;0.0307;
901.31;0;0;0;0;4C;54;55;55;55;55;629;1C1;4.6;37.2;204.0;14.5;5.5;77.1;0.4389;0.0311;
901.56;0;0;0;0;4C;54;55;54;55;55;62B;1C1;4.5;36.8;205.0;14.5;5.5;77.1;0.4428;0.0316;
901.81;0;0;0;0;4C;55;55;55;55;55;62B;1C1;4.5;36.8;206.5;14.5;5.5;77.1;0.4428;0.0316;
902.06;0;0;0;0;4C;54;55;55;55;55;62A;1C1;4.6;36.7;207.0;14.5;5.5;77.1;0.4468;0.0314;
902.31;0;0;0;0;4C;54;55;55;55;55;62A;1C1;4.6;36.3;208.0;14.5;5.5;77.1;0.4468;0.0311;
902.56;0;0;0;0;4C;55;55;55;55;55;629;1C1;4.6;36.3;211.5;14.5;5.5;77.1;0.4507;0.0305;
902.81;0;0;0;0;4C;54;55;54;55;55;629;1C1;4.5;36.3;224.0;14.5;5.5;77.1;0.4784;0.0254;
903.07;0;0;0;0;4C;55;55;54;55;55;628;1C1;4.5;36.5;236.0;14.5;5.5;77.1;0.4903;0.0204;
903.32;0;0;0;0;4C;55;55;55;55;55;627;1C1;4.5;36.5;241.5;14.5;5.5;77.1;0.4942;0.0152;
903.57;0;0;0;0;4C;55;55;55;55;55;628;1C1;4.6;35.5;242.0;14.5;5.5;77.1;0.4942;0.0134;
903.82;0;0;0;0;4C;55;55;55;55;55;62B;1C1;4.6;35.5;242.0;14.5;5.5;77.1;0.4942;-0.0012;
904.07;0;0;0;0;4C;55;55;55;55;55;62D;1C1;4.7;34.7;240.5;14.5;5.5;77.1;0.4863;-0.0053;
904.32;0;0;0;0;4C;55;55;55;55;55;62A;1C1;4.7;33.9;236.0;14.5;5.5;77.1;0.4824;-0.0088;
904.57;0;0;0;0;4C;55;55;55;55;55;62A;1C1;4.7;33.9;235.5;14.5;5.5;77.1;0.4824;-0.0137;
904.82;0;0;0;0;4C;55;55;55;55;55;629;1C1;4.7;32.4;234.5;14.5;5.5;77.1;0.4824;-0.0186;
905.07;0;0;0;0;4C;55;55;55;55;55;62B;1C1;4.7;32.4;233.5;14.5;5.5;77.1;0.4824;-0.0194;
905.32;0;0;0;0;4C;55;55;55;55;55;62A;1C1;4.9;31.3;233.5;14.5;5.5;77.1;0.4784;-0.0230;
905.57;0;0;0;0;4C;55;55;55;55;55;62C;1C1;4.9;31.3;231.5;14.5;5.5;77.1;0.4784;-0.0252;
905.82;0;0;0;0;4C;55;55;55;55;55;62B;1C1;5.1;29.9;229.0;14.5;5.5;77.1;0.4705;-0.0280;
906.07;0;0;0;0;4C;55;55;55;55;55;62D;1C1;5.3;28.2;226.5;14.5;5.5;77.1;0.4705;-0.0302;
906.32;0;0;0;0;4C;55;55;55;55;55;62A;1C1;5.3;28.2;220.0;14.5;5.5;77.1;0.4586;-0.0336;
906.57;0;0;0;0;4D;55;55;55;55;55;629;1C1;5.5;26.8;216.0;14.5;5.5;77.1;0.4507;-0.0341;
906.82;0;0;0;0;4D;55;55;55;55;55;628;1C1;5.5;26.8;210.0;14.5;5.5;77.1;0.4468;-0.0339;
907.07;0;0;0;0;4D;55;55;55;54;55;625;1C1;5.7;25.2;207.0;14.5;5.5;77.1;0.4428;-0.0341;
907.32;0;0;0;0;4D;55;54;55;54;55;624;1C1;5.9;23.6;205.5;14.5;5.5;77.1;0.4389;-0.0341;
907.57;0;0;0;0;4D;55;54;55;54;55;622;1C1;5.9;23.6;204.5;14.5;5.5;77.1;0.4389;-0.0339;
907.82;0;0;0;0;4D;55;54;54;54;55;61C;1C1;6.1;22.7;204.5;14.5;5.5;77.1;0.4389;-0.0338;
908.09;0;0;0;0;4D;54;54;54;54;54;61A;1C1;6.2;21.9;204.5;14.5;5.5;77.1;0.4389;-0.0323;
908.34;0;0;0;0;4D;54;54;54;54;54;619;1C1;6.2;21.9;204.0;14.4;5.5;77.1;0.4389;-0.0320;
908.59;0;0;0;0;4D;54;54;54;54;54;619;1C1;6.4;21.2;204.0;14.4;5.5;77.1;0.4389;-0.0321;
908.84;0;0;0;0;4D;54;54;54;53;54;612;1C1;6.6;21.3;204.5;14.4;5.5;77.1;0.4389;-0.0323;
909.09;0;0;0;0;4D;54;53;54;53;54;612;1C1;6.6;21.3;205.0;14.5;5.5;77.1;0.4389;-0.0321;
909.34;0;0;0;0;4D;54;53;54;53;54;60E;1C1;6.6;21.3;204.5;14.5;5.5;77.1;0.4389;-0.0320;
909.59;0;0;0;0;4D;53;53;53;53;53;608;1C1;6.6;20.9;205.0;14.5;5.5;77.1;0.4389;-0.0270;
909.84;0;0;0;0;4D;53;53;52;53;53;603;1C1;6.7;20.9;204.5;14.5;5.5;77.1;0.4389;-0.0259;
910.09;0;0;0;0;4D;53;52;53;52;53;5FE;1C1;6.7;20.9;205.0;14.5;5.5;77.1;0.4389;-0.0270;
910.34;0;0;0;0;4D;53;52;52;52;53;5FB;1C1;6.8;21.1;205.0;14.5;5.5;77.1;0.4389;-0.0275;
910.59;0;0;0;0;4D;53;52;52;52;53;5FB;1C1;6.8;21.1;205.5;14.5;5.5;77.1;0.4389;-0.0266;
910.84;0;0;0;0;4D;52;52;52;52;52;5F9;1C1;6.8;20.9;205.5;14.5;5.5;77.1;0.4389;-0.0245;
911.09;0;0;0;0;4D;52;52;52;52;52;5F9;1C1;6.8;21.1;205.0;14.5;5.5;77.1;0.4389;-0.0241;
911.34;0;0;0;0;4E;52;52;52;52;52;5F5;1C1;6.8;21.1;205.5;14.5;5.5;77.1;0.4389;-0.0241;
911.59;0;0;0;0;4E;52;52;52;52;52;5F0;1C1;6.8;21.7;205.5;14.5;5.5;77.1;0.4389;-0.0241;
911.84;0;0;0;0;4E;52;51;52;52;52;5F1;1C1;6.8;21.4;204.5;14.5;5.5;77.1;0.4389;-0.0241;
912.09;0;0;0;0;4E;52;51;52;51;52;5EC;1C1;6.8;21.4;205.0;14.5;5.5;77.1;0.4389;-0.0236;
912.34;0;0;0;0;4E;51;51;51;51;52;5E7;1C1;6.8;21.9;206.0;14.5;5.5;77.1;0.4389;-0.0223;
912.59;0;0;0;0;4E;51;51;51;51;52;5E9;1C1;6.8;21.9;205.0;14.5;5.5;77.1;0.4389;-0.0209;
912.84;0;0;0;0;4E;51;51;51;51;51;5E0;1C1;6.9;22.3;206.0;14.5;5.5;77.1;0.4389;-0.0216;
913.10;0;0;0;0;4E;51;51;51;51;51;5E0;1C1;6.8;22.1;205.5;14.5;5.5;77.1;0.4389;-0.0268;
913.35;0;0;0;0;4E;51;50;51;50;51;5DB;1BF;6.8;22.1;205.5;14.5;5.5;77.1;0.4389;-0.0288;
913.60;0;0;0;0;4E;51;50;51;50;51;5D7;1BF;6.8;22.1;206.5;14.5;5.5;77.1;0.4389;-0.0325;
913.85;0;0;0;0;4E;51;50;51;50;51;5D3;1BF;6.7;22.4;205.5;14.5;5.5;77.1;0.4389;-0.0309;
914.10;0;0;0;0;4E;50;50;50;50;50;5D2;1BF;6.6;22.2;206.0;14.5;5.5;77.1;0.4389;-0.0289;
914.35;0;0;0;0;4E;50;50;50;50;50;5CE;1BF;6.6;22.2;206.0;14.5;5.5;77.1;0.4389;-0.0252;
914.60;0;0;0;0;4E;50;4F;50;50;50;5CA;1BF;6.6;22.1;206.5;14.5;5.5;77.1;0.4389;-0.0265;
914.85;0;0;0;0;4E;50;50;50;50;50;5CA;1BF;6.6;22.7;205.0;14.5;5.5;77.1;0.4389;-0.0262;
915.10;0;0;0;0;4E;50;4F;50;4F;50;5C7;1BF;6.6;22.7;205.5;14.5;5.5;77.1;0.4389;-0.0250;
915.35;0;0;0;0;4E;50;4F;50;50;50;5C8;1BF;6.5;22.7;206.0;14.5;5.5;77.1;0.4389;-0.0234;
915.60;0;0;0;0;4E;50;50;50;4F;50;5C7;1BF;6.5;22.7;206.5;14.5;5.5;77.1;0.4389;-0.0233;
915.85;0;0;0;0;4E;50;4F;50;4F;50;5CA;1BF;6.4;22.4;206.5;14.5;5.5;77.1;0.4389;-0.0233;
916.10;0;0;0;0;4E;50;50;50;50;50;5CC;1BF;6.4;22.8;206.0;14.5;5.5;77.1;0.4389;-0.0230;
916.35;0;0;0;0;4E;50;50;50;50;50;5D0;1BF;6.4;22.8;205.5;14.5;5.5;77.1;0.4389;-0.0230;
916.60;0;0;0;0;4E;50;50;50;50;50;5D2;1BF;6.4;22.4;206.0;14.5;5.5;77.1;0.4389;-0.0222;
916.85;0;0;0;0;4E;51;50;50;50;50;5D4;1BF;6.4;22.5;204.0;14.5;5.5;77.1;0.4349;-0.0222;
917.10;0;0;0;0;4E;51;50;51;50;51;5DC;1BF;6.4;22.5;204.0;14.5;5.5;77.1;0.4349;-0.0222;
917.35;0;0;0;0;4E;51;51;51;51;51;5DD;1BF;6.3;22.8;205.5;14.5;5.5;77.1;0.4389;-0.0209;
917.60;0;0;0;0;4E;51;51;51;51;51;5E0;1BF;6.3;22.8;203.5;14.5;5.5;77.1;0.4349;-0.0112;
917.85;0;0;0;0;4E;51;51;51;51;51;5EA;1BF;6.5;22.6;204.5;14.5;5.5;77.1;0.4349;-0.0078;
918.12;0;0;0;0;4F;52;52;52;52;52;5EF;1BF;6.5;22.6;203.0;14.5;5.5;77.1;0.4349;-0.0042;
918.37;0;0;0;0;4F;53;52;52;52;52;5F8;1BF;6.5;23.2;202.5;14.5;5.5;77.1;0.4310;-0.0021;
918.62;0;0;0;0;4F;53;52;53;53;53;603;1BF;6.5;23.2;201.0;14.5;5.5;77.1;0.4310;-0.0051;
918.87;0;0;0;0;4F;54;54;53;54;53;60C;1BF;6.4;24.1;201.0;14.5;5.5;77.1;0.4310;-0.0083;
919.12;0;0;0;0;4F;54;54;54;54;54;617;1BF;6.2;23.8;198.5;14.5;5.5;77.1;0.4270;-0.0066;
919.37;0;0;0;0;4F;55;54;55;55;55;623;1BF;6.2;23.8;198.0;14.5;5.5;77.1;0.4270;-0.0059;
919.62;0;0;0;0;4F;55;55;55;55;55;62D;1BF;6.2;24.3;197.0;14.5;5.5;77.1;0.4270;-0.0044;
919.87;0;0;0;0;4F;56;56;56;56;56;637;1BF;6.3;24.9;195.0;14.5;5.5;77.1;0.4270;-0.0030;
920.12;0;0;0;0;4F;56;56;56;56;56;645;1BF;6.3;24.9;193.0;14.5;5.5;77.1;0.4230;-0.0003;
920.37;0;0;0;0;4F;57;57;57;57;57;64F;1BF;6.2;25.0;192.0;14.5;5.5;77.1;0.4230;0.0017;
920.62;0;0;0;0;4F;58;58;58;58;58;660;1BF;6.2;25.0;189.5;14.5;5.5;77.1;0.4191;0.0010;
920.87;0;0;0;0;4F;59;59;58;59;59;66A;1BF;6.1;25.9;189.5;14.5;5.5;77.1;0.4191;0.0005;
921.12;0;0;0;0;4F;59;59;59;59;59;677;1BF;6.0;26.3;186.5;14.5;5.5;77.1;0.4112;0.0009;
921.37;0;0;0;0;4F;5A;5A;5A;5A;5A;681;1BF;6.0;26.3;185.5;14.5;5.5;77.1;0.4112;0.0012;
921.62;0;0;0;0;4F;5A;5A;5A;5A;5A;692;1BF;6.0;26.6;179.5;14.5;5.5;77.1;0.4072;0.0016;
921.87;0;0;0;0;4F;5B;5B;5B;5B;5B;69A;1BF;6.0;26.6;180.5;14.5;5.5;77.1;0.4072;0.0017;
922.12;0;0;0;0;4F;5B;5C;5B;5B;5C;6A7;1BF;6.0;27.5;173.5;14.5;5.5;77.1;0.3914;0.0012;
922.37;0;0;0;0;4F;5C;5C;5C;5C;5C;6AC;1BF;6.0;27.5;160.5;14.5;5.5;77.1;0.3677;-0.0007;
922.62;0;0;0;0;4F;5D;5C;5D;5C;5D;6B6;1BF;5.9;27.8;139.0;14.5;5.5;77.1;0.3400;-0.0014;
922.87;0;0;0;0;4F;5D;5D;5D;5D;5D;6BE;1BF;5.9;27.2;126.5;14.5;5.5;77.1;0.3242;-0.0014;
923.13;0;0;0;0;50;5D;5D;5D;5E;5E;6C7;1BF;5.9;27.2;110.5;14.5;5.5;77.1;0.3004;-0.0009;
923.38;0;0;0;0;50;5E;5E;5E;5E;5E;6C9;1BF;6.1;28.1;99.0;14.5;5.5;77.1;0.2886;-0.0002;
923.63;0;0;0;0;50;5E;5E;5E;5E;5E;6D5;1BF;6.2;28.2;94.0;14.5;5.5;77.1;0.2806;0.0016;
923.88;0;0;0;0;50;5F;5E;5E;5E;5F;6D6;1BF;6.2;28.2;81.5;14.5;5.5;77.1;0.2648;0.0017;
924.13;0;0;0;0;50;5E;5E;5E;5E;5F;6C5;1BF;6.2;28.3;-9.5;14.5;5.5;77.1;-0.0000;0.0021;
924.38;0;0;0;0;50;5E;5E;5E;5E;5E;6D1;1BF;6.2;28.3;-27.5;14.5;5.5;77.1;-0.0000;0.0021;
924.63;0;0;0;0;50;5E;5E;5E;5D;5E;6C6;1BF;6.4;29.0;-31.0;14.5;5.5;77.1;-0.0000;0.0002;
924.88;0;0;0;0;50;5D;5D;5D;5D;5E;6C3;1BF;6.5;29.0;-31.0;14.5;5.5;77.1;-0.0000;-0.0009;
925.13;0;0;0;0;50;5D;5D;5D;5D;5D;6BF;1BF;6.5;29.0;-31.0;14.5;5.5;77.1;-0.0000;-0.0017;
925.38;0;0;0;0;50;5D;5D;5D;5D;5D;6B8;1BF;6.8;29.0;-30.5;14.5;5.5;77.1;-0.0000;-0.0005;
925.63;0;0;0;0;50;5C;5C;5C;5C;5D;6B3;1BF;7.0;29.5;-30.5;14.5;5.5;77.1;-0.0000;-0.0002;
925.88;0;0;0;0;50;5C;5C;5C;5C;5C;6AF;1BF;7.0;29.5;-30.5;14.5;5.5;77.1;-0.0000;-0.0005;
926.13;0;0;0;0;50;5C;5C;5C;5C;5C;6A5;1BF;7.0;29.5;-30.5;14.5;5.5;77.1;-0.0000;-0.0007;
926.38;0;0;0;0;50;5B;5B;5B;5B;5C;6A1;1BF;7.1;29.6;-30.0;14.5;5.5;77.1;-0.0000;0.0005;
926.63;0;0;0;0;50;5B;5B;5B;5B;5B;697;1BF;7.3;29.6;-30.0;14.5;5.5;77.1;-0.0000;0.0027;
926.88;0;0;0;0;50;5B;5B;5A;5A;5B;692;1BF;7.3;29.6;-30.0;14.5;5.5;77.1;-0.0000;0.0007;
927.13;0;0;0;0;50;5A;5A;5A;5A;5B;689;1BF;7.5;30.3;-30.0;14.5;5.5;77.1;-0.0000;-0.0009;
927.38;0;0;0;0;50;5A;5A;5A;5A;5A;685;1BF;7.5;30.3;-30.0;14.5;5.5;77.1;-0.0000;-0.0010;
927.63;0;0;0;0;50;5A;5A;59;59;5A;67D;1BF;7.7;30.2;-29.5;14.5;5.5;77.1;-0.0000;-0.0007;
927.88;0;0;0;0;50;59;59;59;59;5A;67A;1BF;7.8;30.1;-29.5;14.5;5.5;77.1;-0.0000;-0.0002;
928.15;0;0;0;0;50;59;59;59;59;59;674;1BF;7.8;30.1;-29.5;14.5;5.5;77.1;-0.0000;0.0003;
928.40;0;0;0;0;50;59;59;59;59;59;669;1BF;7.9;30.4;-29.5;14.5;5.5;77.1;-0.0000;-0.0003;
928.65;0;0;0;0;50;58;58;58;58;59;667;1BF;7.9;30.4;-29.0;14.5;5.5;77.1;-0.0000;-0.0003;
928.90;0;0;0;0;50;58;59;58;58;58;662;1BF;7.9;30.4;-29.0;14.5;5.5;77.1;-0.0000;-0.0003;
929.15;0;0;0;0;50;58;58;58;58;58;65C;1BF;8.0;30.1;-29.0;14.5;5.5;77.1;-0.0000;0.0000;
929.40;0;0;0;0;50;57;57;57;57;58;655;1BF;8.0;30.1;-29.0;14.5;5.5;77.1;-0.0000;0.0009;
929.65;0;0;0;0;50;57;57;57;57;57;651;1BF;7.9;30.4;-29.0;14.5;5.5;77.1;-0.0000;0.0016;
929.90;0;0;0;0;50;57;57;56;57;57;649;1BF;7.9;30.4;-28.5;14.5;5.5;77.1;-0.0000;0.0016;
930.15;0;0;0;0;50;56;56;56;56;57;644;1BF;7.9;30.4;-28.5;14.5;5.5;77.1;-0.0000;0.0016;
930.40;0;0;0;0;50;56;56;56;56;56;63B;1BF;7.9;30.4;-28.5;14.5;5.5;77.1;-0.0000;0.0020;
930.65;0;0;0;0;50;56;56;56;56;56;637;1BF;7.9;30.2;-28.5;14.5;5.5;77.1;-0.0000;0.0014;
930.90;0;0;0;0;50;55;55;55;55;56;630;1BF;7.9;30.5;-28.5;14.5;5.5;77.1;-0.0000;-0.0017;
931.15;0;0;0;0;50;55;55;55;55;55;62D;1BF;7.9;30.5;-28.0;14.5;5.5;77.1;-0.0000;-0.0016;
931.40;0;0;0;0;50;55;55;55;55;55;626;1BF;7.8;30.2;-28.0;14.5;5.5;77.1;-0.0000;-0.0002;
931.65;0;0;0;0;50;55;54;54;55;55;622;1BF;7.8;30.1;-28.0;14.5;5.5;77.1;-0.0000;-0.0002;
931.90;0;0;0;0;50;54;54;54;54;54;619;1BF;7.8;30.1;-28.0;14.5;5.5;77.1;-0.0000;0.0000;
932.15;0;0;0;0;50;54;54;54;54;54;616;1BF;7.7;30.5;-28.0;14.5;5.5;77.1;-0.0000;0.0000;
932.40;0;0;0;0;50;54;54;53;53;54;60F;1BF;7.7;30.5;-27.5;14.5;5.5;77.1;-0.0000;0.0028;
932.65;0;0;0;0;50;53;53;53;53;54;60A;1BF;7.7;30.4;-27.5;14.5;5.5;77.1;-0.0000;0.0030;
932.90;0;0;0;0;50;53;53;52;53;53;603;1BF;7.7;30.0;-27.5;14.5;5.5;77.1;-0.0000;0.0046;
933.16;0;0;0;0;50;53;53;52;52;53;601;1BF;7.7;30.0;-27.5;14.5;5.5;77.1;-0.0000;0.0059;
933.41;0;0;0;0;50;52;53;52;52;53;5F8;1BF;7.7;30.7;-27.5;14.5;5.5;77.1;-0.0000;0.0049;
933.66;0;0;0;0;50;52;52;52;52;52;5F4;1BF;7.6;30.8;-27.5;14.5;5.5;77.1;-0.0000;0.0046;
933.91;0;0;0;0;50;52;52;52;52;52;5EF;1BF;7.6;30.8;-27.5;14.5;5.5;77.1;-0.0000;0.0046;
934.16;0;0;0;0;50;51;52;51;51;52;5E8;1BF;7.5;30.6;-27.0;14.5;5.5;77.1;-0.0000;0.0046;
934.41;0;0;0;0;50;51;51;51;51;51;5E2;1BF;7.5;30.6;-27.0;14.5;5.5;77.1;-0.0000;0.0048;
934.66;0;0;0;0;50;51;51;51;51;51;5E1;1BF;7.5;31.2;-27.0;14.5;5.5;77.1;-0.0000;0.0046;
934.91;0;0;0;0;50;51;51;50;50;51;5D6;1BF;7.5;31.2;-27.0;14.5;5.5;77.1;-0.0000;0.0035;
935.16;0;0;0;0;50;50;50;50;50;51;5D3;1BF;7.5;31.2;-27.0;14.5;5.5;77.1;-0.0000;0.0035;
935.41;0;0;0;0;50;50;50;50;50;50;5C9;1BF;7.5;31.2;-27.0;14.5;5.5;77.1;-0.0000;0.0035;
935.66;0;0;0;0;50;50;4F;4F;50;50;5C5;1BF;7.5;31.2;-27.0;14.5;5.5;77.1;-0.0000;0.0027;
935.91;0;0;0;0;50;4F;50;4F;4F;50;5C1;1BF;7.4;31.7;-27.0;14.5;5.5;77.1;-0.0000;0.0021;
936.16;0;0;0;0;50;4F;4F;4F;4F;4F;5BD;1BF;7.4;31.7;-27.0;14.5;5.5;77.1;-0.0000;0.0007;
936.41;0;0;0;0;50;4F;4F;4F;4F;4F;5B8;1BD;7.4;31.5;-27.0;14.5;5.5;77.1;-0.0000;-0.0012;
936.66;0;0;0;0;50;4F;4F;4E;4E;4F;5B5;1BD;7.4;31.5;-26.5;14.5;5.5;77.1;-0.0000;-0.0012;
936.91;0;0;0;0;50;4F;4E;4E;4E;4F;5AE;1BD;7.4;31.5;-27.0;14.5;5.5;77.1;-0.0000;-0.0010;
937.16;0;0;0;0;50;4E;4E;4E;4E;4E;5AA;1BD;7.4;32.0;-27.0;14.5;5.5;77.1;-0.0000;-0.0012;
937.41;0;0;0;0;50;4E;4E;4E;4E;4E;5A6;1BD;7.4;32.0;-27.0;14.5;5.5;77.1;-0.0000;-0.0009;
937.66;0;0;0;0;50;4E;4E;4D;4D;4E;5A2;1BD;7.4;31.7;-27.0;14.5;5.5;77.1;-0.0000;-0.0003;
937.91;0;0;0;0;50;4D;4E;4D;4D;4E;59D;1BD;7.4;31.5;-26.5;14.5;5.5;77.1;-0.0000;0.0002;
938.18;0;0;0;0;50;4D;4D;4D;4D;4D;598;1BD;7.4;31.5;-26.5;14.5;5.5;77.1;-0.0000;0.0005;
938.43;0;0;0;0;50;4D;4D;4D;4D;4D;590;1BD;7.5;31.8;-26.5;14.5;5.5;77.1;-0.0000;-0.0003;
938.68;1;0;0;0;50;4D;4D;4C;4C;4D;58D;1BD;7.5;31.8;-26.5;14.5;5.5;77.1;-0.0000;-0.0007;
938.93;1;0;0;0;4F;4C;4C;4C;4C;4D;497;1BD;7.5;31.4;-24.5;14.5;5.5;77.1;-0.0000;-0.0009;
939.18;1;0;0;0;4F;4C;4C;4C;4C;4C;3FF;1BD;7.5;31.4;47.0;14.5;5.5;77.1;0.3439;-0.0010;
939.43;1;0;0;0;4F;4C;4C;4C;4C;4C;6DE;1BD;7.4;31.3;-23.5;14.5;5.5;77.1;-0.0000;-0.0016;
939.68;1;0;0;0;4F;4C;4C;4C;4C;4C;661;1BD;7.4;31.7;-16.5;14.5;5.5;77.1;-0.0000;-0.0016;
939.93;0;0;0;0;4F;4B;4C;4B;4B;4C;6AA;1BD;7.4;31.7;-29.0;14.5;5.5;77.1;-0.0000;-0.0020;
940.18;0;0;0;0;4F;4B;4B;4B;4B;4B;6A5;1BD;7.4;31.5;-30.0;14.5;5.5;77.1;-0.0000;-0.0020;
940.43;0;0;0;0;4F;4B;4B;4B;4B;4B;691;1BD;7.3;31.7;-30.0;14.5;5.5;77.1;-0.0000;-0.0012;
940.68;0;0;0;0;4F;4A;4B;4A;4A;4B;695;1BD;7.3;31.7;-30.0;14.5;5.5;77.1;-0.0000;-0.0007;
940.93;0;0;0;0;4F;4A;4A;4A;4A;4A;68D;1BD;7.3;32.0;-30.0;14.5;5.5;77.1;-0.0000;0.0000;
941.18;0;0;0;0;4F;4A;4A;4A;4A;4A;687;1BD;7.3;32.0;-29.5;14.5;5.5;77.1;-0.0000;0.0007;
941.43;0;0;0;0;4F;49;4A;49;49;4A;67A;1BD;7.3;31.7;-29.5;14.5;5.5;77.1;-0.0000;0.0092;
941.68;0;0;0;0;4F;49;49;49;49;49;676;1BD;7.3;31.9;-29.5;14.5;5.5;77.1;-0.0000;0.0094;
941.93;0;0;0;0;4F;49;49;49;49;49;66C;1BD;7.3;31.9;-29.5;14.5;5.5;77.1;-0.0000;0.0074;
942.18;0;0;0;0;4F;48;49;48;48;49;668;1BD;7.2;32.6;-29.0;14.5;5.5;77.1;-0.0000;0.0062;
942.43;0;0;0;0;4F;48;48;48;48;48;661;1BD;7.1;32.5;-29.0;14.5;5.5;77.1;-0.0000;0.0053;
942.68;0;0;0;0;4F;48;48;48;48;48;65A;1BD;7.1;32.5;-29.0;14.5;5.5;77.1;-0.0000;0.0053;
942.93;0;0;0;0;4F;47;48;47;47;48;64F;1BD;7.1;32.5;-29.0;14.5;5.5;77.1;-0.0000;0.0037;
943.19;0;0;0;0;4F;47;47;47;47;47;646;1BD;7.1;32.7;-28.5;14.5;5.5;77.1;-0.0000;0.0031;
943.44;0;0;0;0;4F;46;47;46;47;47;63A;1BD;7.0;33.3;-28.5;14.5;5.5;77.1;-0.0000;0.0028;
943.69;1;0;0;0;4F;46;46;46;46;46;5F3;1BD;7.0;33.3;-28.0;14.5;5.5;77.1;-0.0000;0.0027;
943.94;1;0;0;0;4F;46;46;46;46;46;545;1BD;7.0;33.1;-26.0;14.5;5.5;77.1;-0.0000;0.0020;
944.19;1;0;0;0;4F;46;46;45;45;46;485;1BD;7.0;33.1;114.0;14.5;5.5;77.1;0.4665;0.0009;
944.44;1;0;0;0;4F;45;45;45;45;45;73D;1BD;6.9;33.1;166.5;14.5;5.5;77.1;0.3400;0.0007;
944.69;1;0;0;0;4F;45;45;45;45;45;715;1BD;6.8;33.3;-19.0;14.5;5.5;77.1;-0.0000;0.0007;
944.94;1;0;0;0;4F;44;44;44;44;44;796;1BD;6.8;33.3;-33.5;14.5;5.5;77.1;-0.0001;0.0002;
945.19;0;0;0;0;4F;44;44;43;43;44;770;1BD;6.7;33.1;-33.0;14.5;5.5;77.1;-0.0001;0.0005;
945.44;0;0;0;0;4F;43;43;43;43;43;75E;1BD;6.6;33.5;-32.5;14.5;5.5;77.1;-0.0001;0.0009;
945.69;0;0;0;0;4F;42;42;42;42;42;745;1BD;6.6;33.5;-32.0;14.5;5.5;77.1;-0.0000;0.0028;
945.94;0;0;0;0;4F;42;42;42;42;42;73B;1BD;6.6;33.6;-32.0;14.5;5.5;77.1;-0.0000;0.0034;
946.19;0;0;0;0;4F;41;41;41;41;41;727;1BD;6.6;33.6;-31.5;14.5;5.5;77.1;-0.0000;0.0030;
946.44;0;0;0;0;4F;40;41;40;40;41;719;1BD;6.6;32.9;-31.5;14.5;5.5;77.1;-0.0000;0.0035;
946.69;0;0;0;0;4F;40;40;3F;40;40;702;1BD;6.6;33.1;-31.0;14.5;5.5;77.1;-0.0000;0.0039;
946.94;0;0;0;0;4F;3F;3F;3F;3F;3F;6F0;1BD;6.6;33.1;-31.0;14.5;5.5;77.1;-0.0000;0.0041;
947.19;0;0;0;0;4F;3E;3E;3E;3E;3E;6D9;1BD;6.6;33.1;-30.5;14.5;5.5;77.1;-0.0000;0.0046;
947.44;0;0;0;0;4F;3E;3E;3E;3D;3E;6C8;1BD;6.5;33.3;-30.5;14.5;5.5;77.1;-0.0000;0.0051;
947.69;0;0;0;0;4F;3D;3D;3D;3D;3D;6B0;1BD;6.5;32.8;-30.0;14.5;5.5;77.1;-0.0000;0.0056;
947.94;0;0;0;0;4F;3C;3C;3C;3C;3C;69F;1BD;6.5;32.8;-30.0;14.5;5.5;77.1;-0.0000;0.0041;
948.21;0;0;0;0;4F;3B;3B;3B;3B;3C;687;1BD;6.4;33.3;-29.5;14.5;5.5;77.1;-0.0000;0.0020;
948.46;0;0;0;0;4F;3B;3B;3B;3B;3B;677;1BD;6.5;33.6;-29.5;14.5;5.5;77.1;-0.0000;-0.0021;
948.71;0;0;0;0;4F;3A;3A;3A;3A;3A;660;1BD;6.5;33.6;-29.0;14.5;5.5;77.1;-0.0000;-0.0113;
948.96;0;0;0;0;4F;39;39;39;39;39;64E;1BD;6.5;33.5;-29.0;14.5;5.5;77.1;-0.0000;-0.0218;
949.21;0;0;0;0;4F;39;38;39;38;39;634;1BD;6.5;33.5;-28.5;14.5;5.5;77.1;-0.0000;-0.0453;
949.46;0;0;0;0;4F;38;38;38;37;38;627;1BD;6.5;33.5;-28.5;14.5;5.5;77.1;-0.0000;-0.0494;
949.71;0;0;0;0;4F;37;37;37;37;37;60A;1BD;6.3;32.3;-28.0;14.5;5.5;77.1;-0.0000;-0.0515;
949.96;0;0;0;0;4E;37;36;37;36;37;5FB;1BD;6.3;32.3;-28.0;14.5;5.5;77.1;-0.0000;-0.0519;
950.21;0;0;0;0;4E;36;35;36;35;36;5E2;1BD;6.3;31.7;-27.5;14.5;5.5;77.1;-0.0000;-0.0745;
950.46;0;0;0;0;4E;35;34;35;34;35;5CF;1BD;6.2;31.2;-27.5;14.5;5.5;77.1;-0.0000;-0.0924;
950.71;0;0;0;0;4E;35;33;34;33;34;5B0;1BD;6.2;31.2;-27.0;14.5;5.5;77.1;-0.0000;-0.1030;
950.96;0;0;0;0;4E;34;32;34;32;33;5A3;1BD;5.9;29.6;-27.0;14.5;5.5;77.1;-0.0000;-0.1145;
951.21;0;0;0;0;4E;33;31;33;31;32;583;1BD;5.9;29.6;-26.5;14.5;5.5;77.1;-0.0000;-0.1230;
951.46;0;0;0;0;4E;32;31;32;30;32;570;1BD;6.1;27.9;-26.5;14.5;5.5;77.1;-0.0000;-0.1249;
951.71;0;0;0;0;4E;31;30;31;30;31;55E;1BD;6.1;27.9;-10.0;14.5;5.5;77.1;0.1976;-0.1214;
951.96;0;0;0;0;4E;31;2F;31;2F;30;55E;1BD;6.4;26.4;27.5;14.5;5.5;77.1;0.2569;-0.1136;
952.21;0;0;0;0;4E;30;2F;30;2F;30;543;1BD;6.4;26.4;80.0;14.5;5.5;77.1;0.3004;-0.1139;
952.46;0;0;0;0;4E;30;2F;30;2E;2F;53B;1BD;6.8;24.4;99.5;14.5;5.5;77.1;0.3004;-0.1166;
952.71;0;0;0;0;4E;30;2E;30;2E;2F;532;1BD;7.3;22.5;109.0;14.5;5.5;77.1;0.3004;-0.1209;
952.96;0;0;0;0;4E;30;2E;30;2E;2F;533;1BD;7.3;22.5;110.0;14.5;5.5;77.1;0.2965;-0.1207;
953.22;0;0;0;0;4E;30;2E;30;2E;2F;530;1BD;7.8;20.8;107.5;14.5;5.5;77.1;0.2925;-0.1168;
953.47;0;0;0;0;4E;30;2E;2F;2E;2F;52E;1BD;8.4;19.1;106.5;14.5;5.5;77.1;0.2886;-0.1139;
953.72;0;0;0;0;4E;2F;2E;2F;2E;2F;528;1BD;8.4;19.1;100.0;14.5;5.5;77.1;0.2807;-0.1120;
953.97;0;0;0;0;4E;2F;2E;2F;2E;2F;527;1BD;9.0;18.5;99.5;14.5;5.5;77.1;0.2807;-0.1088;
954.22;0;0;0;0;4E;2F;2D;2F;2E;2E;521;1BD;9.0;18.5;100.0;14.5;5.5;77.1;0.2846;-0.1048;
954.47;0;0;0;0;4E;2F;2D;2F;2E;2E;522;1BD;9.5;17.5;100.0;14.5;5.5;77.1;0.2846;-0.0954;
954.72;0;0;0;0;4E;2E;2E;2F;2E;2E;518;1BD;10.0;16.5;99.0;14.5;5.5;77.1;0.2807;-0.0851;
954.97;0;0;0;0;4E;2E;2D;2E;2E;2E;517;1BD;10.0;16.5;99.5;14.5;5.5;77.1;0.2807;-0.0757;
955.22;0;0;0;0;4E;2E;2E;2E;2D;2E;517;1BD;10.9;16.8;99.0;14.5;5.5;77.1;0.2807;-0.0590;
955.47;0;0;0;0;4E;2E;2E;2E;2E;2E;513;1BD;10.9;16.8;99.0;14.5;5.5;77.1;0.2807;-0.0444;
955.72;0;0;0;0;4E;2E;2D;2E;2E;2E;514;1BD;11.1;17.0;99.5;14.5;5.5;77.1;0.2846;-0.0371;
955.97;0;0;0;0;4E;2E;2E;2E;2E;2E;51A;1BD;11.1;17.0;100.0;14.5;5.5;77.1;0.2846;-0.0304;
956.22;0;0;0;0;4E;2E;2E;2E;2E;2E;51F;1BD;11.2;17.4;102.0;14.5;5.5;77.1;0.2846;-0.0215;
956.47;0;0;0;0;4E;2E;2E;2E;2E;2E;51D;1BD;11.1;18.2;101.5;14.5;5.5;77.1;0.2846;-0.0078;
956.72;0;0;0;0;4E;2E;2E;2E;2E;2E;51E;1BD;11.1;18.2;101.5;14.5;5.5;77.1;0.3004;0.0039;
956.97;0;0;0;0;4E;2E;2E;2E;2E;2E;51D;1BD;11.0;19.0;109.5;14.5;5.5;77.1;0.3202;0.0098;
957.22;0;0;0;0;4E;2E;2F;2E;2E;2E;524;1BD;11.0;19.0;136.0;14.5;5.5;77.1;0.3677;0.0102;
957.47;0;0;0;0;4E;2F;2F;2E;2F;2F;529;1BD;10.8;20.1;150.5;14.5;5.5;77.1;0.3677;0.0085;
957.72;0;0;0;0;4E;2F;2F;2F;2F;2F;539;1BD;10.4;21.2;154.0;14.5;5.5;77.1;0.3598;0.0073;
957.97;0;0;0;0;4E;2F;2F;2F;2F;2F;536;1BD;10.4;21.2;152.0;14.5;5.5;77.1;0.3558;0.0062;
958.23;0;0;0;0;4E;2F;30;2F;2F;2F;53B;1BD;10.2;21.9;148.0;14.5;5.5;77.1;0.3439;0.0062;
958.48;0;0;0;0;4E;30;30;30;30;30;549;1BD;9.9;22.7;142.0;14.5;5.5;77.1;0.3400;0.0048;
958.73;0;0;0;0;4E;30;30;30;30;30;553;1BD;9.9;22.7;137.5;14.5;5.5;77.1;0.3360;0.0021;
958.98;0;0;0;0;4E;30;30;30;30;30;54F;1BD;9.5;23.7;130.0;14.5;5.5;77.1;0.3242;0.0010;
959.23;0;0;0;0;4E;30;30;30;30;30;55D;1BD;9.2;23.9;120.0;14.5;5.5;77.1;0.2965;0.0014;
959.48;0;0;0;0;4E;31;31;31;31;31;55A;1BD;9.2;23.9;92.0;14.5;5.5;77.1;0.2490;0.0024;
959.73;0;0;0;0;4E;31;31;31;31;31;552;1BD;9.2;23.9;42.0;14.5;5.5;77.1;0.1027;0.0031;
959.98;0;0;0;0;4E;30;30;30;30;30;54A;1BD;9.1;24.4;-13.5;14.5;5.5;77.1;-0.0000;0.0039;
960.23;0;0;0;0;4E;30;30;30;30;30;542;1BD;9.1;25.3;-17.0;14.5;5.5;77.1;0.1580;0.0046;
960.48;0;0;0;0;4E;2F;2F;2F;2F;2F;559;1BD;9.1;25.3;40.0;14.5;5.5;77.1;0.2648;0.0048;
960.73;0;0;0;0;4E;2F;2F;2F;2F;2F;53E;1BD;9.3;25.7;71.5;14.5;5.5;77.1;0.2648;0.0053;
960.98;0;0;0;0;4E;2F;30;2F;2F;2F;540;1BD;9.3;25.7;83.5;14.5;5.5;77.1;0.2648;0.0067;
961.23;0;0;0;0;4E;2F;2F;2F;30;30;540;1BD;9.3;25.6;83.5;14.5;5.5;77.1;0.2490;0.0074;
961.48;0;0;0;0;4E;30;30;2F;2F;30;542;1BD;9.2;25.7;79.5;14.5;5.5;77.1;0.2530;0.0063;
961.73;0;0;0;0;4E;30;30;30;30;30;547;1BD;9.2;25.7;80.5;14.5;5.5;77.1;0.2530;0.0049;
961.98;0;0;0;0;4E;30;30;30;30;30;546;1BD;9.4;25.8;85.0;14.5;5.5;77.1;0.2648;0.0046;
962.23;0;0;0;0;4E;30;30;30;30;30;545;1BD;9.5;25.9;88.5;14.5;5.5;77.1;0.2727;0.0037;
962.48;0;0;0;0;4E;30;30;30;30;30;548;1BD;9.5;25.9;93.5;14.5;5.5;77.1;0.2807;0.0041;
962.73;0;0;0;0;4E;30;30;30;30;30;54A;1BD;9.5;25.9;97.0;14.5;5.5;77.1;0.2807;0.0042;
962.98;0;0;0;0;4E;30;30;30;30;30;550;1BD;9.5;25.9;92.5;14.5;5.5;77.1;0.2688;0.0046;
963.26;0;0;0;0;4E;30;30;30;30;30;54F;1BD;9.6;26.0;91.0;14.5;5.5;77.1;0.2648;0.0088;
963.51;0;0;0;0;4E;30;30;30;30;30;54E;1BD;9.7;26.3;82.5;14.5;5.5;77.1;0.1937;0.0105;
963.76;0;0;0;0;4E;30;30;30;30;30;538;1BD;9.7;26.3;1.0;14.5;5.5;77.1;-0.0000;0.0115;
964.01;0;0;0;0;4E;2F;30;2F;2F;30;536;1BD;9.7;26.3;-20.5;14.5;5.5;77.1;-0.0000;0.0115;
964.26;0;0;0;0;4E;2F;2F;2F;2F;2F;533;1BB;9.6;26.6;-9.5;14.5;5.5;77.1;0.1581;0.0115;
964.51;0;0;0;0;4E;2E;2E;2E;2F;2F;529;1BB;9.7;26.9;11.5;14.5;5.5;77.1;0.0118;0.0110;
964.76;0;0;0;0;4E;2E;2E;2E;2E;2E;513;1BB;9.7;26.9;-12.5;14.5;5.5;77.1;-0.0000;0.0094;
965.01;0;0;0;0;4E;2E;2E;2D;2E;2E;50D;1BB;9.6;26.9;-24.0;14.5;5.5;77.1;-0.0000;-0.0055;
965.26;0;0;0;0;4E;2D;2D;2D;2D;2D;502;1BB;9.7;27.3;-25.5;14.5;5.5;77.1;-0.0000;-0.0085;
965.51;0;0;0;0;4E;2D;2D;2D;2D;2D;4F2;1BB;9.7;27.3;-25.5;14.5;5.5;77.1;-0.0000;-0.0131;
965.76;0;0;0;0;4E;2C;2C;2C;2C;2C;4E6;1BB;10.0;27.5;-25.5;14.5;5.5;77.1;-0.0000;-0.0181;
966.01;0;0;0;0;4E;2C;2C;2C;2C;2C;4D8;1BB;10.0;27.5;-25.0;14.5;5.5;77.1;-0.0000;-0.0220;
966.26;0;0;0;0;4E;2B;2B;2B;2B;2B;4CD;1BB;10.2;27.3;-25.0;14.5;5.5;77.1;-0.0000;-0.0220;
966.51;0;0;0;0;4E;2B;2B;2B;2B;2B;4BA;1BB;10.3;27.6;-25.0;14.5;5.5;77.1;-0.0000;-0.0220;
966.76;0;0;0;0;4E;2A;2A;2A;2A;2A;4B3;1BB;10.3;27.6;-25.0;14.5;5.5;77.1;-0.0000;-0.0250;
967.01;1;0;0;0;4E;2A;2A;2A;2A;2A;461;1BB;10.5;27.8;-24.5;14.5;5.5;77.1;-0.0000;-0.0466;
967.26;1;0;0;0;4E;2A;29;2A;29;2A;3BD;1BB;10.8;27.4;-24.0;14.5;5.5;77.1;-0.0000;-0.0481;
967.51;1;0;0;0;4E;2A;29;29;29;29;36C;1BB;10.8;27.4;7.5;14.5;5.5;77.1;-0.0039;-0.0492;
967.76;1;0;0;0;4E;29;28;29;28;29;3A8;1BB;11.0;27.0;0.0;14.5;5.5;77.1;-0.0000;-0.0502;
968.01;1;0;0;0;4E;28;28;28;28;28;4DE;1BB;11.0;27.0;-25.0;14.5;5.5;77.1;0.0118;-0.0542;
968.27;1;0;0;0;4E;27;27;27;27;27;5F8;1BB;11.3;26.8;-18.5;14.5;5.5;77.1;0.0553;-0.0615;
968.52;1;0;0;0;4E;27;26;27;26;27;5FF;1BB;11.3;26.8;-2.0;14.5;5.5;77.1;0.1027;-0.0682;
968.77;0;0;0;0;4E;27;26;27;26;26;602;1BB;11.7;26.2;17.5;14.5;5.5;77.1;0.1699;-0.0784;
969.02;0;0;0;0;4E;27;26;26;25;26;5ED;1BB;11.8;25.0;31.5;14.5;5.5;77.1;0.2174;-0.1030;
969.27;0;0;0;0;4E;27;26;26;26;26;5F5;1BB;11.8;25.0;47.0;14.5;5.5;77.1;0.2530;-0.1066;
969.52;0;0;0;0;4E;27;26;27;26;26;5F5;1BB;11.8;24.3;80.0;14.5;5.5;77.1;0.3123;-0.1073;
969.77;0;0;0;0;4E;27;26;27;26;26;5FF;1BB;11.8;24.3;102.0;14.5;5.5;77.1;0.3321;-0.1070;
970.02;0;0;0;0;4E;28;26;27;26;27;615;1BB;12.0;23.0;126.5;14.5;5.5;77.1;0.3479;-0.0908;
970.27;0;0;0;0;4E;28;27;28;27;27;622;1BB;11.6;22.3;137.0;14.5;5.5;77.1;0.3637;-0.0766;
970.52;0;0;0;0;4E;28;28;28;28;28;63A;1BB;11.6;22.3;150.0;14.5;5.5;77.1;0.3716;-0.0566;
970.77;0;0;0;0;4E;29;29;29;29;29;656;1BB;11.3;21.6;152.5;14.5;5.5;77.1;0.3756;-0.0431;
971.02;0;0;0;0;4E;29;29;29;29;29;670;1BB;11.1;20.8;157.0;14.5;5.5;77.1;0.3756;-0.0293;
971.27;0;0;0;0;4E;2A;2A;2A;2A;2A;689;1BB;11.1;20.8;159.0;14.5;5.5;77.1;0.3795;-0.0145;
971.52;0;0;0;0;4E;2B;2B;2B;2B;2B;6AE;1BB;10.7;20.8;162.0;14.5;5.5;77.1;0.3874;0.0024;
971.77;0;0;0;0;4E;2C;2C;2C;2C;2C;6CB;1BB;10.7;20.8;164.5;14.5;5.5;77.1;0.3953;0.0134;
972.02;0;0;0;0;4E;2C;2C;2C;2C;2C;6E9;1BB;10.2;20.9;169.5;14.5;5.5;77.1;0.3953;0.0191;
972.27;0;0;0;0;4E;2D;2D;2D;2D;2D;700;1BB;10.2;20.9;170.0;14.5;5.5;77.1;0.3914;0.0194;
972.52;0;0;0;0;4E;2E;2E;2E;2E;2E;728;1BB;9.7;21.4;164.0;14.5;5.5;77.1;0.3795;0.0191;
972.77;0;0;0;0;4E;2E;2F;2F;2F;2F;73C;1BB;9.7;21.4;158.5;14.5;5.5;77.1;0.3676;0.0169;
973.02;0;0;0;0;4E;2F;30;30;2F;2F;764;1BB;8.8;21.0;151.0;14.5;5.5;77.1;0.3637;0.0066;
973.29;0;0;0;0;4E;30;30;30;30;30;77F;1BB;8.3;21.9;147.0;14.5;5.5;77.1;0.3518;0.0059;
973.54;0;0;0;0;4E;31;31;31;31;31;747;1BB;8.3;21.9;34.0;14.5;5.5;77.1;-0.0000;0.0053;
973.79;1;0;0;0;4E;30;30;30;30;30;6BD;1BB;8.0;22.3;-26.0;14.5;5.5;77.1;-0.0000;0.0027;
974.04;1;0;0;0;4E;30;30;30;30;30;60C;1BB;7.9;23.2;-26.5;14.5;5.5;77.1;-0.0000;-0.0034;
974.29;1;0;0;0;4E;30;30;30;30;30;524;1BB;7.9;23.2;113.0;14.5;5.5;77.1;0.3202;-0.0039;
974.54;0;0;0;0;4E;30;30;30;30;30;54B;1BB;8.1;24.3;136.0;14.5;5.5;77.1;0.3677;-0.0042;
974.79;0;0;0;0;4E;30;30;30;30;30;54C;1BB;8.1;24.3;148.5;14.5;5.5;77.1;0.3479;-0.0044;
975.04;0;0;0;0;4E;30;30;30;30;30;551;1BB;8.1;24.5;143.5;14.5;5.5;77.1;0.3400;-0.0027;
975.29;0;0;0;0;4E;31;31;30;30;30;55F;1BB;8.1;24.8;136.0;14.5;5.5;77.1;0.3321;-0.0027;
975.54;0;0;0;0;4E;31;31;30;30;31;55D;1BB;8.1;24.8;130.5;14.5;5.5;77.1;0.3123;-0.0023;
975.79;0;0;0;0;4E;31;31;31;31;31;553;1BB;8.2;24.7;72.5;14.5;5.5;77.1;0.1897;-0.0056;
976.04;0;0;0;0;4E;30;30;30;30;30;54C;1BB;8.5;24.9;3.5;14.5;5.5;77.1;-0.0000;-0.0123;
976.29;0;0;0;0;4E;30;30;30;30;30;540;1BB;8.5;24.9;-18.5;14.5;5.5;77.1;-0.0000;-0.0130;
976.54;0;0;0;0;4E;2F;2F;2F;2F;30;534;1BB;8.5;24.9;-25.0;14.5;5.5;77.1;-0.0000;-0.0127;
976.79;0;0;0;0;4E;2F;2F;2F;2E;2F;52C;1BB;9.0;24.2;2.5;14.5;5.5;77.1;0.2055;-0.0102;
977.04;0;0;0;0;4E;2E;2E;2E;2E;2E;53C;1BB;9.5;24.4;35.0;14.5;5.5;77.1;0.2411;0.0106;
977.29;0;0;0;0;4E;2E;2E;2E;2E;2E;51B;1BB;9.5;24.4;65.0;14.5;5.5;77.1;0.2490;0.0245;
977.54;0;0;0;0;4E;2E;2E;2E;2E;2E;51A;1BB;9.9;24.5;74.0;14.5;5.5;77.1;0.2490;0.0453;
977.79;0;0;0;0;4E;2D;2E;2D;2E;2E;516;1BB;9.9;24.5;79.5;14.5;5.5;77.1;0.2569;0.0679;
978.04;0;0;0;0;4E;2D;2F;2D;2E;2E;517;1BB;9.8;24.8;84.0;14.5;5.5;77.1;0.2648;0.0901;
978.30;0;0;0;0;4E;2D;2E;2D;2E;2E;519;1BB;9.2;26.2;87.0;14.5;5.5;77.1;0.2648;0.0956;
978.55;0;0;0;0;4E;2D;2E;2D;2E;2E;513;1BB;9.2;26.2;86.5;14.5;5.5;77.1;0.2648;0.1022;
978.80;0;0;0;0;4E;2D;2F;2D;2E;2E;514;1BB;8.7;27.0;86.5;14.5;5.5;77.1;0.2648;0.1022;
979.05;0;0;0;0;4E;2D;2E;2D;2E;2E;518;1BB;8.6;28.3;86.0;14.5;5.5;77.1;0.2648;0.1013;
979.30;0;0;0;0;4E;2D;2F;2E;2F;2E;51E;1BB;8.6;28.3;85.5;14.5;5.5;77.1;0.2609;0.1011;
979.55;0;0;0;0;4E;2E;2F;2E;2F;2F;527;1BB;8.3;30.1;86.5;14.5;5.5;77.1;0.2648;0.0979;
979.80;0;0;0;0;4E;2F;30;2F;30;2F;53A;1BB;8.3;30.1;88.5;14.5;5.5;77.1;0.2648;0.0565;
980.05;0;0;0;0;4E;2F;30;2F;30;30;547;1BB;8.0;31.4;87.0;14.5;5.5;77.1;0.2648;0.0289;
980.30;0;0;0;0;4E;30;30;30;30;30;558;1BB;7.8;31.6;86.5;14.5;5.5;77.1;0.2648;-0.0041;
980.55;0;0;0;0;4E;31;30;31;30;31;55F;1BB;7.8;31.6;86.5;14.5;5.5;77.1;0.2609;-0.0298;
980.80;0;0;0;0;4E;31;31;31;31;31;56B;1BB;7.8;31.6;86.0;14.5;5.5;77.1;0.2648;-0.0467;
981.05;0;0;0;0;4E;32;31;31;31;31;574;1BB;7.5;31.3;87.0;14.5;5.5;77.1;0.2648;-0.0473;
981.30;0;0;0;0;4E;32;31;32;31;32;578;1BB;7.4;30.8;88.5;14.5;5.5;77.1;0.2648;-0.0471;
981.55;0;0;0;0;4E;32;31;32;31;32;57C;1BB;7.4;30.8;87.0;14.5;5.5;77.1;0.2648;-0.0460;
981.80;0;0;0;0;4E;32;31;32;32;32;580;1BB;7.4;30.4;87.0;14.5;5.5;77.1;0.2648;-0.0360;
982.05;0;0;0;0;4E;32;32;32;32;32;583;1BB;7.7;29.7;85.0;14.5;5.5;77.1;0.2530;-0.0247;
982.30;0;0;0;0;4E;32;32;32;32;32;56B;1BB;7.7;29.7;-2.5;14.5;5.5;77.1;-0.0000;-0.0147;
982.55;0;0;0;0;4E;32;32;31;31;32;56C;1BB;8.2;27.8;-16.0;14.5;5.5;77.1;-0.0000;-0.0087;
982.80;0;0;0;0;4E;31;31;31;31;31;565;1BB;8.2;27.8;-26.5;14.5;5.5;77.1;-0.0000;-0.0044;
983.05;0;0;0;0;4E;31;31;31;31;31;571;1BB;8.5;27.3;17.0;14.5;5.5;77.1;0.2213;0.0005;
983.31;0;0;0;0;4E;30;30;30;30;31;55D;1BB;8.9;26.5;56.5;14.5;5.5;77.1;0.2292;0.0027;
983.56;0;0;0;0;4E;31;31;31;31;31;566;1BB;8.9;26.5;61.0;14.5;5.5;77.1;0.2292;0.0021;
983.81;0;0;0;0;4E;31;31;31;31;31;567;1BB;9.3;24.5;63.0;14.5;5.5;77.1;0.2253;0.0010;
984.06;0;0;0;0;4E;31;31;31;31;31;56E;1BB;9.5;23.8;68.5;14.5;5.5;77.1;0.2451;0.0014;
984.31;0;0;0;0;4E;31;31;31;31;31;575;1BB;9.5;23.8;72.0;14.5;5.5;77.1;0.2411;0.0016;
984.56;0;0;0;0;4E;32;32;32;32;32;57F;1BB;9.8;23.7;68.5;14.5;5.5;77.1;0.2332;0.0007;
984.81;0;0;0;0;4E;32;32;32;32;32;583;1BB;9.8;23.7;61.5;14.5;5.5;77.1;0.2213;-0.0044;
985.06;0;0;0;0;4E;32;32;32;32;32;58B;1BB;9.9;24.2;57.0;14.5;5.5;77.1;0.2134;-0.0094;
985.31;0;0;0;0;4E;32;32;32;32;32;58F;1BB;9.9;24.2;50.0;14.5;5.5;77.1;0.1976;-0.0115;
985.56;0;0;0;0;4E;32;32;32;32;33;58F;1BB;9.6;24.8;46.0;14.5;5.5;77.1;0.1936;-0.0166;
985.81;0;0;0;0;4E;33;33;32;32;33;596;1BB;9.6;24.8;42.0;14.5;5.5;77.1;0.1897;-0.0204;
986.06;0;0;0;0;4E;33;32;32;32;33;593;1BB;9.6;25.0;40.0;14.5;5.5;77.1;0.1818;-0.0197;
986.31;0;0;0;0;4E;32;32;32;32;32;588;1BB;9.7;25.3;40.0;14.5;5.5;77.1;0.1857;-0.0188;
986.56;0;0;0;0;4E;32;32;32;32;32;58C;1BB;9.7;25.3;41.0;14.5;5.5;77.1;0.1897;-0.0183;
986.81;0;0;0;0;4E;32;32;32;32;32;587;1BB;9.7;25.8;44.0;14.5;5.5;77.1;0.1976;-0.0158;
987.06;0;0;0;0;4E;32;32;32;32;32;584;1BB;9.6;25.0;47.0;14.5;5.5;77.1;0.2016;-0.0140;
987.31;0;0;0;0;4E;32;32;32;32;32;583;1BB;9.6;25.0;49.5;14.5;5.5;77.1;0.2055;-0.0115;
987.56;0;0;0;0;4E;32;32;32;32;32;582;1BB;9.6;24.7;50.5;14.5;5.5;77.1;0.2095;-0.0078;
987.81;0;0;0;0;4E;32;31;32;32;32;57D;1BB;9.6;24.7;53.0;14.5;5.5;77.1;0.2134;-0.0031;
988.06;0;0;0;0;4E;32;32;32;32;32;57D;1BB;9.6;25.1;55.0;14.5;5.5;77.1;0.2174;-0.0021;
988.32;0;0;0;0;4E;32;32;31;32;32;57B;1BB;9.8;25.0;57.0;14.5;5.5;77.1;0.2213;-0.0009;
988.57;0;0;0;0;4E;31;32;31;31;32;57A;1BB;9.8;25.0;59.0;14.5;5.5;77.1;0.2213;0.0009;
988.82;0;0;0;0;4E;31;31;31;31;32;576;1BB;9.6;24.7;61.5;14.5;5.5;77.1;0.2253;0.0031;
989.07;0;0;0;0;4E;31;31;31;31;32;57A;1BB;9.6;24.7;62.0;14.5;5.5;77.1;0.2292;0.0034;
989.32;0;0;0;0;4E;31;31;31;31;32;573;1BB;9.7;24.9;64.0;14.5;5.5;77.1;0.2292;0.0041;
989.57;0;0;0;0;4E;31;31;31;31;32;574;1BB;9.7;24.9;65.5;14.5;5.5;77.1;0.2332;0.0044;
989.82;0;0;0;0;4E;31;31;31;31;31;576;1BB;9.8;24.9;67.5;14.5;5.5;77.1;0.2371;0.0046;
990.07;0;0;0;0;4E;31;31;31;31;31;573;1BB;9.7;24.6;69.0;14.5;5.5;77.1;0.2371;0.0049;
990.32;0;0;0;0;4E;31;31;31;31;31;573;1BB;9.7;24.6;70.5;14.5;5.5;77.1;0.2411;0.0051;
990.57;0;0;0;0;4E;31;31;31;31;32;576;1BB;9.6;25.0;70.5;14.5;5.5;77.1;0.2411;0.0053;
990.82;0;0;0;0;4E;31;31;31;31;31;575;1BB;9.5;25.0;71.5;14.5;5.5;77.1;0.2411;0.0059;
991.07;0;0;0;0;4E;31;31;31;31;31;571;1BB;9.5;25.0;73.0;14.5;5.5;77.1;0.2451;0.0053;
991.32;0;0;0;0;4E;31;31;31;31;31;573;1BB;9.5;25.0;75.0;14.5;5.5;77.1;0.2451;0.0049;
991.57;0;0;0;0;4E;31;31;31;31;31;574;1BB;9.5;25.0;76.0;14.5;5.5;77.1;0.2490;0.0049;
991.82;0;0;0;0;4E;31;31;31;31;31;573;1BB;9.4;25.2;77.0;14.5;5.5;77.1;0.2490;0.0042;
992.07;0;0;0;0;4E;31;31;31;31;31;574;1BA;9.3;25.2;77.5;14.5;5.5;77.1;0.2490;0.0035;
992.32;0;0;0;0;4E;31;31;31;31;31;575;1BA;9.3;25.2;78.5;14.5;5.5;77.1;0.2530;0.0017;
992.57;0;0;0;0;4E;31;32;31;31;32;578;1BA;9.3;24.9;79.0;14.5;5.5;77.1;0.2530;0.0009;
992.82;0;0;0;0;4E;31;31;31;31;32;573;1BA;9.2;25.2;78.5;14.5;5.5;77.1;0.2490;-0.0003;
993.07;0;0;0;0;4E;31;31;31;31;31;575;1BA;9.2;25.2;79.0;14.5;5.5;77.1;0.2530;-0.0005;
993.34;0;0;0;0;4E;31;31;31;31;32;579;1BA;9.2;25.2;80.0;14.5;5.5;77.1;0.2530;-0.0007;
993.59;0;0;0;0;4E;31;31;31;31;32;575;1BA;9.2;24.9;80.5;14.5;5.5;77.1;0.2530;-0.0002;
993.84;0;0;0;0;4E;31;31;31;31;32;576;1BA;9.2;24.6;81.0;14.5;5.5;77.1;0.2530;0.0009;
994.09;0;0;0;0;4E;31;31;31;31;31;575;1BA;9.2;24.6;82.0;14.5;5.5;77.1;0.2569;0.0016;
994.34;0;0;0;0;4E;31;32;31;31;32;577;1BA;9.2;25.0;82.5;14.5;5.5;77.1;0.2569;0.0017;
994.59;0;0;0;0;4E;31;32;31;31;32;579;1BA;9.2;25.0;82.5;14.5;5.5;77.1;0.2569;0.0021;
994.84;0;0;0;0;4E;31;31;31;32;32;579;1BA;9.1;24.8;82.5;14.5;5.5;77.1;0.2569;0.0028;
995.09;0;0;0;0;4E;32;32;31;32;32;57C;1BA;9.1;24.6;83.0;14.5;5.5;77.1;0.2569;0.0035;
995.34;0;0;0;0;4E;31;31;31;31;32;579;1BA;9.1;24.6;82.5;14.5;5.5;77.1;0.2569;0.0059;
995.59;0;0;0;0;4E;31;32;31;31;32;57B;1BA;9.1;24.9;82.5;14.5;5.5;77.1;0.2569;0.0066;
995.84;0;0;0;0;4E;31;32;31;32;32;57E;1BA;9.1;24.8;82.0;14.5;5.5;77.1;0.2569;0.0066;
996.09;0;0;0;0;4E;32;31;32;32;32;57F;1BA;9.1;24.8;82.5;14.5;5.5;77.1;0.2569;0.0063;
996.34;0;0;0;0;4E;32;31;32;32;32;57E;1BA;9.1;24.6;82.0;14.5;5.5;77.1;0.2569;0.0062;
996.59;0;0;0;0;4E;32;32;32;32;32;580;1BA;9.1;24.6;80.0;14.5;5.5;77.1;0.2530;0.0053;
996.84;0;0;0;0;4E;32;32;32;32;32;581;1BA;9.1;24.8;79.0;14.5;5.5;77.1;0.2490;0.0049;
997.09;0;0;0;0;4E;32;32;32;32;32;57E;1BA;9.0;25.0;78.5;14.5;5.5;77.1;0.2490;0.0049;
997.34;0;0;0;0;4E;32;32;32;32;32;585;1BA;9.0;25.0;78.0;14.5;5.5;77.1;0.2490;0.0046;
997.59;0;0;0;0;4E;32;32;32;32;32;584;1BA;9.0;25.0;77.0;14.5;5.5;77.1;0.2490;0.0044;
997.84;0;0;0;0;4E;32;32;32;32;32;586;1BA;8.9;24.8;77.0;14.5;5.5;77.1;0.2490;0.0039;
998.09;0;0;0;0;4E;32;32;32;32;32;589;1BA;8.9;25.2;75.5;14.5;5.5;77.1;0.2451;0.0030;
998.35;0;0;0;0;4E;32;32;32;32;32;588;1BA;8.9;25.2;75.0;14.5;5.5;77.1;0.2451;0.0030;
998.60;0;0;0;0;4E;32;32;32;32;32;58A;1BA;8.9;25.2;74.0;14.5;5.5;77.1;0.2451;0.0080;
998.85;0;0;0;0;4E;32;32;32;32;32;588;1BA;8.9;25.2;74.0;14.5;5.5;77.1;0.2451;0.0085;
999.10;0;0;0;0;4E;32;32;32;32;32;58C;1BA;8.9;25.2;74.0;14.5;5.5;77.1;0.2451;0.0101;
999.35;0;0;0;0;4E;32;32;32;32;32;588;1BA;8.8;25.6;73.5;14.5;5.5;77.1;0.2451;0.0115;
999.60;0;0;0;0;4E;32;32;32;32;32;589;1BA;8.8;25.6;73.0;14.5;5.5;77.1;0.2411;0.0112;
999.85;0;0;0;0;4E;32;32;32;32;32;58A;1BA;8.7;25.7;72.0;14.5;5.5;77.1;0.2411;0.0124;
1000.10;0;0;0;0;4E;32;32;32;32;32;584;1BA;8.6;25.8;73.5;14.5;5.5;77.1;0.2451;0.0138;
1000.35;0;0;0;0;4E;32;32;32;32;32;58B;1BA;8.6;25.8;72.5;14.5;5.5;77.1;0.2411;0.0133;
1000.60;0;0;0;0;4E;32;32;32;32;32;588;1BA;8.6;26.1;72.5;14.5;5.5;77.1;0.2411;0.0080;
1000.85;0;0;0;0;4E;32;32;32;32;32;58D;1BA;8.5;26.2;71.0;14.5;5.5;77.1;0.2411;0.0088;
1001.10;0;0;0;0;4E;32;32;32;32;32;58B;1BA;8.5;26.2;71.0;14.5;5.5;77.1;0.2411;0.0105;
1001.35;0;0;0;0;4E;32;32;32;32;32;58C;1BA;8.5;26.0;71.5;14.5;5.5;77.1;0.2411;0.0127;
1001.60;0;0;0;0;4E;32;32;32;32;32;58C;1BA;8.5;26.0;71.0;14.5;5.5;77.1;0.2371;0.0127;
1001.85;0;0;0;0;4E;32;32;32;32;32;58D;1BA;8.5;26.2;70.0;14.5;5.5;77.1;0.2371;0.0112;
1002.10;0;0;0;0;4E;32;32;32;32;32;58F;1BA;8.5;26.2;69.0;14.5;5.5;77.1;0.2371;0.0098;
1002.35;0;0;0;0;4E;32;32;32;32;32;58E;1BA;8.4;26.3;68.0;14.5;5.5;77.1;0.2332;0.0088;
1002.60;0;0;0;0;4E;32;32;32;32;32;591;1BA;8.4;26.3;66.0;14.5;5.5;77.1;0.2292;0.0056;
1002.85;0;0;0;0;4E;32;33;32;32;33;592;1BA;8.3;26.1;65.0;14.5;5.5;77.1;0.2292;0.0021;
1003.10;0;0;0;0;4E;33;33;32;32;33;592;1BA;8.4;26.2;58.0;14.5;5.5;77.1;0.2016;-0.0005;
1003.36;0;0;0;0;4E;32;32;32;32;33;58E;1BA;8.4;26.2;30.5;14.5;5.5;77.1;0.3083;-0.0016;
1003.61;0;0;0;0;4E;32;32;32;32;33;5AB;1BA;8.4;26.0;158.5;14.5;5.5;77.1;0.5021;-0.0007;
1003.86;0;0;0;0;4E;33;33;33;33;33;5A9;1BA;8.5;25.6;213.0;14.5;5.5;77.1;0.5653;-0.0003;
1004.11;0;0;0;0;4E;34;34;34;34;34;5C2;1BA;8.5;25.6;251.5;14.5;5.5;77.1;0.6286;-0.0002;
1004.36;0;0;0;0;4F;35;35;35;35;35;5D3;1BA;8.4;25.1;270.0;14.5;5.5;77.1;0.6641;0.0000;
1004.61;0;0;0;0;4F;36;36;36;36;36;5FA;1BA;8.4;25.1;291.5;14.5;5.5;77.1;0.6997;0.0003;
1004.86;0;0;0;0;4F;37;37;37;37;37;615;1BA;8.0;24.9;312.0;14.5;5.5;77.1;0.7156;0.0012;
1005.11;0;0;0;0;4F;38;38;38;38;38;641;1BA;7.7;24.1;339.5;14.5;5.5;77.1;0.8025;0.0027;
1005.36;0;0;0;0;4F;3A;3A;3A;3A;3A;65A;1BA;7.7;24.1;353.5;14.5;5.5;77.1;0.9211;0.0028;
1005.61;0;0;0;0;4F;3B;3B;3B;3B;3B;693;1BA;7.5;23.8;361.5;14.5;5.5;77.1;1.0001;-0.0044;
1005.86;0;0;0;0;4F;3D;3D;3D;3D;3D;6B2;1BA;7.5;23.8;366.0;14.5;5.5;77.1;1.0001;-0.0080;
1006.11;0;0;0;0;4F;3F;3E;3F;3E;3F;6F0;1BA;7.0;23.2;374.0;14.5;5.5;77.1;1.0001;-0.0071;
1006.36;0;0;0;0;4F;41;40;41;41;41;717;1BA;7.0;23.2;375.0;14.5;5.5;77.1;1.0001;-0.0055;
1006.61;0;0;0;0;4F;42;42;42;42;42;752;1BA;6.5;22.3;375.5;14.5;5.5;77.1;1.0001;-0.0044;
1006.86;0;0;0;0;4F;44;44;44;44;44;77B;1BA;6.1;21.9;377.0;14.5;5.5;77.1;1.0001;-0.0034;
1007.11;0;0;0;0;4F;46;46;46;46;46;7B8;1BA;6.1;21.9;378.0;14.5;5.5;77.1;1.0001;0.0003;
1007.36;0;0;0;0;4F;48;48;48;48;48;7E0;1BA;5.7;21.4;379.0;14.5;5.5;77.1;1.0001;0.0027;
1007.61;0;0;0;0;4F;49;49;49;49;49;81A;1BA;5.7;21.4;379.5;14.5;5.5;77.1;1.0001;0.0049;
1007.86;0;0;0;0;4F;4B;4B;4B;4B;4B;83F;1BA;5.1;20.7;379.5;14.5;5.5;77.1;1.0001;0.0044;
1008.11;0;0;0;0;4F;4D;4D;4D;4D;4D;87D;1BA;4.5;20.7;380.5;14.5;5.5;77.1;1.0001;0.0034;
1008.37;0;0;0;0;4F;4F;4F;4F;4F;4F;8A4;1B8;4.5;20.7;379.5;14.5;5.5;77.1;1.0001;0.0027;
1008.62;0;0;0;0;4F;50;50;50;50;50;8E1;1B8;4.3;20.7;379.5;14.5;5.5;77.1;1.0001;-0.0009;
1008.87;0;0;0;0;4F;53;53;52;53;53;90A;1B8;4.2;20.2;379.0;14.5;5.5;77.1;1.0001;-0.0012;
1009.12;0;0;0;0;4F;54;54;54;54;54;945;1B8;4.2;20.2;380.5;14.5;5.5;77.1;1.0001;-0.0024;
1009.37;0;0;0;0;4F;56;56;56;56;56;971;1B8;4.0;20.4;380.0;14.5;5.5;77.1;0.9764;-0.0044;
1009.62;0;0;0;0;4F;57;57;57;57;57;9A9;1B8;4.0;20.4;380.5;14.5;5.5;77.1;0.9685;-0.0044;
1009.87;0;0;0;0;4F;5A;5A;5A;5A;5A;9CF;1B8;3.9;20.2;379.0;14.5;5.5;77.1;0.9725;-0.0039;
1010.12;0;0;0;0;4F;5B;5B;5B;5B;5B;A07;1B8;3.9;20.2;379.0;14.5;5.5;77.1;0.9725;-0.0035;
1010.37;0;0;0;0;4F;5D;5D;5D;5D;5D;A33;1B8;3.9;20.1;377.5;14.5;5.5;77.1;0.9725;-0.0031;
1010.62;0;0;0;0;4F;5E;5F;5F;5F;5F;A70;1B8;3.9;20.1;377.5;14.5;5.5;77.1;0.9725;-0.0014;
1010.87;0;0;0;0;4F;61;61;61;61;61;A95;1B8;4.0;20.4;378.0;14.5;5.5;77.1;0.9685;0.0002;
1011.12;0;0;0;0;4F;62;62;62;62;62;AD1;1B8;3.9;20.5;376.0;14.5;5.5;77.1;0.9567;0.0037;
1011.37;0;0;0;0;50;63;63;63;63;64;AC5;1B8;3.9;20.5;262.5;14.5;5.5;77.1;0.2964;0.0062;
1011.62;1;0;0;0;50;63;63;63;63;64;9AC;1B8;4.0;20.2;-29.5;14.5;5.5;77.1;-0.0001;0.0062;
1011.87;1;0;0;0;50;63;63;63;63;63;8A8;1B8;4.2;21.7;-33.0;14.5;5.5;77.1;0.1738;0.0053;
1012.12;0;0;0;0;50;63;63;63;63;64;8C5;1B8;4.2;21.7;149.0;14.5;5.5;77.1;0.3835;0.0051;
1012.37;0;0;0;0;50;63;64;63;64;64;8B5;1B8;4.7;22.5;103.5;14.5;5.5;77.1;-0.0001;0.0060;
1012.62;1;0;0;0;50;63;63;63;63;64;7A3;1B8;5.1;22.7;-31.5;14.5;5.5;77.1;-0.0001;0.0046;
1012.87;1;0;0;0;50;63;63;63;63;64;6EA;1B8;5.1;22.7;-31.0;14.5;5.5;77.1;-0.0000;0.0041;
1013.12;0;0;0;0;50;63;63;63;63;63;728;1B8;5.5;24.3;-31.5;14.5;5.5;77.1;-0.0000;0.0035;
1013.38;0;0;0;0;50;62;63;62;62;63;723;1B8;5.5;24.3;-31.5;14.5;5.5;77.1;-0.0000;0.0034;
1013.63;0;0;0;0;51;62;62;62;62;63;71F;1B8;6.2;25.1;-31.5;14.5;5.5;77.1;-0.0000;-0.0009;
1013.88;0;0;0;0;51;62;62;62;62;62;718;1B8;6.7;25.8;-31.0;14.5;5.5;77.1;-0.0000;-0.0010;
1014.13;0;0;0;0;51;62;62;61;62;62;714;1B8;6.7;25.8;-31.5;14.5;5.5;77.1;-0.0000;-0.0010;
1014.38;0;0;0;0;51;62;62;61;61;62;70F;1B8;6.7;25.8;-31.5;14.5;5.5;77.1;-0.0000;-0.0009;
1014.63;0;0;0;0;51;62;62;61;61;62;70C;1B8;7.2;26.8;-31.0;14.5;5.5;77.1;-0.0000;-0.0021;
1014.88;0;0;0;0;51;61;61;61;61;61;706;1B8;7.8;27.4;-31.0;14.5;5.5;77.1;-0.0000;-0.0030;
1015.13;0;0;0;0;51;61;61;61;61;61;705;1B8;7.8;27.4;-31.0;14.5;5.5;77.1;-0.0000;-0.0030;
1015.38;0;0;0;0;51;60;60;60;60;61;6FD;1B8;8.3;28.2;-31.0;14.5;5.5;77.1;-0.0000;-0.0031;
1015.63;0;0;0;0;52;61;60;60;60;61;6FC;1B8;8.9;28.9;-31.0;14.5;5.5;77.1;-0.0000;-0.0030;
1015.88;0;0;0;0;52;60;60;60;60;60;6F6;1B8;8.9;28.9;-30.5;14.5;5.5;77.1;-0.0000;-0.0023;
1016.13;0;0;0;0;52;60;60;60;60;60;6F0;1B8;9.3;28.6;-31.0;14.5;5.5;77.1;-0.0000;-0.0014;
1016.38;0;0;0;0;52;5F;60;5F;5F;60;6EC;1B8;9.3;28.6;-31.0;14.5;5.5;77.1;-0.0000;0.0000;
1016.63;0;0;0;0;52;5F;5F;5F;5F;5F;6E6;1B8;9.3;28.5;-30.5;14.5;5.5;77.1;-0.0000;0.0028;
1016.88;0;0;0;0;52;5F;5F;5F;5F;5F;6DF;1B8;9.5;28.9;-30.5;14.5;5.5;77.1;-0.0000;0.0027;
1017.13;0;0;0;0;52;5E;5F;5E;5F;5F;6DB;1B8;9.5;28.9;-30.5;14.5;5.5;77.1;-0.0000;0.0034;
1017.38;0;0;0;0;52;5E;5E;5E;5E;5F;6D4;1B8;9.7;28.7;-30.5;14.5;5.5;77.1;-0.0000;0.0056;
1017.63;0;0;0;0;52;5E;5E;5E;5E;5E;6D2;1B8;9.6;28.7;-30.5;14.5;5.5;77.1;-0.0000;0.0112;
1017.88;0;0;0;0;52;5E;5E;5E;5E;5E;6CF;1B8;9.6;28.7;-30.5;14.5;5.5;77.1;-0.0000;0.0204;
1018.13;0;0;0;0;52;5D;5E;5D;5E;5E;6CB;1B8;9.5;29.3;-30.5;14.5;5.5;77.1;-0.0000;0.0205;
1018.40;0;0;0;0;52;5D;5E;5D;5E;5E;6C8;1B8;9.5;29.3;-30.5;14.5;5.5;77.1;-0.0000;0.0202;
1018.65;0;0;0;0;52;5D;5E;5D;5D;5E;6C5;1B8;9.2;30.8;-30.5;14.5;5.5;77.1;-0.0000;0.0191;
1018.90;0;0;0;0;52;5D;5E;5D;5D;5E;6C7;1B8;9.2;30.8;-30.5;14.5;5.5;77.1;-0.0000;0.0184;
1019.15;0;0;0;0;52;5D;5D;5D;5D;5E;6C3;1B8;9.1;31.3;-30.0;14.5;5.5;77.1;-0.0000;0.0179;
1019.40;0;0;0;0;52;5D;5D;5D;5D;5D;6BF;1B8;9.1;31.3;-30.0;14.5;5.5;77.1;-0.0000;0.0149;
1019.65;0;0;0;0;52;5D;5D;5D;5D;5D;6BE;1B8;9.0;31.7;-30.0;14.5;5.5;77.1;-0.0000;0.0119;
1019.90;0;0;0;0;52;5D;5D;5C;5D;5D;6BA;1B8;8.9;32.8;-30.0;14.5;5.5;77.1;-0.0000;0.0076;
1020.15;0;0;0;0;52;5C;5D;5C;5C;5D;6B4;1B8;8.9;32.8;-30.0;14.5;5.5;77.1;-0.0000;0.0027;
1020.40;0;0;0;0;52;5C;5C;5C;5C;5D;6B1;1B8;8.8;32.9;-30.0;14.5;5.5;77.1;-0.0000;-0.0062;
1020.65;0;0;0;0;52;5C;5C;5C;5C;5C;6AB;1B8;8.7;32.6;-30.0;14.5;5.5;77.1;-0.0000;-0.0098;
1020.90;0;0;0;0;52;5C;5C;5C;5C;5C;6A4;1B8;8.7;32.6;-30.0;14.5;5.5;77.1;-0.0000;-0.0099;
1021.15;0;0;0;0;52;5C;5C;5C;5B;5C;6A3;1B8;8.7;32.5;-29.5;14.5;5.5;77.1;-0.0000;-0.0106;
1021.40;0;0;0;0;52;5B;5B;5B;5B;5B;699;1B8;8.7;32.5;-29.5;14.5;5.5;77.1;-0.0000;-0.0112;
1021.65;0;0;0;0;52;5B;5B;5B;5B;5B;696;1B8;8.7;32.0;-29.5;14.5;5.5;77.1;-0.0000;-0.0115;
1021.90;0;0;0;0;52;5A;5B;5A;5A;5B;68D;1B8;8.8;31.8;-29.5;14.5;5.5;77.1;-0.0000;-0.0115;
1022.15;0;0;0;0;52;5A;5A;5A;5A;5B;689;1B8;8.8;31.8;-29.5;14.5;5.5;77.1;-0.0000;-0.0137;
1022.40;0;0;0;0;52;5A;5A;5A;5A;5A;680;1B8;8.8;31.1;-29.5;14.5;5.5;77.1;-0.0000;-0.0140;
1022.65;0;0;0;0;52;5A;5A;59;59;5A;67B;1B8;8.8;31.1;-29.0;14.5;5.5;77.1;-0.0000;-0.0144;
1022.90;0;0;0;0;52;59;59;59;59;59;673;1B8;9.2;29.5;-29.0;14.5;5.5;77.1;-0.0000;-0.0147;
1023.15;0;0;0;0;52;59;59;59;58;59;66C;1B8;9.2;29.5;-29.0;14.5;5.5;77.1;-0.0000;-0.0151;
1023.41;0;0;0;0;52;58;58;58;58;59;666;1B8;9.3;28.7;-29.0;14.5;5.5;77.1;-0.0000;-0.0149;
1023.66;0;0;0;0;52;58;58;58;58;58;65F;1B8;9.4;28.1;-29.0;14.5;5.5;77.1;-0.0000;-0.0149;
1023.91;0;0;0;0;52;58;57;58;57;58;657;1B8;9.4;28.1;-28.5;14.5;5.5;77.1;-0.0000;-0.0147;
1024.16;0;0;0;0;52;57;57;57;57;57;654;1B8;9.5;27.0;-28.5;14.5;5.5;77.1;-0.0000;-0.0147;
1024.41;0;0;0;0;52;57;57;57;57;57;64B;1B8;9.5;27.0;-28.5;14.5;5.5;77.1;-0.0000;-0.0138;
1024.66;0;0;0;0;52;56;56;56;56;57;644;1B8;9.6;26.5;-28.5;14.5;5.5;77.1;-0.0000;-0.0119;
1024.91;0;0;0;0;52;56;56;56;56;56;63D;1B8;9.7;26.6;-28.5;14.5;5.5;77.1;-0.0000;-0.0110;
1025.16;0;0;0;0;52;56;56;56;56;56;638;1B8;9.7;26.6;-28.5;14.5;5.5;77.1;-0.0000;-0.0080;
1025.41;0;0;0;0;52;56;55;55;55;56;62F;1B8;9.7;26.6;-28.0;14.5;5.5;77.1;-0.0000;-0.0046;
1025.66;0;0;0;0;52;55;55;55;55;55;62E;1B8;9.6;26.7;-28.0;14.5;5.5;77.1;-0.0000;-0.0044;
1025.91;0;0;0;0;52;55;55;55;55;55;626;1B8;9.6;26.7;-28.0;14.5;5.5;77.1;-0.0000;-0.0041;
1026.16;0;0;0;0;52;55;55;54;55;55;624;1B8;9.6;27.0;-28.0;14.5;5.5;77.1;-0.0000;-0.0041;
1026.41;0;0;0;0;52;54;54;54;54;55;61E;1B8;9.6;27.0;-28.0;14.5;5.5;77.1;-0.0000;-0.0063;
1026.66;0;0;0;0;52;54;54;54;54;54;61C;1B8;9.5;27.3;-27.5;14.5;5.5;77.1;-0.0000;-0.0069;
1026.91;0;0;0;0;52;54;54;54;54;54;617;1B8;9.5;27.3;-27.5;14.5;5.5;77.1;-0.0000;-0.0080;
1027.16;0;0;0;0;52;54;54;54;54;54;616;1B8;9.4;27.5;-27.5;14.5;5.5;77.1;-0.0000;-0.0105;
1027.41;0;0;0;0;52;54;53;54;54;54;610;1B8;9.4;27.5;-27.5;14.5;5.5;77.1;-0.0000;-0.0123;
1027.66;0;0;0;0;52;54;54;54;53;54;610;1B8;9.4;27.9;-27.5;14.5;5.5;77.1;-0.0000;-0.0126;
1027.91;0;0;0;0;52;53;53;53;53;54;60A;1B8;9.4;27.9;-27.5;14.5;5.5;77.1;-0.0000;-0.0134;
1028.16;0;0;0;0;52;53;53;53;53;53;609;1B8;9.4;27.9;-27.5;14.5;5.5;77.1;-0.0000;-0.0147;
1028.42;0;0;0;0;52;53;53;53;53;53;603;1B8;9.3;28.2;-27.5;14.5;5.5;77.1;-0.0000;-0.0165;
1028.67;0;0;0;0;52;53;53;53;52;53;601;1B8;9.3;28.4;-27.5;14.5;5.5;77.1;-0.0000;-0.0181;
1028.92;0;0;0;0;52;53;52;52;52;53;5FC;1B8;9.3;28.4;-27.5;14.5;5.5;77.1;-0.0000;-0.0186;
1029.17;0;0;0;0;52;53;52;52;52;53;5FB;1B8;9.3;28.1;-27.5;14.5;5.5;77.1;-0.0000;-0.0186;
1029.42;0;0;0;0;52;53;52;52;52;53;5FC;1B8;9.3;28.0;-27.5;14.5;5.5;77.1;-0.0000;-0.0183;
1029.67;0;0;0;0;52;52;52;52;52;53;5FA;1B8;9.3;28.0;-27.5;14.5;5.5;77.1;-0.0000;-0.0166;
1029.92;1;0;0;0;52;52;52;52;52;53;5D7;1B8;9.4;27.8;-27.5;14.5;5.5;77.1;-0.0000;-0.0124;
1030.17;1;0;0;0;52;53;53;52;52;53;523;1B8;9.4;27.8;-25.5;14.5;5.5;77.1;-0.0000;-0.0110;
1030.42;1;0;0;0;52;53;53;52;53;53;602;1B8;9.4;27.5;173.5;14.5;5.5;77.1;0.4152;-0.0039;
1030.67;1;0;0;0;52;53;53;53;53;53;66E;1B8;9.3;27.5;-15.0;14.5;5.5;77.1;-0.0000;-0.0021;
1030.92;1;0;0;0;51;53;53;52;53;53;671;1B8;9.3;27.5;-28.0;14.5;5.5;77.1;-0.0000;0.0005;
1031.17;1;0;0;0;51;52;52;52;52;53;74A;1B8;9.3;27.5;-22.5;14.5;5.5;77.1;-0.0000;0.0046;
1031.42;0;0;0;0;51;52;53;52;53;53;74A;1B6;9.2;27.8;-32.0;14.5;5.5;77.1;-0.0000;0.0149;
1031.67;0;0;0;0;51;52;52;52;52;53;743;1B6;9.2;28.0;-32.0;14.5;5.5;77.1;-0.0000;0.0190;
1031.92;0;0;0;0;51;52;52;52;52;53;742;1B6;9.2;28.0;-32.0;14.5;5.5;77.1;-0.0000;0.0213;
1032.17;0;0;0;0;51;52;52;52;52;52;743;1B6;9.1;28.7;-32.0;14.5;5.5;77.1;-0.0000;0.0241;
1032.42;0;0;0;0;51;52;52;52;52;52;744;1B6;8.9;30.0;-32.0;14.5;5.5;77.1;-0.0000;0.0250;
1032.67;0;0;0;0;51;52;52;52;52;52;741;1B6;8.9;30.0;-32.0;14.5;5.5;77.1;-0.0000;0.0252;
1032.92;0;0;0;0;51;52;52;52;52;52;73C;1B6;8.6;30.7;-32.0;14.5;5.5;77.1;-0.0000;0.0254;
1033.17;0;0;0;0;51;52;52;52;52;52;73D;1B6;8.6;30.7;-32.0;14.5;5.5;77.1;-0.0000;0.0262;
1033.43;0;0;0;0;51;52;52;52;52;52;73E;1B6;8.3;32.0;-32.0;14.5;5.5;77.1;-0.0000;0.0282;
1033.68;0;0;0;0;51;52;52;52;52;52;73C;1B6;8.1;33.6;-31.5;14.5;5.5;77.1;-0.0000;0.0280;
1033.93;0;0;0;0;51;52;52;52;52;52;73B;1B6;8.1;33.6;-32.0;14.5;5.5;77.1;-0.0000;0.0280;
1034.18;0;0;0;0;51;51;52;51;52;52;739;1B6;7.7;34.3;-32.0;14.5;5.5;77.1;-0.0000;0.0280;
1034.43;0;0;0;0;51;52;52;51;52;52;73A;1B6;7.5;35.5;-31.5;14.5;5.5;77.1;-0.0000;0.0280;
1034.68;0;0;0;0;51;51;52;51;52;52;738;1B6;7.5;35.5;-31.5;14.5;5.5;77.1;-0.0000;0.0291;
1034.93;0;0;0;0;51;51;52;51;52;52;739;1B6;7.3;36.4;-32.0;14.5;5.5;77.1;-0.0000;0.0311;
1035.18;0;0;0;0;51;51;52;51;52;52;734;1B6;7.3;36.4;-31.5;14.5;5.5;77.1;-0.0000;0.0311;
1035.43;0;0;0;0;51;51;52;51;52;52;733;1B6;7.3;36.9;-31.5;14.5;5.5;77.1;-0.0000;0.0318;
1035.68;0;0;0;0;51;51;52;51;52;52;72F;1B6;7.3;36.9;-31.5;14.5;5.5;77.1;-0.0000;0.0318;
1035.93;0;0;0;0;51;51;51;51;52;52;72F;1B6;7.0;37.7;-31.5;14.5;5.5;77.1;-0.0000;0.0293;
1036.18;0;0;0;0;51;51;52;51;51;52;72F;1B6;7.0;37.7;-31.5;14.5;5.5;77.1;-0.0000;0.0216;
1036.43;0;0;0;0;51;51;52;51;51;52;72E;1B6;6.8;38.3;-31.5;14.5;5.5;77.1;-0.0000;0.0133;
1036.68;0;0;0;0;51;51;51;51;51;51;72A;1B6;6.8;37.5;-31.5;14.5;5.5;77.1;-0.0000;0.0102;
1036.93;0;0;0;0;51;51;51;51;51;51;726;1B6;6.8;37.5;-31.5;14.5;5.5;77.1;-0.0000;0.0078;
1037.18;0;0;0;0;51;51;51;51;51;51;724;1B6;7.0;37.0;-31.5;14.5;5.5;77.1;-0.0000;0.0031;
1037.43;0;0;0;0;51;51;51;51;51;51;723;1B6;7.2;36.7;-31.5;14.5;5.5;77.1;-0.0000;0.0024;
1037.68;0;0;0;0;51;51;51;51;51;51;722;1B6;7.2;36.7;-31.5;14.5;5.5;77.1;-0.0000;0.0027;
1037.93;0;0;0;0;51;51;51;51;51;51;721;1B6;7.2;35.3;-31.5;14.5;5.5;77.1;-0.0000;0.0027;
1038.18;0;0;0;0;51;51;51;51;51;51;71F;1B6;7.2;35.3;-31.5;14.5;5.5;77.1;-0.0000;0.0027;
1038.44;0;0;0;0;51;51;51;50;51;51;71F;1B6;7.3;35.0;-31.5;14.5;5.5;77.1;-0.0000;-0.0009;
1038.69;0;0;0;0;51;51;51;50;50;51;71F;1B6;7.4;34.5;-31.5;14.5;5.5;77.1;-0.0000;-0.0017;
1038.94;0;0;0;0;51;51;51;50;51;51;71D;1B6;7.4;34.5;-31.5;14.5;5.5;77.1;-0.0000;-0.0020;
1039.19;0;0;0;0;51;51;51;50;50;51;71C;1B6;7.6;33.5;-31.5;14.5;5.5;77.1;-0.0000;-0.0014;
1039.44;0;0;0;0;51;50;50;50;50;51;71B;1B6;7.6;33.5;-31.5;14.5;5.5;77.1;-0.0000;-0.0016;
1039.69;0;0;0;0;51;51;51;50;50;51;71B;1B6;7.7;32.8;-31.5;14.5;5.5;77.1;-0.0000;-0.0016;
1039.94;0;0;0;0;51;51;51;50;50;51;71B;1B6;7.7;32.8;-31.5;14.5;5.5;77.1;-0.0000;-0.0020;
1040.19;0;0;0;0;51;51;51;50;50;51;71B;1B6;7.9;32.2;-31.5;14.5;5.5;77.1;-0.0000;-0.0012;
1040.44;0;0;0;0;51;51;50;50;50;51;71C;1B6;8.1;31.1;-31.5;14.5;5.5;77.1;-0.0000;0.0010;
1040.69;0;0;0;0;51;51;51;50;51;51;71E;1B6;8.1;31.1;-31.5;14.5;5.5;77.1;-0.0000;0.0016;
1040.94;0;0;0;0;51;51;51;51;50;51;720;1B6;8.2;31.0;-31.5;14.5;5.5;77.1;-0.0000;0.0020;
1041.19;0;0;0;0;50;51;51;51;51;51;722;1B6;8.2;31.0;-31.5;14.5;5.5;77.1;-0.0000;0.0009;
1041.44;0;0;0;0;50;51;51;51;51;51;725;1B6;8.1;31.3;-31.5;14.5;5.5;77.1;-0.0000;0.0005;
1041.69;0;0;0;0;50;51;51;51;51;51;72A;1B6;8.1;30.8;-31.5;14.5;5.5;77.1;-0.0000;0.0003;
1041.94;0;0;0;0;50;51;51;51;51;51;729;1B6;8.1;30.8;-32.0;14.5;5.5;77.1;-0.0000;0.0000;
1042.19;0;0;0;0;50;51;51;51;51;52;72E;1B6;8.2;31.1;-32.0;14.5;5.5;77.1;-0.0000;-0.0016;
1042.44;0;0;0;0;50;52;51;51;51;52;730;1B6;8.2;31.3;-32.0;14.5;5.5;77.1;-0.0000;-0.0053;
1042.69;0;0;0;0;50;52;52;52;51;52;739;1B6;8.2;31.3;-32.0;14.5;5.5;77.1;-0.0000;-0.0069;
1042.94;0;0;0;0;50;52;52;52;52;52;73C;1B6;8.3;30.8;-32.0;14.5;5.5;77.1;-0.0000;-0.0069;
1043.19;0;0;0;0;50;52;52;52;52;52;740;1B6;8.3;30.8;-32.0;14.5;5.5;77.1;-0.0000;-0.0069;
1043.46;0;0;0;0;50;52;52;52;52;53;743;1B6;8.3;30.9;-32.0;14.5;5.5;77.1;-0.0000;-0.0069;
1043.71;1;0;0;0;50;52;52;52;52;53;73E;1B6;8.3;30.9;-32.0;14.5;5.5;77.1;-0.0000;-0.0060;
1043.96;1;0;0;0;50;53;53;53;53;53;687;1B6;8.3;31.0;-29.5;14.5;5.5;77.1;-0.0000;-0.0046;
1044.21;1;0;0;0;50;53;53;53;53;54;655;1B6;8.3;31.0;129.0;14.5;5.5;77.1;0.4823;-0.0044;
1044.46;1;0;0;0;50;54;54;54;54;54;8FF;1B6;8.3;30.5;34.5;14.5;5.5;77.1;0.0949;-0.0044;
1044.71;1;0;0;0;50;54;54;54;54;54;840;1B6;8.2;30.5;-24.0;14.5;5.5;77.1;-0.0001;-0.0044;
1044.96;1;0;0;0;50;54;54;54;54;54;961;1B6;8.2;30.5;-36.0;14.5;5.5;77.1;-0.0001;-0.0039;
1045.21;0;0;0;0;50;54;54;54;54;54;950;1B6;8.2;30.6;-36.0;14.5;5.5;77.1;-0.0001;-0.0035;
1045.46;0;0;0;0;50;55;54;54;54;55;94E;1B6;8.2;30.3;-35.5;14.5;5.5;77.1;-0.0001;-0.0039;
1045.71;0;0;0;0;50;55;55;55;55;55;94C;1B6;8.2;30.3;-35.5;14.5;5.5;77.1;-0.0001;-0.0055;
1045.96;0;0;0;0;50;55;55;55;55;55;953;1B6;8.3;30.4;-35.5;14.5;5.5;77.1;-0.0001;-0.0069;
1046.21;0;0;0;0;50;55;55;55;55;55;95A;1B6;8.3;30.4;-35.5;14.5;5.5;77.1;-0.0001;-0.0067;
1046.46;0;0;0;0;50;56;55;55;55;55;95F;1B6;8.4;30.6;-35.5;14.5;5.5;77.1;-0.0001;-0.0066;
1046.71;0;0;0;0;50;55;56;55;55;56;966;1B6;8.4;30.2;-35.5;14.5;5.5;77.1;-0.0001;-0.0067;
1046.96;0;0;0;0;50;56;56;56;56;56;968;1B6;8.4;30.2;-35.5;14.5;5.5;77.1;-0.0001;-0.0069;
1047.21;0;0;0;0;50;56;56;55;56;56;96F;1B6;8.4;30.2;-35.5;14.5;5.5;77.1;-0.0001;-0.0073;
1047.46;0;0;0;0;50;56;56;56;56;56;973;1B6;8.4;30.6;-35.5;14.5;5.5;77.1;-0.0001;-0.0074;
1047.71;0;0;0;0;50;56;56;56;56;56;978;1B6;8.4;30.6;-35.5;14.5;5.5;77.1;-0.0001;-0.0066;
1047.96;0;0;0;0;50;56;56;56;56;56;97B;1B6;8.4;30.6;-35.5;14.5;5.5;77.1;-0.0001;-0.0059;
1048.21;0;0;0;0;50;57;56;56;56;57;97F;1B6;8.5;30.3;-35.5;14.5;5.5;77.1;-0.0001;-0.0046;
1048.47;0;0;0;0;50;57;57;57;56;57;985;1B6;8.6;30.5;-35.5;14.5;5.5;77.1;-0.0001;-0.0046;
1048.72;0;0;0;0;50;57;57;57;57;57;98E;1B6;8.6;30.5;-35.5;14.5;5.5;77.1;-0.0001;-0.0046;
1048.97;0;1;0;0;50;57;57;57;57;57;990;1B6;8.7;30.8;-35.5;14.5;5.5;77.1;-0.0001;-0.0055;
1049.22;0;1;0;0;50;57;57;57;57;57;990;1B6;8.7;30.6;-35.5;14.5;5.5;77.1;-0.0001;-0.0063;
1049.47;0;1;0;0;4F;57;57;57;57;57;992;1B6;8.7;30.6;-35.5;14.5;5.5;77.1;-0.0001;-0.0063;
1049.72;0;0;0;0;4F;57;57;57;57;57;992;1B6;8.7;30.8;-35.5;14.5;5.5;77.1;-0.0001;-0.0063;
1049.97;0;1;0;0;4F;57;57;57;57;57;994;1B6;8.7;30.8;-35.5;14.5;5.5;77.1;-0.0001;-0.0063;
1050.22;0;1;0;0;4F;57;57;57;57;57;98E;1B6;8.7;31.0;-35.5;14.5;5.5;77.1;-0.0001;-0.0067;
1050.47;0;1;0;0;4F;56;56;56;56;57;97F;1B6;8.8;30.9;-35.5;14.5;5.5;77.1;-0.0001;-0.0069;
1050.72;0;1;0;0;4F;56;56;56;56;56;96D;1B6;8.8;30.9;-35.5;14.5;5.5;77.1;-0.0001;-0.0067;
1050.97;0;1;0;0;4F;55;55;55;55;55;95E;1B6;9.0;31.5;-35.5;14.5;5.5;77.1;-0.0001;-0.0063;
1051.22;0;1;0;0;4F;55;55;54;54;55;949;1B6;9.1;32.0;-35.5;14.5;5.5;77.1;-0.0001;-0.0035;
1051.47;0;1;0;0;4F;54;53;54;54;54;93A;1B6;9.1;32.0;-35.5;14.5;5.5;77.1;-0.0001;-0.0016;
1051.72;0;1;0;0;4F;53;53;53;53;53;925;1B6;9.2;32.3;-35.5;14.5;5.5;77.1;-0.0001;-0.0009;
1051.97;0;1;0;0;4F;52;52;52;52;53;918;1B6;9.2;32.3;-35.5;14.5;5.5;77.1;-0.0001;-0.0003;
1052.22;0;1;0;0;4F;52;52;52;52;52;901;1B6;9.3;33.0;-35.5;14.5;5.5;77.1;-0.0001;0.0014;
1052.47;0;1;0;0;4F;51;51;51;51;52;8F6;1B6;9.3;33.0;-35.0;14.5;5.5;77.1;-0.0001;0.0012;
1052.72;0;1;0;0;4F;51;51;51;51;51;8E0;1B6;9.3;33.7;-35.5;14.5;5.5;77.1;-0.0001;0.0003;
1052.97;0;1;0;0;4F;50;50;50;50;50;8D3;1B6;9.3;33.7;-35.0;14.5;5.5;77.1;-0.0001;0.0000;
1053.22;0;1;0;0;4F;50;4F;4F;4F;50;8BD;1B6;9.4;34.1;-35.0;14.5;5.5;77.1;-0.0001;-0.0007;
1053.48;0;1;0;0;4F;4F;4F;4F;4F;4F;8A5;1B6;9.5;34.7;-35.0;14.5;5.5;77.1;-0.0001;-0.0017;
1053.73;0;1;0;0;4F;4E;4E;4E;4E;4F;89D;1B6;9.5;34.7;-35.0;14.5;5.5;77.1;-0.0001;-0.0049;
1053.98;0;1;0;0;4F;4E;4D;4D;4D;4E;885;1B6;9.6;35.2;-35.0;14.5;5.5;77.1;-0.0001;-0.0091;
1054.23;0;1;0;0;4F;4D;4D;4D;4D;4D;87A;1B6;9.6;35.1;-35.0;14.5;5.5;77.1;-0.0001;-0.0063;
1054.48;0;1;0;0;4F;4C;4C;4C;4C;4D;866;1B6;9.6;35.1;-35.0;14.5;5.5;77.1;-0.0001;-0.0031;
1054.73;0;1;0;0;4F;4C;4C;4C;4C;4C;858;1B6;9.7;34.8;-35.0;14.5;5.5;77.1;-0.0001;-0.0012;
1054.98;0;1;0;0;4F;4B;4B;4B;4B;4B;842;1B6;9.7;34.8;-35.0;14.5;5.5;77.1;-0.0001;-0.0005;
1055.23;0;1;0;0;4F;4B;4B;4B;4B;4B;838;1B6;9.6;35.3;-35.0;14.5;5.5;77.1;-0.0001;0.0080;
1055.48;0;1;0;0;4F;4A;4A;4A;4A;4B;82D;1B6;9.6;34.8;-35.0;14.5;5.5;77.1;-0.0001;0.0106;
1055.73;0;1;0;0;4F;4A;4A;4A;4A;4A;823;1B6;9.6;34.8;-35.0;14.5;5.5;77.1;-0.0001;0.0138;
1055.98;0;1;0;0;4F;49;4A;49;49;4A;812;1B6;9.5;34.9;-35.0;14.5;5.5;77.1;-0.0001;0.0184;
1056.23;0;1;0;0;4F;49;49;49;49;49;808;1B6;9.5;34.9;-34.5;14.5;5.5;77.1;-0.0001;0.0284;
1056.48;0;1;0;0;4F;48;49;48;48;49;7F4;1B6;9.4;35.7;-34.5;14.5;5.5;77.1;-0.0001;0.0341;
1056.73;0;1;0;0;4F;47;48;48;48;48;7EA;1B6;9.4;35.7;-34.5;14.5;5.5;77.1;-0.0001;0.0388;
1056.98;0;1;0;0;4F;47;48;47;48;48;7D5;1B6;9.2;35.8;-34.5;14.5;5.5;77.1;-0.0001;0.0409;
1057.23;0;1;0;0;4F;46;47;46;47;47;7CB;1B6;8.9;37.2;-34.5;14.5;5.5;77.1;-0.0001;0.0412;
1057.48;0;1;0;0;4F;46;47;46;46;46;7B9;1B6;8.9;37.2;-34.5;14.5;5.5;77.1;-0.0001;0.0409;
1057.73;0;1;0;0;4F;45;46;45;46;46;7AC;1B6;8.6;38.3;-34.0;14.5;5.5;77.1;-0.0001;0.0409;
1057.98;0;1;0;0;4F;44;45;44;45;45;798;1B6;8.6;38.3;-34.0;14.5;5.5;77.1;-0.0001;0.0409;
1058.23;0;1;0;0;4F;44;45;44;45;45;789;1B6;8.4;38.7;-33.5;14.5;5.5;77.1;-0.0001;0.0448;
1058.50;0;1;0;0;4F;43;44;43;44;44;776;1B6;8.1;40.4;-33.5;14.5;5.5;77.1;-0.0001;0.0448;
1058.75;0;1;0;0;4F;43;44;43;43;43;768;1B6;8.1;40.4;-33.0;14.5;5.5;77.1;-0.0001;0.0446;
1059.00;0;1;0;0;4F;42;43;42;43;43;752;1B6;7.7;42.2;-32.5;14.5;5.5;77.1;-0.0001;0.0446;
1059.25;0;1;0;0;4F;41;42;41;42;42;745;1B4;7.4;42.6;-32.5;14.6;5.5;77.1;-0.0000;0.0446;
1059.50;0;1;0;0;4F;41;42;41;42;41;72D;1B4;7.4;42.6;-32.0;14.6;5.5;77.1;-0.0000;0.0442;
1059.75;0;1;0;0;4F;41;41;40;41;41;71D;1B4;7.2;44.1;-31.5;14.5;5.5;77.1;-0.0000;0.0423;
1060.00;0;1;0;0;4F;40;40;40;40;40;708;1B4;7.2;44.1;-31.5;14.5;5.5;77.1;-0.0000;0.0409;
1060.25;0;1;0;0;4F;3F;3F;3F;3F;3F;6F9;1B4;6.9;45.2;-31.0;14.5;5.5;77.1;-0.0000;0.0385;
1060.50;0;1;0;0;4F;3E;3F;3E;3F;3F;6E2;1B4;6.9;45.2;-30.5;14.5;5.5;77.1;-0.0000;0.0370;
1060.75;0;1;0;0;4F;3D;3E;3D;3E;3E;6D3;1B4;6.8;44.9;-30.5;14.5;5.5;77.1;-0.0000;0.0338;
1061.00;0;1;0;0;4F;3D;3D;3D;3D;3D;6BC;1B4;6.8;44.9;-30.5;14.5;5.5;77.1;-0.0000;0.0245;
1061.25;0;1;0;0;4F;3C;3D;3C;3C;3D;6AA;1B4;6.8;45.2;-30.0;14.5;5.5;77.1;-0.0000;0.0213;
1061.50;0;1;0;0;4F;3C;3C;3C;3C;3C;699;1B4;7.0;44.4;-30.0;14.5;5.5;77.1;-0.0000;0.0172;
1061.75;0;1;0;0;4F;3B;3B;3B;3B;3B;685;1B4;7.0;44.4;-29.5;14.5;5.5;77.1;-0.0000;0.0145;
1062.00;0;1;0;0;4F;3A;3B;3A;3A;3B;670;1B4;7.3;43.2;-29.5;14.5;5.5;77.1;-0.0000;0.0067;
1062.25;0;1;0;0;4F;39;3A;39;3A;3A;662;1B4;7.5;42.8;-29.0;14.5;5.5;77.1;-0.0000;0.0059;
1062.50;0;1;0;0;4F;39;39;39;39;39;645;1B4;7.5;42.8;-29.0;14.5;5.5;77.1;-0.0000;0.0051;
1062.75;0;1;0;0;4F;38;38;38;38;38;638;1B4;7.6;41.5;-28.5;14.5;5.5;77.1;-0.0000;0.0039;
1063.00;0;1;0;0;4F;38;38;37;38;38;61D;1B4;7.6;41.5;-28.0;14.5;5.5;77.1;-0.0000;0.0003;
1063.25;0;1;0;0;4F;37;37;36;37;37;60A;1B4;7.9;40.2;-28.0;14.5;5.5;77.1;-0.0000;-0.0042;
1063.52;0;1;0;0;4F;36;36;36;36;36;5EF;1B4;8.1;39.6;-27.5;14.5;5.5;77.1;-0.0000;-0.0056;
1063.77;0;1;0;0;4F;35;35;35;35;35;5E0;1B4;8.1;39.6;-27.5;14.5;5.5;77.1;-0.0000;-0.0059;
1064.02;0;1;0;0;4F;35;34;34;34;34;5C5;1B4;8.3;38.1;-27.0;14.5;5.5;77.1;-0.0000;-0.0055;
1064.27;0;1;0;0;4F;33;33;33;33;33;5B4;1B4;8.5;36.8;-27.0;14.5;5.5;77.1;-0.0000;-0.0053;
1064.52;0;1;0;0;4F;33;33;33;33;33;59A;1B4;8.5;36.8;-27.0;14.5;5.5;77.1;-0.0000;-0.0055;
1064.77;0;1;0;0;4F;32;32;32;32;32;584;1B4;8.5;36.8;-26.5;14.5;5.5;77.1;-0.0000;-0.0046;
1065.02;0;1;0;0;4F;31;31;31;31;31;571;1B4;8.6;36.6;-26.5;14.5;5.5;77.1;-0.0000;-0.0044;
1065.27;0;0;0;0;4F;31;31;31;31;31;56F;1B4;8.7;35.5;-26.5;14.5;5.5;77.1;-0.0000;-0.0044;
1065.52;0;0;0;0;4F;31;31;31;31;31;56C;1B4;8.7;35.5;-26.5;14.5;5.5;77.1;-0.0000;-0.0042;
1065.77;0;0;0;0;4F;31;31;31;31;31;56E;1B4;8.6;34.2;-26.5;14.5;5.5;77.1;-0.0000;-0.0031;
1066.02;0;0;0;0;4E;31;31;31;31;31;569;1B4;8.4;34.3;-26.5;14.5;5.5;77.1;-0.0000;0.0034;
1066.27;0;0;0;0;4E;31;31;31;31;31;568;1B4;8.4;34.3;-26.5;14.5;5.5;77.1;-0.0000;0.0066;
1066.52;0;0;0;0;4E;31;31;31;31;31;566;1B4;8.2;33.5;-26.5;14.5;5.5;77.1;-0.0000;0.0087;
1066.77;0;0;0;0;4E;31;31;31;31;31;566;1B4;8.2;33.5;-26.5;14.5;5.5;77.1;-0.0000;0.0073;
1067.02;0;0;0;0;4E;31;31;31;31;31;562;1B4;8.0;33.3;-26.5;14.5;5.5;77.1;-0.0000;0.0071;
1067.27;0;0;0;0;4E;31;31;31;31;31;562;1B4;7.8;33.4;-26.5;14.5;5.5;77.1;-0.0000;0.0073;
1067.52;0;0;0;0;4E;31;31;30;31;31;561;1B4;7.8;33.4;-26.5;14.5;5.5;77.1;-0.0000;0.0074;
1067.77;0;0;0;0;4E;31;31;30;31;31;560;1B4;7.7;32.7;-26.5;14.5;5.5;77.1;-0.0000;0.0080;
1068.02;0;0;0;0;4E;31;31;30;30;31;55D;1B4;7.5;32.9;-26.5;14.5;5.5;77.1;-0.0000;0.0080;
1068.27;0;0;0;0;4E;30;30;30;30;31;559;1B4;7.5;32.9;-26.5;14.5;5.5;77.1;-0.0000;0.0080;
1068.53;0;0;0;0;4E;31;31;30;30;31;55B;1B4;7.3;32.9;-26.5;14.5;5.5;77.1;-0.0000;0.0087;
1068.78;0;0;0;0;4E;30;31;30;30;30;557;1B4;7.3;32.9;-26.5;14.5;5.5;77.1;-0.0000;0.0098;
1069.03;0;0;0;0;4E;30;31;30;30;30;555;1B4;7.1;32.1;-26.5;14.5;5.5;77.1;-0.0000;0.0110;
1069.28;0;0;0;0;4E;30;30;30;30;30;551;1B4;7.1;32.1;-26.5;14.5;5.5;77.1;-0.0000;0.0120;
1069.53;0;0;0;0;4E;30;30;30;30;30;550;1B4;7.0;32.3;-26.5;14.5;5.5;77.1;-0.0000;0.0137;
1069.78;0;0;0;0;4E;30;30;30;30;30;54F;1B4;7.0;32.3;-26.5;14.5;5.5;77.1;-0.0000;0.0159;
1070.03;0;0;0;0;4E;30;30;30;30;30;54A;1B4;7.0;32.7;-26.5;14.5;5.5;77.1;-0.0000;0.0195;
1070.28;0;0;0;0;4E;30;30;30;30;30;548;1B4;6.9;32.2;-26.5;14.5;5.5;77.1;-0.0000;0.0205;
1070.53;0;0;0;0;4E;30;30;2F;30;30;546;1B4;6.9;32.2;-26.5;14.5;5.5;77.1;-0.0000;0.0216;
1070.78;0;0;0;0;4E;30;30;2F;30;30;543;1B4;6.9;32.8;-26.5;14.5;5.5;77.1;-0.0000;0.0234;
1071.03;0;0;0;0;4E;30;30;2F;30;30;542;1B4;6.9;33.0;-26.5;14.5;5.5;77.1;-0.0000;0.0268;
1071.28;0;0;0;0;4E;2F;30;2F;30;30;540;1B4;6.9;33.0;-26.5;14.5;5.5;77.1;-0.0000;0.0282;
1071.53;0;0;0;0;4E;30;30;2F;30;30;541;1B4;6.8;32.8;-26.5;14.5;5.5;77.1;-0.0000;0.0318;
1071.78;0;0;0;0;4E;2F;30;2F;30;30;53D;1B4;6.8;32.8;-26.5;14.5;5.5;77.1;-0.0000;0.0343;
1072.03;0;0;0;0;4E;2F;2F;2F;2F;2F;53A;1B4;6.7;33.4;-26.5;14.5;5.5;77.1;-0.0000;0.0368;
1072.28;0;0;0;0;4E;2F;30;2F;2F;2F;538;1B4;6.6;33.7;-26.5;14.5;5.5;77.1;-0.0000;0.0370;
1072.53;0;0;0;0;4E;2F;2F;2F;2F;2F;537;1B4;6.6;33.7;-26.5;14.5;5.5;77.1;-0.0000;0.0370;
1072.78;0;0;0;0;4E;2F;30;2F;2F;2F;535;1B4;6.6;33.6;-26.0;14.5;5.5;77.1;-0.0000;0.0366;
1073.03;0;0;0;0;4E;2F;2F;2F;2F;2F;532;1B4;6.6;33.6;-26.0;14.5;5.5;77.1;-0.0000;0.0353;
1073.28;0;0;0;0;4E;2F;2F;2F;2F;2F;533;1B4;6.4;34.3;-26.0;14.5;5.5;77.1;-0.0000;0.0350;
1073.54;0;0;0;0;4E;2F;2F;2F;2F;2F;531;1B4;6.4;34.3;-26.0;14.5;5.5;77.1;-0.0000;0.0350;
1073.79;0;0;0;0;4E;2F;2F;2E;2F;2F;52E;1B4;6.3;34.6;-26.0;14.5;5.5;77.1;-0.0000;0.0346;
1074.04;0;0;0;0;4E;2F;2F;2E;2F;2F;52B;1B4;6.2;34.6;-26.0;14.5;5.5;77.1;-0.0000;0.0346;
1074.29;0;0;0;0;4E;2F;2F;2E;2F;2F;52A;1B4;6.2;34.6;-26.0;14.5;5.5;77.1;-0.0000;0.0343;
1074.54;0;0;0;0;4E;2E;2F;2E;2F;2F;523;1B4;6.2;35.5;-26.0;14.5;5.5;77.1;-0.0000;0.0327;
1074.79;0;0;0;0;4E;2E;2F;2E;2E;2F;522;1B4;6.2;35.5;-26.0;14.5;5.5;77.1;-0.0000;0.0233;
1075.04;0;0;0;0;4E;2E;2E;2E;2E;2F;521;1B4;6.1;35.4;-26.0;14.5;5.5;77.1;-0.0000;0.0198;
1075.29;0;0;0;0;4E;2E;2E;2E;2E;2E;51D;1B4;6.1;35.3;-26.0;14.5;5.5;77.1;-0.0000;0.0183;
1075.54;0;0;0;0;4E;2E;2E;2E;2E;2E;51A;1B4;6.1;35.3;-26.0;14.5;5.5;77.1;-0.0000;0.0147;
1075.79;0;0;0;0;4E;2E;2E;2E;2E;2E;516;1B4;6.0;35.6;-26.0;14.5;5.5;77.1;-0.0000;0.0133;
1076.04;0;0;0;0;4E;2E;2E;2E;2E;2E;515;1B4;6.0;35.5;-25.5;14.5;5.5;77.1;-0.0000;0.0133;
1076.29;0;0;0;0;4E;2E;2E;2E;2E;2E;50F;1B4;6.0;35.5;-25.5;14.5;5.5;77.1;-0.0000;0.0127;
1076.54;0;0;0;0;4E;2D;2E;2E;2E;2E;50E;1B4;5.9;35.2;-25.5;14.5;5.5;77.1;-0.0000;0.0124;
1076.79;0;0;0;0;4E;2D;2E;2D;2E;2E;50B;1B4;5.9;35.2;-25.5;14.5;5.5;77.1;-0.0000;0.0105;
1077.04;0;0;0;0;4E;2D;2D;2D;2D;2E;507;1B4;5.9;35.7;-25.5;14.5;5.5;77.1;-0.0000;0.0087;
1077.29;0;0;0;0;4E;2D;2D;2D;2D;2D;500;1B4;5.9;35.7;-25.5;14.5;5.5;77.1;-0.0000;0.0041;
1077.54;0;0;0;0;4E;2D;2D;2D;2D;2D;4FB;1B4;5.9;35.5;-25.5;14.5;5.5;77.1;-0.0000;-0.0059;
1077.79;0;0;0;0;4E;2D;2D;2D;2D;2D;4F7;1B4;5.9;35.5;-25.5;14.5;5.5;77.1;-0.0000;-0.0220;
1078.04;0;0;0;0;4E;2D;2D;2D;2D;2D;4F4;1B4;5.9;35.2;-25.5;14.5;5.5;77.1;-0.0000;-0.0284;
1078.29;0;0;0;0;4D;2D;2D;2D;2C;2D;4EE;1B4;5.9;35.0;-25.5;14.5;5.5;77.1;-0.0000;-0.0300;
1078.56;0;0;0;0;4D;2D;2C;2C;2C;2D;4EA;1B4;5.9;35.0;-25.5;14.5;5.5;77.1;-0.0000;-0.0336;
1078.81;0;0;0;0;4D;2D;2C;2C;2C;2C;4E3;1B4;5.9;34.0;-25.5;14.5;5.5;77.1;-0.0000;-0.0446;
1079.06;0;0;0;0;4D;2C;2C;2C;2C;2C;4E0;1B4;6.0;33.6;-25.0;14.5;5.5;77.1;-0.0000;-0.0448;
1079.31;0;0;0;0;4D;2C;2C;2C;2B;2C;4DA;1B4;6.0;33.6;-25.0;14.5;5.5;77.1;-0.0000;-0.0478;
1079.56;0;0;0;0;4D;2C;2C;2C;2B;2C;4D3;1B4;6.1;32.9;-25.0;14.5;5.5;77.1;-0.0000;-0.0515;
1079.81;0;0;0;0;4D;2C;2C;2C;2B;2C;4D2;1B4;6.1;32.9;-25.0;14.5;5.5;77.1;-0.0000;-0.0544;
1080.06;0;0;0;0;4D;2C;2B;2C;2B;2B;4CE;1B4;6.2;32.1;-25.0;14.5;5.5;77.1;-0.0000;-0.0547;
1080.31;0;0;0;0;4D;2C;2B;2B;2B;2B;4C8;1B4;6.2;31.3;-25.0;14.5;5.5;77.1;-0.0000;-0.0544;
1080.56;0;0;0;0;4D;2C;2B;2B;2B;2B;4C6;1B4;6.2;31.3;-25.0;14.5;5.5;77.1;-0.0000;-0.0544;
1080.81;0;0;0;0;4D;2B;2B;2B;2B;2B;4C3;1B4;6.3;30.8;-25.0;14.5;5.5;77.1;-0.0000;-0.0530;
1081.06;0;0;0;0;4D;2B;2B;2B;2B;2B;4C5;1B4;6.4;29.8;-25.0;14.5;5.5;77.1;-0.0000;-0.0499;
1081.31;0;0;0;0;4D;2C;2B;2B;2B;2B;4CB;1B4;6.4;29.8;-25.0;14.5;5.5;77.1;-0.0000;-0.0402;
1081.56;0;0;0;0;4D;2C;2B;2C;2B;2C;4D0;1B4;6.4;29.8;-25.0;14.5;5.5;77.1;-0.0000;-0.0328;
1081.81;0;0;0;0;4D;2C;2C;2C;2B;2C;4D8;1B4;6.4;29.0;-25.0;14.5;5.5;77.1;-0.0000;-0.0216;
1082.06;0;0;0;0;4D;2C;2C;2C;2C;2C;4DB;1B4;6.5;29.0;-25.0;14.5;5.5;77.1;-0.0000;-0.0186;
1082.31;0;0;0;0;4D;2C;2C;2C;2C;2C;4E0;1B4;6.5;29.0;-25.0;14.5;5.5;77.1;-0.0000;-0.0154;
1082.56;0;0;0;0;4D;2D;2D;2C;2C;2C;4E5;1B4;6.6;28.9;-25.5;14.5;5.5;77.1;-0.0000;-0.0105;
1082.81;0;0;0;0;4D;2C;2D;2C;2C;2D;4EB;1B4;6.6;28.9;-25.5;14.5;5.5;77.1;-0.0000;0.0002;
1083.06;0;0;0;0;4D;2C;2C;2C;2C;2C;4E1;1B4;6.6;29.1;-25.5;14.5;5.5;77.1;-0.0000;0.0035;
1083.31;0;0;0;0;4D;2C;2C;2C;2C;2C;4DE;1B4;6.4;30.1;-25.0;14.5;5.5;77.1;-0.0000;0.0048;
1083.57;0;0;0;0;4D;2C;2C;2C;2C;2C;4DC;1B4;6.4;30.1;-25.0;14.5;5.5;77.1;-0.0000;0.0048;
1083.82;0;0;0;0;4D;2C;2C;2C;2C;2C;4D7;1B4;6.4;30.8;-25.0;14.5;5.5;77.1;-0.0000;0.0041;
1084.07;0;0;0;0;4D;2B;2B;2B;2B;2C;4D3;1B4;6.3;31.1;-25.0;14.5;5.5;77.1;-0.0000;0.0041;
1084.32;0;0;0;0;4D;2B;2B;2B;2B;2C;4CF;1B4;6.3;31.1;-25.0;14.5;5.5;77.1;-0.0000;0.0035;
1084.57;0;0;0;0;4D;2B;2B;2B;2B;2B;4C5;1B4;6.2;32.0;-25.0;14.5;5.5;77.1;-0.0000;0.0027;
1084.82;0;0;0;0;4D;2B;2B;2B;2B;2B;4C0;1B4;6.2;32.5;-25.0;14.5;5.5;77.1;-0.0000;0.0007;
1085.07;0;0;0;0;4D;2B;2B;2B;2B;2B;4BA;1B4;6.2;32.5;-25.0;14.5;5.5;77.1;-0.0000;-0.0023;
1085.32;0;0;0;0;4D;2B;2B;2A;2A;2A;4B0;1B4;6.1;33.2;-25.0;14.5;5.5;77.1;-0.0000;-0.0066;
1085.57;0;0;0;0;4D;2A;2A;2A;2A;2A;4AD;1B4;6.1;33.2;-25.0;14.5;5.5;77.1;-0.0000;-0.0291;
1085.82;0;0;0;0;4D;2A;2A;2A;2A;2A;4A4;1B4;6.0;34.0;-25.0;14.5;5.5;77.1;-0.0000;-0.0412;
1086.07;0;0;0;0;4D;2A;29;2A;29;2A;49E;1B4;6.0;34.0;-24.5;14.5;5.5;77.1;-0.0000;-0.0524;
1086.32;0;0;0;0;4D;2A;29;2A;29;2A;494;1B4;5.8;33.2;-24.5;14.5;5.5;77.1;-0.0000;-0.0613;
1086.57;0;0;0;0;4D;2A;28;29;29;29;48F;1B4;5.8;33.2;-24.5;14.5;5.5;77.1;-0.0000;-0.0716;
1086.82;0;0;0;0;4D;29;28;29;28;29;484;1B4;5.7;32.9;-24.5;14.5;5.5;77.1;-0.0000;-0.0867;
1087.07;0;0;0;0;4D;29;28;29;28;29;47C;1B4;5.7;32.5;-24.5;14.5;5.5;77.1;-0.0000;-0.0954;
1087.32;0;0;0;0;4D;29;28;29;28;28;470;1B4;5.7;32.5;-24.5;14.5;5.5;77.1;-0.0000;-0.0983;
1087.57;0;0;0;0;4D;29;27;28;27;28;46D;1B4;5.8;30.9;-24.5;14.5;5.5;77.1;-0.0000;-0.1025;
1087.82;0;0;0;0;4D;28;27;28;27;28;45F;1B4;5.8;30.1;-24.5;14.5;5.5;77.1;-0.0000;-0.1145;
1088.07;0;0;0;0;4D;28;27;28;27;27;45A;1B4;5.8;30.1;-24.5;14.5;5.5;77.1;-0.0000;-0.1143;
1088.32;0;0;0;0;4D;28;27;28;26;27;459;1B4;5.8;29.3;-24.5;14.5;5.5;77.1;-0.0000;-0.1121;
1088.58;0;0;0;0;4D;28;26;28;26;27;451;1B4;5.8;29.3;-24.5;14.5;5.5;77.1;-0.0000;-0.1107;
1088.83;0;0;0;0;4D;27;26;27;26;27;44B;1B4;5.8;27.9;-24.5;14.5;5.5;77.1;-0.0000;-0.1111;
1089.08;0;0;0;0;4D;27;26;27;26;27;443;1B4;5.9;27.2;-24.5;14.5;5.5;77.1;-0.0000;-0.1111;
1089.33;0;0;0;0;4D;27;26;27;26;26;440;1B4;5.9;27.2;-24.5;14.5;5.5;77.1;-0.0000;-0.1111;
1089.58;0;0;0;0;4D;27;25;26;25;26;431;1B4;6.0;26.1;-24.5;14.5;5.5;77.1;-0.0000;-0.1107;
1089.83;0;0;0;0;4D;26;25;26;25;26;42C;1B4;6.0;26.1;-24.5;14.5;5.5;77.1;-0.0000;-0.1070;
1090.08;1;0;0;0;4D;26;25;26;25;26;3BA;1B4;6.2;25.0;-24.5;14.5;5.5;77.1;-0.0000;-0.1050;
1090.33;1;0;0;0;4D;26;25;26;25;26;363;1B4;6.2;25.0;4.5;14.5;5.5;77.1;-0.0039;-0.1009;
1090.58;1;0;0;0;4D;26;25;26;25;25;36B;1B4;6.4;25.0;9.5;14.5;5.5;77.1;-0.0039;-0.0945;
1090.83;1;0;0;0;4D;26;25;25;25;25;371;1B4;6.6;24.5;7.0;14.5;5.5;77.1;-0.0039;-0.0851;
1091.08;1;0;0;0;4D;25;24;25;24;25;3A8;1B4;6.6;24.5;-15.5;14.5;5.5;77.1;-0.0000;-0.0814;
1091.33;1;0;0;0;4D;25;24;25;24;25;421;1B4;6.8;24.3;-25.0;14.5;5.5;77.1;-0.0000;-0.0741;
1091.58;1;0;0;0;4D;24;24;24;23;24;59E;1B4;6.8;24.3;-27.0;14.6;5.5;77.1;-0.0000;-0.0615;
1091.83;1;0;0;0;4D;24;23;24;23;24;586;1B4;7.0;24.9;-20.5;14.6;5.5;77.1;-0.0000;-0.0314;
1092.08;0;0;0;0;4D;23;23;23;23;23;571;1B4;7.2;25.3;-27.0;14.6;5.5;77.1;-0.0000;-0.0204;
1092.33;0;0;0;0;4C;23;23;23;23;23;56B;1B4;7.2;25.3;-26.5;14.5;5.5;77.1;-0.0000;-0.0149;
1092.58;0;0;0;0;4C;22;22;22;22;22;55B;1B4;7.4;26.0;-26.5;14.5;5.5;77.1;-0.0000;-0.0134;
1092.83;0;0;0;0;4C;22;22;22;22;22;54D;1B4;7.5;27.3;-26.5;14.5;5.5;77.1;-0.0000;-0.0127;
1093.08;0;0;0;0;4C;22;22;22;21;22;53A;1B4;7.5;27.3;-26.5;14.5;5.5;77.1;-0.0000;-0.0112;
1093.33;0;0;0;0;4C;21;21;21;21;21;532;1B4;7.4;27.5;-26.0;14.5;5.5;77.1;-0.0000;-0.0081;
1093.59;0;0;0;0;4C;21;21;21;21;21;523;1B4;7.4;27.5;-26.0;14.5;5.5;77.1;-0.0000;-0.0005;
1093.84;0;0;0;0;4C;21;21;21;21;21;518;1B4;7.5;28.7;-26.0;14.5;5.5;77.1;-0.0000;-0.0002;
1094.09;0;0;0;0;4C;20;20;20;20;20;503;1B4;7.5;28.7;-26.0;14.5;5.5;77.1;-0.0000;-0.0002;
1094.34;0;0;0;0;4C;20;20;20;20;20;4F8;1B4;7.5;29.7;-25.5;14.5;5.5;77.1;-0.0000;-0.0002;
1094.59;0;0;0;0;4C;20;20;1F;20;20;4E5;1B4;7.5;29.7;-25.5;14.5;5.5;77.1;-0.0000;-0.0002;
1094.84;0;0;0;0;4C;1F;1F;1F;1F;1F;4D9;1B4;7.4;30.3;-25.5;14.5;5.5;77.1;-0.0000;-0.0027;
1095.09;0;0;0;0;4C;1F;1F;1F;1F;1F;4C8;1B4;7.3;31.4;-25.0;14.5;5.5;77.1;-0.0000;-0.0024;
1095.34;0;1;0;0;4C;1E;1E;1E;1E;1E;4B6;1B4;7.3;31.4;-25.0;14.5;5.5;77.1;-0.0000;-0.0037;
1095.59;0;1;0;0;4C;1D;1D;1D;1D;1D;48C;1B4;7.2;32.2;-25.0;14.5;5.5;77.1;-0.0000;-0.0041;
1095.84;1;1;0;0;4C;1C;1C;1C;1C;1C;46D;1B4;7.1;32.9;-25.0;14.5;5.5;77.1;-0.0000;-0.0044;
1096.09;1;1;0;0;4C;1B;1B;1B;1B;1B;391;1B4;7.1;32.9;-16.0;14.5;5.5;77.1;-0.0000;-0.0049;
1096.34;1;1;0;0;4C;1A;1B;1A;1A;1B;366;1B4;7.1;33.6;8.0;14.5;5.5;77.1;-0.0039;-0.0066;
1096.59;1;1;0;0;4C;19;19;19;19;19;375;1B4;7.1;33.6;6.5;14.5;5.5;77.1;-0.0039;-0.0227;
1096.84;1;1;0;0;4C;18;18;18;18;18;3F5;1B4;7.1;34.0;-25.0;14.5;5.5;77.1;-0.0000;-0.0298;
1097.09;1;0;0;0;4C;17;16;17;16;17;492;1B4;7.2;34.3;-25.0;14.5;5.5;77.1;-0.0000;-0.0427;
1097.34;1;0;0;0;4C;16;15;15;15;16;551;1B6;7.2;34.3;-26.5;14.5;5.5;77.1;-0.0000;-0.0666;
1097.59;1;0;0;0;4C;15;14;15;14;15;530;1B6;7.3;34.6;-26.5;14.5;5.5;77.1;-0.0000;-0.1323;
1097.84;0;0;0;0;4C;14;13;14;13;14;50D;1B6;7.3;34.0;-26.0;14.5;5.5;77.1;-0.0000;-0.1705;
1098.09;0;0;0;0;4C;14;13;14;13;14;4DD;1B6;7.3;34.0;-25.5;14.5;5.5;77.1;-0.0000;-0.2030;
1098.34;0;0;0;0;4C;13;12;13;12;13;4BA;1B6;7.3;34.0;-25.0;14.5;5.5;77.1;-0.0000;-0.2195;
1098.60;0;0;0;0;4C;13;12;13;11;12;496;1B6;7.3;33.2;-25.0;14.5;5.5;77.1;-0.0000;-0.2227;
1098.85;0;0;0;0;4C;12;11;12;11;11;44F;1B6;7.4;33.0;-25.0;14.5;5.5;77.1;-0.0000;-0.2234;
1099.10;0;0;0;0;4C;11;10;11;10;11;433;1B6;7.4;33.0;-24.5;14.5;5.5;77.1;-0.0000;-0.2105;
1099.35;0;0;0;0;4C;10;F;10;F;10;415;1B6;7.5;32.4;-24.5;14.5;5.5;77.1;-0.0000;-0.1960;
1099.60;1;0;0;0;4C;10;F;10;F;F;39E;1B6;7.5;32.4;-24.5;14.5;5.5;77.1;-0.0000;-0.1543;
1099.85;1;0;0;0;4C;F;F;10;F;F;364;1B6;7.6;31.6;8.0;14.5;5.5;77.1;-0.0039;-0.1527;
1100.10;1;1;0;0;4C;F;E;F;E;F;36C;1B6;7.6;31.0;8.5;14.5;5.5;77.1;-0.0039;-0.1111;
1100.35;1;1;0;0;4C;E;D;D;D;D;36E;1B6;7.6;31.0;8.0;14.5;5.5;77.1;-0.0039;-0.0588;
1100.60;1;1;0;0;4C;D;C;D;C;D;36F;1B6;7.4;30.7;7.0;14.5;5.5;77.1;-0.0039;0.0549;
1100.85;1;0;0;0;4C;B;C;B;C;C;370;1B6;7.3;30.5;8.5;14.5;5.5;77.1;-0.0039;0.0952;
1101.10;0;0;0;0;4C;B;B;B;B;B;36F;1B6;7.3;30.5;8.5;14.5;5.5;77.1;-0.0039;0.1255;
1101.35;0;0;0;0;4C;A;A;A;A;A;36E;1B6;7.2;29.8;8.0;14.5;5.5;77.1;-0.0039;0.1473;
1101.60;0;0;0;0;4C;9;A;9;A;9;36D;1B6;7.2;29.8;10.0;14.5;5.5;77.1;-0.0039;0.2169;
1101.85;0;1;0;0;4C;8;9;8;9;9;373;1B6;7.0;29.6;8.0;14.5;5.5;77.1;-0.0039;0.2395;
1102.10;0;1;0;0;4C;7;8;7;8;8;36F;1B6;6.9;29.5;7.0;14.5;5.5;77.1;-0.0039;0.2424;
1102.35;0;1;0;0;4C;6;6;6;6;6;372;1B6;6.9;29.5;7.0;14.5;5.5;77.1;-0.0039;0.2423;
1102.60;0;1;0;0;4C;5;5;5;5;5;370;1B6;6.9;29.5;7.0;14.5;5.5;77.1;-0.0039;0.2420;
1102.85;0;1;0;0;4C;4;4;4;4;4;36F;1B6;6.8;30.3;6.5;14.5;5.5;77.1;-0.0039;0.2414;
1103.10;0;0;0;0;4C;3;3;3;3;3;36F;1B6;6.9;30.4;8.0;14.5;5.5;77.1;-0.0039;0.2395;
1103.35;0;0;0;0;4C;3;3;3;3;3;372;1B6;6.9;30.4;6.5;14.5;5.5;77.1;-0.0039;0.2377;
1103.62;0;0;0;0;4C;2;2;2;2;2;36E;1B6;6.9;30.1;6.5;14.5;5.5;77.1;-0.0039;0.2378;
1103.87;0;0;0;0;4C;2;2;2;2;2;371;1B6;6.6;30.3;7.0;14.5;5.5;77.1;-0.0039;0.2378;
1104.12;0;0;0;0;4C;1;1;1;1;1;36C;1B6;6.6;30.3;-9.5;14.5;5.5;77.1;0.0000;0.2378;
1104.37;0;0;0;0;4C;1;1;1;1;1;33E;1B6;6.5;29.8;7.0;14.5;5.5;77.1;-0.0039;0.2378;
1104.62;0;0;0;0;4C;1;1;1;1;1;33D;1B6;6.4;29.2;5.5;14.5;5.5;77.1;-0.0039;0.1968;
1104.87;0;0;0;0;4C;0;0;0;0;0;337;1B6;6.4;29.2;13.5;14.5;5.5;77.1;-0.0039;0.1384;
1105.12;0;0;0;0;4B;0;0;0;0;0;337;1B6;6.4;28.6;15.5;14.5;5.5;77.1;-0.0039;0.0755;
1105.37;0;1;0;0;4B;0;0;0;0;0;33A;1B6;6.4;28.6;16.5;14.5;5.5;77.1;-0.0039;0.0216;
1105.62;0;1;0;0;4B;0;0;0;0;0;346;1B6;6.4;28.2;13.5;14.4;5.5;77.1;-0.0039;-0.0225;
1105.87;0;1;0;0;4B;0;0;0;0;0;34D;1B6;6.2;27.6;3.5;14.4;5.5;77.1;-0.0039;0.0275;
1106.12;0;1;0;0;4B;0;0;0;0;0;343;1B6;6.2;27.6;4.5;14.4;5.5;77.1;-0.0039;0.0446;
1106.37;0;1;0;0;4B;0;0;0;0;0;340;1B6;6.1;27.4;5.5;14.4;5.5;77.1;-0.0039;0.0463;
1106.62;0;1;0;0;4B;0;0;0;0;0;33E;1B6;6.1;27.4;6.0;14.4;5.5;77.1;-0.0039;0.0481;
1106.87;0;1;0;0;4B;0;0;0;0;0;33D;1B6;5.8;26.4;4.5;14.4;5.5;77.1;-0.0039;0.0487;
1107.12;0;1;0;0;4B;0;0;0;0;0;33E;1B6;5.8;26.4;5.5;14.4;5.5;77.1;-0.0039;0.0491;
1107.37;0;1;0;0;4B;0;0;0;0;0;33F;1B6;5.4;26.3;6.0;14.5;5.5;77.1;-0.0039;0.0492;
1107.62;0;1;0;0;4B;0;0;0;0;0;33E;1B6;5.1;26.0;5.0;14.5;5.5;77.1;-0.0039;0.0499;
1107.87;0;1;0;0;4B;0;0;0;0;0;33D;1B6;5.1;26.0;5.5;14.5;5.5;77.1;-0.0039;0.0501;
1108.12;0;1;0;0;4B;0;0;0;0;0;33E;1B6;5.1;25.9;6.0;14.5;5.5;77.1;-0.0039;0.0502;
1108.37;0;1;0;0;4B;0;0;0;0;0;33E;1B6;5.1;25.9;5.5;14.5;5.5;77.1;-0.0039;0.0505;
1108.63;0;1;0;0;4B;0;0;0;0;0;33E;1B6;5.1;26.0;5.5;14.5;5.5;77.1;-0.0039;0.0506;
1108.88;0;1;0;0;4B;0;0;0;0;0;33F;1B6;4.9;25.8;5.5;14.5;5.5;77.1;-0.0039;0.0506;
1109.13;0;1;0;0;4B;0;0;0;0;0;33D;1B6;4.9;25.8;6.0;14.5;5.5;77.1;-0.0039;0.0508;
1109.38;0;1;0;0;4B;0;0;0;0;0;33D;1B6;4.8;25.7;7.0;14.5;5.5;77.1;-0.0039;0.0508;
1109.63;0;1;0;0;4B;0;0;0;0;0;33E;1B6;4.6;25.6;5.5;14.5;5.5;77.1;-0.0039;0.0512;
1109.88;0;1;0;0;4B;0;0;0;0;0;33E;1B6;4.6;25.6;6.0;14.5;5.5;77.1;-0.0039;0.0512;
1110.13;0;1;0;0;4B;0;0;0;0;0;33E;1B6;4.6;25.7;5.5;14.5;5.5;77.1;-0.0039;0.0512;
1110.38;0;1;0;0;4B;0;0;0;0;0;33E;1B6;4.6;25.7;6.0;14.5;5.5;77.1;-0.0039;0.0512;
1110.63;0;1;0;0;4B;0;0;0;0;0;33D;1B6;4.6;25.8;5.5;14.5;5.5;77.1;-0.0039;0.0513;
1110.88;0;1;0;0;4B;0;0;0;0;0;33E;1B6;4.6;25.8;5.5;14.5;5.5;77.1;-0.0039;0.0513;
1111.13;0;1;0;0;4B;0;0;0;0;0;33E;1B6;4.7;26.0;4.5;14.5;5.5;77.1;-0.0039;0.0513;
1111.38;0;1;0;0;4B;0;0;0;0;0;33C;1B6;4.7;26.0;6.0;14.5;5.5;77.1;-0.0039;0.0513;
1111.63;0;1;0;0;4B;0;0;0;0;0;33F;1B6;4.7;25.6;5.0;14.5;5.5;77.1;-0.0039;0.0513;
1111.88;0;1;0;0;4B;0;0;0;0;0;33D;1B6;4.7;26.0;5.5;14.5;5.5;77.1;-0.0039;0.0513;
1112.13;0;1;0;0;4B;0;0;0;0;0;33E;1B6;4.7;26.0;5.5;14.5;5.5;77.1;-0.0039;0.0513;
1112.38;0;1;0;0;4B;0;0;0;0;0;33D;1B6;4.7;25.7;4.5;14.5;5.5;77.1;-0.0039;0.0515;
1112.63;0;1;2;0;4B;0;0;0;0;0;33E;1B6;4.7;25.7;6.0;14.5;5.5;77.1;-0.0039;0.0517;
1112.88;0;1;0;0;4B;0;0;0;0;0;33F;1B6;4.7;25.7;5.0;14.5;5.5;77.1;-0.0039;0.0517;
1113.13;0;1;0;0;4B;0;0;0;0;0;33F;1B6;4.7;25.9;4.5;14.5;5.5;77.1;-0.0039;0.0517;
1113.38;0;1;0;0;4B;0;0;0;0;0;33D;1B6;4.7;25.9;5.5;14.5;5.5;77.1;-0.0039;0.0517;
1113.64;0;1;0;0;4B;0;0;0;0;0;33E;1B6;4.7;25.9;5.5;14.5;5.5;77.1;-0.0039;0.0519;
1113.89;0;1;0;0;4B;0;0;0;0;0;33F;1B6;4.7;25.8;5.0;14.5;5.5;77.1;-0.0039;0.0519;
1114.14;0;1;1;0;4B;0;0;0;0;0;33F;1B6;4.7;25.8;5.0;14.5;5.5;77.1;-0.0039;0.0519;
1114.39;0;1;0;0;4B;0;0;0;0;0;33F;1B6;4.7;26.0;6.0;14.5;5.5;77.1;-0.0039;0.0519;
1114.64;0;1;0;0;4B;0;0;0;0;0;33F;1B6;4.7;25.9;5.0;14.5;5.5;77.1;-0.0039;0.0519;
1114.89;0;1;0;0;4B;0;0;0;0;0;33D;1B6;4.7;25.9;6.0;14.5;5.5;77.1;-0.0039;0.0519;
1115.14;0;1;0;0;4B;0;0;0;0;0;33F;1B6;4.7;25.9;4.5;14.5;5.5;77.1;-0.0039;0.0519;
1115.39;0;1;0;0;4B;0;0;0;0;0;33D;1B6;4.7;26.0;5.0;14.5;5.5;77.1;-0.0039;0.0520;
1115.64;0;1;0;0;4B;0;0;0;0;0;33C;1B6;4.7;26.0;6.0;14.5;5.5;77.1;-0.0039;0.0520;
1115.89;0;1;0;0;4B;0;0;0;0;0;33E;1B6;4.7;26.0;5.5;14.5;5.5;77.1;-0.0039;0.0524;
1116.14;0;1;0;0;4B;0;0;0;0;0;33E;1B6;4.7;26.0;4.5;14.5;5.5;77.1;-0.0039;0.0524;
1116.39;0;1;0;0;4B;0;0;0;0;0;33D;1B6;4.7;26.0;5.5;14.5;5.5;77.1;-0.0039;0.0524;
1116.64;0;1;0;0;4B;0;0;0;0;0;33D;1B6;4.7;26.2;4.5;14.5;5.5;77.1;-0.0039;0.0524;
1116.89;0;1;0;0;4B;0;0;0;0;0;33C;1B6;4.7;26.2;6.0;14.5;5.5;77.1;-0.0039;0.0524;
1117.14;0;1;0;0;4B;0;0;0;0;0;33F;1B6;4.7;26.2;5.0;14.5;5.5;77.1;-0.0039;0.0524;
1117.39;0;1;0;0;4B;0;0;0;0;0;33D;1B6;4.6;26.1;4.5;14.5;5.5;77.1;-0.0039;0.0524;
1117.64;0;1;0;0;4B;0;0;0;0;0;33B;1B6;4.6;26.1;5.0;14.5;5.5;77.1;-0.0039;0.0524;
1117.89;0;1;0;0;4B;0;0;0;0;0;33E;1B6;4.6;26.1;4.5;14.5;5.5;77.1;-0.0039;0.0524;
1118.14;0;1;0;0;4B;0;0;0;0;0;33F;1B6;4.6;26.2;5.0;14.5;5.5;77.1;-0.0039;0.0524;
1118.39;0;1;0;0;4B;0;0;0;0;0;33E;1B6;4.6;26.2;5.5;14.5;5.5;77.1;-0.0039;0.0524;
1118.65;0;1;0;0;4B;0;0;0;0;0;33F;1B6;4.6;26.1;4.5;14.5;5.5;77.1;-0.0039;0.0524;
1118.90;0;1;10;0;4B;0;0;0;0;0;33C;1B6;4.6;26.2;5.0;14.5;5.5;77.1;-0.0039;0.0524;
1119.15;0;1;0;0;4B;0;0;0;0;0;33F;1B6;4.6;26.2;5.0;14.5;5.5;77.1;-0.0039;0.0524;
1119.40;0;1;0;0;4B;0;0;0;0;0;33F;1B6;4.6;26.2;4.5;14.5;5.5;77.1;-0.0039;0.0524;
1119.65;0;1;0;0;4B;0;0;0;0;0;33F;1B6;4.6;26.2;5.5;14.5;5.5;77.1;-0.0039;0.0524;
1119.90;0;1;0;0;4B;0;0;0;0;0;33E;1B6;4.5;26.3;5.0;14.5;5.5;77.1;-0.0039;0.0524;
1120.15;0;1;1;0;4B;0;0;0;0;0;33D;1B6;4.5;26.3;5.0;14.5;5.5;77.1;-0.0039;0.0524;
1120.40;0;1;0;0;4B;0;0;0;0;0;33E;1B6;4.5;26.3;5.0;14.5;5.5;77.1;-0.0039;0.0524;
1120.65;0;1;0;0;4B;0;0;0;0;0;33E;1B6;4.5;26.3;5.5;14.5;5.5;77.1;-0.0039;0.0524;
1120.90;0;1;0;0;4B;0;0;0;0;0;33F;1B6;4.5;26.3;5.5;14.5;5.5;77.1;-0.0039;0.0524;
1121.15;0;1;0;0;4B;0;0;0;0;0;33D;1B6;4.4;26.3;5.5;14.5;5.5;77.1;-0.0039;0.0526;
1121.40;0;1;0;0;4B;0;0;0;0;0;33D;1B6;4.4;26.3;5.0;14.5;5.5;77.1;-0.0039;0.0526;
1121.65;0;1;0;0;4B;0;0;0;0;0;33E;1B6;4.4;26.4;4.5;14.5;5.5;77.1;-0.0039;0.0526;
1121.90;0;1;0;0;4B;0;0;0;0;0;33E;1B6;4.4;26.3;4.5;14.5;5.5;77.1;-0.0039;0.0526;
1122.15;0;1;0;0;4B;0;0;0;0;0;33C;1B6;4.4;26.3;5.0;14.5;5.5;77.1;-0.0039;0.0526;
1122.40;0;1;0;0;4B;0;0;0;0;0;33E;1B6;4.3;26.4;5.0;14.5;5.5;77.1;-0.0039;0.0526;
1122.65;0;1;0;0;4B;0;0;0;0;0;33D;1B6;4.3;26.4;4.5;14.5;5.5;77.1;-0.0039;0.0526;
1122.90;0;1;0;0;4B;0;0;0;0;0;33E;1B6;4.3;26.4;5.0;14.5;5.5;77.1;-0.0039;0.0526;
1123.15;0;1;0;0;4B;0;0;0;0;0;33D;1B6;4.3;26.4;4.5;14.5;5.5;77.1;-0.0039;0.0526;
1123.40;0;1;0;0;4B;0;0;0;0;0;33D;1B6;4.3;26.4;5.0;14.5;5.5;77.1;-0.0039;0.0526;
1123.67;0;1;0;0;4B;0;0;0;0;0;33F;1B6;4.2;26.5;5.0;14.5;5.5;77.1;-0.0039;0.0526;
1123.92;0;1;0;0;4B;0;0;0;0;0;33C;1B6;4.2;26.5;5.0;14.5;5.5;77.1;-0.0039;0.0526;
1124.17;0;1;0;0;4B;0;0;0;0;0;33F;1B6;4.2;26.5;5.0;14.5;5.5;77.1;-0.0039;0.0526;
1124.42;0;1;0;0;4B;0;0;0;0;0;33E;1B6;4.2;26.4;5.0;14.5;5.5;77.1;-0.0039;0.0526;
1124.67;0;1;0;0;4B;0;0;0;0;0;33F;1B6;4.2;26.4;4.5;14.5;5.5;77.1;-0.0039;0.0526;
1124.92;0;1;0;0;4B;0;0;0;0;0;33D;1B6;4.2;26.4;5.5;14.5;5.5;77.1;-0.0039;0.0526;
1125.17;0;1;0;0;4B;0;0;0;0;0;33E;1B6;4.2;26.4;5.0;14.5;5.5;77.1;-0.0039;0.0526;
1125.42;0;1;0;0;4B;0;0;0;0;0;340;1B6;4.2;26.4;5.0;14.5;5.5;77.1;-0.0039;0.0526;
1125.67;0;1;0;0;4B;0;0;0;0;0;33D;1B6;4.2;26.5;5.0;14.5;5.5;77.1;-0.0039;0.0526;
1125.92;0;1;0;0;4B;0;0;0;0;0;33E;1B6;4.2;26.5;6.0;14.5;5.5;77.1;-0.0039;0.0526;
1126.17;0;1;0;0;4B;0;0;0;0;0;33E;1B6;4.2;26.6;5.5;14.5;5.5;77.1;-0.0039;0.0526;
1126.42;0;1;0;0;4B;0;0;0;0;0;33E;1B6;4.2;26.5;5.0;14.5;5.5;77.1;-0.0039;0.0526;
1126.67;0;1;0;0;4B;0;0;0;0;0;33D;1B6;4.2;26.5;5.0;14.5;5.5;77.1;-0.0039;0.0526;
1126.92;0;1;0;0;4B;0;0;0;0;0;33E;1B6;4.2;26.5;5.0;14.5;5.5;77.1;-0.0039;0.0526;
1127.17;0;1;0;0;4B;0;0;0;0;0;33D;1B6;4.2;26.5;6.0;14.5;5.5;77.1;-0.0039;0.0526;
1127.42;0;1;0;0;4B;0;0;0;0;0;33E;1B6;4.2;26.4;5.0;14.5;5.5;77.1;-0.0039;0.0526;
1127.67;0;1;0;0;4B;0;0;0;0;0;33D;1B6;4.2;26.4;4.5;14.5;5.5;77.1;-0.0039;0.0526;
1127.92;0;1;0;0;4B;0;0;0;0;0;33D;1B6;4.2;26.4;5.0;14.5;5.5;77.1;-0.0039;0.0526;
1128.17;0;1;0;0;4B;0;0;0;0;0;33F;1B6;4.2;26.4;5.0;14.5;5.5;77.1;-0.0039;0.0526;
1128.42;0;1;0;0;4B;0;0;0;0;0;33C;1B6;4.2;26.4;5.5;14.5;5.5;77.1;-0.0039;0.0526;
