time(s);clutchPressed;brakePressed;steeringWheelButtons;gearAct;engineTemp;oilTemp;wheel1;wheel2;wheel3;wheel4;speed;engineRpm;range;airPressEngine;fuelLevel1;fuelLevel2;engineTorque;batteryVoltage;avgCons;avgSpeed;throttlePercent;steeringPos;accelLong;accelCross;
0.55;0;0;0;0;0;0;0;0;0;0;0;610;0;0;0.0;0.0;0.0;0.0;0.0;0.0;0.0000;0.0000;0.0000;0.0000;
0.80;1;0;0;0;1;207;0;0;0;0;0;1227;0;948;3.2;36.0;86.0;0.0;0.0;0.0;0.0000;-0.2049;0.0000;0.3250;
1.05;1;0;0;0;1;207;0;0;0;0;0;1249;0;948;3.2;36.0;38.5;0.0;0.0;0.0;0.0000;-0.2049;0.0000;0.4000;
1.30;1;0;0;0;1;207;0;0;0;0;0;1199;0;948;3.2;36.0;44.5;0.0;0.0;0.0;0.0000;-0.2049;0.0000;0.3750;
1.55;1;0;0;0;1;207;0;0;0;0;0;1156;0;948;3.2;36.0;46.5;0.0;0.0;0.0;0.0000;-0.2049;0.0000;0.3500;
1.80;1;0;0;0;1;207;0;0;0;0;0;1135;0;948;3.2;36.0;45.5;11.5;0.0;0.0;0.0000;-0.2049;0.0000;0.4250;
2.05;1;0;0;0;1;207;0;0;0;0;0;1094;0;948;3.2;36.0;44.5;11.5;0.0;0.0;0.0000;-0.2049;0.0000;0.4750;
2.30;1;0;0;0;1;207;0;0;0;0;0;1092;0;948;3.2;36.0;40.5;11.5;0.0;0.0;0.0000;-0.2049;0.0000;0.4750;
2.55;1;0;0;0;1;207;0;0;0;0;0;1055;0;948;3.2;36.0;42.0;11.5;0.0;0.0;0.0000;-0.2049;0.0000;0.4750;
2.80;1;0;0;0;1;207;0;0;0;0;0;1034;0;948;3.2;36.0;42.5;11.5;0.0;0.0;0.0000;-0.2049;0.0000;0.4250;
3.05;1;0;0;0;1;207;0;0;0;0;0;1004;0;948;3.2;36.0;41.5;11.7;0.0;0.0;0.0000;-0.2049;0.0000;0.4750;
3.30;1;0;0;0;1;207;0;0;0;0;0;989;0;948;3.2;35.9;47.0;11.7;0.0;0.0;0.0000;-0.2049;0.0000;0.4000;
3.55;1;0;0;0;1;207;0;0;0;0;0;981;0;948;3.2;35.9;47.0;12.0;0.0;0.0;0.0000;-0.2049;0.0000;0.4000;
3.80;1;0;0;0;1;207;0;0;0;0;0;995;0;948;3.2;35.9;47.0;12.0;0.0;0.0;0.0000;-0.2049;0.0000;0.4500;
4.05;1;0;0;0;1;207;0;0;0;0;0;987;0;948;3.2;35.9;42.5;12.0;0.0;0.0;0.0000;-0.2049;0.0000;0.4000;
4.30;1;0;0;0;1;207;0;0;0;0;0;1001;0;948;3.2;35.9;39.0;12.0;0.0;0.0;0.0000;-0.2049;0.0000;0.4500;
4.55;1;0;0;0;1;207;0;0;0;0;0;998;354;948;3.2;35.9;36.0;14.4;0.0;0.0;0.0000;-0.2049;0.0000;0.4250;
4.80;1;0;0;0;1;207;0;0;0;0;0;1003;354;948;3.2;35.9;31.0;14.6;0.0;0.0;0.0000;-0.2049;0.0000;0.4250;
5.05;1;0;0;0;1;207;0;0;0;0;0;989;354;948;3.2;35.9;33.0;14.6;0.0;0.0;0.0000;-0.2049;0.0000;0.4750;
5.30;1;0;0;0;1;207;0;0;0;0;0;986;354;948;3.2;35.9;32.0;14.6;0.0;0.0;0.0000;-0.2049;0.0000;0.4500;
5.57;1;0;0;0;1;207;0;0;0;0;0;995;354;948;3.2;35.9;29.5;14.6;5.5;76.8;0.0000;-0.2049;0.0000;0.4500;
5.82;1;0;0;0;1;207;0;0;0;0;0;990;354;948;3.2;35.9;28.5;14.6;5.5;76.8;0.0000;-0.2049;0.0000;0.4250;
6.07;1;0;0;0;1;207;0;0;0;0;0;990;354;948;3.2;35.9;28.0;14.6;5.5;76.8;0.0000;-0.2049;0.0000;0.4000;
6.32;1;0;0;0;1;207;0;0;0;0;0;988;354;948;3.2;35.9;28.0;14.6;5.5;76.8;0.0000;-0.2049;0.0000;0.4750;
6.57;1;0;0;0;1;207;0;0;0;0;0;992;354;948;3.2;35.9;26.5;14.6;5.5;76.8;0.0000;-0.2049;0.0000;0.4250;
6.82;1;0;0;0;1;207;0;0;0;0;0;990;354;948;3.2;35.9;25.0;14.6;5.5;76.8;0.0000;-0.2049;0.0000;0.4250;
7.07;1;0;0;0;1;207;0;0;0;0;0;983;354;948;3.2;35.9;27.0;14.6;5.5;76.8;0.0000;-0.2049;0.0000;0.4250;
7.32;1;0;0;0;1;207;0;0;0;0;0;986;354;948;3.2;35.9;27.5;14.6;5.5;76.8;0.0000;-0.2049;0.0000;0.4250;
7.57;1;0;0;0;1;207;0;0;0;0;0;986;354;948;3.2;35.9;27.5;14.5;5.5;76.8;0.0000;-0.2049;0.0000;0.4750;
7.82;1;0;0;0;1;207;0;0;0;0;0;989;354;948;3.2;35.9;25.5;14.5;5.5;76.8;0.0000;-0.2049;0.0000;0.4250;
8.07;1;0;0;0;1;207;0;0;0;0;0;988;354;948;3.2;35.9;25.5;14.5;5.5;76.8;0.0000;-0.2049;0.0000;0.4500;
8.32;1;0;0;0;1;207;0;0;0;0;0;988;354;948;3.2;35.9;25.5;14.5;5.5;76.8;0.0000;-0.2049;0.0000;0.4250;
8.57;1;0;0;0;1;207;0;0;0;0;0;987;354;948;3.2;35.9;25.5;14.5;5.5;76.8;0.0000;-0.2049;0.0000;0.4500;
8.82;1;0;0;0;1;207;0;0;0;0;0;986;354;948;3.2;35.9;25.0;14.5;5.5;76.8;0.0000;-0.2049;0.0000;0.4250;
9.07;1;0;0;0;1;207;0;0;0;0;0;989;354;948;3.2;35.9;23.5;14.5;5.5;76.8;0.0000;-0.2049;0.0000;0.4250;
9.32;1;0;0;0;1;207;0;0;0;0;0;979;354;948;3.2;35.9;25.5;14.5;5.5;76.8;0.0000;-0.2049;0.0000;0.4250;
9.57;1;0;0;0;1;207;0;0;0;0;0;989;354;948;3.2;35.9;24.0;14.5;5.5;76.8;0.0000;-0.2049;0.0000;0.4500;
9.82;1;0;0;0;1;207;0;0;0;0;0;989;354;948;3.2;35.9;22.5;14.5;5.5;76.8;0.0000;-0.2049;0.0000;0.4750;
10.07;1;0;0;0;1;207;0;0;0;0;0;985;354;948;3.2;35.9;23.0;14.5;5.5;76.8;0.0000;-0.2049;0.0000;0.4000;
10.32;1;0;0;0;1;207;0;0;0;0;0;987;354;948;3.2;35.9;23.0;14.5;5.5;76.8;0.0000;-0.2049;0.0000;0.4250;
10.59;1;0;0;0;1;207;0;0;0;0;0;991;354;948;3.2;35.9;21.0;14.5;5.5;76.8;0.0000;-0.2049;0.0000;0.4500;
10.84;1;0;0;0;2;207;0;0;0;0;0;984;354;948;3.2;35.9;21.0;14.5;5.5;76.8;0.0000;-0.2049;0.0000;0.4250;
11.09;1;0;0;0;2;207;0;0;0;0;0;982;354;948;3.2;35.9;22.5;14.5;5.5;76.8;0.0000;-0.2049;0.0000;0.4500;
11.34;1;0;0;0;2;207;0;0;0;0;0;985;354;948;3.2;35.9;21.0;14.5;5.5;76.8;0.0000;-0.2049;0.0000;0.4250;
11.59;1;0;0;0;2;207;0;0;0;0;0;989;354;948;3.2;35.9;20.5;14.5;5.5;76.8;0.0000;-0.2049;0.0000;0.4500;
11.84;1;0;0;0;2;207;0;0;0;0;0;987;354;948;3.2;35.9;18.5;14.5;5.5;76.8;0.0000;-0.2049;0.0000;0.4500;
12.09;1;0;0;0;2;207;0;0;0;0;0;980;354;948;3.2;35.9;22.0;14.5;5.5;76.8;0.0000;-0.2049;0.0000;0.4250;
12.34;1;0;0;0;2;207;0;0;0;0;0;985;354;948;3.2;35.9;20.0;14.5;5.5;76.8;0.0000;-0.2049;0.0000;0.4500;
12.59;1;0;0;0;2;207;0;0;0;0;0;985;354;948;3.2;35.9;20.0;14.5;5.5;76.8;0.0000;-0.2049;0.0000;0.4500;
12.84;1;0;0;0;2;207;0;0;0;0;0;983;354;948;3.2;35.9;19.5;14.5;5.5;76.8;0.0000;-0.2049;0.0000;0.4250;
13.09;1;0;0;0;2;207;0;0;0;0;0;981;354;948;3.2;35.9;21.5;14.5;5.5;76.8;0.0000;-0.2049;0.0000;0.4500;
13.34;1;0;0;0;2;207;0;0;0;0;0;985;354;948;3.2;35.9;20.5;14.5;5.5;76.8;0.0000;-0.2049;0.0000;0.4250;
13.59;1;0;0;0;2;207;0;0;0;0;0;988;354;948;3.2;35.9;18.5;14.5;5.5;76.8;0.0000;-0.2049;0.0000;0.4250;
13.84;1;0;0;0;2;207;0;0;0;0;0;981;354;948;3.2;35.9;20.0;14.5;5.5;76.8;0.0000;-0.2049;0.0000;0.4500;
14.09;1;0;0;0;2;207;0;0;0;0;0;985;354;948;3.2;35.9;20.0;14.5;5.5;76.8;0.0000;-0.2049;0.0000;0.4250;
14.34;1;0;0;0;2;207;0;0;0;0;0;985;354;948;3.2;35.9;18.0;14.5;5.5;76.8;0.0000;-0.2049;0.0000;0.4750;
14.59;1;0;0;0;2;207;0;0;0;0;0;981;354;948;3.2;35.9;18.5;14.5;5.5;76.8;0.0000;-0.2049;0.0000;0.4500;
14.84;1;0;0;0;2;207;0;0;0;0;0;989;354;948;3.2;35.9;16.5;14.5;5.5;76.8;0.0000;-0.2049;0.0000;0.4500;
15.09;1;0;0;0;2;207;0;0;0;0;0;979;354;948;3.2;35.9;18.0;14.5;5.5;76.8;0.0000;-0.2049;0.0000;0.4500;
15.34;1;0;0;0;2;207;0;0;0;0;0;984;354;948;3.2;35.9;18.0;14.5;5.5;76.8;0.0000;-0.2049;0.0000;0.4500;
15.60;1;0;0;0;2;207;0;0;0;0;0;985;354;948;3.2;35.9;17.0;14.5;5.5;76.8;0.0000;-0.2049;0.0000;0.4250;
15.85;1;0;0;0;2;207;0;0;0;0;0;982;354;948;3.2;35.9;16.5;14.5;5.5;76.8;0.0000;-0.2049;0.0000;0.4250;
16.10;1;0;0;0;2;207;0;0;0;0;0;977;354;948;3.2;35.9;19.0;14.6;5.5;76.8;0.0000;-0.2049;0.0000;0.4250;
16.35;1;0;0;0;2;207;0;0;0;0;0;984;354;948;3.2;36.0;16.0;14.6;5.5;76.8;0.0000;-0.2049;0.0000;0.4500;
16.60;1;0;0;0;2;207;0;0;0;0;0;981;354;948;3.2;36.0;18.5;14.6;5.5;76.8;0.0000;-0.2049;0.0000;0.4250;
16.85;1;0;0;0;2;207;0;0;0;0;0;986;354;948;3.2;35.9;15.0;14.6;5.5;76.8;0.0000;-0.2049;0.0000;0.4500;
17.10;1;0;0;0;2;207;0;0;0;0;0;984;354;948;3.2;35.9;15.5;14.6;5.5;76.8;0.0000;-0.2049;0.0000;0.4250;
17.35;1;0;0;0;2;207;0;0;0;0;0;982;354;948;3.2;35.9;15.5;14.6;5.5;76.8;0.0000;-0.2049;0.0000;0.4500;
17.60;1;0;0;0;2;207;0;0;0;0;0;983;354;948;3.2;35.9;15.0;14.6;5.5;76.8;0.0000;-0.2049;0.0000;0.4500;
17.85;1;0;0;0;2;207;0;0;0;0;0;982;354;948;3.2;35.9;13.0;14.6;5.5;76.8;0.0000;-0.2049;0.0000;0.4250;
18.10;1;0;0;0;2;207;0;0;0;0;0;979;354;948;3.2;35.9;14.0;14.6;5.5;76.8;0.0000;-0.2049;0.0000;0.4250;
18.35;1;0;0;0;2;207;0;0;0;0;0;980;354;948;3.2;35.9;14.5;14.6;5.5;76.8;0.0000;-0.2049;0.0000;0.4500;
18.60;1;0;0;0;2;207;0;0;0;0;0;985;354;948;3.2;35.9;14.0;14.6;5.5;76.8;0.0000;-0.2049;0.0000;0.4250;
18.85;1;0;0;0;2;207;0;0;0;0;0;981;354;948;3.2;35.9;12.5;14.6;5.5;76.8;0.0000;-0.2049;0.0000;0.4250;
19.10;1;0;0;0;2;207;0;0;0;0;0;983;354;948;3.2;35.9;12.5;14.6;5.5;76.8;0.0000;-0.2049;0.0000;0.4500;
19.35;1;0;0;0;2;207;0;0;0;0;0;980;354;948;3.2;35.9;13.0;14.6;5.5;76.8;0.0000;-0.2049;0.0000;0.4500;
19.60;1;0;0;0;2;207;0;0;0;0;0;979;354;948;3.2;35.9;13.0;14.6;5.5;76.8;0.0000;-0.2049;0.0000;0.4250;
19.85;1;0;0;0;2;207;0;0;0;0;0;984;354;948;3.2;35.9;11.5;14.6;5.5;76.8;0.0000;-0.2049;0.0000;0.4500;
20.10;1;0;0;0;2;207;0;0;0;0;0;974;354;948;3.2;35.9;12.0;14.6;5.5;76.8;0.0000;-0.2049;0.0000;0.4500;
20.35;1;0;0;0;3;207;0;0;0;0;0;981;354;948;3.2;35.9;12.5;14.6;5.5;76.8;0.0000;-0.2049;0.0000;0.4500;
20.62;1;0;0;0;3;207;0;0;0;0;0;981;354;948;3.2;35.9;10.5;14.6;5.5;76.8;0.0000;-0.2049;0.0000;0.4500;
20.87;1;0;0;0;3;207;0;0;0;0;0;979;354;948;3.2;35.9;9.5;14.6;5.5;76.8;0.0000;-0.2049;0.0000;0.4500;
21.12;1;0;0;0;3;207;0;0;0;0;0;975;354;948;3.2;35.9;10.0;14.7;5.5;76.8;0.0000;-0.2049;0.0000;0.4250;
21.37;1;0;0;0;3;207;0;0;0;0;0;973;354;948;3.2;35.9;12.0;14.7;5.5;76.8;0.0000;-0.2049;0.0000;0.4500;
21.62;1;0;0;0;3;207;0;0;0;0;0;981;354;948;3.2;35.9;9.0;14.7;5.5;76.8;0.0000;-0.2049;0.0000;0.4250;
21.87;1;0;0;0;3;207;0;0;0;0;0;976;354;948;3.2;35.9;10.5;14.7;5.5;76.8;0.0000;-0.2049;0.0000;0.4250;
22.12;1;0;0;0;3;207;0;0;0;0;0;975;354;948;3.2;35.9;11.0;14.7;5.5;76.8;0.0000;-0.2049;0.0000;0.4250;
22.37;1;0;0;0;3;207;0;0;0;0;0;977;354;948;3.2;35.9;11.0;14.7;5.5;76.8;0.0000;-0.2049;0.0000;0.4250;
22.62;1;0;0;0;3;207;0;0;0;0;0;978;354;948;3.2;35.9;10.0;14.7;5.5;76.8;0.0000;-0.2049;0.0000;0.4250;
22.87;1;0;0;0;3;207;0;0;0;0;0;978;354;948;3.2;35.9;10.0;14.7;5.5;76.8;0.0000;-0.2049;0.0000;0.4250;
23.12;1;0;0;0;3;207;0;0;0;0;0;975;354;948;3.2;35.9;10.5;14.7;5.5;76.8;0.0000;-0.2049;0.0000;0.4250;
23.37;1;0;0;0;3;207;0;0;0;0;0;975;354;948;3.2;35.9;11.0;14.7;5.5;76.8;0.0000;-0.2049;0.0000;0.4250;
23.62;1;0;0;0;3;207;0;0;0;0;0;979;354;948;3.2;35.9;10.0;14.7;5.5;76.8;0.0000;-0.2049;0.0000;0.4250;
23.87;1;0;0;0;3;207;0;0;0;0;0;976;354;948;3.2;35.9;10.0;14.7;5.5;76.8;0.0000;-0.2049;0.0000;0.4500;
24.12;1;0;0;0;3;207;0;0;0;0;0;979;354;948;3.2;35.9;9.0;14.7;5.5;76.8;0.0000;-0.2049;0.0000;0.4500;
24.37;1;0;0;0;3;207;0;0;0;0;0;970;354;948;3.2;35.9;10.0;14.7;5.5;76.8;0.0000;-0.2049;0.0000;0.4250;
24.62;1;0;0;0;3;207;0;0;0;0;0;978;354;948;3.2;35.9;10.0;14.7;5.5;76.8;0.0000;-0.2049;0.0000;0.4500;
24.87;1;0;0;0;3;207;0;0;0;0;0;974;354;948;3.2;35.9;9.0;14.7;5.5;76.8;0.0000;-0.2049;0.0000;0.4250;
25.12;1;0;0;0;3;207;0;0;0;0;0;971;354;948;3.2;35.9;10.5;14.7;5.5;76.8;0.0000;-0.2049;0.0000;0.4000;
25.37;1;0;0;0;3;207;0;0;0;0;0;970;354;948;3.2;35.9;11.0;14.7;5.5;76.8;0.0000;-0.2049;0.0000;0.4500;
25.63;1;0;0;0;3;207;0;0;0;0;0;975;354;948;3.2;35.9;10.0;14.7;5.5;76.8;0.0000;-0.2049;0.0000;0.4500;
25.88;1;0;0;0;3;207;0;0;0;0;0;973;354;948;3.2;35.9;9.5;14.7;5.5;76.8;0.0000;-0.2049;0.0000;0.4500;
26.13;1;0;0;0;3;207;0;0;0;0;0;971;354;948;3.2;35.9;9.5;14.7;5.5;76.8;0.0000;-0.2049;0.0000;0.4250;
26.38;1;0;0;0;3;207;0;0;0;0;0;970;354;948;3.2;35.9;11.5;14.7;5.5;76.8;0.0000;-0.2049;0.0000;0.4250;
26.63;1;0;0;0;3;207;0;0;0;0;0;976;354;948;3.2;35.9;10.0;14.7;5.5;76.8;0.0000;-0.2049;0.0000;0.4500;
26.88;1;0;0;0;3;207;0;0;0;0;0;973;354;948;3.2;35.9;9.0;14.7;5.5;76.8;0.0000;-0.2049;0.0000;0.4250;
27.13;1;0;0;0;3;207;0;0;0;0;0;968;354;948;3.2;35.9;11.5;14.7;5.5;76.8;0.0000;-0.2049;0.0000;0.4250;
27.38;1;0;0;0;3;207;0;0;0;0;0;973;354;948;3.2;35.9;10.5;14.7;5.5;76.8;0.0000;-0.2049;0.0000;0.5000;
27.63;1;0;0;0;3;207;0;0;0;0;0;977;354;948;3.2;35.9;9.0;14.7;5.5;76.8;0.0000;-0.2049;0.0000;0.4500;
27.88;1;0;0;0;3;207;0;0;0;0;0;968;354;948;3.2;36.0;10.5;14.7;5.5;76.8;0.0000;-0.2049;0.0000;0.4500;
28.13;1;0;0;0;4;207;0;0;0;0;0;969;354;948;3.2;35.9;11.5;14.7;5.5;76.8;0.0000;-0.2049;0.0000;0.4250;
28.38;1;0;0;0;4;207;0;0;0;0;0;972;354;948;3.2;35.9;10.5;14.7;5.5;76.8;0.0000;-0.2049;0.0000;0.4500;
28.63;1;0;0;0;4;207;0;0;0;0;0;973;354;948;3.2;35.9;9.5;14.7;5.5;76.8;0.0000;-0.2049;0.0000;0.4500;
28.88;1;0;0;0;4;207;0;0;0;0;0;973;354;948;3.2;35.9;8.5;14.7;5.5;76.8;0.0000;-0.2049;0.0000;0.4250;
29.13;1;0;0;0;4;207;0;0;0;0;0;968;354;948;3.2;35.9;11.5;14.7;5.5;76.8;0.0000;-0.2049;0.0000;0.4750;
29.38;1;0;0;0;4;207;0;0;0;0;0;969;354;948;3.2;35.9;10.0;14.7;5.5;76.8;0.0000;-0.2049;0.0000;0.4000;
29.63;1;0;0;0;4;207;0;0;0;0;0;973;354;948;3.2;35.9;9.5;14.7;5.5;76.8;0.0000;-0.2049;0.0000;0.4500;
29.88;1;0;0;0;4;207;0;0;0;0;0;968;354;948;3.2;35.9;9.0;14.7;5.5;76.8;0.0000;-0.2049;0.0000;0.4500;
30.13;1;0;0;0;4;207;0;0;0;0;0;967;354;948;3.2;35.9;10.5;14.7;5.5;76.8;0.0000;-0.2049;0.0000;0.4750;
30.38;1;0;0;0;4;207;0;0;0;0;0;966;354;948;3.2;35.9;10.0;14.7;5.5;76.8;0.0000;-0.2049;0.0000;0.4500;
30.65;1;0;0;0;4;207;0;0;0;0;0;971;354;948;3.2;35.9;9.5;14.7;5.5;76.8;0.0000;-0.2049;0.0000;0.4250;
30.90;1;0;0;0;4;207;0;0;0;0;0;966;354;948;3.2;35.9;10.0;14.7;5.5;76.8;0.0000;-0.2049;0.0000;0.4250;
31.15;1;0;0;0;4;207;0;0;0;0;0;966;354;948;3.2;35.9;10.0;14.7;5.5;76.8;0.0000;-0.2049;0.0000;0.4250;
31.40;1;0;0;0;4;207;0;0;0;0;0;966;354;948;3.2;35.9;10.0;14.7;5.5;76.8;0.0000;-0.2049;0.0000;0.4500;
31.65;1;0;0;0;4;207;0;0;0;0;0;969;354;948;3.2;35.9;8.5;14.7;5.5;76.8;0.0000;-0.2049;0.0000;0.4500;
31.90;1;0;0;0;4;207;0;0;0;0;0;967;354;948;3.2;35.9;9.0;14.7;5.5;76.8;0.0000;-0.2049;0.0000;0.4500;
32.15;1;0;0;0;4;207;0;0;0;0;0;964;354;948;3.2;35.9;10.0;14.7;5.5;76.8;0.0000;-0.2049;0.0000;0.4750;
32.40;1;0;0;0;4;207;0;0;0;0;0;963;354;948;3.2;35.9;11.5;14.7;5.5;76.8;0.0000;-0.2049;0.0000;0.4250;
32.65;1;0;0;0;4;207;0;0;0;0;0;966;354;948;3.2;35.9;9.5;14.7;5.5;76.8;0.0000;-0.2049;0.0000;0.4500;
32.90;1;0;0;0;4;207;0;0;0;0;0;966;354;948;3.2;35.9;9.5;14.7;5.5;76.8;0.0000;-0.2049;0.0000;0.4250;
33.15;1;0;0;0;4;207;0;0;0;0;0;964;354;948;3.2;35.9;9.5;14.7;5.5;76.8;0.0000;-0.2049;0.0000;0.4500;
33.40;1;0;0;0;4;207;0;0;0;0;0;965;354;948;3.2;35.9;10.5;14.7;5.5;76.8;0.0000;-0.2049;0.0000;0.4500;
33.65;1;0;0;0;4;207;0;0;0;0;0;966;354;948;3.2;35.9;9.0;14.7;5.5;76.8;0.0000;-0.2049;0.0000;0.4500;
33.90;1;0;0;0;4;207;0;0;0;0;0;965;354;948;3.2;35.9;9.5;14.7;5.5;76.8;0.0000;-0.2049;0.0000;0.4250;
34.15;1;0;0;0;4;207;0;0;0;0;0;962;354;948;3.2;35.9;9.5;14.7;5.5;76.8;0.0000;-0.2049;0.0000;0.4250;
34.40;1;0;0;0;4;207;0;0;0;0;0;961;354;948;3.2;35.9;10.5;14.7;5.5;76.8;0.0000;-0.2049;0.0000;0.4500;
34.65;1;0;0;0;4;207;0;0;0;0;0;965;354;948;3.2;35.9;9.0;14.7;5.5;76.8;0.0000;-0.2049;0.0000;0.4250;
34.90;1;0;0;0;4;207;0;0;0;0;0;965;354;948;3.2;35.9;9.0;14.7;5.5;76.8;0.0000;-0.2049;0.0000;0.4250;
35.15;1;0;0;0;4;207;0;0;0;0;0;960;354;948;3.2;35.9;10.5;14.7;5.5;76.8;0.0000;-0.2049;0.0000;0.4250;
35.40;1;0;0;0;4;207;0;0;0;0;0;963;354;948;3.2;35.9;10.5;14.7;5.5;76.8;0.0000;-0.2049;0.0000;0.4500;
35.66;1;0;0;0;5;207;0;0;0;0;0;963;354;948;3.2;35.9;9.5;14.7;5.5;76.8;0.0000;-0.2049;0.0000;0.4250;
35.91;1;0;0;0;5;207;0;0;0;0;0;963;354;948;3.2;35.9;9.0;14.7;5.5;76.8;0.0000;-0.2049;0.0000;0.4750;
36.16;1;0;0;0;5;207;0;0;0;0;0;961;354;948;3.2;35.9;9.0;14.7;5.5;76.8;0.0000;-0.2049;0.0000;0.4500;
36.41;1;0;0;0;5;207;0;0;0;0;0;960;354;948;3.2;35.9;10.0;14.7;5.5;76.8;0.0000;-0.2049;0.0000;0.4500;
36.66;1;0;0;0;5;207;0;0;0;0;0;963;354;948;3.2;35.9;9.5;14.7;5.5;76.8;0.0000;-0.2049;0.0000;0.4250;
36.91;1;0;0;0;5;207;0;0;0;0;0;960;354;948;3.2;35.9;10.0;14.7;5.5;76.8;0.0000;-0.2049;0.0000;0.4250;
37.16;1;0;0;0;5;207;0;0;0;0;0;961;354;948;3.2;35.9;9.0;14.7;5.5;76.8;0.0000;-0.2049;0.0000;0.4750;
37.41;1;0;0;0;5;207;0;0;0;0;0;960;354;948;3.2;35.9;10.0;14.7;5.5;76.8;0.0000;-0.2049;0.0000;0.4250;
37.66;1;0;0;0;5;207;0;0;0;0;0;963;354;948;3.2;35.9;8.5;14.7;5.5;76.8;0.0000;-0.2049;0.0000;0.4750;
37.91;1;0;0;0;5;207;0;0;0;0;0;966;354;948;3.2;35.9;9.0;14.7;5.5;76.8;0.0000;-0.2049;0.0000;0.4000;
38.16;1;0;0;0;5;207;0;0;0;0;0;958;354;948;3.2;35.9;11.0;14.7;5.5;76.8;0.0000;-0.2049;0.0000;0.4500;
38.41;1;0;0;0;5;207;0;0;0;0;0;963;354;948;3.2;35.9;9.5;14.7;5.5;76.8;0.0000;-0.2049;0.0000;0.4250;
38.66;1;0;0;0;5;207;0;0;0;0;0;964;354;948;3.2;35.9;8.5;14.7;5.5;76.8;0.0000;-0.2049;0.0000;0.4250;
38.91;1;0;0;0;5;207;0;0;0;0;0;962;354;948;3.2;35.9;9.5;14.7;5.5;76.8;0.0000;-0.2049;0.0000;0.4500;
39.16;1;0;0;0;5;207;0;0;0;0;0;959;354;948;3.2;35.9;10.5;14.7;5.5;76.8;0.0000;-0.2049;0.0000;0.4250;
39.41;1;0;0;0;5;207;0;0;0;0;0;959;354;948;3.2;35.9;9.5;14.7;5.5;76.8;0.0000;-0.2049;0.0000;0.4750;
39.66;1;0;0;0;5;207;0;0;0;0;0;966;354;948;3.2;35.9;7.5;14.6;5.5;76.8;0.0000;-0.2049;0.0000;0.4250;
39.91;1;0;0;0;5;207;0;0;0;0;0;956;354;948;3.2;35.9;22.5;14.6;5.5;76.8;0.0275;-0.2049;0.0000;0.4250;
40.16;1;0;0;0;5;207;0;0;0;0;0;1028;354;948;3.2;35.9;19.5;14.7;5.5;76.8;0.1137;-0.2049;0.0000;0.4750;
40.41;1;0;0;0;5;207;0;0;0;0;0;1053;354;948;3.2;35.9;15.0;14.7;5.5;76.8;0.1098;-0.2049;0.0000;0.4250;
40.68;1;0;0;0;5;207;0;0;0;0;0;1060;354;948;3.2;35.9;15.0;14.7;5.5;76.8;0.1098;-0.2049;0.0000;0.4250;
40.93;1;0;0;0;5;207;0;0;0;0;0;1049;354;948;3.2;35.9;12.5;14.7;5.5;76.8;0.1059;-0.2049;0.0000;0.4250;
41.18;1;0;0;0;5;207;0;0;0;0;0;1050;354;948;3.2;35.9;16.0;14.6;5.5;76.8;0.1137;-0.2049;0.0000;0.4500;
41.43;1;0;0;0;5;207;0;0;0;0;0;1066;354;948;3.2;35.9;18.0;14.6;5.5;76.8;0.1216;-0.2049;0.0000;0.4500;
41.68;1;0;0;0;5;207;0;0;0;0;0;1075;354;948;3.2;35.9;19.0;14.6;5.5;76.8;0.1255;-0.2049;0.0000;0.4500;
41.93;1;0;0;0;5;207;0;0;0;0;0;1105;354;948;3.2;35.9;23.5;14.5;5.5;76.7;0.1373;-0.2049;0.0000;0.4250;
42.18;1;0;0;0;5;207;0;0;0;0;0;1121;354;948;3.2;35.9;22.5;14.5;5.5;76.7;0.1373;-0.2049;0.0000;0.4750;
42.43;1;0;0;0;5;207;0;0;0;0;0;1133;354;948;3.2;35.9;22.5;14.5;5.5;76.7;0.1373;-0.2049;0.0000;0.4750;
42.68;1;0;0;0;5;207;0;0;0;0;0;1137;354;948;3.2;35.9;22.0;14.5;5.5;76.7;0.1373;-0.2049;0.0000;0.4250;
42.93;1;0;0;0;5;207;0;0;0;0;0;1134;354;948;3.2;35.9;22.0;14.5;5.5;76.7;0.1373;-0.2049;0.0000;0.4250;
43.18;1;0;0;0;5;207;0;0;0;0;0;1104;354;948;3.2;35.9;23.0;14.5;5.5;76.7;0.1373;-0.2049;0.0000;0.4750;
43.43;1;0;0;0;6;207;0;0;0;0;0;1078;354;948;3.2;35.9;24.0;14.5;5.5;76.7;0.1373;-0.2049;0.0000;0.4500;
43.68;1;0;0;0;6;207;0;0;0;0;0;1065;354;948;3.2;35.9;25.0;14.5;5.5;76.7;0.1412;-0.2049;0.0000;0.4250;
43.93;1;0;0;0;6;207;0;0;0;0;0;1060;354;948;3.2;35.9;26.5;14.5;5.5;76.7;0.1412;-0.2049;0.0000;0.4250;
44.18;1;0;0;0;6;207;0;0;0;0;0;1060;354;948;3.2;35.9;27.0;14.5;5.5;76.7;0.1412;-0.2049;0.0000;0.4500;
44.43;1;0;0;0;6;207;0;0;0;0;0;1059;354;948;3.2;35.9;27.0;14.5;5.5;76.7;0.1412;-0.2049;0.0000;0.4250;
44.68;1;0;0;0;6;207;0;0;0;0;0;1058;354;948;3.2;35.9;27.0;14.5;5.5;76.7;0.1412;-0.2049;0.0000;0.4250;
44.93;1;0;0;0;6;207;0;0;0;0;0;1053;354;948;3.2;35.9;29.0;14.5;5.5;76.7;0.1412;-0.2049;0.0000;0.4250;
45.18;1;0;0;0;6;207;0;0;0;0;0;1057;354;948;3.2;35.9;28.0;14.5;5.5;76.7;0.1412;-0.2049;0.0000;0.4250;
45.43;1;0;0;0;6;207;0;0;0;0;0;1056;354;948;3.2;35.9;29.5;14.5;5.5;76.7;0.1412;-0.2049;0.0000;0.4250;
45.69;1;0;0;0;6;207;0;0;0;0;0;1055;354;948;3.2;35.9;28.0;14.5;5.5;76.7;0.1412;-0.2049;0.0000;0.4500;
45.94;1;0;0;0;6;207;0;0;0;0;0;1061;354;948;3.2;35.9;27.5;14.5;5.5;76.7;0.1412;-0.2049;0.0000;0.4500;
46.19;1;0;0;0;6;207;0;0;0;0;0;1062;354;948;3.2;35.9;27.5;14.5;5.5;76.7;0.1412;-0.2049;0.0000;0.4250;
46.44;1;0;0;0;6;207;0;0;0;0;0;1055;354;948;3.2;35.9;29.5;14.5;5.5;76.7;0.1412;-0.2049;0.0000;0.4250;
46.69;1;0;0;0;6;207;0;0;0;0;0;1066;354;948;3.2;35.9;28.5;14.5;5.5;76.7;0.1412;-0.2049;0.0000;0.4750;
46.94;1;0;0;0;6;207;0;0;0;0;0;1065;354;948;3.2;35.9;28.5;14.5;5.5;76.7;0.1412;-0.2049;0.0000;0.4500;
47.19;1;0;0;0;6;207;0;0;0;0;0;1068;354;948;3.2;35.9;28.0;14.5;5.5;76.7;0.1412;-0.2049;0.0000;0.4500;
47.44;1;0;0;0;6;207;0;0;0;0;0;1063;354;948;3.2;35.9;28.5;14.5;5.5;76.7;0.1412;-0.2049;0.0000;0.4750;
47.69;1;0;0;0;6;207;0;0;0;0;0;1069;354;948;3.2;35.9;29.5;14.5;5.5;76.7;0.1412;-0.2049;0.0000;0.4500;
47.94;1;0;0;0;6;207;0;0;0;0;0;1074;354;948;3.2;35.9;29.5;14.5;5.5;76.7;0.1451;-0.2049;0.0000;0.4500;
48.19;1;0;0;0;6;207;0;0;0;0;0;1080;354;948;3.2;35.9;29.5;14.5;5.5;76.7;0.1451;-0.2049;0.0000;0.4250;
48.44;1;0;0;0;6;207;0;0;0;0;0;1085;354;948;3.2;35.9;29.0;14.5;5.5;76.7;0.1451;-0.2049;0.0000;0.4750;
48.69;1;0;0;0;6;207;0;0;0;0;0;1092;354;948;3.2;35.9;30.0;14.5;5.5;76.7;0.1490;-0.2049;0.0000;0.4500;
48.94;1;0;0;0;6;207;0;0;0;0;0;1099;354;948;3.2;35.9;30.0;14.5;5.5;76.7;0.1490;-0.2049;0.0000;0.4750;
49.19;1;0;0;0;6;207;0;0;0;0;0;1101;354;948;3.2;35.9;28.5;14.5;5.5;76.7;0.1451;-0.2049;0.0000;0.4500;
49.44;1;0;0;0;6;207;0;0;0;0;0;1099;354;948;3.2;35.9;28.5;14.5;5.5;76.7;0.1490;-0.2049;0.0000;0.4250;
49.69;1;0;0;0;6;207;0;0;0;0;0;1106;354;948;3.2;35.9;29.5;14.5;5.5;76.7;0.1490;-0.2049;0.0000;0.4500;
49.94;1;0;0;0;6;207;0;0;0;0;0;1112;354;948;3.2;35.9;32.0;14.5;5.5;76.7;0.1608;-0.2049;0.0000;0.4500;
50.19;1;0;0;0;6;207;0;0;0;0;0;1075;354;948;3.2;35.9;40.5;14.5;5.5;76.7;0.1725;-0.2049;0.0000;0.4250;
50.44;1;0;0;0;6;207;0;0;0;0;0;1095;354;948;3.2;35.9;54.0;14.5;5.5;76.7;0.1804;-0.2049;0.0000;0.4250;
50.71;1;0;0;0;6;207;0;0;0;0;0;1106;354;948;3.2;35.9;63.0;14.5;5.5;76.7;0.2000;-0.2049;0.0000;0.4500;
50.96;1;0;0;0;6;207;0;0;0;0;0;1141;354;948;3.2;35.9;63.0;14.5;5.5;76.7;0.2118;-0.2049;0.0000;0.4500;
51.21;1;0;0;0;7;207;0;0;0;0;0;1165;354;948;3.2;35.9;66.5;14.5;5.5;76.7;0.2196;-0.2049;0.0000;0.4750;
51.46;1;0;0;0;7;207;0;0;0;0;0;1205;354;948;3.2;35.9;67.0;14.5;5.5;76.7;0.2275;-0.2049;0.0000;0.4250;
51.71;1;0;0;0;7;207;0;0;0;0;0;1231;354;948;3.2;35.9;69.0;14.5;5.5;76.7;0.2314;-0.2049;0.0000;0.5000;
51.96;1;0;0;0;7;207;0;0;0;0;0;1168;354;948;3.2;35.9;88.0;14.5;5.5;76.7;0.2314;-0.2049;0.0000;0.4750;
52.21;1;0;0;0;7;207;0;0;0;0;0;1184;354;948;3.2;36.0;88.0;14.5;5.5;76.7;0.2314;-0.2049;0.0000;0.4250;
52.46;1;0;0;0;7;207;0;0;0;0;0;1186;354;948;3.2;36.0;93.5;14.5;5.5;76.7;0.2314;-0.2043;0.0000;0.4250;
52.71;1;0;0;0;7;207;0;0;0;0;0;1195;354;948;3.2;36.0;93.0;14.5;5.5;76.7;0.2314;-0.2041;0.0000;0.4500;
52.96;1;0;0;0;7;207;0;0;0;0;0;1205;354;948;3.2;36.0;91.5;14.5;5.5;76.7;0.2314;-0.2036;0.0000;0.5000;
53.21;1;0;0;0;7;207;0;0;0;0;0;1202;354;948;3.2;36.0;95.0;14.5;5.5;76.7;0.2314;-0.2036;0.0250;0.4750;
53.46;1;0;0;0;7;207;0;0;0;0;0;1202;354;948;3.2;36.1;99.0;14.5;5.5;76.7;0.2353;-0.2036;0.0500;0.5250;
53.71;1;0;0;0;7;207;0;0;0;0;0;1210;354;948;3.2;36.2;97.0;14.5;5.5;76.7;0.2392;-0.2036;0.0000;0.5250;
53.96;1;0;0;0;7;207;0;0;0;0;0;1218;354;948;3.2;36.2;97.0;14.5;5.5;76.7;0.2392;-0.2026;0.1250;0.5000;
54.21;1;0;0;0;7;207;0;0;0;0;0;1217;354;948;3.2;36.3;98.5;14.5;5.5;76.7;0.2353;-0.2017;0.1500;0.5250;
54.46;1;0;0;0;7;207;0;0;0;0;0;1219;354;948;3.2;36.5;96.5;14.5;5.5;76.7;0.2353;-0.2009;0.1250;0.5250;
54.71;1;0;0;0;7;207;0;0;0;0;0;1216;354;948;3.2;36.5;93.5;14.5;5.5;76.7;0.2314;-0.1990;0.0250;0.5750;
54.96;1;0;0;0;7;207;0;0;0;0;0;1203;354;948;3.2;36.5;97.0;14.5;5.5;76.7;0.2314;-0.1467;0.0000;0.5000;
55.21;1;0;0;0;7;207;-1;0;0;0;0;1189;354;948;3.2;36.5;99.5;14.5;5.5;76.7;0.2235;-0.0689;0.0250;0.4750;
55.46;1;0;0;0;7;207;-1;0;-1;-1;0;1173;354;948;3.2;36.7;101.0;14.5;5.5;76.7;0.2157;0.0326;0.0250;0.5000;
55.72;1;0;0;0;7;207;-1;-1;-1;-1;1;1181;354;948;3.2;36.7;98.0;14.5;5.5;76.7;0.2157;0.1343;0.0250;0.4750;
55.97;1;0;0;0;7;207;-1;-1;-1;-1;1;1180;354;948;3.2;36.7;98.5;14.5;5.5;76.7;0.2157;0.3016;0.0750;0.5500;
56.22;1;0;0;0;7;207;-1;-1;-1;-1;1;1168;354;948;3.2;36.7;80.0;14.5;5.5;76.7;0.1882;0.3742;0.0000;0.5750;
56.47;1;0;0;0;7;207;0;-1;0;-1;0;1132;354;948;3.2;36.8;84.5;14.5;5.5;76.7;0.1882;0.4530;-0.1000;0.6000;
56.72;1;0;0;0;7;207;0;0;0;0;0;1139;354;948;3.2;36.7;89.5;14.5;5.5;76.7;0.2000;0.4982;-0.1500;0.6000;
56.97;1;0;0;0;7;207;0;0;0;0;0;1140;354;948;3.2;36.7;97.5;14.5;5.5;76.7;0.2118;0.6031;-0.0500;0.4750;
57.22;1;0;0;0;8;207;0;-1;0;-1;0;1163;354;948;3.2;36.7;96.0;14.5;5.5;76.7;0.2157;0.6455;-0.0250;0.5000;
57.47;1;0;0;0;8;207;-1;-1;-1;-1;1;1165;354;948;3.2;37.0;92.5;14.5;5.5;76.7;0.2078;0.6851;0.1500;0.4000;
57.72;1;0;0;0;8;207;-1;-1;-1;-1;1;1209;354;948;3.2;37.0;23.0;14.5;5.5;76.7;0.1451;0.7273;0.2750;0.8750;
57.97;1;0;0;0;8;207;0;0;0;0;0;1106;354;948;3.2;36.8;39.0;14.5;5.5;76.7;0.1608;0.7764;-0.3500;1.0000;
58.22;1;0;0;0;8;207;0;0;0;0;0;1143;354;948;3.2;36.8;90.5;14.5;5.5;76.7;0.2471;0.7762;-0.5000;0.8750;
58.47;1;0;0;0;8;207;0;0;0;0;0;1242;354;948;3.2;36.0;78.0;14.5;5.5;76.7;0.2431;0.7715;-0.0750;0.8000;
58.72;1;0;0;0;8;207;0;0;0;0;0;1312;354;948;3.2;36.0;79.5;14.5;5.5;76.7;0.2510;0.7704;0.0750;0.2500;
58.97;1;0;0;0;8;207;0;0;0;0;0;1324;354;948;3.2;36.0;84.5;14.5;5.5;76.7;0.2667;0.7704;-0.1500;0.3750;
59.22;1;0;0;0;8;207;0;0;0;0;0;1377;354;948;3.2;36.6;97.0;14.5;5.5;76.7;0.2784;0.7705;-0.1750;0.5000;
59.47;1;0;0;0;8;207;0;0;0;0;0;1353;354;948;3.2;36.2;95.0;14.5;5.5;76.7;0.2745;0.7717;0.1500;0.8000;
59.72;1;0;0;0;8;207;0;0;0;0;0;1265;354;948;3.2;36.2;125.0;14.5;5.5;76.7;0.2824;0.7727;-0.0250;0.5750;
59.97;1;0;0;0;8;207;0;0;0;0;0;1288;354;948;3.2;36.2;125.0;14.5;5.5;76.7;0.2824;0.7727;-0.0500;0.5250;
60.22;1;0;0;0;8;207;0;-1;0;-1;0;1309;354;948;3.2;36.4;119.5;14.5;5.5;76.7;0.2588;0.7730;0.2000;0.3750;
60.47;1;0;0;0;8;207;-1;-1;-1;-1;1;1207;354;948;3.2;36.8;21.5;14.5;5.5;76.7;0.0000;0.7807;0.4500;0.7750;
60.74;1;0;0;0;8;207;-1;-1;-1;-1;1;1042;354;948;3.2;36.8;39.0;14.5;5.5;76.7;0.0000;0.8185;0.1250;0.6500;
60.99;1;0;0;0;8;207;-1;-1;0;-1;1;1006;354;948;3.2;36.7;33.5;14.5;5.5;76.7;0.0000;0.9495;-0.1250;0.9250;
61.24;1;0;0;0;8;207;0;-1;0;-1;0;904;354;948;3.2;36.7;67.0;14.5;5.5;76.7;0.0000;0.9820;-0.2500;0.8000;
61.49;1;0;0;0;8;207;0;0;0;0;0;931;354;948;3.2;36.5;85.0;14.5;5.5;76.7;0.0549;0.9800;-0.2500;0.8000;
61.74;1;0;0;0;8;207;0;-1;0;0;0;1008;354;948;3.2;36.1;79.0;14.5;5.5;76.7;0.0902;0.9787;-0.1000;0.5500;
61.99;1;0;0;0;8;207;-1;-1;0;-1;1;1021;354;948;3.2;36.1;62.0;14.5;5.5;76.7;0.0941;0.9787;0.1750;0.7250;
62.24;1;0;0;0;9;207;-1;-1;-1;-1;1;1005;354;948;3.2;36.2;63.5;14.5;5.5;76.7;0.0157;0.9782;0.2750;0.6500;
62.49;1;0;0;0;9;207;-1;-2;-1;-1;1;996;354;948;3.2;37.1;54.5;13.6;5.5;76.7;0.0000;0.9782;0.2000;0.8500;
62.74;1;0;0;0;9;207;-1;-1;-1;-1;1;1008;354;948;3.2;37.1;27.5;12.3;5.5;76.7;0.0000;0.9775;0.0250;0.8250;
62.99;1;0;0;0;9;207;-1;-1;-1;-1;1;949;354;948;3.2;36.6;35.5;12.3;5.5;76.7;0.0118;0.9754;-0.0750;0.7250;
63.24;1;0;0;0;9;207;-1;-2;-1;-1;1;943;354;948;3.2;36.6;56.0;12.2;5.5;76.7;0.0157;0.9754;-0.0250;0.7500;
63.49;1;0;0;0;9;207;-1;-2;-1;-1;1;951;354;948;3.2;35.9;55.0;12.2;5.5;76.7;0.0157;0.9754;0.0750;0.7250;
63.74;1;0;0;0;9;207;-1;-2;-1;-2;1;956;354;948;3.2;36.2;57.5;12.2;5.5;76.7;0.0196;0.9754;0.1500;0.7500;
63.99;1;0;0;0;9;207;-1;-2;-1;-2;1;960;354;948;3.2;36.2;57.0;12.2;5.5;76.7;0.0275;0.9751;0.0500;1.0500;
64.24;1;0;0;0;9;207;-1;-1;-1;-1;1;955;354;948;3.2;36.2;81.5;12.2;5.5;76.7;0.1137;0.9749;-0.1750;0.7250;
64.49;1;0;0;0;9;207;-1;-1;0;-1;1;987;354;948;3.2;35.6;97.0;12.2;5.5;76.7;0.1373;0.9749;-0.1500;0.8250;
64.74;1;0;0;0;9;207;-1;-1;-1;-1;1;1016;354;948;3.2;34.9;101.0;12.2;5.5;76.7;0.1412;0.9751;-0.1000;0.5250;
64.99;1;0;0;0;9;207;-1;-2;-1;-1;1;1030;354;948;3.2;34.9;109.5;12.2;5.5;76.7;0.1490;0.9752;0.0250;0.2750;
65.24;1;0;0;0;9;207;-2;-2;-1;-2;2;1071;354;948;3.2;34.6;111.5;12.2;5.5;76.7;0.1647;0.9752;0.4000;102.2000;
65.49;1;0;0;0;9;207;-2;-3;-1;-2;2;1084;354;948;3.2;34.8;117.0;12.1;5.5;76.7;0.1765;0.9754;0.2750;1.0500;
65.75;1;0;0;0;9;207;-2;-3;-1;-2;2;1100;354;948;3.2;34.8;115.0;12.1;5.5;76.7;0.1765;0.9754;0.1250;0.5250;
66.00;1;0;0;0;9;207;-3;-4;-2;-3;3;1094;354;948;3.2;34.6;115.0;12.1;5.5;76.7;0.1765;0.9754;0.4500;0.7250;
66.25;1;0;0;0;9;207;-3;-4;-2;-4;3;1102;354;948;3.2;34.9;111.0;12.1;5.5;76.7;0.1725;0.9754;0.5500;0.9750;
66.50;1;0;0;0;9;207;-4;-5;-3;-4;4;1090;354;948;3.2;34.9;63.0;12.0;5.5;76.7;0.0000;0.9754;0.5000;1.1750;
66.75;1;0;0;0;9;207;-4;-5;-3;-4;4;1061;354;948;3.2;35.2;40.0;12.0;5.5;76.7;0.0000;0.9759;0.2750;1.1750;
67.00;1;0;0;0;10;207;-3;-4;-2;-3;3;1015;354;948;3.2;35.2;35.5;12.0;5.5;76.7;0.0000;0.9759;-0.0500;1.7250;
67.25;1;0;0;0;10;207;-2;-3;-2;-3;3;951;354;948;3.2;35.5;53.0;12.0;5.5;76.7;0.0863;0.9761;-0.4750;0.3250;
67.50;1;0;0;0;10;207;-3;-3;-2;-3;3;943;354;948;3.2;35.1;105.5;12.0;5.5;76.7;0.1294;0.9761;-0.1750;0.5500;
67.75;1;0;0;0;10;207;-3;-4;-2;-3;3;1053;354;948;3.2;35.1;105.0;12.0;5.5;76.7;0.1882;0.9761;0.0000;0.0750;
68.00;1;0;0;0;10;207;-3;-4;-2;-3;3;1091;354;948;3.2;35.2;100.0;12.0;5.5;76.7;0.1961;0.9761;0.0500;0.3750;
68.25;1;0;0;0;10;207;-3;-4;-2;-3;3;1088;354;948;3.2;35.2;111.5;12.1;5.5;76.7;0.1961;0.9759;-0.1250;0.3250;
68.50;1;0;0;0;10;207;-3;-4;-2;-3;3;1105;354;948;3.2;35.3;114.5;12.1;5.5;76.7;0.1961;0.9759;-0.0750;0.2750;
68.75;1;0;0;0;10;207;-3;-4;-2;-3;3;1113;354;948;3.2;35.3;117.0;12.2;5.5;76.7;0.1961;0.9759;-0.0250;0.2000;
69.00;1;0;0;0;10;207;-3;-4;-2;-3;3;1115;354;948;3.2;35.3;118.5;12.2;5.5;76.7;0.1961;0.9759;0.1500;0.0500;
69.25;1;0;0;0;10;207;-3;-4;-2;-4;3;1119;354;948;3.2;35.6;122.5;12.3;5.5;76.7;0.1961;0.9759;0.1500;0.0250;
69.50;1;0;0;0;10;207;-3;-4;-3;-4;3;1118;354;948;3.2;35.6;124.0;12.7;5.5;76.7;0.1961;0.9759;0.1750;0.0500;
69.75;1;0;0;0;10;207;-4;-5;-3;-4;4;1121;354;948;3.2;35.5;103.5;12.7;5.5;76.7;0.1176;0.9739;0.2000;0.0000;
70.00;1;0;0;0;10;207;-3;-4;-2;-3;3;1174;354;948;3.2;35.5;24.0;13.5;5.5;76.7;0.0000;0.9152;-0.2250;0.8250;
70.25;1;0;0;0;10;207;-2;-3;-2;-2;2;1042;354;948;3.2;35.6;-1.5;13.5;5.5;76.7;0.0000;0.7334;-0.7750;0.4500;
70.50;1;0;0;0;10;207;-1;-1;-1;-1;1;972;354;948;3.2;34.1;10.5;14.4;5.5;76.7;0.0000;0.6488;-0.9750;102.3000;
70.77;1;0;0;0;10;207;-1;-1;0;-1;1;935;354;948;3.2;34.1;13.0;14.4;5.5;76.7;0.0000;0.5318;-0.9000;102.3750;
71.02;1;0;0;0;10;207;0;0;0;0;0;909;354;948;3.2;33.0;22.5;14.4;5.5;76.7;0.0000;0.3712;-0.7250;102.2000;
71.27;1;0;0;0;10;207;0;0;0;0;0;923;354;948;3.2;31.9;21.5;14.4;5.5;76.7;0.0000;0.2159;-0.2500;102.0500;
71.52;1;0;0;0;10;207;1;1;1;1;1;923;354;948;3.2;31.9;17.5;14.4;5.5;76.7;0.0000;0.1288;0.4000;102.0250;
71.77;1;0;0;0;10;207;1;1;1;1;1;924;354;948;3.2;31.6;18.0;14.4;5.5;76.7;0.0000;-0.1157;0.6000;101.9000;
72.02;1;0;0;0;10;207;2;2;2;2;2;927;354;948;3.2;31.6;15.0;14.6;5.5;76.7;0.0000;-0.1925;0.6750;101.9000;
72.27;1;0;0;0;11;207;3;3;3;3;3;940;354;948;3.2;30.7;10.0;14.6;5.5;76.7;0.0000;-0.1973;0.6500;102.0000;
72.52;1;0;0;0;11;207;4;3;3;3;3;926;354;948;3.2;30.7;8.5;14.6;5.5;76.7;0.0000;-0.1893;0.6500;101.9500;
72.77;1;0;0;0;11;207;4;4;4;4;4;912;354;948;3.2;30.0;12.0;14.6;5.5;76.7;0.0000;-0.2178;0.6500;101.8500;
73.02;1;0;0;0;11;207;5;4;5;4;4;915;354;948;3.2;30.0;11.5;14.6;5.5;76.7;0.0000;-0.2498;0.5750;101.6750;
73.27;1;0;0;0;11;207;5;5;5;5;5;913;354;948;3.2;29.7;12.0;14.6;5.5;76.7;0.0000;-0.2760;0.5500;101.6750;
73.52;1;0;0;0;11;207;6;5;6;5;6;926;354;948;3.2;28.7;8.0;14.6;5.5;76.7;0.0000;-0.2801;0.5500;101.6750;
73.77;1;0;0;0;11;207;6;6;6;6;6;923;354;948;3.2;28.7;7.0;14.5;5.5;76.7;0.0000;-0.1744;0.5250;101.8750;
74.02;1;1;0;0;11;207;7;7;7;7;7;912;354;948;3.2;27.8;9.5;14.5;5.5;76.7;0.0000;-0.0913;0.7000;101.9500;
74.27;1;1;0;0;11;207;7;7;7;7;7;916;354;948;3.2;27.1;7.5;14.5;5.5;76.7;0.0000;-0.0278;0.4250;102.0000;
74.52;1;1;0;0;11;207;8;8;8;8;8;915;354;948;3.2;27.1;8.5;14.5;5.5;76.7;0.0000;0.0159;0.4750;102.0750;
74.77;1;1;0;0;11;207;8;8;8;8;8;915;354;948;3.2;27.4;8.0;14.6;5.5;76.7;0.0000;0.0638;0.2250;102.0500;
75.02;1;1;0;0;11;207;8;8;8;8;8;915;354;948;3.2;27.4;8.0;14.6;5.5;76.7;0.0000;0.0628;0.0500;101.9750;
75.27;1;1;0;0;11;207;8;8;8;8;8;914;354;948;3.2;27.3;8.0;14.6;5.5;76.7;0.0000;0.0628;-0.3250;101.9500;
75.52;1;1;0;0;11;207;8;8;8;8;8;913;354;948;3.2;28.0;6.0;14.6;5.5;76.7;0.0000;0.0599;-0.3750;101.9750;
75.78;1;1;0;0;11;207;7;8;8;8;8;910;354;948;3.2;28.0;7.5;14.6;5.5;76.7;0.0000;0.0441;-0.4000;102.0250;
76.03;1;1;0;0;11;207;7;8;7;7;7;916;354;948;3.2;28.3;6.5;14.6;5.5;76.7;0.0000;0.0420;-0.1000;101.9750;
76.28;1;1;0;0;11;207;7;8;7;8;7;912;354;948;3.2;28.4;7.0;14.6;5.5;76.7;0.0000;0.0524;0.1000;102.0750;
76.53;1;0;0;0;11;207;8;8;8;8;8;909;354;948;3.2;28.4;9.0;14.6;5.5;76.7;0.0000;0.0687;0.4250;102.0750;
76.78;1;0;0;0;11;207;8;9;8;8;8;913;354;948;3.2;28.4;6.5;14.6;5.5;76.7;0.0000;0.0817;0.4750;102.2750;
77.03;1;1;0;0;11;207;9;9;9;9;9;908;354;948;3.2;28.7;8.5;14.6;5.5;76.7;0.0000;0.0846;0.6500;102.2000;
77.28;1;1;0;0;11;207;9;9;9;9;9;912;354;948;3.2;28.6;8.5;14.6;5.5;76.7;0.0000;0.0862;-0.0500;102.1500;
77.53;1;1;0;0;11;207;9;9;9;9;9;909;354;948;3.2;28.6;8.5;14.6;5.5;76.7;0.0000;0.0867;0.3750;102.2500;
77.78;1;1;0;0;11;207;9;9;9;9;9;912;354;948;3.2;29.1;9.0;14.6;5.5;76.7;0.0000;0.0860;-0.1000;102.2250;
78.03;1;1;0;0;11;207;9;9;9;9;9;909;354;948;3.2;29.1;8.5;14.6;5.5;76.7;0.0000;0.0854;-0.1250;102.1500;
78.28;1;1;0;0;12;207;9;9;9;9;9;905;354;948;3.2;29.8;10.0;14.6;5.5;76.7;0.0000;0.0837;-0.2250;102.2750;
78.53;1;1;0;0;12;207;9;9;9;9;9;908;354;948;3.2;30.3;10.5;14.5;5.5;76.7;0.0000;0.0751;-0.1250;102.2000;
78.78;1;1;0;0;12;207;9;9;9;9;9;914;354;948;3.2;30.3;8.5;14.5;5.5;76.7;0.0000;0.0488;-0.2000;102.0250;
79.03;1;1;0;0;12;207;8;9;8;9;9;903;354;948;3.2;30.5;10.5;14.5;5.5;76.7;0.0000;0.0362;-0.0500;102.0500;
79.28;1;1;0;0;12;207;8;9;8;8;9;907;354;948;3.2;31.1;11.0;14.5;5.5;76.7;0.0000;0.0364;-0.1000;102.2000;
79.53;1;1;0;0;12;207;8;8;8;8;8;909;354;948;3.2;31.1;10.5;14.5;5.5;76.7;0.0000;0.0366;-0.1750;102.0750;
79.78;1;1;0;0;12;207;8;8;8;8;8;912;354;948;3.2;31.1;10.0;14.5;5.5;76.7;0.0000;0.0392;-0.1500;102.2000;
80.03;1;1;0;0;12;207;8;8;8;8;8;909;354;948;3.2;31.1;9.5;14.5;5.5;76.7;0.0000;0.0437;-0.1000;102.3250;
80.28;1;1;0;0;12;207;8;8;8;8;8;905;354;948;3.2;30.9;11.5;14.5;5.5;76.7;0.0000;0.0453;-0.2750;102.2250;
80.53;1;1;0;0;12;207;8;8;8;8;8;910;354;948;3.2;31.4;10.0;14.5;5.5;76.7;0.0000;0.0493;-0.2250;102.3750;
80.80;1;1;0;0;12;207;7;8;7;7;7;907;354;948;3.2;31.4;10.0;14.5;5.5;76.7;0.0000;0.0707;-0.2000;102.3000;
81.05;1;1;0;0;12;207;7;7;7;7;7;903;354;948;3.2;31.8;13.5;14.5;5.5;76.7;0.0000;0.0842;-0.2750;102.3000;
81.30;1;1;0;0;12;207;7;7;7;7;7;910;354;948;3.2;31.8;11.5;14.5;5.5;76.7;0.0000;0.0980;-0.4000;102.3000;
81.55;1;1;0;0;12;207;6;7;6;7;7;905;354;948;3.2;32.1;12.5;14.4;5.5;76.7;0.0000;0.1075;-0.3500;102.2750;
81.80;1;1;0;0;12;207;6;6;6;6;6;911;354;948;3.2;32.1;10.0;14.4;5.5;76.7;0.0000;0.1080;-0.5000;102.2500;
82.05;1;1;0;0;12;207;6;6;6;6;6;904;354;948;3.2;32.6;12.5;14.4;5.5;76.7;0.0000;0.1080;-0.4750;102.1750;
82.30;1;1;0;0;12;207;5;5;5;5;5;906;354;948;3.2;32.7;12.5;14.5;5.5;76.7;0.0000;0.1080;-0.3750;102.1750;
82.55;1;1;0;0;12;207;5;5;5;5;5;903;354;948;3.2;32.7;12.0;14.5;5.5;76.7;0.0000;0.1083;-0.4250;102.2000;
82.80;1;1;0;0;12;207;4;5;4;4;4;908;354;948;3.2;32.8;11.0;14.5;5.5;76.7;0.0000;0.1325;-0.4250;102.2000;
83.05;1;1;0;0;12;207;4;4;4;4;4;899;354;948;3.2;33.1;15.0;14.5;5.5;76.7;0.0000;0.1575;-0.5250;102.1500;
83.30;1;1;0;0;12;207;4;4;4;4;4;903;354;948;3.2;33.1;14.5;14.5;5.5;76.7;0.0000;0.1820;-0.3750;102.2500;
83.55;1;1;0;0;12;207;4;4;4;4;4;901;354;948;3.2;33.2;15.0;14.5;5.5;76.7;0.0000;0.2128;-0.1500;102.2250;
83.80;1;1;0;0;12;207;3;4;3;4;3;911;354;948;3.2;33.2;11.0;14.5;5.5;76.7;0.0000;0.2237;-0.1000;102.1750;
84.05;1;1;0;0;12;207;3;3;3;3;3;910;354;948;3.2;33.3;10.5;14.4;5.5;76.7;0.0000;0.2229;-0.1750;102.1250;
84.30;1;1;0;0;12;207;3;3;3;3;3;902;354;948;3.2;33.6;13.0;14.4;5.5;76.7;0.0000;0.2224;-0.2250;102.1500;
84.55;1;1;0;0;12;207;3;3;3;3;3;903;354;948;3.2;33.6;12.0;14.4;5.5;76.7;0.0000;0.2216;-0.3500;102.1250;
84.80;1;1;0;0;12;207;2;2;2;2;2;906;354;948;3.2;33.6;11.0;14.4;5.5;76.7;0.0000;0.2214;-0.2250;102.0500;
85.05;1;1;0;0;12;207;2;2;2;2;2;900;354;948;3.2;33.6;13.0;14.4;5.5;76.7;0.0000;0.2214;-0.5750;102.0750;
85.30;1;1;0;0;12;207;1;2;1;2;2;904;354;948;3.2;33.6;13.0;14.5;5.5;76.7;0.0000;0.2212;-0.4750;102.1500;
85.55;1;1;0;0;12;207;1;1;1;1;1;907;354;948;3.2;33.6;11.0;14.5;5.5;76.7;0.0000;0.2211;-0.6000;102.1250;
85.82;1;1;0;0;12;207;1;1;1;1;1;903;354;948;3.2;33.8;10.0;14.5;5.5;76.7;0.0000;0.2206;-0.4250;102.1250;
86.07;1;1;0;0;12;207;1;1;1;1;1;903;354;948;3.2;33.7;13.0;14.5;5.5;76.7;0.0000;0.2204;-0.1500;102.1500;
86.32;1;1;0;0;13;207;0;1;0;1;0;900;354;948;3.2;33.7;10.0;14.5;5.5;76.7;0.0000;0.2203;-0.0250;102.2000;
86.57;1;1;0;0;13;207;1;1;1;1;1;903;354;948;3.2;33.4;10.0;14.5;5.5;76.7;0.0000;0.2188;0.0750;102.2000;
86.82;1;1;0;0;13;207;1;1;1;1;1;901;354;948;3.2;33.4;9.0;14.5;5.5;76.7;0.0000;0.2183;0.1000;102.2000;
87.07;1;1;0;0;13;207;1;1;1;1;1;901;354;948;3.2;32.9;10.0;14.5;5.5;76.7;0.0000;0.2168;0.4500;102.2250;
87.32;1;1;0;0;13;207;2;2;2;2;2;905;354;948;3.2;32.9;9.5;14.5;5.5;76.7;0.0000;0.2145;0.7250;102.2750;
87.57;1;1;0;0;13;207;2;3;2;2;2;905;354;948;3.2;32.9;8.0;14.5;5.5;76.7;0.0000;0.2151;0.7750;102.2250;
87.82;1;1;0;0;13;207;3;3;3;3;3;901;354;948;3.2;32.2;9.0;14.5;5.5;76.7;0.0000;0.2180;0.5000;102.3500;
88.07;1;1;0;0;13;207;3;4;3;4;3;900;354;948;3.2;32.1;10.0;14.5;5.5;76.7;0.0000;0.2196;0.4500;102.2750;
88.32;1;1;0;0;13;207;4;4;4;4;4;900;354;948;3.2;32.1;10.5;14.5;5.5;76.7;0.0000;0.2214;0.1500;102.3250;
88.57;1;1;0;0;13;207;4;4;4;4;4;906;354;948;3.2;31.9;8.5;14.5;5.5;76.7;0.0000;0.2305;0.1750;102.3000;
88.82;1;1;0;0;13;207;3;4;3;4;4;898;354;948;3.2;31.9;9.5;14.5;5.5;76.7;0.0000;0.2353;-0.5250;102.2000;
89.07;1;1;0;0;13;207;3;3;3;3;3;897;354;948;3.2;31.9;10.0;14.5;5.5;76.7;0.0000;0.2428;-0.5500;102.2750;
89.32;1;1;0;0;13;207;3;3;3;3;3;906;354;948;3.2;31.9;8.5;14.5;5.5;76.7;0.0000;0.2464;-0.4750;102.2250;
89.57;1;1;0;0;13;207;2;3;2;3;3;905;354;948;3.2;32.4;6.0;14.5;5.5;76.7;0.0000;0.2437;-0.2750;102.2500;
89.82;1;1;0;0;13;207;2;2;2;2;2;895;354;948;3.2;32.4;7.0;14.5;5.5;76.7;0.0000;0.2455;-0.1500;102.3750;
90.07;1;1;0;0;13;207;2;2;2;2;2;884;354;948;3.2;32.2;13.5;14.5;5.5;76.7;0.0000;0.2788;-0.1500;102.3750;
90.32;1;1;0;0;13;207;2;2;2;2;2;902;354;948;3.2;32.2;10.5;14.5;5.5;76.7;0.0000;0.3122;0.3500;0.0000;
90.57;1;1;0;0;13;207;3;3;2;3;3;904;354;948;3.2;32.2;8.5;14.5;5.5;76.7;0.0000;0.3292;0.7250;0.0750;
90.84;1;1;0;0;13;207;3;4;3;4;3;900;354;948;3.2;32.3;8.5;14.5;5.5;76.7;0.0000;0.3420;0.7750;102.3750;
91.09;1;1;0;0;13;207;4;4;4;4;4;897;354;948;3.2;32.4;8.5;14.5;5.5;76.7;0.0000;0.3457;0.3750;0.2750;
91.34;1;1;0;0;13;207;4;4;3;4;4;887;354;948;3.2;32.4;14.5;14.5;5.5;76.7;0.0000;0.3643;-0.0250;0.1750;
91.59;1;1;0;0;13;207;4;4;4;4;4;901;354;948;3.2;32.9;12.5;14.5;5.5;76.7;0.0000;0.3659;0.3250;101.5250;
91.84;1;0;0;0;13;207;4;5;4;5;4;909;354;948;3.2;33.0;5.0;14.5;5.5;76.7;0.0000;0.3654;0.3500;102.3250;
92.09;1;0;0;0;13;207;5;6;5;5;5;901;354;948;3.2;33.0;6.5;14.6;5.5;76.7;0.0000;0.3641;0.5250;102.2250;
92.34;1;0;0;0;13;207;5;6;5;6;5;892;354;948;3.2;32.6;9.5;14.6;5.5;76.7;0.0000;0.3646;0.5250;102.3750;
92.59;1;0;0;0;13;207;6;6;5;6;6;898;354;948;3.2;32.6;9.5;14.5;5.5;76.7;0.0000;0.3696;0.4250;0.2250;
92.84;1;0;0;0;13;207;6;7;6;7;6;896;354;948;3.2;32.5;8.0;14.5;5.5;76.7;0.0000;0.3714;0.4500;0.1000;
93.09;1;0;0;0;13;207;6;7;6;7;6;891;354;948;3.2;32.2;11.5;14.6;5.5;76.7;0.0000;0.3869;0.2000;0.2750;
93.34;1;0;0;0;13;207;6;7;6;7;7;895;354;948;3.2;32.2;11.0;14.6;5.5;76.7;0.0000;0.4288;0.2250;102.2250;
93.59;1;0;0;0;13;207;7;8;6;7;7;894;354;948;3.2;32.2;11.5;14.6;5.5;76.7;0.0000;0.5104;0.2250;0.2500;
93.84;1;0;0;0;13;207;7;8;6;8;7;904;354;948;3.2;31.4;10.0;14.6;5.5;76.7;0.0000;0.5196;0.1500;102.2000;
94.09;1;0;0;0;13;207;7;8;6;8;7;901;354;948;3.2;30.7;9.0;14.6;5.5;76.7;0.0000;0.5246;0.1500;0.5750;
94.34;1;0;0;0;13;207;7;8;7;8;7;898;354;948;3.2;30.7;8.0;14.6;5.5;76.7;0.0000;0.5309;0.1250;0.2500;
94.59;1;0;0;0;13;207;7;9;7;8;8;897;354;948;3.2;30.5;9.0;14.6;5.5;76.7;0.0000;0.5325;0.2000;0.1750;
94.84;1;0;0;0;13;207;7;9;7;9;8;925;354;948;3.2;30.4;24.5;14.6;5.5;76.7;0.0000;0.5267;0.1750;0.2750;
95.09;1;0;0;0;13;207;8;9;7;9;8;953;354;948;3.2;30.4;8.5;14.6;5.5;76.7;0.0000;0.5194;0.2250;0.4750;
95.34;1;0;0;0;13;207;8;10;8;9;9;949;354;948;3.2;30.4;9.0;14.6;5.5;76.7;0.0000;0.4965;0.2750;0.3500;
95.59;1;0;0;0;13;207;8;10;8;10;9;940;354;948;3.2;30.4;14.0;14.6;5.5;76.7;0.0000;0.4667;0.4000;0.4750;
95.85;1;0;0;0;13;207;9;10;8;10;9;931;354;948;3.2;30.1;21.5;14.6;5.5;76.7;0.0000;0.4515;0.4250;0.4250;
96.10;1;0;0;0;14;207;10;11;9;11;10;941;354;948;3.2;30.3;23.5;14.6;5.5;76.7;0.0000;0.4148;0.5250;0.2500;
96.35;1;0;0;0;14;207;10;11;10;11;10;945;354;948;3.2;30.3;20.0;14.6;5.5;76.7;0.0118;0.3145;0.5250;0.2500;
96.60;1;0;0;0;14;207;10;12;10;11;11;946;354;948;3.2;30.7;22.0;14.6;5.5;76.7;0.0235;0.2649;0.5000;0.2500;
96.85;1;0;0;0;14;207;11;12;11;12;11;932;354;948;3.2;30.4;32.0;14.6;5.5;76.7;0.0235;0.2028;0.6000;0.0250;
97.10;1;0;0;0;14;207;12;12;12;12;12;934;354;948;3.2;30.4;33.5;14.6;5.5;76.7;0.0353;0.1289;0.6500;102.2250;
97.35;1;0;0;0;14;207;13;13;13;13;13;921;354;948;3.2;30.4;47.5;14.6;5.5;76.7;0.0549;-0.0070;0.7000;102.0000;
97.60;1;0;0;0;14;207;14;14;14;14;14;933;354;948;3.2;30.4;58.5;14.6;5.5;76.7;0.0588;-0.0359;0.7750;101.9500;
97.85;1;0;0;0;14;207;14;14;15;14;14;946;354;948;3.2;29.8;60.5;14.6;5.5;76.7;0.0824;-0.0470;0.8250;102.0250;
98.10;0;0;0;0;14;207;15;15;15;15;15;977;354;948;3.2;29.8;36.5;14.6;5.5;76.7;0.0941;-0.0475;0.7250;102.1500;
98.35;0;0;0;0;14;207;16;15;16;15;15;1001;354;948;3.2;29.9;8.5;14.5;5.5;76.7;0.2000;-0.0524;0.4750;102.0500;
98.60;0;0;0;0;14;207;16;16;16;16;16;1049;354;948;3.2;29.9;26.5;14.5;5.5;76.7;0.2157;-0.0601;0.3500;101.8500;
98.85;0;0;0;0;14;207;16;16;16;16;16;1067;354;948;3.2;29.9;45.5;14.5;5.5;76.7;0.2157;-0.0710;0.4500;101.6500;
99.10;0;0;0;0;14;207;17;17;17;17;17;1094;354;948;3.2;29.2;53.0;14.5;5.5;76.7;0.2431;-0.0826;0.5500;101.5750;
99.35;0;0;0;0;14;207;18;17;18;17;18;1147;354;948;3.2;29.2;68.5;14.5;5.5;76.7;0.2471;-0.0994;0.7000;101.6250;
99.60;0;0;0;0;14;207;19;18;19;18;18;1187;354;948;3.2;28.7;73.0;14.5;5.5;76.7;0.2471;-0.0997;0.7750;101.7250;
99.85;0;0;0;0;14;207;19;19;19;19;19;1243;354;948;3.2;27.8;75.0;14.5;5.5;76.7;0.2471;-0.0999;0.8250;101.4750;
100.10;0;0;0;0;14;207;20;19;20;20;20;1277;354;948;3.2;27.8;76.0;14.5;5.5;76.7;0.2471;-0.0996;0.7750;101.5500;
100.35;0;0;0;0;14;207;21;20;21;20;20;1326;354;948;3.2;27.1;76.0;14.5;5.5;76.7;0.2471;-0.0753;0.7500;101.6750;
100.60;0;0;0;0;14;207;21;21;22;21;21;1372;354;948;3.2;27.1;74.5;14.5;5.5;76.7;0.2471;-0.0626;0.7750;101.8250;
100.86;0;0;0;0;14;207;22;22;22;22;22;1416;354;948;3.2;26.6;74.0;14.5;5.5;76.7;0.2471;-0.0418;0.7250;101.8000;
101.11;0;0;0;0;14;207;22;23;23;23;23;1467;354;948;3.2;26.1;68.0;14.5;5.5;76.7;0.2353;-0.0095;0.7000;0.0500;
101.36;0;0;0;0;14;207;23;23;23;23;23;1479;354;948;3.2;26.1;69.5;14.5;5.5;76.7;0.2314;0.0320;0.7000;102.3500;
101.61;0;0;0;0;14;207;24;24;24;24;24;1540;354;948;3.2;25.9;65.5;14.5;5.5;76.7;0.2314;0.0464;0.6500;0.2250;
101.86;0;0;0;0;14;207;24;25;24;24;24;1581;354;948;3.2;25.9;63.0;14.5;5.5;76.7;0.2314;0.0534;0.7000;0.2250;
102.11;0;0;0;0;14;207;25;25;25;25;25;1633;354;948;3.2;26.3;61.5;14.5;5.5;76.7;0.2314;0.0541;0.7250;0.2750;
102.36;0;0;0;0;14;207;25;26;25;26;26;1665;354;948;3.2;26.3;60.5;14.5;5.5;76.7;0.2157;0.0533;0.7250;0.3500;
102.61;1;0;0;0;14;207;26;27;26;26;26;1650;354;948;3.2;26.7;-68.0;14.5;5.5;76.7;0.0000;0.0491;0.5250;0.2000;
102.86;1;0;0;0;14;207;26;27;26;27;26;1346;354;948;3.2;26.5;-57.0;14.5;5.5;76.7;0.0000;0.0384;0.2500;0.1250;
103.11;1;0;0;0;14;207;27;27;27;27;27;920;354;948;3.2;26.5;-12.0;14.5;5.5;76.7;0.0000;0.0321;0.2750;0.0750;
103.36;1;0;0;0;14;207;27;27;27;27;27;863;354;948;3.2;27.5;18.0;14.5;5.5;76.7;0.0000;0.0275;0.2000;0.0000;
103.61;1;0;0;0;14;207;27;27;27;27;27;910;354;948;3.2;27.5;4.5;14.5;5.5;76.7;0.0706;0.0267;0.2500;102.3000;
103.86;1;0;0;0;14;207;27;27;27;27;27;1070;354;948;3.2;27.8;-0.5;14.5;5.5;76.7;0.1255;0.0252;0.1000;0.0250;
104.11;0;0;0;0;14;207;27;27;27;27;27;1094;354;948;3.2;28.3;22.0;14.5;5.5;76.7;0.1529;0.0232;0.1500;0.0750;
104.36;0;0;0;0;14;207;28;28;27;28;28;1111;354;948;3.2;28.3;20.0;14.5;5.5;76.7;0.1529;0.0091;0.2000;102.3250;
104.61;0;0;0;0;14;207;28;28;28;28;28;1123;354;948;3.2;29.1;21.5;14.5;5.5;76.7;0.1294;0.0026;0.3500;102.2000;
104.86;0;0;0;0;14;207;28;28;28;28;28;1088;354;948;3.2;29.3;-20.0;14.5;5.5;76.7;0.0000;0.0004;0.2750;102.2250;
105.11;0;0;0;0;14;207;28;28;28;28;28;1112;354;948;3.2;29.3;-58.5;14.5;5.5;76.7;0.0000;0.0004;0.0500;102.1500;
105.36;0;0;0;0;15;207;28;28;28;28;28;1113;354;948;3.2;29.9;-65.0;14.5;5.5;76.7;0.0000;0.0020;-0.1000;0.1000;
105.61;0;0;0;0;15;207;28;27;27;28;28;1110;354;948;3.2;29.9;-67.0;14.5;5.5;76.7;0.0000;0.0003;-0.1500;0.6500;
105.88;0;0;0;0;15;207;27;27;27;27;27;1100;354;948;3.2;30.3;-66.5;14.5;5.5;76.7;0.0000;-0.0009;-0.2500;102.2250;
106.13;0;0;0;0;15;207;27;27;27;27;27;1085;354;948;3.2;30.3;-66.5;14.5;5.5;76.7;0.0000;-0.0013;-0.2500;102.0000;
106.38;0;0;0;0;15;207;27;27;27;27;27;1053;354;948;3.2;30.5;-66.5;14.5;5.5;76.7;0.0000;-0.0009;-0.2500;101.9500;
106.63;0;0;0;0;15;207;27;26;27;26;27;1060;354;948;3.2;30.5;-66.5;14.5;5.5;76.7;0.0000;-0.0011;-0.3250;102.0000;
106.88;0;0;0;0;15;207;26;26;26;26;27;1060;354;948;3.2;30.4;-66.5;14.5;5.5;76.7;0.0000;-0.0008;-0.2000;102.1750;
107.13;0;0;0;0;15;207;26;26;26;26;26;1044;354;948;3.2;30.6;-66.5;14.5;5.5;76.7;0.0000;0.0001;-0.2750;102.1750;
107.38;0;0;0;0;15;207;26;26;26;26;26;1039;354;948;3.2;30.6;-66.5;14.5;5.5;76.7;0.0000;-0.0003;-0.2750;102.0750;
107.63;0;0;0;0;15;207;26;26;25;25;26;1025;354;950;3.2;30.4;-66.5;14.5;5.5;76.7;0.0000;-0.0003;-0.2750;101.9750;
107.88;0;0;0;0;15;207;25;25;25;25;26;1024;354;950;3.2;30.3;-66.5;14.5;5.5;76.7;0.0000;-0.0001;-0.2500;102.2250;
108.13;0;0;0;0;15;207;25;25;25;25;25;1011;354;948;3.2;30.3;-66.5;14.5;5.5;76.7;0.0000;0.0020;-0.2500;102.1500;
108.38;0;0;0;0;15;207;25;25;25;25;25;1003;354;948;3.2;30.5;-67.0;14.5;5.5;76.7;0.0000;0.0064;-0.3250;102.2500;
108.63;0;0;0;0;15;207;25;25;25;25;25;994;354;948;3.2;30.5;-67.0;14.5;5.5;76.7;0.0000;0.0107;-0.2750;102.2000;
108.88;0;0;0;0;15;207;24;25;24;24;25;984;354;950;3.2;30.6;-67.0;14.5;5.5;76.7;0.0000;0.0159;-0.2750;102.2000;
109.13;0;0;0;0;15;207;24;25;24;24;24;975;354;950;3.2;30.7;-67.0;14.5;5.5;76.7;0.0000;0.0249;-0.2750;0.0500;
109.38;0;0;0;0;15;207;24;24;24;24;24;966;354;950;3.2;30.7;-62.5;14.5;5.5;76.7;0.0000;0.0255;-0.2500;102.3000;
109.63;0;0;0;0;15;207;24;24;24;24;24;959;354;948;3.2;30.9;-59.5;14.5;5.5;76.7;0.0000;0.0257;-0.2250;0.2500;
109.88;0;0;0;0;15;207;24;24;23;24;24;954;354;948;3.2;30.9;-56.5;14.5;5.5;76.7;0.0000;0.0257;-0.2500;102.3000;
110.13;0;0;0;0;15;207;23;23;23;24;24;944;354;950;3.2;30.9;-45.5;14.5;5.5;76.7;0.0000;0.0259;-0.2250;0.0000;
110.38;0;0;0;0;15;207;23;24;23;23;23;947;354;948;3.2;30.9;-41.5;14.5;5.5;76.7;0.0000;0.0259;-0.1250;102.3500;
110.63;0;0;0;0;15;207;23;24;23;23;23;939;354;948;3.1;30.9;-45.0;14.5;5.5;76.7;0.0000;0.0259;-0.0750;102.3000;
110.89;0;0;0;0;15;207;23;23;23;23;23;937;354;950;3.1;31.2;-48.5;14.5;5.5;76.7;0.0000;0.0259;-0.0750;102.2500;
111.14;0;0;0;0;15;207;23;23;23;23;23;931;354;948;3.1;31.2;-50.5;14.5;5.5;76.7;0.0000;0.0259;-0.1500;0.0250;
111.39;0;0;0;0;15;207;23;23;23;23;23;926;354;948;3.2;31.1;-49.5;14.5;5.5;76.7;0.0000;0.0259;-0.1750;0.0500;
111.64;0;0;0;0;15;207;23;23;23;23;23;921;354;948;3.1;31.1;-49.0;14.5;5.5;76.7;0.0000;-0.0022;-0.1250;102.0750;
111.89;0;0;0;0;15;207;23;23;23;23;23;920;354;948;3.1;31.1;-49.5;14.5;5.5;76.7;0.0000;-0.0162;-0.1500;102.2500;
112.14;0;0;0;0;15;207;23;23;23;23;23;916;354;950;3.1;31.4;-42.5;14.5;5.5;76.7;0.0000;-0.0181;-0.1500;102.2500;
112.39;0;0;0;0;15;207;23;23;23;22;23;910;354;950;3.1;31.4;-40.5;14.5;5.5;76.7;0.0000;-0.0217;-0.1000;102.0000;
112.64;0;0;0;0;15;207;23;22;23;22;23;910;354;950;3.2;31.0;-37.5;14.5;5.5;76.7;0.0000;-0.0217;-0.1000;101.9250;
112.89;0;0;0;0;15;207;23;22;22;22;23;903;354;950;3.2;30.8;-37.5;14.5;5.5;76.7;0.0000;-0.0217;-0.1000;102.2250;
113.14;0;0;0;0;15;207;23;22;23;22;23;901;354;948;3.2;30.8;-37.0;14.5;5.5;76.7;0.0000;-0.0217;-0.0500;102.0750;
113.39;0;0;0;0;15;207;23;22;23;22;23;908;354;950;3.2;31.1;-40.0;14.5;5.5;76.7;0.0000;-0.0217;-0.0250;102.1750;
113.64;0;0;0;0;15;207;23;22;22;22;22;904;354;950;3.2;30.7;-42.5;14.5;5.5;76.7;0.0000;-0.0216;-0.0500;102.0750;
113.89;0;0;0;0;15;207;22;22;22;22;22;899;354;950;3.2;30.7;-38.0;14.5;5.5;76.7;0.0000;-0.0214;-0.1000;102.0750;
114.14;0;0;0;0;15;207;22;22;22;22;22;898;354;950;3.2;30.5;-32.5;14.5;5.5;76.7;0.0000;-0.0212;-0.1000;102.0500;
114.39;0;0;0;0;15;207;22;22;22;22;22;893;354;950;3.2;30.5;-32.0;14.5;5.5;76.7;0.0000;-0.0214;-0.0750;102.0750;
114.64;0;0;0;0;15;207;22;22;22;22;22;893;354;950;3.2;30.5;-35.5;14.5;5.5;76.7;0.0000;-0.0209;-0.0250;102.1500;
114.89;0;0;0;0;15;207;22;22;22;22;22;895;354;950;3.2;30.5;-37.5;14.5;5.5;76.7;0.0000;-0.0198;-0.0750;102.1500;
115.14;0;0;0;0;15;207;22;22;22;22;22;893;354;950;3.2;30.0;-33.5;14.5;5.5;76.7;0.0000;-0.0184;-0.0750;102.0500;
115.39;0;0;0;0;15;207;22;22;22;22;22;892;354;950;3.2;30.0;-33.0;14.5;5.5;76.7;0.0000;-0.0122;-0.0250;102.2000;
115.64;0;0;0;0;15;207;22;22;22;22;22;891;354;950;3.2;30.0;-34.5;14.5;5.5;76.7;0.0000;-0.0088;-0.0500;102.2000;
115.90;0;0;0;0;15;207;22;22;22;22;22;888;354;950;3.2;30.1;-32.5;14.5;5.5;76.7;0.0000;-0.0061;-0.0250;102.1500;
116.15;0;0;0;0;15;207;22;22;22;22;22;887;354;950;3.2;30.1;-36.0;14.5;5.5;76.7;0.0000;-0.0038;0.0000;102.2750;
116.40;0;0;0;0;15;207;22;22;22;22;22;887;354;950;3.2;29.9;-36.5;14.5;5.5;76.7;0.0000;-0.0041;-0.0500;102.1250;
116.65;0;0;0;0;15;207;22;22;22;22;22;886;354;950;3.2;30.1;-36.0;14.5;5.5;76.7;0.0000;-0.0038;-0.0500;102.1500;
116.90;0;0;0;0;15;207;22;22;22;22;22;886;354;950;3.2;30.1;-29.5;14.5;5.5;76.7;0.0000;-0.0029;-0.1500;101.9500;
117.15;0;0;0;0;15;207;22;22;22;22;22;880;354;950;3.2;30.2;-22.5;14.5;5.5;76.7;0.0000;0.0016;-0.1250;102.0250;
117.40;0;0;0;0;15;207;22;22;22;22;22;882;354;950;3.2;30.2;-19.0;14.5;5.5;76.7;0.0000;0.0036;0.0000;102.0750;
117.65;0;0;0;0;15;207;22;22;22;22;22;881;354;950;3.2;29.9;-25.0;14.5;5.5;76.7;0.0000;0.0087;0.0500;102.1500;
117.90;0;0;0;0;15;207;22;22;22;22;22;882;354;950;3.2;29.9;-32.0;14.5;5.5;76.7;0.0000;0.0146;0.0500;102.1500;
118.15;0;0;0;0;16;207;22;22;22;22;22;885;354;950;3.2;29.9;-34.5;14.5;5.5;76.7;0.0000;0.0242;0.0000;102.1250;
118.40;0;0;0;0;16;207;22;22;22;22;22;887;354;950;3.2;30.1;-36.0;14.5;5.5;76.7;0.0000;0.0243;-0.0500;102.1750;
118.65;0;0;0;0;16;207;22;22;22;22;22;885;354;950;3.2;30.1;-39.5;14.5;5.5;76.7;0.0000;0.0246;0.0250;102.1500;
118.90;0;0;0;0;16;207;22;22;22;22;22;882;354;950;3.2;30.0;-34.5;14.5;5.5;76.7;0.0000;0.0246;-0.1000;0.0750;
119.15;0;0;0;0;16;207;22;22;22;22;22;884;354;950;3.2;30.0;-31.0;14.5;5.5;76.7;0.0000;0.0249;-0.0500;0.0000;
119.40;0;0;0;0;16;207;22;22;22;22;22;878;354;950;3.2;30.3;-28.0;14.5;5.5;76.7;0.0000;0.0249;-0.0250;102.3000;
119.65;0;0;0;0;16;207;22;22;22;22;22;883;354;950;3.2;30.2;-25.5;14.5;5.5;76.7;0.0000;0.0249;0.0000;102.2500;
119.90;0;0;0;0;16;207;22;22;22;22;22;880;354;950;3.2;30.2;-29.0;14.5;5.5;76.7;0.0000;0.0249;0.0000;102.3000;
120.15;0;0;0;0;16;207;22;22;22;22;22;879;354;950;3.2;30.0;-33.0;14.5;5.5;76.7;0.0000;0.0246;-0.0250;102.3250;
120.40;0;0;0;0;16;207;22;22;22;22;22;884;354;950;3.2;30.0;-30.5;14.5;5.5;76.7;0.0000;0.0236;-0.0250;102.2500;
120.65;0;0;0;0;16;207;22;22;22;22;22;886;354;950;3.2;30.1;-30.0;14.5;5.5;76.7;0.0000;0.0224;0.0000;102.3500;
120.92;0;0;0;0;16;207;22;22;22;22;22;884;354;950;3.2;30.2;-32.0;14.5;5.5;76.7;0.0000;0.0202;-0.0500;102.2750;
121.17;0;0;0;0;16;207;22;22;22;22;22;881;354;950;3.2;30.2;-34.0;14.5;5.5;76.7;0.0000;0.0158;-0.0250;102.2500;
121.42;0;0;0;0;16;207;22;22;22;22;22;879;354;950;3.2;30.1;-33.5;14.5;5.5;76.7;0.0000;0.0112;-0.0750;102.2250;
121.67;0;0;0;0;16;207;22;22;22;22;22;877;354;950;3.2;30.3;-32.0;14.5;5.5;76.7;0.0000;0.0091;-0.0750;102.0500;
121.92;0;0;0;0;16;207;22;22;22;22;22;882;354;950;3.2;30.3;-32.5;14.5;5.5;76.7;0.0000;0.0069;0.0000;102.1250;
122.17;0;0;0;0;16;207;22;22;22;22;22;881;354;950;3.2;30.4;-31.0;14.5;5.5;76.7;0.0000;0.0025;-0.0500;102.1250;
122.42;0;0;0;0;16;207;22;22;22;22;22;877;354;950;3.2;30.4;-24.5;14.5;5.5;76.7;0.0000;0.0007;-0.0750;102.1500;
122.67;0;0;0;0;16;207;22;22;22;22;22;880;354;950;3.2;30.2;-23.5;14.5;5.5;76.7;0.0000;-0.0004;0.0000;102.2250;
122.92;0;0;0;0;16;207;22;22;22;22;22;880;354;950;3.2;30.2;-27.5;14.5;5.5;76.7;0.0000;-0.0008;0.0250;102.1500;
123.17;0;0;0;0;16;207;22;22;22;22;22;880;354;950;3.2;30.1;-30.0;14.5;5.5;76.7;0.0000;-0.0018;0.0250;101.9250;
123.42;0;0;0;0;16;207;22;22;22;22;22;880;354;950;3.2;30.1;-29.0;14.5;5.5;76.7;0.0000;-0.0004;-0.0250;102.1250;
123.67;0;0;0;0;16;207;22;22;22;22;22;879;354;950;3.2;30.1;-27.5;14.5;5.5;76.7;0.0000;0.0001;-0.0750;102.0750;
123.92;0;0;0;0;16;207;22;22;22;22;22;879;354;950;3.2;30.0;-25.0;14.5;5.5;76.7;0.0000;0.0034;-0.0500;102.0500;
124.17;0;0;0;0;16;207;22;22;22;22;22;877;354;950;3.2;30.0;-23.5;14.5;5.5;76.7;0.0000;0.0097;0.0000;102.2500;
124.42;0;0;0;0;16;207;22;22;22;22;22;879;354;950;3.2;29.9;-22.5;14.5;5.5;76.7;0.0000;0.0153;0.0000;102.3000;
124.67;0;0;0;0;16;207;22;22;22;22;22;882;354;950;3.2;29.9;-26.0;14.5;5.5;76.7;0.0000;0.0168;0.0250;102.3250;
124.92;0;0;0;0;16;207;22;22;22;22;22;885;354;950;3.2;29.9;-37.0;14.5;5.5;76.7;0.0000;0.0184;0.0750;102.3750;
125.17;0;0;0;0;16;207;22;22;22;22;22;883;354;950;3.2;29.8;-42.5;14.5;5.5;76.7;0.0000;0.0180;-0.0500;102.1500;
125.42;0;0;0;0;16;207;22;22;22;22;22;876;354;950;3.2;29.8;-29.5;14.5;5.5;76.7;0.0000;0.0136;-0.1750;0.1000;
125.67;0;0;0;0;16;207;22;22;22;22;22;872;354;950;3.2;30.0;-20.5;14.5;5.5;76.7;0.0000;0.0091;-0.0500;102.3000;
125.93;0;0;0;0;16;207;22;22;22;22;22;877;354;950;3.2;30.1;-15.5;14.5;5.5;76.7;0.0000;0.0066;-0.0500;102.3750;
126.18;0;0;0;0;16;207;22;22;22;22;22;875;354;950;3.2;30.1;-11.0;14.5;5.5;76.7;0.0000;0.0057;0.0000;102.0250;
126.43;0;0;0;0;16;207;22;22;22;22;22;878;354;950;3.2;29.9;-11.0;14.5;5.5;76.7;0.0000;0.0057;0.0000;102.3500;
126.68;0;0;0;0;16;207;22;22;22;22;22;878;354;950;3.2;30.0;-12.5;14.5;5.5;76.7;0.0000;0.0057;0.0000;102.1750;
126.93;0;0;0;0;16;207;22;22;22;22;22;874;354;950;3.2;30.0;-9.0;14.5;5.5;76.7;0.0000;0.0047;-0.1000;102.3000;
127.18;1;0;0;0;16;207;22;21;21;22;22;875;354;950;3.2;30.0;-2.5;14.5;5.5;76.7;0.0000;0.0026;-0.0750;102.1750;
127.43;1;0;0;0;16;207;22;22;22;22;22;862;354;950;3.2;30.1;11.5;14.5;5.5;76.7;0.0000;0.0046;-0.0250;102.2500;
127.68;1;0;0;0;16;207;22;22;21;22;22;877;354;950;3.2;29.8;9.0;14.5;5.5;76.7;0.0000;0.0046;-0.0500;102.1750;
127.93;1;0;0;0;16;207;22;22;21;21;22;878;354;950;3.2;29.8;9.5;14.5;5.5;76.7;0.0000;0.0052;-0.0750;102.2500;
128.18;1;0;0;0;16;207;21;21;21;21;21;878;354;950;3.2;29.8;10.0;14.5;5.5;76.7;0.0000;0.0189;-0.1000;102.2750;
128.43;1;0;0;0;16;207;21;21;21;21;21;955;354;950;3.2;29.8;-24.0;14.5;5.5;76.7;0.0000;0.0326;-0.2250;102.2000;
128.68;1;0;0;0;16;207;20;20;20;21;21;958;354;950;3.2;29.9;-44.5;14.5;5.5;76.7;0.0196;0.0400;-0.4500;102.2250;
128.93;1;0;0;0;16;207;20;20;20;20;20;944;354;950;3.2;29.9;-23.5;14.5;5.5;76.7;0.0706;0.0524;-0.5500;0.2250;
129.18;1;0;0;0;16;207;18;19;18;19;19;1019;354;950;3.2;29.9;-19.5;14.5;5.5;76.7;0.0824;0.1465;-0.8000;0.9000;
129.43;1;0;0;0;16;207;18;19;18;19;18;1235;354;950;3.2;30.3;8.5;14.5;5.5;76.7;0.1294;0.1946;-0.9750;1.1000;
129.68;1;0;0;0;16;207;18;19;17;19;18;1182;354;950;3.2;30.9;15.0;14.5;5.5;76.7;0.1373;0.2328;-0.3750;1.4500;
129.93;0;0;0;0;16;207;17;19;17;19;18;1151;354;950;3.2;30.9;36.5;14.5;5.5;76.7;0.1765;0.2847;-0.2250;1.9500;
130.18;0;0;0;0;16;207;17;20;17;19;18;1181;354;950;3.2;31.2;30.5;14.5;5.5;76.7;0.1765;0.3593;-0.1000;2.4000;
130.43;0;0;0;0;16;207;17;20;17;19;18;1175;354;950;3.2;31.2;35.0;14.5;5.5;76.7;0.2353;0.3751;-0.0750;1.9250;
130.68;0;0;0;0;16;207;17;19;17;19;18;1185;354;950;3.2;32.4;55.0;14.5;5.5;76.7;0.2549;0.3751;0.0250;1.7500;
130.94;0;0;0;0;16;207;17;20;17;19;18;1179;354;950;3.2;33.1;74.0;14.5;5.5;76.7;0.2588;0.3795;0.0000;1.8000;
131.19;0;0;0;0;16;207;17;20;17;19;18;1187;354;950;3.2;33.1;81.0;14.5;5.5;76.7;0.3020;0.3864;0.0750;2.2500;
131.44;0;0;0;0;16;207;18;20;17;20;19;1201;354;950;3.2;33.5;103.0;14.5;5.5;76.7;0.3020;0.3864;0.1750;1.8250;
131.69;0;0;0;0;16;207;18;20;18;20;19;1222;356;950;3.2;33.5;108.0;14.5;5.5;76.7;0.3020;0.3864;0.1750;2.3500;
131.94;0;0;0;0;16;207;18;20;18;20;19;1236;356;950;3.2;34.6;114.0;14.5;5.5;76.7;0.3098;0.3846;0.2750;1.8500;
132.19;0;0;0;0;16;207;19;21;18;20;20;1255;356;950;3.2;34.6;116.0;14.5;5.5;76.7;0.3137;0.3362;0.3750;1.6500;
132.44;0;0;0;0;16;207;19;21;19;21;20;1294;356;950;3.2;35.3;121.5;14.5;5.5;76.7;0.3255;0.2633;0.4500;0.9750;
132.69;0;0;0;0;16;207;20;21;20;21;20;1319;356;950;3.2;35.6;127.5;14.5;5.5;76.7;0.3412;0.2020;0.5500;0.8000;
132.94;0;0;0;0;16;207;20;21;20;21;21;1361;356;950;3.2;35.6;139.5;14.5;5.5;76.7;0.3569;0.1564;0.5500;0.6750;
133.19;0;0;0;0;16;207;21;22;21;22;21;1387;356;950;3.2;35.1;144.5;14.5;5.5;76.7;0.3569;0.1073;0.5500;0.4500;
133.44;0;0;0;0;16;207;22;22;22;22;22;1429;356;950;3.2;34.5;147.5;14.5;5.5;76.7;0.3569;0.0824;0.5250;0.0500;
133.69;0;0;0;0;16;207;22;23;22;23;22;1444;356;950;3.2;34.5;148.5;14.5;5.5;76.7;0.3608;0.0644;0.5500;0.1000;
133.94;0;0;0;0;16;207;23;23;23;23;23;1487;356;950;3.2;33.3;152.0;14.5;5.5;76.7;0.3608;0.0506;0.5250;102.3500;
134.19;0;0;0;0;16;207;23;23;23;24;23;1506;356;950;3.2;33.3;151.5;14.5;5.5;76.7;0.3647;0.0242;0.5250;102.2750;
134.44;0;0;0;0;16;207;24;24;24;24;24;1538;356;950;3.2;32.4;152.5;14.5;5.5;76.7;0.3647;0.0122;0.5000;102.2250;
134.69;0;0;0;0;16;207;24;24;24;24;24;1563;356;950;3.2;30.8;153.5;14.5;5.5;76.7;0.3647;0.0095;0.4750;102.1500;
134.94;0;0;0;0;16;207;24;25;24;24;24;1582;356;950;3.2;30.8;149.0;14.5;5.5;76.7;0.3490;0.0091;0.4000;102.3000;
135.19;0;0;0;0;16;207;25;25;25;25;25;1599;356;950;3.2;29.5;139.0;14.5;5.5;76.7;0.3373;0.0062;0.2500;102.2250;
135.44;0;0;0;0;16;207;25;25;25;25;25;1604;356;950;3.2;29.5;111.0;14.5;5.5;76.7;0.2941;0.0057;0.2000;102.2500;
135.69;0;0;0;0;16;207;25;25;25;25;25;1602;356;950;3.2;28.5;96.0;14.5;5.5;76.7;0.2784;0.0046;-0.0750;102.2750;
135.96;0;0;0;0;17;207;25;25;25;25;25;1597;356;950;3.2;28.5;93.0;14.5;5.5;76.7;0.2863;0.0056;-0.1000;102.3000;
136.21;0;0;0;0;17;207;24;24;24;24;25;1577;356;950;3.2;27.3;98.5;14.5;5.5;76.7;0.2980;0.0070;-0.2500;102.2250;
136.46;0;0;0;0;17;207;24;24;24;24;24;1561;356;950;3.2;26.1;102.5;14.5;5.5;76.7;0.2941;0.0072;-0.2250;102.2500;
136.71;0;0;0;0;17;207;24;24;24;24;24;1554;356;950;3.2;26.1;103.5;14.5;5.5;76.7;0.2902;0.0091;-0.1500;102.2250;
136.96;0;0;0;0;17;207;24;24;24;24;24;1542;356;950;3.2;25.5;100.5;14.5;5.5;76.7;0.2863;0.0102;-0.1750;0.0250;
137.21;0;0;0;0;17;207;24;24;24;24;24;1521;356;950;3.2;25.5;98.5;14.5;5.5;76.7;0.2824;0.0104;-0.2500;102.1750;
137.46;0;0;0;0;17;207;23;23;23;23;23;1506;356;950;3.2;25.4;95.5;14.5;5.5;76.7;0.2745;0.0107;-0.3250;102.2000;
137.71;0;0;0;0;17;207;23;23;23;23;23;1477;356;950;3.2;25.3;81.5;14.5;5.5;76.7;0.2431;0.0107;-0.3500;0.0750;
137.96;0;0;0;0;17;207;23;22;23;23;23;1460;356;950;3.2;25.3;71.0;14.5;5.5;76.7;0.2314;0.0107;-0.4500;0.0750;
138.21;0;0;0;0;17;207;22;22;22;22;22;1422;356;950;3.2;25.4;67.0;14.5;5.5;76.7;0.2314;0.0105;-0.5000;102.2750;
138.46;0;0;0;0;17;207;22;22;22;22;22;1404;356;950;3.2;25.5;63.5;14.5;5.5;76.7;0.2275;0.0072;-0.5500;102.3750;
138.71;0;0;0;0;17;207;21;21;21;21;21;1359;356;950;3.2;25.5;45.0;14.5;5.5;76.7;0.1843;0.0020;-0.5250;102.3500;
138.96;0;0;0;0;17;207;21;21;21;21;21;1327;356;950;3.2;25.9;32.0;14.5;5.5;76.7;0.1451;-0.0151;-0.6500;102.3250;
139.21;0;0;0;0;17;207;20;20;20;20;20;1253;356;950;3.2;25.9;-6.0;14.5;5.5;76.7;0.0196;-0.0168;-0.9000;102.2750;
139.46;0;0;0;0;17;207;19;19;19;19;19;1198;356;950;3.2;26.1;-29.0;14.5;5.5;76.7;0.0000;-0.0212;-1.1500;102.2500;
139.71;0;0;0;0;17;207;17;17;17;17;17;1107;356;950;3.2;26.1;-12.0;14.5;5.5;76.7;0.1843;-0.0288;-1.4500;102.2250;
139.96;0;0;0;0;17;207;16;16;16;16;16;1085;356;950;3.2;26.8;25.0;14.5;5.5;76.7;0.1608;-0.0391;-1.3000;102.2750;
140.21;1;0;0;0;17;207;15;15;16;15;15;940;356;950;3.2;26.8;-19.5;14.5;5.5;76.7;0.0000;-0.0466;-0.8500;102.3500;
140.46;1;0;0;0;17;207;15;15;15;14;15;881;356;950;3.2;27.1;6.5;14.5;5.5;76.7;0.0000;-0.0562;-0.9000;0.0000;
140.71;1;0;0;0;17;207;14;13;14;13;14;876;356;950;3.2;27.3;14.0;14.5;5.5;76.7;0.0000;-0.0783;-1.0250;102.1500;
140.97;1;1;0;0;17;207;13;12;13;12;13;871;356;950;3.2;27.3;13.0;14.5;5.5;76.7;0.0000;-0.1343;-1.1250;102.3250;
141.22;1;1;0;0;17;207;11;10;11;10;11;882;356;950;3.2;27.9;12.5;14.5;5.5;76.7;0.0000;-0.1722;-2.1250;102.3000;
141.47;1;1;0;0;17;207;10;9;10;9;10;887;356;950;3.2;28.5;9.5;14.5;5.5;76.7;0.0000;-0.2056;-1.3750;0.5250;
141.72;1;1;0;0;17;207;9;8;8;8;8;883;356;950;3.2;28.5;10.0;14.5;5.5;76.7;0.0000;-0.2486;-1.1750;102.3750;
141.97;1;0;0;0;17;207;8;7;8;7;8;878;356;950;3.2;29.1;11.5;14.5;5.5;76.7;0.0000;-0.3427;-1.1500;0.0750;
142.22;1;0;0;0;17;207;7;6;7;6;7;879;356;950;3.2;29.1;13.5;14.5;5.5;76.7;0.0000;-0.3825;-0.9750;0.1000;
142.47;1;0;0;0;17;207;6;6;6;6;6;882;356;950;3.2;29.3;9.5;14.5;5.5;76.7;0.0000;-0.3981;-0.8500;0.5250;
142.72;1;0;0;0;17;207;6;5;6;5;6;864;356;950;3.2;29.8;23.0;14.5;5.5;76.7;0.0157;-0.4191;-0.5500;0.2750;
142.97;1;0;0;0;17;207;6;5;6;5;5;845;356;950;3.2;29.8;47.5;14.5;5.5;76.7;0.0275;-0.4695;-0.3500;0.3750;
143.22;1;0;0;0;17;207;6;5;6;5;6;863;356;950;3.2;29.9;56.5;14.5;5.5;76.7;0.0353;-0.4990;0.1000;102.3750;
143.47;1;0;0;0;18;207;7;6;6;5;6;883;356;950;3.2;29.8;49.5;14.5;5.5;76.7;0.0627;-0.4688;0.2000;0.6750;
143.72;1;0;0;0;18;207;7;6;7;6;6;855;356;950;3.2;29.8;67.5;14.5;5.5;76.7;0.0667;-0.4581;0.4500;0.4000;
143.97;1;0;0;0;18;207;8;7;7;6;7;862;356;950;3.2;29.8;68.5;14.5;5.5;76.7;0.0706;-0.4962;0.5250;0.1000;
144.22;1;0;0;0;18;207;9;7;8;7;8;914;356;950;3.2;29.8;51.5;14.5;5.5;76.7;0.0902;-0.5318;0.5250;0.1000;
144.47;1;0;0;0;18;207;9;8;8;7;8;950;356;950;3.2;29.5;34.0;14.5;5.5;76.7;0.1333;-0.5767;0.5000;0.4000;
144.72;0;0;0;0;18;207;9;8;9;7;8;966;356;950;3.2;29.5;40.5;14.5;5.5;76.7;0.1961;-0.6248;0.0750;101.9000;
144.97;0;0;0;0;18;207;10;8;9;7;9;1009;356;950;3.2;29.5;44.0;14.5;5.5;76.7;0.2471;-0.6676;0.2750;0.0750;
145.22;0;0;0;0;18;207;10;8;10;8;9;1086;356;950;3.2;29.5;62.5;14.5;5.5;76.7;0.2471;-0.6703;0.3750;102.1250;
145.47;0;0;0;0;18;207;11;9;10;8;10;1141;356;950;3.2;28.8;69.0;14.5;5.5;76.7;0.2471;-0.6734;0.7000;101.8750;
145.72;0;0;0;0;18;207;12;10;12;9;11;1276;356;950;3.2;28.5;71.0;14.5;5.5;76.7;0.2392;-0.6711;0.8750;101.6000;
145.98;0;0;0;0;18;207;13;11;13;11;12;1355;356;948;3.2;28.5;70.0;14.5;5.5;76.7;0.2392;-0.5742;1.0750;101.3250;
146.23;0;0;0;0;18;207;14;12;13;11;13;1452;356;950;3.2;27.2;3.0;14.5;5.5;76.7;0.0000;-0.5056;1.0750;101.5750;
146.48;1;0;0;0;18;207;14;12;14;12;13;1288;356;950;3.2;26.8;-54.0;14.5;5.5;76.7;0.0000;-0.4428;0.6000;101.8000;
146.73;1;0;0;0;18;207;14;13;14;13;13;914;356;950;3.2;26.8;-9.0;14.5;5.5;76.7;0.0000;-0.3508;0.5250;102.1250;
146.98;1;0;0;0;18;207;14;14;14;13;14;863;356;950;3.2;26.4;8.5;14.5;5.5;76.7;0.0000;-0.1840;0.5250;0.5000;
147.23;1;0;0;0;18;207;15;14;14;14;14;875;356;950;3.2;26.4;12.0;14.5;5.5;76.7;0.0902;-0.1365;0.4750;101.8750;
147.48;1;0;0;0;18;207;15;14;15;14;14;953;356;950;3.2;26.0;24.0;14.5;5.5;76.7;0.1804;-0.1040;0.3250;102.1250;
147.73;1;0;0;0;18;207;15;15;15;15;15;969;356;950;3.2;26.5;50.0;14.5;5.5;76.7;0.2000;-0.0856;0.5750;102.0250;
147.98;0;0;0;0;18;207;16;16;16;16;16;1043;356;948;3.2;26.5;59.0;14.5;5.5;76.7;0.2353;-0.0241;0.8250;0.2750;
148.23;0;0;0;0;18;207;17;17;17;17;17;1107;356;950;3.2;26.5;65.0;14.5;5.5;76.7;0.2353;-0.0087;0.8500;0.4000;
148.48;0;0;0;0;18;207;18;18;18;18;18;1146;356;950;3.2;25.8;68.0;14.5;5.5;76.7;0.2392;0.0052;0.9250;102.2750;
148.73;0;0;0;0;18;207;19;19;19;19;19;1217;356;950;3.2;26.2;72.0;14.5;5.5;76.7;0.2471;0.0130;1.0000;0.2500;
148.98;0;0;0;0;19;207;20;20;20;20;20;1266;356;950;3.2;26.2;74.0;14.5;5.5;76.7;0.2510;0.0262;1.0250;0.4250;
149.23;0;0;0;0;19;207;21;21;21;21;20;1337;356;950;3.2;26.3;76.0;14.5;5.5;76.7;0.2510;0.0260;1.0000;0.1250;
149.48;0;0;0;0;19;207;21;22;21;22;21;1366;356;950;3.2;26.6;78.5;14.5;5.5;76.7;0.2510;0.0222;0.9250;0.5500;
149.73;0;0;0;0;19;207;22;23;22;22;22;1444;356;950;3.2;26.6;77.0;14.5;5.5;76.7;0.2471;0.0112;1.0500;101.9250;
149.98;0;0;0;0;19;207;23;24;23;23;23;1500;356;950;3.2;26.8;73.0;14.5;5.5;76.7;0.2392;0.0061;0.9750;102.3750;
150.23;0;0;0;0;19;207;24;24;24;24;24;1555;356;950;3.2;26.8;70.5;14.5;5.5;76.7;0.2392;0.0057;0.9000;0.1750;
150.48;0;0;0;0;19;207;25;25;25;25;25;1541;356;950;3.2;27.5;1.0;14.5;5.5;76.7;0.0000;0.0025;0.7500;101.8000;
150.73;1;0;0;0;19;207;25;25;25;25;25;1285;356;950;3.2;28.0;-52.5;14.5;5.5;76.7;0.0000;0.0011;0.5000;102.3000;
150.99;1;0;0;0;19;207;25;25;25;25;25;982;356;950;3.2;28.0;-30.0;14.5;5.5;76.7;0.0000;-0.0029;0.4500;0.1750;
151.24;1;0;0;0;19;207;26;25;26;26;25;856;356;950;3.2;28.4;18.5;14.5;5.5;76.7;0.0706;-0.0036;0.3500;0.5250;
151.49;1;0;0;0;19;207;26;26;26;26;26;943;356;950;3.2;29.0;43.5;14.5;5.5;76.7;0.1961;-0.0057;0.4000;101.7500;
151.74;1;0;0;0;19;207;26;26;26;26;26;1067;356;950;3.2;29.0;52.5;14.5;5.5;76.7;0.2039;-0.0020;0.3500;102.3500;
151.99;0;0;0;0;19;207;27;27;27;27;27;1085;356;950;3.2;29.0;50.5;14.5;5.5;76.7;0.2157;0.0141;0.5750;0.6750;
152.24;0;0;0;0;19;207;27;28;27;28;27;1104;356;950;3.2;29.0;51.5;14.5;5.5;76.7;0.2078;0.0146;0.5500;102.1500;
152.49;0;0;0;0;19;207;28;28;28;28;28;1126;356;950;3.2;29.5;49.0;14.5;5.5;76.7;0.2000;0.0157;0.5500;0.2750;
152.74;0;0;0;0;19;207;28;29;28;29;29;1150;356;950;3.2;29.5;45.0;14.5;5.5;76.7;0.1961;0.0157;0.5750;0.5250;
152.99;0;0;0;0;19;207;29;29;29;29;29;1172;356;950;3.2;29.6;44.0;14.5;5.5;76.7;0.1961;0.0150;0.5250;0.7750;
153.24;0;0;0;0;19;207;30;30;30;30;30;1188;356;950;3.2;29.9;41.0;14.5;5.5;76.7;0.1843;0.0145;0.5750;0.0750;
153.49;0;0;0;0;19;207;30;30;30;30;30;1204;356;950;3.2;29.9;39.0;14.5;5.5;76.7;0.1804;0.0099;0.5000;0.1750;
153.74;0;0;0;0;19;207;31;31;30;30;30;1207;356;950;3.2;30.3;11.5;14.5;5.5;76.7;0.0000;0.0057;0.4750;0.3250;
153.99;0;0;0;0;19;207;30;30;31;31;31;1215;356;950;3.2;30.3;-33.0;14.5;5.5;76.7;0.0000;-0.0057;0.1250;0.7000;
154.24;0;0;0;0;19;207;31;31;31;31;31;1235;356;950;3.2;30.4;-26.5;14.5;5.5;76.7;0.1490;-0.0115;0.1500;101.7000;
154.49;0;0;0;0;20;207;30;30;30;31;31;1221;356;950;3.2;30.8;0.0;14.5;5.5;76.7;0.1529;-0.0107;-0.1250;0.2750;
154.74;0;0;0;0;20;207;31;31;31;31;31;1238;356;950;3.2;30.8;4.0;14.5;5.5;76.7;0.1137;-0.0079;0.1000;102.3500;
154.99;0;0;0;0;20;207;31;31;31;31;31;1233;356;950;3.2;30.9;5.0;14.5;5.5;76.7;0.1098;-0.0059;0.1750;0.0250;
155.24;0;0;0;0;20;207;31;31;31;31;31;1248;356;950;3.2;31.0;3.0;14.5;5.5;76.7;0.1020;-0.0026;0.2250;102.3750;
155.49;0;0;0;0;20;207;31;31;31;32;32;1256;356;950;3.2;31.0;1.0;14.5;5.5;76.7;0.0980;-0.0003;0.2000;102.0250;
155.74;0;0;0;0;20;207;31;31;31;32;32;1245;356;950;3.2;31.0;-2.0;14.5;5.5;76.7;0.0314;0.0007;0.1000;102.3500;
156.01;0;0;0;0;20;207;32;32;31;32;32;1251;356;950;3.2;31.0;-38.0;14.5;5.5;76.7;0.0000;0.0014;0.0250;0.0250;
156.26;0;0;0;0;20;207;32;31;31;31;31;1245;356;950;3.2;30.8;-58.5;14.5;5.5;76.7;0.0000;0.0018;-0.0750;0.1500;
156.51;0;0;0;0;20;207;31;31;31;31;31;1243;356;950;3.2;30.8;-60.0;14.5;5.5;76.7;0.0000;0.0022;-0.1500;0.3500;
156.76;0;0;0;0;20;207;31;31;31;31;31;1237;356;950;3.2;31.4;-60.0;14.5;5.5;76.7;0.0000;0.0029;-0.2000;0.2000;
157.01;0;0;0;0;20;207;31;31;31;31;31;1232;356;950;3.2;31.4;-60.0;14.5;5.5;76.7;0.0000;0.0057;-0.2000;0.2750;
157.26;0;0;0;0;20;207;30;31;30;30;31;1212;356;950;3.2;31.2;-60.0;14.5;5.5;76.7;0.0000;0.0066;-0.2750;102.3500;
157.51;0;0;0;0;20;207;30;30;30;30;30;1201;356;950;3.2;31.4;-59.5;14.5;5.5;76.7;0.0000;0.0059;-0.3750;102.2750;
157.76;0;0;0;0;20;207;30;30;30;30;30;1194;356;950;3.2;31.4;-59.5;14.5;5.5;76.7;0.0000;0.0067;-0.2500;0.0250;
158.01;0;0;0;0;20;207;30;29;30;30;30;1184;356;950;3.2;31.6;-59.5;14.5;5.5;76.7;0.0000;0.0062;-0.3500;0.2250;
158.26;0;0;0;0;20;207;30;29;29;30;30;1175;356;950;3.2;31.7;-59.5;14.5;5.5;76.7;0.0000;0.0057;-0.2500;102.3250;
158.51;0;0;0;0;20;207;29;29;29;29;29;1169;356;950;3.2;31.7;-59.5;14.5;5.5;76.7;0.0000;0.0049;-0.2500;101.9000;
158.76;0;0;0;0;20;207;29;29;29;29;29;1157;356;950;3.2;31.9;-59.5;14.5;5.5;76.7;0.0000;-0.0008;-0.2500;102.1750;
159.01;0;0;0;0;20;207;29;29;28;29;29;1143;356;950;3.2;31.9;-59.5;14.5;5.5;76.7;0.0000;-0.0007;-0.3250;0.1250;
159.26;0;0;0;0;20;207;28;28;28;28;28;1134;356;950;3.2;32.0;-59.5;14.5;5.5;76.7;0.0000;0.0000;-0.3250;102.1250;
159.51;0;0;0;0;20;207;28;28;28;28;28;1125;356;950;3.2;31.9;-59.5;14.5;5.5;76.7;0.0000;0.0018;-0.2750;102.2000;
159.76;0;0;0;0;20;207;28;28;28;28;28;1114;356;950;3.2;31.9;-59.5;14.5;5.5;76.7;0.0000;-0.0031;-0.3250;101.9250;
160.01;0;0;0;0;20;207;28;28;28;28;28;1105;356;950;3.2;32.2;-60.0;14.5;5.5;76.7;0.0000;-0.0039;-0.2750;102.0500;
160.26;0;0;0;0;20;207;28;28;27;27;27;1095;356;950;3.2;32.1;-60.0;14.5;5.5;76.7;0.0000;-0.0072;-0.2750;0.1500;
160.51;0;0;0;0;20;207;28;27;27;27;27;1088;356;950;3.2;32.1;-60.5;14.5;5.5;76.7;0.0000;-0.0070;-0.3250;101.5000;
160.76;0;0;0;0;20;207;27;27;27;27;27;1072;356;950;3.2;32.1;-60.5;14.5;5.5;76.7;0.0000;-0.0069;-0.2750;101.5000;
161.04;0;0;0;0;20;207;26;26;26;26;26;1054;356;950;3.2;31.9;-60.5;14.5;5.5;76.7;0.0000;-0.0069;-0.4000;102.0750;
161.29;0;0;0;0;20;207;26;26;26;26;26;1047;356;950;3.2;31.9;-60.5;14.5;5.5;76.7;0.0000;-0.0072;-0.3500;101.9000;
161.54;0;0;0;0;20;207;26;26;26;26;26;1036;356;950;3.2;31.9;-61.0;14.5;5.5;76.7;0.0000;-0.0140;-0.3250;101.7250;
161.79;0;0;0;0;20;207;26;26;25;25;26;1028;356;950;3.2;31.7;-61.0;14.5;5.5;76.7;0.0000;-0.0277;-0.2250;101.9750;
162.04;0;0;0;0;20;207;25;25;25;25;25;1017;356;950;3.2;31.3;-61.0;14.5;5.5;76.7;0.0000;-0.0278;-0.2250;100.7250;
162.29;0;0;0;0;20;207;25;25;25;25;25;1004;356;950;3.2;31.3;-61.5;14.5;5.5;76.7;0.0000;-0.0308;-0.3250;102.2750;
162.54;0;0;0;0;20;207;25;25;25;25;25;992;356;950;3.2;30.7;-60.0;14.5;5.5;76.7;0.0000;-0.0308;-0.3750;101.9250;
162.79;0;0;0;0;20;207;25;24;24;24;25;986;356;950;3.2;30.7;-61.0;14.5;5.5;76.7;0.0000;-0.0318;-0.3500;101.8500;
163.04;0;0;0;0;20;207;24;24;24;24;24;964;356;950;3.2;30.6;-58.5;14.5;5.5;76.7;0.0000;-0.0314;-0.4000;0.3500;
163.29;0;0;0;0;20;207;24;24;24;24;24;964;356;950;3.2;30.2;-47.5;14.5;5.5;76.7;0.0000;-0.0241;-0.2500;101.6750;
163.54;0;0;0;0;20;207;24;24;24;24;24;951;356;950;3.2;30.2;-51.0;14.5;5.5;76.7;0.0000;-0.0209;-0.1250;101.7250;
163.79;0;0;0;0;20;207;24;23;24;23;24;956;356;950;3.2;30.0;-46.0;14.5;5.5;76.7;0.0000;-0.0175;-0.2250;102.0750;
164.04;0;0;0;0;20;207;24;23;24;24;24;950;356;950;3.2;29.8;-45.5;14.5;5.5;76.7;0.0000;-0.0172;-0.1250;0.0750;
164.29;0;0;0;0;20;207;23;24;23;23;23;941;356;950;3.2;29.8;-48.5;14.5;5.5;76.7;0.0000;-0.0145;-0.1750;102.1750;
164.54;0;0;0;0;20;207;23;23;23;23;23;937;356;950;3.2;29.7;-52.5;14.5;5.5;76.7;0.0000;-0.0095;-0.1000;102.0250;
164.79;0;0;0;0;20;207;23;23;23;23;23;931;356;950;3.2;29.7;-50.5;14.5;5.5;76.7;0.0000;-0.0036;-0.2000;0.2000;
165.04;0;0;0;0;20;207;23;23;23;23;23;933;356;950;3.2;29.9;-44.0;14.5;5.5;76.7;0.0000;0.0038;-0.1250;101.9750;
165.29;0;0;0;0;20;207;23;23;23;23;23;927;356;950;3.2;29.9;-46.5;14.5;5.5;76.7;0.0000;0.0057;-0.1000;0.1500;
165.54;0;0;0;0;21;207;23;23;23;23;23;919;358;950;3.2;30.1;-48.0;14.5;5.5;76.7;0.0000;0.0097;-0.1500;0.0500;
165.79;0;0;0;0;21;207;23;23;23;23;23;918;358;950;3.2;30.1;-39.0;14.5;5.5;76.7;0.0000;0.0184;-0.1250;0.0500;
166.05;0;0;0;0;21;207;23;23;22;23;23;914;358;950;3.2;30.0;-36.0;14.5;5.5;76.7;0.0549;0.0214;-0.1250;0.5750;
166.30;0;0;0;0;21;207;23;23;23;23;23;917;358;950;3.2;30.4;-10.5;14.5;5.5;76.7;0.1255;0.0229;-0.0500;0.2500;
166.55;0;0;0;0;21;207;23;23;23;23;23;919;358;950;3.2;30.4;0.5;14.5;5.5;76.7;0.0941;0.0246;0.0500;0.5750;
166.80;0;0;0;0;21;207;23;23;23;23;23;912;358;950;3.2;31.0;-29.5;14.5;5.5;76.7;0.0000;0.0257;0.0500;0.2250;
167.05;0;0;0;0;21;207;23;23;23;23;23;918;358;950;3.2;31.1;-35.5;14.5;5.5;76.7;0.0000;0.0268;-0.0250;0.2500;
167.30;0;0;0;0;21;207;23;23;23;23;23;915;358;950;3.2;31.1;-46.5;14.5;5.5;76.7;0.0000;0.0268;-0.0750;0.4250;
167.55;0;0;0;0;21;207;23;23;23;23;23;911;358;950;3.2;31.8;-48.5;14.5;5.5;76.7;0.0000;0.0265;-0.1000;0.2250;
167.80;0;0;0;0;21;207;22;23;22;23;23;905;358;950;3.2;31.8;-36.0;14.5;5.5;76.7;0.0000;0.0193;-0.1750;0.2500;
168.05;0;0;0;0;21;207;22;23;22;23;23;904;358;950;3.2;32.4;-34.5;14.5;5.5;76.7;0.0000;0.0159;-0.0750;0.3250;
168.30;0;0;0;0;21;207;22;23;22;22;22;900;358;950;3.2;32.3;-32.5;14.5;5.5;76.7;0.0000;0.0157;-0.0750;0.4500;
168.55;0;0;0;0;21;207;22;23;22;22;22;901;358;950;3.2;32.3;-33.0;14.5;5.5;76.7;0.0000;0.0151;-0.0500;0.3500;
168.80;0;0;0;0;21;207;22;22;22;22;22;897;358;950;3.2;32.7;-34.0;14.5;5.5;76.7;0.0000;0.0141;-0.0750;0.1250;
169.05;0;0;0;0;21;207;22;22;22;22;22;902;358;950;3.2;32.7;-33.0;14.5;5.5;76.7;0.0000;0.0109;-0.0500;0.2750;
169.30;0;0;0;0;21;207;22;22;22;22;22;896;358;950;3.2;32.9;-40.5;14.5;5.5;76.7;0.0000;0.0091;-0.0750;0.5250;
169.55;0;0;0;0;21;207;22;22;22;22;22;896;358;950;3.2;32.9;-32.0;14.5;5.5;76.7;0.0000;0.0047;-0.1000;0.1000;
169.80;0;0;0;0;21;207;22;22;22;22;22;895;358;950;3.2;32.7;-32.5;14.5;5.5;76.7;0.0000;-0.0028;0.0250;0.0000;
170.05;0;0;0;0;21;207;22;22;22;22;22;895;358;950;3.2;32.8;-37.0;14.5;5.5;76.7;0.0000;-0.0029;0.0000;0.2250;
170.30;0;0;0;0;21;207;22;22;22;22;22;890;358;950;3.2;32.8;-29.5;14.5;5.5;76.7;0.0000;-0.0022;-0.1500;0.8000;
170.55;0;0;0;0;21;207;22;22;22;22;22;889;358;950;3.2;32.9;-20.5;14.5;5.5;76.7;0.0000;-0.0031;-0.1250;0.3750;
170.80;0;0;0;0;21;207;22;22;22;22;22;894;358;950;3.2;32.9;-29.5;14.5;5.5;76.7;0.0000;-0.0031;0.1500;0.3250;
171.06;0;0;0;0;21;207;22;22;22;22;22;891;358;950;3.2;32.8;-40.0;14.5;5.5;76.7;0.0000;-0.0025;0.1000;0.1250;
171.31;0;0;0;0;21;207;22;22;22;22;22;882;358;950;3.2;32.9;-24.5;14.5;5.5;76.7;0.0000;-0.0008;-0.2750;0.9000;
171.56;0;0;0;0;21;207;22;23;22;22;22;895;358;950;3.2;32.9;-19.0;14.5;5.5;76.7;0.0000;0.0064;0.0500;102.1500;
171.81;0;0;0;0;21;207;22;22;22;22;22;882;358;950;3.2;32.8;-21.5;14.5;5.5;76.7;0.0000;0.0062;-0.1250;0.0250;
172.06;1;0;0;0;21;207;22;22;22;22;22;883;358;950;3.2;32.3;-13.5;14.5;5.5;76.7;0.0000;0.0133;-0.1250;0.5500;
172.31;1;0;0;0;21;207;22;22;22;22;22;854;358;950;3.2;32.3;13.5;14.5;5.5;76.7;0.0000;0.0118;0.1750;0.0000;
172.56;1;0;0;0;21;207;22;22;22;23;22;871;358;950;3.2;32.5;14.0;14.5;5.5;76.7;0.0000;0.0093;0.0500;0.7250;
172.81;1;0;0;0;21;207;22;22;22;22;22;882;358;950;3.2;32.5;8.5;14.5;5.5;76.7;0.0000;0.0110;0.0750;0.6750;
173.06;1;0;0;0;21;207;23;23;23;23;23;884;358;950;3.2;32.4;8.0;14.5;5.5;76.7;0.0000;0.0092;0.2250;0.7250;
173.31;1;0;0;0;21;207;23;23;22;23;23;919;358;950;3.2;32.4;-12.0;14.5;5.5;76.7;0.0000;0.0079;-0.0500;102.1500;
173.56;1;0;0;0;21;207;22;22;23;22;23;961;358;950;3.2;32.1;-38.5;14.5;5.5;76.7;0.0000;0.0066;-0.0500;0.4750;
173.81;1;0;0;0;21;207;22;22;22;22;22;951;358;950;3.2;32.1;-61.5;14.5;5.5;76.7;0.0000;0.0064;-0.5000;102.3000;
174.06;1;0;0;0;21;207;21;21;21;21;21;956;358;950;3.2;32.6;-63.0;14.5;5.5;76.7;0.0000;0.0061;-0.5750;0.0000;
174.31;1;0;0;0;21;207;21;21;21;21;21;994;358;950;3.2;33.1;-63.0;14.5;5.5;76.7;0.0000;0.0059;-0.6500;0.8000;
174.56;1;0;0;0;21;207;20;20;20;20;20;1078;358;950;3.2;33.1;-63.5;14.5;5.5;76.7;0.0000;0.0057;-0.6750;102.3250;
174.81;1;0;0;0;21;207;19;19;19;19;20;1232;358;950;3.2;33.3;-63.5;14.5;5.5;76.7;0.0000;0.0000;-0.7000;0.6500;
175.06;1;0;0;0;21;207;19;19;19;19;19;1200;358;950;3.2;34.0;-63.0;14.5;5.5;76.7;0.0000;0.0001;-0.8750;102.3250;
175.31;1;0;0;0;21;207;18;18;18;18;18;1156;358;950;3.2;34.0;-62.0;14.5;5.5;76.7;0.0000;0.0009;-0.7000;0.6000;
175.56;0;0;0;0;21;207;18;18;18;18;18;1162;358;950;3.2;33.9;-61.5;14.5;5.5;76.7;0.0000;-0.0067;-0.6750;101.7500;
175.81;0;0;0;0;21;207;17;17;17;17;17;1108;358;950;3.2;33.9;-61.0;14.5;5.5;76.7;0.0000;-0.0064;-0.5500;1.1250;
176.08;0;0;0;0;21;207;16;17;17;16;17;1077;358;950;3.2;34.2;-61.0;14.5;5.5;76.7;0.0000;-0.0066;-0.5500;102.0500;
176.33;0;0;0;0;21;207;16;16;16;16;16;1045;358;950;3.2;34.6;-49.0;14.5;5.5;76.7;0.1255;-0.0014;-0.5000;0.5250;
176.58;0;0;0;0;21;207;16;16;16;16;16;1036;358;950;3.2;34.6;-15.0;14.5;5.5;76.7;0.1961;-0.0021;-0.4000;101.9500;
176.83;0;0;0;0;21;207;16;16;16;16;16;1068;358;950;3.2;34.6;34.0;14.5;5.5;76.7;0.2627;0.0033;-0.0750;102.1500;
177.08;0;0;0;0;21;207;16;16;16;17;16;1064;358;950;3.2;34.3;65.0;14.5;5.5;76.7;0.2824;0.0079;0.3500;0.6750;
177.33;0;0;0;0;21;207;17;17;17;17;17;1116;358;950;3.2;34.3;84.0;14.5;5.5;76.7;0.2627;0.0184;0.5250;0.4250;
177.58;0;0;0;0;21;207;18;18;18;18;18;1154;358;950;3.2;34.3;83.0;14.5;5.5;76.7;0.2510;0.0288;0.6500;0.2750;
177.83;0;0;0;0;21;207;19;19;18;19;18;1208;358;950;3.2;34.0;68.5;14.5;5.5;76.7;0.2196;0.0288;0.7750;0.7250;
178.08;0;0;0;0;21;207;19;19;19;19;19;1235;358;950;3.2;33.3;45.5;14.5;5.5;76.7;0.1922;0.0295;0.6000;0.2000;
178.33;0;0;0;0;21;207;20;20;19;20;20;1274;358;950;3.2;33.3;42.0;14.5;5.5;76.7;0.1922;0.0298;0.6500;0.4500;
178.58;0;0;0;0;21;207;20;20;20;20;20;1260;358;950;3.2;32.5;1.5;14.5;5.5;76.7;0.0000;0.0301;0.3750;102.3750;
178.83;0;0;0;0;21;207;20;20;20;20;20;1264;358;950;3.2;32.5;-28.5;14.5;5.5;76.7;0.1216;0.0303;0.0000;0.7250;
179.08;0;0;0;0;21;207;19;20;19;20;19;1269;358;950;3.2;31.9;-7.0;14.5;5.5;76.7;0.1412;0.0338;-0.1750;0.4000;
179.33;0;0;0;0;21;207;19;20;19;19;19;1258;358;950;3.2;31.5;10.0;14.5;5.5;76.7;0.1725;0.0344;-0.1500;0.4750;
179.58;0;0;0;0;21;207;19;20;19;19;19;1279;358;950;3.2;31.5;21.0;14.5;5.5;76.7;0.1843;0.0349;0.0250;102.1250;
179.83;0;0;0;0;21;207;19;20;19;20;19;1261;358;950;3.2;31.1;33.5;14.5;5.5;76.7;0.1843;0.0346;-0.0500;102.2500;
180.08;0;0;0;0;21;207;20;20;20;20;20;1307;358;950;3.2;30.8;31.5;14.5;5.5;76.7;0.1843;0.0326;0.3500;0.2000;
180.33;0;0;0;0;21;207;20;21;20;20;20;1325;358;950;3.2;30.8;37.5;14.5;5.5;76.7;0.1882;0.0093;0.4250;0.1000;
180.58;0;0;0;0;21;207;21;20;21;21;21;1335;358;950;3.2;30.2;40.5;14.5;5.5;76.7;0.2314;-0.0016;0.3250;0.6750;
180.83;0;0;0;0;21;207;21;21;21;21;21;1382;358;950;3.2;30.2;56.5;14.5;5.5;76.7;0.2314;-0.0022;0.4500;0.4000;
181.09;0;0;0;0;21;207;22;22;22;22;22;1407;358;950;3.2;29.7;64.5;14.5;5.5;76.7;0.2510;-0.0018;0.5500;0.0500;
181.34;0;0;0;0;21;207;23;22;22;23;22;1464;358;950;3.2;29.9;71.0;14.5;5.5;76.7;0.2471;-0.0020;0.7000;0.5250;
181.59;0;0;0;0;21;207;23;23;23;23;23;1513;358;950;3.2;29.9;71.0;14.5;5.5;76.7;0.2510;-0.0016;0.7250;101.9000;
181.84;0;0;0;0;21;207;24;24;24;24;24;1539;358;950;3.2;29.7;74.0;14.5;5.5;76.7;0.2510;-0.0016;0.5500;0.8000;
182.09;0;0;0;0;21;207;25;25;25;25;25;1567;358;950;3.2;29.7;75.0;14.5;5.5;76.7;0.2549;-0.0014;0.7500;0.0250;
182.34;0;0;0;0;21;207;25;25;25;25;25;1647;358;950;3.2;29.6;79.5;14.5;5.5;76.7;0.2588;-0.0059;0.9250;102.0250;
182.59;0;0;0;0;21;207;26;26;26;27;26;1685;358;950;3.2;29.6;80.5;14.5;5.5;76.7;0.2588;-0.0146;0.9000;101.6000;
182.84;0;0;0;0;21;207;27;27;27;27;27;1743;358;950;3.2;29.3;79.5;14.5;5.5;76.7;0.2588;-0.0159;0.8250;102.0500;
183.09;0;0;0;0;21;207;28;28;28;28;28;1796;358;950;3.2;28.9;77.0;14.5;5.5;76.7;0.2549;-0.0175;0.9250;102.2000;
183.34;0;0;0;0;21;207;29;29;29;28;29;1786;358;950;3.2;28.9;9.0;14.5;5.5;76.7;0.0000;-0.0250;0.8250;101.5000;
183.59;1;0;0;0;21;207;29;29;28;29;29;1639;358;950;3.2;28.0;-50.0;14.5;5.5;76.7;0.0000;-0.0257;0.2000;101.6750;
183.84;1;0;0;0;21;207;29;29;29;29;29;1176;358;950;3.2;28.5;-52.5;14.5;5.5;76.7;0.0000;-0.0282;0.2250;101.8500;
184.09;1;0;0;0;21;207;29;28;29;29;29;916;358;950;3.2;28.5;-6.5;14.5;5.5;76.7;0.2118;-0.0362;-0.0750;101.2250;
184.34;1;0;0;0;21;207;29;28;29;29;29;1241;358;950;3.2;27.6;86.5;14.5;5.5;76.7;0.2941;-0.0369;0.0250;101.9750;
184.59;0;0;0;0;21;207;30;29;30;29;29;1179;358;950;3.2;27.6;110.0;14.5;5.5;76.7;0.2902;-0.0367;0.4250;102.1500;
184.84;0;0;0;0;21;207;30;30;30;30;30;1205;358;950;3.2;27.0;100.0;14.5;5.5;76.7;0.2784;-0.0357;0.4750;101.8500;
185.09;0;0;0;0;21;207;31;30;31;30;31;1227;358;950;3.2;27.0;97.0;14.5;5.5;76.7;0.2706;-0.0316;0.6500;102.0500;
185.34;0;0;0;0;21;207;31;31;31;31;31;1252;358;950;3.2;27.0;88.0;14.5;5.5;76.7;0.2549;-0.0265;0.5750;101.7250;
185.59;0;0;0;0;21;207;32;32;32;32;32;1266;358;950;3.2;26.3;74.5;14.5;5.5;76.7;0.2275;-0.0074;0.5500;0.0000;
185.84;0;0;0;0;21;207;32;32;32;32;32;1232;358;950;3.2;26.3;-6.0;14.5;5.5;76.7;0.0000;-0.0022;0.4000;101.8000;
186.10;0;0;0;0;21;207;32;32;32;32;32;1269;358;950;3.2;26.4;-31.5;14.5;5.5;76.7;0.1373;-0.0004;-0.0250;101.9750;
186.35;0;0;0;0;21;207;32;31;32;32;32;1274;358;950;3.2;26.4;-5.5;14.5;5.5;76.7;0.1804;0.0022;-0.0750;0.1000;
186.60;0;0;0;0;21;207;32;32;32;32;32;1277;358;950;3.2;27.0;21.5;14.5;5.5;76.7;0.1804;0.0100;-0.0750;0.0500;
186.85;0;0;0;0;21;207;32;32;32;32;32;1274;358;950;3.2;27.2;28.0;14.5;5.5;76.7;0.1804;0.0029;-0.0500;0.5500;
187.10;0;0;0;0;21;207;32;32;32;32;32;1237;358;950;3.2;27.2;-18.5;14.5;5.5;76.7;0.0000;0.0046;0.0750;0.7000;
187.35;0;0;0;0;21;207;32;32;32;32;32;1262;358;950;3.2;27.2;-37.0;14.5;5.5;76.7;0.0627;0.0007;0.0000;102.1500;
187.60;0;0;0;0;21;207;31;32;31;32;32;1262;358;950;3.2;27.2;-8.5;14.5;5.5;76.7;0.1373;0.0026;-0.2250;102.3500;
187.85;0;0;0;0;21;207;32;32;32;32;32;1267;358;950;3.2;28.5;3.5;14.5;5.5;76.7;0.1333;0.0057;-0.0500;0.0750;
188.10;0;0;0;0;21;207;32;32;31;32;32;1257;358;950;3.2;27.8;11.5;14.5;5.5;76.7;0.1373;0.0181;-0.1500;0.3250;
188.35;0;0;0;0;22;207;32;32;31;32;32;1262;358;950;3.2;27.8;11.0;14.5;5.5;76.7;0.1373;0.0175;-0.0750;1.0500;
188.60;0;0;0;0;22;207;32;32;31;31;32;1259;358;950;3.2;28.4;10.0;14.5;5.5;76.7;0.1255;0.0153;-0.1000;1.0250;
188.85;0;0;0;0;22;207;31;32;32;32;32;1250;358;950;3.2;29.6;8.5;14.5;5.5;76.7;0.1255;0.0136;-0.0500;0.0000;
189.10;0;0;0;0;22;207;32;32;32;32;32;1266;358;950;3.2;29.6;8.0;14.5;5.5;76.7;0.1255;0.0123;0.0000;0.4250;
189.35;0;0;0;0;22;207;32;32;31;32;32;1257;358;950;3.2;29.8;8.5;14.5;5.5;76.7;0.1255;0.0100;0.0250;102.0000;
189.60;0;0;0;0;22;207;31;32;31;31;32;1261;358;950;3.2;29.8;7.5;14.5;5.5;76.7;0.1176;0.0079;-0.0500;0.1500;
189.85;0;0;0;0;22;207;31;32;32;32;32;1267;358;950;3.2;30.2;6.5;14.5;5.5;76.7;0.1216;0.0043;0.0500;101.7250;
190.10;0;0;0;0;22;207;31;31;32;31;32;1250;358;950;3.2;30.2;8.0;14.5;5.5;76.7;0.1294;-0.0013;-0.2000;102.0000;
190.35;0;0;0;0;22;207;31;31;32;31;32;1261;358;950;3.2;30.6;7.5;14.5;5.5;76.7;0.1333;0.0004;-0.0500;0.0500;
190.60;0;0;0;0;22;207;32;32;32;32;32;1274;358;950;3.2;30.6;12.5;14.5;5.5;76.7;0.1412;0.0011;0.0250;101.6250;
190.85;0;0;0;0;22;207;31;31;31;31;31;1246;358;950;3.2;30.1;16.5;14.5;5.5;76.7;0.1529;-0.0033;-0.1750;0.1000;
191.12;0;0;0;0;22;207;32;32;31;31;32;1257;358;950;3.2;30.4;19.5;14.5;5.5;76.7;0.1529;0.0020;0.0500;0.0500;
191.37;0;0;0;0;22;207;32;31;31;31;32;1260;358;950;3.2;30.4;20.5;14.5;5.5;76.7;0.1608;0.0014;0.0250;0.0250;
191.62;0;0;0;0;22;207;32;32;32;32;32;1261;358;950;3.2;31.0;25.5;14.5;5.5;76.7;0.1882;0.0022;0.0500;0.0000;
191.87;0;0;0;0;22;207;32;32;32;32;32;1270;358;950;3.2;30.1;35.0;14.5;5.5;76.7;0.2118;0.0031;0.0750;0.3250;
192.12;0;0;0;0;22;207;32;32;32;32;32;1277;358;950;3.2;30.1;50.0;14.5;5.5;76.7;0.2196;0.0049;0.1500;102.3500;
192.37;0;0;0;0;22;207;32;32;32;32;32;1290;358;950;3.2;30.2;51.5;14.5;5.5;76.7;0.2157;0.0118;0.2000;0.9250;
192.62;0;0;0;0;22;207;32;33;32;33;32;1300;358;950;3.2;30.2;54.5;14.5;5.5;76.7;0.2235;0.0145;0.2250;0.7250;
192.87;0;0;0;0;22;207;33;33;33;33;33;1308;358;950;3.2;30.4;56.0;14.5;5.5;76.7;0.2157;0.0136;0.3250;0.4000;
193.12;0;0;0;0;22;207;33;33;33;33;33;1323;358;950;3.2;29.6;54.0;14.5;5.5;76.7;0.2118;0.0168;0.3250;0.6000;
193.37;0;0;0;0;22;207;33;33;33;33;33;1331;358;950;3.2;29.6;48.5;14.5;5.5;76.7;0.1882;0.0180;0.2750;0.5000;
193.62;0;0;0;0;22;207;33;33;33;33;33;1310;358;950;3.2;29.8;-31.5;14.5;5.5;76.7;0.0000;0.0183;0.0000;0.1500;
193.87;0;0;0;0;22;207;33;33;33;33;33;1297;358;950;3.2;30.6;-50.0;14.5;5.5;76.7;0.0549;0.0189;-0.2750;0.4500;
194.12;0;0;0;0;22;207;32;33;32;32;33;1302;358;950;3.2;30.6;1.0;14.5;5.5;76.7;0.1882;0.0222;-0.2750;0.2000;
194.37;0;0;0;0;22;207;32;33;32;32;32;1317;358;950;3.2;30.6;20.5;14.5;5.5;76.7;0.1922;0.0307;-0.3250;1.0250;
194.62;0;0;0;0;22;207;32;32;32;32;32;1292;358;950;3.2;30.6;35.0;14.5;5.5;76.7;0.1922;0.0321;-0.1000;0.7500;
194.87;0;0;0;0;22;207;32;33;32;33;32;1297;358;950;3.2;30.7;37.5;14.5;5.5;76.7;0.1882;0.0321;-0.0250;0.7000;
195.12;0;0;0;0;22;207;32;32;32;32;32;1260;358;950;3.2;30.7;-18.5;14.5;5.5;76.7;0.0000;0.0321;-0.0500;0.3750;
195.37;0;0;0;0;22;207;32;32;32;32;32;1269;358;950;3.2;31.4;-40.0;14.5;5.5;76.7;0.0000;0.0183;-0.2250;0.4000;
195.62;0;0;0;0;22;207;31;31;31;31;32;1250;358;950;3.2;31.4;-56.5;14.5;5.5;76.7;0.0000;0.0157;-0.4500;0.2250;
195.87;0;0;0;0;22;207;31;31;31;31;31;1235;358;950;3.2;31.4;-56.5;14.5;5.5;76.7;0.0000;0.0143;-0.5250;0.4000;
196.13;0;0;0;0;22;207;30;30;30;30;30;1210;358;950;3.2;31.8;-57.0;14.5;5.5;76.7;0.0000;0.0125;-0.5750;0.0250;
196.38;0;0;0;0;23;207;30;30;30;30;30;1199;358;950;3.2;31.8;-57.0;14.5;5.5;76.7;0.0000;0.0039;-0.5500;0.6000;
196.63;0;0;0;0;23;207;29;29;29;29;29;1161;358;950;3.2;32.6;-45.0;14.5;5.5;76.7;0.1059;0.0070;-0.5250;0.4750;
196.88;0;0;0;0;23;207;29;29;29;29;29;1166;358;950;3.2;32.5;-21.0;14.5;5.5;76.7;0.0000;0.0054;-0.4000;0.6750;
197.13;0;0;0;0;23;207;28;29;28;28;29;1138;358;950;3.2;32.5;-32.0;14.5;5.5;76.7;0.0000;0.0172;-0.4250;0.5000;
197.38;0;0;0;0;23;207;28;28;28;28;28;1131;358;950;3.2;32.7;-55.5;14.5;5.5;76.7;0.0000;0.0216;-0.4000;0.7750;
197.63;0;0;0;0;23;207;27;27;28;28;28;1094;358;950;3.2;33.1;-56.0;14.5;5.5;76.7;0.0000;0.0207;-0.5500;0.0500;
197.88;0;0;0;0;23;207;27;27;27;27;27;1085;358;950;3.2;33.1;-57.5;14.5;5.5;76.7;0.0000;0.0207;-0.5000;102.1250;
198.13;0;0;0;0;23;207;27;27;26;27;27;1062;358;950;3.2;32.8;-57.5;14.5;5.5;76.7;0.0000;0.0211;-0.4250;0.7000;
198.38;0;0;0;0;23;207;26;26;26;26;26;1050;358;950;3.2;32.8;-57.5;14.5;5.5;76.7;0.0000;0.0184;-0.5500;0.3250;
198.63;0;0;0;0;23;207;26;26;25;26;26;1032;358;950;3.2;32.6;-58.0;14.5;5.5;76.7;0.0000;0.0118;-0.5000;102.3500;
198.88;0;0;0;0;23;207;25;25;25;25;25;1015;358;950;3.2;32.6;-58.0;14.5;5.5;76.7;0.0000;0.0025;-0.5500;0.1000;
199.13;0;0;0;0;23;207;24;25;25;25;25;995;358;950;3.2;33.0;-52.0;14.5;5.5;76.7;0.0000;-0.0041;-0.4750;101.6000;
199.38;0;0;0;0;23;207;24;24;24;24;24;981;358;950;3.2;33.0;-45.5;14.5;5.5;76.7;0.0000;-0.0029;-0.4750;101.5250;
199.63;0;0;0;0;23;207;24;24;24;24;24;971;360;950;3.2;32.2;-23.0;14.5;5.5;76.7;0.0000;-0.0041;-0.4250;0.1250;
199.88;0;0;0;0;23;207;24;24;24;24;24;962;360;950;3.2;31.8;-12.0;14.5;5.5;76.7;0.0000;-0.0022;-0.2250;102.3250;
200.13;0;0;0;0;23;207;23;23;24;24;24;949;360;950;3.2;31.8;-4.5;14.5;5.5;76.7;0.0000;-0.0041;-0.2750;102.1750;
200.38;0;0;0;0;23;207;23;23;23;23;23;945;360;950;3.2;31.6;-3.0;14.5;5.5;76.7;0.0000;-0.0049;-0.2000;101.8500;
200.63;0;0;0;0;23;207;23;23;23;23;23;935;360;950;3.2;30.7;8.5;14.5;5.5;76.7;0.0706;-0.0061;-0.4250;100.8750;
200.88;0;0;0;0;23;207;23;23;23;23;23;941;360;950;3.2;30.7;20.5;14.5;5.5;76.7;0.0000;-0.0066;-0.1500;102.1250;
201.14;0;0;0;0;23;207;23;23;23;23;23;933;360;950;3.2;30.2;14.5;14.5;5.5;76.7;0.0314;-0.0095;-0.1250;102.2500;
201.39;0;0;0;0;23;207;23;23;23;23;23;921;360;950;3.2;30.2;13.5;14.5;5.5;76.7;0.1608;-0.0132;-0.1000;102.3000;
201.64;0;0;0;0;23;207;23;23;23;23;23;928;360;950;3.2;30.1;39.5;14.5;5.5;76.7;0.2235;-0.0157;-0.1000;101.7250;
201.89;0;0;0;0;23;207;23;23;23;23;23;941;360;950;3.2;29.5;68.0;14.5;5.5;76.7;0.2235;-0.0199;0.0500;101.8750;
202.14;0;0;0;0;23;207;23;23;23;23;23;936;360;950;3.2;29.5;40.0;14.5;5.5;76.7;0.0000;-0.0214;0.1750;101.8250;
202.39;0;0;0;0;23;207;24;23;24;23;23;934;360;950;3.2;28.4;16.5;14.5;5.5;76.7;0.0000;-0.0282;0.1000;101.6500;
202.64;0;0;0;0;23;207;23;23;24;23;23;936;360;950;3.2;28.4;0.0;14.5;5.5;76.7;0.0000;-0.0407;-0.0750;101.9250;
202.89;0;0;0;0;23;207;23;23;23;23;23;929;360;950;3.2;28.4;3.5;14.5;5.5;76.7;0.0000;-0.0478;-0.1750;101.5500;
203.14;1;0;0;0;23;207;23;23;23;23;23;923;360;950;3.2;28.4;0.0;14.5;5.5;76.7;0.0000;-0.0522;-0.1250;101.6000;
203.39;1;0;0;0;23;207;23;23;23;23;23;877;360;950;3.2;27.7;7.5;14.5;5.5;76.7;0.0000;-0.0522;-0.1500;101.6000;
203.64;1;0;0;0;23;207;23;23;23;22;23;873;360;950;3.2;27.4;11.0;14.5;5.5;76.7;0.0000;-0.0521;-0.2250;101.5250;
203.89;1;0;0;0;23;207;22;22;23;22;22;882;360;950;3.2;27.4;9.0;14.5;5.5;76.7;0.0000;-0.0521;-0.2500;101.3000;
204.14;1;0;0;0;23;207;22;22;23;22;22;891;360;950;3.2;27.6;7.5;14.5;5.5;76.7;0.0000;-0.0519;-0.2250;101.7250;
204.39;1;0;0;0;23;207;21;21;22;21;22;951;360;950;3.2;27.6;-20.5;14.5;5.5;76.7;0.0000;-0.0514;-0.4750;101.5750;
204.64;1;0;0;0;23;207;21;20;21;21;21;988;360;950;3.2;27.1;-60.0;14.5;5.5;76.7;0.0000;-0.0514;-0.7000;101.3250;
204.89;1;0;0;0;23;207;20;19;20;20;20;998;360;950;3.2;27.3;-60.5;14.5;5.5;76.7;0.0000;-0.0529;-1.1500;102.1500;
205.14;1;0;0;0;23;207;19;18;19;18;19;1119;360;950;3.2;27.3;-23.5;14.5;5.5;76.7;0.0745;-0.0564;-1.2500;101.6750;
205.39;1;0;0;0;23;207;18;18;18;18;18;1207;360;950;3.2;27.9;3.0;14.5;5.5;76.7;0.1020;-0.0562;-0.9000;102.0750;
205.64;1;0;0;0;23;207;18;17;18;17;18;1127;360;950;3.2;27.8;7.5;14.5;5.5;76.7;0.1255;-0.0560;-0.6000;101.6500;
205.89;0;0;0;0;23;207;17;17;17;17;17;1115;360;950;3.2;27.8;8.5;14.5;5.5;76.7;0.1333;-0.0559;-0.5000;101.7000;
206.15;0;0;0;0;23;207;17;17;17;17;17;1104;360;950;3.2;27.7;12.0;14.5;5.5;76.7;0.1451;-0.0512;-0.2750;101.3500;
206.40;0;0;0;0;23;207;17;16;17;17;17;1075;360;950;3.2;27.7;24.0;14.5;5.5;76.7;0.1765;-0.0471;-0.4000;102.0750;
206.65;0;0;0;0;23;207;16;16;16;16;16;1066;360;950;3.2;28.3;27.5;14.5;5.5;76.7;0.1804;-0.0272;-0.4250;0.5500;
206.90;0;0;0;0;23;207;16;16;16;16;16;1030;360;950;3.2;28.3;33.5;14.5;5.5;76.7;0.1804;-0.0250;-0.4250;102.1500;
207.15;0;0;0;0;23;207;16;15;16;16;16;1048;360;950;3.2;27.8;34.5;14.5;5.5;76.7;0.1882;-0.0247;-0.1750;102.2000;
207.40;0;0;0;0;23;207;17;16;16;16;16;1065;360;950;3.2;27.8;43.5;14.5;5.5;76.7;0.2353;-0.0330;0.1750;101.3250;
207.65;0;0;0;0;23;207;16;16;17;17;17;1087;360;950;3.2;28.0;58.0;14.5;5.5;76.7;0.2863;-0.0369;0.2250;0.0000;
207.90;0;0;0;0;23;207;17;17;17;17;17;1123;360;950;3.2;28.0;93.0;14.5;5.5;76.7;0.3020;-0.0397;0.4250;101.5250;
208.15;0;0;0;0;23;207;18;17;17;18;18;1155;360;950;3.2;28.0;101.5;14.5;5.5;76.7;0.2902;-0.0410;0.4750;102.0750;
208.40;0;0;0;0;23;207;18;18;18;18;18;1198;360;950;3.2;27.3;104.0;14.5;5.5;76.7;0.2941;-0.0473;0.4750;101.4250;
208.65;0;0;0;0;23;207;19;19;19;19;19;1232;360;950;3.2;27.0;107.0;14.5;5.5;76.7;0.2902;-0.0519;0.6500;100.8500;
208.90;0;0;0;0;23;207;20;20;20;20;20;1282;360;950;3.2;27.0;105.5;14.5;5.5;76.7;0.2902;-0.0509;0.7000;101.5000;
209.15;0;0;0;0;23;207;20;20;20;20;20;1315;360;950;3.2;26.5;106.0;14.5;5.5;76.7;0.2863;-0.0501;0.7500;101.4750;
209.40;0;0;0;0;23;207;21;21;21;21;21;1360;360;950;3.2;26.5;103.5;14.5;5.5;76.7;0.2863;-0.0468;0.6750;101.9750;
209.65;0;0;0;0;23;207;22;21;22;21;21;1398;360;950;3.2;25.6;102.0;14.5;5.5;76.7;0.2863;-0.0307;0.6500;102.2250;
209.90;0;0;0;0;23;207;22;21;22;22;22;1353;360;950;3.2;25.3;-8.0;14.5;5.5;76.7;0.0000;-0.0295;0.4500;101.6500;
210.15;0;0;0;0;23;207;21;21;21;21;21;1382;360;950;3.2;25.3;-12.0;14.5;5.5;76.7;0.1686;-0.0168;-0.2250;102.1500;
210.40;0;0;0;0;23;207;21;21;21;21;21;1384;360;950;3.2;25.5;20.5;14.5;5.5;76.7;0.1961;-0.0132;-0.3500;102.1250;
210.65;0;0;0;0;24;207;21;21;21;21;21;1353;360;950;3.2;25.4;34.0;14.5;5.5;76.7;0.1961;-0.0049;-0.2500;102.0250;
210.90;0;0;0;0;24;207;21;21;21;21;21;1356;360;950;3.2;25.4;36.5;14.5;5.5;76.7;0.1882;-0.0041;-0.0500;102.3500;
211.17;0;0;0;0;24;207;21;21;21;21;21;1362;360;950;3.2;25.4;38.5;14.5;5.5;76.7;0.1882;0.0118;0.0250;0.2250;
211.42;0;0;0;0;24;207;21;21;21;21;21;1370;360;950;3.2;25.5;38.0;14.5;5.5;76.7;0.1922;0.0138;0.0500;102.2500;
211.67;0;0;0;0;24;207;21;21;21;21;21;1369;360;950;3.2;25.6;37.5;14.5;5.5;76.7;0.1882;0.0268;0.0250;0.2250;
211.92;0;0;0;0;24;207;21;21;21;22;21;1378;360;950;3.2;25.6;39.0;14.5;5.5;76.7;0.1961;0.0296;0.0500;102.0250;
212.17;0;0;0;0;24;207;21;22;21;21;21;1388;360;950;3.2;25.3;41.5;14.5;5.5;76.7;0.2039;0.0446;0.1000;102.3500;
212.42;0;0;0;0;24;207;21;22;21;22;22;1396;360;950;3.2;25.3;53.0;14.5;5.5;76.7;0.2314;0.0440;0.1000;101.6500;
212.67;0;0;0;0;24;207;22;22;22;22;22;1406;360;950;3.2;26.1;61.0;14.5;5.5;76.7;0.2353;0.0425;0.2000;0.4500;
212.92;0;0;0;0;24;207;22;22;22;22;22;1425;360;950;3.2;26.6;66.5;14.5;5.5;76.7;0.2431;0.0361;0.2250;102.2500;
213.17;0;0;0;0;24;207;22;22;22;22;22;1449;360;950;3.2;26.6;69.5;14.5;5.5;76.7;0.2431;0.0046;0.3250;102.3000;
213.42;0;0;0;0;24;207;23;23;23;23;23;1462;360;950;3.2;26.8;76.0;14.5;5.5;76.7;0.2667;-0.0034;0.2250;101.7250;
213.67;0;0;0;0;24;207;23;23;23;23;23;1493;360;950;3.2;26.9;86.0;14.5;5.5;76.7;0.2902;-0.0084;0.3500;102.1250;
213.92;0;0;0;0;24;207;23;24;23;24;23;1515;360;950;3.2;26.9;104.0;14.5;5.5;76.7;0.3137;-0.0084;0.3500;102.1250;
214.17;0;0;0;0;24;207;24;24;24;24;24;1553;360;950;3.2;26.9;112.0;14.5;5.5;76.7;0.3176;-0.0064;0.4500;102.3750;
214.42;0;0;0;0;24;207;24;25;25;25;25;1582;360;950;3.2;26.9;119.0;14.5;5.5;76.7;0.3176;-0.0041;0.5500;101.4000;
214.67;0;0;0;0;24;207;25;26;25;26;25;1639;360;950;3.2;26.6;116.0;14.5;5.5;76.7;0.3137;-0.0014;0.6750;0.1250;
214.92;0;0;0;0;24;207;26;26;26;26;26;1688;360;950;3.2;26.4;115.5;14.5;5.5;76.7;0.3137;-0.0001;0.7500;102.3000;
215.17;0;0;0;0;24;207;27;27;27;27;27;1715;360;950;3.2;26.4;114.0;14.5;5.5;76.7;0.3059;0.0020;0.7500;102.3000;
215.42;0;0;0;0;24;207;27;28;27;27;27;1772;360;950;3.2;26.4;105.5;14.5;5.5;76.7;0.2941;0.0025;0.7500;0.0000;
215.67;0;0;0;0;24;207;28;28;28;28;28;1802;360;950;3.2;26.4;90.0;14.5;5.5;76.7;0.1647;0.0025;0.7500;102.1500;
215.92;1;0;0;0;24;207;28;28;28;28;28;1590;360;950;3.2;26.0;-47.0;14.5;5.5;76.7;0.0000;0.0025;0.1250;0.0250;
216.18;1;0;0;0;24;207;27;27;27;28;27;1297;360;950;3.2;26.0;-49.5;14.5;5.5;76.7;0.0000;0.0029;-0.1750;0.2250;
216.43;1;0;0;0;24;207;27;27;27;27;27;906;360;950;3.2;26.8;-4.0;14.5;5.5;76.7;0.1647;0.0057;-0.2250;0.3750;
216.68;1;0;0;0;24;207;27;27;27;27;27;1147;360;950;3.2;26.6;39.0;14.5;5.5;76.7;0.2392;0.0057;-0.4000;0.3750;
216.93;0;0;0;0;24;207;27;27;27;27;27;1070;360;950;3.2;26.6;75.5;14.5;5.5;76.7;0.1922;0.0075;-0.0500;102.2250;
217.18;0;0;0;0;24;207;27;27;27;27;27;1043;360;950;3.2;26.9;-17.0;14.5;5.5;76.7;0.0000;0.0140;-0.2000;102.0000;
217.43;0;0;0;0;24;207;26;26;26;27;27;1044;360;950;3.2;27.1;-49.5;14.5;5.5;76.7;0.0000;0.0193;-0.3750;0.3750;
217.68;0;0;0;0;24;207;26;26;26;26;26;1038;360;950;3.2;27.1;-54.5;14.5;5.5;76.7;0.0000;0.0193;-0.5750;0.4500;
217.93;0;0;0;0;24;207;25;25;25;25;25;1017;360;950;3.2;28.0;-44.5;14.5;5.5;76.7;0.0000;0.0181;-0.5250;102.3250;
218.18;0;0;0;0;24;207;24;25;25;25;25;1000;360;950;3.2;28.0;-34.5;14.5;5.5;76.7;0.0000;0.0146;-0.5250;0.1250;
218.43;0;0;0;0;24;207;24;25;25;25;25;990;360;950;3.2;28.8;-19.0;14.5;5.5;76.7;0.0000;0.0110;-0.4500;102.3000;
218.68;0;0;0;0;24;207;24;24;24;24;24;979;360;950;3.2;29.0;-12.5;14.5;5.5;76.7;0.0000;0.0003;-0.3750;101.8000;
218.93;0;0;0;0;24;207;24;24;24;24;24;970;360;950;3.2;29.0;-12.5;14.5;5.5;76.7;0.0000;-0.0014;-0.2750;101.9250;
219.18;0;0;0;0;24;207;24;24;24;24;24;963;360;950;3.2;29.5;-9.0;14.5;5.5;76.7;0.0000;-0.0033;-0.2500;0.1000;
219.43;0;0;0;0;24;207;24;24;23;24;24;952;360;950;3.2;29.5;-5.0;14.5;5.5;76.7;0.0000;-0.0059;-0.2500;101.6750;
219.68;0;0;0;0;24;207;23;24;23;24;24;951;360;950;3.2;30.0;-4.5;14.5;5.5;76.7;0.0000;-0.0041;-0.1750;102.0750;
219.93;1;0;0;0;24;207;23;24;23;23;23;892;360;950;3.2;30.0;1.0;14.5;5.5;76.7;0.0000;-0.0064;-0.2000;102.2750;
220.18;1;0;0;0;24;207;23;23;23;23;23;860;360;950;3.2;30.3;11.5;14.5;5.5;76.7;0.0000;-0.0202;-0.2000;101.7500;
220.43;1;0;0;0;24;207;23;23;23;23;23;873;360;950;3.2;29.9;12.5;14.5;5.5;76.7;0.0000;-0.0304;-0.1750;102.1250;
220.68;1;0;0;0;24;207;23;23;23;23;23;939;360;950;3.2;29.9;-11.0;14.5;5.5;76.7;0.0000;-0.0316;-0.2500;102.1500;
220.93;1;0;0;0;24;207;22;22;22;22;22;1014;360;950;3.2;30.0;-59.5;14.5;5.5;76.7;0.0000;-0.0372;-0.5750;101.3750;
221.19;1;0;0;0;24;207;21;21;21;21;21;1066;360;950;3.2;30.0;-59.5;14.5;5.5;76.7;0.0000;-0.0433;-0.9250;101.8000;
221.44;1;0;0;0;25;207;20;20;20;20;20;1171;360;950;3.2;30.2;-60.0;14.5;5.5;76.7;0.0000;-0.0437;-1.0000;101.8500;
221.69;1;0;0;0;25;207;19;20;20;19;20;1254;360;950;3.2;30.7;-60.0;14.5;5.5;76.7;0.0000;-0.0391;-0.9250;0.5250;
221.94;1;0;0;0;25;207;19;19;19;19;19;1218;360;950;3.2;30.7;-59.0;14.5;5.5;76.7;0.0000;-0.0369;-0.6500;101.9500;
222.19;1;0;0;0;25;207;18;18;19;18;18;1185;360;950;3.2;30.5;-5.0;14.5;5.5;76.7;0.0784;0.0334;-0.7500;0.6750;
222.44;0;0;0;0;25;207;18;18;18;18;18;1190;360;950;3.2;30.1;15.0;14.5;5.5;76.7;0.1412;0.0382;-0.4250;101.4750;
222.69;0;0;0;0;25;207;18;18;17;18;18;1152;360;950;3.2;30.1;16.5;14.5;5.5;76.7;0.1451;0.0816;-0.3500;0.2750;
222.94;0;0;0;0;25;207;17;18;17;18;18;1130;360;950;3.2;30.3;17.5;14.5;5.5;76.7;0.1608;0.1474;-0.4000;1.8000;
223.19;0;0;0;0;25;207;17;18;17;18;18;1149;360;950;3.2;30.3;24.0;14.5;5.5;76.7;0.1725;0.2270;-0.2000;1.1750;
223.44;0;0;0;0;25;207;17;18;17;18;18;1144;360;950;3.2;31.4;31.0;14.5;5.5;76.7;0.1961;0.2436;-0.1000;2.1250;
223.69;0;0;0;0;25;207;17;18;17;18;18;1147;360;950;3.2;31.4;50.5;14.5;5.5;76.7;0.2431;0.2574;0.0500;2.0750;
223.94;0;0;0;0;25;207;17;19;17;18;18;1154;360;950;3.2;31.9;61.0;14.5;5.5;76.7;0.2314;0.2592;0.0750;1.1250;
224.19;0;0;0;0;25;207;17;19;17;19;18;1161;360;950;3.2;31.9;65.0;14.5;5.5;76.7;0.2314;0.2577;0.1000;1.4750;
224.44;0;0;0;0;25;207;17;19;17;19;18;1182;360;950;3.2;32.4;68.0;14.5;5.5;76.7;0.2431;0.2552;0.1750;1.0000;
224.69;0;0;0;0;25;207;18;20;18;19;19;1205;360;950;3.2;33.1;72.0;14.5;5.5;76.7;0.2471;0.2526;0.3250;1.4250;
224.94;0;0;0;0;25;207;19;20;18;19;19;1228;360;950;3.2;33.1;74.0;14.5;5.5;76.7;0.2431;0.2491;0.3500;1.6500;
225.19;0;0;0;0;25;207;19;19;18;20;19;1251;360;950;3.2;33.8;73.0;14.5;5.5;76.7;0.2431;0.2428;0.3250;1.4500;
225.44;0;0;0;0;25;207;19;20;19;21;20;1274;360;950;3.2;34.3;70.5;14.5;5.5;76.7;0.2314;0.2234;0.3500;1.2250;
225.69;0;0;0;0;25;207;20;20;19;20;20;1284;360;950;3.2;34.3;64.0;14.5;5.5;76.7;0.2275;0.1840;0.3250;1.2500;
225.94;0;0;0;0;25;207;20;21;20;21;20;1315;360;950;3.2;34.3;62.0;14.5;5.5;76.7;0.2235;0.1459;0.3750;1.5250;
226.21;0;0;0;0;25;207;21;21;20;21;21;1334;360;950;3.2;34.3;44.5;14.5;5.5;76.7;0.1922;0.0833;0.3500;0.9750;
226.46;0;0;0;0;25;207;21;21;21;21;21;1339;360;950;3.2;34.1;41.5;14.5;5.5;76.7;0.1961;0.0560;0.2500;0.2750;
226.71;0;0;0;0;25;207;21;21;21;21;21;1352;360;950;3.2;34.4;41.5;14.5;5.5;76.7;0.2039;0.0189;0.1250;0.2500;
226.96;0;0;0;0;25;207;21;21;21;21;21;1335;360;950;3.2;34.4;48.0;14.5;5.5;76.7;0.2157;-0.0255;-0.0500;0.2750;
227.21;0;0;0;0;25;207;21;21;21;21;21;1353;360;950;3.2;34.3;60.5;14.5;5.5;76.7;0.2314;-0.0298;0.0500;0.6500;
227.46;0;0;0;0;25;207;21;21;21;21;21;1361;360;950;3.2;33.0;63.0;14.5;5.5;76.7;0.2314;-0.0351;0.0000;0.8000;
227.71;0;0;0;0;25;207;21;21;21;21;21;1376;360;950;3.2;33.0;63.5;14.5;5.5;76.7;0.2314;-0.0480;0.0750;101.6000;
227.96;0;0;0;0;25;207;22;21;21;21;21;1381;360;950;3.2;33.0;63.5;14.5;5.5;76.7;0.2314;-0.0551;0.1750;102.0500;
228.21;0;0;0;0;25;207;22;21;21;21;22;1392;360;950;3.2;32.1;59.5;14.5;5.5;76.7;0.2196;-0.0617;0.1750;0.2750;
228.46;0;0;0;0;25;207;22;21;22;21;22;1392;360;950;3.2;31.5;59.0;14.5;5.5;76.7;0.2157;-0.0636;0.1000;102.0000;
228.71;0;0;0;0;25;207;22;22;22;21;22;1400;360;950;3.2;31.5;57.0;14.5;5.5;76.7;0.2196;-0.0705;0.0500;102.2250;
228.96;0;0;0;0;25;207;22;22;22;22;22;1432;360;950;3.2;30.7;54.0;14.5;5.5;76.7;0.2157;-0.0798;0.2500;101.3000;
229.21;0;0;0;0;25;207;22;22;22;22;22;1432;360;950;3.2;30.7;49.0;14.5;5.5;76.7;0.2078;-0.0808;0.1250;0.4750;
229.46;0;0;0;0;26;207;22;22;22;22;22;1438;360;950;3.2;29.7;48.0;14.5;5.5;76.7;0.2000;-0.0750;0.1250;102.1250;
229.71;0;0;0;0;26;207;22;22;22;22;22;1421;360;950;3.2;28.8;47.5;14.5;5.5;76.7;0.2039;-0.0646;-0.0250;0.0000;
229.96;0;0;0;0;26;207;23;22;23;22;22;1463;360;950;3.2;28.8;45.0;14.5;5.5;76.7;0.2196;-0.0498;0.0750;101.7000;
230.21;0;0;0;0;26;207;23;23;23;23;23;1472;360;950;3.2;28.1;49.5;14.5;5.5;76.7;0.2118;-0.0503;0.2000;101.5000;
230.46;0;0;0;0;26;207;23;22;23;23;23;1458;360;950;3.2;27.9;50.0;14.5;5.5;76.7;0.2078;-0.0339;0.0250;0.2000;
230.71;0;0;0;0;26;207;23;23;23;23;23;1493;360;950;3.2;27.9;46.0;14.5;5.5;76.7;0.2000;-0.0382;0.2750;0.0750;
230.96;0;0;0;0;26;207;24;23;23;23;23;1488;360;950;3.2;27.3;46.5;14.5;5.5;76.7;0.2039;-0.0275;0.1500;0.7250;
231.22;0;0;0;0;26;207;23;23;24;23;23;1507;360;950;3.2;27.3;46.0;14.5;5.5;76.7;0.2000;-0.0224;0.1250;102.3000;
231.47;0;0;0;0;26;207;23;23;24;23;23;1506;360;950;3.2;27.2;45.5;14.5;5.5;76.7;0.1961;-0.0196;0.1000;102.3750;
231.72;0;0;0;0;26;207;24;24;24;24;24;1523;360;950;3.2;27.2;42.5;14.5;5.5;76.7;0.1961;-0.0148;0.1500;0.2250;
231.97;0;0;0;0;26;207;24;24;24;24;24;1532;360;950;3.2;27.2;39.5;14.5;5.5;76.7;0.1922;-0.0092;0.1000;0.3250;
232.22;0;0;0;0;26;207;24;24;24;24;24;1533;360;950;3.2;27.2;35.5;14.5;5.5;76.7;0.1569;-0.0080;0.0750;0.2000;
232.47;0;0;0;0;26;207;24;23;24;24;24;1479;360;950;3.2;27.3;-11.5;14.5;5.5;76.7;0.0000;-0.0021;-0.1750;102.3250;
232.72;0;0;0;0;26;207;23;23;23;23;23;1480;360;950;3.2;27.6;4.0;14.5;5.5;76.7;0.1922;-0.0029;-0.4500;0.1250;
232.97;0;0;0;0;26;207;23;23;23;23;23;1500;360;950;3.2;27.6;20.5;14.5;5.5;76.7;0.1922;-0.0009;-0.5250;101.8500;
233.22;0;0;0;0;26;207;23;23;23;23;23;1465;360;950;3.2;28.2;34.0;14.5;5.5;76.7;0.1882;-0.0014;-0.2500;0.2250;
233.47;0;0;0;0;26;207;22;23;23;22;23;1464;360;950;3.2;28.3;34.0;14.5;5.5;76.7;0.1765;-0.0039;-0.1500;0.1000;
233.72;0;0;0;0;26;207;23;23;23;23;23;1471;360;950;3.2;28.3;27.5;14.5;5.5;76.7;0.1804;-0.0031;0.0250;0.0000;
233.97;0;0;0;0;26;207;23;23;23;23;23;1492;360;950;3.2;28.6;29.0;14.5;5.5;76.7;0.1725;0.0110;0.1250;0.8500;
234.22;0;0;0;0;26;207;23;23;23;23;23;1468;360;950;3.2;28.6;29.5;14.5;5.5;76.7;0.1765;0.0057;-0.0750;0.3750;
234.47;0;0;0;0;26;207;23;23;23;23;23;1485;360;950;3.2;28.8;27.0;14.5;5.5;76.7;0.1804;0.0110;0.0250;0.6500;
234.72;0;0;0;0;26;207;23;23;23;23;23;1482;360;950;3.2;29.0;27.5;14.5;5.5;76.7;0.1647;0.0062;0.0500;0.5000;
234.97;0;0;0;0;26;207;23;23;23;23;23;1457;360;950;3.2;29.0;-3.0;14.5;5.5;76.7;0.0000;0.0265;0.0000;0.2500;
235.22;0;0;0;0;26;207;22;23;23;23;23;1452;360;950;3.2;29.9;-15.0;14.5;5.5;76.7;0.1961;0.0265;-0.3250;102.1750;
235.47;0;0;0;0;26;207;22;22;22;22;22;1457;362;950;3.2;30.4;12.0;14.5;5.5;76.7;0.1961;0.0296;-0.3250;0.1750;
235.72;0;0;0;0;26;207;22;22;22;22;22;1442;362;950;3.2;30.4;35.0;14.5;5.5;76.7;0.1961;0.0288;-0.1250;0.4750;
235.97;0;0;0;0;26;207;22;23;23;23;23;1453;362;950;3.2;30.6;38.5;14.5;5.5;76.7;0.1882;0.0211;0.1000;0.0500;
236.23;0;0;0;0;27;207;23;23;23;23;23;1468;362;950;3.2;30.6;31.0;14.5;5.5;76.7;0.1608;0.0172;0.2000;0.2250;
236.48;0;0;0;0;27;207;23;23;23;23;23;1472;362;950;3.2;30.8;27.0;14.5;5.5;76.7;0.1608;0.0172;0.1500;0.7250;
236.73;0;0;0;0;27;207;23;23;23;23;23;1482;362;950;3.2;30.8;25.0;14.5;5.5;76.7;0.1569;0.0159;0.1000;0.8000;
236.98;0;0;0;0;27;207;23;23;23;23;23;1486;362;950;3.2;30.8;21.0;14.5;5.5;76.7;0.1529;0.0168;0.0500;0.3750;
237.23;0;0;0;0;27;207;23;23;23;23;23;1489;362;950;3.2;30.6;21.0;14.5;5.5;76.7;0.1569;0.0249;-0.0250;0.6500;
237.48;0;0;0;0;27;207;23;22;23;23;23;1483;362;950;3.2;30.6;22.0;14.5;5.5;76.7;0.1529;0.0260;-0.0250;0.1500;
237.73;0;0;0;0;27;207;23;23;23;23;23;1491;362;950;3.2;31.2;22.5;14.5;5.5;76.7;0.1765;0.0321;0.0000;1.2000;
237.98;0;0;0;0;27;207;23;23;23;23;23;1486;362;950;3.2;31.2;29.0;14.5;5.5;76.7;0.1804;0.0354;-0.0250;1.0000;
238.23;0;0;0;0;27;207;23;24;23;23;23;1485;362;950;3.2;31.2;32.5;14.5;5.5;76.7;0.1804;0.0379;0.0500;101.8250;
238.48;0;0;0;0;27;207;23;23;23;23;23;1493;362;950;3.2;31.6;34.0;14.5;5.5;76.7;0.1843;0.0446;0.0750;1.3500;
238.73;0;0;0;0;27;207;23;23;23;23;23;1494;362;950;3.2;31.6;33.5;14.5;5.5;76.7;0.1804;0.0391;0.0750;102.0500;
238.98;0;0;0;0;27;207;23;23;23;23;23;1489;362;950;3.2;32.0;32.5;14.5;5.5;76.7;0.1882;0.0389;-0.0750;1.0500;
239.23;0;0;0;0;27;207;23;23;23;23;23;1493;362;950;3.2;31.4;34.5;14.5;5.5;76.7;0.1804;0.0364;0.0000;1.3250;
239.48;0;0;0;0;27;207;23;23;23;23;23;1473;362;950;3.2;31.4;34.5;14.5;5.5;76.7;0.1804;0.0364;-0.1000;0.5500;
239.73;0;0;0;0;27;207;23;23;23;23;23;1495;362;950;3.2;31.5;34.5;14.5;5.5;76.7;0.1804;0.0339;0.0500;0.0750;
239.98;0;0;0;0;27;207;23;23;23;23;23;1509;362;950;3.2;31.5;33.0;14.5;5.5;76.7;0.1765;0.0296;0.1250;1.7250;
240.23;0;0;0;0;27;207;23;24;23;24;23;1509;362;950;3.2;31.6;32.5;14.5;5.5;76.7;0.1725;0.0334;0.1000;0.7000;
240.48;0;0;0;0;27;207;23;24;23;24;23;1521;362;950;3.2;31.6;28.5;14.5;5.5;76.7;0.1765;0.0333;-0.0750;0.5000;
240.73;0;0;0;0;27;207;24;24;24;24;24;1538;362;950;3.2;31.5;30.0;14.5;5.5;76.7;0.1725;0.0320;0.2000;0.6750;
240.98;0;0;0;0;27;207;24;24;24;24;24;1539;362;950;3.2;31.5;30.5;14.5;5.5;76.7;0.1686;0.0225;0.1250;0.8000;
241.25;0;0;0;0;27;207;24;24;24;24;24;1525;362;950;3.2;31.7;0.0;14.5;5.5;76.7;0.0000;0.0008;0.1250;0.0750;
241.50;0;0;0;0;27;207;24;23;24;23;24;1508;362;950;3.2;31.9;-29.5;14.5;5.5;76.7;0.0941;0.0014;-0.3250;0.3750;
241.75;0;0;0;0;27;207;23;23;23;23;23;1512;362;950;3.2;31.9;-10.0;14.5;5.5;76.7;0.1412;-0.0133;-0.3500;102.2000;
242.00;0;0;0;0;27;207;23;23;23;23;23;1484;362;950;3.2;31.9;11.0;14.5;5.5;76.7;0.1569;-0.0080;-0.3750;0.0000;
242.25;0;0;0;0;27;207;23;23;23;23;23;1493;362;950;3.2;31.9;17.5;14.5;5.5;76.7;0.1608;-0.0080;-0.1750;1.0750;
242.50;0;0;0;0;27;207;23;23;23;23;23;1479;362;950;3.2;31.9;22.5;14.5;5.5;76.7;0.1608;-0.0041;-0.0250;1.4000;
242.75;0;0;0;0;27;207;23;23;23;23;23;1478;362;950;3.2;31.8;20.5;14.5;5.5;76.7;0.0706;-0.0029;-0.0750;1.1250;
243.00;0;0;0;0;27;207;23;23;23;23;23;1471;362;950;3.2;31.8;-29.0;14.5;5.5;76.7;0.0902;-0.0009;-0.1250;0.0500;
243.25;0;0;0;0;27;207;22;22;22;23;22;1446;362;950;3.2;31.8;-12.0;14.5;5.5;76.7;0.1412;-0.0022;-0.3750;0.7250;
243.50;0;0;0;0;27;207;22;22;22;22;22;1435;362;950;3.2;32.3;8.5;14.5;5.5;76.7;0.1412;-0.0008;-0.2750;0.1250;
243.75;0;0;0;0;27;207;22;22;22;22;22;1434;362;950;3.2;32.3;10.5;14.5;5.5;76.7;0.1373;-0.0021;-0.2000;1.0250;
244.00;0;0;0;0;28;207;22;22;22;22;22;1439;362;950;3.2;31.9;-1.0;14.5;5.5;76.7;0.0784;0.0009;0.0000;0.4000;
244.25;0;0;0;0;28;207;22;22;22;22;22;1414;362;950;3.2;32.0;-8.0;14.5;5.5;76.7;0.0784;-0.0004;-0.1500;1.1750;
244.50;0;0;0;0;28;207;22;22;22;22;22;1404;362;950;3.2;32.0;-2.5;14.5;5.5;76.7;0.1059;0.0028;-0.1750;0.6500;
244.75;0;0;0;0;28;207;22;22;21;21;22;1401;362;950;3.2;32.0;1.5;14.5;5.5;76.7;0.1294;-0.0004;-0.1750;0.8250;
245.00;0;0;0;0;28;207;22;22;22;22;22;1402;362;950;3.2;32.6;7.0;14.5;5.5;76.7;0.1373;-0.0004;-0.1250;1.0500;
245.25;0;0;0;0;28;207;22;22;22;22;22;1396;362;950;3.2;32.5;13.5;14.5;5.5;76.7;0.1529;-0.0008;-0.1250;0.5000;
245.50;0;0;0;0;28;207;22;22;21;22;22;1403;362;950;3.2;32.5;22.0;14.5;5.5;76.7;0.1725;-0.0009;0.0000;0.5250;
245.75;0;0;0;0;28;207;22;21;22;22;22;1400;362;950;3.2;32.3;26.0;14.5;5.5;76.7;0.1961;0.0016;0.0000;1.3000;
246.00;0;0;0;0;28;207;22;22;22;22;22;1415;362;950;3.2;32.3;44.0;14.5;5.5;76.7;0.2196;0.0018;0.0750;0.0000;
246.27;0;0;0;0;28;207;22;22;22;22;22;1422;362;950;3.2;32.2;53.0;14.5;5.5;76.7;0.2314;0.0052;0.2250;1.6500;
246.52;0;0;0;0;28;207;23;23;23;22;23;1459;362;950;3.2;32.1;62.5;14.5;5.5;76.7;0.2314;-0.0022;0.3750;0.7500;
246.77;0;0;0;0;28;207;23;23;23;23;23;1470;362;950;3.2;32.1;64.5;14.5;5.5;76.7;0.2353;-0.0216;0.4000;0.5000;
247.02;0;0;0;0;28;207;23;23;24;23;23;1519;362;950;3.2;31.6;65.0;14.5;5.5;76.7;0.2431;-0.0372;0.4250;101.8250;
247.27;0;0;0;0;28;207;24;24;24;24;24;1547;362;950;3.2;31.3;69.0;14.5;5.5;76.7;0.2471;-0.0450;0.5750;101.8500;
247.52;0;0;0;0;28;207;25;24;25;25;25;1591;362;950;3.2;31.3;73.0;14.5;5.5;76.7;0.2549;-0.0570;0.5750;101.8750;
247.77;0;0;0;0;28;207;26;25;25;25;25;1620;362;950;3.2;30.5;80.0;14.5;5.5;76.7;0.2745;-0.0557;0.6500;0.3250;
248.02;0;0;0;0;28;207;26;26;27;26;26;1671;362;950;3.2;30.5;88.0;14.5;5.5;76.7;0.2667;-0.0551;0.6750;102.1500;
248.27;0;0;0;0;28;207;27;27;27;27;27;1721;362;950;3.2;29.9;82.0;14.5;5.5;76.7;0.2627;-0.0546;0.7750;102.1250;
248.52;0;0;0;0;28;207;28;27;28;27;27;1766;362;950;3.2;29.2;81.0;14.5;5.5;76.7;0.2588;-0.0541;0.7750;101.6750;
248.77;0;0;0;0;28;207;29;28;28;28;28;1812;362;950;3.2;29.2;79.5;14.5;5.5;76.7;0.2588;-0.0391;0.8250;101.9750;
249.02;1;0;0;0;28;207;28;28;28;28;28;1708;362;950;3.2;29.2;-49.0;14.5;5.5;76.7;0.0000;-0.0338;0.3500;101.7500;
249.27;1;0;0;0;28;207;28;28;28;28;28;1441;362;950;3.2;28.0;-45.0;14.5;5.5;76.7;0.0000;-0.0328;0.1750;102.0000;
249.52;1;0;0;0;28;207;29;28;29;28;28;1009;362;950;3.2;28.1;-34.0;14.5;5.5;76.7;0.0000;-0.0229;0.0500;102.3000;
249.77;1;0;0;0;28;207;28;28;28;28;28;887;362;950;3.2;28.1;40.5;14.5;5.5;76.7;0.1961;-0.0259;-0.0250;102.3000;
250.02;1;0;0;0;28;207;28;28;28;28;28;1132;362;950;3.2;27.8;93.5;14.5;5.5;76.7;0.2549;-0.0303;-0.0500;102.2250;
250.27;0;0;0;0;28;207;29;29;29;29;29;1150;362;950;3.2;27.4;87.0;14.5;5.5;76.7;0.2588;-0.0300;0.3750;102.1750;
250.52;0;0;0;0;28;207;30;29;30;29;29;1183;362;950;3.2;27.4;82.5;14.5;5.5;76.7;0.2549;-0.0339;0.5000;102.1750;
250.77;0;0;0;0;28;207;30;30;30;30;30;1197;362;950;3.2;26.9;82.0;14.5;5.5;76.7;0.2549;-0.0339;0.5250;102.1250;
251.02;0;0;0;0;28;207;31;31;31;30;31;1222;362;950;3.2;26.9;77.0;14.5;5.5;76.7;0.2431;-0.0314;0.5500;101.8750;
251.28;0;0;0;0;28;207;31;31;31;31;31;1239;362;950;3.2;26.9;73.0;14.5;5.5;76.7;0.2235;-0.0308;0.5500;101.5500;
251.53;0;0;0;0;28;207;31;31;32;31;32;1255;362;950;3.2;26.6;44.0;14.5;5.5;76.7;0.1961;-0.0241;0.4250;102.2750;
251.78;0;0;0;0;28;207;32;32;32;31;32;1259;362;950;3.2;26.6;42.5;14.5;5.5;76.7;0.1961;-0.0225;0.1750;0.4750;
252.03;0;0;0;0;28;207;32;32;32;32;32;1233;362;950;3.2;26.8;-16.5;14.5;5.5;76.7;0.0000;-0.0222;0.1750;101.9000;
252.28;0;0;0;0;28;207;32;31;31;31;32;1248;362;950;3.2;27.3;-32.5;14.5;5.5;76.7;0.0784;-0.0229;-0.1250;0.0000;
252.53;0;0;0;0;29;207;32;31;31;31;31;1251;362;950;3.2;27.3;-3.0;14.5;5.5;76.7;0.1647;-0.0238;-0.1750;102.2750;
252.78;0;0;0;0;29;207;31;31;31;31;31;1252;362;950;3.2;27.6;14.0;14.5;5.5;76.7;0.1804;-0.0346;-0.1750;102.3750;
253.03;0;0;0;0;29;207;31;31;31;31;31;1256;362;950;3.2;27.6;29.5;14.5;5.5;76.7;0.1765;-0.0386;0.0500;101.9000;
253.28;0;0;0;0;29;207;31;31;31;31;31;1213;362;950;3.2;28.0;-8.5;14.5;5.5;76.7;0.0000;-0.0409;-0.0250;102.1500;
253.53;0;0;0;0;29;207;31;31;31;31;31;1230;362;950;3.2;28.0;-33.5;14.5;5.5;76.7;0.0863;-0.0470;-0.2750;101.9000;
253.78;0;0;0;0;29;207;31;30;31;30;31;1230;362;950;3.2;27.5;-13.0;14.5;5.5;76.7;0.1373;-0.0691;-0.3500;101.5750;
254.03;0;0;0;0;29;207;31;30;31;30;30;1221;362;950;3.2;27.6;6.0;14.5;5.5;76.7;0.1451;-0.0767;-0.2250;101.3250;
254.28;0;0;0;0;29;207;31;30;31;30;30;1222;362;950;3.2;27.6;12.5;14.5;5.5;76.7;0.1451;-0.0867;-0.1500;101.2250;
254.53;0;0;0;0;29;207;31;30;31;30;30;1217;362;950;3.2;27.1;-30.0;14.5;5.5;76.7;0.0000;-0.0865;-0.0750;100.9000;
254.78;0;0;0;0;29;207;30;29;30;29;30;1191;362;950;3.2;27.1;-45.0;14.5;5.5;76.7;0.0000;-0.0723;-0.3750;101.8500;
255.03;0;0;0;0;29;207;30;29;30;29;29;1171;362;950;3.2;27.2;-52.0;14.5;5.5;76.7;0.0431;-0.0712;-0.5500;101.6250;
255.28;0;0;0;0;29;207;29;29;29;28;29;1171;362;950;3.2;27.4;-26.0;14.5;5.5;76.7;0.1020;-0.0762;-0.4250;101.7500;
255.53;0;0;0;0;29;207;29;28;29;28;29;1144;362;950;3.2;27.4;-13.0;14.5;5.5;76.7;0.0000;-0.0763;-0.4750;102.1500;
255.78;0;0;0;0;29;207;29;28;28;28;28;1132;362;950;3.2;27.7;-25.0;14.5;5.5;76.7;0.0000;-0.0745;-0.3750;101.7500;
256.03;0;0;0;0;29;207;28;27;28;27;28;1097;362;950;3.2;27.6;-51.5;14.5;5.5;76.7;0.0000;-0.0618;-0.4750;102.2750;
256.29;0;0;0;0;29;207;27;27;27;27;27;1088;362;950;3.2;27.6;-52.5;14.5;5.5;76.7;0.0000;-0.0585;-0.5250;102.2250;
256.54;0;0;0;0;29;207;27;26;27;26;27;1059;362;950;3.2;27.4;-52.5;14.5;5.5;76.7;0.0000;-0.0428;-0.6500;102.2500;
256.79;0;0;0;0;29;207;26;26;26;26;26;1046;362;950;3.2;27.4;-45.5;14.5;5.5;76.7;0.0000;-0.0255;-0.6750;0.1500;
257.04;1;0;0;0;29;207;26;25;26;25;26;1007;362;950;3.2;27.6;-38.0;14.5;5.5;76.7;0.0000;-0.0148;-0.6750;0.0000;
257.29;1;0;0;0;29;207;25;25;25;25;25;872;362;950;3.2;27.6;12.0;14.5;5.5;76.7;0.0000;-0.0041;-0.3750;0.5250;
257.54;1;0;0;0;29;207;25;25;25;25;25;870;362;950;3.2;27.9;14.5;14.5;5.5;76.7;0.0000;0.0091;-0.3500;0.4500;
257.79;1;0;0;0;29;207;25;25;24;25;25;879;362;950;3.2;27.9;12.5;14.5;5.5;76.7;0.0000;0.0262;-0.2750;0.7000;
258.04;1;0;0;0;29;207;24;25;24;25;25;923;362;950;3.2;28.2;6.0;14.5;5.5;76.7;0.0000;0.0288;-0.3250;0.0250;
258.29;1;0;0;0;29;207;23;24;23;24;24;1004;362;950;3.2;28.6;-54.5;14.5;5.5;76.7;0.0000;0.0440;-0.8000;0.3250;
258.54;1;0;0;0;29;207;22;23;22;23;23;1133;362;950;3.2;28.6;-23.0;14.5;5.5;76.7;0.0706;0.0458;-1.0000;102.3000;
258.79;1;0;0;0;29;207;21;22;21;22;22;1328;362;950;3.2;29.6;-10.0;14.5;5.5;76.7;0.0745;0.0585;-1.1500;0.5250;
259.04;1;0;0;0;29;207;21;21;21;21;21;1343;362;950;3.2;30.8;5.5;14.5;5.5;76.7;0.0941;0.0684;-0.8000;0.2750;
259.29;0;0;0;0;29;207;20;21;20;21;21;1339;362;950;3.2;30.8;-14.5;14.5;5.5;76.7;0.0863;0.0727;-0.5750;0.4750;
259.54;0;0;0;0;29;207;20;20;20;20;20;1287;362;950;3.2;30.9;-32.0;14.5;5.5;76.7;0.0000;0.0707;-0.6000;0.1500;
259.79;0;0;0;0;29;207;19;19;19;19;19;1245;362;950;3.2;30.9;-41.0;14.5;5.5;76.7;0.0000;0.0684;-0.7750;0.4750;
260.04;0;0;0;0;29;207;18;18;18;19;19;1196;362;950;3.2;31.6;-15.5;14.5;5.5;76.7;0.1216;0.0684;-0.8250;0.3500;
260.29;0;0;0;0;29;207;18;18;18;18;18;1178;362;950;3.2;32.5;0.5;14.5;5.5;76.7;0.1294;0.0679;-0.6000;0.4250;
260.54;0;0;0;0;29;207;17;18;17;18;18;1163;362;950;3.2;32.5;5.5;14.5;5.5;76.7;0.0863;0.0675;-0.4250;0.4750;
260.79;0;0;0;0;29;207;17;17;17;17;17;1095;362;950;3.2;32.5;-33.0;14.5;5.5;76.7;0.0000;0.0643;-0.6750;0.4750;
261.04;0;0;0;0;29;207;16;17;16;16;16;1064;362;950;3.2;33.0;-33.5;14.5;5.5;76.7;0.0000;0.0625;-0.8750;0.4500;
261.30;1;0;0;0;29;207;15;15;15;15;15;952;362;950;3.2;33.0;-29.0;14.5;5.5;76.7;0.0000;0.0607;-0.9000;0.9750;
261.55;1;1;0;0;29;207;15;15;15;15;15;856;362;950;3.2;33.0;12.5;14.5;5.5;76.7;0.0000;0.0702;-1.3000;0.5750;
261.80;1;1;0;0;29;207;14;14;14;14;14;871;362;950;3.2;33.7;17.5;14.5;5.5;76.7;0.0000;0.0864;-0.8250;1.4000;
262.05;1;1;0;0;29;207;12;13;12;13;13;880;362;950;3.2;33.7;15.5;14.5;5.5;76.7;0.0000;0.1068;-1.2500;1.2250;
262.30;1;1;0;0;29;207;11;11;11;11;11;879;362;950;3.2;33.7;13.5;14.5;5.5;76.7;0.0000;0.1312;-1.7250;1.6000;
262.55;1;1;0;0;29;207;9;10;9;10;10;880;362;950;3.2;34.8;13.0;14.5;5.5;76.7;0.0000;0.1859;-1.4250;0.9250;
262.80;1;1;0;0;29;207;8;8;8;8;8;875;362;950;3.2;34.8;15.5;14.5;5.5;76.7;0.0000;0.2236;-1.1500;1.2500;
263.05;1;1;0;0;29;207;7;8;7;8;7;878;362;950;3.2;35.8;15.5;14.5;5.5;76.7;0.0000;0.3008;-1.1750;1.3250;
263.30;1;1;0;0;29;207;6;7;5;6;6;874;362;950;3.2;35.3;18.5;14.5;5.5;76.7;0.0000;0.3912;-1.1500;1.5250;
263.55;1;1;0;0;29;207;5;6;4;5;5;876;362;950;3.2;35.3;19.0;14.5;5.5;76.7;0.0000;0.5264;-1.4750;1.0000;
263.80;1;1;0;0;30;207;3;4;3;4;4;886;362;950;3.2;36.4;14.0;14.5;5.5;76.7;0.0000;0.5455;-1.3250;0.7500;
264.05;1;0;0;0;30;207;3;3;2;3;3;884;362;950;3.2;37.0;13.5;14.5;5.5;76.7;0.0000;0.5625;-1.0250;0.8250;
264.30;1;0;0;0;29;207;2;2;2;2;2;903;362;950;3.2;37.0;35.5;14.5;5.5;76.7;0.0000;0.5800;-0.8250;0.9000;
264.55;1;0;0;0;29;207;1;2;1;2;2;964;362;950;3.2;36.2;15.0;14.5;5.5;76.7;0.0549;0.5800;-0.7750;0.9750;
264.80;1;0;0;0;29;207;1;1;1;1;1;973;362;950;3.2;36.2;32.5;14.5;5.5;76.7;0.1294;0.5800;-0.7250;0.8000;
265.05;1;0;0;0;29;207;1;1;1;1;1;963;362;950;3.2;37.1;66.0;14.5;5.5;76.7;0.1333;0.5801;-0.5000;1.0500;
265.30;1;0;0;0;30;207;1;1;1;1;1;1064;362;950;3.2;36.7;88.5;14.5;5.5;76.7;0.1961;0.5828;-0.1000;1.0250;
265.55;1;0;0;0;30;207;1;1;1;1;1;1114;362;950;3.2;36.7;85.5;14.5;5.5;76.7;0.2039;0.6059;0.1250;1.0000;
265.80;1;0;0;0;30;207;2;2;1;2;2;1098;362;950;3.2;36.7;86.5;14.5;5.5;76.7;0.1882;0.6262;0.3500;1.1500;
266.05;1;0;0;0;30;207;2;3;2;2;2;1079;362;950;3.2;35.8;103.5;14.5;5.5;76.7;0.1843;0.6469;0.6000;1.1500;
266.32;1;0;0;0;30;207;3;4;3;3;3;1101;362;950;3.2;35.8;96.5;14.5;5.5;76.7;0.1961;0.6699;0.7750;1.2000;
266.57;1;0;0;0;30;207;4;5;4;5;4;1083;362;950;3.2;35.8;100.0;14.5;5.5;76.7;0.1961;0.7029;0.8250;1.3000;
266.82;1;0;0;0;30;207;5;6;4;6;5;1064;362;950;3.2;34.3;112.5;14.5;5.5;76.7;0.1922;0.7090;1.0500;1.4500;
267.07;1;0;0;0;30;207;6;7;5;7;6;1071;362;950;3.2;32.7;114.0;14.5;5.5;76.7;0.2039;0.7088;0.9750;1.8750;
267.32;1;0;0;0;30;207;7;8;6;8;7;1091;362;950;3.2;32.7;117.0;14.4;5.5;76.7;0.2078;0.7086;1.0250;1.8000;
267.57;1;0;0;0;30;207;8;10;7;9;8;1093;362;950;3.2;32.7;117.5;14.4;5.5;76.7;0.2078;0.7057;1.2000;1.7750;
267.82;1;0;0;0;30;207;9;11;8;10;9;1109;362;950;3.2;32.7;119.0;14.4;5.5;76.7;0.2118;0.6988;1.2250;1.8750;
268.07;1;0;0;0;30;207;10;12;9;11;10;1166;362;950;3.2;31.5;90.0;14.4;5.5;76.7;0.2275;0.6910;0.8250;2.0500;
268.32;1;0;0;0;30;207;10;12;9;11;11;1267;362;950;3.2;30.7;102.0;14.5;5.5;76.7;0.3059;0.6836;0.5250;1.8250;
268.57;0;0;0;0;30;207;11;13;10;12;11;1371;362;950;3.2;30.7;128.0;14.5;5.5;76.7;0.3373;0.6551;0.8000;2.0250;
268.82;0;0;0;0;30;207;12;14;11;13;12;1462;362;950;3.2;32.0;131.5;14.5;5.5;76.7;0.3373;0.6370;1.0500;2.0500;
269.07;0;0;0;0;30;207;13;15;12;14;13;1570;362;950;3.2;31.3;131.0;14.5;5.5;76.7;0.3333;0.6051;1.0000;2.3750;
269.32;0;0;0;0;30;207;13;16;13;15;14;1703;362;950;3.2;31.3;130.0;14.5;5.5;76.7;0.3333;0.5433;1.0500;1.7250;
269.57;0;0;0;0;30;207;15;16;14;16;15;1810;362;950;3.2;32.2;127.5;14.5;5.5;76.7;0.3333;0.3664;1.0500;1.5000;
269.82;0;0;0;0;30;207;15;17;15;17;16;1932;362;950;3.2;32.2;126.0;14.5;5.5;76.7;0.3294;0.3008;1.1250;1.4000;
270.07;0;0;0;0;30;207;16;18;16;18;17;2013;362;950;3.2;32.6;125.0;14.5;5.5;76.7;0.3294;0.2454;0.9750;1.1500;
270.32;0;0;0;0;30;207;17;18;17;18;18;2128;362;950;3.2;32.6;113.5;14.5;5.5;76.7;0.2039;0.1916;0.9250;1.0000;
270.57;1;0;0;0;30;207;17;18;17;18;18;1995;362;950;3.2;32.3;3.5;14.5;5.5;76.7;0.0000;0.1231;0.0750;0.5000;
270.82;1;0;0;0;30;207;16;17;16;17;17;1597;362;950;3.2;32.3;-40.5;14.4;5.5;76.7;0.0000;0.0933;-0.4750;0.6000;
271.07;1;0;0;0;30;207;16;16;16;16;16;1293;362;950;3.2;32.7;-43.0;14.4;5.5;76.7;0.0000;0.0880;-0.7750;0.4250;
271.33;1;0;0;0;30;207;15;16;15;16;16;1012;362;950;3.2;33.1;81.0;14.4;5.5;76.7;0.2706;0.0837;-0.7250;0.5000;
271.58;1;0;0;0;30;207;16;16;16;16;16;1032;362;950;3.2;33.1;155.5;14.4;5.5;76.7;0.3137;0.0798;-0.0750;0.6000;
271.83;0;0;0;0;30;207;16;17;16;17;16;1097;362;950;3.2;32.6;176.0;14.5;5.5;76.7;0.3725;0.0798;0.5750;0.5500;
272.08;0;0;0;0;30;207;17;18;17;18;17;1141;362;950;3.2;32.3;168.0;14.5;5.5;76.7;0.3725;0.0783;0.8750;0.4250;
272.33;0;0;0;0;30;207;18;18;18;18;18;1188;362;950;3.2;32.3;164.0;14.5;5.5;76.7;0.3765;0.0654;0.9000;0.1750;
272.58;0;0;0;0;30;207;19;19;19;19;19;1232;362;950;3.2;31.4;164.5;14.5;5.5;76.7;0.3765;0.0029;0.8250;0.0000;
272.83;0;0;0;0;30;207;20;20;20;20;20;1287;362;950;3.2;29.9;165.0;14.5;5.5;76.7;0.3765;-0.0273;0.8000;102.3000;
273.08;0;0;0;0;30;207;21;21;21;21;21;1327;362;950;3.2;29.9;164.5;14.5;5.5;76.7;0.3765;-0.0437;0.8000;102.3000;
273.33;0;0;0;0;30;207;21;21;21;21;21;1387;362;950;3.2;29.2;164.0;14.5;5.5;76.7;0.3765;-0.0462;0.8250;0.0500;
273.58;0;0;0;0;30;207;22;22;22;22;22;1422;364;950;3.2;29.2;162.5;14.5;5.5;76.7;0.3843;-0.0392;0.8000;102.2500;
273.83;0;0;0;0;30;207;23;23;23;23;23;1498;364;950;3.2;27.3;188.0;14.5;5.5;76.7;0.4353;-0.0371;0.8000;102.2250;
274.08;0;0;0;0;30;207;24;24;24;24;24;1537;364;950;3.2;27.3;198.0;14.5;5.5;76.7;0.4353;-0.0343;1.0000;0.1500;
274.33;0;0;0;0;30;207;25;25;25;25;25;1615;364;950;3.2;26.8;199.0;14.5;5.5;76.7;0.4314;-0.0339;1.1000;102.3500;
274.58;0;0;0;0;30;207;26;26;26;26;26;1676;364;950;3.2;26.8;197.5;14.5;5.5;76.7;0.4275;-0.0304;1.1000;0.0500;
274.83;0;0;0;0;30;207;27;27;27;27;27;1752;364;950;3.2;26.4;194.5;14.5;5.5;76.7;0.4275;-0.0300;1.1750;0.1250;
275.08;0;0;0;0;30;207;28;28;28;28;28;1800;364;950;3.2;25.2;192.0;14.5;5.5;76.7;0.4275;-0.0304;1.1000;0.0000;
275.33;0;0;0;0;30;207;29;29;29;29;29;1883;364;950;3.2;25.2;190.5;14.5;5.5;76.7;0.4275;-0.0325;1.1500;102.3750;
275.58;0;0;0;0;31;207;30;30;30;30;30;1926;364;950;3.2;24.6;189.0;14.5;5.5;76.7;0.4235;-0.0349;1.0000;102.1500;
275.83;0;0;0;0;31;207;31;31;31;31;31;1988;364;950;3.2;24.2;184.0;14.5;5.5;76.7;0.4157;-0.0354;0.9000;102.3000;
276.08;0;0;0;0;31;207;32;32;32;32;32;2035;364;950;3.2;24.2;180.5;14.5;5.5;76.7;0.4157;-0.0354;1.0250;102.3750;
276.34;0;0;0;0;31;207;33;32;33;32;32;2091;364;950;3.2;23.8;176.0;14.5;5.5;76.7;0.3922;-0.0313;0.8750;102.2500;
276.59;1;0;0;0;31;207;33;32;32;32;32;2000;364;950;3.2;23.8;-51.5;14.5;5.5;76.7;0.0000;-0.0296;0.3750;102.2250;
276.84;1;0;0;0;31;207;32;32;32;32;32;1639;364;950;3.2;24.1;-44.0;14.5;5.5;76.7;0.0000;-0.0286;-0.3750;0.0000;
277.09;1;0;0;0;31;207;31;30;31;30;31;1286;364;950;3.2;24.4;9.5;14.5;5.5;76.7;0.1922;-0.0265;-0.9250;0.0000;
277.34;1;0;0;0;31;207;30;30;30;30;30;1258;364;950;3.2;24.4;147.0;14.5;5.5;76.7;0.4275;-0.0259;-0.8000;102.2500;
277.59;0;0;0;0;31;207;30;30;31;30;30;1219;364;950;3.2;24.6;201.5;14.5;5.5;76.7;0.5451;-0.0252;-0.1250;102.3000;
277.84;0;0;0;0;31;207;31;31;31;30;31;1226;364;950;3.2;24.8;211.0;14.5;5.5;76.7;0.5451;-0.0241;0.0500;102.3000;
278.09;0;0;0;0;31;207;31;31;31;31;31;1252;364;950;3.2;24.8;221.0;14.5;5.5;76.7;0.5373;-0.0217;0.2250;102.3750;
278.34;0;0;0;0;31;207;31;31;31;31;31;1263;364;950;3.2;24.8;225.0;14.5;5.5;76.7;0.5333;-0.0206;0.2750;102.2000;
278.59;0;0;0;0;31;207;32;32;32;32;32;1273;364;950;3.2;24.6;235.0;14.5;5.5;76.7;0.5255;-0.0209;0.3750;102.3250;
278.84;0;0;0;0;31;207;32;32;32;32;32;1292;364;950;3.2;24.8;242.5;14.5;5.5;76.7;0.5255;-0.0209;0.5250;0.0250;
279.09;0;0;0;0;31;207;33;32;33;33;33;1317;364;950;3.2;24.8;248.5;14.5;5.5;76.7;0.5176;-0.0209;0.3750;102.3500;
279.34;0;0;0;0;31;207;33;33;33;33;33;1330;364;950;3.2;25.3;254.5;14.5;5.5;76.7;0.5137;-0.0209;0.4750;102.3750;
279.59;0;0;0;0;31;207;34;34;34;34;34;1347;364;950;3.2;25.3;249.5;14.4;5.5;76.7;0.4863;-0.0211;0.5500;0.0000;
279.84;0;0;0;0;31;207;34;34;34;34;34;1372;364;950;3.2;24.8;225.0;14.4;5.5;76.7;0.4392;-0.0212;0.6000;0.0000;
280.09;0;0;0;0;31;207;35;35;35;35;35;1389;364;950;3.2;24.9;199.5;14.5;5.5;76.7;0.4275;-0.0259;0.4250;102.2000;
280.34;0;0;0;0;32;207;35;35;35;35;35;1399;364;950;3.2;24.9;200.0;14.5;5.5;76.7;0.4392;-0.0371;0.4500;102.0750;
280.59;0;0;0;0;32;207;36;35;36;35;35;1417;364;950;3.2;25.2;212.5;14.4;5.5;76.7;0.4510;-0.0392;0.3500;101.8250;
280.84;0;0;0;0;32;207;36;36;36;36;36;1428;364;950;3.2;24.6;217.0;14.4;5.5;76.7;0.4588;-0.0404;0.3250;102.2750;
281.09;0;0;0;0;32;207;36;36;36;36;36;1441;364;950;3.2;24.6;223.5;14.5;5.5;76.7;0.4706;-0.0404;0.2750;101.8250;
281.36;0;0;0;0;32;207;37;36;37;37;37;1466;364;950;3.2;24.0;229.0;14.5;5.5;76.7;0.4784;-0.0420;0.4000;101.6500;
281.61;0;0;0;0;32;207;37;37;37;37;37;1486;364;950;3.2;24.0;233.5;14.5;5.5;76.7;0.4824;-0.0438;0.5250;101.9500;
281.86;0;0;0;0;32;207;38;37;38;37;38;1498;364;950;3.2;23.8;237.0;14.5;5.5;76.7;0.4863;-0.0446;0.4500;101.6500;
282.11;0;0;0;0;32;207;38;38;38;38;38;1527;364;950;3.2;23.4;240.0;14.5;5.5;76.7;0.4902;-0.0446;0.5250;101.8750;
282.36;0;0;0;0;32;207;39;38;39;38;39;1546;364;950;3.2;23.4;242.0;14.5;5.5;76.7;0.4941;-0.0441;0.5500;101.4000;
282.61;0;0;0;0;32;207;40;39;40;39;39;1573;364;950;3.2;23.4;246.5;14.5;5.5;76.7;0.5020;-0.0435;0.6500;101.8000;
282.86;0;0;0;0;32;207;40;40;40;40;40;1595;364;950;3.2;23.4;248.5;14.4;5.5;76.7;0.5137;-0.0432;0.6750;102.0250;
283.11;0;0;0;0;32;207;41;40;41;40;41;1624;364;950;3.2;23.0;250.0;14.4;5.5;76.7;0.5176;-0.0407;0.6000;101.7500;
283.36;0;0;0;0;32;207;41;41;41;41;41;1640;364;950;3.2;23.0;253.0;14.5;5.5;76.7;0.5216;-0.0391;0.6750;101.7250;
283.61;0;0;0;0;32;207;42;42;42;42;42;1670;364;950;3.2;22.4;256.0;14.5;5.5;76.7;0.5333;-0.0372;0.6000;101.7000;
283.86;0;0;0;0;32;207;42;42;43;42;42;1688;364;950;3.2;22.6;259.0;14.4;5.5;76.7;0.5412;-0.0331;0.6500;101.6750;
284.11;0;0;0;0;33;207;43;43;43;43;43;1726;364;950;3.2;22.6;264.0;14.4;5.5;76.7;0.5569;-0.0260;0.7500;101.9750;
284.36;0;0;0;0;33;207;44;44;44;44;44;1747;364;950;3.2;22.1;265.5;14.5;5.5;76.7;0.5569;-0.0214;0.7500;102.1250;
284.61;0;0;0;0;33;207;45;45;45;44;45;1784;364;950;3.2;22.1;265.5;14.5;5.5;76.7;0.5569;-0.0172;0.8500;102.0500;
284.86;0;0;0;0;33;207;45;45;45;45;45;1801;364;950;3.2;21.9;264.5;14.4;5.5;76.7;0.5529;-0.0061;0.7750;0.1250;
285.11;0;0;0;0;33;207;46;46;46;46;46;1838;364;950;3.2;22.3;260.5;14.5;5.5;76.7;0.5451;0.0004;0.7250;0.0750;
285.36;0;0;0;0;33;207;47;46;47;46;47;1858;364;950;3.2;22.3;257.5;14.5;5.5;76.7;0.5373;0.0025;0.7250;0.2250;
285.61;0;0;0;0;33;207;47;47;47;48;47;1890;364;950;3.2;22.4;255.5;14.4;5.5;76.7;0.5373;0.0057;0.7000;0.0250;
285.86;0;0;0;0;33;207;48;48;48;48;48;1902;364;950;3.2;22.6;254.0;14.4;5.5;76.7;0.5373;0.0069;0.6000;0.1750;
286.11;0;0;0;0;33;207;49;49;49;48;49;1935;364;950;3.2;22.6;252.5;14.5;5.5;76.7;0.5333;0.0080;0.7000;0.2750;
286.37;0;0;0;0;33;207;49;49;49;49;49;1956;364;950;3.2;23.0;249.5;14.5;5.5;76.7;0.5294;0.0110;0.6500;0.2500;
286.62;0;0;0;0;34;207;50;50;50;50;50;1978;364;950;3.2;23.0;248.5;14.4;5.5;76.7;0.5294;0.0125;0.5500;0.5000;
286.87;0;0;0;0;34;207;50;50;50;50;50;1994;364;950;3.2;23.3;249.0;14.4;5.5;76.7;0.5294;0.0138;0.5500;0.4750;
287.12;0;0;0;0;34;207;51;51;51;51;51;2019;364;950;3.2;23.3;247.0;14.4;5.5;76.7;0.5255;0.0138;0.5500;0.6500;
287.37;0;0;0;0;34;207;51;51;51;51;51;2016;364;950;3.2;23.7;192.5;14.4;5.5;76.7;0.2667;0.0138;0.5250;0.1500;
287.62;1;0;0;0;34;207;50;51;50;50;51;1864;364;950;3.2;23.7;-42.0;14.4;5.5;76.7;0.0000;0.0128;-0.2500;0.4750;
287.87;1;0;0;0;34;207;49;49;49;49;49;1562;364;950;3.2;24.4;-42.0;14.4;5.5;76.7;0.0000;0.0128;-0.8500;0.1250;
288.12;1;0;0;0;34;207;48;49;48;49;49;1423;364;950;3.2;25.3;196.0;14.4;5.5;76.7;0.4941;0.0128;-1.0750;0.1250;
288.37;0;0;0;0;34;207;48;48;48;48;48;1372;364;950;3.2;25.3;241.5;14.4;5.5;76.7;0.5529;0.0128;-0.4750;0.1000;
288.62;0;0;0;0;34;207;48;48;48;49;48;1375;364;950;3.2;25.9;264.5;14.5;5.5;76.7;0.5608;0.0145;-0.1750;0.1000;
288.87;0;0;0;0;34;207;48;49;48;49;49;1373;364;950;3.2;26.0;269.5;14.5;5.5;76.7;0.5569;0.0157;0.0000;0.1000;
289.12;0;0;0;0;35;207;48;49;49;49;49;1374;364;950;3.2;26.0;273.0;14.5;5.5;76.7;0.5451;0.0184;0.0500;102.0500;
289.37;0;0;0;0;35;207;48;49;49;49;49;1386;364;950;3.2;26.2;271.0;14.5;5.5;76.7;0.5412;0.0180;0.1000;0.1500;
289.62;0;0;0;0;35;207;49;49;49;49;49;1395;364;950;3.2;26.4;268.0;14.5;5.5;76.7;0.5373;0.0170;0.1500;0.2500;
289.87;0;0;0;0;35;207;49;49;49;49;49;1393;364;950;3.2;26.4;268.5;14.5;5.5;76.7;0.5373;0.0145;0.2500;0.3250;
290.12;0;0;0;0;35;207;49;50;49;49;50;1405;364;950;3.2;26.7;267.5;14.5;5.5;76.7;0.5373;0.0138;0.2000;0.3750;
290.37;0;0;0;0;35;207;50;50;50;50;50;1410;364;950;3.2;26.7;266.5;14.5;5.5;76.7;0.5373;0.0123;0.2750;0.2000;
290.62;0;0;0;0;35;207;50;50;50;50;50;1425;364;950;3.2;26.6;267.0;14.5;5.5;76.7;0.5373;0.0117;0.2750;0.2750;
290.87;0;0;0;0;35;207;50;51;51;51;51;1428;364;950;3.2;26.6;266.0;14.4;5.5;76.7;0.5373;0.0099;0.3250;0.2750;
291.12;0;0;0;0;35;207;51;51;51;51;51;1444;364;950;3.2;26.8;264.5;14.5;5.5;76.7;0.5373;0.0069;0.3750;0.5250;
291.38;0;0;0;0;35;207;51;51;51;51;51;1449;364;950;3.2;26.8;265.0;14.5;5.5;76.7;0.5373;0.0036;0.3500;0.1000;
291.63;0;0;0;0;35;207;51;51;52;52;52;1460;364;950;3.2;26.7;263.5;14.4;5.5;76.7;0.5333;0.0025;0.3500;0.1000;
291.88;0;0;0;0;35;207;52;52;52;52;52;1468;364;950;3.2;26.6;263.0;14.4;5.5;76.7;0.5333;0.0000;0.3500;0.4500;
292.13;0;0;0;0;36;207;52;52;52;52;52;1480;364;950;3.2;26.6;263.5;14.5;5.5;76.7;0.5333;0.0003;0.3750;0.1250;
292.38;0;0;0;0;36;207;53;53;53;53;53;1487;364;950;3.2;25.8;262.0;14.5;5.5;76.7;0.5333;0.0025;0.3250;0.0000;
292.63;0;0;0;0;36;207;53;53;53;53;53;1499;364;950;3.2;25.9;262.0;14.5;5.5;76.7;0.5333;0.0025;0.3500;102.3750;
292.88;0;0;0;0;36;207;53;53;53;53;53;1510;364;950;3.2;25.9;262.5;14.5;5.5;76.7;0.5333;0.0025;0.3500;102.2500;
293.13;0;0;0;0;36;207;53;54;54;54;54;1518;364;950;3.2;25.7;262.5;14.5;5.5;76.7;0.5333;0.0036;0.3750;102.3250;
293.38;0;0;0;0;36;207;54;54;54;54;54;1532;364;950;3.2;25.7;261.0;14.5;5.5;76.7;0.5333;0.0038;0.3750;102.3250;
293.63;0;0;0;0;36;207;54;54;54;54;55;1542;364;950;3.2;25.7;261.5;14.5;5.5;76.7;0.5333;0.0038;0.4000;0.0500;
293.88;0;0;0;0;36;207;55;55;55;55;55;1549;364;950;3.2;25.5;260.5;14.5;5.5;76.7;0.5333;0.0038;0.4000;0.0750;
294.13;0;0;0;0;36;207;55;55;55;55;55;1563;364;950;3.2;25.5;259.5;14.5;5.5;76.7;0.5333;0.0038;0.4000;0.0500;
294.38;0;0;0;0;36;207;56;56;56;56;56;1574;364;950;3.2;25.1;260.5;14.5;5.5;76.7;0.5333;0.0038;0.4250;0.1000;
294.63;0;0;0;0;36;207;56;56;56;56;56;1587;364;948;3.2;25.2;260.5;14.5;5.5;76.7;0.5333;0.0025;0.4250;0.1000;
294.88;0;0;0;0;37;207;57;57;56;56;57;1596;364;950;3.2;25.2;261.0;14.4;5.5;76.7;0.5373;0.0011;0.3750;0.0500;
295.13;0;0;0;0;37;207;57;57;57;57;57;1606;364;948;3.2;25.2;263.0;14.4;5.5;76.7;0.5451;0.0013;0.4250;102.2500;
295.38;0;0;0;0;37;207;57;57;57;57;57;1620;364;948;3.2;25.0;266.0;14.5;5.5;76.7;0.5569;0.0013;0.4000;0.1750;
295.63;0;0;0;0;37;207;58;58;58;58;58;1632;364;948;3.2;24.9;270.0;14.5;5.5;76.7;0.5608;0.0014;0.4750;0.0750;
295.88;0;0;0;0;37;207;58;58;58;58;58;1650;364;948;3.2;24.9;270.5;14.4;5.5;76.7;0.5608;0.0014;0.4750;0.0750;
296.13;0;0;0;0;37;207;59;59;59;59;59;1663;364;948;3.2;25.1;269.0;14.5;5.5;76.7;0.5529;0.0014;0.4750;0.1250;
296.40;0;0;0;0;37;207;59;59;59;59;59;1676;364;948;3.2;25.1;265.5;14.5;5.5;76.7;0.5490;0.0011;0.4750;101.6250;
296.65;0;0;0;0;37;207;59;59;60;60;60;1689;364;948;3.2;25.1;265.5;14.4;5.5;76.7;0.5490;0.0014;0.4750;0.1500;
296.90;0;0;0;0;38;207;60;60;60;60;60;1705;364;948;3.2;25.0;262.5;14.4;5.5;76.7;0.5451;0.0014;0.5000;0.1750;
297.15;0;0;0;0;38;207;60;60;60;61;61;1713;364;948;3.2;25.0;262.5;14.5;5.5;76.7;0.5451;0.0020;0.4750;0.1500;
297.40;0;0;0;0;38;207;61;61;61;61;61;1730;364;948;3.2;25.3;261.5;14.5;5.5;76.7;0.5451;0.0054;0.5000;0.3500;
297.65;0;0;0;0;38;207;61;61;61;62;62;1743;364;948;3.2;25.3;261.5;14.4;5.5;76.7;0.5451;0.0061;0.5500;0.3500;
297.90;0;0;0;0;38;207;62;62;62;62;62;1758;364;948;3.2;25.3;261.5;14.4;5.5;76.7;0.5451;0.0064;0.5250;0.4000;
298.15;0;0;0;0;38;207;63;63;62;63;63;1770;364;948;3.2;25.5;260.0;14.5;5.5;76.7;0.5412;0.0057;0.5750;0.2750;
298.40;0;0;0;0;38;207;63;63;63;63;63;1791;364;948;3.2;25.5;258.5;14.5;5.5;76.7;0.5412;0.0016;0.5250;0.5250;
298.65;0;0;0;0;38;207;63;64;64;64;64;1799;364;948;3.2;25.9;258.5;14.5;5.5;76.7;0.5373;0.0000;0.5000;0.6500;
298.90;0;0;0;0;39;207;64;64;64;64;64;1815;364;948;3.2;25.9;256.0;14.5;5.5;76.7;0.5373;-0.0007;0.4750;0.2000;
299.15;0;0;0;0;39;207;65;65;65;65;65;1826;364;948;3.2;25.9;255.5;14.5;5.5;76.7;0.5373;-0.0011;0.4750;0.3250;
299.40;0;0;0;0;39;207;65;65;65;65;65;1844;364;948;3.2;25.9;255.5;14.5;5.5;76.7;0.5373;-0.0031;0.5250;0.0750;
299.65;0;0;0;0;39;207;65;66;65;66;66;1855;364;948;3.2;25.8;254.5;14.5;5.5;76.7;0.5373;-0.0034;0.5250;0.3250;
299.90;0;0;0;0;39;207;66;66;66;66;66;1876;364;948;3.2;26.1;254.5;14.5;5.5;76.7;0.5373;-0.0033;0.5000;0.1500;
300.15;0;0;0;0;39;207;67;67;67;67;67;1889;364;948;3.2;26.1;253.5;14.5;5.5;76.7;0.5373;-0.0031;0.5500;0.2000;
300.40;0;0;0;0;39;207;67;67;67;67;67;1833;364;948;3.2;26.1;87.5;14.4;5.5;76.7;0.0000;-0.0036;0.5000;0.3250;
300.65;1;0;0;0;39;207;67;67;67;67;67;1731;364;948;3.2;26.1;-39.0;14.4;5.5;76.7;0.0000;-0.0039;0.0750;0.0000;
300.90;1;0;0;0;40;207;66;66;66;66;66;1309;364;948;3.2;26.1;-33.0;14.4;5.5;76.7;0.0941;-0.0041;-0.5250;0.1500;
301.15;1;0;0;0;40;207;65;65;65;65;66;1580;364;948;3.2;27.0;163.5;14.4;5.5;76.7;0.4549;-0.0064;-0.6750;0.0000;
301.41;0;0;0;0;40;207;65;65;65;65;66;1487;364;948;3.2;27.0;253.0;14.4;5.5;76.7;0.6431;-0.0132;-0.3500;102.0500;
301.66;0;0;0;0;40;207;66;66;66;65;66;1488;364;948;3.2;27.1;269.5;14.4;5.5;76.7;0.6431;-0.0145;-0.0750;102.0000;
301.91;0;0;0;0;40;207;66;66;66;66;66;1494;364;948;3.2;26.6;282.5;14.5;5.5;76.7;0.6275;-0.0145;0.0750;102.0000;
302.16;0;0;0;0;40;207;66;66;66;66;66;1497;364;948;3.2;26.6;296.0;14.5;5.5;76.7;0.6196;-0.0140;0.2000;101.8750;
302.41;0;0;0;0;40;207;67;66;67;66;67;1511;364;948;3.2;26.6;297.0;14.5;5.5;76.7;0.6157;-0.0133;0.2750;102.0750;
302.66;0;0;0;0;40;207;67;67;67;67;67;1519;364;948;3.2;26.1;296.0;14.5;5.5;76.7;0.6118;-0.0128;0.4250;102.1500;
302.91;0;0;0;0;40;207;68;67;67;67;68;1531;364;948;3.2;26.1;292.0;14.5;5.5;76.7;0.6039;-0.0122;0.5000;102.2000;
303.16;0;0;0;0;41;207;68;68;68;68;68;1543;364;948;3.2;26.1;290.5;14.5;5.5;76.7;0.6039;-0.0107;0.5500;102.1250;
303.41;0;0;0;0;41;207;68;68;69;68;69;1550;364;948;3.2;26.1;290.0;14.5;5.5;76.7;0.6000;-0.0105;0.4750;102.1500;
303.66;0;0;0;0;41;207;69;69;69;69;69;1560;364;948;3.2;25.8;289.5;14.5;5.5;76.7;0.5961;-0.0105;0.4750;102.2500;
303.91;0;0;0;0;41;207;69;69;70;69;70;1572;364;948;3.2;25.8;287.0;14.5;5.5;76.7;0.5922;-0.0105;0.5250;102.2000;
304.16;0;0;0;0;41;207;70;70;70;70;70;1587;364;948;3.2;25.7;285.0;14.5;5.5;76.7;0.5922;-0.0092;0.5250;102.2250;
304.41;0;0;0;0;41;207;70;70;70;70;71;1599;364;948;3.2;25.7;281.0;14.5;5.5;76.7;0.5804;-0.0088;0.5000;102.2000;
304.66;0;0;0;0;41;207;71;71;71;71;71;1605;364;948;3.2;25.5;280.0;14.5;5.5;76.7;0.5804;-0.0080;0.4750;102.2250;
304.91;0;0;0;0;41;207;71;71;71;71;72;1615;364;946;3.2;25.5;279.5;14.5;5.5;76.7;0.5804;-0.0075;0.4750;102.1750;
305.16;0;0;0;0;41;207;72;72;72;72;72;1624;364;948;3.2;25.5;279.0;14.5;5.5;76.7;0.5765;-0.0075;0.5250;102.0250;
305.41;0;0;0;0;41;207;73;72;72;72;72;1638;364;948;3.2;24.5;277.5;14.5;5.5;76.7;0.5765;-0.0067;0.5250;102.1250;
305.66;0;0;0;0;41;207;73;72;73;73;73;1649;364;946;3.2;24.3;276.5;14.5;5.5;76.7;0.5765;-0.0067;0.5000;0.0000;
305.91;0;0;0;0;41;207;73;73;73;73;73;1661;364;946;3.2;24.3;276.0;14.5;5.5;76.7;0.5765;-0.0064;0.4750;0.1250;
306.16;0;0;0;0;42;207;74;74;74;74;74;1674;364;946;3.2;24.5;275.5;14.5;5.5;76.7;0.5765;-0.0051;0.5000;0.0000;
306.42;0;0;0;0;42;207;74;74;74;74;74;1680;363;946;3.2;24.6;276.0;14.5;5.5;76.7;0.5765;-0.0046;0.4750;102.1750;
306.67;0;0;0;0;42;207;75;75;75;75;75;1691;363;946;3.2;24.6;275.5;14.5;5.5;76.7;0.5765;-0.0031;0.5000;102.3750;
306.92;0;0;0;0;42;207;75;75;75;75;75;1701;363;946;3.2;24.8;276.0;14.4;5.5;76.7;0.5765;-0.0008;0.4750;0.1500;
307.17;0;0;0;0;42;207;76;76;76;76;76;1711;363;946;3.2;24.8;274.5;14.4;5.5;76.7;0.5765;0.0033;0.5000;0.3500;
307.42;0;0;0;0;42;207;76;76;76;76;76;1722;363;946;3.2;25.0;275.0;14.5;5.5;76.7;0.5765;0.0028;0.4750;0.4500;
307.67;0;0;0;0;42;207;76;77;77;76;77;1727;363;946;3.2;25.0;276.0;14.5;5.5;76.7;0.5765;0.0028;0.4000;0.4000;
307.92;0;0;0;0;42;207;77;77;77;77;77;1741;363;946;3.2;25.6;275.0;14.4;5.5;76.7;0.5765;0.0025;0.4250;0.1750;
308.17;0;0;0;0;42;207;77;77;77;77;77;1750;363;946;3.2;25.6;274.5;14.5;5.5;76.7;0.5765;-0.0001;0.4000;0.3750;
308.42;0;0;0;0;43;207;78;78;78;78;78;1764;363;946;3.2;25.6;276.0;14.5;5.5;76.7;0.5804;-0.0016;0.4750;0.0750;
308.67;0;0;0;0;43;207;78;78;78;78;78;1770;363;946;3.2;25.9;274.5;14.4;5.5;76.7;0.5725;-0.0033;0.4000;0.0500;
308.92;0;0;0;0;43;207;78;79;79;79;79;1779;363;946;3.2;25.9;273.5;14.4;5.5;76.7;0.5765;-0.0043;0.4250;0.2250;
309.17;0;0;0;0;43;207;79;79;79;79;79;1786;363;946;3.2;26.1;273.0;14.5;5.5;76.7;0.5765;-0.0046;0.4500;102.3750;
309.42;0;0;0;0;43;207;79;79;79;79;80;1798;363;946;3.2;26.1;273.0;14.5;5.5;76.7;0.5725;-0.0043;0.4250;102.3250;
309.67;0;0;0;0;43;207;80;80;80;80;80;1803;363;946;3.2;26.1;272.5;14.4;5.5;76.7;0.5725;-0.0046;0.4250;0.0250;
309.92;0;0;0;0;43;207;80;80;80;80;80;1817;363;946;3.2;26.2;271.0;14.5;5.5;76.7;0.5725;-0.0043;0.4000;102.3000;
310.17;0;0;0;0;44;207;80;81;81;81;81;1823;363;946;3.2;26.2;270.5;14.5;5.5;76.7;0.5725;-0.0041;0.4250;102.2750;
310.42;0;0;0;0;44;207;81;81;81;81;81;1833;363;946;3.2;26.5;270.5;14.5;5.5;76.7;0.5725;-0.0041;0.3750;0.1500;
310.67;0;0;0;0;44;207;81;81;81;81;82;1841;363;946;3.2;26.3;270.0;14.5;5.5;76.7;0.5725;-0.0036;0.4000;102.3250;
310.92;0;0;0;0;44;207;82;82;82;82;82;1848;363;946;3.2;26.3;268.5;14.5;5.5;76.7;0.5647;-0.0028;0.4250;102.3500;
311.17;0;0;0;0;44;207;82;82;82;82;82;1855;363;946;3.2;26.5;266.0;14.5;5.5;76.7;0.5569;-0.0004;0.3500;0.0250;
311.43;0;0;0;0;44;207;82;83;82;82;83;1864;363;946;3.2;26.5;254.5;14.5;5.5;76.7;0.5333;0.0000;0.4000;102.3750;
311.68;0;0;0;0;44;207;83;83;83;83;83;1870;363;946;3.2;26.5;251.0;14.5;5.5;76.7;0.5294;0.0004;0.3250;0.1750;
311.93;0;0;0;0;45;207;83;83;83;83;83;1861;363;946;3.2;26.5;180.5;14.5;5.5;76.7;0.2039;0.0007;0.3500;0.1000;
312.18;1;0;0;0;45;207;82;83;82;82;83;1790;363;946;3.2;26.1;-37.0;14.5;5.5;76.7;0.0000;0.0008;-0.0750;0.0000;
312.43;1;0;0;0;45;207;82;82;82;82;82;1383;363;946;3.2;26.8;-40.0;14.4;5.5;76.7;0.0353;0.0009;-0.3750;0.2750;
312.68;0;0;0;0;45;207;81;81;82;82;82;1544;363;946;3.2;26.8;191.5;14.4;5.5;76.7;0.4275;0.0011;-0.5500;0.0750;
312.93;0;0;0;0;45;207;81;82;82;81;82;1509;363;946;3.2;27.4;238.5;14.4;5.5;76.7;0.5373;0.0031;-0.4000;0.1750;
313.18;0;0;0;0;45;207;81;82;82;82;82;1520;363;946;3.2;27.4;262.5;14.4;5.5;76.7;0.5373;0.0067;-0.0750;0.5750;
313.43;0;0;0;0;45;207;82;82;82;82;82;1520;363;946;3.2;27.0;261.0;14.5;5.5;76.7;0.5216;0.0057;0.0000;0.4750;
313.68;0;0;0;0;45;207;82;82;82;82;82;1524;363;946;3.2;27.9;257.5;14.5;5.5;76.7;0.5176;0.0043;0.2000;0.5500;
313.93;0;0;0;0;45;207;83;82;82;82;83;1531;363;946;3.2;27.9;256.0;14.5;5.5;76.7;0.5176;0.0033;0.2750;0.5250;
314.18;0;0;0;0;45;207;82;83;83;83;83;1536;363;946;3.2;28.2;254.5;14.5;5.5;76.7;0.5176;0.0029;0.2250;0.0000;
314.43;0;0;0;0;45;207;83;83;83;83;83;1536;363;946;3.2;28.0;254.5;14.5;5.5;76.7;0.5176;0.0029;0.2000;0.6500;
314.68;0;0;0;0;45;207;83;83;83;83;83;1542;363;946;3.2;28.0;254.0;14.5;5.5;76.7;0.5176;0.0029;0.2250;0.4000;
314.93;0;0;0;0;45;207;83;83;83;83;83;1548;363;946;3.2;28.5;253.5;14.5;5.5;76.7;0.5176;0.0031;0.2000;0.1000;
315.18;0;0;0;0;45;207;84;83;84;84;84;1550;363;946;3.2;28.5;251.5;14.5;5.5;76.7;0.5137;0.0022;0.1750;0.2250;
315.43;0;0;0;0;46;207;84;84;84;84;84;1556;363;946;3.2;28.6;251.0;14.5;5.5;76.7;0.5098;-0.0008;0.2000;102.3250;
315.68;0;0;0;0;46;207;84;84;84;84;84;1564;363;946;3.2;28.4;250.0;14.5;5.5;76.7;0.5098;-0.0008;0.2750;102.2750;
315.93;0;0;0;0;46;207;84;84;84;84;85;1566;363;946;3.2;28.4;251.5;14.5;5.5;76.7;0.5098;-0.0007;0.2500;0.0000;
316.18;0;0;0;0;46;207;85;85;85;85;85;1575;363;946;3.2;28.4;250.5;14.5;5.5;76.7;0.5098;-0.0034;0.3500;0.2250;
316.46;0;0;0;0;46;207;85;85;85;85;85;1580;363;946;3.2;28.7;250.5;14.5;5.5;76.7;0.5059;-0.0066;0.2500;102.2250;
316.71;0;0;0;0;46;207;85;86;86;85;86;1588;363;946;3.2;28.3;249.0;14.5;5.5;76.7;0.5059;-0.0066;0.3250;102.2500;
316.96;0;0;0;0;46;207;86;86;86;86;86;1596;363;946;3.2;28.3;249.0;14.5;5.5;76.7;0.5059;-0.0064;0.3250;102.2750;
317.21;0;0;0;0;46;207;86;86;86;86;86;1601;363;946;3.2;27.4;249.0;14.5;5.5;76.7;0.5059;-0.0064;0.2500;102.2750;
317.46;0;0;0;0;46;207;86;86;86;86;86;1604;363;946;3.2;27.6;248.5;14.5;5.5;76.7;0.5059;-0.0061;0.2500;102.3750;
317.71;0;0;0;0;46;207;86;86;87;87;87;1609;363;946;3.2;27.6;248.5;14.5;5.5;76.7;0.5059;-0.0059;0.2250;102.3000;
317.96;0;0;0;0;46;207;87;87;87;87;87;1610;363;946;3.2;27.2;248.5;14.5;5.5;76.7;0.5059;-0.0059;0.2500;102.2000;
318.21;0;0;0;0;47;207;87;87;87;87;87;1615;363;946;3.2;27.2;248.0;14.5;5.5;76.7;0.5059;-0.0054;0.2250;102.2250;
318.46;0;0;0;0;47;207;87;87;87;87;87;1620;363;946;3.2;26.6;248.5;14.5;5.5;76.7;0.5059;-0.0052;0.2000;102.1500;
318.71;0;0;0;0;47;207;87;87;87;87;88;1623;363;946;3.2;26.6;248.5;14.5;5.5;76.7;0.5059;-0.0043;0.1750;102.2250;
318.96;0;0;0;0;47;207;88;88;87;87;88;1627;363;946;3.2;26.6;247.5;14.5;5.5;76.7;0.5059;-0.0022;0.1750;102.1750;
319.21;0;0;0;0;47;207;88;88;88;88;88;1632;363;946;3.2;26.4;247.5;14.5;5.5;76.7;0.5059;-0.0008;0.2250;0.0250;
319.46;0;0;0;0;47;207;88;88;88;88;88;1635;363;946;3.2;25.9;248.0;14.5;5.5;76.7;0.5059;-0.0004;0.2000;0.0000;
319.71;0;0;0;0;47;207;88;88;88;88;88;1638;363;946;3.2;25.9;246.5;14.5;5.5;76.7;0.5020;0.0000;0.1750;0.0250;
319.96;0;0;0;0;47;207;88;88;88;88;89;1641;363;946;3.2;26.1;247.0;14.5;5.5;76.7;0.5020;0.0016;0.2000;0.1500;
320.21;0;0;0;0;47;207;89;88;88;88;89;1646;363;946;3.2;26.1;246.5;14.5;5.5;76.7;0.5020;0.0020;0.1750;0.0250;
320.46;0;0;0;0;48;207;89;89;89;89;89;1648;363;946;3.2;26.2;246.0;14.5;5.5;76.7;0.5020;0.0016;0.2000;102.3250;
320.71;0;0;0;0;48;207;89;89;89;89;89;1650;363;946;3.2;26.2;246.5;14.5;5.5;76.7;0.5020;-0.0020;0.1750;102.3500;
320.96;0;0;0;0;48;207;89;89;89;89;89;1655;363;946;3.2;25.8;245.0;14.5;5.5;76.7;0.5020;-0.0041;0.1500;102.2000;
321.21;0;0;0;0;48;207;89;89;89;89;89;1658;363;946;3.2;25.8;244.5;14.5;5.5;76.7;0.5020;-0.0041;0.1250;102.0250;
321.47;0;0;0;0;48;207;89;90;89;89;90;1658;363;946;3.2;26.2;245.0;14.5;5.5;76.7;0.5020;-0.0041;0.1500;102.1250;
321.72;0;0;0;0;48;207;89;89;89;90;90;1662;363;946;3.2;26.0;244.0;14.5;5.5;76.7;0.5020;-0.0039;0.1750;102.2000;
321.97;0;0;0;0;48;207;89;90;90;90;90;1665;363;946;3.2;26.0;245.0;14.5;5.5;76.7;0.5020;-0.0013;0.1000;102.2500;
322.22;0;0;0;0;48;207;90;90;90;90;90;1665;363;946;3.2;25.6;239.0;14.5;5.5;76.7;0.4863;0.0004;0.0500;102.2500;
322.47;0;0;0;0;49;207;90;90;90;90;90;1664;361;946;3.2;26.1;236.5;14.5;5.5;76.7;0.4863;0.0018;0.0500;0.0000;
322.72;0;0;0;0;49;207;90;90;90;90;90;1671;361;946;3.2;26.1;233.5;14.5;5.5;76.7;0.4824;0.0036;0.1500;102.3500;
322.97;0;0;0;0;49;207;90;90;90;90;90;1670;361;946;3.2;26.1;232.0;14.5;5.5;76.7;0.4784;0.0066;0.0750;0.1750;
323.22;0;0;0;0;49;207;90;90;90;90;90;1674;361;946;3.2;26.2;218.0;14.5;5.5;76.7;0.4588;0.0091;0.0750;0.3250;
323.47;0;0;0;0;49;207;90;90;90;90;90;1672;361;946;3.2;26.2;215.5;14.5;5.5;76.7;0.4549;0.0107;0.1000;0.4750;
323.72;0;0;0;0;49;207;90;90;90;90;91;1679;361;946;3.2;26.8;213.0;14.5;5.5;76.7;0.4549;0.0118;0.1250;0.4750;
323.97;0;0;0;0;49;207;90;91;90;91;91;1677;361;946;3.2;26.8;212.5;14.5;5.5;76.7;0.4549;0.0133;0.1250;0.7250;
324.22;0;0;0;0;49;207;90;91;90;91;91;1685;361;946;3.2;27.0;213.0;14.5;5.5;76.7;0.4549;0.0141;0.1000;0.7000;
324.47;0;0;0;0;49;207;91;91;90;91;91;1682;361;946;3.2;27.0;212.5;14.5;5.5;76.7;0.4549;0.0146;0.1500;0.8750;
324.72;0;0;0;0;49;207;91;91;91;91;91;1688;361;946;3.2;27.3;210.0;14.5;5.5;76.7;0.4471;0.0148;0.1000;0.8250;
324.97;0;0;0;0;49;207;91;91;91;91;91;1690;361;946;3.2;27.3;203.5;14.5;5.5;76.7;0.4431;0.0157;0.2000;0.8500;
325.22;0;0;0;0;50;207;91;92;91;92;92;1700;361;946;3.2;28.0;201.0;14.5;5.5;76.7;0.4353;0.0157;0.2000;0.8250;
325.47;0;0;0;0;50;207;91;92;92;92;92;1703;361;946;3.2;28.4;194.5;14.5;5.5;76.7;0.4235;0.0163;0.2250;0.8000;
325.72;0;0;0;0;50;207;92;92;92;92;92;1705;361;946;3.2;28.4;183.0;14.5;5.5;76.7;0.4118;0.0166;0.2000;0.8500;
325.97;0;0;0;0;50;207;92;92;92;92;92;1708;361;946;3.2;29.2;179.0;14.5;5.5;76.7;0.4039;0.0171;0.2250;0.9250;
326.22;0;0;0;0;50;207;92;92;92;92;92;1715;361;946;3.2;30.1;178.5;14.5;5.5;76.7;0.4039;0.0171;0.1750;0.9750;
326.49;0;0;0;0;50;207;92;93;92;92;93;1715;361;946;3.2;30.1;177.5;14.5;5.5;76.7;0.4039;0.0166;0.1250;0.8500;
326.74;0;0;0;0;50;207;92;93;92;93;93;1722;361;946;3.2;30.4;177.0;14.5;5.5;76.7;0.4039;0.0148;0.1750;0.8250;
326.99;0;0;0;0;50;207;93;93;93;93;93;1723;361;946;3.2;30.4;175.5;14.5;5.5;76.7;0.4039;0.0082;0.1750;0.6750;
327.24;0;0;0;0;50;207;93;93;93;93;93;1732;361;946;3.2;30.8;173.5;14.5;5.5;76.7;0.4000;0.0062;0.2250;0.3750;
327.49;0;0;0;0;51;207;93;93;93;93;93;1734;361;946;3.2;30.9;172.0;14.5;5.5;76.7;0.4000;0.0036;0.2000;0.1000;
327.74;0;0;0;0;51;207;93;93;93;93;94;1736;361;946;3.2;30.9;167.0;14.5;5.5;76.7;0.3882;0.0025;0.2250;102.3750;
327.99;0;0;0;0;51;207;94;94;94;94;94;1739;361;946;3.2;30.7;163.5;14.5;5.5;76.7;0.3843;0.0018;0.2250;102.2750;
328.24;0;0;0;0;51;207;94;94;94;94;94;1745;361;946;3.2;30.5;156.5;14.5;5.5;76.7;0.3686;-0.0004;0.2750;102.2000;
328.49;0;0;0;0;51;207;94;94;94;94;95;1746;361;946;3.2;30.5;136.5;14.5;5.5;76.7;0.3490;-0.0022;0.2250;102.0500;
328.74;0;0;0;0;51;207;94;94;94;94;95;1751;361;946;3.2;30.5;123.5;14.5;5.5;76.7;0.3216;-0.0034;0.2250;102.2000;
328.99;0;0;0;0;51;207;95;95;94;94;95;1757;361;946;3.2;30.2;112.0;14.5;5.5;76.7;0.3098;-0.0041;0.2250;101.9750;
329.24;0;0;0;0;51;207;95;95;95;95;95;1760;361;946;3.2;29.6;106.0;14.5;5.5;76.7;0.2941;-0.0064;0.1500;102.0000;
329.49;0;0;0;0;51;207;95;95;95;95;95;1763;361;946;3.2;29.6;97.5;14.5;5.5;76.7;0.2863;-0.0064;0.1000;101.7500;
329.74;0;0;0;0;51;207;95;95;95;95;95;1759;361;946;3.2;29.0;84.0;14.5;5.5;76.7;0.2588;-0.0064;0.0250;101.8000;
329.99;0;0;0;0;52;207;95;95;95;95;95;1763;361;946;3.2;29.0;78.5;14.5;5.5;76.7;0.2588;-0.0054;0.0250;101.8500;
330.24;0;0;0;0;52;207;95;95;95;95;95;1764;361;946;3.2;28.6;77.0;14.5;5.5;76.7;0.2510;-0.0051;0.0500;101.9500;
330.49;0;0;0;0;52;207;95;95;95;95;95;1765;361;946;3.2;27.8;65.0;14.5;5.5;76.7;0.2353;-0.0051;0.0000;102.0750;
330.74;0;0;0;0;52;207;95;95;95;95;95;1762;361;946;3.2;27.8;63.5;14.5;5.5;76.7;0.2353;-0.0051;-0.0250;102.0250;
330.99;0;0;0;0;52;207;95;95;95;95;95;1765;361;946;3.2;27.5;62.0;14.5;5.5;76.7;0.2314;-0.0051;0.0000;101.9750;
331.24;0;0;0;0;52;207;95;95;95;95;95;1763;361;946;3.2;27.2;57.5;14.5;5.5;76.7;0.2235;-0.0041;-0.0500;101.9500;
331.50;0;0;0;0;52;207;95;95;95;95;95;1766;361;946;3.2;27.2;56.0;14.5;5.5;76.7;0.2275;-0.0025;-0.0500;102.1250;
331.75;0;0;0;0;52;207;95;95;95;95;95;1762;361;946;3.2;27.0;58.0;14.5;5.5;76.7;0.2275;-0.0014;-0.1000;102.2000;
332.00;0;0;0;0;52;207;95;95;95;95;95;1757;361;946;3.2;27.0;58.0;14.5;5.5;76.7;0.2275;0.0064;-0.1250;0.1250;
332.25;0;0;0;0;52;207;95;95;94;95;95;1757;361;946;3.2;27.3;58.5;14.5;5.5;76.7;0.2275;0.0091;-0.0750;0.3750;
332.50;0;0;0;0;52;207;94;95;94;95;95;1756;361;946;3.2;27.6;62.5;14.5;5.5;76.7;0.2314;0.0099;-0.0750;0.4750;
332.75;0;0;0;0;52;207;94;95;94;94;95;1752;361;946;3.2;27.6;63.0;14.5;5.5;76.7;0.2314;0.0107;-0.1750;0.5000;
333.00;0;0;0;0;53;207;94;94;94;94;95;1755;361;946;3.2;27.6;62.5;14.5;5.5;76.7;0.2314;0.0117;-0.1250;0.6750;
333.25;0;0;0;0;53;207;94;94;94;94;95;1751;361;946;3.2;28.0;63.0;14.5;5.5;76.7;0.2353;0.0145;-0.1000;0.7750;
333.50;0;0;0;0;53;207;94;95;94;94;94;1746;361;946;3.2;28.7;62.0;14.5;5.5;76.7;0.2314;0.0175;-0.2000;1.2250;
333.75;0;0;0;0;53;207;94;95;94;94;94;1749;361;946;3.2;28.7;62.0;14.5;5.5;76.7;0.2353;0.0189;-0.1000;1.4750;
334.00;0;0;0;0;53;207;94;94;94;94;94;1742;361;946;3.2;29.5;65.0;14.5;5.5;76.7;0.2353;0.0193;-0.1000;1.4000;
334.25;0;0;0;0;53;207;94;94;94;94;94;1739;361;946;3.2;30.5;63.5;14.5;5.5;76.7;0.2353;0.0193;-0.2000;1.4250;
334.50;0;0;0;0;53;207;94;94;93;94;94;1740;361;946;3.2;30.5;64.0;14.5;5.5;76.7;0.2353;0.0198;-0.1250;1.1000;
334.75;0;0;0;0;53;207;93;94;93;94;94;1740;361;946;3.2;31.4;64.5;14.5;5.5;76.7;0.2353;0.0222;-0.1250;1.4000;
335.00;0;0;0;0;53;207;93;94;93;94;94;1742;361;946;3.2;31.4;64.5;14.5;5.5;76.7;0.2353;0.0222;-0.1250;1.5500;
335.25;0;0;0;0;53;207;93;94;93;94;94;1738;361;946;3.2;32.1;64.5;14.5;5.5;76.7;0.2353;0.0217;-0.1250;1.5250;
335.50;0;0;0;0;53;207;93;94;93;94;94;1736;361;946;3.2;33.3;64.0;14.5;5.5;76.7;0.2353;0.0209;-0.1000;1.3250;
335.75;0;0;0;0;53;207;93;94;93;93;94;1735;361;946;3.2;33.3;64.5;14.5;5.5;76.7;0.2353;0.0194;-0.1250;1.4250;
336.00;0;0;0;0;53;207;93;93;93;93;94;1729;361;946;3.2;33.9;66.0;14.5;5.5;76.7;0.2353;0.0135;-0.1000;1.1500;
336.25;0;0;0;0;53;207;93;93;93;93;94;1728;361;946;3.2;34.3;64.5;14.5;5.5;76.7;0.2353;0.0092;-0.1000;0.6500;
336.51;0;0;0;0;53;207;93;93;93;93;93;1729;361;946;3.2;34.3;65.0;14.5;5.5;76.7;0.2353;0.0082;-0.0750;0.5250;
336.76;0;0;0;0;53;207;93;93;93;93;93;1728;361;946;3.2;34.3;65.5;14.5;5.5;76.7;0.2353;0.0069;-0.1500;0.3500;
337.01;0;0;0;0;53;207;93;93;93;93;93;1729;361;946;3.2;34.3;64.0;14.5;5.5;76.7;0.2353;0.0057;-0.1000;0.2750;
337.26;0;0;0;0;53;207;93;93;93;93;93;1730;361;946;3.2;34.0;65.5;14.5;5.5;76.7;0.2353;0.0051;-0.0250;0.2750;
337.51;0;0;0;0;53;207;93;93;93;93;93;1730;361;946;3.2;34.0;64.0;14.5;5.5;76.7;0.2353;0.0029;0.0000;0.0500;
337.76;0;0;0;0;54;207;93;93;93;93;93;1730;361;946;3.2;34.0;64.5;14.5;5.5;76.7;0.2353;-0.0008;-0.1000;102.2250;
338.01;0;0;0;0;54;207;93;93;93;93;93;1725;361;946;3.2;34.0;64.5;14.5;5.5;76.7;0.2353;-0.0022;-0.0750;102.1500;
338.26;0;0;0;0;54;207;93;93;93;93;93;1727;361;946;3.2;33.5;64.5;14.5;5.5;76.7;0.2353;-0.0031;-0.0250;102.0500;
338.51;0;0;0;0;54;207;93;93;93;93;93;1722;361;946;3.2;32.4;65.5;14.5;5.5;76.7;0.2353;-0.0029;-0.0750;102.2250;
338.76;0;0;0;0;54;207;93;93;93;93;93;1722;361;946;3.2;32.4;64.0;14.5;5.5;76.7;0.2353;-0.0013;-0.0500;102.2000;
339.01;0;0;0;0;54;207;93;93;93;93;93;1724;361;946;3.2;31.9;65.0;14.5;5.5;76.7;0.2353;0.0025;-0.0750;102.2250;
339.26;0;0;0;0;54;207;93;93;93;93;93;1723;361;946;3.2;31.1;65.5;14.5;5.5;76.7;0.2353;0.0046;-0.1000;0.1750;
339.51;0;0;0;0;54;207;93;93;92;93;93;1723;361;946;3.2;31.1;64.5;14.5;5.5;76.7;0.2353;0.0054;-0.0750;0.1500;
339.76;0;0;0;0;54;207;93;93;93;93;93;1721;361;946;3.2;30.0;65.0;14.5;5.5;76.7;0.2353;0.0057;-0.0750;0.0750;
340.01;0;0;0;0;54;207;92;93;92;93;93;1723;361;946;3.2;30.0;65.0;14.5;5.5;76.7;0.2392;0.0061;-0.0750;0.2250;
340.26;0;0;0;0;54;207;92;93;92;92;93;1718;361;946;3.2;29.8;65.0;14.5;5.5;76.7;0.2353;0.0067;-0.1000;0.2500;
340.51;0;0;0;0;54;207;92;93;92;92;93;1716;361;946;3.2;29.6;65.0;14.5;5.5;76.7;0.2392;0.0072;-0.1000;0.2000;
340.76;0;0;0;0;54;207;92;93;92;92;93;1718;361;946;3.2;29.6;64.5;14.5;5.5;76.7;0.2353;0.0077;-0.1500;0.2000;
341.01;0;0;0;0;54;207;92;92;92;92;92;1713;361;946;3.2;29.3;65.0;14.5;5.5;76.7;0.2392;0.0077;-0.1250;0.2750;
341.26;0;0;0;0;54;207;92;92;92;92;92;1713;361;946;3.2;29.3;65.0;14.5;5.5;76.7;0.2353;0.0079;-0.1000;0.3250;
341.53;0;0;0;0;54;207;92;92;92;92;92;1707;361;946;3.2;29.7;67.0;14.5;5.5;76.7;0.2392;0.0091;-0.1000;0.5750;
341.78;0;0;0;0;54;207;92;92;92;92;92;1704;361;946;3.2;29.7;66.5;14.5;5.5;76.7;0.2392;0.0095;-0.1500;0.4250;
342.03;0;0;0;0;54;207;92;92;92;92;92;1700;361;946;3.2;29.6;68.0;14.5;5.5;76.7;0.2392;0.0095;-0.2000;0.4750;
342.28;0;0;0;0;54;207;91;91;92;92;92;1699;361;946;3.2;29.8;66.5;14.5;5.5;76.7;0.2392;0.0100;-0.1500;0.4750;
342.53;0;0;0;0;54;207;92;92;91;92;92;1701;359;946;3.2;29.8;67.0;14.5;5.5;76.7;0.2392;0.0104;-0.1250;0.4250;
342.78;0;0;0;0;54;207;91;91;91;91;92;1694;359;946;3.2;30.4;67.5;14.5;5.5;76.7;0.2392;0.0104;-0.2750;0.3500;
343.03;0;0;0;0;54;207;91;91;91;91;91;1692;359;946;3.2;30.5;67.5;14.5;5.5;76.7;0.2392;0.0104;-0.2250;0.3250;
343.28;0;0;0;0;55;207;91;91;91;91;91;1687;359;946;3.2;30.5;67.5;14.5;5.5;76.7;0.2392;0.0104;-0.1750;0.4250;
343.53;0;0;0;0;55;207;91;91;91;91;91;1686;359;946;3.2;30.6;68.0;14.5;5.5;76.7;0.2392;0.0099;-0.1500;0.3500;
343.78;0;0;0;0;55;207;91;91;90;91;91;1684;359;946;3.2;30.6;67.5;14.5;5.5;76.7;0.2392;0.0066;-0.2000;0.1500;
344.03;0;0;0;0;55;207;91;90;90;91;91;1680;359;946;3.2;30.9;67.5;14.5;5.5;76.7;0.2392;0.0057;-0.2500;0.0250;
344.28;0;0;0;0;55;207;90;90;90;90;91;1676;359;946;3.2;30.6;67.5;14.5;5.5;76.7;0.2392;0.0029;-0.2250;0.0000;
344.53;0;0;0;0;55;207;90;90;90;90;90;1673;359;946;3.2;30.6;68.0;14.5;5.5;76.7;0.2392;0.0025;-0.1750;0.0250;
344.78;0;0;0;0;55;207;90;90;90;90;90;1669;359;946;3.2;30.3;68.0;14.5;5.5;76.7;0.2392;0.0038;-0.2250;0.0500;
345.03;0;0;0;0;55;207;90;90;90;90;90;1667;359;946;3.2;30.3;67.5;14.5;5.5;76.7;0.2392;0.0038;-0.2000;0.0000;
345.28;0;0;0;0;55;207;90;90;89;90;90;1661;359;946;3.2;30.3;68.0;14.5;5.5;76.7;0.2431;0.0031;-0.2250;102.3000;
345.53;0;0;0;0;55;207;89;89;89;89;90;1659;359;946;3.2;30.3;68.5;14.5;5.5;76.7;0.2392;0.0031;-0.2250;0.0500;
345.78;0;0;0;0;55;207;89;89;89;89;90;1654;359;946;3.2;30.1;67.0;14.5;5.5;76.7;0.2392;0.0001;-0.2000;0.0500;
346.03;0;0;0;0;55;207;89;89;89;89;89;1652;359;946;3.2;29.9;68.0;14.5;5.5;76.7;0.2392;0.0001;-0.1750;102.3000;
346.28;0;0;0;0;55;207;89;89;89;89;89;1649;359;946;3.2;29.9;67.5;14.5;5.5;76.7;0.2392;0.0001;-0.2500;102.3000;
346.54;0;0;0;0;55;207;88;89;89;89;89;1642;359;946;3.2;29.7;68.0;14.5;5.5;76.7;0.2392;0.0001;-0.2500;0.0250;
346.79;0;0;0;0;55;207;89;88;88;88;89;1641;359;946;3.2;29.7;68.0;14.5;5.5;76.7;0.2392;0.0003;-0.1750;102.3250;
347.04;0;0;0;0;55;207;88;89;88;89;89;1642;359;946;3.2;29.4;67.0;14.5;5.5;76.7;0.2392;0.0004;-0.1500;102.3000;
347.29;0;0;0;0;55;207;88;88;88;89;89;1639;359;946;3.2;29.1;67.5;14.5;5.5;76.7;0.2392;0.0008;-0.1500;102.3250;
347.54;0;0;0;0;55;207;88;88;88;88;88;1639;359;946;3.2;29.1;67.5;14.5;5.5;76.7;0.2392;0.0013;-0.1500;0.0000;
347.79;0;0;0;0;55;207;88;88;88;88;88;1638;359;946;3.2;29.1;67.0;14.5;5.5;76.7;0.2392;0.0008;-0.1000;102.1750;
348.04;0;0;0;0;55;207;88;88;88;88;88;1637;359;946;3.2;28.9;67.5;14.5;5.5;76.7;0.2431;0.0004;-0.1000;102.3500;
348.29;0;0;0;0;55;207;88;88;88;88;88;1634;359;946;3.2;28.9;66.5;14.5;5.5;76.7;0.2392;-0.0004;-0.1250;102.2500;
348.54;0;0;0;0;55;207;88;88;88;88;88;1631;359;946;3.2;28.8;67.5;14.5;5.5;76.7;0.2431;-0.0007;-0.1250;102.2500;
348.79;0;0;0;0;55;207;88;87;87;88;88;1625;359;946;3.2;28.8;68.0;14.5;5.5;76.7;0.2392;-0.0007;-0.2000;102.1750;
349.04;0;0;0;0;55;207;87;88;87;87;88;1621;359;946;3.2;28.9;68.5;14.5;5.5;76.7;0.2392;-0.0007;-0.1750;102.1500;
349.29;0;0;0;0;55;207;87;87;87;87;88;1619;359;946;3.2;28.9;68.5;14.5;5.5;76.7;0.2392;-0.0007;-0.1250;102.3250;
349.54;0;0;0;0;55;207;87;87;87;87;88;1621;359;946;3.2;28.9;66.5;14.5;5.5;76.7;0.2431;-0.0007;-0.1000;102.2000;
349.79;0;0;0;0;56;207;87;87;87;87;87;1615;359;946;3.2;28.9;67.0;14.5;5.5;76.7;0.2392;-0.0020;-0.2000;102.2500;
350.04;0;0;0;0;56;207;87;87;87;87;87;1616;359;946;3.2;28.6;68.0;14.5;5.5;76.7;0.2431;-0.0051;-0.1750;102.1250;
350.29;0;0;0;0;56;207;87;87;87;87;87;1617;359;946;3.2;28.6;67.5;14.5;5.5;76.7;0.2431;-0.0051;-0.1500;102.2500;
350.54;0;0;0;0;56;207;87;87;87;87;87;1613;359;946;3.2;28.6;68.5;14.5;5.5;76.7;0.2431;-0.0031;-0.0750;0.0250;
350.79;0;0;0;0;56;207;87;87;87;87;87;1610;359;946;3.2;28.4;68.0;14.5;5.5;76.7;0.2431;-0.0007;-0.1250;0.1000;
351.04;0;0;0;0;56;207;87;87;86;87;87;1607;359;946;3.2;28.5;68.0;14.5;5.5;76.7;0.2431;0.0004;-0.1500;0.1250;
351.29;0;0;0;0;56;207;86;86;86;86;87;1601;359;946;3.2;28.5;68.0;14.5;5.5;76.7;0.2392;0.0014;-0.1750;0.2500;
351.55;0;0;0;0;56;207;86;86;86;86;87;1607;359;946;3.2;28.7;67.0;14.5;5.5;76.7;0.2392;0.0022;-0.1500;0.2250;
351.80;0;0;0;0;56;207;86;86;86;86;86;1603;359;946;3.2;28.7;67.5;14.5;5.5;76.7;0.2392;0.0022;-0.2000;0.1750;
352.05;0;0;0;0;56;207;86;86;86;86;86;1596;359;946;3.2;28.9;68.5;14.5;5.5;76.7;0.2392;0.0025;-0.1750;0.4250;
352.30;0;0;0;0;56;207;86;86;86;86;86;1592;359;946;3.2;29.1;68.0;14.5;5.5;76.7;0.2392;0.0020;-0.1750;0.4750;
352.55;0;0;0;0;56;207;86;86;86;86;86;1589;359;946;3.2;29.1;67.0;14.5;5.5;76.7;0.2353;0.0004;-0.1500;0.2750;
352.80;0;0;0;0;56;207;86;86;85;86;86;1584;359;946;3.2;29.5;67.5;14.5;5.5;76.7;0.2392;0.0003;-0.1500;0.0500;
353.05;0;0;0;0;56;207;85;85;85;85;86;1588;359;946;3.2;29.8;66.0;14.5;5.5;76.7;0.2353;-0.0022;-0.2250;0.1250;
353.30;0;0;0;0;56;207;85;85;85;85;85;1583;359;946;3.2;29.8;66.0;14.5;5.5;76.7;0.2353;-0.0057;-0.1500;102.2750;
353.55;0;0;0;0;56;207;85;85;85;85;85;1582;359;946;3.2;29.7;63.5;14.5;5.5;76.7;0.1922;-0.0059;-0.1250;102.2750;
353.80;0;0;0;0;56;207;85;85;85;85;85;1561;359;946;3.2;29.7;-24.0;14.5;5.5;76.7;0.0000;-0.0067;-0.3750;102.0750;
354.05;0;0;0;0;56;207;85;85;84;84;85;1558;359;946;3.2;29.7;-35.5;14.5;5.5;76.7;0.0000;-0.0062;-0.3750;102.3000;
354.30;0;0;0;0;56;207;84;84;84;84;84;1558;359;946;3.2;29.7;-26.5;14.5;5.5;76.7;0.1059;-0.0049;-0.4500;102.3000;
354.55;0;0;0;0;56;207;84;84;84;83;84;1553;359;946;3.2;29.9;-10.0;14.5;5.5;76.7;0.0000;-0.0028;-0.4000;0.4500;
354.80;0;0;0;0;56;207;83;83;83;83;83;1541;359;946;3.2;29.9;-28.0;14.5;5.5;76.7;0.0000;-0.0029;-0.4000;0.1000;
355.05;0;0;0;0;56;207;83;83;83;83;83;1538;359;946;3.2;30.1;-38.0;14.5;5.5;76.7;0.0000;-0.0038;-0.4500;102.2500;
355.30;0;0;0;0;56;207;83;82;82;82;83;1527;359;946;3.2;30.3;-39.0;14.5;5.5;76.7;0.0000;-0.0041;-0.4750;102.3000;
355.55;0;0;0;0;56;207;82;82;82;82;82;1522;359;946;3.2;30.3;-39.0;14.5;5.5;76.7;0.0000;-0.0110;-0.5250;102.3500;
355.80;0;0;0;0;56;207;82;82;82;82;82;1518;359;946;3.2;30.5;-39.0;14.5;5.5;76.7;0.0000;-0.0135;-0.4000;102.0750;
356.05;0;0;0;0;56;207;82;81;81;81;82;1511;359;946;3.2;30.3;-39.0;14.5;5.5;76.7;0.0000;-0.0151;-0.4000;101.8000;
356.30;0;0;0;0;56;207;81;81;81;81;81;1504;359;946;3.2;30.3;-39.0;14.5;5.5;76.7;0.0000;-0.0171;-0.4750;101.6000;
356.57;0;0;0;0;56;207;81;81;81;80;81;1500;359;946;3.2;29.7;-39.0;14.5;5.5;76.7;0.0000;-0.0211;-0.2750;101.4250;
356.82;0;0;0;0;56;207;81;80;81;80;81;1495;359;946;3.2;29.0;-39.0;14.5;5.5;76.7;0.0000;-0.0211;-0.2250;101.6750;
357.07;0;0;0;0;56;207;80;80;80;80;80;1487;359;946;3.2;29.0;-39.0;14.5;5.5;76.7;0.0000;-0.0228;-0.4000;101.3500;
357.32;0;0;0;0;56;207;80;80;80;79;80;1483;359;946;3.2;28.7;-39.0;14.5;5.5;76.7;0.0000;-0.0238;-0.3750;100.5250;
357.57;0;0;0;0;56;207;80;80;80;79;80;1479;359;946;3.2;28.7;-39.0;14.5;5.5;76.7;0.0000;-0.0241;-0.2750;101.4750;
357.82;0;0;0;0;56;207;80;79;80;79;80;1478;359;946;3.2;28.1;-39.0;14.5;5.5;76.7;0.0000;-0.0243;-0.2250;100.7750;
358.07;0;0;0;0;56;207;79;79;80;79;80;1475;359;946;3.2;28.1;-39.0;14.5;5.5;76.7;0.0000;-0.0243;-0.2000;101.2500;
358.32;0;0;0;0;56;207;80;79;79;79;80;1473;359;946;3.2;27.7;-39.0;14.5;5.5;76.7;0.0000;-0.0241;-0.1500;100.9500;
358.57;0;0;0;0;56;207;79;79;79;79;79;1473;359;946;3.2;27.7;-39.0;14.5;5.5;76.7;0.0000;-0.0222;-0.1000;101.1000;
358.82;0;0;0;0;56;207;80;79;79;79;79;1471;359;946;3.2;27.5;-39.0;14.5;5.5;76.7;0.0000;-0.0204;-0.0500;101.4000;
359.07;0;0;0;0;56;207;80;79;79;79;79;1471;359;946;3.2;26.7;-39.0;14.5;5.5;76.7;0.0000;-0.0189;-0.0500;101.5000;
359.32;0;0;0;0;56;207;79;79;79;79;79;1468;359;946;3.2;26.7;-39.0;14.5;5.5;76.7;0.0000;-0.0172;-0.1000;101.1750;
359.57;0;0;0;0;56;207;79;79;79;79;79;1466;359;946;3.2;26.4;-39.0;14.5;5.5;76.7;0.0000;-0.0133;-0.1250;101.8250;
359.82;0;0;0;0;56;207;79;79;79;79;79;1469;359;946;3.2;26.2;-39.0;14.5;5.5;76.7;0.0000;-0.0095;-0.0250;102.1250;
360.07;0;0;0;0;56;207;79;79;79;79;79;1466;359;946;3.2;26.2;-39.0;14.5;5.5;76.7;0.0000;-0.0074;-0.1000;102.3500;
360.32;0;0;0;0;56;207;79;79;79;79;79;1465;359;946;3.2;26.0;-39.0;14.5;5.5;76.7;0.0000;-0.0057;-0.1000;101.9750;
360.57;0;0;0;0;56;207;79;79;79;79;79;1466;359;946;3.2;26.0;-39.0;14.5;5.5;76.7;0.0000;-0.0047;-0.0750;0.1250;
360.82;0;0;0;0;56;207;79;79;79;79;79;1461;359;946;3.2;26.8;-39.0;14.5;5.5;76.7;0.0000;-0.0039;-0.1250;0.0750;
361.07;0;0;0;0;56;207;79;79;78;78;79;1460;359;946;3.2;27.4;-39.0;14.5;5.5;76.7;0.0000;-0.0031;-0.1500;0.0000;
361.32;0;0;0;0;56;207;78;78;78;78;79;1455;359;946;3.2;27.4;-39.0;14.5;5.5;76.7;0.0000;-0.0020;-0.2000;0.0250;
361.58;0;0;0;0;56;207;78;79;78;78;78;1455;359;946;3.2;27.2;-39.0;14.5;5.5;76.7;0.0000;-0.0009;-0.1000;102.3500;
361.83;0;0;0;0;56;207;78;79;78;78;79;1453;359;946;3.2;28.2;-39.0;14.5;5.5;76.7;0.0000;0.0001;-0.0500;0.1750;
362.08;0;0;0;0;56;207;78;78;78;78;78;1452;359;946;3.2;28.2;-39.0;14.5;5.5;76.7;0.0000;0.0022;-0.1000;0.2500;
362.33;0;0;0;0;56;207;78;78;78;78;78;1449;359;946;3.2;28.2;-39.0;14.5;5.5;76.7;0.0000;0.0031;-0.1750;0.8250;
362.58;0;0;0;0;56;207;78;78;78;78;78;1446;359;946;3.2;29.1;-39.0;14.5;5.5;76.7;0.0000;0.0036;-0.1500;0.6750;
362.83;0;0;0;0;56;207;78;78;78;78;78;1445;359;946;3.2;29.4;-39.0;14.5;5.5;76.7;0.0000;0.0036;-0.1250;0.3250;
363.08;0;0;0;0;56;207;78;78;78;78;78;1445;359;946;3.2;29.4;-39.0;14.5;5.5;76.7;0.0000;0.0038;-0.1750;0.1750;
363.33;0;0;0;0;56;207;78;77;77;77;78;1439;359;946;3.2;30.4;-39.0;14.5;5.5;76.7;0.0000;0.0044;-0.1500;0.6500;
363.58;0;0;0;0;56;207;77;78;77;77;77;1440;359;946;3.2;30.4;-39.0;14.5;5.5;76.7;0.0000;0.0047;-0.1750;0.0500;
363.83;0;0;0;0;56;207;77;77;77;77;77;1432;359;946;3.2;30.8;-39.0;14.5;5.5;76.7;0.0000;0.0047;-0.2000;0.2750;
364.08;0;0;0;0;56;207;77;77;77;77;77;1430;359;946;3.2;30.9;-39.0;14.5;5.5;76.7;0.0000;0.0047;-0.2000;0.1250;
364.33;0;0;0;0;56;207;77;77;77;77;77;1426;359;946;3.2;30.9;-39.0;14.5;5.5;76.7;0.0000;0.0026;-0.2250;0.2750;
364.58;0;0;0;0;56;207;77;77;76;76;77;1425;359;946;3.2;31.4;-39.0;14.5;5.5;76.7;0.0000;0.0014;-0.2000;0.0250;
364.83;0;0;0;0;56;207;76;76;76;76;77;1416;359;946;3.2;31.3;-39.0;14.5;5.5;76.7;0.0000;0.0014;-0.2500;0.3250;
365.08;0;0;0;0;56;207;76;76;76;76;76;1415;359;946;3.2;31.3;-39.0;14.5;5.5;76.7;0.0000;0.0011;-0.2250;102.3750;
365.33;0;0;0;0;56;207;76;76;76;76;76;1410;359;946;3.2;31.1;-39.0;14.5;5.5;76.7;0.0000;0.0004;-0.2500;0.0000;
365.58;0;0;0;0;56;207;76;76;75;76;76;1404;357;946;3.2;31.1;-39.0;14.5;5.5;76.7;0.0000;-0.0049;-0.2750;102.2250;
365.83;0;0;0;0;56;207;75;76;75;75;76;1400;357;946;3.2;31.6;-39.0;14.5;5.5;76.7;0.0000;-0.0054;-0.2750;102.0500;
366.08;0;0;0;0;56;207;75;75;75;75;75;1396;357;946;3.2;31.3;-39.0;14.5;5.5;76.7;0.0000;-0.0038;-0.2750;102.1250;
366.33;0;0;0;0;56;207;75;75;75;75;75;1389;357;946;3.2;31.3;-39.0;14.5;5.5;76.7;0.0000;-0.0022;-0.3500;102.1250;
366.59;0;0;0;0;56;207;75;75;74;74;75;1382;357;946;3.2;31.3;-39.0;14.5;5.5;76.7;0.0000;-0.0001;-0.3500;102.2750;
366.84;0;0;0;0;56;207;74;74;74;74;74;1379;357;946;3.2;30.8;-39.0;14.5;5.5;76.7;0.0000;0.0013;-0.3750;102.3250;
367.09;0;0;0;0;56;207;74;74;74;74;74;1371;357;946;3.2;30.6;-39.0;14.5;5.5;76.7;0.0000;0.0026;-0.3500;102.3000;
367.34;0;0;0;0;56;207;73;74;73;73;74;1366;357;946;3.2;30.6;-39.0;14.5;5.5;76.7;0.0000;0.0046;-0.3500;0.1500;
367.59;0;0;0;0;56;207;73;73;73;73;73;1359;357;946;3.2;30.4;-39.0;14.5;5.5;76.7;0.0000;0.0061;-0.4000;0.0000;
367.84;0;0;0;0;56;207;73;73;73;73;73;1353;357;946;3.2;30.2;-39.0;14.5;5.5;76.7;0.0000;0.0069;-0.3750;0.0250;
368.09;0;0;0;0;56;207;73;73;72;72;73;1346;357;946;3.2;30.2;-39.0;14.5;5.5;76.7;0.0000;0.0074;-0.3750;0.0000;
368.34;0;0;0;0;56;207;72;72;72;72;72;1343;357;946;3.2;30.3;-39.0;14.5;5.5;76.7;0.0000;0.0084;-0.3500;0.0250;
368.59;0;0;0;0;56;207;72;72;72;72;72;1332;357;946;3.2;30.3;-39.0;14.5;5.5;76.7;0.0353;0.0107;-0.4000;0.2000;
368.84;0;0;0;0;55;207;71;72;71;72;72;1333;357;946;3.2;30.2;-15.5;14.5;5.5;76.7;0.1176;0.0120;-0.4250;0.1500;
369.09;0;0;0;0;55;207;71;71;71;71;72;1335;357;946;3.2;30.1;19.0;14.5;5.5;76.7;0.2118;0.0132;-0.3250;0.1500;
369.34;0;0;0;0;55;207;71;71;71;71;71;1326;357;946;3.2;30.1;42.5;14.5;5.5;76.7;0.2196;0.0140;-0.3250;0.4500;
369.59;0;0;0;0;55;207;71;71;71;71;71;1325;357;946;3.2;30.2;69.0;14.5;5.5;76.7;0.2627;0.0158;-0.2000;0.4000;
369.84;0;0;0;0;55;207;71;71;71;71;71;1322;357;946;3.2;30.2;82.0;14.5;5.5;76.7;0.2667;0.0163;-0.1750;0.6000;
370.09;0;0;0;0;55;207;71;71;71;71;71;1317;357;946;3.2;30.2;91.0;14.5;5.5;76.7;0.2784;0.0162;-0.1500;0.5250;
370.34;0;0;0;0;55;207;71;71;71;71;71;1317;357;946;3.2;30.3;96.5;14.5;5.5;76.7;0.2863;0.0151;-0.1000;0.5000;
370.59;0;0;0;0;55;207;71;71;71;71;71;1316;357;946;3.2;30.3;107.5;14.5;5.5;76.7;0.3059;0.0118;-0.0250;0.5250;
370.84;0;0;0;0;55;207;71;71;71;71;71;1316;357;946;3.2;30.7;117.0;14.5;5.5;76.7;0.3255;0.0109;-0.0500;0.5000;
371.09;0;0;0;0;55;207;71;71;71;71;71;1320;357;946;3.2;30.7;133.5;14.5;5.5;76.7;0.3412;0.0070;-0.0750;0.2750;
371.34;0;0;0;0;55;207;70;71;71;71;71;1322;357;946;3.2;30.7;138.0;14.5;5.5;76.7;0.3412;0.0025;-0.0500;0.0000;
371.60;0;0;0;0;55;207;71;71;71;71;71;1315;357;946;3.2;30.7;141.0;14.5;5.5;76.7;0.3412;-0.0007;-0.0250;0.0000;
371.85;0;0;0;0;55;207;71;71;71;71;71;1314;357;946;3.2;30.5;140.0;14.5;5.5;76.7;0.3412;-0.0004;0.0000;0.0250;
372.10;0;0;0;0;55;207;71;71;71;71;71;1317;357;946;3.2;30.1;138.5;14.5;5.5;76.7;0.3373;0.0004;0.0000;102.3000;
372.35;0;0;0;0;55;207;71;71;70;71;71;1320;357;946;3.2;30.1;135.5;14.5;5.5;76.7;0.3333;0.0004;-0.0500;102.1250;
372.60;0;0;0;0;55;207;70;71;71;71;71;1310;357;946;3.2;29.8;132.0;14.5;5.5;76.7;0.3255;0.0004;-0.0750;102.2250;
372.85;0;0;0;0;55;207;70;71;70;70;71;1309;357;946;3.2;29.4;131.0;14.5;5.5;76.7;0.3255;-0.0004;-0.0750;102.2250;
373.10;0;0;0;0;55;207;70;70;70;70;71;1310;357;946;3.2;29.4;128.5;14.5;5.5;76.7;0.3216;-0.0021;-0.1500;102.1500;
373.35;0;0;0;0;55;207;70;70;70;70;70;1313;357;946;3.2;28.9;127.0;14.5;5.5;76.7;0.3216;-0.0028;-0.1750;102.1500;
373.60;0;0;0;0;55;207;70;70;70;70;70;1303;357;946;3.2;28.9;127.0;14.5;5.5;76.7;0.3216;-0.0029;-0.1750;102.0250;
373.85;0;0;0;0;55;207;70;70;70;70;70;1297;357;946;3.2;28.6;126.0;14.5;5.5;76.7;0.3216;-0.0028;-0.2250;102.2000;
374.10;0;0;0;0;55;207;70;70;70;70;70;1293;357;946;3.2;28.2;125.0;14.5;5.5;76.7;0.3216;-0.0028;-0.2000;102.3000;
374.35;0;0;0;0;55;207;69;70;69;69;70;1294;357;946;3.2;28.2;124.0;14.5;5.5;76.7;0.3216;-0.0026;-0.2000;102.1750;
374.60;0;0;0;0;55;207;69;69;69;69;69;1295;357;946;3.2;27.8;120.5;14.5;5.5;76.7;0.3137;-0.0020;-0.2500;102.3250;
374.85;0;0;0;0;55;207;69;69;69;69;69;1287;357;946;3.2;27.8;117.5;14.5;5.5;76.7;0.3098;-0.0013;-0.2000;102.3250;
375.10;0;0;0;0;55;207;69;69;69;69;69;1279;357;946;3.2;27.4;114.0;14.5;5.5;76.7;0.2980;-0.0007;-0.2500;0.0500;
375.35;0;0;0;0;55;207;69;69;69;69;69;1274;357;946;3.2;27.4;105.0;14.5;5.5;76.7;0.2784;0.0000;-0.2500;102.2250;
375.60;0;0;0;0;55;207;69;69;69;68;69;1274;357;946;3.2;27.2;84.5;14.5;5.5;76.7;0.2471;0.0001;-0.2250;102.2500;
375.85;0;0;0;0;55;207;68;68;68;68;68;1271;357;946;3.2;27.1;72.0;14.5;5.5;76.7;0.2314;0.0007;-0.2500;0.0000;
376.10;0;0;0;0;55;207;68;68;68;68;68;1268;357;946;3.2;27.1;57.0;14.5;5.5;76.7;0.2157;0.0011;-0.2750;102.2000;
376.35;0;0;0;0;55;207;68;68;68;68;68;1265;357;946;3.2;27.4;54.5;14.5;5.5;76.7;0.2157;0.0020;-0.3250;0.1750;
376.62;0;0;0;0;55;207;68;68;68;67;68;1257;357;946;3.2;27.6;56.0;14.5;5.5;76.7;0.2196;0.0031;-0.2750;0.4250;
376.87;0;0;0;0;55;207;67;67;67;67;67;1250;357;946;3.2;27.6;57.0;14.5;5.5;76.7;0.2196;0.0036;-0.3500;0.2750;
377.12;0;0;0;0;55;207;67;67;67;67;67;1246;357;946;3.2;27.7;56.5;14.5;5.5;76.7;0.2196;0.0046;-0.2500;0.0000;
377.37;0;0;0;0;55;207;67;67;67;67;67;1246;357;946;3.2;27.7;58.5;14.5;5.5;76.7;0.2196;0.0044;-0.1500;0.0750;
377.62;0;0;0;0;55;207;67;67;66;67;67;1243;357;946;3.2;28.2;57.5;14.5;5.5;76.7;0.2235;0.0043;-0.2000;0.7000;
377.87;0;0;0;0;55;207;66;67;67;66;67;1243;357;946;3.2;28.6;59.5;14.5;5.5;76.7;0.2275;0.0043;-0.1000;0.5750;
378.12;0;0;0;0;55;207;66;66;66;66;67;1236;357;946;3.2;28.6;57.5;14.5;5.5;76.7;0.2196;0.0043;-0.2000;0.3250;
378.37;0;0;0;0;55;207;67;66;66;66;67;1236;357;946;3.2;28.9;57.0;14.5;5.5;76.7;0.2196;0.0034;-0.1750;102.2000;
378.62;0;0;0;0;55;207;66;66;66;66;67;1235;357;946;3.2;29.2;59.5;14.5;5.5;76.7;0.2235;0.0022;-0.1250;102.3250;
378.87;0;0;0;0;55;207;66;66;66;66;66;1235;357;946;3.2;29.2;58.5;14.5;5.5;76.7;0.2196;0.0013;-0.1000;0.1500;
379.12;0;0;0;0;55;207;66;66;66;66;66;1237;357;946;3.2;29.2;58.0;14.5;5.5;76.7;0.2196;0.0014;-0.0500;0.0000;
379.37;0;0;0;0;56;207;66;66;66;66;66;1234;357;946;3.2;29.6;58.0;14.5;5.5;76.7;0.2196;0.0018;-0.0250;0.1250;
379.62;0;0;0;0;56;207;67;66;66;66;66;1236;357;946;3.2;29.8;53.5;14.4;5.5;76.7;0.2157;0.0025;-0.0750;102.3000;
379.87;0;0;0;0;56;207;66;66;66;66;66;1232;357;946;3.2;29.8;54.5;14.4;5.5;76.7;0.2157;0.0036;-0.0250;0.7750;
380.12;0;0;0;0;56;207;66;67;66;66;67;1233;357;946;3.2;30.2;54.5;14.4;5.5;76.7;0.2118;0.0036;0.0500;0.0000;
380.37;0;0;0;0;56;207;66;67;66;66;67;1234;357;946;3.2;30.2;50.5;14.5;5.5;76.7;0.2039;0.0043;0.0500;0.5750;
380.62;0;0;0;0;56;207;66;67;66;66;67;1237;357;946;3.2;30.4;47.5;14.5;5.5;76.7;0.2000;0.0041;0.0000;102.2750;
380.87;0;0;0;0;56;207;67;67;66;66;67;1241;357;946;3.2;30.6;43.5;14.5;5.5;76.7;0.1961;0.0041;0.0500;0.1500;
381.12;0;0;0;0;56;207;67;67;67;67;67;1243;357;946;3.2;30.6;44.0;14.5;5.5;76.7;0.1961;0.0033;0.1000;0.1750;
381.37;0;0;0;0;56;207;67;67;67;67;67;1240;356;946;3.2;30.8;43.0;14.5;5.5;76.7;0.1961;-0.0003;-0.0250;0.1250;
381.63;0;0;0;0;56;207;67;67;67;66;67;1241;356;946;3.2;30.9;41.5;14.5;5.5;76.7;0.1961;-0.0049;0.1000;0.3750;
381.88;0;0;0;0;56;207;67;67;67;67;67;1242;356;946;3.2;30.9;41.5;14.5;5.5;76.7;0.1961;-0.0067;0.0000;0.0000;
382.13;0;0;0;0;56;207;67;67;67;67;67;1246;356;946;3.2;30.6;41.0;14.5;5.5;76.7;0.1961;-0.0088;0.0250;102.3000;
382.38;0;0;0;0;56;207;67;67;67;67;67;1248;356;946;3.2;30.6;41.0;14.5;5.5;76.7;0.1961;-0.0091;0.0000;102.3250;
382.63;0;0;0;0;56;207;67;67;67;67;67;1251;356;946;3.2;30.3;42.0;14.5;5.5;76.7;0.1961;-0.0086;0.1000;0.0250;
382.88;0;0;0;0;56;207;68;68;67;67;68;1252;356;946;3.2;30.2;41.5;14.5;5.5;76.7;0.1961;-0.0080;0.1250;0.0250;
383.13;0;0;0;0;56;207;68;68;68;67;68;1256;356;946;3.2;30.2;41.0;14.5;5.5;76.7;0.1961;-0.0074;0.0750;102.2750;
383.38;0;0;0;0;56;207;68;68;68;68;68;1261;356;946;3.2;30.2;41.0;14.5;5.5;76.7;0.1961;-0.0041;0.1500;0.0000;
383.63;0;0;0;0;56;207;68;68;68;68;68;1266;356;946;3.2;30.2;41.0;14.5;5.5;76.7;0.1961;-0.0041;0.2000;102.3500;
383.88;0;0;0;0;56;207;68;68;68;68;68;1265;356;946;3.2;29.7;40.0;14.5;5.5;76.7;0.1922;-0.0038;0.1500;0.0000;
384.13;0;0;0;0;56;207;68;68;68;68;68;1271;356;946;3.2;29.7;40.0;14.5;5.5;76.7;0.1922;-0.0029;0.1750;0.0500;
384.38;0;0;0;0;56;207;69;69;69;68;69;1276;356;946;3.2;29.7;38.5;14.5;5.5;76.7;0.1882;-0.0054;0.2250;0.0500;
384.63;0;0;0;0;56;207;69;69;69;69;69;1278;356;946;3.2;29.6;38.5;14.5;5.5;76.7;0.1882;-0.0070;0.2250;102.3750;
384.88;0;0;0;0;56;207;69;69;69;69;69;1282;356;946;3.2;29.6;38.0;14.5;5.5;76.7;0.1882;-0.0084;0.1250;0.0250;
385.13;0;0;0;0;56;207;69;69;69;69;69;1287;356;946;3.2;29.1;36.5;14.5;5.5;76.7;0.1843;-0.0097;0.1750;101.9750;
385.38;0;0;0;0;56;207;70;70;69;69;69;1289;356;946;3.2;29.1;37.0;14.5;5.5;76.7;0.1843;-0.0107;0.1750;102.0750;
385.63;0;0;0;0;56;207;70;70;70;69;70;1296;356;946;3.2;29.0;37.5;14.5;5.5;76.7;0.1882;-0.0104;0.2500;0.0000;
385.88;0;0;0;0;56;207;70;70;70;70;70;1291;356;946;3.2;28.7;37.0;14.5;5.5;76.7;0.1882;-0.0099;0.0750;0.0500;
386.13;0;0;0;0;56;207;70;70;70;70;70;1297;356;946;3.2;28.7;38.0;14.5;5.5;76.7;0.1882;-0.0093;0.0750;102.3750;
386.38;0;0;0;0;56;207;70;70;70;70;70;1301;356;946;3.2;28.6;38.5;14.5;5.5;76.7;0.1882;-0.0047;0.1500;0.1500;
386.64;0;0;0;0;56;207;70;70;70;70;70;1297;356;946;3.2;28.7;38.5;14.5;5.5;76.7;0.1882;-0.0031;0.0000;0.2500;
386.89;0;0;0;0;56;207;70;70;70;70;70;1299;356;946;3.2;28.7;38.0;14.5;5.5;76.7;0.1843;-0.0029;-0.0500;0.0750;
387.14;0;0;0;0;56;207;70;70;70;70;70;1298;356;946;3.2;28.9;37.0;14.5;5.5;76.7;0.1882;-0.0003;-0.0500;0.0000;
387.39;0;0;0;0;56;207;70;70;70;70;70;1295;356;946;3.2;28.9;35.0;14.5;5.5;76.7;0.1765;0.0067;-0.1000;0.2500;
387.64;0;0;0;0;56;207;70;70;70;70;70;1299;356;946;3.2;28.6;33.0;14.5;5.5;76.7;0.1765;0.0100;-0.0500;0.3750;
387.89;0;0;0;0;56;207;70;70;69;70;70;1297;356;946;3.2;28.6;32.0;14.5;5.5;76.7;0.1765;0.0112;-0.0250;0.2000;
388.14;0;0;0;0;56;207;70;70;69;70;70;1297;356;946;3.2;29.1;32.0;14.5;5.5;76.7;0.1765;0.0125;-0.0500;0.3250;
388.39;0;0;0;0;56;207;70;70;69;70;70;1274;356;946;3.2;29.1;-4.0;14.5;5.5;76.7;0.0000;0.0153;-0.0750;0.3250;
388.64;0;0;0;0;56;207;69;70;69;69;70;1286;356;946;3.2;29.4;-25.5;14.5;5.5;76.7;0.0000;0.0153;-0.1750;0.5500;
388.89;0;0;0;0;56;207;69;69;69;69;69;1286;356;946;3.2;29.1;-22.0;14.5;5.5;76.7;0.1412;0.0157;-0.2000;0.5250;
389.14;0;0;0;0;56;207;69;69;69;69;69;1286;356;946;3.2;29.1;5.5;14.5;5.5;76.7;0.1529;0.0163;-0.2500;0.3500;
389.39;0;0;0;0;56;207;69;69;69;69;69;1254;356;946;3.2;29.9;-13.5;14.5;5.5;76.7;0.0000;0.0222;-0.1750;0.7250;
389.64;0;0;0;0;56;207;69;69;68;69;69;1276;356;946;3.2;30.2;-30.0;14.5;5.5;76.7;0.0000;0.0234;-0.2000;0.7000;
389.89;0;0;0;0;56;207;68;69;68;69;69;1268;356;946;3.2;30.2;-45.5;14.5;5.5;76.7;0.0000;0.0241;-0.2750;0.7500;
390.14;0;0;0;0;56;207;68;68;68;68;68;1265;356;946;3.2;30.6;-45.5;14.5;5.5;76.7;0.0000;0.0243;-0.3250;0.9000;
390.39;0;0;0;0;56;207;68;68;67;68;68;1259;356;946;3.2;30.6;-45.5;14.5;5.5;76.7;0.0000;0.0242;-0.3500;0.8250;
390.64;0;0;0;0;56;207;67;68;67;68;68;1252;356;946;3.2;31.4;-45.5;14.5;5.5;76.7;0.0000;0.0242;-0.4250;0.9000;
390.89;0;0;0;0;56;207;67;67;67;67;67;1245;356;946;3.2;32.0;-45.5;14.5;5.5;76.7;0.0000;0.0242;-0.4000;0.7750;
391.14;0;0;0;0;56;207;66;67;66;67;67;1237;356;946;3.2;32.0;-45.5;14.5;5.5;76.7;0.0000;0.0255;-0.4500;0.9250;
391.39;0;0;0;0;56;207;66;67;66;66;66;1232;356;946;3.2;32.2;-45.5;14.5;5.5;76.7;0.0000;0.0285;-0.4250;0.9250;
391.67;0;0;0;0;56;207;66;66;65;66;66;1226;356;946;3.2;32.2;-45.5;14.5;5.5;76.7;0.0000;0.0291;-0.4250;0.7250;
391.92;0;0;0;0;56;207;65;66;65;66;66;1216;356;946;3.2;33.1;-45.0;14.5;5.5;76.7;0.0000;0.0293;-0.4250;1.0000;
392.17;0;0;0;0;56;207;65;66;65;65;65;1212;356;946;3.2;33.1;-45.0;14.5;5.5;76.7;0.0000;0.0307;-0.3750;1.1000;
392.42;0;0;0;0;56;207;64;65;64;65;65;1204;356;946;3.2;33.7;-45.0;14.5;5.5;76.7;0.0000;0.0321;-0.4250;1.0750;
392.67;0;0;0;0;56;207;64;65;64;65;65;1200;356;946;3.2;33.7;-45.0;14.5;5.5;76.7;0.0000;0.0334;-0.4000;1.2250;
392.92;0;0;0;0;56;207;64;65;64;64;64;1195;356;946;3.2;33.7;-45.0;14.5;5.5;76.7;0.0000;0.0334;-0.3750;1.3500;
393.17;0;0;0;0;56;207;64;64;64;64;64;1191;356;946;3.2;34.6;-45.0;14.5;5.5;76.7;0.0000;0.0334;-0.2750;1.1500;
393.42;0;0;0;0;56;207;64;64;63;64;64;1185;356;946;3.2;35.3;-45.0;14.5;5.5;76.7;0.0000;0.0333;-0.3250;1.0250;
393.67;0;0;0;0;56;207;63;64;63;64;64;1183;356;946;3.2;35.3;-45.0;14.5;5.5;76.7;0.0000;0.0330;-0.2250;1.3000;
393.92;0;0;0;0;56;207;63;64;63;63;64;1177;356;946;3.2;35.3;-45.0;14.5;5.5;76.7;0.0000;0.0312;-0.1750;1.0000;
394.17;0;0;0;0;56;207;63;64;63;63;63;1174;356;946;3.2;35.3;-45.0;14.5;5.5;76.7;0.0000;0.0288;-0.1750;0.9000;
394.42;0;0;0;0;56;207;63;63;63;63;63;1175;356;946;3.2;35.6;-45.0;14.5;5.5;76.7;0.0000;0.0288;-0.1500;0.9250;
394.67;0;0;0;0;56;207;63;63;63;63;63;1175;356;946;3.2;35.9;-45.0;14.5;5.5;76.7;0.0000;0.0293;-0.1000;1.0000;
394.92;0;0;0;0;56;207;63;63;63;63;63;1173;356;946;3.2;35.9;-45.0;14.5;5.5;76.7;0.0000;0.0293;-0.1000;1.3250;
395.17;0;0;0;0;56;207;63;63;63;63;63;1170;356;946;3.2;35.7;-45.0;14.5;5.5;76.7;0.0000;0.0291;-0.1500;1.1500;
395.42;0;0;0;0;56;207;63;63;63;63;63;1170;356;946;3.2;36.2;-45.0;14.5;5.5;76.7;0.0000;0.0288;-0.1000;1.0250;
395.67;0;0;0;0;56;207;63;63;62;63;63;1170;356;946;3.2;36.2;-45.0;14.5;5.5;76.7;0.0000;0.0283;-0.1250;0.9000;
395.92;0;0;0;0;56;207;62;63;62;63;63;1169;356;946;3.2;36.2;-45.0;14.5;5.5;76.7;0.0000;0.0272;-0.1000;1.0500;
396.17;0;0;0;0;56;207;63;63;62;63;63;1167;356;946;3.2;36.3;-45.0;14.5;5.5;76.7;0.0000;0.0232;0.0000;0.7750;
396.42;0;0;0;0;56;207;63;63;63;63;63;1167;356;946;3.2;35.9;-45.0;14.5;5.5;76.7;0.0000;0.0178;0.0000;0.6750;
396.68;0;0;0;0;56;207;63;63;63;63;63;1174;356;946;3.2;35.9;-45.0;14.5;5.5;76.7;0.0000;0.0145;0.0750;0.6500;
396.93;0;0;0;0;56;207;63;63;63;63;63;1173;356;946;3.2;36.0;-45.0;14.5;5.5;76.7;0.0000;0.0117;0.0250;0.0250;
397.18;0;0;0;0;56;207;63;63;63;63;63;1177;356;946;3.2;36.0;-45.0;14.5;5.5;76.7;0.0000;0.0102;0.0500;0.2750;
397.43;0;0;0;0;56;207;63;63;63;63;63;1177;356;946;3.2;35.3;-45.0;14.5;5.5;76.7;0.0000;0.0033;0.0750;0.0000;
397.68;0;0;0;0;56;207;63;63;63;63;64;1178;356;946;3.2;34.3;-45.0;14.5;5.5;76.7;0.0000;-0.0033;0.0500;102.0000;
397.93;0;0;0;0;56;207;64;64;63;63;64;1182;356;946;3.2;34.3;-45.0;14.5;5.5;76.7;0.0000;-0.0064;0.0750;0.0000;
398.18;0;0;0;0;56;207;64;63;63;63;64;1182;356;946;3.2;34.2;-45.0;14.5;5.5;76.7;0.0000;-0.0128;0.0500;101.8000;
398.43;0;0;0;0;56;207;64;64;63;63;64;1182;356;946;3.2;33.0;-45.0;14.5;5.5;76.7;0.0000;-0.0143;0.0750;101.7250;
398.68;0;0;0;0;56;207;64;63;64;63;64;1182;356;946;3.2;33.0;-45.0;14.5;5.5;76.7;0.0000;-0.0150;0.0500;102.0750;
398.93;0;0;0;0;56;207;64;64;64;63;64;1182;356;946;3.2;31.9;-45.0;14.5;5.5;76.7;0.0000;-0.0146;0.0500;101.4750;
399.18;0;0;0;0;56;207;64;64;64;63;64;1184;356;946;3.2;31.9;-45.5;14.5;5.5;76.7;0.0000;-0.0140;-0.0250;101.7000;
399.43;0;0;0;0;56;207;64;64;64;63;64;1186;356;946;3.2;31.8;-45.5;14.5;5.5;76.7;0.0000;-0.0130;0.0500;0.1250;
399.68;0;0;0;0;56;207;64;64;64;64;64;1186;356;946;3.2;30.5;-45.5;14.5;5.5;76.7;0.0000;-0.0127;0.0000;101.9250;
399.93;0;0;0;0;56;207;64;64;64;64;64;1186;356;946;3.2;30.5;-45.5;14.5;5.5;76.7;0.0000;-0.0130;0.0250;102.1750;
400.18;0;0;0;0;56;207;64;64;64;63;64;1183;356;946;3.2;30.5;-45.5;14.5;5.5;76.7;0.0000;-0.0138;-0.1250;101.7250;
400.43;0;0;0;0;56;207;64;64;64;63;64;1185;356;946;3.2;29.7;-45.5;14.5;5.5;76.7;0.0000;-0.0162;-0.1000;102.2250;
400.68;0;0;0;0;56;207;64;64;64;64;64;1187;356;946;3.2;29.5;-45.5;14.5;5.5;76.7;0.0000;-0.0202;0.0000;101.3500;
400.93;0;0;0;0;56;207;64;64;64;64;64;1187;356;946;3.2;29.5;-45.5;14.5;5.5;76.7;0.0000;-0.0202;0.0000;102.3500;
401.18;0;0;0;0;56;207;64;64;64;64;64;1182;356;946;3.2;28.5;-45.5;14.5;5.5;76.7;0.0000;-0.0140;-0.1750;101.9750;
401.43;0;0;0;0;56;207;64;64;64;63;64;1185;356;946;3.2;28.5;-45.5;14.5;5.5;76.7;0.0000;-0.0114;-0.0500;102.1750;
401.70;0;0;0;0;56;207;63;63;63;63;63;1176;356;946;3.2;28.5;-45.0;14.5;5.5;76.7;0.0000;-0.0105;-0.2750;0.0500;
401.95;0;0;0;0;56;207;64;63;63;63;64;1178;356;946;3.2;28.7;-45.0;14.5;5.5;76.7;0.0000;-0.0104;-0.1750;0.0000;
402.20;0;0;0;0;56;207;63;63;63;63;63;1177;356;946;3.2;28.7;-45.0;14.5;5.5;76.7;0.0000;-0.0072;-0.1000;0.0500;
402.45;0;0;0;0;56;207;63;63;63;63;63;1172;356;946;3.2;28.4;-45.5;14.5;5.5;76.7;0.0000;-0.0049;-0.1500;0.0250;
402.70;0;0;0;0;56;207;63;63;63;63;63;1170;356;946;3.2;28.9;-45.0;14.5;5.5;76.7;0.0000;-0.0004;-0.1500;0.4750;
402.95;0;0;0;0;56;207;63;63;63;63;63;1168;356;946;3.2;28.9;-45.0;14.5;5.5;76.7;0.0000;0.0008;-0.1500;0.5500;
403.20;0;0;0;0;56;207;63;63;63;63;63;1168;356;946;3.2;29.8;-45.5;14.5;5.5;76.7;0.0000;0.0022;-0.1500;0.4000;
403.45;0;0;0;0;56;207;62;63;62;63;63;1164;356;946;3.2;29.8;-45.5;14.5;5.5;76.7;0.0000;0.0046;-0.1750;0.6500;
403.70;0;0;0;0;56;207;63;62;62;62;63;1162;356;946;3.2;29.8;-45.0;14.5;5.5;76.7;0.0000;0.0052;-0.1500;0.5250;
403.95;0;0;0;0;56;207;62;62;62;62;63;1158;356;946;3.2;30.5;-45.0;14.5;5.5;76.7;0.0000;0.0051;-0.1250;0.3500;
404.20;0;0;0;0;56;207;62;62;62;62;62;1153;356;946;3.2;30.5;-45.5;14.5;5.5;76.7;0.0000;-0.0013;-0.2250;0.5000;
404.45;0;0;0;0;56;207;62;62;62;62;62;1155;356;946;3.2;31.1;-45.5;14.5;5.5;76.7;0.0000;-0.0082;-0.2000;0.1250;
404.70;0;0;0;0;56;207;62;62;62;62;62;1150;356;946;3.2;31.1;-45.0;14.5;5.5;76.7;0.0000;-0.0145;-0.2500;101.8500;
404.95;0;0;0;0;56;207;62;62;62;62;62;1150;356;946;3.2;31.1;-45.0;14.5;5.5;76.7;0.0000;-0.0194;-0.1250;101.9500;
405.20;0;0;0;0;56;207;62;61;62;61;62;1145;356;946;3.2;31.1;-45.0;14.5;5.5;76.7;0.0000;-0.0220;-0.1500;101.7250;
405.45;0;0;0;0;56;207;62;61;61;61;62;1141;356;946;3.2;31.0;-45.0;14.5;5.5;76.7;0.0000;-0.0249;-0.2500;101.6000;
405.70;0;0;0;0;56;207;61;61;61;61;61;1138;356;946;3.2;30.8;-45.0;14.5;5.5;76.7;0.0000;-0.0267;-0.2250;101.4000;
405.95;0;0;0;0;56;207;61;61;61;61;61;1136;356;946;3.2;30.8;-45.0;14.5;5.5;76.7;0.0000;-0.0295;-0.2250;101.3750;
406.20;0;0;0;0;56;207;61;61;61;60;61;1130;356;948;3.2;30.3;-45.0;14.5;5.5;76.7;0.0000;-0.0304;-0.2750;101.3500;
406.45;0;0;0;0;56;207;61;60;61;60;61;1122;356;946;3.2;29.7;-45.0;14.5;5.5;76.7;0.0000;-0.0303;-0.3250;101.3750;
406.71;0;0;0;0;56;207;60;60;60;60;60;1119;356;946;3.2;29.7;-45.0;14.5;5.5;76.7;0.0000;-0.0293;-0.3250;101.7000;
406.96;0;0;0;0;56;207;60;60;60;60;60;1115;356;946;3.2;29.4;-45.5;14.5;5.5;76.7;0.0000;-0.0228;-0.2250;101.6250;
407.21;0;0;0;0;56;207;60;59;60;59;60;1107;356;946;3.2;28.6;-45.5;14.5;5.5;76.7;0.0000;-0.0206;-0.2750;102.1750;
407.46;0;0;0;0;55;207;59;59;59;59;60;1108;356;946;3.2;28.6;-46.0;14.5;5.5;76.7;0.0000;-0.0184;-0.2250;101.9000;
407.71;0;0;0;0;55;207;59;59;59;59;59;1100;356;946;3.2;28.1;-46.0;14.5;5.5;76.7;0.0000;-0.0153;-0.2250;0.2500;
407.96;0;0;0;0;55;207;59;59;59;59;59;1096;356;946;3.2;28.1;-46.0;14.5;5.5;76.7;0.0000;-0.0128;-0.3500;102.0500;
408.21;0;0;0;0;55;207;59;59;59;58;59;1089;356;946;3.2;27.9;-46.0;14.5;5.5;76.7;0.0000;-0.0115;-0.2750;102.0750;
408.46;0;0;0;0;55;207;58;58;58;58;58;1089;356;948;3.2;27.9;-46.0;14.5;5.5;76.7;0.0000;-0.0097;-0.3250;102.3250;
408.71;0;0;0;0;55;207;58;58;58;58;58;1078;356;948;3.2;27.5;-46.0;14.5;5.5;76.7;0.0000;-0.0067;-0.3500;102.3750;
408.96;0;0;0;0;55;207;58;58;58;57;58;1076;356;946;3.2;27.5;-46.0;14.5;5.5;76.7;0.0000;-0.0038;-0.3250;0.0500;
409.21;0;0;0;0;55;207;58;58;57;57;58;1069;356;946;3.2;27.2;-46.0;14.5;5.5;76.7;0.0000;-0.0036;-0.3250;0.2000;
409.46;0;0;0;0;55;207;57;57;57;57;57;1067;356;948;3.2;28.1;-46.5;14.5;5.5;76.7;0.0000;-0.0033;-0.3250;102.2250;
409.71;0;0;0;0;55;207;57;57;57;57;57;1059;356;946;3.2;28.1;-46.0;14.5;5.5;76.7;0.0000;-0.0022;-0.2750;0.1000;
409.96;0;0;0;0;55;207;57;57;56;56;57;1056;356;948;3.2;28.3;-46.0;14.5;5.5;76.7;0.0000;-0.0008;-0.3500;0.0500;
410.21;0;0;0;0;55;207;56;56;56;56;57;1049;356;946;3.2;28.4;-46.0;14.5;5.5;76.7;0.0000;-0.0004;-0.3750;0.1000;
410.46;0;0;0;0;55;207;56;56;56;56;56;1042;356;946;3.2;28.4;-46.5;14.5;5.5;76.7;0.0000;0.0008;-0.3250;0.1500;
410.71;0;0;0;0;55;207;56;56;56;56;56;1039;356;946;3.2;29.5;-46.5;14.5;5.5;76.7;0.0000;0.0022;-0.3250;0.3500;
410.96;0;0;0;0;55;207;55;56;55;55;56;1034;356;946;3.2;29.5;-46.5;14.5;5.5;76.7;0.0000;0.0022;-0.3250;0.2250;
411.21;0;0;0;0;55;207;55;55;55;55;55;1027;356;948;3.2;29.9;-46.5;14.5;5.5;76.7;0.0000;0.0031;-0.3250;0.1500;
411.46;0;0;0;0;55;207;55;55;55;55;55;1024;356;948;3.2;30.1;-46.5;14.5;5.5;76.7;0.0000;0.0046;-0.3250;0.2500;
411.72;0;0;0;0;55;207;54;55;54;55;55;1018;356;948;3.2;30.1;-46.5;14.5;5.5;76.7;0.0000;0.0056;-0.3500;0.3500;
411.97;0;0;0;0;55;207;54;54;54;54;54;1011;356;946;3.2;30.8;-46.5;14.5;5.5;76.7;0.0000;0.0057;-0.3500;0.2000;
412.22;0;0;0;0;55;207;54;54;54;54;54;1008;356;948;3.2;31.0;-46.5;14.5;5.5;76.7;0.0000;0.0064;-0.3500;0.2000;
412.47;0;0;0;0;55;207;54;54;54;54;54;1003;356;948;3.2;31.0;-46.5;14.5;5.5;76.7;0.0000;0.0061;-0.3500;0.3750;
412.72;0;0;0;0;55;207;53;54;53;53;54;996;356;948;3.2;31.0;-44.0;14.5;5.5;76.7;0.0000;0.0041;-0.3500;0.5250;
412.97;0;0;0;0;55;207;53;53;53;53;53;991;356;948;3.2;30.9;-43.0;14.5;5.5;76.7;0.0000;0.0031;-0.3500;0.2500;
413.22;0;0;0;0;55;207;53;53;53;53;53;988;356;948;3.2;31.4;-37.5;14.5;5.5;76.7;0.0000;0.0029;-0.3250;0.3250;
413.47;0;0;0;0;55;207;53;53;53;53;53;980;356;948;3.2;31.4;-36.0;14.5;5.5;76.7;0.0000;0.0029;-0.2500;0.4750;
413.72;0;0;0;0;55;207;52;53;52;53;53;979;356;948;3.2;31.3;-30.0;14.5;5.5;76.7;0.0000;0.0025;-0.3500;0.5500;
413.97;0;0;0;0;55;207;52;52;52;52;52;973;356;948;3.2;31.3;-24.5;14.5;5.5;76.7;0.0000;-0.0004;-0.2500;102.3750;
414.22;0;0;0;0;55;207;52;52;52;52;52;969;356;948;3.2;31.3;-21.0;14.5;5.5;76.7;0.0000;-0.0011;-0.2750;0.4000;
414.47;0;0;0;0;55;207;52;52;52;52;52;965;354;946;3.2;31.7;-20.5;14.5;5.5;76.7;0.0000;-0.0007;-0.2250;0.2000;
414.72;1;0;0;0;55;207;52;52;52;52;52;964;354;948;3.2;31.7;-24.5;14.5;5.5;76.7;0.0000;0.0001;-0.2250;0.2250;
414.97;1;0;0;0;55;207;52;51;51;51;52;868;354;948;3.2;31.4;5.0;14.5;5.5;76.7;0.0000;0.0009;-0.1750;0.2000;
415.22;1;0;0;0;55;207;51;51;51;51;51;870;354;948;3.2;31.4;13.0;14.5;5.5;76.7;0.0000;0.0013;-0.1750;0.5000;
415.47;1;0;0;0;55;207;51;51;51;51;51;879;354;948;3.2;31.4;9.0;14.5;5.5;76.7;0.0000;0.0025;-0.1500;0.4500;
415.72;1;0;0;0;55;207;51;51;51;51;51;1121;354;948;3.2;31.7;-37.0;14.5;5.5;76.7;0.0471;0.0046;-0.3250;0.4750;
415.97;1;0;0;0;55;207;50;50;50;50;51;1154;354;948;3.2;31.7;3.5;14.5;5.5;76.7;0.1176;0.0054;-0.3250;0.6000;
416.22;0;0;0;0;55;207;50;50;50;50;50;1146;354;948;3.2;31.7;19.5;14.5;5.5;76.7;0.1216;0.0052;-0.2750;0.4750;
416.47;0;0;0;0;55;207;50;50;50;50;50;1109;354;948;3.2;31.5;-16.0;14.5;5.5;76.7;0.0000;0.0052;-0.2250;0.5750;
416.73;0;0;0;0;55;207;50;50;50;50;50;1125;354;948;3.2;31.5;-42.5;14.5;5.5;76.7;0.0000;0.0033;-0.2500;0.4250;
416.98;0;0;0;0;55;207;50;49;49;49;50;1129;354;948;3.2;31.5;-18.5;14.5;5.5;76.7;0.0000;-0.0072;-0.3750;102.3750;
417.23;0;0;0;0;55;207;49;49;49;49;50;1121;354;948;3.2;31.9;-22.5;14.5;5.5;76.7;0.0000;-0.0109;-0.3500;102.3750;
417.48;0;0;0;0;55;207;49;49;49;49;49;1115;354;948;3.2;31.8;-45.5;14.5;5.5;76.7;0.0000;-0.0151;-0.2750;102.2000;
417.73;0;0;0;0;55;207;49;49;49;49;49;1103;354;948;3.2;31.8;-46.0;14.5;5.5;76.7;0.0000;-0.0157;-0.4000;0.0250;
417.98;0;0;0;0;55;207;48;48;48;48;48;1093;354;948;3.2;31.2;-46.0;14.5;5.5;76.7;0.0000;-0.0191;-0.4250;102.3250;
418.23;0;0;0;0;55;207;48;48;48;48;48;1088;354;948;3.2;31.6;-46.5;14.5;5.5;76.7;0.0000;-0.0191;-0.4000;0.2500;
418.48;0;0;0;0;55;207;48;47;48;47;48;1085;354;948;3.2;31.6;-24.5;14.5;5.5;76.7;0.2000;-0.0189;-0.4750;102.1500;
418.73;0;0;0;0;55;207;47;47;47;47;47;1089;354;948;3.2;31.2;21.0;14.5;5.5;76.7;0.2235;-0.0188;-0.3750;102.3000;
418.98;1;0;0;0;55;207;47;47;47;47;47;1049;354;948;3.2;31.2;-19.0;14.5;5.5;76.7;0.0000;-0.0183;-0.4250;102.1250;
419.23;1;0;0;0;55;207;47;47;47;47;47;905;354;948;3.2;30.9;-13.5;14.5;5.5;76.7;0.0000;-0.0180;-0.3500;102.2250;
419.48;1;0;0;0;55;207;46;46;46;46;46;870;354;948;3.2;30.6;10.0;14.5;5.5;76.7;0.0000;-0.0172;-0.3750;102.3750;
419.73;1;0;0;0;55;207;46;46;46;46;46;878;354;948;3.2;30.6;7.0;14.5;5.5;76.7;0.0980;-0.0172;-0.3500;102.1500;
419.98;1;0;0;0;55;207;46;45;45;45;46;1270;354;948;3.2;30.3;23.5;14.5;5.5;76.7;0.2000;-0.0172;-0.4750;102.0750;
420.23;1;0;0;0;55;207;46;45;45;45;45;1294;354;948;3.2;29.8;83.5;14.5;5.5;76.7;0.2510;-0.0175;-0.3500;102.3500;
420.48;0;0;0;0;55;207;46;45;45;45;46;1286;354;948;3.2;29.8;103.5;14.5;5.5;76.7;0.3020;-0.0175;-0.1000;102.2000;
420.73;0;0;0;0;55;207;46;45;46;46;46;1294;354;948;3.2;29.4;108.5;14.5;5.5;76.7;0.3020;-0.0178;0.0500;102.0250;
420.98;0;0;0;0;55;207;46;46;46;46;46;1305;354;948;3.2;29.4;106.5;14.5;5.5;76.7;0.2863;-0.0168;0.2250;102.3750;
421.23;0;0;0;0;55;207;46;46;46;46;46;1299;354;948;3.2;28.7;100.0;14.5;5.5;76.7;0.2706;-0.0145;0.1000;102.2000;
421.48;0;0;0;0;55;207;46;46;46;46;46;1313;354;948;3.2;28.7;92.0;14.5;5.5;76.7;0.2667;-0.0107;0.1750;0.0250;
421.75;0;0;0;0;55;207;46;46;46;46;46;1313;354;948;3.2;27.9;90.5;14.5;5.5;76.7;0.2667;-0.0070;0.0750;0.2500;
422.00;0;0;0;0;55;207;47;46;46;46;47;1317;354;948;3.2;27.9;90.0;14.5;5.5;76.7;0.2667;0.0014;0.1000;0.4250;
422.25;0;0;0;0;55;207;47;47;46;47;47;1326;354;948;3.2;28.2;90.0;14.5;5.5;76.7;0.2667;0.0041;0.2250;0.5250;
422.50;0;0;0;0;55;207;47;47;47;47;47;1327;354;948;3.2;27.7;90.0;14.5;5.5;76.7;0.2667;0.0057;0.0500;0.2500;
422.75;0;0;0;0;55;207;47;47;47;47;47;1326;354;948;3.2;27.7;89.5;14.5;5.5;76.7;0.2706;0.0095;0.0500;0.1500;
423.00;0;0;0;0;55;207;47;47;47;47;47;1325;354;948;3.2;27.4;96.0;14.5;5.5;76.7;0.2824;0.0153;0.0500;0.1000;
423.25;0;0;0;0;55;207;47;47;47;47;47;1328;354;948;3.2;27.7;98.5;14.5;5.5;76.7;0.2902;0.0157;0.0250;0.4500;
423.50;0;0;0;0;55;207;47;47;47;47;47;1335;354;948;3.2;27.7;107.0;14.5;5.5;76.7;0.3059;0.0157;0.0000;0.3250;
423.75;0;0;0;0;55;207;47;47;47;47;47;1330;354;948;3.2;27.8;112.0;14.5;5.5;76.7;0.3098;0.0153;0.0750;0.2000;
424.00;0;0;0;0;55;207;47;47;47;47;47;1337;354;948;3.2;27.8;116.0;14.5;5.5;76.7;0.3059;0.0057;0.1500;102.1500;
424.25;0;0;0;0;55;207;47;47;47;47;47;1334;354;948;3.2;27.5;116.5;14.5;5.5;76.7;0.3059;0.0021;0.0750;102.1500;
424.50;0;0;0;0;55;207;48;48;47;48;48;1353;354;948;3.2;27.6;113.0;14.5;5.5;76.7;0.3020;0.0020;0.1750;102.3250;
424.75;0;0;0;0;55;207;48;48;48;48;48;1351;354;948;3.2;27.6;112.5;14.5;5.5;76.7;0.3020;0.0022;0.1500;101.9500;
425.00;0;0;0;0;55;207;48;48;48;48;48;1352;354;948;3.2;27.6;110.5;14.5;5.5;76.7;0.2902;0.0028;0.1500;102.2250;
425.25;0;0;0;0;55;207;48;48;48;48;48;1361;354;948;3.2;27.6;105.0;14.5;5.5;76.7;0.2902;0.0079;0.1000;0.0500;
425.50;0;0;0;0;55;207;48;49;48;48;48;1366;354;948;3.2;27.4;103.5;14.5;5.5;76.7;0.2863;0.0145;0.2000;0.1500;
425.75;0;0;0;0;55;207;48;49;48;49;48;1368;354;948;3.2;27.4;102.5;14.5;5.5;76.7;0.2863;0.0196;0.1250;0.1250;
426.00;0;0;0;0;55;207;48;49;48;49;49;1375;354;948;3.2;27.8;102.0;14.5;5.5;76.7;0.2863;0.0264;0.1250;0.2750;
426.25;0;0;0;0;55;207;49;49;49;49;49;1379;354;948;3.2;27.8;102.5;14.5;5.5;76.7;0.2863;0.0298;0.1250;0.4500;
426.50;0;0;0;0;55;207;48;49;49;49;49;1386;354;948;3.2;27.8;102.0;14.5;5.5;76.7;0.2863;0.0314;0.1500;0.9250;
426.76;0;0;0;0;55;207;49;49;49;49;49;1381;354;948;3.2;27.8;102.0;14.5;5.5;76.7;0.2863;0.0325;0.0750;0.6000;
427.01;0;0;0;0;55;207;49;49;49;49;49;1386;354;948;3.2;28.4;102.5;14.5;5.5;76.7;0.2863;0.0325;0.1000;0.8500;
427.26;0;0;0;0;55;207;49;50;49;49;49;1397;354;948;3.2;28.4;101.0;14.5;5.5;76.7;0.2863;0.0325;0.1500;0.7500;
427.51;0;0;0;0;55;207;49;49;49;49;49;1400;354;948;3.2;28.4;97.5;14.5;5.5;76.7;0.2745;0.0325;0.1250;0.7250;
427.76;0;0;0;0;55;207;50;50;49;50;50;1397;354;948;3.2;28.4;89.0;14.5;5.5;76.7;0.2510;0.0308;0.1250;0.5750;
428.01;0;0;0;0;55;207;49;50;49;50;50;1401;354;948;3.2;28.5;71.0;14.5;5.5;76.7;0.2275;0.0272;0.1000;0.6750;
428.26;0;0;0;0;55;207;49;50;49;50;50;1403;354;946;3.2;29.0;60.0;14.5;5.5;76.7;0.2118;0.0246;0.0250;0.4250;
428.51;0;0;0;0;55;207;50;50;49;50;50;1407;354;948;3.2;29.0;46.5;14.5;5.5;76.7;0.2000;0.0204;0.0250;0.2000;
428.76;0;0;0;0;55;207;49;50;49;50;50;1403;354;948;3.2;29.1;44.0;14.5;5.5;76.7;0.1961;0.0150;-0.0750;0.1500;
429.01;0;0;0;0;55;207;49;50;49;50;50;1405;354;948;3.2;29.2;42.5;14.5;5.5;76.7;0.1961;0.0127;-0.0500;0.1250;
429.26;0;0;0;0;55;207;49;50;49;49;50;1401;354;948;3.2;29.2;42.5;14.5;5.5;76.7;0.1961;0.0097;-0.0500;0.0000;
429.51;0;0;0;0;55;207;49;49;49;49;50;1398;354;948;3.2;29.2;37.5;14.5;5.5;76.7;0.1804;0.0092;-0.1000;0.0250;
429.76;0;0;0;0;55;207;49;49;49;49;50;1399;354;948;3.2;29.6;34.0;14.5;5.5;76.7;0.1804;0.0057;-0.0750;0.0000;
430.01;0;0;0;0;55;207;49;49;49;49;50;1397;354;948;3.2;29.8;32.0;14.5;5.5;76.7;0.1765;-0.0038;-0.0500;102.1250;
430.26;0;0;0;0;55;207;49;49;49;49;50;1398;354;946;3.2;29.8;32.0;14.5;5.5;76.7;0.1765;-0.0059;-0.0250;101.9750;
430.51;0;0;0;0;55;207;49;49;49;49;50;1398;354;948;3.2;29.4;30.5;14.5;5.5;76.7;0.1686;-0.0099;-0.0250;101.9250;
430.76;0;0;0;0;55;207;49;49;49;49;50;1397;354;948;3.2;29.4;29.0;14.5;5.5;76.7;0.1725;-0.0109;0.0000;101.8750;
431.01;0;0;0;0;55;207;49;49;49;49;50;1376;354;948;3.2;29.1;-13.5;14.5;5.5;76.7;0.0000;-0.0099;-0.0250;101.8500;
431.26;0;0;0;0;55;207;49;49;49;49;49;1387;354;946;3.2;28.8;-26.0;14.5;5.5;76.7;0.0000;-0.0086;-0.1250;102.0250;
431.51;0;0;0;0;56;207;49;49;49;49;49;1379;354;948;3.2;28.8;-43.0;14.5;5.5;76.7;0.0000;-0.0079;-0.2500;102.0250;
431.77;0;0;0;0;56;207;49;49;49;48;49;1374;354;948;3.2;28.6;-44.0;14.5;5.5;76.7;0.0000;-0.0061;-0.3750;102.2750;
432.02;0;0;0;0;56;207;48;48;48;48;48;1362;354;948;3.2;28.6;-43.5;14.5;5.5;76.7;0.0000;-0.0041;-0.4000;102.1750;
432.27;0;0;0;0;56;207;48;48;48;48;48;1363;354;948;3.2;28.6;-44.0;14.5;5.5;76.7;0.0000;-0.0025;-0.3250;0.1000;
432.52;0;0;0;0;56;207;48;48;48;48;48;1354;354;948;3.2;28.4;-18.5;14.5;5.5;76.7;0.0941;-0.0025;-0.3250;0.1250;
432.77;0;0;0;0;56;207;48;48;48;47;48;1350;354;948;3.2;28.4;-7.5;14.5;5.5;76.7;0.0980;-0.0025;-0.2000;0.3500;
433.02;0;0;0;0;56;207;48;47;47;48;48;1342;354;948;3.2;28.5;-1.5;14.5;5.5;76.7;0.0980;-0.0067;-0.1750;0.2000;
433.27;0;0;0;0;56;207;47;48;47;47;47;1339;354;948;3.2;28.6;0.0;14.5;5.5;76.7;0.0980;-0.0105;-0.1250;0.0250;
433.52;0;0;0;0;56;207;47;47;47;47;47;1338;354;948;3.2;28.6;-0.5;14.5;5.5;76.7;0.0941;-0.0125;-0.1500;102.2750;
433.77;0;0;0;0;56;207;47;47;47;47;47;1333;354;948;3.2;28.6;-1.5;14.5;5.5;76.7;0.0980;-0.0133;-0.1500;102.2750;
434.02;0;0;0;0;56;207;47;47;47;47;47;1325;354;946;3.2;28.6;-1.5;14.5;5.5;76.7;0.0941;-0.0140;-0.2000;102.2500;
434.27;0;0;0;0;56;207;47;47;47;47;47;1324;354;948;3.2;28.5;-1.5;14.5;5.5;76.7;0.0941;-0.0151;-0.1500;102.0250;
434.52;0;0;0;0;56;207;47;47;47;47;47;1323;354;946;3.2;28.5;-2.0;14.5;5.5;76.7;0.0902;-0.0163;-0.1250;102.2500;
434.77;0;0;0;0;56;207;47;47;47;47;47;1324;354;948;3.2;28.6;-3.0;14.5;5.5;76.7;0.0902;-0.0212;-0.1000;102.0250;
435.02;0;0;0;0;56;207;47;46;47;46;47;1320;354;948;3.2;29.0;-3.5;14.5;5.5;76.7;0.0902;-0.0246;-0.1000;101.8750;
435.27;0;0;0;0;56;207;47;46;47;46;47;1316;354;948;3.2;29.0;-3.5;14.5;5.5;76.7;0.0902;-0.0246;-0.1000;101.8250;
435.52;0;0;0;0;56;207;47;46;47;46;47;1315;354;948;3.2;28.8;-3.0;14.5;5.5;76.7;0.0902;-0.0249;-0.0750;101.8500;
435.77;0;0;0;0;56;207;47;46;46;46;47;1317;354;948;3.2;28.8;-3.5;14.5;5.5;76.7;0.0902;-0.0267;-0.1250;102.0000;
436.02;0;0;0;0;56;207;47;46;46;46;46;1316;354;948;3.2;28.7;-3.5;14.5;5.5;76.7;0.0902;-0.0286;-0.0750;101.8500;
436.27;0;0;0;0;56;207;46;46;46;46;46;1310;354;948;3.2;28.5;-5.0;14.5;5.5;76.7;0.0824;-0.0303;-0.0750;101.7000;
436.52;0;0;0;0;56;207;46;46;46;46;46;1309;354;948;3.2;28.5;-16.0;14.5;5.5;76.7;0.0000;-0.0313;-0.1000;101.5750;
436.78;0;0;0;0;56;207;46;46;46;46;46;1299;354;948;3.2;28.2;-39.5;14.5;5.5;76.7;0.0000;-0.0330;-0.1250;101.8000;
437.03;0;0;0;0;56;207;46;45;46;46;46;1298;354;948;3.2;27.9;-43.0;14.5;5.5;76.7;0.0000;-0.0330;-0.2250;101.7500;
437.28;0;0;0;0;56;207;46;45;46;46;46;1296;354;948;3.2;27.9;-15.5;14.5;5.5;76.7;0.1059;-0.0328;-0.2250;101.6250;
437.53;0;0;0;0;56;207;46;45;46;45;46;1297;354;946;3.2;27.8;-4.0;14.5;5.5;76.7;0.1059;-0.0328;-0.1250;101.5500;
437.78;0;0;0;0;56;207;46;45;46;45;46;1296;354;948;3.2;27.8;0.5;14.5;5.5;76.7;0.1059;-0.0328;-0.0750;101.4000;
438.03;0;0;0;0;56;207;46;46;46;45;46;1289;354;946;3.2;27.5;0.5;14.5;5.5;76.7;0.0980;-0.0326;-0.0250;101.5000;
438.28;0;0;0;0;56;207;46;46;46;45;46;1293;354;948;3.2;27.5;0.0;14.5;5.5;76.7;0.0980;-0.0314;-0.0500;101.7000;
438.53;0;0;0;0;56;207;46;45;46;45;46;1289;354;948;3.2;27.4;0.0;14.5;5.5;76.7;0.0980;-0.0291;-0.0500;101.7500;
438.78;0;0;0;0;56;207;46;45;46;45;46;1286;354;948;3.2;27.4;0.0;14.5;5.5;76.7;0.0980;-0.0222;-0.0500;101.9000;
439.03;0;0;0;0;56;207;46;45;46;45;46;1292;354;948;3.2;27.3;0.0;14.5;5.5;76.7;0.0980;-0.0184;-0.0250;102.0000;
439.28;0;0;0;0;56;207;46;45;45;45;46;1291;354;948;3.2;27.2;-0.5;14.5;5.5;76.7;0.0980;-0.0162;-0.0250;102.0250;
439.53;0;0;0;0;56;207;46;45;45;45;46;1289;354;948;3.2;27.2;-0.5;14.5;5.5;76.7;0.0980;-0.0140;-0.0250;102.1500;
439.78;0;0;0;0;56;207;46;45;45;45;46;1291;354;948;3.2;27.4;0.0;14.5;5.5;76.7;0.0980;-0.0115;0.0250;102.2750;
440.03;0;0;0;0;56;207;46;45;45;45;46;1287;354;948;3.2;27.5;0.0;14.5;5.5;76.7;0.0980;-0.0109;0.0000;102.1500;
440.28;0;0;0;0;56;207;46;45;46;45;46;1288;355;948;3.2;27.5;0.0;14.5;5.5;76.7;0.0980;-0.0087;-0.0250;102.3250;
440.53;0;0;0;0;56;207;46;46;45;45;46;1293;355;948;3.2;27.5;0.0;14.5;5.5;76.7;0.0980;-0.0066;0.0000;102.0750;
440.78;0;0;0;0;56;207;46;45;46;45;46;1290;355;948;3.2;27.5;0.0;14.5;5.5;76.7;0.0980;-0.0001;-0.0250;0.0250;
441.03;0;0;0;0;56;207;46;46;46;46;46;1292;355;948;3.2;27.7;0.0;14.5;5.5;76.7;0.0980;0.0007;-0.0250;0.0000;
441.28;0;0;0;0;56;207;45;46;46;45;46;1288;355;948;3.2;27.9;-0.5;14.5;5.5;76.7;0.1020;0.0025;0.0000;0.0000;
441.53;0;0;0;0;56;207;45;45;45;46;46;1293;355;948;3.2;27.9;0.0;14.5;5.5;76.7;0.0980;0.0057;0.0500;0.1500;
441.80;0;0;0;0;56;207;45;45;45;46;46;1290;355;948;3.2;28.0;0.0;14.5;5.5;76.7;0.0980;0.0075;-0.0500;0.0250;
442.05;0;0;0;0;56;207;45;46;45;46;46;1292;355;948;3.2;28.0;-4.0;14.5;5.5;76.7;0.0078;0.0091;0.0000;102.1250;
442.30;0;0;0;0;56;207;46;45;45;45;46;1292;355;948;3.2;28.3;-23.5;14.5;5.5;76.7;0.0000;0.0123;-0.1250;102.3500;
442.55;0;0;0;0;56;207;46;45;45;46;46;1288;355;948;3.2;28.3;-27.0;14.5;5.5;76.7;0.0980;0.0136;-0.1250;0.0000;
442.80;0;0;0;0;56;207;45;45;45;45;45;1284;355;948;3.2;28.7;-3.5;14.5;5.5;76.7;0.1098;0.0157;-0.1250;0.1500;
443.05;0;0;0;0;56;207;45;45;45;45;45;1286;355;948;3.2;29.0;1.0;14.5;5.5;76.7;0.1098;0.0162;-0.1250;0.1250;
443.30;0;0;0;0;56;207;45;45;45;45;45;1282;355;948;3.2;29.0;-2.5;14.5;5.5;76.7;0.0000;0.0186;0.0000;0.3500;
443.55;0;0;0;0;56;207;45;45;45;45;45;1288;355;948;3.2;29.3;-23.5;14.5;5.5;76.7;0.0000;0.0212;-0.0750;0.0500;
443.80;0;0;0;0;56;207;45;45;45;45;45;1280;355;948;3.2;29.3;-42.0;14.5;5.5;76.7;0.0000;0.0222;-0.0500;0.1750;
444.05;0;0;0;0;56;207;45;45;45;45;45;1285;355;948;3.2;29.5;-44.0;14.5;5.5;76.7;0.0000;0.0222;0.0250;0.2750;
444.30;0;0;0;0;56;207;45;45;45;45;45;1264;355;948;3.2;29.8;-44.0;14.5;5.5;76.7;0.0000;0.0216;-0.3250;102.2750;
444.55;0;0;0;0;56;207;44;45;44;45;45;1265;355;948;3.2;29.8;-44.0;14.5;5.5;76.7;0.0000;0.0211;-0.2500;0.4000;
444.80;0;0;0;0;56;207;45;45;44;45;45;1256;355;948;3.2;30.3;-44.0;14.5;5.5;76.7;0.0000;0.0204;-0.2250;0.1750;
445.05;0;0;0;0;56;207;44;45;44;44;44;1256;355;948;3.2;30.6;-44.0;14.5;5.5;76.7;0.0000;0.0201;-0.2000;0.1000;
445.30;0;0;0;0;56;207;44;44;44;44;44;1247;355;948;3.2;30.6;-44.0;14.5;5.5;76.7;0.0000;0.0188;-0.2250;0.5250;
445.55;0;0;0;0;56;207;44;44;44;44;44;1246;355;948;3.2;30.9;-44.0;14.5;5.5;76.7;0.0000;0.0136;-0.2250;0.2500;
445.80;0;0;0;0;56;207;43;44;44;44;44;1235;355;948;3.2;30.9;-44.0;14.5;5.5;76.7;0.0000;-0.0041;-0.3750;102.2500;
446.05;0;0;0;0;56;207;43;43;43;43;44;1233;355;948;3.2;31.2;-44.0;14.5;5.5;76.7;0.0000;-0.0141;-0.2750;101.9000;
446.30;0;0;0;0;56;207;43;43;43;43;43;1229;355;948;3.2;31.2;-44.0;14.5;5.5;76.7;0.0000;-0.0202;-0.1500;101.7500;
446.55;0;0;0;0;56;207;44;43;43;43;43;1225;355;948;3.2;31.0;-44.0;14.5;5.5;76.7;0.0000;-0.0262;-0.1250;101.5000;
446.81;0;0;0;0;56;207;43;43;43;43;43;1218;355;948;3.2;30.4;-44.0;14.5;5.5;76.7;0.0000;-0.0367;-0.1750;101.2750;
447.06;0;0;0;0;56;207;43;43;43;42;43;1214;355;948;3.2;30.4;-44.0;14.5;5.5;76.7;0.0000;-0.0446;-0.1500;101.1500;
447.31;0;0;0;0;56;207;43;42;43;42;43;1210;355;948;3.2;30.3;-44.0;14.5;5.5;76.7;0.0000;-0.0483;-0.1750;101.0750;
447.56;0;0;0;0;56;207;43;42;43;42;43;1207;355;948;3.2;30.3;-44.0;14.5;5.5;76.7;0.0000;-0.0483;-0.1500;101.2250;
447.81;0;0;0;0;56;207;43;42;43;42;43;1205;355;948;3.2;29.5;-44.0;14.5;5.5;76.7;0.0000;-0.0480;-0.1000;101.3500;
448.06;0;0;0;0;56;207;43;42;43;42;42;1203;355;948;3.2;28.8;-44.0;14.5;5.5;76.7;0.0000;-0.0476;-0.1500;101.3000;
448.31;0;0;0;0;56;207;43;42;43;42;42;1197;355;948;3.2;28.8;-44.0;14.5;5.5;76.7;0.0000;-0.0470;-0.1500;101.5500;
448.56;0;0;0;0;56;207;42;42;42;42;42;1195;355;948;3.2;28.7;-44.0;14.5;5.5;76.7;0.0000;-0.0420;-0.1750;101.5750;
448.81;0;0;0;0;56;207;42;42;42;42;42;1192;355;948;3.2;28.0;-44.0;14.5;5.5;76.7;0.0000;-0.0354;-0.1250;101.8500;
449.06;0;0;0;0;56;207;42;42;42;42;42;1188;355;948;3.2;28.0;-44.0;14.5;5.5;76.7;0.0000;-0.0307;-0.1750;102.1500;
449.31;0;0;0;0;56;207;42;42;42;42;42;1187;355;948;3.2;27.5;-44.0;14.5;5.5;76.7;0.0000;-0.0255;-0.1250;102.1500;
449.56;0;0;0;0;56;207;42;42;42;42;42;1188;355;948;3.2;27.5;-44.0;14.5;5.5;76.7;0.0000;-0.0163;-0.0500;102.3000;
449.81;0;0;0;0;56;207;42;42;42;42;42;1185;355;948;3.2;27.6;-44.0;14.5;5.5;76.7;0.0000;-0.0122;-0.0750;0.0500;
450.06;0;0;0;0;56;207;42;42;42;42;42;1187;355;948;3.2;27.1;-44.0;14.5;5.5;76.7;0.0000;-0.0105;-0.0500;0.0000;
450.31;0;0;0;0;56;207;42;42;42;42;42;1184;355;948;3.2;27.1;-44.5;14.5;5.5;76.7;0.0000;-0.0087;-0.0750;0.1750;
450.56;0;0;0;0;56;207;42;42;42;42;42;1190;355;948;3.2;27.1;-44.5;14.5;5.5;76.7;0.0000;-0.0067;0.0250;0.0500;
450.81;0;0;0;0;56;207;42;42;42;42;42;1188;355;948;3.2;27.5;-44.0;14.5;5.5;76.7;0.0000;-0.0057;0.0000;0.0750;
451.06;0;0;0;0;56;207;42;42;42;42;42;1191;355;948;3.2;28.3;-44.0;14.5;5.5;76.7;0.0000;-0.0041;-0.0250;0.2250;
451.31;0;0;0;0;56;207;42;42;42;42;42;1190;355;948;3.2;28.3;-44.0;14.5;5.5;76.7;0.0000;-0.0036;-0.0250;0.1000;
451.56;0;0;0;0;56;207;42;42;42;42;42;1190;355;948;3.2;28.3;-44.0;14.5;5.5;76.7;0.0000;-0.0021;-0.0500;0.0750;
451.83;0;0;0;0;56;207;42;42;42;42;42;1192;355;948;3.2;29.1;-44.0;14.5;5.5;76.7;0.0000;-0.0008;0.0500;0.0500;
452.08;0;0;0;0;56;207;42;42;42;42;42;1198;355;948;3.2;29.1;-44.0;14.5;5.5;76.7;0.0000;0.0028;0.0750;0.3250;
452.33;0;1;0;0;56;207;42;42;42;42;42;1197;355;948;3.2;30.0;-44.0;14.5;5.5;76.7;0.0000;0.0047;0.0750;0.3750;
452.58;0;1;0;0;56;207;42;42;42;42;42;1187;355;948;3.2;30.0;-44.0;14.5;5.5;76.7;0.0000;0.0057;-0.2000;0.4750;
452.83;0;1;0;0;56;207;41;41;41;41;41;1168;355;948;3.2;30.2;-44.0;14.5;5.5;76.7;0.0000;0.0057;-0.6000;0.2750;
453.08;0;1;0;0;56;207;40;41;40;41;41;1150;355;948;3.2;31.6;-44.0;14.5;5.5;76.7;0.0000;0.0034;-0.4750;0.1000;
453.33;0;1;0;0;56;207;40;40;40;40;40;1125;355;948;3.2;31.6;-44.0;14.5;5.5;76.7;0.0000;0.0025;-0.7250;0.4250;
453.58;0;0;0;0;56;207;40;40;40;40;40;1136;355;948;3.2;32.5;-44.0;14.5;5.5;76.7;0.0000;-0.0145;0.2000;102.3000;
453.83;0;1;0;0;56;207;40;40;40;40;40;1128;355;948;3.2;32.2;-44.0;14.5;5.5;76.7;0.0000;-0.0249;-0.3250;102.0000;
454.08;0;1;0;0;56;207;39;39;39;39;39;1115;355;948;3.2;32.2;-44.0;14.5;5.5;76.7;0.0000;-0.0371;-0.4500;101.4250;
454.33;0;1;0;0;56;207;39;39;39;39;39;1109;355;948;3.2;32.5;-44.5;14.5;5.5;76.7;0.0000;-0.0501;0.0500;101.3750;
454.58;0;0;0;0;56;207;39;38;39;38;39;1102;355;948;3.2;32.5;-44.5;14.5;5.5;76.7;0.0000;-0.0882;0.2000;100.6250;
454.83;0;0;0;0;56;207;40;39;40;39;39;1110;355;948;3.2;32.3;-45.0;14.5;5.5;76.7;0.0000;-0.1001;0.2500;100.1000;
455.08;0;0;0;0;56;207;40;39;40;39;39;1121;355;948;3.2;32.3;-45.0;14.5;5.5;76.7;0.0000;-0.1114;0.2250;100.0750;
455.33;0;0;0;0;56;207;40;39;40;39;40;1127;354;948;3.2;30.9;-45.5;14.5;5.5;76.7;0.0000;-0.1246;0.3250;99.2750;
455.58;0;0;0;0;56;207;41;39;41;39;40;1137;354;948;3.2;30.9;-45.0;14.5;5.5;76.7;0.0000;-0.1360;0.2500;99.1250;
455.83;0;0;0;0;56;207;41;39;41;39;40;1141;354;948;3.2;30.1;-45.0;14.5;5.5;76.7;0.0000;-0.1360;0.1750;99.6500;
456.08;0;0;0;0;56;207;41;40;41;40;40;1146;354;948;3.2;28.8;-45.0;14.5;5.5;76.7;0.0000;-0.1275;0.1750;99.6250;
456.33;0;0;0;0;56;207;41;40;41;40;41;1152;354;948;3.2;28.8;-45.0;14.5;5.5;76.7;0.0000;-0.1065;0.2500;99.7500;
456.58;0;0;0;0;56;207;41;41;41;41;41;1160;354;948;3.4;27.2;-45.0;14.5;5.5;76.7;0.0000;-0.0285;0.2250;101.8000;
456.84;0;0;0;0;56;207;41;41;41;41;41;1166;354;950;3.4;25.8;-44.5;14.5;5.5;76.7;0.0000;0.0211;0.2500;0.1000;
457.09;0;0;0;0;56;207;41;42;41;42;41;1175;354;948;3.4;25.8;-44.5;14.5;5.5;76.7;0.0000;0.0664;0.2250;1.6000;
457.34;0;0;0;0;56;207;41;42;41;42;42;1180;354;948;3.8;25.2;-44.5;14.5;5.5;76.7;0.0000;0.0870;0.2500;1.9500;
457.59;0;0;0;0;56;207;41;43;41;42;42;1186;354;950;3.8;25.2;-44.5;14.5;5.5;76.7;0.0000;0.0980;0.2500;3.7500;
457.84;0;0;0;0;56;207;41;43;41;43;42;1192;354;950;3.8;26.2;-44.5;14.5;5.5;76.7;0.0000;0.1014;0.2250;2.4000;
458.09;0;0;0;0;56;207;42;43;42;43;42;1202;354;950;3.8;26.9;-44.5;14.5;5.5;76.7;0.0000;0.1022;0.2500;2.1500;
458.34;0;0;0;0;56;207;42;43;42;43;42;1203;354;950;3.8;26.9;-45.0;14.5;5.5;76.7;0.0000;0.1057;0.1750;2.3750;
458.59;0;0;0;0;56;207;42;43;42;43;43;1213;354;950;3.8;27.9;-44.5;14.5;5.5;76.7;0.0000;0.0996;0.2500;2.6000;
458.84;0;0;0;0;56;207;42;43;42;43;43;1214;354;948;3.8;27.9;-44.5;14.5;5.5;76.7;0.0000;0.0874;0.1250;2.1500;
459.09;0;0;0;0;56;207;43;43;43;43;43;1222;354;950;3.8;29.6;-44.5;14.5;5.5;76.7;0.0000;0.0750;0.1500;1.5000;
459.34;0;0;0;0;56;207;43;44;43;44;43;1227;354;950;3.8;29.6;-44.5;14.5;5.5;76.7;0.0000;0.0684;0.1750;1.3000;
459.59;0;0;0;0;56;207;43;44;43;44;44;1238;354;950;3.8;31.1;-44.5;14.5;5.5;76.7;0.0000;0.0653;0.2500;1.5500;
459.84;0;0;0;0;56;207;44;44;43;44;44;1246;354;950;4.0;32.4;-44.5;14.5;5.5;76.7;0.0000;0.0564;0.3500;1.2000;
460.09;0;0;0;0;56;207;44;45;44;45;44;1260;354;950;4.0;32.4;-44.5;14.5;5.5;76.7;0.0000;0.0410;0.3750;0.7500;
460.34;0;0;0;0;56;207;44;45;44;45;45;1266;354;950;4.1;34.5;-44.5;14.5;5.5;76.7;0.0000;0.0379;0.3750;0.8000;
460.59;0;0;0;0;56;207;44;45;45;45;45;1268;354;950;4.1;34.5;-44.5;14.5;5.5;76.7;0.0000;0.0348;0.2250;0.7000;
460.84;0;0;0;0;56;207;45;45;45;45;45;1277;354;950;4.1;35.6;-44.5;14.5;5.5;76.7;0.0000;0.0341;0.2250;0.6500;
461.09;0;0;0;0;56;207;45;46;45;45;45;1280;354;950;4.3;36.9;-44.5;14.5;5.5;76.7;0.0000;0.0336;0.1250;0.9250;
461.34;0;0;0;0;56;207;45;46;45;46;45;1287;354;950;4.3;36.9;-44.5;14.5;5.5;76.7;0.0000;0.0323;0.2000;1.1000;
461.59;0;0;0;0;56;207;46;46;45;46;46;1297;354;950;4.1;37.1;-44.5;14.5;5.5;76.7;0.0000;0.0224;0.2250;0.4000;
461.85;0;0;0;0;56;207;46;46;46;46;46;1299;354;950;4.3;35.2;-44.5;14.5;5.5;76.7;0.0000;0.0178;0.1750;0.3750;
462.10;0;0;0;0;56;207;46;46;46;46;46;1304;354;950;4.3;35.2;-44.5;14.5;5.5;76.7;0.0000;0.0102;0.1750;0.1250;
462.35;0;0;0;0;56;207;46;47;46;46;46;1309;354;950;4.5;34.6;-44.5;14.5;5.5;76.7;0.0000;0.0051;0.2000;0.0000;
462.60;0;0;0;0;56;207;46;46;46;46;46;1317;354;950;4.7;33.4;-44.5;14.5;5.5;76.7;0.0000;0.0007;0.1750;102.3750;
462.85;0;0;0;0;55;207;47;46;47;47;47;1325;354;950;4.7;33.4;-44.5;14.5;5.5;76.7;0.0000;-0.0008;0.1750;102.2750;
463.10;0;0;0;0;55;207;47;47;47;47;47;1334;354;950;4.7;33.4;-44.5;14.5;5.5;76.7;0.0000;-0.0008;0.2250;102.2000;
463.35;0;0;0;0;55;207;47;47;47;47;47;1336;354;950;4.9;31.5;-44.5;14.5;5.5;76.7;0.0000;-0.0020;0.2250;102.2750;
463.60;0;0;0;0;55;207;47;48;47;47;48;1344;354;950;5.2;30.9;-44.5;14.5;5.5;76.7;0.0000;-0.0020;0.2250;102.2000;
463.85;0;0;0;0;55;207;48;48;48;48;48;1356;354;950;5.2;30.9;-44.5;14.5;5.5;76.7;0.0000;-0.0014;0.3250;102.1500;
464.10;0;0;0;0;55;207;48;48;48;48;48;1363;354;950;5.4;30.1;-44.5;14.5;5.5;76.7;0.0000;-0.0008;0.2500;102.2000;
464.35;0;0;0;0;55;207;48;49;48;48;48;1366;354;950;5.4;30.1;-44.5;14.5;5.5;76.7;0.0000;0.0022;0.2750;102.3750;
464.60;0;0;0;0;55;207;48;49;48;49;49;1378;354;950;5.5;29.0;-44.5;14.5;5.5;76.7;0.0000;0.0029;0.2500;102.3250;
464.85;0;0;0;0;55;207;49;49;49;49;49;1381;354;950;5.5;28.7;-44.5;14.5;5.5;76.7;0.0000;0.0041;0.2250;102.2500;
465.10;0;0;0;0;55;207;49;49;49;49;49;1393;354;950;5.5;28.7;-44.0;14.5;5.5;76.7;0.0000;0.0046;0.2500;102.2250;
465.35;0;0;0;0;55;207;49;50;49;49;50;1396;354;950;5.5;28.5;-44.0;14.5;5.5;76.7;0.0000;0.0061;0.2500;102.3250;
465.60;0;0;0;0;55;207;50;50;49;50;50;1401;354;950;5.6;27.8;-44.0;14.5;5.5;76.7;0.0000;0.0061;0.1500;102.2000;
465.85;0;0;0;0;55;207;50;50;50;50;50;1412;354;950;5.6;27.8;-44.0;14.5;5.5;76.7;0.0000;0.0064;0.2500;0.4750;
466.10;0;0;0;0;55;207;50;50;50;50;50;1414;354;950;5.6;27.6;-44.0;14.5;5.5;76.7;0.0000;0.0069;0.2000;0.2000;
466.35;0;0;0;0;55;207;50;50;50;50;50;1425;354;950;5.6;27.6;-44.5;14.5;5.5;76.7;0.0000;0.0084;0.2250;102.1250;
466.60;0;0;0;0;55;207;50;51;50;50;50;1429;354;950;5.6;27.8;-44.5;14.5;5.5;76.7;0.0000;0.0086;0.1250;102.1750;
466.88;0;0;0;0;55;207;51;51;51;51;51;1438;354;950;5.6;27.7;-44.0;14.5;5.5;76.7;0.0000;0.0086;0.2250;0.0000;
467.13;0;0;0;0;55;207;51;51;51;51;51;1439;354;950;5.6;27.7;-44.0;14.5;5.5;76.7;0.0000;0.0086;0.1250;0.1000;
467.38;0;0;0;0;55;207;51;51;51;51;51;1448;354;950;5.6;27.7;-44.5;14.5;5.5;76.7;0.0000;0.0086;0.2000;0.0000;
467.63;0;0;0;0;55;207;51;51;51;51;51;1450;354;950;5.6;27.7;-44.0;14.5;5.5;76.7;0.0000;0.0091;0.1750;102.0250;
467.88;0;0;0;0;55;207;51;52;51;52;51;1456;354;950;5.5;28.1;-44.0;14.5;5.5;76.7;0.0000;0.0091;0.1750;102.3500;
468.13;0;0;0;0;55;207;52;52;51;52;52;1461;354;950;5.5;28.1;-44.0;14.5;5.5;76.7;0.0000;0.0087;0.2000;0.0250;
468.38;0;0;0;0;55;207;52;52;52;52;52;1467;354;950;5.4;28.4;-44.0;14.5;5.5;76.7;0.0000;0.0087;0.1750;0.0000;
468.63;0;0;0;0;55;207;52;52;52;52;52;1473;354;950;5.3;28.3;-44.0;14.5;5.5;76.7;0.0000;0.0091;0.1750;0.0000;
468.88;0;0;0;0;55;207;52;52;52;52;52;1477;354;950;5.3;28.3;-44.0;14.5;5.5;76.7;0.0000;0.0091;0.1500;0.0750;
469.13;0;0;0;0;55;207;52;52;52;52;52;1483;354;950;5.3;28.7;-44.0;14.5;5.5;76.7;0.0000;0.0091;0.1250;0.0750;
469.38;0;0;0;0;55;207;52;53;52;52;52;1484;354;950;5.3;28.7;-44.0;14.5;5.5;76.7;0.0000;0.0062;0.0500;0.0750;
469.63;0;0;0;0;55;207;53;53;53;53;53;1487;354;950;5.3;28.9;-44.0;14.5;5.5;76.7;0.0000;0.0034;0.1000;0.0000;
469.88;0;0;0;0;55;207;53;53;53;53;53;1488;354;950;5.3;28.9;-44.0;14.5;5.5;76.7;0.0000;0.0038;0.0250;102.3250;
470.13;0;0;0;0;55;207;53;53;53;53;53;1493;354;950;5.3;28.9;-44.0;14.5;5.5;76.7;0.0000;0.0033;0.1250;102.2500;
470.38;0;0;0;0;55;207;53;53;53;53;53;1500;354;950;5.3;28.9;-44.0;14.5;5.5;76.7;0.0000;0.0052;0.1500;0.1750;
470.63;0;0;0;0;55;207;53;53;53;53;53;1501;354;950;5.3;28.9;-44.0;14.5;5.5;76.7;0.0000;0.0059;0.1500;102.3500;
470.88;0;0;0;0;55;207;53;53;53;53;53;1506;354;950;5.3;28.9;-44.0;14.5;5.5;76.7;0.0000;0.0059;0.1000;102.2750;
471.13;0;0;0;0;55;207;53;53;53;53;53;1508;354;950;5.3;28.9;-44.0;14.5;5.5;76.7;0.0000;0.0062;0.1000;102.3250;
471.38;0;0;0;0;55;207;53;54;53;53;54;1514;354;950;5.3;28.9;-44.0;14.5;5.5;76.7;0.0000;0.0066;0.1250;102.3750;
471.63;0;0;0;0;55;207;54;54;54;54;54;1517;354;950;5.3;29.1;-44.0;14.5;5.5;76.7;0.0000;0.0069;0.1000;0.0000;
471.89;0;0;0;0;55;207;54;54;54;54;54;1522;354;950;5.3;29.1;-44.0;14.5;5.5;76.7;0.0000;0.0070;0.1250;0.0000;
472.14;0;0;0;0;55;207;54;54;54;54;54;1523;354;950;5.3;28.9;-44.0;14.5;5.5;76.7;0.0000;0.0074;0.1000;0.0250;
472.39;0;0;0;0;55;207;54;54;54;54;54;1525;354;950;5.3;28.9;-44.5;14.5;5.5;76.7;0.0000;0.0082;0.1000;0.0500;
472.64;0;0;0;0;55;207;54;54;54;54;54;1531;354;950;5.3;29.0;-44.0;14.5;5.5;76.7;0.0000;0.0086;0.1000;0.1500;
472.89;0;0;0;0;55;207;54;54;54;54;54;1528;354;950;5.3;29.2;-44.5;14.5;5.5;76.7;0.0000;0.0087;0.0250;0.0000;
473.14;0;0;0;0;55;207;54;54;54;54;54;1529;354;950;5.3;29.2;-44.5;14.5;5.5;76.7;0.0000;0.0092;0.0000;0.2000;
473.39;0;0;0;0;55;207;54;54;54;54;54;1530;354;950;5.3;29.2;-44.5;14.5;5.5;76.7;0.0000;0.0102;0.0500;0.1750;
473.64;0;0;0;0;55;207;54;54;54;54;54;1531;354;950;5.2;29.2;-44.5;14.5;5.5;76.7;0.0000;0.0112;-0.0250;0.0500;
473.89;0;0;0;0;55;207;54;54;54;54;54;1523;354;950;5.2;29.2;-44.0;14.5;5.5;76.7;0.0000;0.0130;-0.1250;0.6500;
474.14;0;0;0;0;55;207;54;54;54;54;54;1526;354;950;5.2;29.3;-44.5;14.5;5.5;76.7;0.0000;0.0146;-0.1500;0.2250;
474.39;0;0;0;0;55;207;54;54;54;54;54;1525;354;950;5.2;29.3;-44.5;14.5;5.5;76.7;0.0000;0.0157;-0.0250;0.5750;
474.64;0;0;0;0;55;207;53;53;53;53;53;1504;354;950;5.2;29.7;-44.0;14.5;5.5;76.7;0.0000;0.0157;-0.5250;0.3250;
474.89;0;0;0;0;55;207;53;53;53;53;53;1491;354;950;5.2;29.8;-44.0;14.5;5.5;76.7;0.0000;0.0151;-0.5750;0.3500;
475.14;0;0;0;0;55;207;52;52;52;52;52;1480;354;950;5.2;29.8;-44.0;14.5;5.5;76.7;0.0000;0.0150;-0.5500;0.3250;
475.39;0;0;0;0;55;207;52;52;51;52;52;1463;354;950;5.2;30.0;-44.0;14.5;5.5;76.7;0.0000;0.0112;-0.5500;0.4250;
475.64;0;0;0;0;55;207;51;51;51;51;51;1448;354;950;5.2;30.0;-44.0;14.5;5.5;76.7;0.0706;0.0018;-0.6000;102.1750;
475.89;0;0;0;0;55;207;50;50;50;50;51;1436;354;950;5.1;30.3;15.0;14.5;5.5;76.7;0.2510;-0.0014;-0.7000;0.0000;
476.14;0;0;0;0;55;207;50;50;50;50;50;1430;354;950;5.1;30.3;65.0;14.5;5.5;76.7;0.2941;-0.0029;-0.5500;0.0500;
476.39;0;0;0;0;55;207;50;50;50;50;50;1417;354;950;5.1;30.0;106.5;14.5;5.5;76.7;0.3294;-0.0043;-0.4000;102.2750;
476.64;0;0;0;0;55;207;50;50;50;50;50;1411;354;950;5.0;29.5;124.5;14.5;5.5;76.7;0.3412;-0.0047;-0.3500;102.1750;
476.90;0;0;0;0;55;207;49;49;49;49;50;1409;354;950;5.0;29.5;150.5;14.5;5.5;76.7;0.3922;-0.0047;-0.3500;0.0000;
477.15;0;0;0;0;55;207;50;50;49;49;50;1405;354;950;4.9;29.4;167.0;14.5;5.5;76.7;0.4000;-0.0041;-0.1000;102.3000;
477.40;0;0;0;0;55;207;49;49;50;50;50;1401;354;950;4.7;28.5;184.5;14.5;5.5;76.7;0.4118;-0.0041;0.0000;0.0000;
477.65;0;0;0;0;55;207;50;50;50;50;50;1413;354;950;4.7;28.5;187.0;14.5;5.5;76.7;0.4118;-0.0041;0.0750;0.0750;
477.90;0;0;0;0;55;207;50;50;50;50;50;1412;354;950;4.5;28.0;189.0;14.5;5.5;76.7;0.4118;-0.0038;0.1000;0.3250;
478.15;0;0;0;0;55;207;50;50;50;50;50;1420;354;950;4.5;28.0;188.0;14.5;5.5;76.7;0.4118;-0.0033;0.1500;102.3250;
478.40;0;0;0;0;55;207;50;50;50;50;50;1419;354;950;4.3;27.7;185.5;14.5;5.5;76.7;0.4039;-0.0033;0.1000;0.1000;
478.65;0;0;0;0;55;207;50;50;50;50;50;1428;354;950;4.1;26.8;183.0;14.5;5.5;76.7;0.4039;-0.0033;0.1500;0.1500;
478.90;0;0;0;0;55;207;50;50;51;50;51;1430;354;950;4.1;26.8;182.0;14.5;5.5;76.7;0.4000;-0.0041;0.1750;0.0500;
479.15;0;0;0;0;55;207;51;51;51;51;51;1439;354;950;3.9;26.4;182.0;14.5;5.5;76.7;0.4039;-0.0088;0.1750;0.1000;
479.40;0;0;0;0;55;207;51;51;51;51;51;1441;354;950;3.7;25.8;182.0;14.5;5.5;76.7;0.4039;-0.0183;0.1500;102.0750;
479.65;0;0;0;0;55;207;51;51;51;51;51;1448;354;950;3.7;25.8;182.5;14.5;5.5;76.7;0.4039;-0.0201;0.1750;101.6750;
479.90;0;0;0;0;55;207;51;51;51;51;51;1455;354;950;3.7;25.8;182.0;14.5;5.5;76.7;0.4039;-0.0224;0.2000;101.7500;
480.15;0;0;0;0;55;207;52;51;52;51;52;1460;354;950;3.6;24.8;182.5;14.5;5.5;76.7;0.4039;-0.0285;0.1750;101.6000;
480.40;0;0;0;0;55;207;52;52;52;52;52;1460;354;950;3.4;24.3;182.5;14.5;5.5;76.7;0.4000;-0.0309;0.1750;101.4000;
480.65;0;0;0;0;55;207;53;52;52;52;52;1471;354;950;3.4;24.3;180.5;14.5;5.5;76.7;0.4039;-0.0309;0.1500;101.4000;
480.90;0;0;0;0;55;207;52;52;52;52;52;1471;354;950;3.3;24.2;181.5;14.5;5.5;76.7;0.4000;-0.0308;0.2000;101.4000;
481.15;0;0;0;0;55;207;53;52;52;52;52;1487;354;950;3.3;24.2;178.0;14.5;5.5;76.7;0.4039;-0.0308;0.2000;101.5250;
481.40;0;0;0;0;55;207;53;52;53;52;53;1490;354;950;3.2;23.5;181.5;14.5;5.5;76.7;0.4078;-0.0307;0.2250;101.7000;
481.65;0;0;0;0;55;207;53;53;53;53;53;1493;354;950;3.2;23.5;183.0;14.5;5.5;76.7;0.4078;-0.0318;0.1500;101.5750;
481.92;0;0;0;0;55;207;53;53;53;53;53;1504;354;950;3.2;23.5;181.5;14.5;5.5;76.7;0.4000;-0.0325;0.1750;101.6500;
482.17;0;0;0;0;55;207;53;53;53;53;53;1489;354;950;3.2;23.3;125.5;14.5;5.5;76.7;0.3176;-0.0318;0.1250;101.3750;
482.42;0;0;0;0;55;207;53;53;53;53;53;1500;354;950;3.2;22.8;93.5;14.5;5.5;76.7;0.2706;-0.0316;0.0250;101.5500;
482.67;0;0;0;0;55;207;53;52;53;52;53;1490;354;950;3.2;22.8;90.5;14.5;5.5;76.7;0.2706;-0.0308;-0.1500;101.6000;
482.92;0;0;0;0;55;207;53;52;53;52;53;1484;354;950;3.2;22.9;88.5;14.5;5.5;76.7;0.2706;-0.0290;-0.2250;101.6750;
483.17;0;0;0;0;55;207;52;52;52;52;52;1477;354;950;3.2;22.9;85.0;14.5;5.5;76.7;0.2667;-0.0193;-0.2750;102.0250;
483.42;0;0;0;0;55;207;52;52;52;52;52;1469;354;950;3.2;22.6;82.0;14.5;5.5;76.7;0.2588;-0.0141;-0.2750;101.9500;
483.67;0;0;0;0;55;207;52;52;52;52;52;1465;354;950;3.2;22.6;83.5;14.5;5.5;76.7;0.2627;-0.0102;-0.2750;0.2250;
483.92;0;0;0;0;55;207;51;52;51;51;52;1453;354;950;3.2;22.6;87.5;14.5;5.5;76.7;0.2706;-0.0082;-0.2500;102.3750;
484.17;0;0;0;0;55;207;51;51;51;51;51;1449;354;950;3.2;22.6;93.0;14.5;5.5;76.7;0.2863;-0.0057;-0.3750;102.3000;
484.42;0;0;0;0;55;207;51;51;51;51;51;1437;354;950;3.3;23.1;100.0;14.5;5.5;76.7;0.3020;-0.0029;-0.3250;102.3750;
484.67;0;0;0;0;55;207;51;50;51;51;51;1436;354;950;3.4;23.7;122.0;14.5;5.5;76.7;0.3412;-0.0003;-0.2250;0.0750;
484.92;0;0;0;0;55;207;51;51;50;50;51;1438;354;950;3.4;23.7;137.0;14.5;5.5;76.7;0.3608;0.0038;-0.2000;0.2250;
485.17;0;0;0;0;56;207;50;51;50;51;51;1428;354;950;3.4;23.8;154.0;14.5;5.5;76.7;0.3765;0.0091;-0.1000;0.3250;
485.42;0;0;0;0;56;207;50;50;50;50;51;1430;354;950;3.4;24.6;164.5;14.5;5.5;76.7;0.3922;0.0097;-0.0500;0.1000;
485.67;0;0;0;0;56;207;50;51;50;51;51;1436;354;950;3.4;24.6;174.0;14.5;5.5;76.7;0.4000;0.0118;0.0250;0.3250;
485.92;0;0;0;0;56;207;51;51;51;51;51;1434;354;950;3.4;25.1;186.5;14.5;5.5;76.7;0.4196;0.0132;0.0500;0.4750;
486.17;0;0;0;0;56;207;50;51;51;51;51;1439;354;950;3.4;25.1;198.0;14.5;5.5;76.7;0.4275;0.0138;0.0750;0.2000;
486.42;0;0;0;0;56;207;51;51;51;51;51;1441;354;950;3.4;25.1;202.5;14.5;5.5;76.7;0.4353;0.0135;0.0500;0.3750;
486.67;0;0;0;0;56;207;51;51;51;51;51;1446;354;950;3.4;25.8;206.5;14.5;5.5;76.7;0.4392;0.0122;0.1000;0.1750;
486.93;0;0;0;0;56;207;51;51;51;51;51;1448;354;950;3.4;25.8;216.0;14.5;5.5;76.7;0.4627;0.0099;0.1500;102.3250;
487.18;0;0;0;0;56;207;52;52;51;52;52;1462;354;950;3.4;26.0;230.0;14.5;5.5;76.7;0.4824;0.0067;0.2500;0.1250;
487.43;0;0;0;0;56;207;52;52;52;52;52;1469;354;950;3.4;25.9;237.0;14.5;5.5;76.7;0.4863;0.0026;0.2250;0.0500;
487.68;0;0;0;0;56;207;52;52;52;52;52;1478;354;950;3.4;25.9;242.0;14.5;5.5;76.7;0.4941;0.0018;0.3250;102.3250;
487.93;0;0;0;0;56;207;53;53;53;53;53;1490;354;950;3.4;25.8;245.0;14.5;5.5;76.7;0.4980;0.0025;0.3500;102.3250;
488.18;0;0;0;0;56;207;53;53;53;53;53;1499;354;950;3.4;25.8;250.0;14.5;5.5;76.7;0.5020;0.0026;0.3750;102.1750;
488.43;0;0;0;0;56;207;53;53;53;53;53;1512;354;950;3.3;25.5;250.0;14.5;5.5;76.7;0.5098;0.0046;0.3750;0.0000;
488.68;0;0;0;0;56;207;54;54;54;54;54;1529;354;950;3.3;25.5;254.0;14.5;5.5;76.7;0.5176;0.0061;0.5000;102.3000;
488.93;0;0;0;0;56;207;54;54;54;54;54;1534;354;950;3.2;24.9;254.0;14.5;5.5;76.7;0.5176;0.0120;0.4250;0.0750;
489.18;0;0;0;0;56;207;54;55;55;55;55;1551;354;950;3.2;24.9;255.5;14.5;5.5;76.7;0.5216;0.0222;0.5000;0.1500;
489.43;0;0;0;0;56;207;55;55;55;55;55;1565;354;950;3.2;25.0;256.5;14.5;5.5;76.7;0.5255;0.0288;0.4250;0.7750;
489.68;0;0;0;0;57;207;55;56;56;56;56;1576;354;950;3.2;24.8;260.5;14.5;5.5;76.7;0.5333;0.0344;0.4750;0.8500;
489.93;0;0;0;0;57;207;56;56;56;56;56;1588;354;950;3.2;24.8;260.5;14.5;5.5;76.7;0.5373;0.0367;0.4750;1.1750;
490.18;0;0;0;0;57;207;56;57;56;57;57;1603;354;950;3.2;24.7;264.5;14.5;5.5;76.7;0.5490;0.0463;0.5250;1.4250;
490.43;0;0;0;0;57;207;57;58;57;57;57;1618;354;950;3.2;25.3;265.5;14.5;5.5;76.7;0.5490;0.0464;0.4750;1.7000;
490.68;0;0;0;0;57;207;57;58;57;58;58;1637;354;950;3.2;25.3;266.0;14.5;5.5;76.7;0.5490;0.0466;0.4750;1.5250;
490.93;0;0;0;0;57;207;58;58;58;58;58;1645;354;950;3.2;25.6;266.5;14.5;5.5;76.7;0.5490;0.0468;0.5250;1.6000;
491.18;0;0;0;0;57;207;58;59;58;59;59;1665;354;950;3.2;25.6;266.0;14.5;5.5;76.7;0.5529;0.0483;0.5000;1.6750;
491.43;0;0;0;0;57;207;59;60;59;60;59;1673;354;950;3.2;25.9;266.0;14.5;5.5;76.7;0.5529;0.0486;0.5500;1.4000;
491.68;0;0;0;0;57;207;59;60;59;60;60;1691;354;950;3.2;26.7;264.5;14.5;5.5;76.7;0.5490;0.0494;0.5250;1.9500;
491.94;0;0;0;0;57;207;60;61;60;61;60;1704;354;950;3.2;26.7;264.5;14.4;5.5;76.7;0.5490;0.0519;0.5000;1.9500;
492.19;0;0;0;0;57;207;60;61;60;61;61;1721;354;950;3.2;27.5;264.0;14.4;5.5;76.7;0.5490;0.0543;0.5000;2.0000;
492.44;0;0;0;0;57;207;61;62;61;62;61;1732;354;950;3.2;27.5;263.5;14.4;5.5;76.7;0.5490;0.0543;0.5250;1.9750;
492.69;0;0;0;0;57;207;61;62;61;62;62;1745;354;950;3.2;28.2;262.0;14.4;5.5;76.7;0.5451;0.0543;0.5000;1.9250;
492.94;0;0;0;0;57;207;62;63;62;63;62;1760;354;950;3.2;28.2;261.5;14.4;5.5;76.7;0.5451;0.0541;0.5000;2.1000;
493.19;0;0;0;0;57;207;62;63;62;63;63;1771;354;950;3.2;29.4;261.0;14.4;5.5;76.7;0.5412;0.0496;0.5500;2.0750;
493.44;0;0;0;0;57;207;63;64;63;64;63;1785;354;950;3.2;30.2;258.0;14.4;5.5;76.7;0.5373;0.0486;0.5500;1.8750;
493.69;0;0;0;0;57;207;63;64;63;64;64;1806;354;950;3.2;30.2;252.5;14.4;5.5;76.7;0.5137;0.0488;0.5250;2.0500;
493.94;0;0;0;0;57;207;63;64;63;64;64;1750;354;950;3.2;30.8;45.5;14.4;5.5;76.7;0.0000;0.0496;0.3500;2.0750;
494.19;1;0;0;0;58;207;63;64;63;64;64;1520;354;950;3.2;30.8;-34.5;14.4;5.5;76.7;0.0000;0.0494;-0.2000;2.0500;
494.44;1;0;0;0;58;207;62;63;62;63;63;1270;354;950;3.2;31.6;-37.0;14.4;5.5;76.7;0.0902;0.0493;-0.5250;2.0500;
494.69;0;0;0;0;58;207;62;63;62;63;63;1425;354;950;3.2;32.9;172.5;14.4;5.5;76.7;0.3961;0.0493;-0.5500;1.9750;
494.94;0;0;0;0;58;207;62;63;62;63;63;1416;354;950;3.2;32.9;178.0;14.4;5.5;76.7;0.3961;0.0483;-0.1000;1.6500;
495.19;0;0;0;0;58;207;62;63;62;63;63;1421;354;950;3.2;33.2;170.0;14.4;5.5;76.7;0.3765;0.0496;-0.0250;2.1500;
495.44;0;0;0;0;58;207;62;63;62;63;63;1419;354;950;3.2;33.4;163.0;14.5;5.5;76.7;0.3686;0.0504;0.0250;2.3500;
495.69;0;0;0;0;58;207;62;63;62;63;63;1430;354;950;3.2;33.4;150.0;14.5;5.5;76.7;0.3529;0.0511;0.1500;1.9500;
495.94;0;0;0;0;58;207;63;63;63;64;63;1427;354;950;3.2;34.4;145.5;14.5;5.5;76.7;0.3490;0.0522;0.0500;2.2500;
496.19;0;0;0;0;58;207;63;63;63;64;63;1434;354;950;3.2;34.4;139.0;14.5;5.5;76.7;0.3373;0.0528;0.1000;2.1500;
496.44;0;0;0;0;58;207;63;64;63;64;64;1432;354;950;3.2;34.7;132.5;14.5;5.5;76.7;0.3255;0.0514;0.1500;2.2500;
496.69;0;0;0;0;58;207;63;64;63;64;64;1444;354;950;3.2;34.7;126.5;14.5;5.5;76.7;0.3176;0.0512;0.2000;2.1250;
496.95;0;0;0;0;58;207;63;64;63;64;64;1410;354;950;3.2;35.2;9.5;14.5;5.5;76.7;0.0000;0.0506;0.0250;2.1500;
497.20;1;0;0;0;58;207;63;64;63;64;64;1227;354;950;3.2;35.9;-33.5;14.5;5.5;76.7;0.0000;0.0499;-0.0750;2.6000;
497.45;1;0;0;0;59;207;63;64;63;64;63;1018;354;950;3.2;35.9;-34.5;14.4;5.5;76.7;0.0000;0.0493;-0.1750;1.8750;
497.70;1;0;0;0;59;207;62;63;62;63;63;1049;354;950;3.2;36.3;-37.0;14.4;5.5;76.7;0.0000;0.0486;-0.1500;1.8250;
497.95;0;0;0;0;59;207;62;63;62;63;63;1166;354;950;3.2;36.3;-32.5;14.5;5.5;76.7;0.0000;0.0486;-0.2500;1.8750;
498.20;0;0;0;0;59;207;62;63;62;63;63;1163;354;950;3.2;36.9;-37.0;14.5;5.5;76.7;0.0000;0.0476;-0.3250;1.7500;
498.45;0;0;0;0;59;207;62;63;62;63;62;1157;354;950;3.2;37.5;-38.0;14.5;5.5;76.7;0.0000;0.0459;-0.2500;1.7750;
498.70;0;0;0;0;59;207;62;63;62;62;62;1157;354;950;3.2;37.5;-38.0;14.5;5.5;76.7;0.0000;0.0446;-0.2000;1.5000;
498.95;0;0;0;0;59;207;62;62;61;62;62;1154;354;950;3.2;37.0;-38.0;14.5;5.5;76.7;0.0000;0.0503;-0.2000;1.8250;
499.20;0;0;0;0;59;207;61;62;61;62;62;1152;354;950;3.2;37.2;-38.0;14.5;5.5;76.7;0.0000;0.0501;-0.2000;2.1000;
499.45;0;0;0;0;59;207;61;62;61;62;62;1149;354;950;3.2;37.2;-37.5;14.5;5.5;76.7;0.0000;0.0512;-0.2000;2.0000;
499.70;0;0;0;0;59;207;61;62;61;62;62;1146;354;950;3.2;38.7;-37.5;14.5;5.5;76.7;0.0000;0.0552;-0.1250;2.3000;
499.95;0;0;0;0;59;207;61;62;61;62;62;1146;354;950;3.2;38.7;-37.5;14.5;5.5;76.7;0.0000;0.0552;-0.1250;2.2000;
500.20;0;0;0;0;59;207;61;62;61;62;62;1148;354;950;3.2;38.5;-37.5;14.5;5.5;76.7;0.0000;0.0552;-0.0250;2.3500;
500.45;0;0;0;0;59;207;61;62;61;62;62;1146;354;950;3.2;38.8;-37.5;14.5;5.5;76.7;0.0000;0.0551;-0.0250;2.6250;
500.70;0;0;0;0;59;207;61;62;61;62;62;1145;354;950;3.2;38.8;-37.5;14.5;5.5;76.7;0.0000;0.0543;-0.0500;2.3000;
500.95;0;0;0;0;59;207;61;62;61;62;62;1146;354;950;3.2;38.8;-37.5;14.5;5.5;76.7;0.0000;0.0445;0.0500;2.2500;
501.20;0;0;0;0;59;207;62;62;61;62;62;1153;354;950;3.2;39.6;-37.5;14.5;5.5;76.7;0.0000;0.0346;0.1500;1.3750;
501.45;0;0;0;0;59;207;62;62;62;62;62;1154;354;950;3.2;39.5;-37.5;14.5;5.5;76.7;0.0000;0.0290;0.1000;1.0000;
501.70;0;0;0;0;59;207;62;62;62;62;62;1155;354;950;3.2;39.5;-37.5;14.5;5.5;76.7;0.0000;0.0246;0.1500;1.0500;
501.97;0;0;0;0;59;207;62;63;62;62;63;1157;354;950;3.2;39.0;-37.5;14.5;5.5;76.7;0.0000;0.0145;0.1750;0.4750;
502.22;0;0;0;0;59;207;63;62;62;62;63;1164;354;950;3.2;38.4;-37.5;14.5;5.5;76.7;0.0000;0.0028;0.2000;0.0750;
502.47;0;0;0;0;59;207;63;63;62;63;63;1166;354;950;3.2;38.4;-37.5;14.5;5.5;76.7;0.0000;-0.0007;0.2250;102.3000;
502.72;0;0;0;0;60;207;63;63;63;63;63;1171;354;950;3.3;37.5;-37.5;14.5;5.5;76.7;0.0000;-0.0038;0.2000;0.1500;
502.97;0;0;0;0;60;207;63;63;63;63;63;1172;354;950;3.3;37.5;-37.5;14.5;5.5;76.7;0.0000;-0.0154;0.1500;101.8000;
503.22;0;0;0;0;60;207;63;63;63;63;63;1179;354;950;3.4;36.3;-37.5;14.5;5.5;76.7;0.0000;-0.0206;0.1500;101.6250;
503.47;0;0;0;0;60;207;64;64;64;63;64;1183;354;950;3.5;35.4;-37.5;14.5;5.5;76.7;0.0000;-0.0247;0.2250;101.3000;
503.72;0;0;0;0;60;207;64;63;64;64;64;1187;354;950;3.5;35.4;-37.5;14.5;5.5;76.7;0.0000;-0.0291;0.2000;101.2000;
503.97;0;0;0;0;60;207;64;64;64;64;64;1187;354;950;3.6;33.4;-37.5;14.5;5.5;76.7;0.0000;-0.0307;0.1500;101.5750;
504.22;0;0;0;0;60;207;64;64;64;64;64;1191;354;950;3.6;31.7;-37.5;14.5;5.5;76.7;0.0000;-0.0338;0.1750;101.4000;
504.47;0;0;0;0;60;207;65;64;64;64;64;1191;354;950;3.6;31.7;-37.5;14.5;5.5;76.7;0.0000;-0.0409;0.0500;100.4000;
504.72;0;0;0;0;60;207;65;64;65;64;64;1196;354;950;3.6;30.4;-37.5;14.5;5.5;76.7;0.0000;-0.0427;0.0750;100.6500;
504.97;0;0;0;0;60;207;65;64;65;64;64;1197;354;950;3.6;30.4;-37.5;14.5;5.5;76.7;0.0000;-0.0427;0.0500;100.4250;
505.22;0;0;0;0;60;207;65;64;65;64;65;1199;354;950;3.6;28.1;-37.5;14.5;5.5;76.7;0.0000;-0.0437;0.0750;100.6500;
505.47;0;0;0;0;60;207;65;64;65;64;65;1201;354;950;3.6;28.1;-37.5;14.5;5.5;76.7;0.0000;-0.0437;0.1000;100.4000;
505.72;0;0;0;0;60;207;65;65;65;65;65;1207;354;950;3.7;26.3;-37.5;14.5;5.5;76.7;0.0000;-0.0437;0.2000;100.4000;
505.97;0;0;0;0;60;207;65;65;65;65;65;1208;354;950;3.7;26.3;-37.5;14.5;5.5;76.7;0.0000;-0.0420;0.1750;100.3500;
506.22;0;0;0;0;60;207;66;65;65;65;65;1212;354;950;3.7;25.5;-37.5;14.5;5.5;76.7;0.0000;-0.0391;0.1750;101.0500;
506.47;0;0;0;0;60;207;66;65;66;65;66;1215;354;950;3.7;24.5;-37.5;14.5;5.5;76.7;0.0000;-0.0371;0.1500;100.1500;
506.72;0;0;0;0;60;207;66;65;66;65;66;1223;354;950;3.7;24.5;-37.5;14.5;5.5;76.7;0.0000;-0.0378;0.2500;100.7000;
506.98;0;0;0;0;60;207;66;65;66;66;66;1228;354;950;3.7;23.7;-37.5;14.5;5.5;76.7;0.0000;-0.0433;0.2500;100.2500;
507.23;0;0;0;0;60;207;67;66;66;66;66;1232;354;950;3.5;23.4;-37.5;14.5;5.5;76.7;0.0000;-0.0428;0.2000;100.6250;
507.48;0;0;0;0;60;207;67;66;67;66;67;1241;354;950;3.5;23.4;-38.0;14.5;5.5;76.7;0.0000;-0.0382;0.2750;100.9500;
507.73;0;0;0;0;60;207;67;66;67;66;67;1244;354;950;3.4;22.9;-38.0;14.5;5.5;76.7;0.0000;-0.0371;0.2750;100.6500;
507.98;0;0;0;0;60;207;67;66;67;67;67;1250;354;950;3.4;22.9;-38.0;14.5;5.5;76.7;0.0000;-0.0445;0.2750;100.4500;
508.23;0;0;0;0;60;207;68;67;68;67;68;1255;354;950;3.4;22.7;-38.0;14.5;5.5;76.7;0.0000;-0.0448;0.3500;100.2250;
508.48;0;0;0;0;60;207;68;67;68;67;68;1262;354;950;3.4;22.7;-38.5;14.5;5.5;76.7;0.0000;-0.0471;0.3250;100.0250;
508.73;0;0;0;0;60;207;68;67;68;68;68;1265;354;950;3.4;22.7;-38.5;14.5;5.5;76.7;0.0000;-0.0480;0.2750;99.9250;
508.98;0;0;0;0;60;207;69;68;69;68;68;1269;354;950;3.3;22.0;-38.5;14.5;5.5;76.7;0.0000;-0.0481;0.3250;100.0750;
509.23;0;0;0;0;60;207;69;68;69;68;69;1274;354;950;3.3;22.0;-38.5;14.5;5.5;76.7;0.0000;-0.0476;0.2250;100.1250;
509.48;0;0;0;0;60;207;69;69;69;68;69;1282;354;950;3.3;22.2;-38.5;14.5;5.5;76.7;0.0000;-0.0437;0.3250;100.0000;
509.73;0;0;0;0;60;207;70;69;69;69;69;1287;354;950;3.3;22.2;-38.5;14.5;5.5;76.7;0.0000;-0.0430;0.3500;100.3500;
509.98;0;0;0;0;60;207;70;69;69;69;70;1293;354;950;3.3;22.1;-38.5;14.5;5.5;76.7;0.0000;-0.0418;0.3250;100.4250;
510.23;0;0;0;0;60;207;70;69;70;69;70;1296;354;950;3.4;21.8;-38.5;14.5;5.5;76.7;0.0000;-0.0422;0.2250;100.3250;
510.48;0;0;0;0;60;207;71;70;70;70;70;1301;356;950;3.4;21.8;-38.5;14.5;5.5;76.7;0.0000;-0.0437;0.2500;99.6500;
510.73;0;0;0;0;60;207;71;70;70;70;70;1306;356;950;3.4;22.0;-38.5;14.5;5.5;76.7;0.0000;-0.0481;0.2250;100.3000;
510.98;0;0;0;0;60;207;71;70;71;70;71;1310;356;950;3.4;22.0;-38.5;14.5;5.5;76.7;0.0000;-0.0407;0.2750;100.1250;
511.23;0;0;0;0;60;207;71;70;71;70;71;1314;356;950;3.3;21.3;-38.5;14.5;5.5;76.7;0.0000;-0.0443;0.2500;100.4000;
511.48;0;0;0;0;60;207;72;71;71;71;71;1322;356;950;3.3;21.2;-38.5;14.5;5.5;76.7;0.0000;-0.0435;0.3250;100.0000;
511.73;0;0;0;0;60;207;72;71;72;71;72;1329;356;950;3.3;21.2;-38.5;14.5;5.5;76.7;0.0000;-0.0437;0.3500;99.8000;
511.99;0;0;0;0;60;207;72;71;72;71;72;1334;356;950;3.5;21.1;-38.5;14.5;5.5;76.7;0.0000;-0.0437;0.2500;100.1500;
512.24;0;0;0;0;60;207;73;72;72;72;72;1341;356;950;3.5;20.7;-38.5;14.5;5.5;76.7;0.0000;-0.0438;0.3500;100.3250;
512.49;0;0;0;0;60;207;73;72;73;72;73;1348;356;950;3.5;20.7;-38.5;14.5;5.5;76.7;0.0000;-0.0438;0.3250;99.8000;
512.74;0;0;0;0;60;207;73;72;73;72;73;1352;356;950;3.5;20.5;-38.5;14.5;5.5;76.7;0.0000;-0.0438;0.2500;100.2500;
512.99;0;0;0;0;60;207;74;73;73;73;73;1361;356;950;3.5;20.5;-38.5;14.5;5.5;76.7;0.0000;-0.0433;0.4000;100.0500;
513.24;0;0;0;0;60;207;74;73;74;73;73;1360;356;950;3.6;20.8;-38.5;14.5;5.5;76.7;0.0000;-0.0430;0.2750;100.2250;
513.49;0;0;0;0;60;207;74;73;74;73;74;1371;356;950;3.6;20.8;-38.5;14.5;5.5;76.7;0.0000;-0.0430;0.3250;100.3500;
513.74;0;0;0;0;60;207;74;73;74;74;74;1370;356;950;3.7;20.6;-38.5;14.5;5.5;76.7;0.0000;-0.0432;0.2000;100.6000;
513.99;0;0;0;0;60;207;75;74;75;74;74;1379;356;950;3.7;20.6;-38.5;14.5;5.5;76.7;0.0000;-0.0399;0.2250;99.9000;
514.24;0;0;0;0;60;207;75;74;75;74;75;1385;356;950;3.7;20.6;-38.5;14.5;5.5;76.7;0.0000;-0.0367;0.2250;100.7500;
514.49;0;0;0;0;60;207;75;74;75;74;75;1381;356;950;3.7;20.6;-38.5;14.5;5.5;76.7;0.0000;-0.0352;0.1500;100.3750;
514.74;0;0;0;0;60;207;75;75;75;75;75;1392;356;950;3.7;20.6;-38.5;14.5;5.5;76.7;0.0000;-0.0307;0.2750;101.1750;
514.99;0;0;0;0;60;207;75;75;75;75;75;1393;356;950;3.8;20.4;-38.5;14.5;5.5;76.7;0.0000;-0.0194;0.1750;101.5500;
515.24;0;0;0;0;60;207;75;75;75;75;75;1397;356;950;3.9;21.2;-38.5;14.5;5.5;76.7;0.0000;-0.0146;0.1750;101.5750;
515.49;0;0;0;0;60;207;76;76;76;75;76;1406;356;950;3.9;21.2;-38.5;14.5;5.5;76.7;0.0000;-0.0120;0.2500;102.1250;
515.74;0;0;0;0;60;207;76;76;76;76;76;1409;356;950;4.1;21.7;-38.5;14.5;5.5;76.7;0.0000;-0.0099;0.2750;0.0500;
515.99;0;0;0;0;60;207;76;77;76;76;76;1417;356;950;4.1;21.7;-38.5;14.5;5.5;76.7;0.0000;-0.0041;0.2500;102.2250;
516.24;0;0;0;0;60;207;77;77;76;76;77;1423;356;950;4.1;22.4;-38.5;14.5;5.5;76.7;0.0000;-0.0033;0.2500;102.1750;
516.49;0;0;0;0;60;207;77;77;77;77;77;1426;356;950;4.3;23.4;-38.5;14.5;5.5;76.7;0.0000;-0.0025;0.2250;102.2750;
516.74;0;0;0;0;60;207;77;78;77;77;77;1431;356;950;4.3;23.4;-39.0;14.5;5.5;76.7;0.0000;0.0025;0.2750;0.4250;
517.01;0;0;0;0;60;207;77;77;77;77;77;1438;356;950;4.4;24.1;-39.0;14.5;5.5;76.7;0.0000;0.0080;0.2750;0.8500;
517.26;0;0;0;0;60;207;77;78;77;78;78;1439;356;950;4.5;25.1;-39.0;14.5;5.5;76.7;0.0000;0.0110;0.2500;0.2750;
517.51;0;0;0;0;60;207;78;78;78;78;78;1448;356;950;4.5;25.1;-39.0;14.5;5.5;76.7;0.0000;0.0123;0.2750;1.0250;
517.76;0;0;0;0;60;207;78;78;78;78;78;1450;356;952;4.5;25.1;-39.0;14.5;5.5;76.7;0.0000;0.0135;0.2500;0.2000;
518.01;0;0;0;0;60;207;78;79;78;78;79;1458;356;952;4.5;26.3;-39.0;14.5;5.5;76.7;0.0000;0.0168;0.2500;0.5250;
518.26;0;0;0;0;60;207;79;79;79;79;79;1462;356;952;4.6;27.5;-39.0;14.5;5.5;76.7;0.0000;0.0171;0.3750;0.4000;
518.51;0;0;0;0;60;207;79;79;79;79;79;1470;356;952;4.6;27.5;-38.5;14.5;5.5;76.7;0.0000;0.0171;0.3250;1.2250;
518.76;0;0;0;0;60;207;79;80;79;79;80;1475;356;952;4.6;28.6;-39.0;14.5;5.5;76.7;0.0000;0.0148;0.3250;0.8500;
519.01;0;0;0;0;60;207;80;80;79;80;80;1483;356;952;4.6;29.8;-39.0;14.5;5.5;76.7;0.0000;0.0143;0.3750;0.7250;
519.26;0;0;0;0;60;207;80;80;80;80;80;1488;356;952;4.6;29.8;-39.0;14.5;5.5;76.7;0.0000;0.0140;0.4250;0.6500;
519.51;0;0;0;0;60;207;80;81;80;81;81;1498;356;952;4.6;30.3;-39.0;14.5;5.5;76.7;0.0000;0.0123;0.3750;0.2750;
519.76;0;0;0;0;60;207;81;81;81;81;81;1508;356;952;4.6;30.3;-39.0;14.5;5.5;76.7;0.0000;0.0038;0.4750;0.2250;
520.01;0;0;0;0;60;207;81;82;81;81;82;1511;356;952;4.5;30.8;-39.0;14.5;5.5;76.7;0.0000;0.0029;0.3750;0.0750;
520.26;0;0;0;0;60;207;82;82;81;82;82;1517;356;952;4.4;31.2;-39.0;14.5;5.5;76.7;0.0000;0.0028;0.3750;0.0000;
520.51;0;0;0;0;60;207;82;82;82;82;82;1525;356;952;4.4;31.2;-39.0;14.5;5.5;76.7;0.0000;0.0020;0.4000;0.0750;
520.76;0;0;0;0;60;207;82;83;82;82;83;1528;356;952;4.4;30.9;-39.0;14.5;5.5;76.7;0.0000;-0.0008;0.3750;102.3500;
521.01;0;0;0;0;60;207;83;83;83;83;83;1536;356;952;4.4;31.0;-39.0;14.5;5.5;76.7;0.0000;-0.0018;0.3500;102.2250;
521.26;0;0;0;0;60;207;83;83;83;83;83;1542;356;952;4.4;31.0;-39.0;14.5;5.5;76.7;0.0000;-0.0025;0.3500;102.0750;
521.51;0;1;0;0;60;207;83;83;83;83;83;1548;356;952;4.4;30.9;-39.0;14.5;5.5;76.7;0.0000;-0.0041;0.3500;101.9750;
521.76;0;1;0;0;60;207;83;84;83;83;84;1552;356;952;4.4;30.9;-39.5;14.5;5.5;76.7;0.0000;-0.0043;0.1250;101.9250;
522.02;0;1;0;0;60;207;83;83;83;83;84;1548;356;952;4.4;30.2;-39.0;14.5;5.5;76.7;0.0000;-0.0041;0.0250;102.0500;
522.27;0;1;0;0;60;207;83;83;83;83;83;1542;356;952;4.4;30.2;-39.0;14.5;5.5;76.7;0.0000;-0.0041;-0.1750;102.1750;
522.52;0;1;0;0;60;207;83;83;83;83;83;1540;356;952;4.5;30.1;-39.0;14.5;5.5;76.7;0.0000;-0.0029;-0.0750;102.0750;
522.77;0;1;0;0;60;207;82;82;82;82;83;1529;356;952;4.5;30.1;-39.0;14.5;5.5;76.7;0.0000;0.0018;-0.3250;102.2750;
523.02;0;1;0;0;60;207;82;82;82;82;83;1529;356;952;4.6;30.1;-39.0;14.5;5.5;76.7;0.0000;0.0054;-0.2000;102.3750;
523.27;0;1;0;0;60;207;82;82;82;82;83;1530;356;952;4.7;29.6;-39.0;14.5;5.5;76.7;0.0000;0.0080;0.6500;0.1250;
523.52;0;1;0;0;60;207;82;83;82;82;83;1532;356;952;4.7;29.6;-39.0;14.5;5.5;76.7;0.0000;0.0095;0.1750;0.2250;
523.77;0;1;0;0;60;207;82;82;82;82;83;1527;356;952;4.8;29.5;-39.0;14.5;5.5;76.7;0.0000;0.0194;0.0500;0.6750;
524.02;0;1;0;0;60;207;82;82;82;82;82;1528;356;952;4.8;30.1;-39.0;14.5;5.5;76.7;0.0000;0.0247;-0.2750;1.3750;
524.27;0;1;0;0;60;207;82;82;82;82;82;1522;356;952;4.8;30.1;-39.0;14.5;5.5;76.7;0.0000;0.0264;-0.3750;1.5250;
524.52;0;0;0;0;60;207;82;83;82;82;82;1529;356;952;4.7;31.0;-39.0;14.5;5.5;76.7;0.0000;0.0264;0.1750;1.6000;
524.77;0;0;0;0;60;207;82;83;82;83;83;1534;356;952;4.7;31.0;-39.0;14.5;5.5;76.7;0.0000;0.0282;0.1500;1.5500;
525.02;0;0;0;0;59;207;82;83;82;83;83;1535;356;952;4.5;32.1;-39.0;14.5;5.5;76.7;0.0000;0.0293;0.1250;1.6250;
525.27;0;0;0;0;59;207;83;84;83;83;83;1544;356;952;4.4;32.8;-39.0;14.5;5.5;76.7;0.0000;0.0321;0.2250;2.1500;
525.52;0;0;0;0;59;207;83;84;83;83;83;1547;356;952;4.4;32.8;-39.0;14.5;5.5;76.7;0.0000;0.0326;0.2500;1.8500;
525.77;0;0;0;0;59;207;83;84;83;84;84;1554;356;952;4.2;34.0;-39.5;14.5;5.5;76.7;0.0000;0.0318;0.2750;2.0500;
526.02;0;0;0;0;59;207;84;84;84;84;84;1561;356;952;4.2;34.0;-39.5;14.5;5.5;76.7;0.0000;0.0286;0.3250;1.7500;
526.27;0;0;0;0;59;207;84;85;84;85;84;1564;356;952;4.1;35.3;-39.5;14.5;5.5;76.7;0.0000;0.0309;0.2750;1.7750;
526.52;0;0;0;0;59;207;84;85;84;85;85;1573;356;952;4.1;35.3;-39.5;14.5;5.5;76.7;0.0000;0.0336;0.2500;1.9250;
526.77;0;1;0;0;59;207;84;85;84;85;85;1570;356;952;3.9;35.9;-39.5;14.5;5.5;76.7;0.0000;0.0354;0.1250;2.1750;
527.03;0;1;0;0;59;207;84;85;84;85;85;1571;356;952;3.7;36.7;-39.5;14.5;5.5;76.7;0.0000;0.0351;-0.2250;2.0250;
527.28;0;1;0;0;59;207;83;84;84;84;84;1562;356;952;3.7;36.7;-39.5;14.5;5.5;76.7;0.0000;0.0354;-0.6750;1.9500;
527.53;0;1;0;0;59;207;84;84;83;84;84;1556;356;952;3.5;38.5;-39.5;14.5;5.5;76.7;0.0000;0.0362;-0.5250;2.1750;
527.78;0;1;0;0;59;207;82;84;83;84;83;1545;356;952;3.5;38.5;-39.0;14.5;5.5;76.7;0.0000;0.0362;-0.6500;1.9250;
528.03;0;1;0;0;59;207;83;83;82;83;83;1543;356;954;3.3;39.5;-39.5;14.5;5.5;76.7;0.0000;0.0354;-0.4500;2.4000;
528.28;0;1;0;0;59;207;82;83;82;83;83;1537;356;952;3.2;40.2;-39.5;14.5;5.5;76.7;0.0000;0.0328;-0.6000;1.8000;
528.53;0;1;0;0;59;207;82;83;82;83;83;1534;356;952;3.2;40.2;-39.5;14.5;5.5;76.7;0.0000;0.0307;-0.3250;1.7500;
528.78;0;0;0;0;59;207;82;83;82;83;83;1531;356;954;3.2;40.6;-39.0;14.5;5.5;76.7;0.0000;0.0188;-0.1250;1.0250;
529.03;0;0;0;0;59;207;83;83;82;83;83;1533;356;954;3.2;40.3;-39.5;14.5;5.5;76.7;0.0000;0.0074;0.0750;0.9000;
529.28;0;0;0;0;59;207;83;83;83;83;83;1540;356;954;3.2;40.3;-39.5;14.5;5.5;76.7;0.0000;0.0004;0.1250;102.3250;
529.53;0;1;0;0;59;207;83;83;83;83;83;1541;356;954;3.2;39.7;-39.5;14.5;5.5;76.7;0.0000;-0.0086;0.5500;101.9000;
529.78;0;1;0;0;59;207;83;83;83;83;83;1545;356;954;3.2;39.7;-39.5;14.5;5.5;76.7;0.0000;-0.0257;0.1500;100.7750;
530.03;0;1;0;0;59;207;83;83;83;83;83;1543;356;954;3.3;38.1;-39.5;14.5;5.5;76.7;0.0000;-0.0273;0.1000;100.5500;
530.28;0;0;0;0;59;207;84;83;84;83;83;1549;356;954;3.3;38.1;-39.5;14.5;5.5;76.7;0.0000;-0.0307;-0.0250;100.3500;
530.53;0;0;0;0;59;207;84;83;84;83;84;1547;356;954;3.4;36.2;-39.5;14.5;5.5;76.7;0.0000;-0.0344;0.0000;100.1500;
530.78;0;0;0;0;59;207;84;83;84;83;84;1551;356;954;3.4;36.2;-39.5;14.5;5.5;76.7;0.0000;-0.0433;0.0500;99.7250;
531.03;0;0;0;0;59;207;84;83;84;83;84;1552;356;954;3.4;35.0;-39.5;14.5;5.5;76.7;0.0000;-0.0427;0.1000;99.4250;
531.28;0;0;0;0;59;207;84;83;84;83;84;1554;356;954;3.5;32.6;-39.5;14.5;5.5;76.7;0.0000;-0.0437;0.0500;99.5750;
531.53;0;0;0;0;59;207;84;83;84;83;84;1551;356;954;3.5;32.6;-39.5;14.5;5.5;76.7;0.0000;-0.0438;0.0500;99.1250;
531.78;0;0;0;0;59;207;84;83;84;83;84;1555;356;954;3.6;29.4;-39.5;14.5;5.5;76.7;0.0000;-0.0453;0.0500;99.1750;
532.05;0;0;0;0;59;207;84;83;84;83;84;1553;356;954;3.6;27.3;-39.5;14.5;5.5;76.7;0.0000;-0.0453;0.0250;99.2500;
532.30;0;0;0;0;59;207;84;84;84;83;84;1555;356;954;3.6;27.3;-39.5;14.5;5.5;76.7;0.0000;-0.0455;0.0250;99.2500;
532.55;0;0;0;0;59;207;84;83;84;83;84;1556;356;954;3.8;24.4;-39.5;14.5;5.5;76.7;0.0000;-0.0455;0.0250;99.4750;
532.80;0;0;0;0;59;207;84;83;84;83;84;1556;356;956;4.0;21.7;-39.5;14.5;5.5;76.7;0.0000;-0.0462;0.0250;98.9750;
533.05;0;0;0;0;59;207;85;84;84;83;84;1559;356;954;4.0;21.7;-39.5;14.5;5.5;76.7;0.0000;-0.0459;0.0500;98.9250;
533.30;0;0;0;0;59;207;85;84;84;83;84;1557;356;956;4.4;19.8;-39.5;14.5;5.5;76.7;0.0000;-0.0451;0.0250;99.4250;
533.55;0;0;0;0;59;207;84;83;84;83;84;1557;356;954;4.4;19.8;-39.5;14.5;5.5;76.7;0.0000;-0.0432;-0.0250;99.5250;
533.80;0;0;0;0;59;207;84;84;84;83;84;1557;356;954;4.9;18.3;-39.5;14.5;5.5;76.7;0.0000;-0.0384;-0.0250;99.4250;
534.05;0;0;0;0;59;207;84;83;84;84;84;1558;356;956;5.4;17.4;-39.5;14.5;5.5;76.7;0.0000;-0.0357;-0.0250;99.8000;
534.30;0;0;0;0;59;207;84;83;84;83;84;1555;356;956;5.4;17.4;-39.5;14.5;5.5;76.7;0.0000;-0.0291;-0.0250;100.3000;
534.55;0;0;0;0;59;207;84;84;84;84;84;1558;356;956;5.4;17.4;-39.5;14.5;5.5;76.7;0.0000;-0.0193;0.0250;101.6000;
534.80;0;0;0;0;59;207;84;84;84;84;84;1559;356;956;6.2;17.2;-39.5;14.5;5.5;76.7;0.0000;0.0084;0.0250;102.3750;
535.05;0;0;0;0;59;207;84;85;84;84;84;1562;356;956;6.7;17.1;-39.5;14.5;5.5;76.7;0.0000;0.0206;0.0500;2.0000;
535.30;0;0;0;0;59;207;84;84;84;84;84;1563;356;956;6.7;17.1;-39.5;14.5;5.5;76.7;0.0000;0.0254;0.1000;2.1500;
535.55;0;0;0;0;59;207;84;85;84;84;84;1562;356;956;7.0;19.1;-39.5;14.5;5.5;76.7;0.0000;0.0252;0.0500;2.0000;
535.80;0;0;0;0;59;207;84;85;84;85;85;1567;356;956;7.0;21.3;-39.5;14.5;5.5;76.7;0.0000;0.0254;0.1250;1.8000;
536.05;0;0;0;0;59;207;84;85;84;85;85;1571;356;956;7.0;21.3;-39.5;14.5;5.5;76.7;0.0000;0.0283;0.1500;1.6750;
536.30;0;0;0;0;59;207;85;85;84;85;85;1574;356;956;7.3;22.5;-39.5;14.5;5.5;76.7;0.0000;0.0293;0.1500;1.8250;
536.55;0;0;0;0;59;207;84;85;85;85;85;1576;356;956;7.3;22.5;-39.5;14.5;5.5;76.7;0.0000;0.0293;0.1250;1.6000;
536.80;0;0;0;0;59;207;85;86;85;85;85;1584;356;956;7.6;24.3;-39.5;14.5;5.5;76.7;0.0000;0.0308;0.2500;2.0750;
537.06;0;0;0;0;59;207;85;86;85;86;86;1585;356;956;7.5;26.6;-39.5;14.5;5.5;76.7;0.0000;0.0308;0.2250;1.9250;
537.31;0;0;0;0;59;207;85;86;85;86;86;1592;356;956;7.5;26.6;-39.5;14.5;5.5;76.7;0.0000;0.0307;0.1750;1.9250;
537.56;0;0;0;0;59;207;86;86;86;86;86;1596;356;956;7.5;28.4;-39.5;14.5;5.5;76.7;0.0000;0.0243;0.2250;1.7000;
537.81;0;0;0;0;59;207;86;87;86;86;86;1602;356;956;7.4;30.1;-39.5;14.5;5.5;76.7;0.0000;0.0211;0.2750;1.2250;
538.06;0;0;0;0;59;207;86;87;87;87;87;1608;356;956;7.4;30.1;-39.5;14.5;5.5;76.7;0.0000;0.0184;0.3250;0.9000;
538.31;0;0;0;0;59;207;87;87;87;87;87;1618;356;956;7.1;31.5;-39.5;14.5;5.5;76.7;0.0000;0.0183;0.3250;0.9000;
538.56;0;0;0;0;59;207;87;88;87;87;87;1619;356;956;7.1;31.5;-40.0;14.5;5.5;76.7;0.0000;0.0159;0.3250;0.9250;
538.81;0;0;0;0;59;207;88;88;87;88;88;1628;356;956;6.8;32.7;-40.0;14.5;5.5;76.7;0.0000;0.0086;0.3500;0.7250;
539.06;0;0;0;0;59;207;88;88;88;88;88;1635;356;956;6.8;32.7;-40.0;14.5;5.5;76.7;0.0000;0.0095;0.3500;0.3750;
539.31;0;0;0;0;59;207;88;89;88;88;89;1643;356;956;6.6;33.3;-40.0;14.5;5.5;76.7;0.0000;0.0107;0.4000;0.5000;
539.56;0;0;0;0;59;207;89;89;89;89;89;1647;356;956;6.6;33.3;-40.0;14.5;5.5;76.7;0.0000;0.0127;0.4250;0.5250;
539.81;0;0;0;0;59;207;89;90;89;89;89;1657;356;956;6.8;32.5;-40.0;14.5;5.5;76.7;0.0000;0.0145;0.4000;0.6750;
540.06;0;0;0;0;59;207;90;90;89;90;90;1663;356;956;7.3;31.4;-40.5;14.5;5.5;76.7;0.0000;0.0158;0.3750;0.9250;
540.31;0;0;0;0;59;207;90;90;90;90;90;1671;356;956;7.3;31.4;-40.5;14.5;5.5;76.7;0.0000;0.0172;0.3750;0.8000;
540.56;0;0;0;0;59;207;90;91;90;90;91;1676;356;956;7.4;31.4;-40.5;14.5;5.5;76.7;0.0000;0.0247;0.3500;1.3250;
540.81;0;0;0;0;59;207;90;91;90;91;91;1680;356;956;7.4;31.3;-40.5;14.5;5.5;76.7;0.0000;0.0255;0.2500;1.5500;
541.06;0;0;0;0;59;207;91;92;91;91;91;1689;356;956;7.4;31.3;-40.5;14.5;5.5;76.7;0.0000;0.0268;0.2750;2.0000;
541.31;0;0;0;0;59;207;91;92;91;92;92;1696;356;956;7.5;30.8;-40.5;14.5;5.5;76.7;0.0000;0.0288;0.3500;1.8750;
541.56;0;0;0;0;59;207;91;92;91;92;92;1701;356;956;7.5;30.8;-40.5;14.5;5.5;76.7;0.0000;0.0334;0.4000;2.1750;
541.81;0;0;0;0;59;207;92;92;91;92;92;1707;356;956;7.5;31.2;-40.5;14.5;5.5;76.7;0.0000;0.0326;0.3250;2.5000;
542.07;0;0;0;0;59;207;92;93;92;92;92;1713;356;956;7.4;31.5;-40.5;14.5;5.5;76.7;0.0000;0.0277;0.2750;2.1250;
542.32;0;0;0;0;59;207;92;93;92;93;93;1720;356;956;7.4;31.5;-40.0;14.5;5.5;76.7;0.0000;0.0189;0.3250;1.7000;
542.57;0;0;0;0;59;207;93;93;93;93;93;1724;356;956;7.4;32.0;-40.0;14.5;5.5;76.7;0.0000;0.0148;0.4000;0.8750;
542.82;0;0;0;0;59;207;93;93;93;93;93;1729;356;956;7.4;32.0;-40.0;14.5;5.5;76.7;0.0000;0.0128;0.2000;0.9250;
543.07;0;0;0;0;59;207;94;94;93;94;94;1738;356;956;7.3;32.0;-40.0;14.5;5.5;76.7;0.0000;0.0097;0.3500;0.7000;
543.32;0;0;0;0;59;207;94;94;93;94;94;1742;356;956;7.3;32.0;-40.0;14.5;5.5;76.7;0.0000;0.0057;0.3500;0.1750;
543.57;0;0;0;0;59;207;94;94;94;94;94;1747;356;956;7.3;31.9;-40.0;14.5;5.5;76.7;0.0000;0.0031;0.3500;0.2000;
543.82;0;0;0;0;59;207;94;95;94;94;95;1751;356;956;7.3;32.3;-40.0;14.5;5.5;76.7;0.0000;0.0014;0.3250;0.0500;
544.07;0;0;0;0;59;207;95;95;95;95;95;1763;356;956;7.3;32.3;-40.0;14.5;5.5;76.7;0.0000;0.0007;0.4000;102.3500;
544.32;0;0;0;0;59;207;95;95;95;95;95;1767;356;956;7.3;31.8;-40.0;14.5;5.5;76.7;0.0000;0.0001;0.3750;0.0250;
544.57;0;0;0;0;59;207;96;96;95;96;96;1777;356;958;7.3;31.8;-40.0;14.5;5.5;76.7;0.0000;-0.0043;0.4000;102.2500;
544.82;0;0;0;0;59;207;96;96;96;96;96;1781;356;956;7.5;31.3;-40.0;14.5;5.5;76.7;0.0000;-0.0067;0.4250;102.1250;
545.07;0;0;0;0;59;207;97;96;96;96;97;1790;356;958;7.6;30.9;-40.0;14.5;5.5;76.7;0.0000;-0.0066;0.3750;102.0250;
545.32;0;0;0;0;59;207;97;97;97;96;97;1794;356;958;7.6;30.9;-40.0;14.5;5.5;76.7;0.0000;-0.0072;0.3500;102.1750;
545.57;0;0;0;0;59;207;97;97;97;97;97;1802;356;958;7.8;29.6;-40.5;14.5;5.5;76.7;0.0000;-0.0074;0.3500;102.1250;
545.82;0;0;0;0;59;207;98;97;97;97;98;1807;356;958;8.1;28.3;-40.5;14.5;5.5;76.7;0.0000;-0.0074;0.4000;101.9750;
546.07;0;0;0;0;59;207;98;98;98;98;98;1818;356;958;8.1;28.3;-40.5;14.5;5.5;76.7;0.0000;-0.0074;0.3500;101.9500;
546.32;0;0;0;0;59;207;98;98;98;98;98;1821;356;958;8.3;27.5;-40.5;14.5;5.5;76.7;0.0000;-0.0074;0.3500;102.2000;
546.57;0;0;0;0;59;207;98;98;98;98;99;1830;356;958;8.3;27.5;-40.5;14.5;5.5;76.7;0.0000;-0.0077;0.4000;102.0750;
546.82;0;0;0;0;59;207;99;99;99;99;99;1837;356;958;8.6;26.1;-40.5;14.5;5.5;76.7;0.0000;-0.0086;0.4000;102.0000;
547.09;0;0;0;0;59;207;100;99;99;99;100;1844;356;958;8.6;26.1;-41.0;14.5;5.5;76.7;0.0000;-0.0087;0.3750;102.0250;
547.34;0;0;0;0;59;207;100;100;100;99;100;1848;356;958;8.8;25.6;-41.0;14.5;5.5;76.7;0.0000;-0.0091;0.3250;101.9750;
547.59;0;0;0;0;59;207;100;100;100;100;100;1858;356;958;8.8;25.4;-41.0;14.5;5.5;76.7;0.0000;-0.0088;0.3750;0.0250;
547.84;0;0;0;0;59;207;100;100;100;100;100;1862;356;958;8.8;25.4;-41.0;14.5;5.5;76.7;0.0000;-0.0086;0.2500;102.2500;
548.09;0;0;0;0;59;207;101;101;100;100;101;1861;356;958;8.9;24.9;-41.0;14.5;5.5;76.7;0.0000;-0.0079;0.2250;101.8750;
548.34;0;0;0;0;58;207;101;101;101;101;101;1867;356;958;8.9;24.9;-41.0;14.5;5.5;76.7;0.0000;-0.0059;0.3250;101.9500;
548.59;0;0;0;0;58;207;101;101;101;101;101;1875;356;960;8.9;24.9;-41.0;14.5;5.5;76.7;0.0000;-0.0009;0.2000;0.2250;
548.84;0;0;0;0;58;207;101;101;101;101;101;1875;356;960;8.9;25.1;-41.0;14.5;5.5;76.7;0.0000;-0.0003;0.1750;0.0000;
549.09;0;0;0;0;58;207;101;101;101;101;101;1877;356;960;8.9;25.1;-41.5;14.5;5.5;76.7;0.0000;0.0003;0.1500;0.0750;
549.34;0;0;0;0;58;207;101;101;101;101;101;1874;356;960;8.9;25.1;-41.0;14.5;5.5;76.7;0.0000;0.0022;-0.0500;0.2000;
549.59;0;0;0;0;58;207;101;102;101;101;102;1880;356;960;8.8;25.4;-41.5;14.5;5.5;76.7;0.0000;0.0025;0.0500;0.2250;
549.84;0;0;0;0;58;207;102;102;101;101;102;1880;356;960;8.8;25.4;-41.5;14.5;5.5;76.7;0.0000;0.0025;0.1000;0.0250;
550.09;0;0;0;0;58;207;101;102;101;101;102;1882;356;960;8.8;25.8;-41.5;14.5;5.5;76.7;0.0000;0.0025;0.0250;0.2500;
550.34;0;0;0;0;58;207;102;102;101;101;102;1882;356;960;8.8;25.8;-41.5;14.5;5.5;76.7;0.0000;0.0020;0.0000;0.1250;
550.59;0;0;0;0;58;207;101;101;101;101;102;1876;358;960;8.7;26.0;-41.5;14.5;5.5;76.7;0.0000;0.0014;0.0000;102.0000;
550.84;0;0;0;0;58;207;101;101;101;101;102;1876;358;960;8.6;26.1;-41.5;14.5;5.5;76.7;0.0000;0.0018;-0.1000;102.3500;
551.09;0;0;0;0;58;207;101;101;101;101;102;1878;358;960;8.6;26.1;-41.5;14.5;5.5;76.7;0.0000;0.0020;-0.0750;0.1000;
551.34;0;0;0;0;58;207;101;101;101;101;101;1869;358;960;8.6;26.1;-41.5;14.5;5.5;76.7;0.0000;0.0022;-0.2250;0.1750;
551.59;0;0;0;0;58;207;101;101;101;101;101;1868;358;960;8.6;26.5;-41.0;14.5;5.5;76.7;0.0000;0.0038;-0.2000;0.0750;
551.84;0;0;0;0;58;207;101;101;101;101;101;1871;358;960;8.5;26.8;-41.0;14.5;5.5;76.7;0.0000;0.0038;-0.1000;0.1500;
552.11;0;0;0;0;58;207;100;101;100;100;101;1861;358;960;8.5;26.8;-41.0;14.5;5.5;76.7;0.0000;0.0049;-0.1750;0.1000;
552.36;0;0;0;0;58;207;100;101;100;100;101;1864;358;960;8.4;26.7;-41.0;14.5;5.5;76.7;0.0000;0.0092;-0.2000;0.4000;
552.61;0;0;0;0;58;207;100;100;100;100;100;1855;358;960;8.3;27.1;-41.0;14.5;5.5;76.7;0.0000;0.0097;-0.2000;0.7500;
552.86;0;0;0;0;58;207;99;100;99;100;100;1851;358;960;8.3;27.1;-41.0;14.5;5.5;76.7;0.0000;0.0112;-0.3250;0.7250;
553.11;0;0;0;0;58;207;99;100;99;100;100;1845;358;960;8.2;27.6;-41.0;14.5;5.5;76.7;0.0000;0.0125;-0.3750;0.6500;
553.36;0;0;0;0;58;207;99;99;99;99;99;1838;358;960;8.2;27.6;-41.0;14.5;5.5;76.7;0.0000;0.0141;-0.3500;0.8750;
553.61;0;0;0;0;58;207;99;99;98;99;99;1831;358;960;8.1;27.7;-40.5;14.5;5.5;76.7;0.0000;0.0151;-0.4500;0.9000;
553.86;0;0;0;0;58;207;98;98;98;98;99;1825;358;960;8.0;28.2;-40.5;14.5;5.5;76.7;0.0000;0.0158;-0.4000;0.8250;
554.11;0;0;0;0;58;207;98;98;98;98;98;1815;358;960;8.0;28.2;-40.5;14.5;5.5;76.7;0.0000;0.0163;-0.4500;0.8000;
554.36;0;0;0;0;58;207;97;98;97;97;98;1809;358;960;7.9;28.6;-40.5;14.5;5.5;76.7;0.0000;0.0157;-0.5000;0.9000;
554.61;0;0;0;0;58;207;97;97;97;97;97;1799;358;960;7.8;28.7;-40.0;14.5;5.5;76.7;0.0000;0.0135;-0.4750;0.8750;
554.86;0;0;0;0;58;207;96;96;96;96;96;1786;358;960;7.8;28.7;-40.0;14.5;5.5;76.7;0.0000;0.0146;-0.7500;1.0750;
555.11;0;0;0;0;58;207;96;96;96;96;96;1776;358;960;7.7;29.3;-40.0;14.5;5.5;76.7;0.0000;0.0146;-0.6750;0.8750;
555.36;0;0;0;0;58;207;95;95;95;95;96;1770;358;960;7.7;29.3;-40.0;14.5;5.5;76.7;0.0000;0.0145;-0.5750;0.9000;
555.61;0;0;0;0;58;207;95;95;94;95;95;1755;358;960;7.6;29.6;-40.0;14.5;5.5;76.7;0.0000;0.0130;-0.6500;0.8000;
555.86;0;0;0;0;58;207;94;94;94;94;94;1748;358;960;7.6;29.6;-39.5;14.5;5.5;76.7;0.0000;0.0105;-0.7000;0.7250;
556.11;0;0;0;0;58;207;93;94;93;94;94;1734;358;960;7.5;29.9;-39.5;14.5;5.5;76.7;0.0000;0.0107;-0.7000;0.4500;
556.36;0;0;0;0;58;207;93;93;92;93;93;1727;358;960;7.5;29.9;-39.5;14.5;5.5;76.7;0.0000;0.0062;-0.5500;0.5500;
556.61;0;0;0;0;58;207;92;92;92;92;93;1714;358;960;7.5;30.2;-39.5;14.5;5.5;76.7;0.0000;0.0036;-0.5500;0.0250;
556.86;0;0;0;0;58;207;92;92;91;92;92;1703;358;960;7.4;30.2;-39.5;14.5;5.5;76.7;0.0000;0.0036;-0.7000;0.0750;
557.12;0;0;0;0;58;207;91;91;91;91;92;1691;358;960;7.4;30.2;-39.5;14.5;5.5;76.7;0.0000;0.0074;-0.6000;0.3750;
557.37;0;0;0;0;58;207;91;91;90;91;91;1679;358;960;7.4;29.7;-39.5;14.5;5.5;76.7;0.0000;0.0150;-0.6000;0.4500;
557.62;0;0;0;0;58;207;90;90;90;90;90;1669;358;960;7.5;29.6;-39.5;14.5;5.5;76.7;0.0000;0.0157;-0.7500;0.6500;
557.87;0;0;0;0;58;207;89;90;89;90;90;1658;358;960;7.5;29.6;-39.5;14.5;5.5;76.7;0.0000;0.0183;-0.7000;1.1750;
558.12;0;0;0;0;58;207;89;89;89;89;89;1647;358;960;7.3;30.0;-39.5;14.5;5.5;76.7;0.0000;0.0209;-0.7000;1.2250;
558.37;0;0;0;0;58;207;88;89;88;88;89;1634;358;960;7.3;30.0;-39.5;14.5;5.5;76.7;0.0000;0.0230;-0.6500;1.4500;
558.62;0;0;0;0;58;207;88;88;87;88;88;1629;358;960;7.2;30.3;-39.5;14.5;5.5;76.7;0.0000;0.0230;-0.6000;1.5000;
558.87;0;0;0;0;58;207;87;87;87;87;87;1618;358;960;7.1;30.4;-40.0;14.5;5.5;76.7;0.0000;0.0247;-0.6500;1.5250;
559.12;0;0;0;0;58;207;86;87;86;87;87;1607;358;960;7.1;30.4;-39.5;14.5;5.5;76.7;0.0000;0.0237;-0.6500;1.4000;
559.37;0;0;0;0;58;207;86;86;86;86;86;1598;358;960;6.9;30.7;-39.5;14.5;5.5;76.7;0.0000;0.0217;-0.5750;1.3750;
559.62;0;0;0;0;58;207;86;86;86;86;86;1590;358;960;6.9;30.7;-39.5;14.5;5.5;76.7;0.0000;0.0199;-0.5250;1.2250;
559.87;0;0;0;0;58;207;85;86;85;85;86;1584;358;960;6.8;31.2;-39.5;14.5;5.5;76.7;0.0000;0.0189;-0.4500;1.2000;
560.12;0;0;0;0;58;207;85;85;85;85;85;1577;358;960;6.8;31.2;-39.5;14.5;5.5;76.7;0.0000;0.0183;-0.4750;0.9250;
560.37;0;0;0;0;58;207;85;85;85;85;85;1573;358;960;6.7;31.0;-39.5;14.5;5.5;76.7;0.0000;0.0135;-0.2750;0.7500;
560.62;0;0;0;0;58;207;84;85;84;85;85;1571;358;960;6.6;31.4;-39.5;14.5;5.5;76.7;0.0000;0.0123;-0.2500;0.5750;
560.87;0;0;0;0;58;207;84;85;84;84;84;1563;358;960;6.6;31.4;-39.5;14.5;5.5;76.7;0.0000;0.0118;-0.3250;0.5750;
561.12;0;0;0;0;58;207;84;84;84;84;84;1561;358;960;6.6;31.6;-39.5;14.5;5.5;76.7;0.0000;0.0118;-0.3250;0.3750;
561.37;0;0;0;0;58;207;83;83;84;84;84;1552;358;960;6.6;31.6;-39.5;14.5;5.5;76.7;0.0000;0.0104;-0.3500;0.2750;
561.62;0;0;0;0;58;207;84;84;83;83;84;1551;358;960;6.6;31.6;-39.5;14.5;5.5;76.7;0.0000;0.0080;-0.2750;0.1000;
561.87;0;0;0;0;58;207;83;84;83;83;84;1544;358;960;6.5;31.9;-39.5;14.5;5.5;76.7;0.0000;0.0062;-0.2250;0.2000;
562.14;0;0;0;0;58;207;83;83;83;83;83;1543;358;960;6.5;31.9;-39.5;14.5;5.5;76.7;0.0000;0.0052;-0.2250;102.2500;
562.39;0;0;0;0;58;207;83;83;83;83;83;1541;358;960;6.7;31.2;-39.5;14.5;5.5;76.7;0.0000;-0.0001;-0.2000;102.2750;
562.64;0;0;0;0;58;207;83;83;83;83;83;1539;358;960;6.8;30.3;-39.5;14.5;5.5;76.7;0.0000;-0.0007;-0.1000;102.1500;
562.89;0;0;0;0;58;207;83;83;83;83;83;1538;358;960;6.8;30.3;-39.5;14.5;5.5;76.7;0.0000;-0.0014;-0.0750;102.2000;
563.14;0;0;0;0;58;207;83;83;82;82;83;1539;358;960;7.0;29.7;-39.5;14.5;5.5;76.7;0.0000;-0.0034;-0.1000;101.9500;
563.39;0;0;0;0;58;207;83;83;82;82;83;1534;358;960;7.0;29.7;-39.5;14.5;5.5;76.7;0.0000;-0.0095;-0.1500;102.3750;
563.64;0;0;0;0;58;207;83;82;82;82;83;1535;358;960;7.1;29.1;-39.5;14.5;5.5;76.7;0.0000;-0.0107;-0.1000;101.8750;
563.89;0;0;0;0;58;207;82;82;82;82;83;1532;358;960;7.1;29.1;-39.5;14.5;5.5;76.7;0.0000;-0.0132;-0.1750;101.6250;
564.14;0;0;0;0;58;207;83;82;82;82;83;1528;358;960;7.3;28.0;-39.5;14.5;5.5;76.7;0.0000;-0.0140;-0.1500;100.7750;
564.39;0;0;0;0;58;207;82;82;82;82;82;1525;358;960;7.3;28.0;-39.5;14.5;5.5;76.7;0.0000;-0.0140;-0.1500;101.6250;
564.64;0;0;0;0;58;207;82;82;82;82;82;1525;358;960;7.4;27.3;-39.5;14.5;5.5;76.7;0.0000;-0.0154;-0.0750;101.5750;
564.89;0;0;0;0;58;207;82;82;82;82;82;1526;358;960;7.5;26.5;-39.5;14.5;5.5;76.7;0.0000;-0.0163;-0.0500;101.4000;
565.14;0;0;0;0;58;207;82;82;82;82;82;1521;358;960;7.5;26.5;-39.5;14.5;5.5;76.7;0.0000;-0.0184;-0.1500;101.2000;
565.39;0;0;0;0;58;207;82;82;82;81;82;1519;358;960;7.6;26.0;-39.5;14.5;5.5;76.7;0.0000;-0.0196;-0.1750;101.2250;
565.64;0;0;0;0;58;207;82;82;82;81;82;1519;358;960;7.7;25.3;-39.0;14.5;5.5;76.7;0.0000;-0.0194;-0.1000;101.2500;
565.89;0;0;0;0;58;207;82;81;82;81;82;1516;358;960;7.7;25.3;-39.0;14.5;5.5;76.7;0.0000;-0.0193;-0.1000;101.2500;
566.14;0;0;0;0;58;207;82;82;81;81;82;1514;358;960;7.7;24.3;-39.0;14.5;5.5;76.7;0.0000;-0.0191;-0.1500;101.4250;
566.39;0;0;0;0;58;207;81;81;82;81;82;1511;358;960;7.7;24.3;-39.5;14.5;5.5;76.7;0.0000;-0.0162;-0.1500;101.5750;
566.64;0;0;0;0;58;207;82;81;81;81;82;1509;358;960;7.8;24.3;-39.0;14.5;5.5;76.7;0.0000;-0.0123;-0.1250;101.8250;
566.89;0;0;0;0;58;207;81;81;81;81;81;1507;358;960;7.8;24.1;-39.5;14.5;5.5;76.7;0.0000;-0.0088;-0.1250;102.0500;
567.15;0;0;0;0;58;207;81;81;81;81;81;1507;358;960;7.8;24.1;-39.0;14.5;5.5;76.7;0.0000;-0.0069;-0.1250;102.2750;
567.40;0;0;0;0;58;207;81;81;81;81;81;1502;358;960;7.8;24.0;-39.0;14.5;5.5;76.7;0.0000;-0.0016;-0.1000;0.0750;
567.65;0;0;0;0;58;207;81;81;81;81;81;1503;358;960;7.8;24.2;-39.0;14.5;5.5;76.7;0.0000;0.0001;-0.1500;0.0750;
567.90;0;0;0;0;58;207;81;81;81;81;81;1498;358;960;7.8;24.2;-39.0;14.5;5.5;76.7;0.0000;0.0020;-0.1500;0.2000;
568.15;0;0;0;0;58;207;81;81;80;81;81;1497;358;960;7.8;24.2;-39.0;14.5;5.5;76.7;0.0000;0.0038;-0.2000;0.3750;
568.40;0;0;0;0;58;207;80;80;80;80;81;1493;358;960;7.8;24.5;-39.0;14.5;5.5;76.7;0.0000;0.0079;-0.1750;0.2750;
568.65;0;0;0;0;58;207;80;81;80;80;80;1488;358;960;7.7;25.0;-39.0;14.5;5.5;76.7;0.0000;0.0052;-0.1750;0.6750;
568.90;0;0;0;0;58;207;80;80;80;80;80;1488;358;960;7.7;25.0;-39.0;14.5;5.5;76.7;0.0000;0.0046;-0.1500;0.9250;
569.15;0;0;0;0;58;207;80;80;80;80;80;1484;358;960;7.5;25.7;-39.0;14.5;5.5;76.7;0.0000;0.0025;-0.2000;102.3750;
569.40;0;0;0;0;58;207;80;80;80;80;80;1484;358;960;7.5;26.1;-39.0;14.5;5.5;76.7;0.0000;0.0009;-0.1250;0.3250;
569.65;0;0;0;0;58;207;80;80;79;80;80;1482;358;960;7.5;26.1;-39.0;14.5;5.5;76.7;0.0000;0.0000;-0.1750;0.1500;
569.90;0;0;0;0;58;207;79;80;79;79;80;1476;358;960;7.3;26.6;-39.0;14.5;5.5;76.7;0.0000;-0.0001;-0.1750;0.1500;
570.15;0;0;0;0;58;207;79;79;79;79;80;1475;358;960;7.3;26.6;-39.0;14.5;5.5;76.7;0.0000;-0.0001;-0.1750;0.2250;
570.40;0;0;0;0;58;207;79;79;79;79;79;1469;358;960;7.2;27.3;-39.0;14.5;5.5;76.7;0.0000;-0.0004;-0.1750;102.1500;
570.65;0;0;0;0;58;207;79;79;79;79;79;1469;358;960;7.2;27.5;-39.0;14.5;5.5;76.7;0.0000;-0.0004;-0.2000;0.2250;
570.90;0;0;0;0;58;207;79;79;79;79;79;1467;358;960;7.2;27.5;-39.0;14.5;5.5;76.7;0.0000;-0.0004;-0.2000;0.2250;
571.15;0;0;0;0;58;207;79;79;79;79;79;1465;358;960;7.1;27.9;-39.0;14.5;5.5;76.7;0.0000;-0.0008;-0.1000;0.2000;
571.40;0;0;0;0;58;207;79;79;79;79;79;1462;358;960;7.0;28.1;-39.0;14.5;5.5;76.7;0.0000;-0.0018;-0.1750;102.3500;
571.65;0;0;0;0;58;207;79;78;78;78;79;1458;358;960;7.0;28.1;-39.0;14.5;5.5;76.7;0.0000;-0.0021;-0.2000;0.0500;
571.90;0;0;0;0;58;207;78;78;78;78;78;1454;358;960;7.0;27.9;-39.0;14.5;5.5;76.7;0.0000;-0.0033;-0.2250;102.2250;
572.16;0;0;0;0;58;207;78;78;78;78;78;1452;358;960;7.0;27.9;-39.0;14.5;5.5;76.7;0.0000;-0.0049;-0.1250;0.0000;
572.41;0;0;0;0;58;207;78;78;78;78;78;1452;358;962;6.9;27.7;-39.0;14.5;5.5;76.7;0.0000;-0.0074;-0.1250;102.2250;
572.66;0;0;0;0;58;207;78;78;78;78;78;1447;358;960;6.9;27.7;-39.0;14.5;5.5;76.7;0.0000;-0.0091;-0.1750;102.0750;
572.91;0;0;0;0;58;207;78;78;78;78;78;1445;358;960;7.0;28.0;-39.0;14.5;5.5;76.7;0.0000;-0.0114;-0.1500;102.2250;
573.16;0;0;0;0;58;207;78;78;78;78;78;1443;358;960;7.0;28.0;-39.0;14.5;5.5;76.7;0.0000;-0.0109;-0.1250;101.9750;
573.41;0;0;0;0;58;207;78;78;78;77;78;1443;358;962;7.0;27.4;-39.0;14.5;5.5;76.7;0.0000;-0.0115;-0.1000;102.0500;
573.66;0;0;0;0;58;207;78;77;78;77;78;1442;358;960;7.0;26.6;-39.0;14.5;5.5;76.7;0.0000;-0.0136;-0.1250;101.9250;
573.91;0;0;0;0;57;207;78;78;78;77;78;1440;358;960;7.0;26.6;-39.0;14.5;5.5;76.7;0.0000;-0.0135;-0.1250;101.5250;
574.16;0;0;0;0;57;207;77;77;77;77;77;1435;358;962;7.1;26.9;-39.5;14.5;5.5;76.7;0.0000;-0.0133;-0.1750;101.6750;
574.41;0;0;0;0;57;207;78;77;77;77;77;1436;358;960;7.1;26.7;-39.0;14.5;5.5;76.7;0.0000;-0.0128;-0.1750;101.7500;
574.66;0;0;0;0;57;207;77;77;77;77;77;1436;358;960;7.1;26.7;-39.0;14.5;5.5;76.7;0.0000;-0.0118;-0.1000;101.8750;
574.91;0;0;0;0;57;207;77;77;77;76;77;1425;358;960;7.1;26.2;-39.0;14.5;5.5;76.7;0.0000;-0.0117;-0.2750;102.2000;
575.16;0;0;0;0;57;207;77;77;77;76;77;1425;358;960;7.1;26.2;-39.0;14.5;5.5;76.7;0.0000;-0.0087;-0.1750;102.0250;
575.41;0;0;0;0;57;207;77;77;77;76;77;1421;358;962;7.1;26.4;-39.5;14.5;5.5;76.7;0.0000;-0.0087;-0.2250;0.0000;
575.66;0;0;0;0;57;207;76;77;76;76;77;1420;358;962;7.2;26.1;-39.5;14.5;5.5;76.7;0.0000;-0.0086;-0.1500;101.8750;
575.91;0;0;0;0;57;207;76;76;76;76;77;1419;358;962;7.2;26.1;-39.5;14.5;5.5;76.7;0.0000;-0.0093;-0.1000;101.7500;
576.16;0;0;0;0;57;207;76;76;76;76;77;1417;358;962;7.2;25.8;-39.5;14.5;5.5;76.7;0.0000;-0.0074;-0.1250;102.2250;
576.41;0;0;0;0;57;207;76;76;76;76;76;1415;358;962;7.2;25.8;-39.5;14.5;5.5;76.7;0.0000;-0.0067;-0.1750;102.3000;
576.66;0;0;0;0;57;207;76;76;76;76;76;1413;358;962;7.2;26.0;-39.0;14.5;5.5;76.7;0.0000;-0.0070;-0.1250;102.2500;
576.91;0;0;0;0;57;207;76;76;76;76;76;1410;358;962;7.2;26.0;-39.0;14.5;5.5;76.7;0.0000;-0.0070;-0.1250;101.9000;
577.17;0;0;0;0;57;207;76;76;76;76;76;1407;358;962;7.2;25.8;-39.0;14.5;5.5;76.7;0.0000;-0.0079;-0.1750;102.0750;
577.42;0;0;0;0;57;207;76;76;75;76;76;1405;358;962;7.1;25.9;-39.0;14.5;5.5;76.7;0.0000;-0.0091;-0.1500;102.2000;
577.67;0;0;0;0;57;207;76;75;75;75;76;1405;358;962;7.1;25.9;-39.0;14.5;5.5;76.7;0.0000;-0.0117;-0.1250;101.7250;
577.92;0;0;0;0;57;207;76;75;76;75;76;1401;358;962;7.1;26.1;-39.0;14.5;5.5;76.7;0.0000;-0.0133;-0.1250;101.9250;
578.17;0;0;0;0;57;207;76;75;75;75;76;1400;358;962;7.1;26.1;-39.0;14.5;5.5;76.7;0.0000;-0.0170;-0.1500;101.6250;
578.42;0;0;0;0;57;207;76;75;75;75;75;1398;358;962;7.0;25.9;-39.0;14.5;5.5;76.7;0.0000;-0.0168;-0.1500;101.4250;
578.67;0;0;0;0;57;207;75;75;75;75;75;1394;358;962;7.0;25.6;-39.0;14.5;5.5;76.7;0.0000;-0.0170;-0.1500;101.7500;
578.92;0;0;0;0;57;207;75;75;75;75;75;1393;358;962;7.0;25.6;-39.0;14.5;5.5;76.7;0.0000;-0.0170;-0.1750;101.6500;
579.17;0;0;0;0;57;207;75;75;75;75;75;1392;358;962;7.1;25.6;-39.0;14.5;5.5;76.7;0.0000;-0.0172;-0.1000;101.3500;
579.42;0;0;0;0;57;207;75;75;75;75;75;1390;358;962;7.1;25.2;-39.0;14.5;5.5;76.7;0.0000;-0.0172;-0.1000;101.5750;
579.67;0;0;0;0;57;207;75;75;75;74;75;1386;358;962;7.1;25.2;-39.0;14.5;5.5;76.7;0.0000;-0.0172;-0.1500;101.5750;
579.92;0;0;0;0;57;207;75;74;75;74;75;1385;358;962;7.1;25.0;-39.0;14.5;5.5;76.7;0.0000;-0.0172;-0.1250;101.4250;
580.17;0;0;0;0;57;207;75;74;75;74;75;1385;358;962;7.1;25.0;-39.0;14.5;5.5;76.7;0.0000;-0.0272;-0.1000;101.0250;
580.42;0;0;0;0;57;207;75;74;74;74;75;1382;358;962;7.1;25.0;-39.0;14.5;5.5;76.7;0.0000;-0.0303;-0.1500;100.8750;
580.67;0;0;0;0;57;207;74;74;74;74;74;1374;358;962;7.1;25.0;-39.0;14.5;5.5;76.7;0.0000;-0.0304;-0.1750;100.5750;
580.92;0;0;0;0;57;207;74;74;74;74;74;1375;358;962;7.0;24.4;-39.0;14.5;5.5;76.7;0.0000;-0.0301;-0.2000;100.5750;
581.17;0;0;0;0;57;207;74;74;74;73;74;1375;358;962;7.0;24.4;-39.0;14.5;5.5;76.7;0.0000;-0.0236;-0.1500;100.9000;
581.42;0;0;0;0;57;207;74;74;74;74;74;1373;358;962;6.9;23.4;-39.0;14.5;5.5;76.7;0.0000;-0.0184;-0.1250;101.2750;
581.67;0;0;0;0;57;207;74;74;74;73;74;1369;358;962;7.0;23.1;-39.0;14.5;5.5;76.7;0.0000;-0.0150;-0.1500;101.6500;
581.92;0;0;0;0;57;207;74;74;74;73;74;1368;358;962;7.0;23.1;-39.0;14.5;5.5;76.7;0.0000;-0.0109;-0.1250;101.9250;
582.19;0;0;0;0;57;207;74;73;73;73;74;1366;358;962;7.1;23.4;-39.0;14.5;5.5;76.7;0.0000;-0.0080;-0.1250;101.9750;
582.44;0;0;0;0;57;207;73;73;73;73;73;1363;358;962;7.1;23.3;-39.0;14.5;5.5;76.7;0.0000;-0.0079;-0.1750;102.1250;
582.69;0;0;0;0;57;207;74;73;73;73;73;1362;360;962;7.1;23.3;-39.0;14.5;5.5;76.7;0.0000;-0.0086;-0.1250;102.0500;
582.94;0;0;0;0;57;207;73;73;73;73;73;1362;360;962;7.1;23.5;-39.0;14.5;5.5;76.7;0.0000;-0.0088;-0.0750;102.1250;
583.19;0;0;0;0;57;207;73;73;73;73;73;1355;360;962;7.0;23.8;-39.0;14.5;5.5;76.7;0.0000;-0.0084;-0.1750;102.0000;
583.44;0;0;0;0;57;207;73;73;73;73;73;1355;360;962;7.0;23.8;-39.0;14.5;5.5;76.7;0.0000;-0.0075;-0.1750;102.3000;
583.69;0;0;0;0;57;207;73;73;72;73;73;1350;360;962;7.0;23.8;-39.0;14.5;5.5;76.7;0.0000;-0.0072;-0.2250;101.8750;
583.94;1;0;0;0;57;207;73;73;72;72;73;1286;360;962;7.0;23.8;-39.0;14.5;5.5;76.7;0.0000;-0.0070;-0.1750;102.0000;
584.19;1;0;0;0;57;207;73;72;73;72;73;1009;360;962;6.9;24.2;68.0;14.5;5.5;76.7;0.4039;-0.0069;-0.0750;102.2750;
584.44;1;0;0;0;57;207;73;73;73;72;73;1432;360;962;6.8;24.4;115.5;14.5;5.5;76.7;0.3412;-0.0075;0.0000;102.2250;
584.69;1;0;0;0;57;207;73;73;73;73;73;1355;360;962;6.8;24.4;-27.5;14.5;5.5;76.7;0.0000;-0.0075;0.0250;102.0000;
584.94;1;0;0;0;57;207;73;72;72;72;73;1531;360;962;6.8;24.4;-39.5;14.5;5.5;76.7;0.0000;-0.0075;-0.1750;102.1750;
585.19;0;0;0;0;57;207;72;72;72;72;73;1636;360;962;6.9;24.9;-41.0;14.5;5.5;76.7;0.0000;-0.0074;-0.1250;102.2000;
585.44;0;0;0;0;57;207;72;72;72;72;72;1623;360;962;6.9;25.8;-41.0;14.5;5.5;76.7;0.0000;-0.0072;-0.2000;102.1250;
585.69;0;0;0;0;57;207;72;72;72;72;72;1627;360;962;6.9;25.8;-41.0;14.5;5.5;76.7;0.0000;-0.0064;-0.2000;102.1250;
585.94;0;0;0;0;57;207;72;72;72;72;72;1626;360;962;6.9;26.2;-41.0;14.5;5.5;76.7;0.0000;-0.0041;-0.1500;102.2500;
586.19;0;0;0;0;57;207;72;72;72;71;72;1622;360;962;6.8;26.0;-40.5;14.5;5.5;76.7;0.0000;-0.0011;-0.2000;0.0250;
586.44;0;0;0;0;57;207;72;72;71;71;72;1618;360;962;6.8;26.0;-40.5;14.5;5.5;76.7;0.0000;-0.0008;-0.1750;0.1250;
586.69;0;0;0;0;57;207;72;72;71;71;72;1617;360;962;6.8;26.4;-40.5;14.5;5.5;76.7;0.0000;-0.0003;-0.1500;0.4250;
586.94;0;0;0;0;57;207;71;71;71;71;72;1616;360;962;6.8;26.4;-40.5;14.5;5.5;76.7;0.0000;-0.0004;-0.1250;0.0750;
587.20;0;0;0;0;57;207;71;71;71;71;72;1614;360;962;6.8;26.7;-40.5;14.5;5.5;76.7;0.0000;-0.0099;-0.1000;102.1250;
587.45;0;0;0;0;57;207;71;71;71;71;71;1608;360;962;6.7;26.7;-40.5;14.5;5.5;76.7;0.0000;-0.0099;-0.1000;102.1500;
587.70;0;0;0;0;57;207;71;71;71;71;71;1607;360;962;6.7;26.7;-40.5;14.5;5.5;76.7;0.0000;-0.0099;-0.1250;101.7000;
587.95;0;0;0;0;57;207;71;71;71;71;71;1608;360;962;6.6;26.7;-40.5;14.5;5.5;76.7;0.0000;-0.0107;-0.0500;102.0000;
588.20;0;0;0;0;57;207;71;71;71;71;71;1606;360;962;6.6;26.8;-40.5;14.5;5.5;76.7;0.0000;-0.0095;-0.1000;102.2000;
588.45;0;0;0;0;57;207;71;71;71;71;71;1608;360;962;6.6;26.8;-40.5;14.5;5.5;76.7;0.0000;-0.0088;-0.0500;102.2500;
588.70;0;1;0;0;57;207;71;71;71;71;71;1604;360;962;6.6;27.0;-40.0;14.5;5.5;76.7;0.0000;-0.0084;-0.4000;102.0500;
588.95;0;0;0;0;57;207;71;71;71;71;71;1601;360;962;6.6;27.0;-40.0;14.5;5.5;76.7;0.0000;-0.0082;-0.0250;102.1500;
589.20;0;1;0;0;57;207;71;71;71;71;71;1598;360;962;6.7;26.8;-40.0;14.5;5.5;76.7;0.0000;-0.0095;-0.2750;102.1750;
589.45;0;1;0;0;57;207;70;70;70;70;70;1593;360;962;6.7;26.8;-40.0;14.5;5.5;76.7;0.0000;-0.0122;-0.3750;101.9250;
589.70;0;1;0;0;57;207;70;70;70;70;70;1582;360;962;6.7;27.0;-40.0;14.5;5.5;76.7;0.0000;-0.0148;-0.5250;101.7000;
589.95;0;1;0;0;57;207;69;69;69;69;70;1576;360;962;6.7;27.0;-40.0;14.5;5.5;76.7;0.0000;-0.0146;-0.2250;101.9000;
590.20;0;1;0;0;57;207;69;69;69;69;69;1564;360;962;6.7;27.3;-40.0;14.5;5.5;76.7;0.0000;-0.0140;-0.7500;101.7000;
590.45;0;1;0;0;57;207;69;69;68;68;69;1555;360;962;6.8;26.9;-40.0;14.5;5.5;76.7;0.0000;-0.0135;-0.4000;101.6500;
590.70;0;1;0;0;57;207;68;68;68;68;68;1544;360;962;6.8;26.9;-40.0;14.5;5.5;76.7;0.0000;-0.0128;-0.3500;101.9500;
590.95;0;1;0;0;57;207;68;68;68;68;68;1538;360;962;6.8;27.0;-40.0;14.5;5.5;76.7;0.0000;-0.0118;-0.2250;101.9500;
591.20;0;1;0;0;57;207;67;68;67;67;68;1526;360;962;6.9;27.2;-39.5;14.5;5.5;76.7;0.0000;-0.0100;-0.1000;101.8250;
591.45;0;1;0;0;57;207;67;67;67;67;67;1517;360;962;6.9;27.2;-39.5;14.5;5.5;76.7;0.0000;-0.0070;-0.7000;102.0750;
591.70;0;1;0;0;57;207;66;66;66;66;67;1503;360;962;7.1;27.2;-39.5;14.5;5.5;76.7;0.0000;-0.0059;-0.6500;102.3250;
591.95;0;1;0;0;57;207;66;66;66;66;66;1491;360;962;7.1;27.2;-39.5;14.5;5.5;76.7;0.0000;-0.0056;-0.6000;0.0000;
592.21;0;1;0;0;57;207;65;65;65;65;65;1477;360;962;7.1;27.9;-39.5;14.5;5.5;76.7;0.0000;-0.0051;-0.8750;0.1000;
592.46;0;1;0;0;57;207;65;65;65;65;65;1463;360;962;7.2;28.3;-39.5;14.5;5.5;76.7;0.0000;-0.0051;-0.8750;102.2250;
592.71;0;1;0;0;57;207;64;64;64;64;64;1455;360;962;7.2;28.3;-39.5;14.5;5.5;76.7;0.0000;-0.0066;-0.5500;102.2000;
592.96;0;1;0;0;57;207;64;64;64;63;64;1444;360;962;7.2;28.1;-39.5;14.5;5.5;76.7;0.0000;-0.0079;-0.5000;102.1250;
593.21;0;1;0;0;57;207;63;64;63;63;64;1436;360;962;7.2;28.1;-39.5;14.5;5.5;76.7;0.0000;-0.0077;-0.5000;102.2000;
593.46;0;1;0;0;57;207;63;63;63;63;63;1423;360;962;7.2;28.5;-39.0;14.5;5.5;76.7;0.0000;-0.0077;-0.5250;102.2750;
593.71;0;1;0;0;57;207;63;62;62;62;63;1413;360;962;7.2;28.5;-39.5;14.5;5.5;76.7;0.0000;-0.0077;-0.8250;102.3750;
593.96;0;1;0;0;57;207;62;62;62;62;62;1399;360;962;7.2;28.7;-39.0;14.5;5.5;76.7;0.0000;-0.0074;-0.4500;102.1500;
594.21;0;1;0;0;57;207;62;62;61;61;62;1393;360;962;7.2;28.7;-39.0;14.5;5.5;76.7;0.0000;-0.0074;-0.2000;102.2750;
594.46;0;1;0;0;57;207;61;61;61;61;61;1381;360;962;7.2;28.7;-39.0;14.5;5.5;76.7;0.0000;-0.0072;-0.2750;102.0750;
594.71;0;1;0;0;57;207;61;61;61;61;61;1373;360;962;7.1;29.2;-39.0;14.5;5.5;76.7;0.0000;-0.0069;-0.4750;102.1250;
594.96;0;1;0;0;57;207;60;60;60;60;60;1363;360;962;7.1;29.2;-39.0;14.5;5.5;76.7;0.0000;-0.0057;-0.3250;102.2500;
595.21;0;1;0;0;57;207;60;60;60;60;60;1356;360;962;7.1;29.4;-39.0;14.5;5.5;76.7;0.0000;-0.0049;-0.4750;102.3250;
595.46;0;1;0;0;57;207;60;60;59;59;60;1347;360;962;7.0;29.5;-39.0;14.5;5.5;76.7;0.0000;-0.0041;-0.6750;102.3000;
595.71;0;1;0;0;57;207;59;59;59;59;59;1340;360;962;7.0;29.5;-39.0;14.5;5.5;76.7;0.0000;-0.0033;-0.6000;0.1000;
595.96;0;1;0;0;57;207;59;59;59;59;59;1331;360;962;6.9;29.5;-39.0;14.5;5.5;76.7;0.0000;-0.0022;-0.4250;0.0250;
596.21;0;1;0;0;57;207;58;59;58;58;59;1323;360;962;6.9;29.8;-39.0;14.5;5.5;76.7;0.0000;-0.0022;-0.6500;102.2750;
596.46;0;1;0;0;57;207;58;58;58;58;58;1317;360;962;6.9;29.8;-39.0;14.5;5.5;76.7;0.0000;-0.0022;-0.6500;0.0500;
596.71;0;1;0;0;57;207;58;58;58;58;58;1309;360;962;6.9;29.8;-39.0;14.5;5.5;76.7;0.0000;-0.0022;-0.5500;0.0000;
596.96;0;1;0;0;57;207;57;57;57;57;57;1301;360;962;6.9;29.8;-39.0;14.5;5.5;76.7;0.0000;-0.0021;-0.5500;0.1750;
597.23;0;1;0;0;57;207;57;57;57;57;57;1293;360;962;6.9;30.0;-39.0;14.5;5.5;76.7;0.0000;-0.0020;0.1250;0.1750;
597.48;1;0;0;0;57;207;57;57;57;57;57;1288;360;962;6.9;30.0;-39.0;14.5;5.5;76.7;0.0000;-0.0020;0.1500;0.0750;
597.73;1;0;0;0;57;207;57;57;57;57;57;1150;360;962;6.9;30.4;-38.0;14.5;5.5;76.7;0.0000;-0.0041;0.1500;0.0500;
597.98;1;0;0;0;57;207;58;57;57;57;58;884;360;962;6.9;30.4;54.5;14.5;5.5;76.7;0.4039;-0.0041;0.3250;0.0500;
598.23;1;0;0;0;57;207;58;58;58;58;58;1291;360;964;6.9;30.1;109.0;14.5;5.5;76.7;0.5373;-0.0041;0.3750;0.0750;
598.48;1;0;0;0;57;207;58;58;58;58;58;1379;360;962;6.7;29.8;-26.5;14.5;5.5;76.7;0.0000;-0.0043;0.3250;0.1000;
598.73;1;0;0;0;57;207;58;58;58;58;58;1495;360;962;6.7;29.8;-40.0;14.5;5.5;76.7;0.0000;-0.0041;0.2250;102.3750;
598.98;1;0;0;0;57;207;58;58;58;58;58;1649;360;962;6.5;29.9;-40.5;14.5;5.5;76.7;0.0000;-0.0043;0.0000;0.0000;
599.23;0;0;0;0;57;207;58;58;58;58;58;1647;360;962;6.4;29.7;-41.5;14.5;5.5;76.7;0.0000;-0.0080;0.0500;102.3250;
599.48;0;0;0;0;57;207;58;58;58;58;59;1645;360;962;6.4;29.7;-41.5;14.5;5.5;76.7;0.0000;-0.0082;0.0750;102.2250;
599.73;0;1;0;0;57;207;59;59;59;58;59;1655;360;964;6.3;29.4;-41.0;14.5;5.5;76.7;0.0000;-0.0075;0.0750;0.0000;
599.98;0;1;0;0;57;207;59;58;58;59;59;1655;360;962;6.3;29.4;-41.0;14.5;5.5;76.7;0.0000;-0.0067;-0.1500;102.2750;
600.23;0;1;0;0;57;207;58;58;58;58;59;1647;360;962;6.2;29.4;-41.0;14.5;5.5;76.7;0.0000;-0.0054;-0.3250;0.0000;
600.48;0;1;0;0;57;207;58;58;58;58;58;1634;360;964;6.2;29.3;-41.0;14.5;5.5;76.7;0.0000;-0.0041;-0.5500;102.2250;
600.73;0;1;0;0;57;207;57;57;57;57;58;1625;360;962;6.2;29.3;-40.5;14.5;5.5;76.7;0.0000;-0.0041;-0.4750;102.2500;
600.98;0;1;0;0;57;207;57;57;57;57;57;1612;360;964;6.1;29.1;-40.5;14.5;5.5;76.7;0.0000;-0.0031;-0.3750;0.0000;
601.23;0;0;0;0;57;207;57;57;57;57;57;1612;360;964;6.1;29.2;-40.0;14.5;5.5;76.7;0.0000;-0.0021;-0.0250;102.3750;
601.48;0;0;0;0;57;207;57;57;57;57;57;1614;360;964;6.1;29.2;-40.0;14.5;5.5;76.7;0.0000;-0.0020;0.0500;0.0000;
601.73;0;1;0;0;57;207;57;57;57;57;57;1616;360;964;6.1;29.2;-39.5;14.5;5.5;76.7;0.0000;-0.0016;0.0000;0.0000;
601.98;0;1;0;0;57;207;57;57;57;57;57;1618;360;964;6.0;28.8;-39.5;14.5;5.5;76.7;0.0000;-0.0008;0.0250;0.0500;
602.24;0;1;0;0;57;207;57;57;57;57;57;1618;360;964;5.9;28.9;-39.5;14.5;5.5;76.7;0.0000;-0.0008;-0.4000;0.2000;
602.49;0;1;0;0;57;207;57;57;56;57;57;1605;360;964;5.9;28.9;-39.0;14.5;5.5;76.7;0.0000;-0.0008;-0.7000;102.3750;
602.74;0;1;0;0;57;207;56;56;56;56;56;1592;360;964;6.0;29.5;-39.0;14.4;5.5;76.7;0.0000;-0.0007;-0.3250;102.2500;
602.99;0;1;0;0;57;207;56;56;56;56;56;1577;360;964;6.1;29.8;-38.5;14.4;5.5;76.7;0.0000;-0.0003;-0.5000;102.0750;
603.24;0;1;0;0;57;207;55;55;55;55;55;1568;360;964;6.1;29.8;-38.5;14.4;5.5;76.7;0.0000;0.0000;-0.4250;0.3750;
603.49;0;1;0;0;57;207;55;55;55;55;55;1554;360;964;6.2;29.6;-38.5;14.4;5.5;76.7;0.0000;0.0001;-0.3750;0.1250;
603.74;0;1;0;0;57;207;55;55;54;54;55;1543;360;964;6.2;29.6;-38.0;14.4;5.5;76.7;0.0000;0.0001;-0.2500;102.3250;
603.99;0;1;0;0;57;207;54;54;54;54;54;1535;360;964;6.2;30.0;-38.0;14.4;5.5;76.7;0.0000;0.0004;-0.3500;102.3500;
604.24;0;1;0;0;57;207;54;54;54;54;54;1524;360;964;6.2;30.4;-38.0;14.4;5.5;76.7;0.0000;0.0004;-0.7250;102.3500;
604.49;0;1;0;0;57;207;54;53;53;53;54;1508;360;964;6.2;30.4;-37.5;14.4;5.5;76.7;0.0000;-0.0029;-0.3500;102.1750;
604.74;0;1;0;0;56;207;53;53;53;53;53;1498;360;964;6.2;29.9;-37.5;14.4;5.5;76.7;0.0000;-0.0011;-0.4500;102.2250;
604.99;0;0;0;0;56;207;53;53;52;53;53;1489;360;964;6.2;29.9;-37.5;14.4;5.5;76.7;0.0000;-0.0001;-0.2750;101.9750;
605.24;0;0;0;0;56;207;53;53;53;53;53;1488;360;964;6.2;29.9;-37.5;14.4;5.5;76.7;0.0000;0.0003;-0.2250;102.3000;
605.49;0;0;0;0;56;207;52;53;53;53;53;1486;360;964;6.2;29.9;-37.5;14.4;5.5;76.7;0.0000;0.0008;-0.1250;102.1750;
605.74;0;0;0;0;56;207;53;52;52;53;53;1485;360;964;6.2;29.9;-37.5;14.4;5.5;76.7;0.0000;0.0014;-0.1000;102.1250;
605.99;0;1;0;0;56;207;52;52;52;52;53;1482;360;964;6.1;29.7;-37.5;14.4;5.5;76.7;0.0000;0.0031;0.0000;102.3000;
606.24;0;1;0;0;56;207;52;52;52;52;52;1475;361;964;6.1;29.7;-37.5;14.4;5.5;76.7;0.0000;0.0057;-0.7250;102.3750;
606.49;0;1;0;0;56;207;51;52;51;52;52;1459;361;964;6.1;29.8;-37.5;14.4;5.5;76.7;0.0000;0.0072;-0.2750;0.1000;
606.74;0;1;0;0;56;207;51;51;51;51;51;1452;361;964;6.1;29.8;-37.5;14.4;5.5;76.7;0.0000;0.0074;-0.6000;0.0250;
606.99;0;0;0;0;56;207;51;51;51;51;51;1434;361;964;6.1;29.8;-37.5;14.4;5.5;76.7;0.0000;0.0075;-0.4000;0.0750;
607.25;0;0;0;0;56;207;50;51;50;51;51;1433;361;964;6.1;29.6;-38.0;14.4;5.5;76.7;0.0000;0.0061;-0.3250;102.3750;
607.50;0;0;0;0;56;207;50;50;50;50;51;1430;361;964;6.1;29.6;-38.0;14.4;5.5;76.7;0.0000;0.0046;-0.1750;0.0500;
607.75;0;0;0;0;56;207;50;50;50;50;51;1427;361;964;6.0;29.4;-38.0;14.5;5.5;76.7;0.0000;0.0025;-0.1250;102.2500;
608.00;0;0;0;0;56;207;50;50;50;50;50;1421;361;964;5.8;29.4;-38.0;14.5;5.5;76.7;0.0000;0.0000;-0.1750;102.1250;
608.25;0;0;0;0;56;207;50;50;50;50;50;1419;361;964;5.8;29.4;-38.5;14.5;5.5;76.7;0.0000;-0.0008;-0.1250;102.3750;
608.50;0;0;0;0;56;207;50;50;50;50;50;1414;361;964;5.7;29.0;-38.5;14.5;5.5;76.7;0.0000;-0.0070;-0.1500;101.8500;
608.75;0;0;0;0;56;207;50;50;50;50;50;1408;361;964;5.7;29.0;-39.0;14.5;5.5;76.7;0.0000;-0.0099;-0.2000;102.0750;
609.00;0;0;0;0;56;207;50;50;50;49;50;1406;361;964;5.6;28.9;-39.0;14.4;5.5;76.7;0.0000;-0.0075;-0.1750;101.9750;
609.25;0;1;0;0;56;207;49;49;49;49;50;1401;361;964;5.5;28.8;-39.5;14.4;5.5;76.7;0.0000;-0.0039;-0.4500;102.1500;
609.50;0;1;0;0;56;207;49;49;49;49;49;1392;361;964;5.5;28.8;-39.5;14.4;5.5;76.7;0.0000;0.0014;-0.3250;102.2000;
609.75;0;1;0;0;56;207;48;49;48;48;49;1376;361;964;5.4;28.6;-40.0;14.4;5.5;76.7;0.0000;0.0054;-0.4250;0.4500;
610.00;0;1;0;0;56;207;48;48;48;48;48;1356;361;964;5.4;28.6;-40.0;14.4;5.5;76.7;0.0000;0.0080;-0.9750;0.0500;
610.25;0;1;0;0;56;207;47;47;47;47;47;1341;361;964;5.4;29.3;-40.5;14.4;5.5;76.7;0.0000;0.0091;-0.9250;0.5500;
610.50;0;1;0;0;56;207;47;47;46;46;47;1314;361;966;5.4;29.3;-40.5;14.4;5.5;76.7;0.0000;0.0091;-0.9750;102.1500;
610.75;0;0;0;0;56;207;46;46;46;46;46;1309;361;966;5.4;29.3;-41.0;14.4;5.5;76.7;0.0000;0.0079;-0.2000;102.2250;
611.00;0;0;0;0;56;207;46;46;46;46;46;1299;361;964;5.3;28.9;-41.0;14.4;5.5;76.7;0.0000;0.0000;-0.3250;102.0750;
611.25;0;0;0;0;56;207;46;46;46;46;46;1298;361;966;5.3;28.9;-41.5;14.4;5.5;76.7;0.0000;-0.0011;-0.2250;102.0000;
611.50;0;1;0;0;56;207;45;46;45;45;45;1284;361;964;5.2;28.9;-42.0;14.4;5.5;76.7;0.0000;-0.0011;-0.4500;102.1750;
611.75;0;1;0;0;56;207;45;45;45;45;45;1271;361;966;5.2;28.9;-42.0;14.4;5.5;76.7;0.0000;-0.0007;-0.5000;102.1250;
612.00;0;1;0;0;56;207;44;44;44;44;44;1250;361;964;5.2;29.0;-42.5;14.4;5.5;76.7;0.0000;0.0008;-1.0250;102.2000;
612.27;0;1;0;0;56;207;43;43;43;43;43;1228;361;966;5.2;28.9;-42.5;14.4;5.5;76.7;0.0000;0.0007;-0.6500;102.2250;
612.52;0;1;0;0;56;207;43;43;43;43;43;1209;361;966;5.2;28.9;-42.5;14.4;5.5;76.7;0.0000;0.0011;-0.7500;102.0750;
612.77;0;1;0;0;56;207;42;42;42;42;42;1191;361;964;5.3;29.2;-43.0;14.4;5.5;76.7;0.0000;0.0110;-0.5750;102.2500;
613.02;0;1;0;0;56;207;41;41;41;41;42;1172;361;966;5.3;29.6;-43.0;14.4;5.5;76.7;0.0000;0.0130;-0.7000;0.0750;
613.27;0;1;0;0;56;207;41;41;40;41;41;1155;361;966;5.3;29.6;-43.5;14.4;5.5;76.7;0.0000;0.0183;-0.7000;0.0250;
613.52;0;1;0;0;56;207;40;40;40;40;40;1136;361;966;5.3;30.1;-43.5;14.4;5.5;76.7;0.0000;0.0242;-0.6750;0.0250;
613.77;0;1;0;0;56;207;39;40;39;40;40;1120;361;964;5.3;30.1;-44.0;14.4;5.5;76.7;0.0000;0.0333;-0.6000;0.2500;
614.02;0;1;0;0;56;207;39;39;39;39;39;1110;361;966;5.3;30.6;-44.0;14.4;5.5;76.7;0.0000;0.0334;-0.4750;0.4500;
614.27;0;1;0;0;56;207;39;39;38;39;39;1104;361;966;5.3;30.6;-45.0;14.4;5.5;76.7;0.0000;0.0356;-0.2000;0.6750;
614.52;0;1;0;0;56;207;38;39;38;39;39;1098;361;966;5.2;30.5;-45.0;14.4;5.5;76.7;0.0000;0.0382;-0.3750;0.7750;
614.77;0;1;0;0;56;207;38;38;38;38;38;1081;361;966;5.2;30.5;-45.5;14.4;5.5;76.7;0.0000;0.0480;-0.6000;0.8250;
615.02;0;0;0;0;56;207;38;38;37;38;38;1075;361;966;5.1;30.6;-46.0;14.4;5.5;76.7;0.0000;0.0653;-0.3250;1.1250;
615.27;0;0;0;0;56;207;37;38;37;38;38;1070;361;966;5.0;31.6;-46.5;14.4;5.5;76.7;0.0000;0.0814;-0.1750;1.6250;
615.52;0;0;0;0;56;207;37;38;37;38;38;1069;361;966;5.0;31.6;-46.5;14.4;5.5;76.7;0.0000;0.0980;-0.1500;2.1000;
615.77;0;0;0;0;56;207;37;38;37;38;38;1070;361;966;4.9;32.3;-46.5;14.4;5.5;76.7;0.0000;0.1309;-0.0750;2.9000;
616.02;0;0;0;0;56;207;37;38;37;38;38;1064;361;966;4.7;33.9;-46.5;14.4;5.5;76.7;0.0000;0.1359;-0.1500;2.4000;
616.27;0;0;0;0;56;207;36;38;36;38;37;1058;361;966;4.7;33.9;-47.0;14.4;5.5;76.7;0.0000;0.1480;-0.2000;3.2000;
616.52;0;0;0;0;56;207;37;39;36;38;37;1063;361;966;4.5;35.8;-47.0;14.4;5.5;76.7;0.0000;0.1475;-0.0750;2.2000;
616.77;0;0;0;0;56;207;36;38;36;38;37;1062;361;966;4.5;35.8;-47.0;14.4;5.5;76.7;0.0000;0.1441;0.0000;2.4250;
617.02;0;0;0;0;56;207;36;38;36;38;37;1055;361;966;4.2;37.0;-47.0;14.4;5.5;76.7;0.0000;0.1443;-0.0750;3.5500;
617.28;0;0;0;0;56;207;36;38;36;38;37;1058;361;966;4.0;38.7;-47.0;14.4;5.5;76.7;0.0000;0.1426;-0.0500;3.2000;
617.53;0;0;0;0;56;207;37;38;37;38;37;1056;361;966;4.0;38.7;-47.0;14.4;5.5;76.7;0.0000;0.1306;0.0000;2.6750;
617.78;0;0;0;0;56;207;37;38;36;38;37;1060;361;966;3.8;40.4;-47.0;14.4;5.5;76.7;0.0000;0.1009;0.0500;2.1000;
618.03;0;0;0;0;56;207;37;38;37;38;37;1056;361;966;3.6;41.0;-46.5;14.4;5.5;76.7;0.0000;0.0904;-0.0750;1.7250;
618.28;0;0;0;0;56;207;37;38;37;37;37;1054;361;966;3.6;41.0;-46.5;14.4;5.5;76.7;0.0000;0.0773;-0.1250;1.4250;
618.53;0;0;0;0;56;207;37;37;37;37;37;1058;361;966;3.6;41.0;-46.5;14.4;5.5;76.7;0.0000;0.0596;0.0250;1.0500;
618.78;0;0;0;0;56;207;37;37;37;37;37;1055;361;966;3.5;41.3;-46.5;14.4;5.5;76.7;0.0000;0.0354;0.0000;0.7250;
619.03;0;0;0;0;56;207;37;37;37;37;37;1058;361;966;3.4;41.6;-46.5;14.4;5.5;76.7;0.0000;0.0282;0.0250;0.6000;
619.28;0;0;0;0;56;207;37;38;37;37;37;1058;361;966;3.4;41.6;-46.5;14.4;5.5;76.7;0.0000;0.0255;0.0250;0.7500;
619.53;0;0;0;0;56;207;37;37;37;37;37;1056;361;966;3.4;41.0;-46.0;14.4;5.5;76.7;0.0000;0.0123;-0.0250;0.0500;
619.78;0;0;0;0;56;207;37;37;37;37;37;1057;361;966;3.4;41.0;-46.0;14.4;5.5;76.7;0.0000;-0.0001;-0.0500;0.1750;
620.03;0;0;0;0;56;207;37;37;37;37;37;1058;361;966;3.5;40.4;-46.0;14.4;5.5;76.7;0.0000;-0.0062;0.0250;102.2500;
620.28;0;0;0;0;56;207;37;37;37;37;37;1063;361;966;3.7;38.9;-46.0;14.4;5.5;76.7;0.0000;-0.0066;0.0500;0.0250;
620.53;0;0;0;0;56;207;38;37;37;37;38;1063;361;966;3.7;38.9;-46.0;14.4;5.5;76.7;0.0000;-0.0069;0.0500;102.2500;
620.78;0;0;0;0;56;207;38;38;37;37;38;1063;361;966;3.8;36.9;-46.0;14.5;5.5;76.7;0.0000;-0.0070;0.0250;0.0500;
621.03;0;0;0;0;56;207;38;38;38;37;38;1066;361;966;4.0;35.5;-45.5;14.5;5.5;76.7;0.0000;-0.0070;0.0000;0.1750;
621.28;0;0;0;0;56;207;38;38;37;37;38;1065;361;966;4.0;35.5;-45.5;14.5;5.5;76.7;0.0000;-0.0070;0.0250;0.0000;
621.53;0;0;0;0;56;207;38;38;38;37;38;1066;361;966;4.1;33.8;-45.5;14.5;5.5;76.7;0.0000;-0.0070;0.0000;102.2500;
621.78;0;0;0;0;56;207;38;38;38;37;38;1069;361;966;4.1;33.8;-45.5;14.5;5.5;76.7;0.0000;-0.0067;0.0250;102.2500;
622.03;0;0;0;0;56;207;38;38;38;38;38;1069;361;966;4.2;31.5;-45.5;14.5;5.5;76.7;0.0000;-0.0067;0.0000;102.2750;
622.30;0;0;0;0;56;207;38;38;38;37;38;1068;361;966;4.4;30.5;-45.5;14.5;5.5;76.7;0.0000;-0.0067;0.0000;102.2750;
622.55;0;0;0;0;56;207;38;37;38;38;38;1070;363;966;4.4;30.5;-45.0;14.5;5.5;76.7;0.0000;-0.0057;0.0250;0.1000;
622.80;0;0;0;0;56;207;38;38;38;38;38;1074;363;966;4.6;30.1;-45.0;14.5;5.5;76.7;0.0000;-0.0036;0.0500;0.2000;
623.05;0;0;0;0;56;207;38;37;38;38;38;1073;363;966;4.6;30.1;-45.0;14.5;5.5;76.7;0.0000;-0.0021;-0.0250;0.0250;
623.30;0;0;0;0;56;207;38;38;38;38;38;1071;363;966;4.7;29.4;-45.0;14.5;5.5;76.7;0.0000;-0.0011;-0.0250;0.2250;
623.55;0;0;0;0;56;207;38;38;38;38;38;1071;363;966;4.7;29.4;-45.0;14.5;5.5;76.7;0.0000;-0.0004;0.0000;0.4500;
623.80;0;0;0;0;56;207;38;38;38;37;38;1070;363;966;4.7;29.1;-45.0;14.5;5.5;76.7;0.0000;-0.0028;-0.0250;0.2500;
624.05;0;0;0;0;56;207;38;38;38;38;38;1073;363;966;4.7;29.2;-45.0;14.5;5.5;76.7;0.0000;-0.0064;0.0250;0.1750;
624.30;0;0;0;0;56;207;38;38;38;38;38;1077;363;966;4.7;29.2;-45.0;14.5;5.5;76.7;0.0000;-0.0054;0.0250;0.0000;
624.55;0;0;0;0;56;207;38;38;38;38;38;1080;363;966;4.7;29.2;-45.0;14.5;5.5;76.7;0.0000;-0.0052;0.0500;102.3750;
624.80;0;0;0;0;56;207;38;38;38;38;38;1083;363;966;4.7;29.2;-45.0;14.5;5.5;76.7;0.0000;-0.0135;-0.0250;0.1000;
625.05;0;0;0;0;56;207;38;38;38;38;38;1082;363;966;4.7;29.2;-45.0;14.5;5.5;76.7;0.0000;-0.0236;-0.0250;101.9750;
625.30;0;0;0;0;56;207;38;38;38;38;38;1081;363;966;4.7;29.4;-44.5;14.5;5.5;76.7;0.0000;-0.0501;-0.0500;101.1000;
625.55;0;0;0;0;56;207;39;38;38;37;38;1078;363;966;4.7;29.4;-44.5;14.5;5.5;76.7;0.0000;-0.0730;-0.0750;100.5750;
625.80;0;0;0;0;56;207;39;37;38;37;38;1082;363;966;4.6;28.8;-44.5;14.5;5.5;76.7;0.0000;-0.0964;0.0500;100.2750;
626.05;0;0;0;0;56;207;39;37;38;37;38;1077;363;966;4.5;27.8;-44.5;14.5;5.5;76.7;0.0000;-0.1004;-0.1000;100.1250;
626.30;0;0;0;0;56;207;39;37;38;37;38;1073;363;966;4.5;27.8;-44.5;14.4;5.5;76.7;0.0000;-0.1001;-0.1250;100.3000;
626.55;0;0;0;0;56;207;38;37;38;37;38;1068;363;966;4.5;27.3;-44.5;14.4;5.5;76.7;0.0000;-0.0999;-0.1750;100.7000;
626.80;0;0;0;0;56;207;38;37;38;37;38;1061;363;966;4.5;27.3;-44.5;14.4;5.5;76.7;0.0000;-0.1063;-0.2500;100.3000;
627.05;0;0;0;0;56;207;38;37;38;36;37;1051;363;966;4.3;26.5;-44.5;14.4;5.5;76.7;0.0000;-0.1136;-0.3500;100.3250;
627.32;0;0;0;0;56;207;38;37;37;36;37;1051;363;966;4.3;26.5;-44.5;14.4;5.5;76.7;0.0000;-0.1124;-0.2000;99.9750;
627.57;0;0;0;0;56;207;37;36;37;36;37;1045;363;966;4.2;25.4;-27.0;14.4;5.5;76.7;0.1922;-0.1144;-0.2500;100.2250;
627.82;0;0;0;0;56;207;37;36;37;36;37;1051;363;966;4.2;24.6;14.0;14.5;5.5;76.7;0.2118;-0.1193;-0.2500;100.2500;
628.07;0;0;0;0;56;207;37;36;37;36;37;1056;363;966;4.2;24.6;49.0;14.5;5.5;76.7;0.2431;-0.1188;0.0250;100.1250;
628.32;0;0;0;0;56;207;38;36;37;36;37;1049;363;966;4.1;23.5;69.0;14.5;5.5;76.7;0.2745;-0.1152;0.1250;100.2250;
628.57;0;0;0;0;56;207;37;36;38;36;37;1057;363;966;4.1;23.5;91.0;14.4;5.5;76.7;0.2784;-0.1078;0.1500;100.4250;
628.82;0;0;0;0;56;207;38;37;38;37;37;1068;363;966;4.0;22.2;93.0;14.4;5.5;76.7;0.2667;-0.1028;0.2750;100.0750;
629.07;0;0;0;0;56;207;39;37;38;37;38;1073;363;966;3.8;21.5;89.5;14.4;5.5;76.7;0.2627;-0.0966;0.3250;100.0500;
629.32;0;0;0;0;56;207;38;37;38;37;38;1075;363;966;3.8;21.5;89.0;14.4;5.5;76.7;0.2588;-0.0864;0.2750;101.0000;
629.57;0;0;0;0;56;207;39;38;39;38;38;1084;363;966;3.7;20.2;85.5;14.4;5.5;76.7;0.2549;-0.0976;0.2500;100.3500;
629.82;0;0;0;0;56;207;39;38;39;38;38;1089;363;966;3.7;19.9;84.0;14.4;5.5;76.7;0.2549;-0.0976;0.2000;100.5750;
630.07;0;0;0;0;56;207;39;38;39;38;39;1101;363;966;3.7;19.9;83.5;14.4;5.5;76.7;0.2549;-0.0944;0.2500;100.5750;
630.32;0;0;0;0;56;207;39;38;39;38;39;1103;363;966;3.7;20.0;84.0;14.4;5.5;76.7;0.2549;-0.0899;0.2500;100.7250;
630.57;0;0;0;0;56;207;39;39;39;38;39;1107;363;966;3.7;20.0;81.5;14.4;5.5;76.7;0.2510;-0.0758;0.1500;100.8750;
630.82;0;0;0;0;56;207;40;39;40;39;39;1114;363;966;3.7;19.9;82.0;14.4;5.5;76.7;0.2510;-0.0717;0.1750;100.8750;
631.07;0;0;0;0;56;207;40;39;40;39;39;1122;363;966;3.7;19.9;89.0;14.4;5.5;76.7;0.2824;-0.0656;0.2000;101.1500;
631.32;0;0;0;0;56;207;40;39;40;39;40;1130;363;966;3.7;19.7;99.0;14.4;5.5;76.7;0.3020;-0.0648;0.2500;101.0750;
631.57;0;0;0;0;56;207;40;40;40;40;40;1138;363;966;3.7;19.7;113.0;14.4;5.5;76.7;0.3059;-0.0648;0.2750;100.9000;
631.82;0;0;0;0;56;207;41;40;41;40;40;1148;363;966;3.8;20.0;115.5;14.4;5.5;76.7;0.3020;-0.0651;0.3250;101.0250;
632.07;0;0;0;0;56;207;41;40;41;40;41;1159;363;966;3.8;20.1;116.0;14.4;5.5;76.7;0.3020;-0.0669;0.4000;100.7000;
632.33;0;0;0;0;56;207;42;41;42;41;41;1170;363;966;3.8;20.1;114.0;14.4;5.5;76.7;0.2980;-0.0669;0.4000;100.7000;
632.58;0;0;0;0;56;207;42;41;42;41;42;1180;363;966;3.8;19.9;112.0;14.4;5.5;76.7;0.3020;-0.0639;0.4000;100.7500;
632.83;0;0;0;0;56;207;42;42;42;42;42;1185;363;966;3.8;20.4;111.0;14.4;5.5;76.7;0.2941;-0.0573;0.3500;101.0000;
633.08;0;0;0;0;56;207;42;42;42;42;42;1197;363;966;3.8;20.4;107.0;14.4;5.5;76.7;0.2863;-0.0443;0.3750;101.2750;
633.33;0;0;0;0;56;207;43;43;43;42;43;1208;363;966;3.8;20.2;103.5;14.4;5.5;76.7;0.2863;-0.0293;0.4000;101.9750;
633.58;0;0;0;0;56;207;43;43;43;43;43;1216;363;966;3.9;20.8;101.5;14.4;5.5;76.7;0.2824;-0.0164;0.3500;102.0750;
633.83;0;0;0;0;56;207;43;43;43;43;43;1223;363;966;3.9;20.8;98.5;14.4;5.5;76.7;0.2706;-0.0104;0.2250;102.1250;
634.08;0;0;0;0;56;207;43;43;43;43;43;1229;363;966;4.0;21.4;77.0;14.4;5.5;76.7;0.2392;-0.0008;0.2500;102.1250;
634.33;0;0;0;0;56;207;43;44;44;44;44;1238;363;966;4.0;21.4;69.0;14.4;5.5;76.7;0.2314;0.0109;0.2000;0.1750;
634.58;0;0;0;0;56;207;44;44;43;44;44;1238;363;966;4.1;21.8;64.5;14.4;5.5;76.7;0.2275;0.0234;0.1500;0.4750;
634.83;0;0;0;0;56;207;44;44;44;44;44;1243;363;966;4.1;22.7;63.0;14.4;5.5;76.7;0.2275;0.0309;0.1000;0.7000;
635.08;0;0;0;0;56;207;44;44;44;44;44;1247;363;966;4.1;22.7;61.5;14.4;5.5;76.7;0.2235;0.0466;0.1000;1.3250;
635.33;0;0;0;0;56;207;43;44;44;44;44;1246;364;966;4.1;22.7;59.5;14.4;5.5;76.7;0.2157;0.0595;0.0750;1.6750;
635.58;0;0;0;0;56;207;44;45;44;44;44;1249;364;966;4.1;23.6;48.0;14.4;5.5;76.7;0.1961;0.0791;0.1000;1.6750;
635.83;0;0;0;0;56;207;43;45;44;45;44;1248;364;966;4.0;25.0;39.5;14.4;5.5;76.7;0.1882;0.0796;0.0000;2.5250;
636.08;0;0;0;0;56;207;44;45;43;45;44;1248;364;966;4.0;25.0;38.5;14.4;5.5;76.7;0.1882;0.0794;-0.0250;1.8500;
636.33;0;0;0;0;56;207;43;45;43;44;44;1248;364;966;3.9;26.8;38.0;14.4;5.5;76.7;0.1882;0.0796;-0.0750;1.8000;
636.58;0;0;0;0;56;207;43;44;43;44;44;1247;364;966;3.8;28.5;39.5;14.4;5.5;76.7;0.1961;0.0794;-0.0250;1.9500;
636.83;0;0;0;0;56;207;43;45;43;44;44;1248;364;966;3.8;28.5;40.0;14.4;5.5;76.7;0.1961;0.0763;0.0000;1.8750;
637.08;0;0;0;0;56;207;44;44;44;44;44;1246;364;966;3.8;29.9;41.0;14.4;5.5;76.7;0.1961;0.0528;-0.0500;1.0000;
637.35;0;0;0;0;56;207;44;44;44;44;44;1247;364;966;3.8;29.9;42.0;14.4;5.5;76.7;0.1961;0.0288;0.0250;0.2500;
637.60;0;0;0;0;56;207;44;44;44;44;44;1247;364;966;3.8;31.5;43.0;14.4;5.5;76.7;0.1922;0.0062;0.0500;102.2250;
637.85;0;0;0;0;56;207;44;44;44;44;44;1246;364;966;3.7;31.3;38.5;14.4;5.5;76.7;0.1882;0.0051;0.0000;0.0750;
638.10;0;0;0;0;56;207;44;44;44;44;44;1245;364;966;3.7;31.3;39.5;14.4;5.5;76.7;0.1922;0.0052;0.0000;0.0000;
638.35;0;0;0;0;56;207;44;44;44;44;44;1251;364;966;3.6;31.0;42.0;14.4;5.5;76.7;0.1961;0.0049;-0.0750;0.1250;
638.60;0;0;0;0;56;207;44;44;44;44;44;1252;364;966;3.5;31.7;43.0;14.4;5.5;76.7;0.1961;0.0000;0.0000;102.2750;
638.85;0;0;0;0;56;207;44;44;44;44;44;1247;364;966;3.5;31.7;42.5;14.4;5.5;76.7;0.1961;0.0001;-0.1000;102.0250;
639.10;0;0;0;0;56;207;44;44;44;44;44;1243;364;966;3.6;31.0;41.0;14.4;5.5;76.7;0.1961;-0.0100;-0.0750;101.9250;
639.35;0;0;0;0;56;207;44;44;44;44;44;1241;364;966;3.6;31.0;41.5;14.4;5.5;76.7;0.1961;-0.0206;-0.1000;101.6000;
639.60;0;0;0;0;56;207;44;43;44;43;44;1239;364;966;3.6;30.3;41.5;14.4;5.5;76.7;0.1961;-0.0371;-0.1000;101.3500;
639.85;0;0;0;0;56;207;44;43;44;43;44;1238;364;966;3.6;30.3;41.0;14.4;5.5;76.7;0.1961;-0.0389;-0.0750;101.4750;
640.10;0;0;0;0;56;207;44;43;44;43;44;1233;364;966;3.7;29.2;41.5;14.4;5.5;76.7;0.1922;-0.0464;-0.0500;101.2250;
640.35;0;0;0;0;56;207;44;43;44;43;43;1229;364;966;3.7;29.2;41.0;14.4;5.5;76.7;0.1961;-0.0551;-0.1500;100.9750;
640.60;0;0;0;0;56;207;44;43;44;43;44;1231;364;966;3.8;27.3;42.0;14.4;5.5;76.7;0.1961;-0.0702;-0.0500;100.8500;
640.85;0;0;0;0;56;207;44;43;44;43;44;1230;364;966;3.8;26.0;42.0;14.4;5.5;76.7;0.1961;-0.0824;-0.0500;100.4250;
641.10;0;0;0;0;56;207;44;43;44;43;43;1229;364;966;3.8;26.0;42.5;14.4;5.5;76.7;0.2039;-0.0828;-0.1000;100.5250;
641.35;0;0;0;0;56;207;44;43;44;43;43;1231;364;966;3.9;24.4;57.0;14.4;5.5;76.7;0.2431;-0.0822;-0.0500;100.3750;
641.60;0;0;0;0;57;207;44;43;44;43;44;1249;364;966;3.9;22.7;85.5;14.4;5.5;76.7;0.3020;-0.0764;0.1500;100.5500;
641.85;0;0;0;0;57;207;45;43;45;44;44;1247;364;966;3.9;22.7;107.5;14.5;5.5;76.7;0.3020;-0.0755;0.2500;100.4500;
642.10;0;0;0;0;57;207;45;44;45;44;44;1261;364;966;3.9;22.4;112.0;14.5;5.5;76.7;0.3020;-0.0762;0.4000;100.3500;
642.36;0;0;0;0;57;207;45;44;45;45;45;1282;364;966;3.9;22.4;112.0;14.5;5.5;76.7;0.2980;-0.0895;0.5000;99.9000;
642.61;0;0;0;0;57;207;46;45;46;45;45;1292;364;966;3.9;22.3;110.5;14.5;5.5;76.7;0.2980;-0.0890;0.4250;99.8750;
642.86;0;0;0;0;57;207;46;45;46;45;46;1297;364;966;3.8;20.7;109.5;14.4;5.5;76.7;0.2941;-0.0888;0.4000;99.8750;
643.11;0;0;0;0;57;207;46;45;46;45;46;1304;364;966;3.8;20.7;108.0;14.4;5.5;76.7;0.2902;-0.0877;0.3250;99.8750;
643.36;0;0;0;0;57;207;47;46;47;46;46;1308;364;966;3.6;20.2;102.0;14.4;5.5;76.7;0.2745;-0.0857;0.2500;99.7250;
643.61;0;0;0;0;57;207;47;46;47;46;47;1321;364;966;3.6;20.2;95.0;14.4;5.5;76.7;0.2667;-0.0849;0.2500;99.9250;
643.86;0;0;0;0;57;207;47;46;47;46;47;1327;364;966;3.5;19.7;86.0;14.4;5.5;76.7;0.2588;-0.0847;0.2250;99.9250;
644.11;0;0;0;0;57;207;47;46;47;46;47;1328;364;966;3.5;19.7;84.0;14.4;5.5;76.7;0.2588;-0.0833;0.1750;99.9000;
644.36;0;0;0;0;57;207;47;46;47;46;47;1332;364;966;3.5;19.0;81.5;14.4;5.5;76.7;0.2549;-0.0764;0.1000;99.9750;
644.61;0;0;0;0;57;207;47;46;47;46;47;1326;364;966;3.4;18.7;81.5;14.4;5.5;76.7;0.2549;-0.0740;0.0250;100.0750;
644.86;0;0;0;0;57;207;47;46;47;46;47;1327;364;966;3.4;18.7;83.0;14.4;5.5;76.7;0.2667;-0.0623;0.0000;100.5750;
645.11;0;0;0;0;57;207;47;47;47;47;47;1332;364;966;3.4;18.5;88.5;14.4;5.5;76.7;0.2863;-0.0435;0.0250;101.2000;
645.36;0;0;0;0;57;207;47;47;47;47;47;1339;364;966;3.4;18.5;111.0;14.4;5.5;76.7;0.3373;-0.0136;0.0750;101.5000;
645.61;0;0;0;0;57;207;47;47;47;47;47;1339;364;966;3.4;18.5;126.5;14.4;5.5;76.7;0.3373;-0.0028;0.0500;101.9500;
645.86;0;0;0;0;57;207;47;48;48;47;47;1341;364;966;3.5;19.1;132.0;14.4;5.5;76.7;0.3294;0.0079;0.1500;101.9750;
646.11;0;0;0;0;57;207;47;48;48;48;48;1343;364;966;3.5;19.1;130.0;14.4;5.5;76.7;0.3216;0.0117;0.1750;102.2250;
646.36;0;0;0;0;57;207;48;48;48;48;48;1354;364;966;3.6;19.8;122.5;14.4;5.5;76.7;0.3098;0.0202;0.1000;0.2750;
646.61;0;0;0;0;57;207;48;48;48;48;48;1354;364;966;3.6;20.0;115.0;14.4;5.5;76.7;0.2863;0.0320;0.1250;0.7750;
646.86;0;0;0;0;57;207;47;48;47;48;48;1351;364;966;3.6;20.0;85.5;14.4;5.5;76.7;0.2510;0.0392;0.0500;1.1750;
647.11;0;0;0;0;57;207;47;48;47;48;48;1349;364;966;3.6;21.4;76.0;14.4;5.5;76.7;0.2510;0.0409;-0.0750;1.3000;
647.38;0;0;0;0;57;207;47;48;47;48;48;1344;364;966;3.6;21.4;82.5;14.4;5.5;76.7;0.2863;0.0512;-0.2250;1.0750;
647.63;0;0;0;0;57;207;47;48;47;48;47;1343;364;966;3.6;23.2;99.0;14.4;5.5;76.7;0.3216;0.0590;-0.1250;1.6250;
647.88;0;0;0;0;57;207;47;48;47;48;47;1343;364;966;3.6;23.2;124.5;14.4;5.5;76.7;0.3412;0.0638;0.0000;1.8000;
648.13;0;0;0;0;57;207;47;48;47;48;47;1345;364;966;3.7;24.0;134.5;14.4;5.5;76.7;0.3412;0.0710;-0.0500;2.0250;
648.38;0;0;0;0;57;207;47;48;47;48;47;1341;364;966;3.7;24.0;141.5;14.4;5.5;76.7;0.3529;0.0842;-0.0250;2.2750;
648.63;0;0;0;0;57;207;47;48;47;48;47;1339;364;966;3.6;25.9;147.5;14.4;5.5;76.7;0.3765;0.0880;0.0250;2.4750;
648.88;0;0;0;0;57;207;47;48;47;48;47;1345;364;966;3.6;27.7;169.0;14.4;5.5;76.7;0.4078;0.0900;0.0250;2.7250;
649.13;0;0;0;0;57;207;47;48;47;48;48;1350;364;966;3.6;27.7;181.5;14.4;5.5;76.7;0.4157;0.0913;0.0000;2.5250;
649.38;0;0;0;0;57;207;47;48;47;48;48;1348;364;966;3.6;29.2;215.5;14.4;5.5;76.7;0.4784;0.0880;0.0500;2.5250;
649.63;0;0;0;0;57;207;47;48;48;48;48;1354;364;966;3.5;31.1;229.5;14.4;5.5;76.7;0.4824;0.0837;0.1250;2.1500;
649.88;0;0;0;0;57;207;48;49;48;49;48;1364;364;966;3.5;31.1;241.5;14.4;5.5;76.7;0.4863;0.0758;0.1750;2.0000;
650.13;0;0;0;0;57;207;48;49;48;49;49;1373;364;966;3.4;31.9;248.5;14.4;5.5;76.7;0.5020;0.0672;0.3750;1.7500;
650.38;0;0;0;0;57;207;49;49;49;49;49;1396;364;966;3.4;31.9;259.0;14.4;5.5;76.7;0.5176;0.0470;0.4500;1.4250;
650.63;0;0;0;0;58;207;49;50;49;50;50;1405;364;966;3.3;32.1;260.0;14.4;5.5;76.7;0.5255;0.0389;0.5750;0.8500;
650.88;0;0;0;0;58;207;50;51;50;50;50;1430;364;966;3.2;32.5;263.5;14.4;5.5;76.7;0.5333;0.0336;0.5750;0.8500;
651.13;0;0;0;0;58;207;51;51;51;51;51;1441;364;966;3.2;32.5;262.5;14.4;5.5;76.7;0.5294;0.0314;0.6500;0.8000;
651.38;0;0;0;0;58;207;52;52;51;52;52;1467;364;966;3.2;32.1;264.5;14.4;5.5;76.7;0.5373;0.0199;0.7250;0.4500;
651.63;0;0;0;0;58;207;52;53;53;53;52;1478;364;966;3.2;31.0;266.5;14.4;5.5;76.7;0.5412;0.0198;0.7000;0.1500;
651.88;0;0;0;0;58;207;53;53;53;53;53;1504;364;966;3.2;31.0;266.5;14.4;5.5;76.7;0.5412;0.0189;0.7500;102.3250;
652.13;0;0;0;0;58;207;54;54;54;54;54;1515;364;966;3.2;31.0;265.5;14.4;5.5;76.7;0.5412;0.0189;0.7000;0.2500;
652.39;0;0;0;0;58;207;54;55;54;54;54;1539;364;966;3.2;30.6;266.0;14.4;5.5;76.7;0.5412;0.0186;0.7250;0.6000;
652.64;0;0;0;0;58;207;55;55;55;55;55;1553;364;966;3.2;29.6;266.0;14.4;5.5;76.7;0.5451;0.0181;0.7000;0.5000;
652.89;0;0;0;0;58;207;55;56;55;56;56;1572;364;966;3.2;29.6;264.5;14.4;5.5;76.7;0.5412;0.0180;0.6500;0.4750;
653.14;0;0;0;0;58;207;56;57;56;56;56;1590;364;966;3.2;28.4;264.5;14.4;5.5;76.7;0.5412;0.0172;0.7250;0.6500;
653.39;0;0;0;0;58;207;57;57;57;57;57;1615;364;966;3.2;27.3;263.5;14.4;5.5;76.7;0.5412;0.0133;0.7250;0.3250;
653.64;0;0;0;0;58;207;57;58;57;58;58;1625;364;966;3.2;27.3;263.5;14.4;5.5;76.7;0.5412;0.0125;0.6750;0.4750;
653.89;0;0;0;0;58;207;58;58;58;58;58;1648;364;966;3.2;26.0;262.5;14.4;5.5;76.7;0.5412;0.0091;0.6750;0.0000;
654.14;0;0;0;0;58;207;59;59;59;59;59;1659;364;966;3.2;26.0;263.0;14.4;5.5;76.7;0.5412;0.0007;0.6750;102.1750;
654.39;0;0;0;0;58;207;59;59;60;59;59;1681;364;966;3.2;24.9;262.0;14.4;5.5;76.7;0.5412;-0.0016;0.6500;102.0000;
654.64;0;0;0;0;58;207;60;60;60;60;60;1694;364;966;3.2;24.1;261.5;14.4;5.5;76.7;0.5373;-0.0029;0.6500;102.3750;
654.89;0;0;0;0;58;207;60;61;61;60;61;1714;364;966;3.2;24.1;260.0;14.5;5.5;76.7;0.5373;-0.0079;0.6500;102.0000;
655.14;0;0;0;0;58;207;61;61;61;61;61;1726;364;966;3.2;23.4;259.5;14.5;5.5;76.7;0.5373;-0.0104;0.5750;101.9000;
655.39;0;0;0;0;58;207;62;62;62;62;62;1746;364;966;3.2;23.1;259.0;14.4;5.5;76.7;0.5373;-0.0107;0.6000;101.9250;
655.64;0;0;0;0;59;207;62;62;62;62;63;1763;364;966;3.2;23.1;256.5;14.4;5.5;76.7;0.5333;-0.0102;0.6500;101.9250;
655.89;0;0;0;0;59;207;63;63;63;63;63;1779;364;966;3.2;22.4;255.0;14.4;5.5;76.7;0.5294;-0.0099;0.5750;101.6500;
656.14;0;0;0;0;59;207;64;64;64;64;64;1795;364;966;3.2;22.4;253.5;14.4;5.5;76.7;0.5255;-0.0091;0.6750;101.8500;
656.39;0;0;0;0;59;207;64;64;64;64;64;1821;364;966;3.2;22.3;251.5;14.4;5.5;76.7;0.5255;-0.0056;0.6750;101.9750;
656.64;0;0;0;0;59;207;65;65;65;65;65;1836;364;966;3.2;22.3;251.5;14.4;5.5;76.7;0.5255;-0.0049;0.7250;102.1500;
656.89;0;0;0;0;59;207;66;65;65;65;66;1856;364;966;3.2;22.1;251.0;14.4;5.5;76.7;0.5216;-0.0043;0.7000;101.9500;
657.14;0;0;0;0;59;207;66;67;66;66;66;1868;364;966;3.2;22.1;250.0;14.4;5.5;76.7;0.5176;-0.0041;0.7000;0.0500;
657.41;0;0;0;0;59;207;67;67;67;67;67;1894;364;966;3.2;21.9;247.5;14.4;5.5;76.7;0.5176;-0.0031;0.7250;0.0250;
657.66;0;0;0;0;59;207;68;68;68;68;68;1915;364;966;3.2;21.6;246.0;14.4;5.5;76.7;0.5176;-0.0021;0.7250;0.1500;
657.91;0;0;0;0;59;207;68;68;68;68;68;1932;364;966;3.2;21.6;244.0;14.4;5.5;76.7;0.5137;-0.0021;0.7500;0.1250;
658.16;0;0;0;0;59;207;69;69;69;69;69;1953;364;966;3.2;21.8;243.0;14.4;5.5;76.7;0.5020;0.0018;0.7250;0.1250;
658.41;0;0;0;0;59;207;69;70;70;70;70;1936;364;966;3.2;21.8;163.5;14.4;5.5;76.7;0.1569;0.0020;0.7000;0.2250;
658.66;1;0;0;0;60;207;69;69;69;69;69;1777;364;966;3.2;21.8;-34.5;14.4;5.5;76.7;0.0000;0.0020;0.1000;0.4000;
658.91;1;0;0;0;60;207;69;69;69;69;69;1535;364;966;3.2;22.5;-36.5;14.4;5.5;76.7;0.0000;0.0020;-0.2000;0.2750;
659.16;1;0;0;0;60;207;69;69;69;69;69;1522;364;966;3.2;22.5;218.5;14.4;5.5;76.7;0.4745;-0.0008;-0.3500;0.1250;
659.41;0;0;0;0;60;207;69;69;69;69;69;1561;364;966;3.2;23.6;232.5;14.4;5.5;76.7;0.4863;-0.0025;-0.0500;0.1000;
659.66;0;0;0;0;60;207;69;69;69;69;70;1576;364;966;3.2;23.6;244.0;14.4;5.5;76.7;0.5020;-0.0049;0.3500;0.0000;
659.91;0;0;0;0;60;207;70;70;70;70;70;1588;364;966;3.2;23.6;243.5;14.5;5.5;76.7;0.4980;-0.0066;0.4500;102.2000;
660.16;0;0;0;0;60;207;71;71;71;70;71;1602;364;966;3.3;24.1;243.5;14.5;5.5;76.7;0.4980;-0.0080;0.5500;102.2250;
660.41;0;0;0;0;60;207;71;71;71;71;71;1612;364;966;3.3;24.1;243.5;14.5;5.5;76.7;0.4980;-0.0092;0.5500;102.1250;
660.66;0;0;0;0;60;207;72;72;72;72;72;1629;364;966;3.3;24.2;243.0;14.5;5.5;76.7;0.4980;-0.0095;0.6000;102.1750;
660.91;0;0;0;0;60;207;72;72;72;72;72;1636;364;966;3.3;24.2;243.0;14.5;5.5;76.7;0.4980;-0.0091;0.5750;102.2250;
661.16;0;0;0;0;60;207;73;73;73;73;73;1655;364;966;3.3;24.2;242.5;14.5;5.5;76.7;0.4980;-0.0077;0.6750;102.2500;
661.41;0;0;0;0;60;207;74;73;74;73;74;1664;364;966;3.3;24.3;242.0;14.5;5.5;76.7;0.4980;-0.0074;0.6000;102.2000;
661.66;0;0;0;0;61;207;74;74;74;74;74;1683;366;966;3.3;24.3;242.0;14.5;5.5;76.7;0.4980;-0.0074;0.6500;102.3000;
661.91;0;0;0;0;61;207;75;75;75;75;75;1695;366;966;3.3;24.5;241.0;14.5;5.5;76.7;0.4941;-0.0074;0.7250;102.2750;
662.16;0;0;0;0;61;207;76;76;76;76;76;1714;366;966;3.3;24.5;240.0;14.5;5.5;76.7;0.4941;-0.0080;0.7250;102.2000;
662.42;0;0;0;0;61;207;76;76;77;76;77;1729;366;966;3.3;24.4;239.0;14.5;5.5;76.7;0.4941;-0.0104;0.7000;102.0500;
662.67;0;0;0;0;61;207;77;77;77;77;77;1744;366;966;3.3;24.2;235.0;14.5;5.5;76.7;0.4863;-0.0115;0.7000;102.2000;
662.92;0;0;0;0;61;207;78;78;78;78;78;1755;366;966;3.3;24.2;231.5;14.5;5.5;76.7;0.4824;-0.0151;0.6750;101.2000;
663.17;0;0;0;0;61;207;78;78;78;78;78;1773;366;966;3.3;24.0;227.0;14.5;5.5;76.7;0.4784;-0.0170;0.6500;101.3000;
663.42;0;0;0;0;61;207;79;79;79;79;79;1783;366;966;3.3;22.8;226.5;14.4;5.5;76.7;0.4784;-0.0172;0.7000;101.5500;
663.67;0;0;0;0;61;207;80;80;80;79;80;1790;366;966;3.3;22.8;173.5;14.4;5.5;76.7;0.1412;-0.0193;0.7250;101.3750;
663.92;1;0;0;0;61;207;80;80;80;79;80;1745;366;966;3.2;22.6;-41.5;14.4;5.5;76.7;0.0000;-0.0193;0.2750;101.7500;
664.17;1;0;0;0;61;207;80;79;79;79;80;1398;366;966;3.2;22.6;-36.0;14.4;5.5;76.7;0.0000;-0.0193;0.0000;101.4250;
664.42;1;0;0;0;61;207;79;79;79;79;79;1426;366;966;3.2;22.8;110.0;14.4;5.5;76.7;0.3804;-0.0193;-0.1500;101.3250;
664.67;0;0;0;0;62;207;80;80;80;79;80;1474;366;964;3.2;22.8;211.5;14.4;5.5;76.7;0.4471;-0.0194;0.0500;101.5750;
664.92;0;0;0;0;62;207;80;80;80;80;80;1486;366;964;3.3;22.8;208.0;14.4;5.5;76.7;0.4392;-0.0189;0.2500;101.3250;
665.17;0;0;0;0;62;207;81;80;81;81;81;1501;366;966;3.3;22.8;178.5;14.4;5.5;76.7;0.3961;-0.0162;0.4250;101.6750;
665.42;0;0;0;0;62;207;81;81;81;81;81;1505;366;964;3.4;22.6;177.0;14.4;5.5;76.7;0.3922;-0.0153;0.4500;101.7500;
665.67;0;0;0;0;62;207;82;81;81;81;82;1513;366;964;3.4;22.9;159.0;14.5;5.5;76.7;0.3686;-0.0151;0.4250;101.4750;
665.92;0;0;0;0;62;207;82;82;82;82;82;1519;366;964;3.4;22.9;148.5;14.5;5.5;76.7;0.3490;-0.0151;0.4250;101.8000;
666.17;0;0;0;0;62;207;82;82;82;82;82;1526;366;966;3.5;22.5;133.0;14.5;5.5;76.7;0.3255;-0.0183;0.3750;101.5000;
666.42;0;0;0;0;62;207;82;82;82;82;83;1529;366;964;3.5;22.6;115.5;14.4;5.5;76.7;0.3020;-0.0180;0.3250;101.5500;
666.67;0;0;0;0;62;207;83;83;83;82;83;1539;366;964;3.5;22.6;87.5;14.4;5.5;76.7;0.2588;-0.0214;0.3500;101.6250;
666.92;0;0;0;0;62;207;83;83;83;82;83;1539;366;964;3.5;22.9;80.0;14.4;5.5;76.7;0.2549;-0.0232;0.2250;100.7750;
667.17;0;0;0;0;62;207;83;83;83;83;83;1542;366;964;3.5;22.9;77.0;14.4;5.5;76.7;0.2510;-0.0216;0.2500;100.8000;
667.44;0;0;0;0;62;207;84;83;83;83;83;1549;366;966;3.6;22.4;76.5;14.4;5.5;76.7;0.2510;-0.0186;0.2000;101.4000;
667.69;0;0;0;0;62;207;83;83;83;83;83;1547;366;964;3.7;22.7;77.5;14.4;5.5;76.7;0.2510;-0.0180;0.1250;101.5250;
667.94;0;0;0;0;63;207;84;84;84;83;84;1552;366;966;3.7;22.7;77.0;14.4;5.5;76.7;0.2549;-0.0180;0.1750;101.7000;
668.19;0;0;0;0;63;207;84;84;84;84;84;1555;366;966;3.8;23.2;76.5;14.4;5.5;76.7;0.2510;-0.0140;0.1500;101.4750;
668.44;0;0;0;0;63;207;84;84;84;84;84;1562;366;966;3.9;22.8;76.5;14.4;5.5;76.7;0.2510;-0.0082;0.1500;102.0750;
668.69;0;0;0;0;63;207;84;84;84;84;84;1565;366;966;3.9;22.8;76.5;14.4;5.5;76.7;0.2510;-0.0074;0.1750;102.1500;
668.94;0;0;0;0;63;207;84;84;84;84;85;1565;366;966;3.9;22.8;76.5;14.4;5.5;76.7;0.2510;-0.0064;0.2250;0.0750;
669.19;0;0;0;0;63;207;84;85;84;85;85;1568;366;966;3.9;23.1;75.0;14.4;5.5;76.7;0.2510;0.0049;0.1500;0.1000;
669.44;0;0;0;0;63;207;85;85;84;85;85;1573;366;966;4.0;24.2;75.0;14.4;5.5;76.7;0.2510;0.0067;0.1000;0.4750;
669.69;0;0;0;0;63;207;84;85;84;85;85;1573;366;966;4.0;24.2;74.5;14.4;5.5;76.7;0.2510;0.0104;0.1250;0.4000;
669.94;0;0;0;0;63;207;84;85;85;85;85;1570;366;966;4.0;24.3;76.0;14.4;5.5;76.7;0.2510;0.0170;0.0750;1.1000;
670.19;0;0;0;0;63;207;85;85;85;85;85;1573;366;966;4.0;25.1;78.0;14.4;5.5;76.7;0.2549;0.0236;0.0250;1.3500;
670.44;0;0;0;0;63;207;84;85;85;85;85;1577;366;964;4.0;25.1;78.0;14.5;5.5;76.7;0.2549;0.0246;0.0000;1.6250;
670.69;0;0;0;0;63;207;85;85;85;85;85;1578;366;966;4.0;26.5;78.0;14.5;5.5;76.7;0.2549;0.0246;0.0000;1.1750;
670.94;0;0;0;0;63;207;85;85;85;85;85;1578;366;966;4.0;26.5;80.5;14.5;5.5;76.7;0.2627;0.0257;0.1000;1.6250;
671.19;0;0;0;0;63;207;85;85;85;85;85;1571;366;966;3.9;27.4;79.5;14.5;5.5;76.7;0.2549;0.0326;0.0000;2.0500;
671.44;0;0;0;0;63;207;85;85;85;85;85;1579;366;966;3.9;28.6;76.5;14.5;5.5;76.7;0.2588;0.0330;0.0250;2.5750;
671.69;0;0;0;0;63;207;85;85;84;85;85;1581;366;966;3.9;28.6;81.0;14.5;5.5;76.7;0.2627;0.0343;0.0500;1.6750;
671.94;0;0;0;0;63;207;84;85;85;85;85;1576;366;966;3.8;30.2;84.5;14.5;5.5;76.7;0.2667;0.0374;-0.1000;2.1750;
672.19;0;0;0;0;63;207;84;85;84;85;85;1574;366;964;3.7;31.2;88.5;14.4;5.5;76.7;0.2745;0.0380;-0.1000;2.4000;
672.45;0;0;0;0;64;207;84;85;84;85;85;1573;366;964;3.7;31.2;92.5;14.4;5.5;76.7;0.2784;0.0380;-0.0750;2.3500;
672.70;0;0;0;0;64;207;84;85;84;85;85;1573;366;966;3.6;32.8;94.0;14.4;5.5;76.7;0.2863;0.0382;-0.0750;2.5250;
672.95;0;0;0;0;64;207;84;85;84;85;85;1573;366;966;3.6;32.8;111.5;14.4;5.5;76.7;0.3412;0.0410;-0.1000;2.5250;
673.20;0;0;0;0;64;207;84;85;84;85;85;1577;366;966;3.5;34.3;131.5;14.4;5.5;76.7;0.3569;0.0410;0.0250;3.0500;
673.45;0;0;0;0;64;207;84;85;84;85;85;1572;366;966;3.5;34.3;152.0;14.4;5.5;76.7;0.3725;0.0409;0.0250;2.7500;
673.70;0;0;0;0;64;207;84;85;84;85;85;1571;366;966;3.3;34.9;151.5;14.4;5.5;76.7;0.3569;0.0400;-0.0500;2.8250;
673.95;0;0;0;0;64;207;84;85;84;85;85;1574;366;964;3.3;34.9;149.5;14.4;5.5;76.7;0.3608;0.0372;0.0250;2.8250;
674.20;0;0;0;0;64;207;84;85;84;85;85;1578;366;964;3.2;36.1;150.0;14.4;5.5;76.7;0.3608;0.0371;0.0000;1.9750;
674.45;0;0;0;0;64;207;84;85;84;85;85;1573;366;966;3.2;36.9;151.0;14.4;5.5;76.7;0.3647;0.0371;-0.1000;2.4750;
674.70;0;0;0;0;64;207;84;85;84;85;85;1572;366;966;3.2;36.9;154.5;14.4;5.5;76.7;0.3804;0.0380;-0.0750;2.1250;
674.95;0;0;0;0;64;207;84;85;84;85;85;1575;366;966;3.2;36.3;170.0;14.4;5.5;76.7;0.4039;0.0415;-0.1000;2.4250;
675.20;0;0;0;0;64;207;84;85;84;85;85;1578;366;966;3.2;37.2;185.5;14.4;5.5;76.7;0.4275;0.0415;0.0000;2.7500;
675.45;0;0;0;0;64;207;84;85;84;85;85;1577;366;966;3.2;37.2;203.0;14.4;5.5;76.7;0.4392;0.0409;-0.0250;2.7500;
675.70;0;0;0;0;64;207;84;85;84;85;85;1575;366;966;3.2;37.8;207.0;14.4;5.5;76.7;0.4471;0.0404;0.0500;2.4500;
675.95;0;0;0;0;64;207;84;85;84;85;85;1578;366;966;3.2;37.8;209.0;14.4;5.5;76.7;0.4471;0.0410;0.0500;2.6250;
676.20;0;0;0;0;64;207;84;85;85;85;85;1579;366;966;3.2;37.4;212.0;14.4;5.5;76.7;0.4510;0.0409;0.0500;2.8250;
676.45;0;0;0;0;64;207;85;86;85;85;85;1582;366;966;3.2;38.1;216.5;14.4;5.5;76.7;0.4667;0.0402;0.0750;2.6750;
676.70;0;0;0;0;64;207;85;86;85;86;85;1582;366;966;3.2;38.1;227.5;14.4;5.5;76.7;0.4824;0.0400;0.1000;2.6250;
676.95;0;0;0;0;65;207;85;86;85;86;86;1584;366;966;3.2;37.8;237.0;14.4;5.5;76.7;0.4863;0.0393;0.1250;2.5000;
677.20;0;0;0;0;65;207;85;86;85;86;86;1587;366;966;3.2;37.8;237.0;14.4;5.5;76.7;0.4863;0.0387;0.1250;2.5250;
677.47;0;0;0;0;65;207;85;86;85;86;86;1593;366;964;3.2;37.2;237.0;14.4;5.5;76.7;0.4863;0.0362;0.1500;2.3750;
677.72;0;0;0;0;65;207;85;86;86;86;86;1594;366;966;3.2;37.2;237.0;14.4;5.5;76.7;0.4824;0.0348;0.1500;2.1500;
677.97;0;0;0;0;65;207;86;86;86;86;86;1599;366;966;3.2;37.5;235.5;14.4;5.5;76.7;0.4824;0.0295;0.1500;2.0500;
678.22;0;0;0;0;65;207;86;87;86;87;86;1598;366;964;3.2;36.9;235.0;14.4;5.5;76.7;0.4824;0.0260;0.2000;1.3500;
678.47;0;0;0;0;65;207;86;87;86;86;87;1602;366;964;3.2;36.9;235.0;14.4;5.5;76.7;0.4824;0.0224;0.1500;1.7000;
678.72;0;0;0;0;65;207;86;87;86;87;87;1609;366;964;3.2;36.3;233.0;14.4;5.5;76.7;0.4784;0.0222;0.1500;1.2250;
678.97;0;0;0;0;65;207;87;87;87;87;87;1615;366;966;3.2;36.3;232.0;14.4;5.5;76.7;0.4784;0.0232;0.1500;1.3000;
679.22;0;0;0;0;65;207;87;87;87;87;87;1617;366;966;3.2;36.1;231.0;14.4;5.5;76.7;0.4784;0.0222;0.2000;1.3500;
679.47;0;0;0;0;65;207;87;87;87;87;87;1621;366;964;3.2;35.1;229.0;14.4;5.5;76.7;0.4745;0.0153;0.1750;1.1750;
679.72;0;0;0;0;65;207;87;88;87;87;88;1620;366;964;3.2;35.1;224.0;14.4;5.5;76.7;0.4667;0.0062;0.2000;0.2500;
679.97;0;0;0;0;65;207;88;88;87;87;88;1626;366;964;3.2;34.3;213.5;14.4;5.5;76.7;0.4392;-0.0074;0.1500;102.1250;
680.22;0;0;0;0;65;207;88;88;88;88;88;1628;366;964;3.2;33.1;188.5;14.4;5.5;76.7;0.4157;-0.0138;0.1500;101.5250;
680.47;0;0;0;0;65;207;88;87;88;87;88;1628;366;964;3.2;33.1;181.5;14.4;5.5;76.7;0.4039;-0.0146;0.0750;101.3250;
680.72;0;0;0;0;65;207;88;88;88;87;88;1627;366;964;3.2;31.1;166.0;14.4;5.5;76.7;0.3765;-0.0162;0.0750;101.1750;
680.97;0;0;0;0;65;207;88;88;88;88;88;1631;366;964;3.2;31.1;156.5;14.4;5.5;76.7;0.3725;-0.0175;-0.0500;101.2500;
681.22;0;0;0;0;65;207;88;87;88;88;88;1628;366;964;3.2;29.8;151.0;14.4;5.5;76.7;0.3569;-0.0180;0.0000;101.4250;
681.47;0;0;0;0;65;207;88;87;88;87;88;1629;366;964;3.2;29.8;137.0;14.4;5.5;76.7;0.3412;-0.0189;-0.1000;101.0750;
681.72;0;0;0;0;65;207;88;88;88;87;88;1630;366;964;3.2;28.4;134.0;14.4;5.5;76.7;0.3373;-0.0206;-0.1000;100.9000;
681.97;0;0;0;0;66;207;88;88;88;87;88;1629;366;964;3.2;28.4;125.5;14.4;5.5;76.7;0.3255;-0.0255;-0.0750;100.7000;
682.22;0;0;0;0;66;207;88;87;88;87;88;1622;366;964;3.2;26.5;123.5;14.4;5.5;76.7;0.3216;-0.0265;-0.0250;100.4250;
682.48;0;0;0;0;66;207;88;87;88;87;88;1622;366;964;3.2;25.2;121.0;14.4;5.5;76.7;0.3176;-0.0267;-0.1750;100.4750;
682.73;0;0;0;0;66;207;87;87;87;87;88;1621;366;964;3.2;25.2;117.5;14.4;5.5;76.7;0.3137;-0.0268;-0.1000;100.6750;
682.98;0;0;0;0;66;207;88;87;87;87;88;1619;366;964;3.2;24.2;117.0;14.4;5.5;76.7;0.3137;-0.0268;-0.0750;100.4250;
683.23;0;0;0;0;66;207;87;87;87;87;87;1620;366;964;3.2;22.9;115.5;14.4;5.5;76.7;0.3137;-0.0267;-0.1250;100.5250;
683.48;0;0;0;0;66;207;87;87;87;87;87;1616;366;964;3.2;22.9;114.5;14.4;5.5;76.7;0.3098;-0.0267;-0.0750;100.5500;
683.73;0;0;0;0;66;207;87;87;87;87;87;1621;366;964;3.2;22.1;114.0;14.4;5.5;76.7;0.3137;-0.0265;-0.0500;100.5250;
683.98;0;0;0;0;66;207;87;87;87;87;87;1621;366;964;3.2;20.8;113.5;14.4;5.5;76.7;0.3098;-0.0268;-0.0750;100.5500;
684.23;0;0;0;0;66;207;87;87;87;87;87;1616;366;964;3.2;20.8;114.5;14.4;5.5;76.7;0.3098;-0.0264;-0.0250;100.5750;
684.48;0;0;0;0;66;207;87;87;87;87;87;1617;366;964;3.2;20.6;115.0;14.4;5.5;76.7;0.3137;-0.0257;0.0250;100.6250;
684.73;0;0;0;0;66;207;87;87;87;87;87;1617;366;964;3.2;20.6;115.0;14.4;5.5;76.7;0.3098;-0.0234;-0.0750;101.0250;
684.98;0;0;0;0;66;207;87;87;87;87;87;1616;366;964;3.2;20.7;114.5;14.4;5.5;76.7;0.3098;-0.0270;-0.0500;100.5500;
685.23;0;0;0;0;66;207;87;87;87;87;87;1618;366;964;3.2;20.3;113.0;14.4;5.5;76.7;0.3137;-0.0260;0.0250;100.6500;
685.48;0;0;0;0;66;207;87;87;87;87;87;1623;366;964;3.2;20.3;113.0;14.4;5.5;76.7;0.3098;-0.0257;0.0250;101.0000;
685.73;0;0;0;0;66;207;87;87;87;87;87;1625;366;964;3.2;20.3;114.5;14.4;5.5;76.7;0.3098;-0.0246;0.0500;100.9000;
685.98;0;0;0;0;66;207;88;87;87;87;88;1627;366;964;3.2;20.4;114.0;14.4;5.5;76.7;0.3098;-0.0220;0.0500;101.0000;
686.23;0;0;0;0;66;207;88;87;87;87;88;1623;366;964;3.2;20.4;115.5;14.4;5.5;76.7;0.3137;-0.0216;0.0500;101.0500;
686.48;0;0;0;0;66;207;88;87;88;87;88;1629;366;964;3.2;20.4;114.5;14.4;5.5;76.7;0.3137;-0.0216;0.0750;100.9500;
686.73;0;0;0;0;67;207;88;88;88;87;88;1626;366;964;3.2;20.8;114.5;14.4;5.5;76.7;0.3098;-0.0212;0.0750;101.2000;
686.98;0;0;0;0;67;207;88;88;88;88;88;1631;366;964;3.3;20.8;115.0;14.4;5.5;76.7;0.3137;-0.0181;0.1000;101.1750;
687.23;0;0;0;0;67;207;88;88;88;88;88;1631;366;964;3.3;20.8;114.0;14.4;5.5;76.7;0.3098;-0.0180;0.1000;101.2750;
687.50;0;0;0;0;67;207;88;89;88;88;88;1635;366;964;3.3;21.1;115.0;14.4;5.5;76.7;0.3098;-0.0172;0.1250;101.2750;
687.75;0;0;0;0;67;207;88;88;88;88;88;1639;366;964;3.3;21.1;114.5;14.4;5.5;76.7;0.3098;-0.0166;0.1250;101.4000;
688.00;0;0;0;0;67;207;89;88;89;88;89;1645;366;964;3.4;21.4;113.5;14.4;5.5;76.7;0.3098;-0.0133;0.1500;101.4000;
688.25;0;0;0;0;67;207;89;89;89;89;89;1649;366;964;3.4;21.6;113.5;14.4;5.5;76.7;0.3137;-0.0114;0.2250;101.6000;
688.50;0;0;0;0;67;207;89;89;89;89;89;1656;366;964;3.4;21.6;114.5;14.4;5.5;76.7;0.3137;-0.0104;0.2250;101.8500;
688.75;0;0;0;0;67;207;89;89;89;89;89;1658;366;964;3.5;22.0;113.0;14.4;5.5;76.7;0.3098;-0.0102;0.1750;101.7250;
689.00;0;0;0;0;67;207;89;89;89;89;90;1664;366;964;3.5;22.4;113.0;14.4;5.5;76.7;0.3098;-0.0127;0.2000;101.6500;
689.25;0;0;0;0;67;207;90;90;90;90;90;1666;366;964;3.5;22.4;112.0;14.4;5.5;76.7;0.3059;-0.0132;0.2250;101.5000;
689.50;0;0;0;0;67;207;90;90;90;90;90;1671;366;964;3.6;22.6;111.0;14.4;5.5;76.7;0.3020;-0.0141;0.2000;101.5750;
689.75;0;0;0;0;67;207;90;90;90;90;90;1671;366;964;3.6;22.6;83.0;14.4;5.5;76.7;0.2510;-0.0153;0.2000;101.4750;
690.00;0;0;0;0;67;207;91;90;90;90;90;1677;366;964;3.6;22.8;67.5;14.4;5.5;76.7;0.2392;-0.0150;0.2250;101.4000;
690.25;0;0;0;0;67;207;91;90;90;90;91;1679;366;964;3.6;22.8;67.0;14.4;5.5;76.7;0.2392;-0.0146;0.1250;101.3750;
690.50;0;0;0;0;67;207;90;90;91;90;91;1679;366;964;3.6;23.2;66.0;14.4;5.5;76.7;0.2392;-0.0150;0.1250;101.5000;
690.75;0;0;0;0;67;207;91;91;91;90;91;1685;366;964;3.6;23.2;65.0;14.4;5.5;76.7;0.2353;-0.0150;0.1250;101.7000;
691.00;0;0;0;0;67;207;91;90;91;91;91;1687;366;964;3.6;23.0;65.5;14.4;5.5;76.7;0.2353;-0.0175;0.0750;101.3750;
691.25;0;0;0;0;67;207;91;90;91;91;91;1687;366;964;3.7;23.7;65.5;14.4;5.5;76.7;0.2392;-0.0175;0.0250;101.2000;
691.50;0;0;0;0;67;207;91;91;91;90;91;1688;366;964;3.7;23.7;67.5;14.4;5.5;76.7;0.2392;-0.0163;0.0500;101.2500;
691.75;0;0;0;0;68;207;91;91;91;91;91;1690;366;964;3.7;23.7;67.0;14.4;5.5;76.7;0.2392;-0.0146;0.1000;101.4750;
692.00;0;0;0;0;68;207;91;91;91;91;91;1690;366;964;3.6;23.2;67.5;14.4;5.5;76.7;0.2392;-0.0140;0.0500;101.4750;
692.25;0;0;0;0;68;207;91;91;91;91;91;1690;366;964;3.6;23.2;67.0;14.4;5.5;76.7;0.2392;-0.0148;0.0500;101.5000;
692.51;0;0;0;0;68;207;92;91;91;91;91;1695;366;964;3.6;24.0;65.5;14.4;5.5;76.7;0.2392;-0.0164;0.0750;101.2000;
692.76;0;0;0;0;68;207;92;91;91;91;92;1694;366;964;3.6;24.0;58.5;14.4;5.5;76.7;0.1647;-0.0220;0.1000;101.0000;
693.01;0;0;0;0;68;207;92;91;91;91;91;1673;366;964;3.6;23.7;-13.5;14.4;5.5;76.7;0.0000;-0.0236;0.0250;100.9000;
693.26;0;0;0;0;68;207;91;91;91;91;91;1678;366;964;3.5;23.0;-33.0;14.4;5.5;76.7;0.0000;-0.0236;-0.1500;100.7500;
693.51;0;0;0;0;68;207;91;91;91;90;91;1682;366;964;3.5;23.0;-35.5;14.4;5.5;76.7;0.0000;-0.0236;-0.1750;100.7750;
693.76;0;0;0;0;68;207;91;90;90;90;91;1676;366;964;3.5;23.2;-36.5;14.4;5.5;76.7;0.0000;-0.0230;-0.2750;100.5250;
694.01;0;0;0;0;68;207;91;90;90;90;90;1672;366;964;3.5;23.2;-36.5;14.4;5.5;76.7;0.0000;-0.0230;-0.2750;100.6500;
694.26;0;0;0;0;68;207;90;90;90;90;90;1664;366;964;3.5;23.5;-36.0;14.4;5.5;76.7;0.0000;-0.0216;-0.3500;101.0500;
694.51;0;0;0;0;68;207;90;89;90;89;90;1665;366;964;3.5;23.5;-36.0;14.4;5.5;76.7;0.0000;-0.0228;-0.3500;100.8750;
694.76;0;0;0;0;68;207;90;90;89;89;90;1661;366;964;3.5;23.0;-36.0;14.4;5.5;76.7;0.0000;-0.0206;-0.2250;100.9000;
695.01;0;0;0;0;68;207;90;89;89;89;90;1657;366;964;3.5;22.9;-36.0;14.4;5.5;76.7;0.0000;-0.0220;-0.2000;100.7500;
695.26;0;0;0;0;68;207;89;89;89;89;89;1655;366;964;3.5;22.9;-36.0;14.4;5.5;76.7;0.0000;-0.0222;-0.2000;100.8750;
695.51;0;0;0;0;68;207;89;89;89;89;89;1653;366;964;3.4;22.9;-36.0;14.4;5.5;76.7;0.0000;-0.0236;-0.1750;101.1000;
695.76;0;0;0;0;68;207;89;88;89;89;89;1644;366;964;3.4;22.9;-36.0;14.4;5.5;76.7;0.0000;-0.0237;-0.2500;100.8000;
696.01;0;0;0;0;68;207;89;88;89;88;89;1645;366;964;3.4;23.0;-36.0;14.4;5.5;76.7;0.0000;-0.0232;-0.2000;100.8750;
696.26;0;0;0;0;68;207;89;88;89;88;89;1640;366;964;3.5;23.1;-36.0;14.4;5.5;76.7;0.0000;-0.0212;-0.2250;101.1500;
696.51;0;0;0;0;68;207;88;88;88;88;89;1640;368;964;3.5;23.1;-36.0;14.4;5.5;76.7;0.0000;-0.0211;-0.1500;101.0250;
696.76;0;0;0;0;68;207;89;88;89;88;89;1639;368;964;3.4;22.8;-36.0;14.4;5.5;76.7;0.0000;-0.0214;-0.0750;101.0500;
697.01;0;0;0;0;68;207;89;88;88;88;88;1637;368;964;3.5;22.9;-36.0;14.4;5.5;76.7;0.0000;-0.0229;-0.1000;101.2000;
697.26;0;0;0;0;68;207;88;88;88;88;88;1636;368;964;3.5;22.9;-36.0;14.4;5.5;76.7;0.0000;-0.0236;-0.1250;100.9250;
697.54;0;0;0;0;68;207;88;88;88;88;88;1636;368;964;3.5;23.3;-36.0;14.4;5.5;76.7;0.0000;-0.0252;-0.1250;100.8500;
697.79;0;0;0;0;68;207;88;88;88;87;88;1632;368;964;3.5;23.3;-36.0;14.4;5.5;76.7;0.0000;-0.0241;-0.1500;100.3250;
698.04;0;0;0;0;68;207;88;87;88;87;88;1631;368;964;3.5;23.3;-36.0;14.4;5.5;76.7;0.0000;-0.0225;-0.1000;101.0500;
698.29;0;0;0;0;68;207;88;88;88;87;88;1629;368;964;3.5;23.3;-36.0;14.4;5.5;76.7;0.0000;-0.0202;-0.0750;101.0750;
698.54;0;0;0;0;68;207;88;88;88;87;88;1629;368;964;3.5;23.1;-36.0;14.4;5.5;76.7;0.0000;-0.0204;-0.0250;101.1000;
698.79;0;0;0;0;68;207;88;88;88;88;88;1632;368;964;3.5;23.3;-36.0;14.4;5.5;76.7;0.0000;-0.0262;-0.0250;100.6750;
699.04;0;0;0;0;68;207;88;88;88;88;88;1633;368;964;3.5;23.3;-36.0;14.4;5.5;76.7;0.0000;-0.0262;0.0500;100.6000;
699.29;0;0;0;0;68;207;88;88;88;88;88;1633;368;964;3.5;23.5;-36.0;14.4;5.5;76.7;0.0000;-0.0260;0.0500;100.6000;
699.54;0;0;0;0;68;207;88;88;88;87;88;1631;368;964;3.5;23.5;-36.0;14.4;5.5;76.7;0.0000;-0.0259;-0.0250;100.6750;
699.79;0;0;0;0;68;207;88;88;88;88;88;1631;368;964;3.5;23.0;-36.0;14.4;5.5;76.7;0.0000;-0.0257;-0.0750;100.5250;
700.04;0;0;0;0;68;207;88;88;88;88;88;1635;368;964;3.5;23.1;-36.0;14.4;5.5;76.7;0.0000;-0.0255;0.0750;100.6000;
700.29;0;0;0;0;68;207;88;88;88;88;88;1633;368;966;3.5;23.1;-36.0;14.4;5.5;76.7;0.0000;-0.0259;0.0500;100.7250;
700.54;0;0;0;0;68;207;89;88;88;88;88;1634;368;966;3.4;23.2;-36.0;14.4;5.5;76.7;0.0000;-0.0255;-0.0500;100.8000;
700.79;0;0;0;0;68;207;88;88;88;88;88;1633;368;966;3.4;22.9;-36.0;14.4;5.5;76.7;0.0000;-0.0259;-0.0750;100.5750;
701.04;0;0;0;0;68;207;88;88;88;88;88;1633;368;964;3.4;22.9;-36.0;14.4;5.5;76.7;0.0000;-0.0257;0.0000;100.7000;
701.29;0;0;0;0;68;207;89;88;88;88;88;1634;368;966;3.4;22.9;-36.0;14.4;5.5;76.7;0.0000;-0.0259;-0.0250;100.4750;
701.54;0;0;0;0;68;207;88;88;88;88;88;1635;368;966;3.4;22.9;-36.0;14.4;5.5;76.7;0.0000;-0.0259;0.0500;100.5750;
701.79;0;0;0;0;68;207;89;88;88;88;88;1637;368;966;3.3;22.8;-36.0;14.4;5.5;76.7;0.0000;-0.0257;0.0750;100.5250;
702.04;0;0;0;0;68;207;89;88;88;88;89;1636;368;966;3.3;22.8;-36.0;14.4;5.5;76.7;0.0000;-0.0249;0.0500;101.0000;
702.29;0;0;0;0;68;207;89;88;88;88;88;1641;368;966;3.3;22.8;-36.0;14.4;5.5;76.7;0.0000;-0.0246;0.0500;100.8500;
702.56;0;0;0;0;68;207;88;88;88;88;88;1639;368;966;3.3;22.8;-36.0;14.4;5.5;76.7;0.0000;-0.0260;0.0000;100.6250;
702.81;0;0;0;0;68;207;89;88;88;88;88;1637;368;966;3.3;23.0;-36.0;14.4;5.5;76.7;0.0000;-0.0257;-0.0500;100.6250;
703.06;0;0;0;0;68;207;88;88;88;88;88;1636;368;966;3.3;22.9;-36.0;14.4;5.5;76.7;0.0000;-0.0255;-0.0750;100.6750;
703.31;0;0;0;0;68;207;88;88;88;88;88;1637;368;966;3.3;22.9;-36.0;14.4;5.5;76.7;0.0000;-0.0252;-0.0500;100.7250;
703.56;0;0;0;0;68;207;88;88;88;88;88;1636;368;966;3.3;22.9;-36.0;14.4;5.5;76.7;0.0000;-0.0260;-0.0500;100.7000;
703.81;0;0;0;0;68;207;89;88;88;88;88;1636;368;966;3.4;23.2;-36.0;14.4;5.5;76.7;0.0000;-0.0260;-0.0500;100.5500;
704.06;0;0;0;0;68;207;89;88;88;88;88;1637;368;966;3.4;23.2;-36.0;14.4;5.5;76.7;0.0000;-0.0259;-0.0250;100.7000;
704.31;0;0;0;0;68;207;88;88;88;88;88;1634;368;966;3.4;23.0;-36.0;14.4;5.5;76.7;0.0000;-0.0257;-0.0500;100.6250;
704.56;0;0;0;0;68;207;88;88;88;88;88;1629;368;966;3.4;23.0;-36.0;14.4;5.5;76.7;0.0000;-0.0252;-0.1500;100.8500;
704.81;0;0;0;0;68;207;88;88;88;87;88;1629;368;966;3.4;23.0;-36.0;14.4;5.5;76.7;0.0000;-0.0255;-0.2250;100.8000;
705.06;0;0;0;0;68;207;88;87;88;87;88;1629;368;966;3.5;23.3;-36.0;14.4;5.5;76.7;0.0000;-0.0259;-0.1500;100.4750;
705.31;0;0;0;0;68;207;88;87;88;87;88;1625;368;966;3.5;23.3;-36.0;14.4;5.5;76.7;0.0000;-0.0260;-0.1250;100.8000;
705.56;0;0;0;0;68;207;88;87;88;87;88;1621;368;966;3.5;22.9;-36.0;14.4;5.5;76.7;0.0000;-0.0250;-0.1500;100.8500;
705.81;0;0;0;0;68;207;88;87;87;87;88;1624;368;966;3.5;23.2;-36.0;14.4;5.5;76.7;0.0000;-0.0249;-0.1500;100.8500;
706.06;0;0;0;0;68;207;87;87;87;87;87;1620;368;966;3.5;23.2;-36.0;14.4;5.5;76.7;0.0000;-0.0249;-0.1750;100.9750;
706.31;0;0;0;0;68;207;87;87;87;87;87;1613;368;966;3.6;23.3;-36.0;14.4;5.5;76.7;0.0000;-0.0249;-0.1750;101.3250;
706.56;0;0;0;0;68;207;87;87;87;86;87;1613;368;966;3.6;23.3;-36.0;14.4;5.5;76.7;0.0000;-0.0234;-0.1500;100.6750;
706.81;0;0;0;0;68;207;87;87;87;87;87;1610;368;966;3.6;23.1;-36.0;14.4;5.5;76.7;0.0000;-0.0232;-0.1750;101.2750;
707.06;0;0;0;0;68;207;87;87;87;86;87;1610;368;966;3.6;23.1;-36.0;14.4;5.5;76.7;0.0000;-0.0236;-0.1500;100.9750;
707.31;0;0;0;0;68;207;87;86;87;86;87;1605;368;966;3.6;23.1;-36.0;14.4;5.5;76.7;0.0000;-0.0238;-0.1750;100.9500;
707.57;0;0;0;0;68;207;86;86;86;86;87;1603;368;966;3.6;23.3;-36.0;14.4;5.5;76.7;0.0000;-0.0273;-0.1750;100.2250;
707.82;0;0;0;0;68;207;86;86;86;86;86;1596;368;966;3.6;23.3;-36.0;14.4;5.5;76.7;0.0000;-0.0249;-0.2250;100.7750;
708.07;0;0;0;0;68;207;86;86;86;85;86;1593;368;966;3.6;22.9;-36.0;14.4;5.5;76.7;0.0000;-0.0241;-0.2500;100.9000;
708.32;0;0;0;0;68;207;86;85;86;86;86;1590;368;966;3.6;22.9;-36.0;14.4;5.5;76.7;0.0000;-0.0241;-0.1750;100.7500;
708.57;0;0;0;0;68;207;86;85;86;85;86;1585;368;966;3.6;23.1;-36.0;14.4;5.5;76.7;0.0000;-0.0241;-0.2500;101.0250;
708.82;0;0;0;0;68;207;85;85;85;85;85;1583;368;966;3.6;23.5;-36.0;14.4;5.5;76.7;0.0000;-0.0247;-0.2750;100.8000;
709.07;0;0;0;0;68;207;85;85;85;84;85;1573;368;966;3.6;23.5;-36.0;14.4;5.5;76.7;0.0000;-0.0262;-0.3750;100.9500;
709.32;0;0;0;0;68;207;85;84;85;84;85;1572;368;966;3.6;23.0;-36.0;14.4;5.5;76.7;0.0000;-0.0264;-0.2750;100.5750;
709.57;0;0;0;0;68;207;85;84;84;84;85;1563;368;966;3.5;23.2;-36.0;14.4;5.5;76.7;0.0000;-0.0260;-0.3250;100.8750;
709.82;0;0;0;0;68;207;84;84;84;83;84;1563;368;966;3.5;23.2;-35.5;14.4;5.5;76.7;0.0000;-0.0252;-0.3750;100.8750;
710.07;0;0;0;0;68;207;84;84;84;83;84;1552;368;966;3.5;23.3;-35.5;14.4;5.5;76.7;0.0000;-0.0238;-0.3750;100.9750;
710.32;0;0;0;0;68;207;84;83;83;83;84;1551;368;966;3.5;23.3;-35.5;14.4;5.5;76.7;0.0000;-0.0236;-0.3500;101.0250;
710.57;0;0;0;0;68;207;83;83;83;83;83;1542;368;966;3.5;23.0;-35.5;14.4;5.5;76.7;0.0000;-0.0236;-0.3500;100.8750;
710.82;0;0;0;0;68;207;83;82;83;82;83;1537;368;966;3.5;23.0;-35.5;14.4;5.5;76.7;0.0000;-0.0236;-0.4000;101.0500;
711.07;0;0;0;0;68;207;83;82;82;82;83;1530;368;966;3.5;23.2;-35.5;14.4;5.5;76.7;0.0000;-0.0247;-0.3750;100.9750;
711.32;0;0;0;0;68;207;82;82;82;82;82;1526;368;966;3.5;23.2;-35.5;14.4;5.5;76.7;0.0000;-0.0286;-0.3500;100.6500;
711.57;0;0;0;0;68;207;82;82;82;81;82;1516;368;966;3.5;23.3;-35.5;14.4;5.5;76.7;0.0000;-0.0313;-0.4000;100.2500;
711.82;0;0;0;0;68;207;82;81;81;81;82;1511;368;966;3.5;22.9;-35.5;14.4;5.5;76.7;0.0000;-0.0334;-0.4250;100.3250;
712.07;0;0;0;0;68;207;81;81;81;81;81;1503;368;966;3.5;22.9;-35.0;14.4;5.5;76.7;0.0000;-0.0343;-0.3750;100.1500;
712.32;0;0;0;0;68;207;81;80;81;80;81;1500;368;966;3.4;22.9;-35.0;14.4;5.5;76.7;0.0000;-0.0357;-0.4750;100.1500;
712.59;0;0;0;0;68;207;81;80;80;80;80;1488;368;966;3.4;22.7;-35.0;14.4;5.5;76.7;0.0000;-0.0354;-0.4750;100.1250;
712.84;0;0;0;0;68;207;80;80;80;80;80;1484;368;966;3.4;22.7;-35.0;14.4;5.5;76.7;0.0000;-0.0346;-0.4000;100.2250;
713.09;0;0;0;0;68;207;80;80;80;79;80;1480;368;966;3.4;21.9;-35.0;14.4;5.5;76.7;0.0000;-0.0338;-0.3250;100.3250;
713.34;0;0;0;0;68;207;79;79;79;79;79;1472;368;966;3.4;21.9;-35.0;14.4;5.5;76.7;0.0000;-0.0318;-0.4000;100.4750;
713.59;0;0;0;0;68;207;79;79;79;79;79;1468;368;966;3.4;22.0;-35.0;14.4;5.5;76.7;0.0000;-0.0238;-0.3750;100.7000;
713.84;0;0;0;0;68;207;79;79;79;78;79;1465;368;966;3.4;22.4;-35.0;14.4;5.5;76.7;0.0000;-0.0206;-0.3250;101.4000;
714.09;0;0;0;0;68;207;78;78;78;78;79;1456;368;966;3.4;22.4;-35.0;14.4;5.5;76.7;0.0000;-0.0175;-0.3750;101.6250;
714.34;0;0;0;0;68;207;78;78;78;78;78;1449;368;966;3.4;22.2;-35.0;14.4;5.5;76.7;0.0000;-0.0074;-0.4500;0.1750;
714.59;0;0;0;0;68;207;77;78;77;77;78;1440;368;966;3.5;23.1;-35.0;14.4;5.5;76.7;0.0000;0.0091;-0.4500;0.1500;
714.84;0;0;0;0;68;207;77;77;77;77;77;1436;368;966;3.5;23.1;-34.5;14.4;5.5;76.7;0.0000;0.0204;-0.3500;1.1500;
715.09;0;0;0;0;68;207;77;77;77;77;77;1431;368;966;3.5;23.1;-34.5;14.4;5.5;76.7;0.0000;0.0288;-0.3750;1.7250;
715.34;0;0;0;0;68;207;76;77;76;77;77;1423;368;966;3.6;24.1;-34.5;14.4;5.5;76.7;0.0000;0.0321;-0.4000;1.9250;
715.59;0;0;0;0;68;207;76;77;76;76;77;1417;368;966;3.6;25.7;-34.5;14.4;5.5;76.7;0.0000;0.0361;-0.3750;2.0500;
715.84;0;0;0;0;68;207;76;76;75;76;76;1413;368;966;3.6;25.7;-34.5;14.4;5.5;76.7;0.0000;0.0400;-0.3500;2.2500;
716.09;0;0;0;0;68;207;75;76;75;76;76;1406;368;966;3.5;27.8;-34.5;14.4;5.5;76.7;0.0000;0.0420;-0.3750;2.5250;
716.34;0;0;0;0;68;207;75;76;75;76;76;1401;368;966;3.5;27.8;-34.5;14.4;5.5;76.7;0.0000;0.0420;-0.3750;2.3000;
716.59;0;0;0;0;68;207;74;76;74;75;75;1392;368;966;3.5;29.7;-34.5;14.4;5.5;76.7;0.0000;0.0445;-0.4000;2.5250;
716.84;0;0;0;0;68;207;74;75;74;75;75;1389;368;966;3.5;31.7;-34.5;14.4;5.5;76.7;0.0000;0.0468;-0.3250;2.6000;
717.09;0;0;0;0;68;207;74;75;74;75;75;1387;368;966;3.5;31.7;-34.5;14.4;5.5;76.7;0.0000;0.0466;-0.2750;2.5750;
717.34;0;0;0;0;68;207;74;75;74;74;74;1380;368;966;3.5;33.9;-34.5;14.4;5.5;76.7;0.0000;0.0451;-0.3250;2.4500;
717.60;0;0;0;0;67;207;73;75;73;74;74;1373;368;966;3.5;35.9;-34.5;14.4;5.5;76.7;0.0000;0.0446;-0.3250;2.2000;
717.85;0;0;0;0;67;207;73;74;73;74;74;1366;368;966;3.5;35.9;-34.5;14.4;5.5;76.7;0.0000;0.0458;-0.2750;2.2750;
718.10;0;0;0;0;67;207;73;74;73;74;74;1373;368;966;3.5;37.2;-14.0;14.4;5.5;76.7;0.1529;0.0430;-0.2500;2.4250;
718.35;0;0;0;0;67;207;73;74;73;74;74;1383;368;966;3.5;37.2;26.0;14.4;5.5;76.7;0.2235;0.0391;-0.1500;1.9500;
718.60;0;0;0;0;67;207;73;74;73;73;73;1375;368;966;3.5;38.9;47.5;14.4;5.5;76.7;0.2235;0.0402;-0.2000;1.7000;
718.85;0;0;0;0;67;207;73;74;73;74;73;1360;368;966;3.3;39.4;46.0;14.4;5.5;76.7;0.1961;0.0417;-0.1000;2.2750;
719.10;0;0;0;0;67;207;73;73;73;74;74;1363;368;966;3.3;39.4;39.5;14.4;5.5;76.7;0.1843;0.0428;0.0250;2.1000;
719.35;0;0;0;0;67;207;73;74;73;74;74;1367;368;966;3.3;39.4;34.0;14.4;5.5;76.7;0.1804;0.0417;0.0250;2.1750;
719.60;0;0;0;0;67;207;73;74;73;74;74;1365;368;966;3.2;39.7;35.0;14.4;5.5;76.7;0.1882;0.0420;0.0000;2.1250;
719.85;0;0;0;0;67;207;73;74;73;74;73;1365;368;966;3.2;39.9;39.0;14.4;5.5;76.7;0.2039;0.0451;-0.0750;2.2500;
720.10;0;0;0;0;67;207;73;74;73;74;74;1368;368;966;3.2;39.9;49.0;14.4;5.5;76.7;0.2431;0.0496;-0.0250;2.7750;
720.35;0;0;0;0;67;207;73;74;73;74;74;1369;368;966;3.2;39.3;77.5;14.4;5.5;76.7;0.2588;0.0536;0.0000;2.8250;
720.60;0;0;0;0;67;207;73;74;73;74;74;1372;368;966;3.2;40.0;82.5;14.4;5.5;76.7;0.2627;0.0533;0.1000;3.0750;
720.85;0;0;0;0;67;207;73;74;73;74;74;1372;368;966;3.2;40.0;85.5;14.4;5.5;76.7;0.2627;0.0533;0.1000;2.9000;
721.10;0;0;0;0;67;207;73;75;73;74;74;1375;368;966;3.2;40.0;82.5;14.4;5.5;76.7;0.2549;0.0530;0.1500;3.0000;
721.35;0;0;0;0;67;207;74;75;74;75;74;1382;368;966;3.2;40.0;78.5;14.4;5.5;76.7;0.2549;0.0499;0.1750;2.6750;
721.60;0;0;0;0;67;207;74;75;74;75;74;1381;368;966;3.2;39.6;78.5;14.4;5.5;76.7;0.2510;0.0470;0.1000;2.6000;
721.85;0;0;0;0;67;207;74;75;74;75;75;1383;368;966;3.2;39.9;79.0;14.4;5.5;76.7;0.2510;0.0453;0.1000;2.5250;
722.10;0;0;0;0;67;207;74;75;74;75;75;1390;368;966;3.2;39.9;78.0;14.4;5.5;76.7;0.2510;0.0457;0.1500;2.4250;
722.35;0;0;0;0;67;207;74;76;74;75;75;1394;368;966;3.2;39.8;79.5;14.4;5.5;76.7;0.2510;0.0448;0.2250;2.6000;
722.62;0;0;0;0;67;207;75;75;75;75;75;1393;368;966;3.2;39.4;80.0;14.4;5.5;76.7;0.2549;0.0451;0.1250;2.3750;
722.87;0;0;0;0;67;207;74;76;75;76;75;1398;368;966;3.2;39.4;79.5;14.4;5.5;76.7;0.2549;0.0494;0.0500;2.5750;
723.12;0;0;0;0;67;207;75;76;75;76;75;1398;368;966;3.2;40.0;80.5;14.4;5.5;76.7;0.2588;0.0512;0.0750;2.9500;
723.37;0;0;0;0;67;207;75;76;75;76;76;1402;368;966;3.2;40.0;83.5;14.4;5.5;76.7;0.2667;0.0528;0.1250;2.9500;
723.62;0;0;0;0;67;207;75;76;75;76;76;1403;368;966;3.2;40.6;86.5;14.4;5.5;76.7;0.2706;0.0525;0.1250;2.8000;
723.87;0;0;0;0;67;207;75;76;75;76;76;1410;368;966;3.2;40.6;104.5;14.4;5.5;76.7;0.3333;0.0514;0.1250;2.9000;
724.12;0;0;0;0;67;207;76;77;76;76;76;1421;368;966;3.2;40.4;131.0;14.4;5.5;76.7;0.3686;0.0507;0.2000;3.1000;
724.37;0;0;0;0;67;207;76;77;76;77;76;1418;368;966;3.2;41.1;156.5;14.4;5.5;76.7;0.3765;0.0509;0.1750;2.7500;
724.62;0;0;0;0;67;207;76;77;76;77;77;1425;368;966;3.2;41.1;162.0;14.4;5.5;76.7;0.3804;0.0491;0.2500;2.5000;
724.87;0;0;0;0;67;207;77;77;76;77;77;1432;368;966;3.2;40.3;175.5;14.4;5.5;76.7;0.4078;0.0425;0.2500;2.4250;
725.12;0;0;0;0;67;207;77;78;77;78;77;1437;368;966;3.2;40.3;190.0;14.4;5.5;76.7;0.4196;0.0382;0.3500;2.0500;
725.37;0;0;0;0;67;207;77;78;77;78;78;1441;368;966;3.2;40.0;197.0;14.4;5.5;76.7;0.4275;0.0415;0.3250;2.1500;
725.62;0;0;0;0;67;207;78;78;78;78;78;1448;368;966;3.2;39.3;196.0;14.4;5.5;76.7;0.4235;0.0489;0.3500;2.5750;
725.87;0;0;0;0;67;207;78;78;78;79;78;1455;368;966;3.2;39.3;195.5;14.4;5.5;76.7;0.4235;0.0486;0.2250;2.3750;
726.12;0;0;0;0;67;207;78;79;78;79;79;1457;368;966;3.2;39.1;196.5;14.4;5.5;76.7;0.4235;0.0458;0.1250;1.8000;
726.37;0;0;0;0;67;207;78;79;78;79;79;1465;368;966;3.2;39.5;195.5;14.4;5.5;76.7;0.4275;0.0387;0.3500;2.0750;
726.62;0;0;0;0;67;207;79;80;79;79;79;1471;368;966;3.2;39.5;197.0;14.4;5.5;76.7;0.4275;0.0445;0.3250;2.2500;
726.87;0;0;0;0;67;207;79;80;79;80;80;1474;368;966;3.2;38.9;221.5;14.4;5.5;76.7;0.4784;0.0414;0.2750;2.7000;
727.12;0;0;0;0;67;207;79;80;80;80;80;1488;368;966;3.2;38.9;230.0;14.4;5.5;76.7;0.4784;0.0412;0.3750;2.1500;
727.37;0;0;0;0;67;207;80;81;80;80;80;1487;367;966;3.2;38.8;235.0;14.4;5.5;76.7;0.4824;0.0359;0.4000;2.1750;
727.63;0;0;0;0;67;207;80;81;80;81;81;1499;367;966;3.2;38.8;240.0;14.4;5.5;76.7;0.4863;0.0323;0.4750;1.5250;
727.88;0;0;0;0;67;207;81;81;81;81;81;1507;367;966;3.2;38.1;244.0;14.4;5.5;76.7;0.5020;0.0300;0.4000;1.4000;
728.13;0;0;0;0;67;207;81;82;81;82;82;1506;367;966;3.2;38.1;250.0;14.4;5.5;76.7;0.5020;0.0290;0.4000;1.3250;
728.38;0;0;0;0;68;207;81;82;82;82;82;1518;367;966;3.2;37.0;252.5;14.4;5.5;76.7;0.5137;0.0230;0.3250;1.0500;
728.63;0;0;0;0;68;207;82;82;82;82;82;1527;367;966;3.2;36.0;251.5;14.4;5.5;76.7;0.5098;0.0219;0.4250;0.9250;
728.88;0;0;0;0;68;207;82;83;83;83;83;1532;367;966;3.2;36.0;250.5;14.4;5.5;76.7;0.5020;0.0228;0.4500;1.4000;
729.13;0;0;0;0;68;207;83;83;83;83;83;1545;367;966;3.2;35.2;246.5;14.4;5.5;76.7;0.5020;0.0252;0.4250;1.1750;
729.38;0;0;0;0;68;207;83;84;83;83;83;1549;367;966;3.2;34.2;243.0;14.4;5.5;76.7;0.4941;0.0272;0.3500;1.6500;
729.63;0;0;0;0;68;207;84;84;83;84;84;1554;367;966;3.2;34.2;242.5;14.4;5.5;76.7;0.4941;0.0224;0.4250;1.3000;
729.88;0;0;0;0;68;207;84;84;84;84;84;1563;367;966;3.2;34.4;242.5;14.4;5.5;76.7;0.4941;0.0212;0.4500;0.5000;
730.13;0;0;0;0;68;207;85;85;85;85;85;1572;367;966;3.2;34.4;239.5;14.4;5.5;76.7;0.4902;0.0170;0.4250;0.9000;
730.38;0;0;0;0;68;207;85;85;85;85;85;1582;367;966;3.2;33.1;237.5;14.4;5.5;76.7;0.4902;0.0158;0.4000;0.7750;
730.63;0;0;0;0;68;207;85;86;85;86;86;1587;367;966;3.2;31.5;239.5;14.4;5.5;76.7;0.4902;0.0136;0.4500;0.5500;
730.88;0;0;0;0;68;207;85;86;86;86;86;1593;367;966;3.2;31.5;238.5;14.4;5.5;76.7;0.4863;0.0153;0.4500;0.7000;
731.13;0;0;0;0;68;207;86;86;86;87;86;1603;367;966;3.2;31.4;240.0;14.4;5.5;76.7;0.4902;0.0194;0.4500;1.0250;
731.38;0;0;0;0;68;207;86;87;86;87;87;1609;367;966;3.2;30.1;238.5;14.4;5.5;76.7;0.4863;0.0209;0.4000;0.7750;
731.63;0;0;0;0;68;207;87;87;87;87;87;1617;367;966;3.2;30.1;236.5;14.4;5.5;76.7;0.4863;0.0209;0.3500;1.0500;
731.88;0;0;0;0;68;207;87;88;87;87;87;1624;367;966;3.2;30.1;238.5;14.4;5.5;76.7;0.4902;0.0216;0.3250;1.1250;
732.13;0;0;0;0;68;207;87;88;87;88;88;1626;367;966;3.2;29.2;238.5;14.4;5.5;76.7;0.4902;0.0217;0.2250;0.9750;
732.38;0;0;0;0;68;207;87;88;87;88;88;1633;367;966;3.2;29.5;239.0;14.4;5.5;76.7;0.4902;0.0222;0.2250;1.2000;
732.65;0;0;0;0;68;207;88;88;88;88;88;1638;367;966;3.2;29.5;236.5;14.4;5.5;76.7;0.4863;0.0222;0.2250;1.1250;
732.90;0;0;0;0;68;207;88;89;88;88;88;1639;367;966;3.2;29.0;237.5;14.4;5.5;76.7;0.4863;0.0222;0.2250;1.1250;
733.15;0;0;0;0;68;207;88;89;88;89;89;1643;367;966;3.2;29.0;237.0;14.4;5.5;76.7;0.4902;0.0222;0.2500;1.3500;
733.40;0;0;0;0;68;207;88;89;89;89;89;1648;367;966;3.2;28.9;238.0;14.4;5.5;76.7;0.4902;0.0265;0.3250;1.3750;
733.65;0;0;0;0;68;207;89;89;89;89;89;1647;367;966;3.2;29.4;239.0;14.4;5.5;76.7;0.4902;0.0255;0.1750;1.3500;
733.90;0;0;0;0;68;207;89;89;89;89;89;1654;367;966;3.2;29.4;237.5;14.4;5.5;76.7;0.4902;0.0252;0.1500;1.2250;
734.15;0;0;0;0;68;207;89;89;89;89;89;1653;367;966;3.2;29.0;238.0;14.4;5.5;76.7;0.4902;0.0222;0.1250;1.4750;
734.40;0;0;0;0;68;207;89;90;89;90;90;1662;367;966;3.2;29.3;235.5;14.4;5.5;76.7;0.4863;0.0207;0.1750;0.7500;
734.65;0;0;0;0;68;207;90;90;89;90;90;1661;367;966;3.2;29.3;238.0;14.4;5.5;76.7;0.4902;0.0172;0.1500;0.7750;
734.90;0;0;0;0;69;207;89;90;89;90;90;1665;367;966;3.2;29.7;237.5;14.4;5.5;76.7;0.4902;0.0130;0.1750;0.6000;
735.15;0;0;0;0;69;207;90;90;90;90;90;1668;367;966;3.2;29.7;237.0;14.4;5.5;76.7;0.4902;0.0123;0.1000;0.7000;
735.40;0;0;0;0;69;207;90;90;90;90;90;1674;367;966;3.2;29.3;235.0;14.4;5.5;76.7;0.4863;0.0109;0.1000;0.3500;
735.65;0;0;0;0;69;207;90;90;90;91;90;1677;367;966;3.2;29.4;235.5;14.4;5.5;76.7;0.4863;0.0095;0.1250;0.1500;
735.90;0;0;0;0;69;207;90;90;90;90;91;1675;367;966;3.2;29.4;235.5;14.4;5.5;76.7;0.4863;0.0066;0.1500;0.4250;
736.15;0;0;0;0;69;207;90;91;90;90;91;1679;367;966;3.2;29.4;231.5;14.4;5.5;76.7;0.4824;0.0044;0.1250;0.2000;
736.40;0;0;0;0;69;207;90;90;91;91;91;1682;367;966;3.2;29.2;228.0;14.4;5.5;76.7;0.4745;0.0003;0.1250;102.2000;
736.65;0;0;0;0;69;207;91;91;91;91;91;1690;367;966;3.2;28.5;226.0;14.4;5.5;76.7;0.4745;-0.0022;0.1500;102.1500;
736.90;0;0;0;0;69;207;91;91;91;91;91;1686;367;966;3.2;28.5;224.5;14.4;5.5;76.7;0.4706;-0.0079;0.1500;101.4750;
737.15;0;0;0;0;69;207;91;91;91;91;91;1690;367;966;3.2;28.1;222.0;14.4;5.5;76.7;0.4667;-0.0080;0.1000;101.3750;
737.40;0;0;0;0;69;207;91;91;91;91;91;1692;367;966;3.2;27.6;221.5;14.4;5.5;76.7;0.4667;-0.0061;0.0750;101.9000;
737.66;0;0;0;0;69;207;91;91;91;91;91;1689;367;966;3.2;27.6;221.0;14.4;5.5;76.7;0.4667;-0.0041;0.0500;101.9500;
737.91;0;0;0;0;69;207;91;91;91;91;91;1698;367;966;3.2;26.4;220.0;14.4;5.5;76.7;0.4667;-0.0004;0.0750;0.0000;
738.16;0;0;0;0;69;207;92;92;91;92;92;1694;367;966;3.2;26.4;219.0;14.4;5.5;76.7;0.4667;0.0036;0.0500;0.0500;
738.41;0;0;0;0;69;207;91;92;91;92;92;1697;367;966;3.2;26.1;219.5;14.4;5.5;76.7;0.4667;0.0025;0.0500;0.0250;
738.66;0;0;0;0;69;207;91;92;92;91;92;1697;367;966;3.2;25.7;219.5;14.4;5.5;76.7;0.4667;0.0025;0.0500;0.1750;
738.91;0;0;0;0;69;207;91;92;91;91;92;1703;367;966;3.2;25.7;218.0;14.4;5.5;76.7;0.4667;0.0025;0.0000;102.1750;
739.16;0;0;0;0;69;207;92;92;92;92;92;1701;367;966;3.2;25.1;219.5;14.4;5.5;76.7;0.4667;-0.0070;0.0250;102.3000;
739.41;0;0;0;0;70;207;92;92;92;92;92;1704;367;966;3.2;25.1;219.5;14.4;5.5;76.7;0.4667;-0.0064;0.0500;101.9750;
739.66;0;0;0;0;70;207;92;92;92;92;92;1706;367;966;3.2;25.1;219.5;14.4;5.5;76.7;0.4667;-0.0062;0.0750;101.9000;
739.91;0;0;0;0;70;207;92;92;92;92;92;1704;367;966;3.2;24.8;219.0;14.4;5.5;76.7;0.4667;-0.0049;0.0500;101.8500;
740.16;0;0;0;0;70;207;92;92;92;92;92;1707;367;966;3.2;24.8;219.5;14.4;5.5;76.7;0.4667;-0.0004;0.0750;102.1500;
740.41;0;0;0;0;70;207;92;92;92;92;92;1709;367;966;3.2;24.4;219.0;14.4;5.5;76.7;0.4667;0.0000;0.0000;102.3000;
740.66;0;0;0;0;70;207;92;92;92;92;92;1711;367;966;3.2;24.4;219.0;14.4;5.5;76.7;0.4667;0.0003;0.0500;102.2250;
740.91;0;0;0;0;70;207;92;92;92;92;92;1716;367;966;3.2;24.6;219.0;14.4;5.5;76.7;0.4667;0.0004;0.0500;0.1250;
741.16;0;0;0;0;70;207;92;92;92;92;92;1714;367;966;3.2;24.6;218.5;14.4;5.5;76.7;0.4667;0.0003;0.0250;0.0750;
741.41;0;0;0;0;70;207;92;92;92;92;92;1712;367;966;3.2;24.9;217.0;14.4;5.5;76.7;0.4588;-0.0003;0.0250;101.9750;
741.66;0;0;0;0;70;207;92;92;92;92;93;1717;367;966;3.2;24.9;214.5;14.4;5.5;76.7;0.4588;-0.0003;0.0500;0.0750;
741.91;0;0;0;0;70;207;92;93;92;92;93;1717;367;966;3.2;24.9;213.0;14.4;5.5;76.7;0.4549;-0.0021;0.0750;102.2500;
742.16;0;0;0;0;70;207;93;92;92;92;93;1718;367;966;3.2;25.5;210.0;14.4;5.5;76.7;0.4510;-0.0041;0.0000;102.2000;
742.41;0;0;0;0;70;207;93;92;93;92;93;1723;367;966;3.2;25.4;209.5;14.4;5.5;76.7;0.4510;-0.0041;0.0250;102.0750;
742.68;0;0;0;0;70;207;92;92;93;93;93;1718;367;966;3.2;25.4;208.0;14.4;5.5;76.7;0.4471;-0.0034;0.0250;102.1750;
742.93;0;0;0;0;71;207;92;92;93;93;93;1716;367;966;3.2;24.9;207.0;14.4;5.5;76.7;0.4471;-0.0028;-0.0250;102.3750;
743.18;0;0;0;0;71;207;92;92;92;92;93;1719;367;966;3.2;25.0;204.5;14.4;5.5;76.7;0.4431;-0.0014;0.0250;102.3250;
743.43;0;0;0;0;71;207;93;92;92;93;93;1716;367;966;3.2;25.0;202.0;14.4;5.5;76.7;0.4353;-0.0016;0.0000;102.2750;
743.68;0;0;0;0;71;207;92;93;92;92;93;1717;367;966;3.2;25.1;188.5;14.4;5.5;76.7;0.4118;-0.0016;-0.0500;0.1750;
743.93;0;0;0;0;71;207;92;92;92;92;93;1717;367;966;3.2;25.1;180.0;14.4;5.5;76.7;0.4039;-0.0016;-0.0750;102.3750;
744.18;0;0;0;0;71;207;92;92;92;92;93;1716;367;966;3.2;25.2;165.5;14.4;5.5;76.7;0.3804;-0.0016;-0.1000;0.1000;
744.43;0;0;0;0;71;207;92;92;92;92;92;1714;367;966;3.2;25.2;161.5;14.4;5.5;76.7;0.3765;-0.0018;-0.1750;0.1750;
744.68;0;0;0;0;71;207;92;92;92;92;92;1708;367;966;3.2;25.5;155.0;14.4;5.5;76.7;0.3686;-0.0021;-0.2250;102.3750;
744.93;0;0;0;0;71;207;92;92;92;92;92;1704;367;966;3.2;25.5;149.0;14.4;5.5;76.7;0.3569;-0.0022;-0.2500;0.1000;
745.18;0;0;0;0;71;207;91;92;92;91;92;1699;367;966;3.2;25.6;141.0;14.4;5.5;76.7;0.3451;-0.0039;-0.1500;102.0750;
745.43;0;0;0;0;71;207;91;91;91;91;92;1696;367;966;3.2;25.6;138.0;14.4;5.5;76.7;0.3451;-0.0041;-0.2000;0.1250;
745.68;0;0;0;0;71;207;91;91;91;91;91;1694;367;966;3.2;25.6;135.0;14.4;5.5;76.7;0.3412;-0.0047;-0.2250;102.3000;
745.93;0;0;0;0;71;207;91;91;91;91;91;1689;367;966;3.2;25.8;134.5;14.4;5.5;76.7;0.3412;-0.0047;-0.2500;102.3000;
746.18;0;0;0;0;72;207;91;91;91;91;91;1686;367;966;3.2;25.8;135.0;14.4;5.5;76.7;0.3412;-0.0039;-0.2750;102.3500;
746.43;0;0;0;0;72;207;90;90;90;90;91;1679;367;966;3.2;25.8;136.0;14.4;5.5;76.7;0.3412;-0.0034;-0.2750;0.0000;
746.68;0;0;0;0;72;207;90;90;90;90;91;1674;367;966;3.2;25.8;135.5;14.4;5.5;76.7;0.3412;-0.0011;-0.2500;102.2750;
746.93;0;0;0;0;72;207;90;90;90;90;90;1670;367;966;3.2;25.8;135.5;14.4;5.5;76.7;0.3412;-0.0003;-0.3250;0.1500;
747.18;0;0;0;0;72;207;90;90;90;90;90;1669;367;966;3.2;26.4;135.5;14.4;5.5;76.7;0.3451;0.0013;-0.2250;0.1500;
747.43;0;0;0;0;72;207;89;90;89;90;90;1663;367;966;3.2;26.4;136.5;14.4;5.5;76.7;0.3451;0.0025;-0.2250;0.0250;
747.69;0;0;0;0;72;207;89;90;89;89;90;1658;367;966;3.2;26.4;137.0;14.4;5.5;76.7;0.3451;0.0029;-0.2250;0.5250;
747.94;0;0;0;0;72;207;89;89;89;89;89;1654;367;966;3.2;26.5;137.5;14.4;5.5;76.7;0.3451;0.0033;-0.2500;0.3750;
748.19;0;0;0;0;72;207;89;89;89;89;89;1650;367;966;3.2;27.1;138.0;14.4;5.5;76.7;0.3451;0.0033;-0.3250;0.2750;
748.44;0;0;0;0;72;207;88;89;88;89;89;1645;367;966;3.2;27.1;138.5;14.4;5.5;76.7;0.3451;0.0025;-0.3250;0.1250;
748.69;0;0;0;0;72;207;88;89;88;88;89;1639;367;966;3.2;27.1;137.5;14.4;5.5;76.7;0.3451;-0.0003;-0.3250;0.0000;
748.94;0;0;0;0;72;207;88;88;88;88;88;1634;367;966;3.2;27.1;137.5;14.4;5.5;76.7;0.3451;-0.0013;-0.3250;0.1250;
749.19;0;0;0;0;72;207;88;88;88;88;88;1631;367;966;3.2;27.0;139.0;14.4;5.5;76.7;0.3490;-0.0025;-0.3250;102.2000;
749.44;0;0;0;0;72;207;87;87;88;87;88;1624;367;966;3.2;27.0;139.0;14.4;5.5;76.7;0.3451;-0.0036;-0.3250;102.2750;
749.69;0;0;0;0;72;207;87;87;87;87;88;1623;367;964;3.2;27.2;137.5;14.4;5.5;76.7;0.3451;-0.0047;-0.2500;102.2000;
749.94;0;0;0;0;72;207;87;87;87;87;87;1620;367;964;3.2;27.2;144.5;14.4;5.5;76.7;0.3804;-0.0059;-0.2500;102.1250;
750.19;0;0;0;0;72;207;87;87;87;87;87;1615;367;964;3.2;27.1;163.0;14.4;5.5;76.7;0.4118;-0.0075;-0.2500;102.0500;
750.44;0;0;0;0;73;207;87;87;87;87;87;1614;367;964;3.2;26.9;193.5;14.4;5.5;76.7;0.4275;-0.0074;-0.1750;101.9750;
750.69;0;0;0;0;73;207;87;87;87;87;87;1611;367;964;3.2;26.9;193.0;14.4;5.5;76.7;0.4235;-0.0074;-0.1250;101.9250;
750.94;0;0;0;0;73;207;87;86;87;86;87;1608;367;964;3.2;26.8;190.5;14.4;5.5;76.7;0.4196;-0.0074;-0.1250;101.6250;
751.19;0;0;0;0;73;207;87;86;87;87;87;1612;367;964;3.2;26.4;190.5;14.4;5.5;76.7;0.4196;-0.0070;-0.1000;102.1500;
751.44;0;0;0;0;73;207;86;86;86;87;87;1607;367;964;3.2;26.4;188.5;14.4;5.5;76.7;0.4157;-0.0070;-0.1000;101.9500;
751.69;0;0;0;0;73;207;86;86;86;86;87;1603;367;964;3.2;26.3;187.5;14.4;5.5;76.7;0.4157;-0.0070;-0.1000;102.2250;
751.94;0;0;0;0;73;207;86;86;86;86;87;1603;367;964;3.2;26.3;187.0;14.4;5.5;76.7;0.4157;-0.0069;-0.1000;102.2750;
752.19;0;0;0;0;73;207;86;87;86;86;87;1602;367;964;3.2;26.0;188.0;14.4;5.5;76.7;0.4157;-0.0066;-0.0750;102.2000;
752.44;0;0;0;0;73;207;86;86;86;86;87;1605;367;964;3.2;25.5;187.5;14.4;5.5;76.7;0.4157;-0.0064;-0.1000;102.0500;
752.71;0;0;0;0;73;207;86;86;86;86;87;1606;367;964;3.2;25.5;188.5;14.4;5.5;76.7;0.4157;-0.0057;-0.0500;102.1250;
752.96;0;0;0;0;73;207;86;87;86;86;87;1604;367;964;3.2;25.5;188.5;14.4;5.5;76.7;0.4157;-0.0031;-0.0500;102.2000;
753.21;0;0;0;0;73;207;86;86;86;86;87;1603;367;964;3.2;25.4;189.0;14.4;5.5;76.7;0.4196;-0.0022;-0.0500;102.3250;
753.46;0;0;0;0;73;207;86;86;86;86;86;1600;367;964;3.2;25.3;188.5;14.4;5.5;76.7;0.4157;-0.0018;-0.0750;0.0250;
753.71;0;0;0;0;73;207;86;86;86;86;86;1601;367;964;3.2;25.3;188.0;14.4;5.5;76.7;0.4157;-0.0018;-0.0750;102.2250;
753.96;0;0;0;0;73;207;86;86;86;86;86;1602;367;964;3.2;25.2;187.5;14.4;5.5;76.7;0.4157;0.0000;-0.1000;0.2000;
754.21;0;0;0;0;73;207;86;86;86;86;86;1601;367;964;3.2;25.2;188.5;14.4;5.5;76.7;0.4157;0.0001;-0.0250;0.2000;
754.46;0;0;0;0;73;207;86;86;86;86;86;1602;367;964;3.2;25.2;188.0;14.4;5.5;76.7;0.4157;0.0007;-0.0250;0.1250;
754.71;0;0;0;0;73;207;86;86;86;86;86;1599;367;964;3.2;25.5;188.5;14.4;5.5;76.7;0.4157;0.0016;-0.0500;0.3500;
754.96;0;0;0;0;73;207;86;86;86;86;86;1596;367;964;3.2;25.5;188.0;14.4;5.5;76.7;0.4157;0.0022;0.0000;0.1500;
755.21;0;0;0;0;73;207;86;86;86;86;86;1601;367;964;3.2;25.8;188.0;14.4;5.5;76.7;0.4118;0.0022;-0.0500;0.1750;
755.46;0;0;0;0;73;207;86;86;86;86;86;1601;367;964;3.2;25.9;185.5;14.4;5.5;76.7;0.4118;0.0022;0.0000;0.2000;
755.71;0;0;0;0;74;207;86;86;86;86;86;1600;367;964;3.2;25.9;185.5;14.4;5.5;76.7;0.4118;0.0022;-0.0500;102.2000;
755.96;0;0;0;0;74;207;86;86;86;86;87;1604;367;964;3.2;26.1;183.5;14.4;5.5;76.7;0.4118;0.0025;0.0250;0.5750;
756.21;0;0;0;0;74;207;86;86;86;86;87;1599;367;964;3.2;26.3;180.5;14.4;5.5;76.7;0.4000;0.0025;0.0750;0.0000;
756.46;0;0;0;0;74;207;86;86;86;86;87;1601;367;964;3.2;26.3;168.5;14.4;5.5;76.7;0.3843;-0.0001;0.0000;0.3500;
756.71;0;0;0;0;74;207;86;86;86;86;87;1605;367;964;3.2;26.4;157.0;14.4;5.5;76.7;0.3608;-0.0011;0.0500;0.1500;
756.96;0;0;0;0;74;207;86;87;86;86;87;1608;367;964;3.2;26.4;147.5;14.4;5.5;76.7;0.3569;-0.0062;0.0250;102.2750;
757.21;0;0;0;0;74;207;86;86;87;86;87;1607;367;964;3.2;26.7;141.0;14.4;5.5;76.7;0.3333;-0.0077;0.0750;102.1250;
757.46;0;0;0;0;74;207;86;86;86;86;87;1578;367;964;3.2;26.7;-6.0;14.4;5.5;76.7;0.0000;-0.0082;-0.0750;102.0000;
757.72;0;0;0;0;74;207;86;86;86;86;86;1591;367;964;3.2;26.6;-23.0;14.4;5.5;76.7;0.0000;-0.0088;-0.3500;101.8750;
757.97;0;0;0;0;74;207;85;85;85;85;86;1575;367;964;3.2;26.6;-35.5;14.4;5.5;76.7;0.0000;-0.0102;-0.4500;102.0000;
758.22;0;0;0;0;74;207;85;85;85;85;85;1573;367;964;3.2;26.6;-35.0;14.4;5.5;76.7;0.0000;-0.0109;-0.4750;101.8250;
758.47;0;0;0;0;74;207;84;84;84;84;85;1564;367;962;3.2;26.8;-35.0;14.4;5.5;76.7;0.0000;-0.0114;-0.5250;101.9500;
758.72;0;0;0;0;74;207;84;84;84;84;84;1556;367;964;3.2;26.8;-35.0;14.4;5.5;76.7;0.0000;-0.0114;-0.5250;101.7000;
758.97;0;0;0;0;74;207;83;83;83;83;84;1547;367;964;3.2;26.8;-35.0;14.4;5.5;76.7;0.0000;-0.0114;-0.5250;101.8000;
759.22;0;0;0;0;74;207;83;83;83;83;83;1542;367;964;3.2;26.7;-35.0;14.4;5.5;76.7;0.0000;-0.0117;-0.5000;101.6750;
759.47;0;0;0;0;74;207;82;83;83;82;83;1532;367;964;3.2;26.7;-35.0;14.4;5.5;76.7;0.0000;-0.0120;-0.5000;101.8750;
759.72;0;0;0;0;74;207;82;82;82;82;82;1526;367;964;3.2;26.7;-35.0;14.4;5.5;76.7;0.0000;-0.0128;-0.5000;101.7500;
759.97;0;0;0;0;74;207;82;82;82;81;82;1515;367;962;3.2;26.7;-34.5;14.4;5.5;76.7;0.0000;-0.0135;-0.5000;101.6750;
760.22;0;0;0;0;75;207;81;81;81;81;81;1510;367;962;3.2;26.7;-34.5;14.4;5.5;76.7;0.0000;-0.0135;-0.5250;101.7000;
760.47;0;0;0;0;75;207;81;81;81;81;81;1498;367;964;3.2;26.5;-34.5;14.4;5.5;76.7;0.0000;-0.0135;-0.5250;101.8500;
760.72;0;0;0;0;75;207;80;80;80;80;81;1493;367;962;3.2;26.5;-34.5;14.4;5.5;76.7;0.0000;-0.0135;-0.5250;101.6750;
760.97;0;0;0;0;75;207;80;80;80;80;80;1483;367;962;3.2;26.5;-34.5;14.4;5.5;76.7;0.0000;-0.0133;-0.5250;101.7000;
761.22;0;0;0;0;75;207;79;79;80;79;80;1478;367;962;3.2;26.5;-34.0;14.4;5.5;76.7;0.0000;-0.0133;-0.4750;101.6750;
761.47;0;0;0;0;75;207;79;79;79;79;79;1473;367;962;3.2;26.5;-34.0;14.4;5.5;76.7;0.0000;-0.0132;-0.4500;101.7000;
761.72;0;0;0;0;75;207;79;79;79;79;79;1467;367;962;3.2;26.5;-34.0;14.4;5.5;76.7;0.0000;-0.0127;-0.3500;101.8500;
761.97;0;0;0;0;75;207;79;79;79;78;79;1459;367;962;3.2;26.5;-34.0;14.4;5.5;76.7;0.0000;-0.0107;-0.3750;101.9750;
762.22;0;0;0;0;75;207;78;78;78;78;78;1453;367;964;3.2;26.7;-34.0;14.4;5.5;76.7;0.0000;-0.0087;-0.4250;102.1500;
762.47;0;0;0;0;75;207;78;78;78;78;78;1445;367;962;3.2;26.7;-34.0;14.4;5.5;76.7;0.0000;-0.0075;-0.4500;102.2500;
762.74;0;0;0;0;75;207;77;77;77;77;78;1433;367;962;3.2;26.7;-34.0;14.4;5.5;76.7;0.0000;-0.0066;-0.4500;102.0750;
762.99;0;0;0;0;75;207;77;77;77;77;77;1431;367;962;3.3;26.9;-33.5;14.4;5.5;76.7;0.0000;-0.0052;-0.4000;102.2250;
763.24;0;0;0;0;75;207;77;76;76;76;77;1418;367;964;3.3;26.9;-33.5;14.4;5.5;76.7;0.0000;-0.0041;-0.4750;102.3750;
763.49;0;0;0;0;75;207;76;76;76;76;77;1416;367;962;3.3;27.3;-33.5;14.4;5.5;76.7;0.0000;-0.0028;-0.4500;102.3500;
763.74;0;0;0;0;75;207;76;76;76;76;76;1406;367;962;3.3;27.3;-33.5;14.4;5.5;76.7;0.0000;-0.0016;-0.4000;102.2000;
763.99;0;0;0;0;75;207;75;75;75;76;76;1401;367;962;3.4;27.5;-33.5;14.4;5.5;76.7;0.0000;-0.0016;-0.4000;0.0250;
764.24;0;0;0;0;75;207;75;75;75;75;75;1392;367;962;3.4;27.7;-33.5;14.4;5.5;76.7;0.0000;-0.0016;-0.4750;0.1500;
764.49;0;0;0;0;75;207;75;74;75;75;75;1384;367;962;3.4;27.7;-33.5;14.4;5.5;76.7;0.0000;-0.0016;-0.4750;0.0000;
764.74;0;0;0;0;75;207;74;74;74;74;74;1381;367;962;3.5;28.3;-33.0;14.4;5.5;76.7;0.0000;-0.0016;-0.4750;102.3500;
764.99;0;0;0;0;75;207;74;74;74;74;74;1373;367;962;3.5;28.5;-33.0;14.4;5.5;76.7;0.0000;-0.0031;-0.4250;102.3750;
765.24;0;0;0;0;75;207;74;74;73;73;74;1374;367;962;3.5;28.5;10.0;14.4;5.5;76.7;0.2235;-0.0036;-0.4500;0.1750;
765.49;0;0;0;0;75;207;73;73;73;73;73;1366;367;962;3.5;28.5;49.0;14.4;5.5;76.7;0.2431;-0.0038;-0.4750;0.1000;
765.74;0;0;0;0;75;207;73;73;73;73;73;1362;367;962;3.6;28.6;70.5;14.4;5.5;76.7;0.2510;-0.0039;-0.3250;0.2250;
765.99;0;0;0;0;75;207;73;73;73;73;73;1353;367;962;3.6;29.0;76.0;14.4;5.5;76.7;0.2510;-0.0056;-0.2000;0.1000;
766.24;0;0;0;0;75;207;73;73;73;73;73;1357;367;962;3.6;29.0;75.5;14.4;5.5;76.7;0.2471;-0.0082;-0.1500;102.2750;
766.49;0;0;0;0;75;207;73;73;73;73;73;1358;367;962;3.6;28.9;73.5;14.4;5.5;76.7;0.2431;-0.0080;-0.1000;0.1500;
766.74;0;0;0;0;75;207;73;73;73;73;73;1350;367;962;3.6;28.9;70.0;14.4;5.5;76.7;0.2431;-0.0079;-0.1500;0.0750;
766.99;0;0;0;0;75;207;72;73;73;73;73;1346;367;962;3.6;28.9;70.0;14.4;5.5;76.7;0.2431;-0.0077;-0.1750;0.1000;
767.24;0;0;0;0;75;207;73;73;72;72;73;1349;367;962;3.6;28.7;70.5;14.4;5.5;76.7;0.2431;-0.0051;-0.1750;0.0000;
767.49;0;0;0;0;75;207;72;73;72;72;73;1346;367;964;3.6;28.7;71.0;14.4;5.5;76.7;0.2431;-0.0026;-0.1750;0.1500;
767.75;0;0;0;0;75;207;72;72;72;72;72;1338;367;962;3.5;28.5;72.5;14.4;5.5;76.7;0.2431;-0.0008;-0.2000;0.0250;
768.00;0;0;0;0;75;207;72;72;72;72;72;1338;367;962;3.5;28.6;73.0;14.4;5.5;76.7;0.2431;-0.0009;-0.2250;0.2250;
768.25;0;0;0;0;75;207;72;72;72;72;72;1338;367;962;3.5;28.6;72.0;14.4;5.5;76.7;0.2431;-0.0009;-0.2000;0.0750;
768.50;0;0;0;0;75;207;72;72;72;72;72;1333;367;962;3.4;28.5;71.5;14.4;5.5;76.7;0.2431;-0.0009;-0.1750;0.1000;
768.75;0;0;0;0;75;207;71;71;71;71;72;1326;367;962;3.4;28.5;73.0;14.4;5.5;76.7;0.2431;-0.0047;-0.1750;0.1500;
769.00;0;0;0;0;75;207;71;71;71;71;71;1325;367;962;3.4;28.3;70.0;14.4;5.5;76.7;0.2196;-0.0049;-0.3250;0.3500;
769.25;0;0;0;0;75;207;71;71;71;71;71;1314;367;962;3.3;28.3;28.5;14.4;5.5;76.7;0.1725;-0.0056;-0.3500;102.1500;
769.50;0;0;0;0;75;207;71;71;70;70;71;1310;365;962;3.3;28.3;30.5;14.4;5.5;76.7;0.1804;-0.0082;-0.3500;0.0000;
769.75;0;0;0;0;75;207;70;70;70;70;70;1301;365;964;3.3;28.3;38.0;14.4;5.5;76.7;0.2235;-0.0088;-0.4250;0.1000;
770.00;0;0;0;0;75;207;69;70;70;69;70;1296;365;962;3.3;28.2;57.0;14.4;5.5;76.7;0.2549;-0.0088;-0.4750;102.2500;
770.25;0;0;0;0;75;207;69;69;69;69;70;1292;365;962;3.2;28.1;82.0;14.4;5.5;76.7;0.2627;-0.0087;-0.4000;102.2750;
770.50;0;0;0;0;75;207;69;69;69;69;69;1289;365;962;3.2;28.1;85.0;14.4;5.5;76.7;0.2627;-0.0084;-0.3500;102.3500;
770.75;0;0;0;0;75;207;69;69;69;69;69;1281;365;962;3.2;28.0;85.5;14.4;5.5;76.7;0.2627;-0.0077;-0.3250;102.1500;
771.00;0;0;0;0;75;207;69;69;69;69;69;1276;365;962;3.2;27.9;86.0;14.4;5.5;76.7;0.2627;-0.0070;-0.2500;102.3250;
771.25;0;0;0;0;75;207;68;68;68;68;69;1267;365;962;3.2;27.9;85.0;14.4;5.5;76.7;0.2588;-0.0051;-0.2750;102.3750;
771.50;0;0;0;0;75;207;68;68;68;68;68;1266;365;962;3.2;28.0;82.5;14.4;5.5;76.7;0.2510;-0.0036;-0.3500;0.0000;
771.75;0;0;0;0;75;207;68;68;68;68;68;1259;365;962;3.2;28.0;74.0;14.4;5.5;76.7;0.2431;0.0000;-0.3500;0.0750;
772.00;0;0;0;0;75;207;67;68;67;67;68;1256;365;962;3.2;28.0;73.5;14.4;5.5;76.7;0.2392;0.0029;-0.3750;0.2250;
772.25;0;0;0;0;75;207;67;67;67;67;67;1234;365;962;3.2;27.9;38.5;14.4;5.5;76.7;0.0275;0.0059;-0.4250;0.2500;
772.50;0;0;0;0;75;207;66;66;66;66;66;1215;365;962;3.2;27.9;-14.5;14.4;5.5;76.7;0.0000;0.0061;-0.6500;0.2750;
772.78;0;0;0;0;75;207;65;66;66;66;66;1210;365;962;3.2;28.0;-30.5;14.4;5.5;76.7;0.0000;0.0066;-0.7500;0.2750;
773.03;0;0;0;0;75;207;65;65;65;65;65;1207;365;962;3.2;28.5;-32.0;14.4;5.5;76.7;0.0000;0.0066;-0.8250;0.3250;
773.28;0;0;0;0;75;207;64;64;64;64;64;1191;365;962;3.2;28.5;-31.5;14.4;5.5;76.7;0.0000;0.0074;-0.7750;0.1500;
773.53;0;0;0;0;75;207;63;63;63;63;64;1182;365;962;3.2;28.5;-32.0;14.4;5.5;76.7;0.0000;0.0100;-0.7500;0.3750;
773.78;0;0;0;0;75;207;63;63;63;63;63;1165;365;962;3.2;28.5;-32.0;14.4;5.5;76.7;0.0000;0.0115;-0.7750;0.5250;
774.03;0;0;0;0;75;207;62;62;62;62;62;1157;365;962;3.2;28.8;-32.0;14.4;5.5;76.7;0.0000;0.0118;-0.8500;0.5250;
774.28;0;0;0;0;75;207;61;61;61;61;62;1143;365;962;3.2;28.8;-32.0;14.4;5.5;76.7;0.0000;0.0118;-0.8000;0.3750;
774.53;0;0;0;0;75;207;60;61;60;61;61;1132;365;962;3.2;29.5;-32.0;14.4;5.5;76.7;0.0000;0.0118;-0.7500;0.1250;
774.78;0;0;0;0;75;207;60;60;60;60;60;1117;365;962;3.2;29.7;-32.0;14.4;5.5;76.7;0.0000;0.0117;-0.7250;0.2250;
775.03;0;0;0;0;75;207;59;59;59;59;59;1108;365;962;3.2;29.7;-32.0;14.4;5.5;76.7;0.0000;0.0110;-0.7250;102.2500;
775.28;1;0;0;0;75;207;59;59;59;59;59;1094;365;962;3.2;30.0;-32.5;14.4;5.5;76.7;0.0000;0.0104;-0.7000;0.1000;
775.53;1;0;0;0;75;207;58;58;58;58;59;906;365;962;3.2;30.0;-10.5;14.4;5.5;76.7;0.0000;0.0102;-0.5750;0.2000;
775.78;1;0;0;0;75;207;58;58;58;58;58;872;365;962;3.2;30.5;4.0;14.4;5.5;76.7;0.0000;0.0102;-0.6000;0.2500;
776.03;1;0;0;0;75;207;57;58;57;57;58;873;365;962;3.2;30.5;-32.5;14.4;5.5;76.7;0.0000;0.0100;-0.5500;0.2250;
776.28;1;0;0;0;75;207;57;57;57;57;57;1302;365;962;3.2;30.5;-34.0;14.4;5.5;76.7;0.0000;0.0095;-0.6750;0.2750;
776.53;1;0;0;0;75;207;56;56;56;56;56;1271;365;962;3.2;30.8;-30.0;14.5;5.5;76.7;0.0000;0.0059;-0.5500;0.0500;
776.78;0;0;0;0;75;207;56;56;56;56;56;1267;365;962;3.2;30.9;-33.5;14.5;5.5;76.7;0.0000;0.0067;-0.5500;102.3250;
777.03;1;0;0;0;75;207;56;56;56;56;56;1272;365;962;3.2;30.9;-33.0;14.4;5.5;76.7;0.0000;0.0067;-0.1250;102.3250;
777.28;1;0;0;0;75;207;56;56;56;56;56;1015;365;962;3.2;30.3;-32.0;14.4;5.5;76.7;0.0000;0.0069;-0.0750;0.1750;
777.53;1;0;0;0;75;207;56;56;56;56;56;1237;365;962;3.2;30.3;91.5;14.4;5.5;76.7;0.5451;0.0082;0.0250;102.3750;
777.80;1;0;0;0;75;207;56;56;56;56;56;1575;365;962;3.2;30.2;-32.5;14.4;5.5;76.7;0.0000;0.0091;0.1250;0.0750;
778.05;1;0;0;0;75;207;57;56;56;57;57;1415;365;962;3.2;30.2;-30.5;14.4;5.5;76.7;0.0000;0.0091;0.1750;0.1000;
778.30;1;0;0;0;75;207;56;56;56;56;56;1598;365;962;3.2;30.2;-36.5;14.4;5.5;76.7;0.0000;0.0091;0.0000;102.3000;
778.55;0;0;0;0;75;207;56;57;56;57;57;1599;365;962;3.2;30.2;-36.5;14.4;5.5;76.7;0.0000;0.0097;0.0000;0.0500;
778.80;0;0;0;0;75;207;56;57;56;57;57;1598;365;962;3.2;29.8;-36.0;14.4;5.5;76.7;0.0000;0.0148;0.0750;0.3250;
779.05;0;0;0;0;75;207;57;57;57;57;57;1603;365;962;3.2;29.8;-36.0;14.4;5.5;76.7;0.0000;0.0159;0.1000;0.2250;
779.30;1;0;0;0;75;207;57;57;57;57;57;1548;365;962;3.2;29.8;-35.5;14.4;5.5;76.7;0.0000;0.0175;0.0500;0.2750;
779.55;1;0;0;0;75;207;57;57;57;57;57;1289;365;962;3.2;30.0;78.5;14.4;5.5;76.7;0.4784;0.0250;0.2250;0.7000;
779.80;1;0;0;0;75;207;58;58;57;58;58;1781;365;962;3.2;30.0;132.5;14.4;5.5;76.7;0.4549;0.0216;0.2750;0.6000;
780.05;1;0;0;0;75;207;58;58;58;58;58;1802;365;962;3.2;30.0;-26.0;14.4;5.5;76.7;0.0000;0.0163;0.4750;0.2750;
780.30;1;0;0;0;75;207;58;58;58;58;59;1826;365;962;3.2;30.2;-37.5;14.4;5.5;76.7;0.0000;0.0095;0.3750;0.1750;
780.55;1;0;0;0;75;207;58;58;58;58;58;2326;365;962;3.2;30.2;-42.5;14.4;5.5;76.7;0.0000;0.0043;-0.0500;102.3250;
780.80;1;0;0;0;75;207;58;58;58;58;58;2298;365;962;3.2;30.6;-42.0;14.4;5.5;76.7;0.0000;0.0031;-0.0250;0.1000;
781.05;0;0;0;0;75;207;58;58;58;58;58;2312;365;962;3.2;30.4;-42.0;14.4;5.5;76.7;0.0000;0.0031;0.0000;102.3500;
781.30;0;1;0;0;75;207;58;58;58;58;58;2296;365;962;3.2;30.4;-41.5;14.4;5.5;76.7;0.0000;0.0026;-0.2750;0.1000;
781.55;0;1;0;0;75;207;58;58;58;58;58;2291;365;962;3.2;30.7;-41.5;14.4;5.5;76.7;0.0000;0.0011;-0.1000;0.0000;
781.80;0;1;0;0;75;207;58;58;58;58;58;2285;365;962;3.2;31.3;-41.5;14.4;5.5;76.7;0.0000;-0.0033;0.0000;102.0500;
782.05;0;1;0;0;75;207;57;57;57;57;57;2259;365;962;3.2;31.3;-41.0;14.4;5.5;76.7;0.0000;-0.0041;-0.4250;102.3000;
782.30;0;1;0;0;75;207;56;56;57;56;57;2243;365;962;3.2;31.3;-41.0;14.4;5.5;76.7;0.0000;-0.0056;-0.6750;102.2000;
782.55;0;1;0;0;75;207;56;56;56;56;56;2210;365;962;3.2;31.1;-41.0;14.4;5.5;76.7;0.0000;-0.0070;-0.5250;102.1750;
782.81;0;1;0;0;75;207;55;55;55;55;55;2192;365;962;3.2;31.8;-41.0;14.4;5.5;76.7;0.0000;-0.0079;-0.7500;102.0750;
783.06;0;1;0;0;75;207;54;54;55;54;55;2160;365;962;3.2;31.8;-40.5;14.4;5.5;76.7;0.0000;-0.0082;-0.7250;102.2250;
783.31;0;1;0;0;75;207;54;54;54;54;54;2144;365;962;3.2;32.2;-40.5;14.4;5.5;76.7;0.0000;-0.0091;-0.7750;102.2250;
783.56;0;1;0;0;75;207;53;53;53;53;54;2108;365;962;3.2;32.2;-40.5;14.4;5.5;76.7;0.0000;-0.0102;-0.7250;102.3250;
783.81;0;1;0;0;75;207;53;52;52;52;53;2089;365;962;3.2;32.2;-40.5;14.4;5.5;76.7;0.0000;-0.0102;-1.0750;102.1750;
784.06;0;1;0;0;75;207;52;52;52;52;52;2059;365;962;3.2;32.6;-40.0;14.4;5.5;76.7;0.0000;-0.0107;-0.6000;0.0000;
784.31;0;1;0;0;75;207;51;51;51;51;51;2036;365;962;3.2;32.6;-40.0;14.4;5.5;76.7;0.0000;-0.0107;-0.8250;102.2000;
784.56;0;1;0;0;75;207;51;51;51;51;51;2019;365;962;3.2;32.9;-40.0;14.4;5.5;76.7;0.0000;-0.0109;0.5750;102.3500;
784.81;0;0;0;0;75;207;51;51;51;51;51;2019;365;962;3.2;32.7;-40.0;14.4;5.5;76.7;0.0000;-0.0107;0.1750;102.0250;
785.06;0;1;0;0;75;207;51;51;51;51;51;2025;365;962;3.2;32.7;-40.0;14.4;5.5;76.7;0.0000;-0.0107;-0.0250;102.3500;
785.31;0;1;0;0;75;207;51;51;51;51;51;2015;365;962;3.2;32.3;-40.0;14.4;5.5;76.7;0.0000;-0.0120;-0.4000;102.3250;
785.56;0;1;0;0;75;207;50;50;50;50;51;1997;365;962;3.2;32.7;-40.0;14.4;5.5;76.7;0.0000;-0.0172;-0.4250;102.1500;
785.81;0;0;0;0;74;207;51;50;50;50;51;2007;365;962;3.2;32.7;-40.0;14.4;5.5;76.7;0.0000;-0.0183;-0.0750;101.9500;
786.06;0;0;0;0;74;207;51;51;51;50;51;2008;365;962;3.2;31.9;-40.0;14.4;5.5;76.7;0.0000;-0.0184;-0.0250;102.0500;
786.31;0;0;0;0;74;207;51;50;51;50;51;2010;365;962;3.2;31.9;-40.0;14.4;5.5;76.7;0.0000;-0.0198;0.0250;101.9500;
786.56;0;0;0;0;74;207;51;50;51;50;51;2016;365;962;3.2;31.9;-40.0;14.4;5.5;76.7;0.0000;-0.0323;0.0250;101.6500;
786.81;0;0;0;0;74;207;51;50;51;51;51;2019;365;962;3.2;31.9;-40.0;14.4;5.5;76.7;0.0000;-0.0369;0.1250;101.2750;
787.06;0;0;0;0;74;207;51;51;51;51;51;2028;365;962;3.2;30.9;-40.0;14.4;5.5;76.7;0.0000;-0.0372;0.1500;101.1000;
787.31;0;0;0;0;74;207;51;51;51;51;51;2031;365;962;3.2;30.9;-40.0;14.4;5.5;76.7;0.0000;-0.0380;0.1250;101.0250;
787.56;0;0;0;0;74;207;52;51;52;51;51;2040;365;964;3.2;29.9;-40.0;14.4;5.5;76.7;0.0000;-0.0438;0.1750;101.0000;
787.83;0;0;0;0;74;207;52;51;52;51;52;2048;365;962;3.2;29.4;-40.0;14.4;5.5;76.7;0.0000;-0.0438;0.1750;100.8500;
788.08;0;1;0;0;74;207;52;51;52;51;52;2056;365;962;3.2;29.4;-40.0;14.4;5.5;76.7;0.0000;-0.0438;0.2750;101.2500;
788.33;0;1;0;0;74;207;52;51;52;51;52;2052;365;962;3.2;28.3;-40.0;14.4;5.5;76.7;0.0000;-0.0438;-0.2250;101.0500;
788.58;0;1;0;0;74;207;52;51;52;51;52;2044;365;964;3.2;27.3;-40.0;14.4;5.5;76.7;0.0000;-0.0372;-0.5000;101.2000;
788.83;0;0;0;0;74;207;52;51;52;51;52;2042;365;964;3.2;27.3;-40.0;14.4;5.5;76.7;0.0000;-0.0341;0.0000;101.6250;
789.08;0;0;0;0;74;207;52;51;52;51;52;2048;365;964;3.2;27.0;-40.0;14.4;5.5;76.7;0.0000;-0.0333;0.0250;101.5000;
789.33;0;1;0;0;74;207;52;51;52;51;52;2048;365;964;3.2;27.0;-40.0;14.4;5.5;76.7;0.0000;-0.0325;-0.2000;101.6000;
789.58;0;1;0;0;74;207;52;51;52;51;51;2035;365;964;3.2;27.0;-40.0;14.4;5.5;76.7;0.0000;-0.0257;-0.0250;101.6000;
789.83;0;1;0;0;74;207;51;51;51;51;51;2029;365;964;3.2;26.5;-40.0;14.4;5.5;76.7;0.0000;-0.0194;-0.5750;101.9500;
790.08;0;1;0;0;74;207;51;50;51;50;51;2002;365;964;3.2;26.5;-40.0;14.4;5.5;76.7;0.0000;-0.0153;-0.6750;102.2750;
790.33;0;1;0;0;74;207;50;50;50;50;50;1986;365;964;3.2;26.8;-39.5;14.4;5.5;76.7;0.0000;-0.0135;-0.8250;102.2750;
790.58;0;1;0;0;74;207;49;49;49;49;50;1962;365;964;3.2;26.8;-39.5;14.4;5.5;76.7;0.0000;-0.0029;-0.5250;101.8000;
790.83;0;1;0;0;74;207;49;49;49;49;49;1945;365;964;3.2;27.7;-39.0;14.4;5.5;76.7;0.0000;0.0025;-0.4250;0.0250;
791.08;0;1;0;0;74;207;49;49;49;49;49;1929;365;964;3.2;27.7;-39.0;14.4;5.5;76.7;0.0000;0.0054;-0.6000;0.4250;
791.33;0;1;0;0;74;207;48;48;48;48;48;1917;365;964;3.2;28.2;-38.5;14.4;5.5;76.7;0.0000;0.0091;-0.4000;0.3500;
791.58;0;0;0;0;74;207;48;48;48;48;48;1922;365;964;3.2;29.3;-38.5;14.4;5.5;76.7;0.0000;0.0183;-0.0500;0.4500;
791.83;0;0;0;0;74;207;49;49;49;49;49;1930;365;964;3.2;29.3;-38.5;14.4;5.5;76.7;0.0000;0.0196;0.1250;1.7250;
792.08;0;0;0;0;74;207;48;49;49;49;49;1925;365;964;3.2;30.2;-38.5;14.4;5.5;76.7;0.0000;0.0236;0.0750;1.2250;
792.33;0;0;0;0;74;207;49;49;49;49;49;1939;365;964;3.2;30.2;-39.0;14.4;5.5;76.7;0.0000;0.0262;0.1000;1.6750;
792.58;0;0;0;0;74;207;49;49;49;49;49;1942;365;964;3.2;30.9;-39.0;14.4;5.5;76.7;0.0000;0.0320;0.1000;1.2500;
792.84;0;0;0;0;74;207;49;49;49;49;49;1951;365;964;3.2;32.2;-39.0;14.4;5.5;76.7;0.0000;0.0364;0.1250;0.8750;
793.09;0;0;0;0;74;207;49;49;49;49;49;1960;365;964;3.2;32.2;-39.0;14.4;5.5;76.7;0.0000;0.0420;0.1750;0.8500;
793.34;0;0;0;0;74;207;49;50;49;50;50;1965;365;964;3.2;33.0;-39.5;14.4;5.5;76.7;0.0000;0.0443;0.1750;1.3750;
793.59;0;0;0;0;74;207;49;50;49;50;50;1975;365;964;3.2;34.0;-39.5;14.4;5.5;76.7;0.0000;0.0463;0.1750;1.3750;
793.84;0;0;0;0;74;207;50;50;50;50;50;1987;365;964;3.2;34.0;-40.0;14.4;5.5;76.7;0.0000;0.0463;0.2000;1.0500;
794.09;0;0;0;0;74;207;50;50;50;50;50;1993;365;964;3.2;35.0;-40.0;14.4;5.5;76.7;0.0000;0.0463;0.1750;1.0500;
794.34;0;1;0;0;74;207;50;50;50;50;50;1991;365;964;3.2;35.0;-40.0;14.4;5.5;76.7;0.0000;0.0462;-0.3500;1.1000;
794.59;0;1;0;0;74;207;49;50;50;50;50;1977;365;964;3.2;35.6;-39.5;14.4;5.5;76.7;0.0000;0.0448;-0.2250;1.0000;
794.84;0;1;0;0;74;207;49;50;49;49;50;1959;365;964;3.2;35.6;-39.5;14.4;5.5;76.7;0.0000;0.0428;-0.4750;1.0250;
795.09;0;1;0;0;74;207;49;49;49;49;49;1949;365;964;3.2;36.0;-39.0;14.4;5.5;76.7;0.0000;0.0417;-0.3750;0.8250;
795.34;0;0;0;0;74;207;49;50;49;49;49;1958;365;964;3.2;36.0;-39.5;14.4;5.5;76.7;0.0000;0.0389;0.0250;0.7750;
795.59;0;0;0;0;74;207;49;49;49;50;50;1965;365;964;3.2;36.9;-39.5;14.4;5.5;76.7;0.0000;0.0278;0.1000;0.4750;
795.84;0;0;0;0;74;207;50;50;50;50;50;1996;365;964;3.2;36.5;-40.0;14.4;5.5;76.7;0.0000;0.0157;0.4000;0.1750;
796.09;0;0;0;0;74;207;50;50;50;50;50;2005;365;964;3.2;36.5;-40.0;14.4;5.5;76.7;0.0000;0.0092;0.4500;102.3000;
796.34;0;1;0;0;74;207;51;51;51;51;51;2024;365;964;3.2;36.0;-40.0;14.4;5.5;76.7;0.0000;0.0038;0.2250;0.0000;
796.59;0;1;0;0;74;207;51;51;51;51;51;2027;365;964;3.2;36.0;-40.0;14.4;5.5;76.7;0.0000;-0.0020;0.1000;102.3500;
796.84;0;1;0;0;74;207;51;50;51;51;51;2022;365;966;3.2;36.0;-40.0;14.4;5.5;76.7;0.0000;-0.0054;0.0500;102.2250;
797.09;0;1;0;0;74;207;51;51;51;51;51;2014;365;966;3.2;35.4;-40.0;14.4;5.5;76.7;0.0000;-0.0080;-0.1500;101.9750;
797.34;0;1;0;0;74;207;51;50;50;50;51;2003;365;966;3.2;35.4;-40.0;14.4;5.5;76.7;0.0000;-0.0104;-0.5500;102.1500;
797.59;0;1;0;0;74;207;50;50;50;50;50;1999;365;966;3.2;35.1;-40.0;14.4;5.5;76.7;0.0000;-0.0114;-0.2250;102.0500;
797.86;0;1;0;0;74;207;50;50;50;50;50;1981;365;964;3.2;34.5;-39.5;14.4;5.5;76.7;0.0000;-0.0140;-0.2250;102.1750;
798.11;0;1;0;0;74;207;50;50;50;50;50;1984;365;966;3.2;34.5;-40.0;14.4;5.5;76.7;0.0000;-0.0238;0.3500;101.8000;
798.36;0;0;0;0;74;207;50;49;50;50;50;1983;365;966;3.2;33.9;-40.0;14.4;5.5;76.7;0.0000;-0.0316;0.2000;102.0500;
798.61;0;0;0;0;74;207;50;50;50;50;50;1993;365;966;3.2;32.6;-40.0;14.4;5.5;76.7;0.0000;-0.0362;0.0750;101.0750;
798.86;0;0;0;0;74;207;51;50;50;50;50;1998;365;966;3.2;32.6;-40.0;14.4;5.5;76.7;0.0000;-0.0393;0.1000;101.2000;
799.11;0;0;0;0;74;207;50;50;51;50;50;1996;365;966;3.2;32.6;-40.0;14.4;5.5;76.7;0.0000;-0.0451;-0.0500;100.7250;
799.36;0;0;0;0;74;207;50;50;51;50;50;1999;365;966;3.2;31.1;-40.0;14.4;5.5;76.7;0.0000;-0.0470;0.0000;100.3500;
799.61;0;0;0;0;74;207;51;50;51;50;50;2003;365;966;3.2;29.3;-40.0;14.4;5.5;76.7;0.0000;-0.0470;0.0500;100.5500;
799.86;1;0;0;0;74;207;51;50;51;50;50;1884;365;966;3.2;29.3;-38.5;14.4;5.5;76.7;0.0000;-0.0455;0.0000;100.9500;
800.11;1;0;0;0;74;207;51;51;51;51;51;1694;365;966;3.2;28.7;-35.5;14.4;5.5;76.7;0.0000;-0.0455;0.3250;100.8500;
800.36;1;0;0;0;74;207;52;51;52;51;52;1406;365;966;3.2;27.8;-32.5;14.4;5.5;76.7;0.0000;-0.0457;0.5750;100.8000;
800.61;1;0;0;0;74;207;53;52;53;52;53;1272;365;966;3.2;27.8;-31.5;14.4;5.5;76.7;0.0000;-0.0437;0.7500;101.3000;
800.86;1;0;0;0;74;207;53;52;53;52;53;1488;365;966;3.2;26.6;-33.5;14.4;5.5;76.7;0.0000;-0.0378;0.3750;101.3750;
801.11;0;0;0;0;74;207;53;53;53;53;53;1491;365;966;3.2;26.6;-33.5;14.4;5.5;76.7;0.0000;-0.0222;0.2750;101.8500;
801.36;0;0;0;0;74;207;53;53;53;53;53;1503;365;966;3.2;26.5;-34.0;14.4;5.5;76.7;0.0000;0.0123;0.2250;0.0250;
801.61;0;0;0;0;74;207;53;53;53;53;53;1502;365;966;3.2;25.5;-34.0;14.4;5.5;76.7;0.0000;0.0295;0.1750;0.8250;
801.86;0;0;0;0;74;207;53;54;53;53;53;1507;365;966;3.2;25.5;-34.0;14.4;5.5;76.7;0.0000;0.0427;0.1750;1.1250;
802.11;0;0;0;0;74;207;53;54;53;54;53;1503;365;966;3.2;26.5;-34.5;14.4;5.5;76.7;0.0000;0.0547;0.0000;1.9750;
802.36;0;0;0;0;74;207;53;54;53;54;53;1503;365;966;3.2;27.3;-34.0;14.4;5.5;76.7;0.0000;0.0646;-0.0250;2.3000;
802.61;0;0;0;0;74;207;53;54;52;53;53;1501;365;966;3.2;27.3;-34.0;14.4;5.5;76.7;0.0000;0.0649;-0.1500;1.9500;
802.88;0;0;0;0;74;207;52;54;52;53;53;1488;365;966;3.2;28.8;-34.0;14.4;5.5;76.7;0.0000;0.0649;-0.2250;2.0000;
803.13;0;0;0;0;74;207;52;53;52;53;53;1486;365;966;3.2;28.8;-34.0;14.4;5.5;76.7;0.0000;0.0646;-0.2750;2.0750;
803.38;0;0;0;0;74;207;52;53;52;53;53;1485;365;966;3.2;30.5;-34.0;14.4;5.5;76.7;0.0000;0.0639;-0.2000;2.3250;
803.63;0;0;0;0;74;207;51;52;51;52;52;1465;363;966;3.2;30.5;-34.0;14.4;5.5;76.7;0.0000;0.0636;-0.4250;1.7250;
803.88;0;0;0;0;74;207;51;52;51;52;52;1457;363;966;3.2;32.3;-34.0;14.4;5.5;76.7;0.0000;0.0631;-0.4500;2.0500;
804.13;0;0;0;0;74;207;51;51;51;51;51;1446;363;966;3.2;32.3;-34.0;14.4;5.5;76.7;0.0000;0.0618;-0.3750;1.5250;
804.38;0;0;0;0;74;207;50;51;50;51;51;1440;363;966;3.2;34.1;-34.0;14.4;5.5;76.7;0.0000;0.0303;-0.3750;0.9250;
804.63;0;0;0;0;74;207;50;50;50;50;50;1420;363;966;3.2;35.7;-34.0;14.4;5.5;76.7;0.0000;0.0224;-0.5500;0.4250;
804.88;0;0;0;0;74;207;50;50;50;50;50;1410;363;966;3.2;35.7;-33.5;14.4;5.5;76.7;0.0000;0.0123;-0.5250;0.0250;
805.13;0;0;0;0;74;207;49;49;49;49;49;1402;363;966;3.2;36.6;-8.0;14.4;5.5;76.7;0.1255;0.0007;-0.4750;102.0250;
805.38;0;0;0;0;74;207;49;49;49;49;49;1387;363;966;3.2;36.3;4.0;14.4;5.5;76.7;0.1412;-0.0326;-0.4250;101.6000;
805.63;0;0;0;0;74;207;49;48;49;49;49;1387;363;966;3.2;36.3;15.5;14.4;5.5;76.7;0.1529;-0.0509;-0.4000;100.6250;
805.88;0;0;0;0;74;207;49;48;49;48;49;1379;363;966;3.2;36.4;35.0;14.4;5.5;76.7;0.2706;-0.0570;-0.3500;100.2500;
806.13;0;0;0;0;74;207;49;48;49;48;48;1386;363;966;3.2;36.4;84.5;14.4;5.5;76.7;0.2941;-0.0573;-0.2250;100.1500;
806.38;0;0;0;0;74;207;49;48;49;48;48;1366;363;966;3.2;34.1;98.5;14.4;5.5;76.7;0.2980;-0.0582;-0.2750;99.7750;
806.63;0;0;0;0;74;207;49;48;49;48;48;1367;363;966;3.2;32.1;106.0;14.4;5.5;76.7;0.2980;-0.0555;0.0000;101.1750;
806.88;0;0;0;0;74;207;48;48;49;48;48;1364;363;966;3.2;32.1;107.5;14.4;5.5;76.7;0.2941;-0.0522;-0.0250;100.8000;
807.13;0;0;0;0;74;207;48;48;48;48;48;1365;363;966;3.2;30.3;109.5;14.4;5.5;76.7;0.3020;-0.0512;-0.0500;100.9000;
807.38;0;0;0;0;74;207;48;48;48;48;48;1364;363;966;3.2;30.3;118.0;14.4;5.5;76.7;0.3529;-0.0433;-0.0750;101.2250;
807.63;0;0;0;0;74;207;48;48;48;48;48;1368;363;966;3.2;28.2;145.5;14.4;5.5;76.7;0.3686;-0.0375;0.0000;101.4000;
807.89;0;0;0;0;74;207;48;48;48;48;48;1368;363;966;3.2;28.2;153.0;14.4;5.5;76.7;0.3647;-0.0314;0.1000;101.4000;
808.14;0;0;0;0;74;207;48;48;48;48;48;1367;363;966;3.2;26.4;155.0;14.4;5.5;76.7;0.3608;-0.0191;0.1000;101.9750;
808.39;0;0;0;0;73;207;48;49;49;48;49;1376;363;966;3.2;24.8;152.5;14.4;5.5;76.7;0.3569;-0.0066;0.1000;102.2500;
808.64;0;0;0;0;73;207;49;49;49;49;49;1373;363;966;3.2;24.8;150.5;14.4;5.5;76.7;0.3529;0.0051;0.0500;0.1000;
808.89;0;0;0;0;73;207;48;49;48;48;48;1367;363;966;3.2;23.2;148.5;14.4;5.5;76.7;0.3529;0.0189;-0.0250;0.4500;
809.14;0;0;0;0;73;207;48;49;48;49;48;1369;363;966;3.2;23.2;145.0;14.4;5.5;76.7;0.3490;0.0349;-0.1250;1.3000;
809.39;0;0;0;0;73;207;48;49;48;49;48;1367;363;966;3.2;23.1;145.5;14.4;5.5;76.7;0.3451;0.0552;-0.0750;1.9750;
809.64;0;0;0;0;73;207;48;49;48;49;48;1366;363;966;3.2;23.9;141.5;14.4;5.5;76.7;0.3451;0.0618;-0.0750;1.5500;
809.89;0;0;0;0;73;207;48;49;48;49;48;1366;363;966;3.2;23.9;141.5;14.4;5.5;76.7;0.3490;0.0675;-0.0500;1.7000;
810.14;0;0;0;0;73;207;48;49;48;49;48;1364;363;966;3.2;24.5;149.0;14.4;5.5;76.7;0.3725;0.0684;-0.1250;1.5500;
810.39;0;0;0;0;73;207;48;49;48;49;48;1365;363;966;3.2;26.2;159.0;14.4;5.5;76.7;0.3922;0.0745;-0.0500;1.8750;
810.64;0;0;0;0;73;207;48;49;48;49;48;1374;363;966;3.2;26.2;184.0;14.4;5.5;76.7;0.4157;0.0763;0.0500;2.0000;
810.89;0;0;0;0;73;207;48;49;48;49;48;1371;363;966;3.2;27.5;190.0;14.4;5.5;76.7;0.4157;0.0763;0.0250;1.9750;
811.14;0;0;0;0;73;207;48;49;48;49;49;1376;363;966;3.2;27.5;189.5;14.4;5.5;76.7;0.4078;0.0719;0.1250;1.7000;
811.39;0;0;0;0;73;207;48;49;48;49;49;1382;363;966;3.2;28.7;184.0;14.4;5.5;76.7;0.3961;0.0600;0.1750;1.6500;
811.64;0;0;0;0;73;207;49;49;49;49;49;1384;363;966;3.2;28.7;176.5;14.4;5.5;76.7;0.3922;0.0555;0.1500;1.2500;
811.89;0;0;0;0;73;207;49;49;49;49;49;1388;363;966;3.2;29.9;174.5;14.4;5.5;76.7;0.3882;0.0546;0.1000;1.1750;
812.14;0;0;0;0;73;207;49;49;49;49;49;1391;363;966;3.2;29.9;171.5;14.4;5.5;76.7;0.3843;0.0533;0.0750;1.2500;
812.39;0;0;0;0;73;207;49;49;49;49;49;1387;363;966;3.2;30.6;170.0;14.4;5.5;76.7;0.3804;0.0423;0.0500;0.9750;
812.64;0;0;0;0;73;207;49;50;49;49;49;1395;363;966;3.2;31.3;167.5;14.4;5.5;76.7;0.3804;0.0338;0.1000;0.7250;
812.91;0;0;0;0;73;207;49;49;49;50;50;1396;363;966;3.2;31.3;167.0;14.4;5.5;76.7;0.3804;0.0331;0.0750;0.7000;
813.16;0;0;0;0;74;207;49;50;49;50;50;1404;363;966;3.2;31.8;167.0;14.4;5.5;76.7;0.3804;0.0296;0.0750;0.5500;
813.41;0;0;0;0;74;207;49;50;49;50;50;1403;363;966;3.2;31.5;166.5;14.4;5.5;76.7;0.3765;0.0255;0.0750;0.5750;
813.66;0;0;0;0;74;207;49;50;49;50;50;1412;363;966;3.2;31.5;165.0;14.4;5.5;76.7;0.3765;0.0219;0.1000;0.4000;
813.91;0;0;0;0;74;207;50;50;50;50;50;1415;363;966;3.2;31.1;164.5;14.4;5.5;76.7;0.3765;0.0031;0.1250;102.1500;
814.16;0;0;0;0;74;207;50;50;50;50;50;1416;363;966;3.2;30.2;163.0;14.4;5.5;76.7;0.3725;-0.0025;0.1000;102.1250;
814.41;0;0;0;0;74;207;50;50;50;50;50;1422;363;966;3.2;30.2;155.5;14.4;5.5;76.7;0.3569;-0.0074;0.1500;101.9000;
814.66;0;0;0;0;74;207;51;50;50;50;50;1423;363;966;3.2;29.0;150.5;14.4;5.5;76.7;0.3569;-0.0064;0.1000;101.8500;
814.91;0;0;0;0;74;207;50;50;50;50;50;1425;363;966;3.2;29.0;144.0;14.4;5.5;76.7;0.3373;-0.0041;0.0750;102.2000;
815.16;0;0;0;0;74;207;50;51;50;50;51;1421;363;966;3.2;28.1;91.0;14.4;5.5;76.7;0.2471;0.0003;0.0500;102.3500;
815.41;0;0;0;0;74;207;50;50;50;50;50;1425;363;966;3.2;27.4;77.0;14.4;5.5;76.7;0.2510;0.0025;-0.1250;102.1250;
815.66;0;0;0;0;74;207;50;50;50;50;50;1415;363;966;3.2;27.4;81.0;14.4;5.5;76.7;0.2667;0.0029;-0.2000;102.1750;
815.91;0;0;0;0;74;207;50;50;50;50;50;1414;363;966;3.2;27.4;84.0;14.4;5.5;76.7;0.2667;0.0031;-0.2000;102.2250;
816.16;0;0;0;0;74;207;50;50;50;50;50;1411;363;966;3.2;26.7;86.5;14.4;5.5;76.7;0.2667;0.0004;-0.2000;102.2000;
816.41;0;0;0;0;74;207;49;49;50;49;50;1405;363;966;3.2;26.4;94.5;14.4;5.5;76.7;0.3059;-0.0029;-0.1500;102.3750;
816.66;0;0;0;0;74;207;49;49;49;49;50;1401;363;966;3.2;26.4;110.5;14.4;5.5;76.7;0.3098;-0.0036;-0.1500;102.3000;
816.91;0;0;0;0;74;207;49;49;49;49;50;1398;363;966;3.2;26.0;113.5;14.4;5.5;76.7;0.3059;-0.0036;-0.1000;102.3250;
817.16;0;0;0;0;74;207;49;49;49;49;50;1399;363;966;3.2;25.5;114.5;14.4;5.5;76.7;0.3059;-0.0038;-0.0750;102.3500;
817.41;0;0;0;0;74;207;49;49;49;49;49;1395;363;966;3.2;25.5;114.5;14.4;5.5;76.7;0.3059;-0.0059;-0.0750;102.3250;
817.66;0;0;0;0;74;207;49;49;49;49;49;1398;363;966;3.2;25.7;114.5;14.4;5.5;76.7;0.3059;-0.0120;-0.0500;102.0750;
817.92;0;0;0;0;74;207;49;49;49;49;49;1393;363;966;3.2;25.7;115.5;14.4;5.5;76.7;0.3098;-0.0175;-0.0750;101.9500;
818.17;0;0;0;0;74;207;49;49;49;49;49;1387;363;966;3.2;25.4;118.5;14.4;5.5;76.7;0.3137;-0.0307;-0.1000;101.9000;
818.42;0;0;0;0;74;207;49;49;49;49;49;1396;363;966;3.2;25.1;121.0;14.4;5.5;76.7;0.3216;-0.0382;-0.0750;101.2500;
818.67;0;0;0;0;74;207;49;49;49;49;49;1391;363;966;3.2;25.1;124.0;14.4;5.5;76.7;0.3255;-0.0412;-0.0750;101.2000;
818.92;0;0;0;0;74;207;49;49;49;49;49;1388;363;966;3.2;25.5;130.0;14.4;5.5;76.7;0.3333;-0.0409;-0.0500;101.2750;
819.17;0;0;0;0;74;207;49;49;49;49;49;1386;363;966;3.2;24.9;137.0;14.4;5.5;76.7;0.3490;-0.0361;-0.0250;101.4000;
819.42;0;0;0;0;74;207;49;49;49;49;49;1389;363;966;3.2;24.9;143.0;14.4;5.5;76.7;0.3490;-0.0348;0.0000;101.5500;
819.67;0;0;0;0;74;207;49;49;49;49;49;1394;363;966;3.2;24.5;145.0;14.4;5.5;76.7;0.3569;-0.0339;0.0500;101.5000;
819.92;0;0;0;0;74;207;49;49;49;49;49;1392;363;966;3.2;24.5;150.5;14.4;5.5;76.7;0.3608;-0.0338;0.0500;101.6000;
820.17;0;0;0;0;74;207;49;49;49;49;49;1400;363;966;3.2;24.4;154.0;14.4;5.5;76.7;0.3686;-0.0330;0.0750;101.3250;
820.42;0;0;0;0;74;207;50;49;50;49;50;1399;363;966;3.2;24.4;158.0;14.4;5.5;76.7;0.3725;-0.0328;0.1000;101.6750;
820.67;0;0;0;0;74;207;50;49;50;49;50;1398;363;966;3.2;24.1;161.5;14.4;5.5;76.7;0.3765;-0.0330;0.0750;101.6000;
820.92;0;0;0;0;74;207;50;49;50;49;50;1407;363;966;3.2;24.1;163.0;14.4;5.5;76.7;0.3765;-0.0331;0.1250;101.5250;
821.17;0;0;0;0;74;207;50;50;50;50;50;1410;363;966;3.2;23.3;165.0;14.4;5.5;76.7;0.3961;-0.0367;0.1000;101.4250;
821.42;0;0;0;0;75;207;50;49;50;50;50;1417;363;966;3.2;23.4;186.5;14.4;5.5;76.7;0.4196;-0.0367;0.1250;101.3500;
821.67;0;0;0;0;75;207;50;50;50;50;50;1423;363;966;3.2;23.4;193.5;14.4;5.5;76.7;0.4275;-0.0357;0.2000;101.3250;
821.92;0;0;0;0;75;207;51;50;51;50;51;1431;363;966;3.2;22.6;197.5;14.4;5.5;76.7;0.4275;-0.0303;0.2250;101.6750;
822.17;0;0;0;0;75;207;51;51;51;50;51;1438;363;966;3.2;22.1;196.0;14.4;5.5;76.7;0.4235;-0.0220;0.2500;101.7500;
822.42;0;0;0;0;75;207;51;51;51;51;51;1444;363;966;3.2;22.1;195.5;14.4;5.5;76.7;0.4235;-0.0191;0.2750;101.9750;
822.67;0;0;0;0;75;207;51;51;51;51;51;1455;363;966;3.2;22.4;187.0;14.4;5.5;76.7;0.4039;-0.0154;0.2750;101.9750;
822.94;0;0;0;0;75;207;52;52;52;52;52;1464;363;964;3.2;22.4;177.5;14.4;5.5;76.7;0.3882;-0.0105;0.2500;0.0500;
823.19;0;0;0;0;75;207;52;52;52;52;52;1463;363;964;3.2;22.3;163.0;14.4;5.5;76.7;0.3490;-0.0062;0.2000;102.3000;
823.44;0;0;0;0;75;207;52;52;52;52;52;1468;363;966;3.2;22.9;123.0;14.4;5.5;76.7;0.3176;-0.0049;0.1250;0.0500;
823.69;0;0;0;0;75;207;52;52;52;52;52;1466;363;964;3.2;22.9;120.5;14.4;5.5;76.7;0.3176;-0.0041;-0.0250;102.3500;
823.94;0;0;0;0;75;207;52;52;52;52;52;1471;363;966;3.2;23.4;127.0;14.4;5.5;76.7;0.3451;-0.0041;-0.0250;0.0000;
824.19;0;0;0;0;75;207;52;52;52;52;52;1473;363;964;3.2;23.4;146.0;14.4;5.5;76.7;0.4510;-0.0022;-0.0250;0.0500;
824.44;0;0;0;0;75;207;52;52;52;52;52;1480;363;966;3.2;23.4;222.0;14.4;5.5;76.7;0.4863;0.0008;0.0750;0.0750;
824.69;0;0;0;0;75;207;53;52;53;53;53;1494;363;966;3.2;23.4;239.0;14.4;5.5;76.7;0.5020;0.0001;0.3500;0.2750;
824.94;0;0;0;0;75;207;53;53;53;53;53;1505;363;964;3.2;23.8;253.0;14.4;5.5;76.7;0.5255;-0.0007;0.5000;0.1500;
825.19;0;0;0;0;75;207;54;54;54;54;54;1529;363;964;3.2;24.3;257.5;14.4;5.5;76.7;0.5373;-0.0029;0.5750;0.2500;
825.44;0;0;0;0;75;207;54;54;55;54;55;1549;363;964;3.2;24.3;266.0;14.4;5.5;76.7;0.5608;-0.0021;0.7000;0.0250;
825.69;0;0;0;0;75;207;55;55;55;55;55;1566;363;964;3.2;23.9;274.5;14.4;5.5;76.7;0.5804;-0.0016;0.7000;0.1000;
825.94;0;0;0;0;75;207;56;56;56;56;56;1584;363;964;3.2;23.9;280.0;14.4;5.5;76.7;0.5804;-0.0013;0.7750;0.0250;
826.19;0;0;0;0;75;207;57;57;57;57;57;1616;363;964;3.2;24.6;279.5;14.4;5.5;76.7;0.5843;-0.0008;1.0000;0.2000;
826.44;0;0;0;0;75;207;58;58;58;58;58;1642;363;966;3.2;25.0;279.0;14.4;5.5;76.7;0.5765;-0.0007;0.9000;0.0000;
826.69;0;0;0;0;75;207;59;59;58;58;59;1658;363;964;3.2;25.0;279.5;14.4;5.5;76.7;0.5765;-0.0004;0.9250;0.1500;
826.94;0;0;0;0;75;207;60;60;59;60;60;1693;363;964;3.2;24.7;277.0;14.4;5.5;76.7;0.5765;-0.0003;1.0000;0.1000;
827.19;0;0;0;0;75;207;60;60;60;60;60;1711;363;964;3.2;25.0;277.0;14.4;5.5;76.7;0.5765;-0.0003;1.0000;0.0000;
827.44;0;0;0;0;75;207;61;61;61;61;61;1741;363;964;3.2;25.0;273.0;14.4;5.5;76.7;0.5725;-0.0001;0.9750;0.1000;
827.69;0;0;0;0;75;207;62;62;62;62;62;1761;363;964;3.2;24.8;272.0;14.4;5.5;76.7;0.5725;-0.0001;0.9250;0.1250;
827.95;0;0;0;0;76;207;63;63;63;63;63;1789;363;964;3.2;24.8;270.0;14.4;5.5;76.7;0.5686;0.0000;0.9250;0.0000;
828.20;0;0;0;0;76;207;64;64;64;64;64;1808;363;964;3.2;24.3;266.0;14.4;5.5;76.7;0.5569;0.0070;1.0000;0.3250;
828.45;0;0;0;0;76;207;65;65;65;65;65;1799;363;964;3.2;24.3;197.0;14.4;5.5;76.7;0.1765;0.0075;0.9000;0.2750;
828.70;1;0;0;0;76;207;65;65;65;65;65;1762;363;964;3.2;24.4;-34.5;14.4;5.5;76.7;0.0000;0.0049;0.2750;0.2500;
828.95;1;0;0;0;76;207;64;65;64;64;65;1444;363;964;3.2;24.4;-31.0;14.4;5.5;76.7;0.0000;-0.0007;-0.1750;0.1250;
829.20;1;0;0;0;76;207;64;64;64;64;64;1262;363;964;3.2;24.9;-31.0;14.4;5.5;76.7;0.0000;0.0003;-0.4250;0.1750;
829.45;1;0;0;0;76;207;64;64;63;64;64;1009;363;964;3.2;25.2;-30.5;14.4;5.5;76.7;0.0000;0.0025;-0.4500;0.1500;
829.70;1;0;0;0;76;207;63;63;63;63;63;1152;363;964;3.2;25.2;-31.0;14.4;5.5;76.7;0.0000;0.0049;-0.5750;0.1750;
829.95;0;0;0;0;76;207;62;63;62;62;63;1163;363;964;3.2;25.9;-31.5;14.4;5.5;76.7;0.0000;0.0062;-0.5750;0.3500;
830.20;0;0;0;0;76;207;62;62;62;62;62;1157;363;964;3.2;26.9;-31.5;14.4;5.5;76.7;0.0000;0.0091;-0.5500;0.5250;
830.45;0;0;0;0;76;207;61;62;61;61;62;1145;363;964;3.2;26.9;-31.5;14.4;5.5;76.7;0.0000;0.0091;-0.5750;0.4500;
830.70;0;0;0;0;76;207;61;61;61;61;61;1138;363;964;3.2;27.1;-31.5;14.4;5.5;76.7;0.0000;0.0082;-0.5500;0.3750;
830.95;0;0;0;0;76;207;60;61;60;60;61;1125;363;964;3.2;27.1;-31.5;14.4;5.5;76.7;0.0000;0.0066;-0.5500;0.2750;
831.20;0;0;0;0;76;207;60;60;60;60;60;1121;363;964;3.2;28.0;-31.5;14.4;5.5;76.7;0.0000;0.0003;-0.4500;0.1750;
831.45;0;0;0;0;76;207;60;60;60;60;60;1111;363;964;3.2;28.7;-32.0;14.4;5.5;76.7;0.0000;0.0004;-0.4750;0.1250;
831.70;0;0;0;0;76;207;59;59;59;59;59;1105;363;964;3.2;28.7;-32.0;14.4;5.5;76.7;0.0000;0.0007;-0.4500;0.1500;
831.95;0;0;0;0;76;207;59;59;59;59;59;1099;363;964;3.2;29.0;-32.5;14.4;5.5;76.7;0.0000;0.0009;-0.4500;0.1250;
832.20;0;0;0;0;76;207;58;59;58;58;59;1090;363;964;3.2;29.8;-32.5;14.4;5.5;76.7;0.0000;0.0018;-0.4500;0.1000;
832.45;0;0;0;0;77;207;58;58;58;58;59;1084;363;964;3.2;29.8;-32.5;14.4;5.5;76.7;0.0000;0.0018;-0.3750;0.2500;
832.70;0;0;0;0;77;207;58;58;58;58;58;1078;363;964;3.2;29.8;-32.5;14.4;5.5;76.7;0.0000;0.0018;-0.4250;0.2250;
832.97;0;0;0;0;77;207;57;57;57;57;58;1069;363;964;3.2;30.5;-32.5;14.4;5.5;76.7;0.0000;0.0020;-0.4250;0.1750;
833.22;0;0;0;0;77;207;57;57;57;57;57;1064;363;964;3.2;30.2;-32.5;14.4;5.5;76.7;0.0000;0.0020;-0.4750;0.1750;
833.47;0;0;0;0;77;207;57;57;56;57;57;1055;363;964;3.2;30.2;-32.5;14.4;5.5;76.7;0.0000;0.0014;-0.4250;0.0750;
833.72;0;0;0;0;77;207;57;57;56;56;57;1055;363;964;3.2;30.4;-32.5;14.4;5.5;76.7;0.0000;0.0001;-0.3500;0.1750;
833.97;0;0;0;0;77;207;56;56;56;56;56;1048;363;964;3.2;30.7;-32.5;14.4;5.5;76.7;0.0000;-0.0001;-0.2750;0.1750;
834.22;0;0;0;0;77;207;56;56;56;56;56;1044;363;964;3.2;30.7;-33.0;14.4;5.5;76.7;0.0000;-0.0001;-0.3250;0.1500;
834.47;0;0;0;0;77;207;56;56;56;56;56;1039;363;964;3.2;30.1;-33.0;14.4;5.5;76.7;0.0000;-0.0001;-0.2750;0.2000;
834.72;0;0;0;0;77;207;55;56;55;55;56;1034;363;964;3.2;30.1;-33.0;14.4;5.5;76.7;0.0000;-0.0001;-0.3250;0.1250;
834.97;0;0;0;0;77;207;55;55;55;55;55;1029;363;964;3.2;30.4;-33.0;14.4;5.5;76.7;0.0000;0.0000;-0.2750;0.2000;
835.22;0;0;0;0;77;207;55;55;55;55;55;1024;363;964;3.2;30.5;-33.0;14.4;5.5;76.7;0.0000;-0.0003;-0.2750;0.0750;
835.47;0;0;0;0;77;207;55;55;55;55;55;1019;363;964;3.2;30.5;-33.0;14.4;5.5;76.7;0.0000;-0.0009;-0.3250;0.1750;
835.72;0;0;0;0;77;207;54;55;54;54;55;1015;363;964;3.2;30.2;-33.0;14.4;5.5;76.7;0.0000;-0.0020;-0.2750;0.0250;
835.97;0;0;0;0;77;207;54;54;54;54;54;1012;363;964;3.2;30.2;-33.0;14.4;5.5;76.7;0.0000;-0.0026;-0.2500;0.1000;
836.22;0;0;0;0;77;207;54;54;54;54;54;1008;363;964;3.2;30.2;-33.0;14.4;5.5;76.7;0.0000;-0.0022;-0.2500;0.0750;
836.47;0;0;0;0;77;207;54;54;54;54;54;1007;363;964;3.2;30.4;-33.0;14.4;5.5;76.7;0.0000;-0.0014;-0.2250;0.1250;
836.72;0;0;0;0;77;207;54;54;54;54;54;1001;363;964;3.2;30.4;-33.5;14.4;5.5;76.7;0.0000;0.0004;-0.2000;0.0750;
836.97;0;0;0;0;77;207;54;54;54;54;54;999;363;964;3.2;30.0;-33.5;14.4;5.5;76.7;0.0000;0.0022;-0.2000;0.1750;
837.22;1;0;0;0;77;207;54;54;54;53;54;997;363;964;3.2;30.0;-33.0;14.4;5.5;76.7;0.0000;0.0026;-0.1500;0.1000;
837.47;1;0;0;0;77;207;54;53;53;54;54;872;363;964;3.2;30.0;0.5;14.4;5.5;76.7;0.0000;0.0029;-0.0750;0.0500;
837.72;1;0;0;0;77;207;53;53;53;53;54;878;363;964;3.2;30.0;1.0;14.4;5.5;76.7;0.0000;0.0031;-0.0250;0.2000;
837.98;1;0;0;0;77;207;53;54;53;53;54;881;363;964;3.2;30.2;-0.5;14.4;5.5;76.7;0.0000;0.0031;0.0000;0.1750;
838.23;1;0;0;0;77;207;53;54;53;53;54;921;363;964;3.2;30.0;-4.5;14.4;5.5;76.7;0.0000;0.0029;-0.0250;0.2500;
838.48;1;0;0;0;77;207;53;53;53;53;53;1065;363;964;3.2;30.0;-33.5;14.4;5.5;76.7;0.0000;0.0029;-0.1750;0.1250;
838.73;1;0;0;0;77;207;53;53;53;53;53;1459;363;964;3.2;30.0;-36.0;14.4;5.5;76.7;0.0000;0.0029;-0.4250;0.3250;
838.98;1;0;0;0;77;207;53;53;53;53;53;1489;363;964;3.2;30.4;-30.0;14.4;5.5;76.7;0.0000;0.0001;-0.3750;0.1250;
839.23;0;0;0;0;77;207;53;52;52;52;53;1482;363;964;3.2;30.4;-35.5;14.4;5.5;76.7;0.0000;0.0000;-0.2000;0.0750;
839.48;0;0;0;0;77;207;52;52;52;52;52;1480;363;964;3.2;30.2;-35.5;14.4;5.5;76.7;0.0000;0.0001;-0.1750;0.1000;
839.73;0;0;0;0;77;207;52;52;52;52;52;1476;363;964;3.2;30.2;-35.0;14.4;5.5;76.7;0.0000;0.0003;-0.1750;0.0250;
839.98;0;0;0;0;77;207;52;52;52;52;52;1475;363;964;3.2;30.1;-35.0;14.4;5.5;76.7;0.0000;0.0034;-0.1500;0.2000;
840.23;0;0;0;0;77;207;52;52;52;52;52;1466;363;964;3.2;30.6;-34.5;14.4;5.5;76.7;0.0000;0.0041;-0.1750;0.0500;
840.48;1;0;0;0;77;207;52;52;52;52;52;1413;363;964;3.2;30.6;-34.5;14.4;5.5;76.7;0.0000;0.0059;-0.1750;0.0000;
840.73;1;0;0;0;77;207;52;52;52;52;52;1266;363;964;3.2;30.3;92.5;14.4;5.5;76.7;0.6039;0.0066;-0.0250;0.0750;
840.98;1;0;0;0;77;207;52;52;52;52;52;1768;363;964;3.2;30.3;133.0;14.4;5.5;76.7;0.5059;0.0079;-0.0500;102.3750;
841.23;1;0;0;0;77;207;52;52;52;52;52;1908;363;964;3.2;30.3;-24.5;14.4;5.5;76.7;0.0000;0.0079;0.0250;0.0750;
841.48;1;0;0;0;77;207;52;52;52;52;52;2088;363;964;3.2;30.3;-42.0;14.4;5.5;76.7;0.0000;0.0079;-0.1250;102.3250;
841.73;1;0;0;0;77;207;51;51;51;52;52;2045;361;964;3.2;30.4;-41.5;14.4;5.5;76.7;0.0000;0.0074;-0.1250;102.2500;
841.98;0;0;0;0;77;207;52;52;51;51;52;2039;361;964;3.2;30.4;-41.0;14.4;5.5;76.7;0.0000;0.0061;-0.1750;0.0000;
842.23;0;0;0;0;77;207;51;51;51;51;51;2036;361;964;3.2;30.4;-41.0;14.4;5.5;76.7;0.0000;0.0067;-0.2000;102.2500;
842.48;0;0;0;0;77;207;51;51;51;51;51;2031;361;964;3.3;30.2;-41.0;14.4;5.5;76.7;0.0000;0.0067;-0.1750;102.3500;
842.73;0;0;0;0;77;207;51;51;51;51;51;2023;361;964;3.3;30.2;-40.5;14.4;5.5;76.7;0.0000;0.0080;-0.2000;102.3000;
843.00;0;0;0;0;77;207;51;51;51;51;51;2020;361;964;3.3;30.3;-40.5;14.4;5.5;76.7;0.0000;0.0146;-0.2000;0.0000;
843.25;0;0;0;0;77;207;51;51;50;51;51;2015;361;964;3.4;29.9;-40.5;14.4;5.5;76.7;0.0000;0.0162;-0.1750;0.0750;
843.50;0;0;0;0;77;207;50;51;50;51;51;2007;361;964;3.4;29.9;-40.5;14.4;5.5;76.7;0.0000;0.0184;-0.1500;0.2000;
843.75;0;0;0;0;77;207;50;51;50;51;51;2004;361;964;3.4;29.8;-40.0;14.4;5.5;76.7;0.0000;0.0189;-0.1250;0.1000;
844.00;0;0;0;0;77;207;50;50;50;50;50;2005;361;964;3.5;30.3;-40.0;14.4;5.5;76.7;0.0000;0.0189;-0.1500;0.1500;
844.25;0;1;0;0;77;207;50;50;50;50;50;1990;361;964;3.5;30.3;-40.0;14.4;5.5;76.7;0.0000;0.0184;-0.3500;0.1500;
844.50;0;1;0;0;77;207;49;50;49;50;50;1972;361;964;3.5;30.2;-40.0;14.4;5.5;76.7;0.0000;0.0181;-0.8000;0.0500;
844.75;0;1;0;0;77;207;49;49;49;49;49;1953;361;964;3.5;30.2;-39.5;14.4;5.5;76.7;0.0000;0.0181;-0.2750;0.0750;
845.00;0;1;0;0;77;207;48;49;48;49;49;1934;361;964;3.6;30.5;-39.0;14.4;5.5;76.7;0.0000;0.0181;-0.4750;0.1000;
845.25;0;1;0;0;77;207;48;48;48;48;48;1910;361;964;3.6;30.5;-39.0;14.4;5.5;76.7;0.0000;0.0181;-0.5750;0.0250;
845.50;0;1;0;0;77;207;47;48;47;48;48;1895;361;964;3.6;31.2;-38.5;14.4;5.5;76.7;0.0000;0.0181;-0.6000;102.3750;
845.75;0;0;0;0;77;207;47;48;47;47;47;1883;361;964;3.6;31.2;-38.0;14.4;5.5;76.7;0.0000;0.0180;-0.2500;0.0250;
846.00;0;1;0;0;77;207;47;47;47;47;47;1868;361;964;3.7;31.5;-38.0;14.4;5.5;76.7;0.0000;0.0158;-0.4750;0.3250;
846.25;0;1;0;0;77;207;46;46;46;46;46;1832;361;964;3.7;31.4;-37.5;14.4;5.5;76.7;0.0000;0.0135;-1.1750;0.0750;
846.50;0;1;0;0;77;207;45;45;45;45;45;1806;361;964;3.7;31.4;-36.5;14.4;5.5;76.7;0.0000;0.0100;-1.2500;102.2500;
846.75;0;1;0;0;77;207;45;45;44;45;45;1764;361;964;3.7;32.3;-36.0;14.4;5.5;76.7;0.0000;0.0067;-1.0500;102.2000;
847.00;0;1;0;0;77;207;43;43;43;43;43;1739;361;964;3.7;32.9;-35.5;14.4;5.5;76.7;0.0000;0.0025;-1.1750;102.1250;
847.25;0;1;0;0;77;207;43;42;43;43;43;1687;361;964;3.7;32.9;-35.0;14.4;5.5;76.7;0.0000;0.0008;-1.2000;101.9750;
847.50;0;1;0;0;77;207;41;41;41;41;41;1656;361;964;3.7;33.0;-35.0;14.4;5.5;76.7;0.0000;-0.0007;-1.4500;102.0250;
847.75;0;1;0;0;77;207;40;40;40;40;41;1606;361;964;3.7;33.0;-34.5;14.4;5.5;76.7;0.0000;-0.0009;-1.1500;102.0250;
848.03;0;1;0;0;77;207;39;39;39;39;39;1546;361;964;3.6;33.7;-34.5;14.4;5.5;76.7;0.0000;-0.0029;-1.3250;102.0750;
848.28;0;1;0;0;77;207;38;38;38;38;38;1516;361;966;3.6;33.9;-34.0;14.4;5.5;76.7;0.0000;-0.0038;-1.0750;102.0500;
848.53;0;1;0;0;77;207;37;37;37;37;37;1456;361;964;3.6;33.9;-33.5;14.4;5.5;76.7;0.0000;-0.0038;-1.1500;101.9500;
848.78;0;1;0;0;77;207;36;36;36;36;36;1429;361;964;3.5;33.9;-33.5;14.4;5.5;76.7;0.0000;-0.0038;-1.1250;102.0000;
849.03;0;1;0;0;77;207;35;35;35;35;35;1395;361;964;3.5;34.2;-33.0;14.4;5.5;76.7;0.0000;-0.0039;-0.9250;102.0250;
849.28;0;1;0;0;77;207;34;34;34;34;34;1366;361;964;3.5;34.2;-33.0;14.4;5.5;76.7;0.0000;-0.0057;-1.0750;102.1250;
849.53;0;1;0;0;77;207;33;33;33;33;34;1331;361;964;3.5;34.2;-32.5;14.4;5.5;76.7;0.0000;-0.0084;-0.7500;101.9000;
849.78;0;1;0;0;77;207;33;33;33;33;33;1307;361;964;3.4;34.0;-32.5;14.4;5.5;76.7;0.0000;-0.0158;-0.8750;101.8750;
850.03;0;1;0;0;77;207;32;32;32;32;32;1280;361;964;3.4;33.8;-32.5;14.4;5.5;76.7;0.0000;-0.0193;-0.7000;101.7250;
850.28;0;1;0;0;77;207;32;31;32;32;32;1260;361;966;3.4;33.8;-32.5;14.4;5.5;76.7;0.0000;-0.0257;-0.5000;101.7250;
850.53;0;1;0;0;77;207;31;31;31;31;31;1228;361;964;3.4;33.8;-32.0;14.4;5.5;76.7;0.0000;-0.0338;-0.9250;101.3750;
850.78;0;1;0;0;77;207;30;30;30;30;30;1206;361;964;3.3;33.4;-32.0;14.4;5.5;76.7;0.0000;-0.0587;-0.7250;101.2000;
851.03;0;1;0;0;77;207;30;29;30;29;29;1168;361;966;3.3;33.4;-32.0;14.4;5.5;76.7;0.0000;-0.0849;-0.8250;100.6750;
851.28;0;1;0;0;77;207;29;28;29;28;29;1148;361;964;3.3;32.5;-32.0;14.4;5.5;76.7;0.0000;-0.0997;-0.7750;100.4750;
851.53;0;1;0;0;77;207;29;28;29;28;29;1135;361;966;3.3;32.5;-32.0;14.4;5.5;76.7;0.0000;-0.1094;-0.1750;100.6000;
851.78;0;1;0;0;77;207;29;28;29;28;29;1137;361;966;3.2;31.8;-32.0;14.4;5.5;76.7;0.0000;-0.1236;-0.2250;100.4250;
852.03;0;1;0;0;77;207;29;28;29;28;29;1139;361;966;3.2;30.4;-32.0;14.4;5.5;76.7;0.0000;-0.1329;-0.0250;100.1500;
852.28;0;0;0;0;77;207;29;28;29;28;29;1146;361;966;3.2;30.4;-32.0;14.4;5.5;76.7;0.0000;-0.1449;-0.0500;100.1000;
852.53;0;0;0;0;77;207;30;28;29;28;29;1155;361;966;3.2;29.1;-32.0;14.4;5.5;76.7;0.0000;-0.1426;0.0750;100.2750;
852.78;0;0;0;0;77;207;30;29;30;29;29;1171;361;966;3.2;27.8;-32.0;14.4;5.5;76.7;0.0000;-0.1261;0.3500;99.9000;
853.04;0;0;0;0;77;207;31;29;30;29;30;1199;361;966;3.2;27.8;-32.0;14.4;5.5;76.7;0.0000;-0.1241;0.5500;100.3500;
853.29;0;0;0;0;77;207;30;29;30;29;30;1185;361;966;3.2;26.4;-32.0;14.4;5.5;76.7;0.0000;-0.1236;0.0500;99.8750;
853.54;0;0;0;0;77;207;30;29;30;29;30;1199;361;966;3.2;26.4;-26.5;14.4;5.5;76.7;0.1216;-0.1275;0.0500;100.1000;
853.79;0;0;0;0;77;207;31;29;31;29;30;1209;361;966;3.3;25.6;-1.0;14.4;5.5;76.6;0.2000;-0.1417;0.1500;99.8250;
854.04;0;0;0;0;77;207;31;30;31;30;30;1238;361;966;3.3;25.6;40.5;14.4;5.5;76.6;0.2588;-0.1488;0.2250;99.7250;
854.29;0;0;0;0;77;207;32;30;32;30;31;1238;361;966;3.3;24.3;65.5;14.4;5.5;76.6;0.2706;-0.1492;0.4750;99.4750;
854.54;0;0;0;0;77;207;32;31;32;31;32;1266;361;966;3.3;24.3;88.0;14.4;5.5;76.6;0.2863;-0.1546;0.5500;99.5250;
854.79;0;0;0;0;77;207;33;32;33;32;32;1284;361;966;3.2;22.9;98.0;14.4;5.5;76.6;0.3020;-0.1714;0.5500;99.0750;
855.04;0;0;0;0;77;207;34;32;33;32;33;1314;361;966;3.3;21.4;108.0;14.4;5.5;76.6;0.3216;-0.1691;0.5500;98.6750;
855.29;0;0;0;0;77;207;35;33;34;33;34;1348;361;966;3.3;21.4;117.5;14.4;5.5;76.6;0.3373;-0.1624;0.7750;98.4750;
855.54;0;0;0;0;77;207;35;33;35;33;34;1369;361;966;3.3;20.0;150.5;14.4;5.5;76.6;0.3961;-0.1436;0.7000;99.0000;
855.79;0;0;0;0;77;207;36;35;36;35;35;1393;361;966;3.4;19.0;167.0;14.4;5.5;76.6;0.4078;-0.1195;0.7500;99.6500;
856.04;0;0;0;0;77;207;36;35;36;35;36;1423;361;966;3.4;19.0;182.0;14.4;5.5;76.6;0.4078;-0.1076;0.7500;99.9000;
856.29;0;0;0;0;77;207;37;36;37;36;37;1455;361;966;3.5;18.3;183.0;14.4;5.5;76.6;0.4078;-0.0951;0.9000;100.2500;
856.54;0;0;0;0;76;207;38;37;38;37;37;1498;361;966;3.5;18.3;183.5;14.4;5.5;76.6;0.4078;-0.0773;0.8750;101.0000;
856.79;0;0;0;0;77;207;39;38;38;38;38;1527;361;966;3.6;17.5;182.5;14.4;5.5;76.6;0.4118;-0.0304;0.9000;101.6250;
857.04;0;0;0;0;77;207;39;39;39;39;39;1568;361;966;3.6;17.4;184.0;14.4;5.5;76.6;0.4118;-0.0079;0.9750;102.0000;
857.29;0;0;0;0;77;207;40;40;40;40;40;1597;361;966;3.6;17.4;182.0;14.4;5.5;76.6;0.4078;0.0158;1.0000;0.1750;
857.54;0;0;0;0;77;207;41;41;41;41;41;1636;361;966;3.6;17.6;176.5;14.4;5.5;76.6;0.3922;0.0333;0.9250;0.5500;
857.79;0;0;0;0;77;207;42;42;42;42;42;1665;361;966;3.6;17.6;171.0;14.4;5.5;76.6;0.3882;0.0519;0.9000;0.8000;
858.06;0;0;0;0;77;207;42;43;42;43;43;1640;361;966;3.6;17.3;0.5;14.4;5.5;76.6;0.0000;0.0651;0.9000;1.4750;
858.31;1;0;0;0;77;207;42;43;42;43;42;1561;361;966;3.6;17.3;-29.0;14.4;5.5;76.6;0.0000;0.0704;0.0750;1.4750;
858.56;1;0;0;0;77;207;41;42;41;42;42;1293;361;966;3.6;18.5;-31.0;14.4;5.5;76.6;0.0000;0.0785;-0.1750;1.5500;
858.81;1;0;0;0;77;207;41;43;41;42;42;1267;361;966;3.6;20.8;74.5;14.4;5.5;76.6;0.3137;0.0785;-0.1250;1.6750;
859.06;0;0;0;0;77;207;42;43;42;43;42;1207;361;966;3.6;20.8;168.0;14.4;5.5;76.6;0.3961;0.0794;0.2500;1.7000;
859.31;0;0;0;0;77;207;43;44;42;44;43;1220;361;966;3.8;22.1;177.5;14.4;5.5;76.6;0.3961;0.0874;0.5750;2.0000;
859.56;0;0;0;0;77;207;43;44;43;44;44;1245;361;966;3.8;23.5;180.0;14.4;5.5;76.6;0.3961;0.0860;0.7000;2.0500;
859.81;0;0;0;0;77;207;44;46;44;45;45;1264;361;966;3.8;23.5;180.0;14.4;5.5;76.6;0.3922;0.0822;0.8750;2.0000;
860.06;0;0;0;0;77;207;45;46;45;46;46;1296;361;966;3.8;25.7;179.5;14.4;5.5;76.6;0.3961;0.0760;0.9000;1.8500;
860.31;0;0;0;0;77;207;46;47;46;47;47;1319;361;966;3.8;25.7;180.0;14.4;5.5;76.6;0.4078;0.0686;0.9750;1.6000;
860.56;0;0;0;0;77;207;47;48;47;48;47;1349;361;966;3.6;27.1;198.0;14.4;5.5;76.6;0.4314;0.0521;0.9000;1.3000;
860.81;0;0;0;0;77;207;48;49;49;49;49;1371;361;966;3.5;28.4;207.0;14.4;5.5;76.6;0.4471;0.0430;1.1000;0.9250;
861.06;0;0;0;0;77;207;49;50;50;50;50;1419;361;966;3.5;28.4;220.0;14.4;5.5;76.6;0.4667;0.0375;1.2500;1.0000;
861.31;0;0;0;0;77;207;51;52;51;52;51;1443;361;966;3.5;29.3;227.0;14.4;5.5;76.6;0.4745;0.0328;1.3250;0.7000;
861.56;0;0;0;0;77;207;52;53;52;53;53;1495;361;966;3.5;29.4;230.5;14.4;5.5;76.6;0.4706;0.0158;1.4750;0.5750;
861.81;0;0;0;0;77;207;54;54;54;54;54;1522;361;966;3.5;29.4;229.0;14.4;5.5;76.6;0.4706;0.0070;1.5500;102.3500;
862.06;0;0;0;0;77;207;55;56;55;55;55;1574;361;966;3.5;29.4;228.5;14.4;5.5;76.6;0.4706;0.0026;1.6000;102.1750;
862.31;0;0;0;0;77;207;57;57;57;57;57;1609;361;966;3.5;29.4;226.0;14.4;5.5;76.6;0.4706;0.0011;1.6000;102.1250;
862.56;0;0;0;0;77;207;58;59;58;58;58;1657;361;966;3.5;28.3;225.0;14.4;5.5;76.6;0.4706;-0.0011;1.6000;102.2750;
862.81;0;0;0;0;77;207;60;60;60;60;60;1692;361;966;3.5;28.3;224.5;14.4;5.5;76.6;0.4706;-0.0014;1.6500;102.0500;
863.07;0;0;0;0;77;207;61;61;61;61;61;1740;361;966;3.5;26.6;218.5;14.4;5.5;76.6;0.4471;-0.0013;1.6500;102.1500;
863.32;1;0;0;0;77;207;62;62;62;62;62;1701;361;966;3.5;26.6;-36.5;14.4;5.5;76.6;0.0000;-0.0009;1.1750;102.2500;
863.57;1;0;0;0;77;207;62;63;62;62;63;1534;361;966;3.4;25.7;-30.0;14.4;5.5;76.6;0.0000;-0.0008;0.6000;102.2000;
863.82;1;0;0;0;77;207;63;63;63;63;63;1266;361;966;3.4;25.8;-31.5;14.4;5.5;76.6;0.0000;-0.0009;0.4750;102.3000;
864.07;1;0;0;0;77;207;63;63;63;63;63;1087;361;966;3.4;25.8;-30.5;14.4;5.5;76.6;0.0000;-0.0008;0.3750;102.2250;
864.32;1;0;0;0;77;207;63;64;64;64;64;887;361;966;3.7;24.8;-5.5;14.4;5.5;76.6;0.0000;0.0003;0.2750;102.3500;
864.57;1;0;0;0;77;207;64;64;64;64;64;999;361;966;4.0;24.4;-15.5;14.4;5.5;76.6;0.1098;0.0025;0.2750;0.1250;
864.82;1;0;0;0;77;207;64;64;64;64;64;1205;361;966;4.0;24.4;44.5;14.4;5.5;76.6;0.2000;0.0033;0.2000;0.1750;
865.07;0;0;0;0;77;207;64;65;64;64;64;1204;361;966;4.4;24.5;46.5;14.4;5.5;76.6;0.2000;0.0034;0.3250;0.1000;
865.32;0;0;0;0;77;207;65;65;65;65;65;1215;361;966;4.4;24.5;44.0;14.4;5.5;76.6;0.2000;0.0036;0.4750;0.0250;
865.57;0;0;0;0;77;207;65;65;65;65;65;1218;361;966;4.6;24.2;41.5;14.4;5.5;76.6;0.1961;0.0029;0.5000;0.0750;
865.82;0;0;0;0;77;207;66;66;66;66;66;1227;361;966;4.8;24.6;41.0;14.4;5.5;76.6;0.1961;0.0026;0.4500;0.1250;
866.07;0;0;0;0;77;207;66;66;66;66;66;1234;361;966;4.8;24.6;42.0;14.4;5.5;76.6;0.1961;0.0013;0.4500;0.0750;
866.32;0;0;0;0;77;207;66;67;67;67;67;1240;361;966;4.8;24.6;43.5;14.4;5.5;76.6;0.1961;0.0000;0.4250;102.3750;
866.57;0;0;0;0;77;207;67;67;67;67;67;1245;361;966;5.0;24.9;43.0;14.4;5.5;76.6;0.1961;-0.0009;0.4250;102.3500;
866.82;0;0;0;0;77;207;68;68;67;68;68;1254;361;966;5.2;25.5;43.5;14.4;5.5;76.6;0.1961;-0.0007;0.4250;102.3000;
867.07;0;0;0;0;77;207;68;68;68;68;68;1260;361;966;5.2;25.5;43.5;14.4;5.5;76.6;0.1961;0.0025;0.4500;102.2250;
867.32;0;0;0;0;77;207;69;69;68;69;68;1274;361;966;5.5;25.9;43.5;14.4;5.5;76.6;0.1961;0.0033;0.4500;0.0000;
867.57;0;0;0;0;77;207;69;69;69;69;69;1282;361;966;5.7;26.3;43.0;14.4;5.5;76.6;0.1961;0.0057;0.4500;0.0000;
867.82;0;0;0;0;77;207;69;69;69;69;69;1290;361;966;5.7;26.3;42.5;14.4;5.5;76.6;0.2000;0.0059;0.4250;0.1000;
868.09;0;0;0;0;77;207;70;70;69;70;70;1295;361;966;5.8;26.3;43.0;14.4;5.5;76.6;0.1961;0.0059;0.4500;0.0500;
868.34;0;0;0;0;77;207;70;70;70;70;70;1300;361;966;5.8;26.3;44.0;14.4;5.5;76.6;0.2000;0.0059;0.4250;0.1000;
868.59;0;0;0;0;77;207;70;71;70;70;70;1306;361;966;5.7;26.2;45.0;14.4;5.5;76.6;0.2000;0.0061;0.3500;0.0250;
868.84;0;0;0;0;78;207;71;71;71;71;71;1321;361;966;5.6;26.2;44.0;14.4;5.5;76.6;0.2000;0.0062;0.3500;0.1250;
869.09;0;0;0;0;78;207;71;71;71;71;71;1327;361;966;5.6;26.2;44.0;14.4;5.5;76.6;0.2000;0.0066;0.4250;0.0000;
869.34;0;0;0;0;78;207;71;72;71;71;72;1330;361;966;5.5;26.2;44.5;14.4;5.5;76.6;0.2000;0.0066;0.4000;0.0250;
869.59;0;0;0;0;78;207;72;72;72;72;72;1338;361;966;5.5;26.3;45.0;14.4;5.5;76.6;0.2000;0.0038;0.3750;0.0000;
869.84;0;0;0;0;78;207;73;72;72;72;72;1349;361;966;5.5;26.3;44.0;14.4;5.5;76.6;0.2000;0.0038;0.4000;102.3750;
870.09;0;0;0;0;78;207;73;73;73;73;73;1351;361;966;5.5;26.2;44.5;14.4;5.5;76.6;0.2000;0.0046;0.4000;102.3250;
870.34;0;0;0;0;78;207;73;74;73;73;73;1360;361;966;5.5;26.2;45.0;14.4;5.5;76.6;0.2000;0.0054;0.3750;102.3250;
870.59;0;0;0;0;78;207;73;73;73;73;73;1366;361;966;5.6;26.3;44.5;14.4;5.5;76.6;0.2000;0.0057;0.3250;0.0000;
870.84;0;0;0;0;78;207;73;74;74;74;74;1370;361;966;5.6;26.3;44.5;14.4;5.5;76.6;0.2000;0.0067;0.2750;0.1750;
871.09;0;0;0;0;78;207;74;74;74;74;74;1371;361;966;5.5;26.4;44.5;14.4;5.5;76.6;0.2000;0.0080;0.2500;0.2750;
871.34;0;0;0;0;78;207;74;74;74;74;74;1380;361;966;5.5;26.4;43.5;14.4;5.5;76.6;0.2000;0.0091;0.3250;0.1500;
871.59;0;0;0;0;78;207;74;74;74;74;74;1381;361;966;5.4;26.4;44.5;14.4;5.5;76.6;0.2000;0.0091;0.2500;0.2000;
871.84;0;0;0;0;78;207;75;75;75;75;75;1392;361;966;5.4;26.7;44.5;14.4;5.5;76.6;0.2000;0.0092;0.2500;0.1750;
872.09;0;0;0;0;78;207;75;75;75;75;75;1392;361;966;5.4;26.7;43.5;14.4;5.5;76.6;0.2000;0.0092;0.2250;0.2000;
872.34;0;0;0;0;78;207;75;75;75;75;75;1393;361;966;5.4;26.7;46.0;14.4;5.5;76.6;0.2078;0.0075;0.1500;0.2000;
872.59;0;0;0;0;78;207;75;75;75;75;75;1402;361;966;5.4;26.8;47.0;14.4;5.5;76.6;0.2157;0.0049;0.1750;0.0000;
872.84;0;0;0;0;78;207;75;75;75;76;76;1404;361;966;5.4;26.8;54.5;14.4;5.5;76.6;0.2196;0.0051;0.2250;102.3750;
873.10;0;0;0;0;78;207;76;76;76;76;76;1413;361;966;5.4;26.9;56.5;14.4;5.5;76.6;0.2196;0.0057;0.2750;0.0500;
873.35;0;0;0;0;78;207;76;76;76;76;76;1415;361;966;5.4;26.6;56.5;14.4;5.5;76.6;0.2196;0.0064;0.2500;0.0500;
873.60;0;0;0;0;78;207;76;77;76;76;77;1417;361;966;5.4;26.6;57.0;14.4;5.5;76.6;0.2196;0.0041;0.2250;102.3000;
873.85;0;0;0;0;78;207;76;77;76;77;77;1423;361;966;5.3;26.7;58.5;14.4;5.5;76.6;0.2353;0.0069;0.2000;102.3000;
874.10;0;0;0;0;78;207;76;77;77;77;77;1423;361;966;5.3;26.7;65.5;14.4;5.5;76.6;0.2510;0.0091;0.2000;0.1500;
874.35;0;0;0;0;78;207;77;77;77;77;77;1434;361;966;5.3;26.7;86.0;14.4;5.5;76.6;0.2980;0.0123;0.1750;0.4000;
874.60;0;0;0;0;78;207;77;77;77;77;77;1429;361;966;5.3;26.7;105.5;14.4;5.5;76.6;0.3216;0.0127;0.1500;0.4250;
874.85;0;0;0;0;78;207;77;77;77;77;77;1441;361;966;5.3;26.7;134.5;14.4;5.5;76.6;0.3882;0.0104;0.2000;0.3250;
875.10;0;0;0;0;78;207;77;78;77;78;78;1441;361;966;5.3;26.7;164.0;14.4;5.5;76.6;0.4118;0.0091;0.2000;0.3750;
875.35;0;0;0;0;78;207;78;78;78;78;78;1449;361;966;5.2;26.7;196.0;14.4;5.5;76.6;0.4275;0.0086;0.3500;0.2000;
875.60;0;0;0;0;78;207;78;78;78;78;78;1457;361;966;5.1;26.6;202.5;14.4;5.5;76.6;0.4392;0.0095;0.4000;0.4500;
875.85;0;0;0;0;78;207;78;79;78;79;79;1465;361;966;5.1;26.6;215.5;14.4;5.5;76.6;0.4549;0.0110;0.4500;0.4500;
876.10;0;0;0;0;78;207;79;79;79;79;79;1468;361;966;5.0;26.4;220.5;14.4;5.5;76.6;0.4667;0.0125;0.4000;0.4000;
876.35;0;0;0;0;78;207;79;79;79;79;79;1480;361;966;4.8;26.3;230.5;14.4;5.5;76.6;0.4784;0.0130;0.3250;0.5000;
876.60;0;0;0;0;78;207;80;80;80;80;80;1482;361;966;4.8;26.3;245.0;14.4;5.5;76.6;0.5059;0.0127;0.3500;0.5250;
876.85;0;0;0;0;78;207;80;80;80;80;80;1492;361;966;4.7;26.2;258.0;14.4;5.5;76.6;0.5333;0.0093;0.3250;0.4000;
877.10;0;0;0;0;78;207;80;81;80;80;81;1494;361;966;4.7;26.2;262.5;14.4;5.5;76.6;0.5373;0.0069;0.4000;0.1000;
877.35;0;0;0;0;78;207;81;81;81;81;81;1503;361;966;4.5;26.1;266.5;14.4;5.5;76.6;0.5451;0.0057;0.4500;0.0750;
877.60;0;0;0;0;78;207;81;81;81;81;82;1509;361;966;4.3;26.0;269.0;14.4;5.5;76.6;0.5529;0.0064;0.4500;0.2750;
877.85;0;0;0;0;78;207;81;82;81;82;82;1516;361;966;4.3;26.0;270.5;14.4;5.5;76.6;0.5529;0.0064;0.4000;0.0750;
878.12;0;0;0;0;78;207;82;82;82;82;82;1522;361;966;4.1;25.7;268.0;14.4;5.5;76.6;0.5490;0.0064;0.2250;0.1000;
878.37;0;0;0;0;78;207;82;82;82;82;82;1528;361;966;3.9;25.7;268.0;14.4;5.5;76.6;0.5490;0.0064;0.2500;102.3500;
878.62;0;0;0;0;78;207;82;83;82;82;83;1527;361;966;3.9;25.7;268.0;14.4;5.5;76.6;0.5490;0.0066;0.2500;0.0750;
878.87;0;0;0;0;78;207;83;83;82;83;83;1535;361;966;3.9;25.7;267.5;14.4;5.5;76.6;0.5490;0.0070;0.2500;0.0500;
879.12;0;0;0;0;78;207;83;83;83;83;83;1542;361;966;3.7;25.3;266.5;14.4;5.5;76.6;0.5490;0.0079;0.2250;0.2000;
879.37;0;0;0;0;78;207;83;83;83;83;83;1547;361;966;3.6;25.0;266.5;14.4;5.5;76.6;0.5451;0.0091;0.2250;0.1750;
879.62;0;0;0;0;78;207;83;83;83;83;84;1548;361;966;3.6;25.0;267.0;14.4;5.5;76.6;0.5451;0.0091;0.2000;0.3500;
879.87;0;0;0;0;78;207;84;83;83;84;84;1556;361;966;3.5;25.0;265.5;14.4;5.5;76.6;0.5451;0.0091;0.2000;0.0500;
880.12;0;0;0;0;78;207;83;84;84;84;84;1556;361;966;3.5;25.0;265.5;14.4;5.5;76.6;0.5451;0.0097;0.1750;0.3250;
880.37;0;0;0;0;78;207;84;84;84;84;84;1558;361;966;3.4;25.0;266.5;14.4;5.5;76.6;0.5451;0.0110;0.1500;0.2250;
880.62;0;0;0;0;78;207;84;84;84;84;84;1559;361;966;3.4;24.6;266.0;14.4;5.5;76.6;0.5451;0.0110;0.1250;0.3250;
880.87;0;0;0;0;78;207;84;84;84;84;84;1563;361;966;3.4;24.6;265.5;14.4;5.5;76.6;0.5451;0.0112;0.1250;0.3250;
881.12;0;0;0;0;78;207;84;85;84;84;84;1564;361;966;3.3;24.6;266.0;14.4;5.5;76.6;0.5451;0.0123;0.1000;0.4250;
881.37;0;0;0;0;78;207;84;84;84;85;85;1567;361;966;3.3;24.6;266.0;14.4;5.5;76.6;0.5451;0.0123;0.1000;0.4250;
881.62;0;0;0;0;78;207;84;84;84;85;85;1568;361;966;3.3;24.6;266.5;14.4;5.5;76.6;0.5451;0.0118;0.0500;0.3250;
881.87;0;0;0;0;79;207;84;85;84;85;85;1570;361;966;3.3;24.7;265.5;14.4;5.5;76.6;0.5451;0.0104;0.0250;0.3750;
882.12;0;0;0;0;79;207;84;85;84;85;85;1572;361;966;3.3;24.7;265.5;14.4;5.5;76.6;0.5451;0.0052;0.0500;0.1250;
882.37;0;0;0;0;79;207;84;85;85;85;85;1570;361;966;3.3;25.0;266.0;14.4;5.5;76.6;0.5490;0.0022;0.0750;0.0500;
882.62;0;0;0;0;79;207;85;85;85;85;85;1573;361;966;3.3;24.8;265.5;14.4;5.5;76.6;0.5451;-0.0013;0.0250;102.2250;
882.87;0;0;0;0;79;207;85;84;85;85;85;1575;361;966;3.3;24.8;265.5;14.4;5.5;76.6;0.5451;-0.0020;0.0750;102.0500;
883.13;0;0;0;0;79;207;85;85;85;85;85;1577;361;966;3.3;24.8;265.0;14.4;5.5;76.6;0.5451;-0.0022;0.0250;102.1250;
883.38;0;0;0;0;79;207;85;85;85;85;85;1578;361;966;3.3;24.6;266.0;14.4;5.5;76.6;0.5451;-0.0033;0.0500;102.0000;
883.63;0;0;0;0;79;207;85;85;85;85;85;1577;361;966;3.2;24.5;266.0;14.4;5.5;76.6;0.5451;-0.0033;0.0250;102.0500;
883.88;0;0;0;0;79;207;85;85;85;85;85;1576;361;966;3.2;24.5;265.5;14.4;5.5;76.6;0.5451;-0.0033;0.0500;101.9500;
884.13;0;0;0;0;79;207;85;85;85;85;85;1578;361;966;3.3;24.3;265.5;14.4;5.5;76.6;0.5451;-0.0031;0.0500;102.1750;
884.38;0;0;0;0;79;207;85;85;85;85;85;1580;361;966;3.3;24.0;265.5;14.4;5.5;76.6;0.5451;-0.0009;0.0000;102.0750;
884.63;0;0;0;0;79;207;85;85;85;85;85;1582;361;966;3.3;24.0;265.0;14.4;5.5;76.6;0.5451;0.0001;-0.0250;102.2250;
884.88;0;0;0;0;79;207;85;85;85;85;85;1576;361;966;3.3;23.9;265.0;14.4;5.5;76.6;0.5451;0.0022;-0.0250;0.0000;
885.13;0;0;0;0;79;207;85;85;85;85;85;1577;361;966;3.3;23.9;265.0;14.4;5.5;76.6;0.5451;0.0038;0.0000;0.1000;
885.38;0;0;0;0;79;207;85;85;85;85;85;1579;361;966;3.3;23.8;265.0;14.4;5.5;76.6;0.5451;0.0054;-0.0250;0.2000;
885.63;0;0;0;0;80;207;85;85;85;85;85;1580;361;966;3.3;23.7;265.0;14.4;5.5;76.6;0.5451;0.0054;0.0250;0.2000;
885.88;0;0;0;0;80;207;85;85;85;85;85;1582;361;966;3.3;23.7;266.0;14.4;5.5;76.6;0.5451;0.0051;0.0250;0.3250;
886.13;0;0;0;0;80;207;85;85;85;85;85;1580;361;966;3.3;23.7;265.5;14.4;5.5;76.6;0.5451;0.0034;0.0000;0.3500;
886.38;0;0;0;0;80;207;85;85;85;85;85;1582;361;966;3.3;23.5;265.5;14.4;5.5;76.6;0.5451;-0.0003;-0.0250;0.0000;
886.63;0;0;0;0;80;207;85;85;85;85;85;1579;361;966;3.3;23.5;265.0;14.4;5.5;76.6;0.5490;-0.0003;0.0250;102.3250;
886.88;0;0;0;0;80;207;85;85;85;85;85;1583;361;966;3.3;23.4;265.5;14.4;5.5;76.6;0.5451;-0.0001;0.0000;0.0000;
887.13;0;0;0;0;80;207;85;85;85;85;85;1582;361;966;3.3;23.4;266.0;14.4;5.5;76.6;0.5451;0.0004;-0.0250;102.3750;
887.38;0;0;0;0;80;207;85;85;85;85;85;1581;361;966;3.3;23.7;264.5;14.4;5.5;76.6;0.5451;0.0007;-0.0250;102.3500;
887.63;0;0;0;0;80;207;85;85;85;85;85;1581;361;966;3.3;23.7;265.5;14.4;5.5;76.6;0.5451;0.0008;0.0000;102.2500;
887.88;0;0;0;0;80;207;85;85;85;85;85;1584;361;966;3.3;23.9;265.0;14.4;5.5;76.6;0.5451;0.0008;0.0000;0.1500;
888.15;0;0;0;0;80;207;85;85;85;85;85;1583;361;966;3.3;24.0;265.0;14.4;5.5;76.6;0.5451;0.0008;-0.0250;0.0000;
888.40;0;0;0;0;80;207;85;85;85;85;85;1583;361;966;3.3;24.0;265.5;14.4;5.5;76.6;0.5451;0.0008;-0.0250;0.0000;
888.65;0;0;0;0;81;207;85;85;85;85;85;1584;361;966;3.2;24.2;265.0;14.4;5.5;76.6;0.5451;0.0016;0.0000;0.0750;
888.90;0;0;0;0;81;207;85;85;85;85;85;1583;361;966;3.2;24.2;265.0;14.4;5.5;76.6;0.5451;0.0018;0.0250;0.0250;
889.15;0;0;0;0;81;207;85;85;85;85;85;1586;361;966;3.2;24.3;264.5;14.4;5.5;76.6;0.5451;0.0018;0.0000;0.0500;
889.40;0;0;0;0;81;207;85;85;85;85;86;1586;361;966;3.2;24.3;265.5;14.4;5.5;76.6;0.5451;0.0018;-0.0250;0.1000;
889.65;0;0;0;0;81;207;85;85;85;85;86;1582;361;966;3.2;24.3;266.0;14.4;5.5;76.6;0.5451;0.0018;-0.0250;0.0750;
889.90;0;0;0;0;81;207;85;85;85;85;85;1586;361;966;3.2;24.3;264.5;14.4;5.5;76.6;0.5451;-0.0008;-0.0500;0.0500;
890.15;0;0;0;0;81;207;85;85;85;86;86;1587;361;966;3.2;24.2;265.0;14.4;5.5;76.6;0.5451;-0.0008;0.0250;102.3500;
890.40;0;0;0;0;81;207;85;85;85;85;86;1586;361;966;3.2;24.2;265.0;14.4;5.5;76.6;0.5451;-0.0007;0.0250;0.0500;
890.65;0;0;0;0;81;207;85;85;85;85;86;1588;361;966;3.2;24.0;265.0;14.4;5.5;76.6;0.5451;-0.0001;0.0000;0.0000;
890.90;0;0;0;0;81;207;85;85;85;85;86;1584;361;966;3.2;24.0;266.0;14.4;5.5;76.6;0.5451;0.0003;0.0000;102.3500;
891.15;0;0;0;0;81;207;85;85;85;85;86;1584;361;966;3.2;24.3;265.0;14.4;5.5;76.6;0.5451;0.0004;0.0000;0.0750;
891.40;0;0;0;0;81;207;86;85;85;86;86;1589;361;966;3.2;24.3;265.0;14.4;5.5;76.6;0.5451;0.0007;0.0000;0.0000;
891.65;0;0;0;0;82;207;85;85;85;85;86;1588;361;966;3.2;24.3;265.0;14.4;5.5;76.6;0.5451;0.0007;0.0500;0.1000;
891.90;0;0;0;0;82;207;85;85;85;85;86;1590;361;966;3.2;24.3;265.5;14.4;5.5;76.6;0.5451;0.0014;0.0250;0.0500;
892.15;0;0;0;0;82;207;85;86;85;85;86;1587;361;966;3.2;24.1;266.0;14.4;5.5;76.6;0.5451;0.0025;0.0000;0.0000;
892.40;0;0;0;0;82;207;85;86;86;85;86;1587;361;966;3.2;24.1;264.5;14.4;5.5;76.6;0.5451;0.0049;-0.0500;0.2250;
892.65;0;0;0;0;82;207;86;85;86;86;86;1587;361;966;3.2;24.1;264.5;14.4;5.5;76.6;0.5451;0.0049;-0.0250;0.1500;
892.90;0;0;0;0;82;207;85;86;86;86;86;1590;361;966;3.2;24.3;264.5;14.4;5.5;76.6;0.5451;0.0029;0.0250;0.1500;
893.16;0;0;0;0;82;207;86;85;86;86;86;1591;361;966;3.2;24.4;265.0;14.4;5.5;76.6;0.5451;-0.0021;0.0000;102.2750;
893.41;0;0;0;0;82;207;85;86;86;86;86;1590;361;966;3.2;24.4;265.0;14.4;5.5;76.6;0.5451;-0.0021;0.0250;102.3000;
893.66;0;0;0;0;82;207;86;86;86;86;86;1589;361;964;3.2;24.3;265.5;14.4;5.5;76.6;0.5451;-0.0021;0.0000;102.2750;
893.91;0;0;0;0;82;207;86;86;86;86;86;1593;361;964;3.2;24.3;265.5;14.4;5.5;76.6;0.5451;-0.0020;0.0000;102.2000;
894.16;0;0;0;0;82;207;86;85;86;86;86;1593;361;964;3.2;24.2;265.0;14.4;5.5;76.6;0.5451;-0.0008;0.0250;102.3250;
894.41;0;0;0;0;82;207;86;86;86;86;86;1596;361;964;3.2;24.1;265.0;14.4;5.5;76.6;0.5451;-0.0008;0.0250;102.3000;
894.66;0;0;0;0;82;207;86;86;86;86;86;1595;361;964;3.2;24.1;265.5;14.4;5.5;76.6;0.5451;-0.0009;0.0250;0.0000;
894.91;0;0;0;0;82;207;86;86;86;86;86;1593;361;964;3.2;24.3;265.0;14.4;5.5;76.6;0.5451;-0.0008;0.0250;102.3250;
895.16;0;0;0;0;83;207;86;86;86;86;86;1592;361;964;3.2;24.1;265.0;14.4;5.5;76.6;0.5412;0.0011;-0.0500;102.0750;
895.41;0;0;0;0;83;207;86;86;86;86;86;1593;361;964;3.2;24.1;264.0;14.4;5.5;76.6;0.5412;0.0022;0.0000;0.0750;
895.66;0;0;0;0;83;207;86;86;86;86;86;1597;361;964;3.2;24.1;263.0;14.4;5.5;76.6;0.5412;0.0033;0.0000;0.1000;
895.91;0;0;0;0;83;207;86;86;86;86;86;1595;361;964;3.2;24.1;263.0;14.4;5.5;76.7;0.5412;0.0034;0.0000;0.2000;
896.16;0;0;0;0;83;207;86;86;86;86;86;1596;361;964;3.2;24.3;264.0;14.4;5.5;76.7;0.5412;0.0036;0.0000;0.2250;
896.41;0;0;0;0;83;207;86;86;86;86;86;1596;361;964;3.2;24.3;263.5;14.4;5.5;76.7;0.5412;0.0036;-0.0250;0.0500;
896.66;0;0;0;0;83;207;86;86;86;86;86;1595;361;964;3.2;24.4;263.5;14.4;5.5;76.7;0.5412;0.0036;0.0250;0.2000;
896.91;0;0;0;0;83;207;86;86;86;86;86;1599;361;964;3.2;24.4;263.5;14.4;5.5;76.7;0.5373;0.0036;0.0000;0.1750;
897.16;0;0;0;0;83;207;86;86;86;86;86;1600;361;964;3.2;24.3;262.5;14.4;5.5;76.7;0.5373;0.0013;0.0000;0.0750;
897.41;0;0;0;0;83;207;86;86;86;86;86;1598;361;964;3.2;24.3;262.0;14.4;5.5;76.7;0.5373;0.0011;0.0250;0.1750;
897.66;0;0;0;0;84;207;86;86;86;86;86;1599;361;964;3.2;24.3;262.0;14.4;5.5;76.7;0.5373;0.0011;0.0000;0.0000;
897.91;0;0;0;0;84;207;86;86;86;86;86;1597;361;964;3.2;24.5;262.5;14.4;5.5;76.7;0.5373;0.0011;0.0500;0.0000;
898.18;0;0;0;0;84;207;86;86;86;86;86;1596;361;964;3.2;24.6;261.5;14.4;5.5;76.7;0.5373;-0.0003;0.0250;0.0750;
898.43;0;0;0;0;84;207;86;86;86;86;86;1600;361;964;3.2;24.6;260.5;14.4;5.5;76.7;0.5373;-0.0003;0.0250;102.3500;
898.68;0;0;0;0;84;207;86;86;86;86;86;1603;361;964;3.2;24.6;260.5;14.4;5.5;76.7;0.5373;0.0001;0.0000;0.0750;
898.93;0;0;0;0;84;207;86;86;86;86;86;1605;361;964;3.2;24.6;259.5;14.4;5.5;76.7;0.5333;0.0001;0.0500;0.0500;
899.18;0;0;0;0;84;207;86;86;86;87;87;1608;361;964;3.2;24.6;259.0;14.4;5.5;76.7;0.5333;-0.0014;0.0750;102.3250;
899.43;0;0;0;0;84;207;86;87;87;87;87;1611;361;964;3.2;24.7;259.5;14.4;5.5;76.7;0.5333;-0.0014;0.1500;102.3000;
899.68;0;0;0;0;84;207;87;87;87;87;87;1612;361;962;3.2;24.7;259.0;14.4;5.5;76.7;0.5333;-0.0014;0.1500;102.2750;
899.93;0;0;0;0;84;207;87;87;87;87;87;1618;361;962;3.2;24.7;258.0;14.4;5.5;76.7;0.5255;-0.0013;0.1500;102.3000;
900.18;0;0;0;0;84;207;87;87;87;87;87;1623;361;962;3.2;24.7;256.5;14.4;5.5;76.7;0.5216;-0.0011;0.2000;0.0000;
900.43;0;0;0;0;84;207;87;88;88;87;88;1629;361;964;3.2;24.5;252.5;14.4;5.5;76.7;0.5137;-0.0013;0.2250;102.3750;
900.68;0;0;0;0;84;207;88;88;88;88;88;1631;361;962;3.2;24.5;246.5;14.4;5.5;76.7;0.4863;-0.0011;0.2250;102.2750;
900.93;0;0;0;0;84;207;88;88;88;88;88;1633;361;962;3.2;24.5;220.0;14.4;5.5;76.7;0.4431;-0.0008;0.1500;102.2750;
901.18;0;0;0;0;85;207;88;88;88;88;88;1633;361;962;3.2;24.4;185.0;14.4;5.5;76.7;0.4039;-0.0014;0.2000;102.3000;
901.43;0;0;0;0;85;207;88;88;88;88;88;1633;361;962;3.2;24.4;148.0;14.4;5.5;76.7;0.3137;-0.0021;0.1000;102.1500;
901.68;0;0;0;0;85;207;88;89;88;88;88;1634;361;962;3.2;24.3;93.5;14.4;5.5;76.7;0.2627;-0.0021;0.0500;102.3000;
901.93;0;0;0;0;85;207;88;88;88;88;88;1634;361;962;3.2;24.3;77.0;14.4;5.5;76.7;0.2510;-0.0021;-0.0750;102.1750;
902.18;0;0;0;0;85;207;88;88;88;88;88;1629;361;962;3.2;24.5;73.5;14.4;5.5;76.7;0.2471;-0.0009;-0.1500;102.2250;
902.43;0;0;0;0;85;207;87;88;88;88;88;1628;361;962;3.2;24.5;71.5;14.4;5.5;76.7;0.2471;-0.0011;-0.1750;102.2500;
902.68;0;0;0;0;85;207;87;88;87;87;88;1623;361;962;3.2;24.5;73.5;14.4;5.5;76.7;0.2510;-0.0021;-0.2000;102.2500;
902.93;0;0;0;0;85;207;87;87;87;87;88;1622;361;962;3.3;24.8;74.5;14.4;5.5;76.7;0.2510;-0.0031;-0.1500;102.0500;
903.19;0;0;0;0;85;207;87;87;87;87;87;1621;361;962;3.3;24.9;74.5;14.4;5.5;76.7;0.2510;-0.0028;-0.1250;102.1250;
903.44;0;0;0;0;85;207;87;87;87;87;87;1617;361;962;3.3;24.9;74.5;14.4;5.5;76.7;0.2510;-0.0028;-0.1250;102.1250;
903.69;0;0;0;0;85;207;87;87;87;87;87;1623;361;962;3.4;24.9;74.5;14.4;5.5;76.7;0.2510;-0.0029;-0.0750;102.0750;
903.94;0;0;0;0;86;207;87;87;87;87;87;1621;361;962;3.4;24.9;74.5;14.4;5.5;76.7;0.2510;-0.0029;-0.0750;102.0250;
904.19;0;0;0;0;86;207;87;87;87;87;87;1616;361;962;3.5;25.0;75.5;14.4;5.5;76.7;0.2510;-0.0029;0.0000;102.0750;
904.44;0;0;0;0;86;207;87;87;87;87;87;1620;361;962;3.5;25.0;75.5;14.4;5.5;76.7;0.2510;-0.0029;0.0000;102.1500;
904.69;0;0;0;0;86;207;87;87;87;87;87;1621;361;962;3.5;25.2;76.5;14.4;5.5;76.7;0.2510;-0.0026;0.0000;102.0750;
904.94;0;0;0;0;86;207;87;87;87;87;87;1622;361;962;3.5;25.2;76.5;14.4;5.5;76.7;0.2510;-0.0028;0.0000;102.2000;
905.19;0;0;0;0;86;207;87;87;87;87;88;1622;361;962;3.6;25.3;76.0;14.4;5.5;76.7;0.2510;-0.0033;0.0750;102.1250;
905.44;0;0;0;0;86;207;87;87;87;87;88;1626;361;962;3.6;25.5;76.0;14.4;5.5;76.7;0.2549;-0.0029;0.0500;101.9250;
905.69;0;0;0;0;86;207;87;88;88;88;88;1626;361;962;3.6;25.5;77.5;14.4;5.5;76.7;0.2549;-0.0020;0.0750;102.2000;
905.94;0;0;0;0;86;207;88;88;88;88;88;1629;361;962;3.7;25.6;76.5;14.4;5.5;76.7;0.2549;-0.0016;0.0500;102.0750;
906.19;0;0;0;0;86;207;88;88;88;88;88;1632;361;962;3.7;25.6;77.0;14.4;5.5;76.7;0.2549;-0.0014;0.1000;102.2000;
906.44;0;0;0;0;86;207;88;88;88;88;88;1638;361;962;3.7;25.6;76.5;14.4;5.5;76.7;0.2549;-0.0014;0.1500;102.1750;
906.69;0;0;0;0;86;207;88;88;88;88;89;1641;361;962;3.8;25.7;77.0;14.4;5.5;76.7;0.2549;-0.0014;0.2000;102.2250;
906.94;0;0;0;0;86;207;89;88;88;89;89;1645;361;962;3.8;25.6;77.5;14.4;5.5;76.7;0.2549;-0.0007;0.2000;102.2750;
907.19;0;0;0;0;86;207;89;89;89;89;89;1647;361;962;3.8;25.6;78.0;14.4;5.5;76.7;0.2510;0.0092;0.2000;0.1500;
907.44;0;0;0;0;86;207;89;89;89;89;89;1653;361;962;3.7;25.8;78.0;14.4;5.5;76.7;0.2549;0.0075;0.2500;0.5750;
907.69;0;0;0;0;86;207;89;90;89;89;90;1656;361;962;3.7;25.8;78.0;14.4;5.5;76.7;0.2549;0.0036;0.2250;0.2000;
907.94;0;0;0;0;86;207;89;90;90;90;90;1663;361;962;3.7;26.6;77.5;14.4;5.5;76.7;0.2549;-0.0011;0.2250;102.2250;
908.21;0;0;0;0;86;207;90;90;90;90;90;1666;361;962;3.7;26.6;77.5;14.4;5.5;76.7;0.2549;-0.0016;0.2500;102.2000;
908.46;0;0;0;0;86;207;90;90;90;90;90;1671;361;962;3.7;26.6;77.0;14.4;5.5;76.7;0.2510;-0.0016;0.2250;102.2250;
908.71;0;0;0;0;86;207;90;90;90;90;90;1676;361;962;3.7;26.6;75.5;14.4;5.5;76.7;0.2510;-0.0020;0.2000;102.3000;
908.96;0;0;0;0;87;207;91;90;90;90;91;1681;361;962;3.6;26.4;73.5;14.4;5.5;76.7;0.2510;-0.0022;0.2500;102.2250;
909.21;0;0;0;0;87;207;91;91;91;91;91;1683;361;962;3.6;26.7;73.5;14.4;5.5;76.7;0.2510;-0.0022;0.1750;102.0750;
909.46;0;0;0;0;87;207;91;91;91;91;91;1689;361;962;3.6;26.7;74.0;14.4;5.5;76.7;0.2510;-0.0022;0.2000;102.1500;
909.71;0;0;0;0;87;207;91;91;91;91;91;1687;361;962;3.5;26.6;75.5;14.4;5.5;76.7;0.2510;-0.0025;0.1750;102.1250;
909.96;0;0;0;0;87;207;91;91;91;91;91;1692;361;962;3.5;26.5;75.5;14.4;5.5;76.7;0.2510;-0.0021;0.1250;102.1500;
910.21;0;0;0;0;87;207;91;91;91;91;91;1694;361;962;3.5;26.5;74.5;14.4;5.5;76.7;0.2510;-0.0016;0.1250;102.0750;
910.46;0;0;0;0;87;207;91;91;91;91;92;1699;361;962;3.5;26.6;75.0;14.4;5.5;76.7;0.2510;-0.0013;0.1250;102.2000;
910.71;0;0;0;0;87;207;91;91;91;91;92;1698;361;962;3.5;26.6;74.5;14.4;5.5;76.7;0.2510;-0.0011;0.0750;102.1500;
910.96;0;0;0;0;87;207;91;91;92;92;92;1700;361;962;3.4;26.6;75.5;14.4;5.5;76.7;0.2510;-0.0008;0.0500;102.1500;
911.21;0;0;0;0;87;207;92;91;92;92;92;1701;361;962;3.4;26.5;75.5;14.4;5.5;76.7;0.2510;-0.0008;0.0750;102.2250;
911.46;0;0;0;0;87;207;91;92;91;92;92;1702;361;962;3.4;26.5;75.5;14.4;5.5;76.7;0.2510;-0.0003;0.0250;102.3500;
911.71;0;0;0;0;87;207;92;92;92;92;92;1704;359;962;3.4;26.5;75.0;14.4;5.5;76.7;0.2510;0.0013;0.0000;102.2750;
911.96;0;0;0;0;87;207;92;92;92;92;92;1706;359;962;3.4;26.1;75.0;14.4;5.5;76.7;0.2510;0.0072;0.0500;0.0000;
912.21;0;0;0;0;87;207;91;92;92;92;92;1702;359;962;3.4;26.1;76.0;14.4;5.5;76.7;0.2549;0.0104;0.0000;0.4750;
912.46;0;0;0;0;87;207;91;91;92;92;92;1703;359;962;3.4;26.1;76.5;14.4;5.5;76.7;0.2549;0.0135;-0.0500;0.6000;
912.71;0;0;0;0;87;207;91;91;91;92;92;1700;359;962;3.4;26.1;77.0;14.4;5.5;76.7;0.2549;0.0170;-0.1250;1.1500;
912.96;0;0;0;0;87;207;91;92;91;91;92;1698;359;962;3.4;27.3;77.5;14.4;5.5;76.7;0.2549;0.0260;-0.1250;1.5000;
913.22;0;0;0;0;87;207;91;92;91;91;91;1692;359;962;3.4;27.3;76.5;14.4;5.5;76.7;0.2549;0.0262;-0.1500;1.6750;
913.47;0;0;0;0;87;207;91;91;91;91;91;1692;359;962;3.3;27.9;78.0;14.4;5.5;76.7;0.2588;0.0272;-0.1500;1.8750;
913.72;0;0;0;0;87;207;90;91;91;91;91;1686;359;962;3.3;27.9;79.5;14.4;5.5;76.7;0.2588;0.0282;-0.1750;1.9750;
913.97;0;0;0;0;87;207;90;91;90;91;91;1683;359;962;3.3;29.0;79.5;14.4;5.5;76.7;0.2627;0.0288;-0.1500;2.1000;
914.22;0;0;0;0;87;207;90;91;90;91;91;1678;359;962;3.3;30.4;80.0;14.4;5.5;76.7;0.2588;0.0288;-0.2000;1.9250;
914.47;0;0;0;0;87;207;90;91;90;91;91;1679;359;962;3.3;30.4;80.0;14.4;5.5;76.7;0.2667;0.0288;-0.2250;2.0750;
914.72;0;0;0;0;87;207;90;90;90;90;90;1670;359;962;3.3;31.2;84.5;14.4;5.5;76.7;0.2667;0.0288;-0.2750;1.9500;
914.97;0;0;0;0;87;207;89;90;90;90;90;1670;359;962;3.3;32.3;85.5;14.4;5.5;76.7;0.2667;0.0288;-0.2750;1.8500;
915.22;0;0;0;0;87;207;89;90;89;90;90;1663;359;962;3.3;32.3;92.0;14.4;5.5;76.7;0.3059;0.0298;-0.3250;2.0250;
915.47;0;0;0;0;87;207;89;90;89;90;90;1665;359;962;3.3;33.5;115.5;14.4;5.5;76.7;0.3529;0.0328;-0.2750;2.3250;
915.72;0;0;0;0;87;207;89;89;89;90;89;1658;359;962;3.3;33.5;141.5;14.4;5.5;76.7;0.3686;0.0328;-0.2750;2.3750;
915.97;0;0;0;0;87;207;89;89;89;89;89;1656;359;962;3.3;34.6;155.5;14.4;5.5;76.7;0.3922;0.0313;-0.2000;2.2500;
916.22;0;0;0;0;87;207;89;90;89;89;89;1658;359;962;3.2;35.7;178.0;14.4;5.5;76.7;0.4157;0.0301;-0.1000;2.1500;
916.47;0;0;0;0;87;207;89;90;89;89;89;1656;359;962;3.2;35.7;192.5;14.4;5.5;76.7;0.4275;0.0296;-0.0500;1.8750;
916.72;0;0;0;0;87;207;89;89;89;90;89;1658;359;962;3.2;35.7;199.5;14.4;5.5;76.7;0.4353;0.0296;0.0250;1.7750;
916.97;0;0;0;0;87;207;89;89;89;89;89;1656;359;962;3.2;36.3;203.0;14.4;5.5;76.7;0.4471;0.0308;0.0250;1.9750;
917.22;0;0;0;0;87;207;89;90;89;89;89;1657;359;962;3.2;36.2;213.5;14.4;5.5;76.7;0.4627;0.0314;0.0250;2.0000;
917.47;0;0;0;0;87;207;89;90;89;90;89;1656;359;962;3.2;36.2;223.0;14.4;5.5;76.7;0.4745;0.0338;-0.0500;2.2750;
917.72;0;0;0;0;87;207;89;89;89;90;89;1654;359;962;3.2;36.5;230.5;14.4;5.5;76.7;0.4824;0.0339;0.0250;2.4000;
917.97;0;0;0;0;87;207;89;90;89;90;90;1663;359;962;3.2;36.5;236.5;14.4;5.5;76.7;0.4941;0.0330;0.0750;2.1500;
918.24;0;0;0;0;88;207;89;90;89;90;90;1663;359;962;3.2;36.5;245.5;14.4;5.5;76.7;0.5059;0.0326;0.1000;2.3000;
918.49;0;0;0;0;88;207;89;90;89;90;90;1665;359;962;3.2;36.4;247.5;14.4;5.5;76.7;0.5098;0.0323;0.1500;2.2500;
918.74;0;0;0;0;88;207;90;90;90;90;90;1669;359;962;3.2;36.4;250.5;14.4;5.5;76.7;0.5176;0.0320;0.1500;2.4000;
918.99;0;0;0;0;88;207;90;90;90;90;90;1673;359;962;3.2;36.4;250.5;14.4;5.5;76.7;0.5176;0.0309;0.1250;2.0500;
919.24;0;0;0;0;88;207;90;90;90;90;90;1676;359;962;3.2;36.0;251.0;14.4;5.5;76.7;0.5176;0.0314;0.1250;2.0750;
919.49;0;0;0;0;88;207;90;91;90;90;91;1676;359;962;3.2;36.0;251.0;14.4;5.5;76.7;0.5137;0.0333;0.1500;2.3500;
919.74;0;0;0;0;88;207;90;91;90;91;91;1680;359;962;3.2;35.8;251.0;14.4;5.5;76.7;0.5176;0.0330;0.1250;2.3250;
919.99;0;0;0;0;88;207;90;91;90;91;91;1682;359;962;3.2;35.8;250.5;14.4;5.5;76.7;0.5176;0.0312;0.1250;2.2500;
920.24;0;0;0;0;88;207;90;91;90;91;91;1687;359;962;3.2;35.8;250.0;14.4;5.5;76.7;0.5176;0.0290;0.1500;2.0250;
920.49;0;0;0;0;88;207;90;91;90;91;91;1684;359;962;3.2;35.3;250.5;14.4;5.5;76.7;0.5176;0.0273;0.0750;1.6500;
920.74;0;0;0;0;88;207;90;91;91;91;91;1687;359;962;3.2;35.3;250.0;14.4;5.5;76.7;0.5137;0.0242;0.0500;1.6250;
920.99;0;0;0;0;88;207;91;91;91;91;91;1689;359;962;3.2;35.1;249.0;14.4;5.5;76.7;0.5137;0.0118;0.0500;0.9250;
921.24;0;0;0;0;88;207;91;91;91;91;91;1692;359;962;3.2;35.1;247.5;14.4;5.5;76.7;0.5098;0.0079;0.0250;0.3500;
921.49;0;0;0;0;88;207;91;91;91;91;91;1694;359;962;3.2;34.7;247.5;14.4;5.5;76.7;0.5098;0.0034;0.0250;0.0000;
921.74;0;0;0;0;88;207;91;91;91;91;91;1694;359;962;3.2;34.7;246.0;14.4;5.5;76.7;0.5059;0.0000;0.0750;102.2000;
921.99;0;0;0;0;88;207;91;91;91;91;91;1693;359;962;3.2;33.2;246.5;14.4;5.5;76.7;0.5020;-0.0067;0.0250;101.9750;
922.24;0;0;0;0;88;207;91;91;91;91;91;1692;359;962;3.2;32.1;243.0;14.4;5.5;76.7;0.4980;-0.0127;0.0000;101.6750;
922.49;0;0;0;0;88;207;92;91;91;91;91;1696;359;962;3.2;32.1;240.5;14.4;5.5;76.7;0.4941;-0.0172;0.0000;101.2250;
922.74;0;0;0;0;88;207;92;91;91;91;91;1692;359;962;3.2;30.8;237.0;14.4;5.5;76.7;0.4863;-0.0211;0.0250;100.7500;
922.99;0;0;0;0;88;207;92;91;91;91;91;1694;359;962;3.2;28.9;235.0;14.4;5.5;76.7;0.4824;-0.0280;-0.0500;100.2750;
923.25;0;0;0;0;88;207;91;91;91;91;91;1692;359;962;3.2;28.9;231.5;14.4;5.5;76.7;0.4824;-0.0298;0.0000;100.3000;
923.50;0;0;0;0;88;207;91;91;91;91;91;1690;359;962;3.2;27.5;229.0;14.4;5.5;76.7;0.4784;-0.0307;-0.0250;100.1000;
923.75;0;0;0;0;88;207;91;91;92;91;91;1692;359;962;3.2;25.8;225.5;14.4;5.5;76.7;0.4706;-0.0307;0.0000;100.1250;
924.00;0;0;0;0;88;207;91;91;91;91;91;1695;359;962;3.2;25.8;220.5;14.4;5.5;76.7;0.4667;-0.0304;-0.0500;100.2750;
924.25;0;0;0;0;88;207;91;91;91;91;91;1696;359;962;3.2;23.7;217.5;14.4;5.5;76.7;0.4627;-0.0307;-0.0500;100.0500;
924.50;0;0;0;0;88;207;91;91;91;91;91;1691;359;962;3.2;23.7;217.0;14.4;5.5;76.7;0.4588;-0.0313;-0.0500;99.9250;
924.75;0;0;0;0;89;207;91;91;91;91;91;1691;359;962;3.2;22.3;215.5;14.4;5.5;76.7;0.4588;-0.0321;-0.0500;100.0250;
925.00;0;0;0;0;89;207;91;91;91;91;91;1687;359;962;3.2;22.3;213.0;14.4;5.5;76.7;0.4549;-0.0334;-0.1000;100.0000;
925.25;0;0;0;0;89;207;91;90;91;91;91;1688;359;962;3.2;21.0;212.5;14.4;5.5;76.7;0.4549;-0.0336;-0.1500;99.6500;
925.50;0;0;0;0;89;207;91;90;91;90;91;1684;359;962;3.2;21.0;211.5;14.4;5.5;76.7;0.4510;-0.0338;-0.1250;99.6750;
925.75;0;0;0;0;89;207;91;90;91;90;91;1683;359;962;3.2;19.5;211.0;14.4;5.5;76.7;0.4510;-0.0341;-0.1250;99.8000;
926.00;0;0;0;0;89;207;91;90;90;90;91;1677;359;962;3.2;18.9;210.5;14.4;5.5;76.7;0.4510;-0.0338;-0.1250;99.9250;
926.25;0;0;0;0;89;207;91;90;91;90;91;1678;359;962;3.2;18.9;210.5;14.4;5.5;76.7;0.4510;-0.0328;-0.1500;99.9750;
926.50;0;0;0;0;89;207;90;90;90;90;90;1677;359;962;3.2;18.2;211.0;14.4;5.5;76.7;0.4510;-0.0288;-0.1500;100.2500;
926.75;0;0;0;0;89;207;91;90;90;90;90;1675;359;962;3.2;17.5;211.0;14.4;5.5;76.7;0.4510;-0.0286;-0.1000;100.3500;
927.00;0;0;0;0;89;207;90;89;90;89;90;1668;359;962;3.2;17.5;211.0;14.4;5.5;76.7;0.4510;-0.0286;-0.2000;100.3500;
927.25;0;0;0;0;89;207;90;89;90;89;90;1665;359;962;3.2;18.0;209.5;14.4;5.5;76.7;0.4471;-0.0280;-0.2250;100.5250;
927.50;0;0;0;0;89;207;90;89;89;89;89;1661;359;962;3.2;18.0;209.0;14.4;5.5;76.7;0.4471;-0.0277;-0.1750;100.7750;
927.75;0;0;0;0;89;207;90;89;89;89;90;1652;359;962;3.2;17.8;192.0;14.4;5.5;76.7;0.4078;-0.0247;-0.2000;100.4000;
928.00;0;0;0;0;89;207;89;89;89;89;89;1652;359;962;3.2;17.7;173.5;14.4;5.5;76.7;0.3922;-0.0234;-0.1750;100.5750;
928.28;0;0;0;0;89;207;89;89;89;89;89;1643;359;962;3.2;17.7;135.5;14.4;5.5;76.7;0.3059;-0.0230;-0.2000;100.9750;
928.53;0;0;0;0;89;207;89;88;88;88;89;1638;359;962;3.2;18.2;85.0;14.4;5.5;76.7;0.2667;-0.0230;-0.4000;100.9250;
928.78;0;0;0;0;89;207;88;87;88;88;88;1630;359;962;3.2;18.6;86.0;14.4;5.5;76.7;0.2667;-0.0238;-0.4500;100.7250;
929.03;0;0;0;0;89;207;87;87;87;87;88;1620;359;962;3.2;18.6;85.5;14.4;5.5;76.7;0.2667;-0.0241;-0.5250;100.7250;
929.28;0;0;0;0;89;207;87;87;87;87;87;1611;359;962;3.2;18.6;86.0;14.4;5.5;76.7;0.2667;-0.0238;-0.5750;100.7250;
929.53;0;0;0;0;89;207;86;86;86;86;87;1601;359;962;3.2;18.6;86.5;14.4;5.5;76.7;0.2667;-0.0237;-0.5500;100.8500;
929.78;0;0;0;0;89;207;86;86;86;86;86;1596;359;962;3.2;19.2;87.0;14.4;5.5;76.7;0.2667;-0.0232;-0.5250;101.0000;
930.03;0;0;0;0;89;207;86;85;86;85;86;1587;359;962;3.2;19.2;88.0;14.4;5.5;76.7;0.2706;-0.0228;-0.5750;100.9500;
930.28;0;0;0;0;89;207;85;85;85;85;85;1576;359;962;3.2;19.8;89.5;14.4;5.5;76.7;0.2706;-0.0238;-0.6000;101.0500;
930.53;0;0;0;0;89;207;84;84;84;84;85;1564;359;962;3.2;19.8;89.5;14.4;5.5;76.7;0.2706;-0.0246;-0.5500;101.0000;
930.78;0;0;0;0;89;207;84;84;84;84;84;1559;359;960;3.2;19.9;89.0;14.4;5.5;76.7;0.2706;-0.0275;-0.5500;100.6500;
931.03;0;0;0;0;89;207;83;83;83;83;84;1548;359;960;3.2;20.4;88.5;14.4;5.5;76.7;0.2667;-0.0295;-0.6750;100.6750;
931.28;0;0;0;0;89;207;83;83;83;82;83;1536;359;960;3.2;20.4;88.0;14.4;5.5;76.7;0.2667;-0.0298;-0.6000;100.4000;
931.53;0;0;0;0;89;207;82;82;82;82;82;1525;359;960;3.2;20.2;87.5;14.4;5.5;76.7;0.2667;-0.0295;-0.5750;100.6250;
931.78;0;0;0;0;89;207;82;82;82;81;82;1519;359;960;3.2;20.3;87.5;14.4;5.5;76.7;0.2667;-0.0267;-0.5750;100.6250;
932.03;0;0;0;0;89;207;81;81;81;81;82;1511;359;960;3.2;20.3;87.5;14.4;5.5;76.7;0.2667;-0.0241;-0.5000;100.8500;
932.28;0;0;0;0;89;207;82;81;81;81;81;1505;359;960;3.2;20.8;87.0;14.4;5.5;76.7;0.2667;-0.0238;-0.4250;100.9000;
932.53;0;0;0;0;89;207;81;80;81;81;81;1498;359;960;3.2;20.8;88.0;14.4;5.5;76.7;0.2667;-0.0202;-0.4750;101.2250;
932.78;0;0;0;0;89;207;81;80;80;80;81;1492;359;960;3.2;20.9;88.0;14.4;5.5;76.7;0.2667;-0.0199;-0.4250;101.2000;
933.03;0;0;0;0;89;207;80;80;80;80;80;1486;359;960;3.2;20.7;87.5;14.4;5.5;76.7;0.2706;-0.0212;-0.3750;101.2000;
933.29;0;0;0;0;89;207;80;80;80;80;80;1484;359;960;3.2;20.7;88.0;14.4;5.5;76.7;0.2667;-0.0237;-0.2750;100.8750;
933.54;0;0;0;0;89;207;80;80;80;79;80;1476;359;960;3.2;21.0;89.5;14.4;5.5;76.7;0.2706;-0.0238;-0.2500;100.9750;
933.79;0;0;0;0;89;207;80;79;80;79;80;1479;359;960;3.2;21.0;89.5;14.4;5.5;76.7;0.2706;-0.0232;-0.2000;100.9500;
934.04;0;0;0;0;90;207;80;79;79;79;80;1472;359;960;3.2;21.0;90.0;14.4;5.5;76.7;0.2667;-0.0219;-0.1750;101.0750;
934.29;0;0;0;0;90;207;80;79;79;79;79;1476;359;960;3.2;21.0;89.0;14.4;5.5;76.7;0.2706;-0.0199;-0.1250;101.3000;
934.54;0;0;0;0;90;207;79;79;79;79;79;1473;357;960;3.2;20.8;90.0;14.4;5.5;76.7;0.2706;-0.0170;-0.1000;101.5750;
934.79;0;0;0;0;90;207;79;79;79;79;79;1473;357;960;3.2;21.2;89.5;14.4;5.5;76.7;0.2706;-0.0107;-0.1000;101.6750;
935.04;0;0;0;0;90;207;79;79;79;79;79;1477;357;960;3.2;21.2;90.0;14.4;5.5;76.7;0.2706;-0.0066;-0.0250;102.0250;
935.29;0;0;0;0;90;207;80;79;79;79;80;1476;357;960;3.3;21.5;90.5;14.4;5.5;76.7;0.2745;-0.0056;0.0750;102.1750;
935.54;0;0;0;0;90;207;79;79;80;79;80;1482;357;960;3.3;22.1;90.5;14.4;5.5;76.7;0.2745;-0.0041;0.1250;102.1250;
935.79;0;0;0;0;90;207;80;80;80;80;80;1483;357;960;3.3;22.1;92.0;14.4;5.5;76.7;0.2745;-0.0031;0.1750;102.1500;
936.04;0;0;0;0;90;207;80;80;80;80;80;1491;357;960;3.4;22.8;94.0;14.4;5.5;76.7;0.2824;-0.0022;0.2000;102.1750;
936.29;0;0;0;0;90;207;80;80;80;80;81;1494;357;960;3.4;22.8;96.0;14.4;5.5;76.7;0.2824;-0.0041;0.3250;102.1750;
936.54;0;0;0;0;90;207;81;81;80;81;81;1497;357;960;3.4;23.2;96.5;14.4;5.5;76.7;0.2824;-0.0036;0.3250;102.1750;
936.79;0;0;0;0;90;207;81;81;81;81;81;1503;357;960;3.5;23.5;96.5;14.4;5.5;76.7;0.2824;-0.0038;0.2750;102.1500;
937.04;0;0;0;0;90;207;81;81;81;81;81;1514;357;960;3.5;23.5;94.0;14.4;5.5;76.7;0.2784;-0.0036;0.3500;102.0250;
937.29;0;0;0;0;90;207;82;82;82;82;82;1521;357;960;3.5;23.9;93.0;14.4;5.5;76.7;0.2784;-0.0025;0.4000;102.0500;
937.54;0;0;0;0;90;207;82;82;82;82;82;1531;357;960;3.5;23.9;93.5;14.4;5.5;76.7;0.2745;-0.0009;0.4000;102.2750;
937.79;0;0;0;0;90;207;83;83;83;83;83;1534;357;960;3.5;24.3;92.0;14.4;5.5;76.7;0.2745;0.0007;0.4500;102.3500;
938.04;0;0;0;0;90;207;83;83;83;83;83;1543;357;960;3.5;24.3;91.5;14.4;5.5;76.7;0.2745;0.0003;0.4750;102.3750;
938.30;0;0;0;0;90;207;83;84;83;83;84;1550;357;960;3.6;24.9;90.0;14.4;5.5;76.7;0.2745;0.0001;0.3500;0.0000;
938.55;0;0;0;0;90;207;84;84;84;84;84;1560;357;960;3.6;25.5;90.0;14.4;5.5;76.7;0.2745;0.0001;0.3500;102.3500;
938.80;0;0;0;0;90;207;84;84;84;84;84;1562;357;960;3.6;25.5;89.0;14.4;5.5;76.7;0.2706;0.0001;0.3750;102.3750;
939.05;0;0;0;0;90;207;85;85;84;85;85;1572;357;960;3.6;25.8;89.5;14.4;5.5;76.7;0.2745;0.0001;0.4750;0.0000;
939.30;0;0;0;0;90;207;85;85;85;85;85;1580;357;960;3.6;25.8;89.0;14.4;5.5;76.7;0.2745;0.0003;0.3750;102.2750;
939.55;0;0;0;0;90;207;85;86;85;85;86;1588;357;960;3.6;26.0;89.0;14.4;5.5;76.7;0.2745;0.0001;0.3750;102.2250;
939.80;0;0;0;0;90;207;86;86;86;86;86;1594;357;960;3.6;26.1;89.5;14.4;5.5;76.7;0.2745;-0.0004;0.4000;102.3750;
940.05;0;0;0;0;90;207;86;87;86;86;86;1601;357;960;3.6;26.1;91.0;14.4;5.5;76.7;0.2745;-0.0008;0.4500;102.2250;
940.30;0;0;0;0;90;207;86;87;86;86;87;1606;357;960;3.5;26.2;90.5;14.4;5.5;76.7;0.2745;-0.0020;0.3750;102.1500;
940.55;0;0;0;0;90;207;87;87;87;87;87;1614;357;960;3.5;26.2;90.0;14.4;5.5;76.7;0.2745;-0.0013;0.3500;102.1500;
940.80;0;0;0;0;90;207;87;87;87;87;87;1619;357;960;3.5;26.2;90.5;14.4;5.5;76.7;0.2745;-0.0009;0.3750;102.3000;
941.05;0;0;0;0;90;207;87;87;87;87;88;1627;357;960;3.4;26.3;90.5;14.4;5.5;76.7;0.2745;-0.0016;0.3750;102.2000;
941.30;0;0;0;0;90;207;88;88;88;88;88;1629;357;960;3.4;26.3;91.5;14.4;5.5;76.7;0.2784;-0.0021;0.2750;102.2500;
941.55;0;0;0;0;90;207;88;88;88;88;88;1633;357;960;3.4;26.4;91.5;14.4;5.5;76.7;0.2745;-0.0021;0.2000;102.2500;
941.80;0;0;0;0;90;207;88;88;88;88;88;1636;357;960;3.4;26.4;90.5;14.4;5.5;76.7;0.2745;-0.0021;0.1750;102.1250;
942.05;0;0;0;0;90;207;88;88;88;88;88;1640;357;960;3.4;26.5;91.0;14.4;5.5;76.7;0.2745;-0.0021;0.2000;102.0750;
942.30;0;0;0;0;90;207;88;88;88;89;89;1641;357;960;3.4;26.5;91.0;14.4;5.5;76.7;0.2745;-0.0021;0.1750;102.1750;
942.55;0;0;0;0;90;207;89;89;89;89;89;1644;357;960;3.4;26.3;87.5;14.4;5.5;76.7;0.2235;-0.0025;0.1750;102.1250;
942.80;0;0;0;0;90;207;89;88;88;88;89;1632;357;960;3.3;26.2;-15.0;14.4;5.5;76.7;0.0000;-0.0025;0.0250;102.1250;
943.05;0;0;0;0;90;207;88;88;88;88;89;1637;357;960;3.3;26.2;-29.5;14.4;5.5;76.7;0.0000;-0.0025;-0.1000;102.2250;
943.32;0;0;0;0;90;207;88;88;88;88;88;1629;357;960;3.3;26.2;-35.0;14.4;5.5;76.7;0.0000;-0.0025;-0.2000;102.2000;
943.57;0;0;0;0;90;207;88;88;88;88;88;1624;357;960;3.3;26.4;-34.5;14.4;5.5;76.7;0.0000;-0.0020;-0.3500;102.1250;
943.82;0;0;0;0;90;207;87;87;87;87;88;1621;357;960;3.3;26.4;-35.0;14.4;5.5;76.7;0.0000;-0.0016;-0.3750;102.1500;
944.07;0;0;0;0;90;207;87;87;87;87;87;1615;357;960;3.4;26.5;-35.0;14.4;5.5;76.7;0.0000;-0.0016;-0.3750;102.2750;
944.32;0;0;0;0;90;207;87;87;86;87;87;1607;357;960;3.4;26.5;-35.0;14.4;5.5;76.7;0.0000;-0.0014;-0.3750;102.0250;
944.57;0;0;0;0;90;207;86;87;86;86;87;1604;357;960;3.4;26.8;-34.5;14.4;5.5;76.7;0.0000;-0.0009;-0.3750;101.9750;
944.82;0;0;0;0;90;207;86;86;86;86;86;1596;357;960;3.4;27.0;-34.5;14.4;5.5;76.7;0.0000;0.0001;-0.4000;102.0500;
945.07;0;0;0;0;90;207;86;86;86;86;86;1592;357;960;3.4;27.0;-34.5;14.4;5.5;76.7;0.0000;0.0004;-0.4000;101.9750;
945.32;0;0;0;0;90;207;85;86;85;86;86;1587;357;960;3.4;27.1;-34.5;14.4;5.5;76.7;0.0000;0.0004;-0.3250;102.0000;
945.57;0;0;0;0;90;207;85;85;85;85;86;1583;357;960;3.5;27.3;-34.5;14.4;5.5;76.7;0.0000;0.0025;-0.3500;102.2500;
945.82;0;0;0;0;90;207;85;85;85;85;85;1576;357;960;3.5;27.3;-34.5;14.4;5.5;76.7;0.0000;0.0028;-0.3250;102.1750;
946.07;0;0;0;0;90;207;85;85;85;85;85;1569;357;960;3.5;27.3;-34.5;14.4;5.5;76.7;0.0000;0.0025;-0.3750;102.2750;
946.32;0;0;0;0;90;207;85;84;84;84;85;1564;357;960;3.5;27.6;-34.5;14.4;5.5;76.7;0.0000;0.0025;-0.3750;102.1250;
946.57;0;0;0;0;90;207;84;84;84;84;84;1561;357;960;3.6;27.9;-34.5;14.4;5.5;76.7;0.0000;0.0025;-0.3250;102.1500;
946.82;0;0;0;0;90;207;84;84;84;84;84;1556;357;960;3.6;27.9;-34.0;14.4;5.5;76.7;0.0000;0.0022;-0.3500;102.0500;
947.07;0;0;0;0;90;207;83;84;83;84;84;1551;357;960;3.6;28.1;-34.0;14.4;5.5;76.7;0.0000;0.0000;-0.3250;102.1250;
947.32;0;0;0;0;90;207;83;83;83;83;83;1545;357;960;3.6;28.1;-34.0;14.4;5.5;76.7;0.0000;-0.0013;-0.3500;101.9250;
947.57;0;0;0;0;90;207;83;83;83;83;83;1539;357;960;3.7;28.2;-34.0;14.4;5.5;76.7;0.0000;-0.0018;-0.3750;102.1500;
947.82;0;0;0;0;90;207;83;82;82;82;83;1535;357;960;3.6;28.2;-34.0;14.4;5.5;76.7;0.0000;-0.0014;-0.3500;102.0000;
948.07;0;0;0;0;90;207;82;82;82;82;83;1529;357;960;3.6;28.2;-34.0;14.4;5.5;76.7;0.0000;-0.0014;-0.3500;102.2000;
948.33;0;0;0;0;89;207;82;82;82;82;82;1521;357;960;3.6;28.0;-33.5;14.4;5.5;76.7;0.0000;-0.0014;-0.3750;101.9750;
948.58;0;0;0;0;89;207;82;82;82;82;82;1518;357;960;3.6;28.0;-33.5;14.4;5.5;76.7;0.0000;-0.0020;-0.3500;101.9250;
948.83;0;0;0;0;89;207;81;82;81;81;82;1511;357;960;3.6;28.0;-33.5;14.4;5.5;76.7;0.0000;-0.0016;-0.3250;102.0250;
949.08;0;0;0;0;89;207;81;81;81;81;81;1507;357;960;3.5;27.8;-33.5;14.4;5.5;76.7;0.0000;-0.0008;-0.3250;102.0250;
949.33;0;0;0;0;89;207;81;81;81;81;81;1502;357;960;3.5;27.8;-33.5;14.4;5.5;76.7;0.0000;-0.0008;-0.3250;102.1250;
949.58;0;0;0;0;89;207;80;81;80;80;81;1497;357;960;3.5;27.7;-33.5;14.4;5.5;76.7;0.0000;0.0001;-0.3500;102.2250;
949.83;0;0;0;0;89;207;80;81;80;80;81;1490;357;960;3.5;27.9;-33.5;14.4;5.5;76.7;0.0000;0.0011;-0.3500;102.1750;
950.08;0;0;0;0;89;207;80;80;80;80;80;1487;357;960;3.5;27.9;-33.5;14.4;5.5;76.7;0.0000;0.0025;-0.3750;102.2250;
950.33;0;0;0;0;89;207;80;80;80;80;80;1479;357;960;3.5;27.9;-33.5;14.4;5.5;76.7;0.0000;0.0041;-0.3750;102.2750;
950.58;0;0;0;0;89;207;79;79;79;79;80;1478;357;960;3.4;27.7;-33.0;14.4;5.5;76.7;0.0000;0.0047;-0.3250;102.3000;
950.83;0;0;0;0;89;207;79;79;79;79;79;1473;357;960;3.4;27.7;-33.0;14.4;5.5;76.7;0.0000;0.0052;-0.2500;0.0000;
951.08;0;0;0;0;89;207;79;79;79;79;79;1469;357;960;3.4;27.7;-33.0;14.4;5.5;76.7;0.0000;0.0054;-0.2750;0.0750;
951.33;0;0;0;0;89;207;79;79;78;79;79;1463;357;960;3.4;28.1;-33.0;14.4;5.5;76.7;0.0000;0.0054;-0.2750;0.0750;
951.58;0;0;0;0;89;207;78;78;78;79;79;1459;357;960;3.3;28.2;-33.0;14.4;5.5;76.7;0.0000;0.0054;-0.3250;0.1750;
951.83;0;0;0;0;89;207;78;78;78;78;78;1452;357;960;3.3;28.2;-33.0;14.4;5.5;76.7;0.0000;0.0054;-0.3250;0.1250;
952.08;0;0;0;0;89;207;78;78;78;78;78;1448;357;960;3.3;28.3;-33.0;14.4;5.5;76.7;0.0000;0.0054;-0.3250;0.0750;
952.33;0;0;0;0;89;207;77;78;78;78;78;1442;357;960;3.3;28.3;-33.0;14.4;5.5;76.7;0.0000;0.0054;-0.3250;0.0500;
952.58;0;0;0;0;89;207;78;78;77;77;78;1439;357;960;3.3;28.8;-33.0;14.4;5.5;76.7;0.0000;0.0031;-0.3500;0.0250;
952.83;0;0;0;0;89;207;77;77;77;77;77;1433;357;960;3.3;28.9;-32.5;14.4;5.5;76.7;0.0000;0.0031;-0.3250;102.2750;
953.08;0;0;0;0;89;207;76;77;77;77;77;1428;357;960;3.3;28.9;-32.5;14.4;5.5;76.7;0.0000;0.0031;-0.3750;0.0250;
953.35;0;0;0;0;89;207;76;77;76;77;77;1420;357;960;3.3;29.2;-32.5;14.4;5.5;76.7;0.0000;0.0025;-0.3750;102.3500;
953.60;0;0;0;0;89;207;76;76;76;76;77;1418;357;960;3.3;29.5;-32.5;14.4;5.5;76.7;0.0000;-0.0028;-0.3250;102.0000;
953.85;0;0;0;0;89;207;76;76;76;76;76;1412;357;960;3.3;29.5;-32.5;14.4;5.5;76.7;0.0000;-0.0031;-0.2750;102.0000;
954.10;0;0;0;0;89;207;76;76;76;76;76;1407;357;960;3.3;29.3;-32.5;14.4;5.5;76.7;0.0000;-0.0028;-0.2750;102.0000;
954.35;0;0;0;0;89;207;76;76;75;76;76;1405;357;960;3.3;29.3;-32.5;14.4;5.5;76.7;0.0000;-0.0041;-0.2500;102.0000;
954.60;0;0;0;0;89;207;75;76;75;75;76;1402;357;960;3.3;29.1;-32.5;14.4;5.5;76.7;0.0000;-0.0054;-0.2250;101.9000;
954.85;0;0;0;0;89;207;75;75;75;75;75;1395;357;960;3.3;29.1;-32.5;14.4;5.5;76.7;0.0000;-0.0041;-0.2500;102.1250;
955.10;0;0;0;0;89;207;75;75;75;75;75;1393;357;960;3.3;29.2;-32.0;14.4;5.5;76.7;0.0000;-0.0029;-0.2500;102.0250;
955.35;0;0;0;0;89;207;75;75;75;75;75;1390;357;960;3.3;28.9;-32.0;14.4;5.5;76.7;0.0000;-0.0022;-0.2250;102.1750;
955.60;0;0;0;0;89;207;74;74;75;74;75;1385;355;960;3.3;28.9;-32.0;14.4;5.5;76.7;0.0000;-0.0004;-0.2250;102.2750;
955.85;0;0;0;0;89;207;74;74;74;74;75;1380;355;960;3.3;28.5;-32.0;14.4;5.5;76.7;0.0000;0.0004;-0.2250;102.3000;
956.10;0;0;0;0;89;207;74;74;74;74;74;1378;355;960;3.3;28.5;-32.0;14.4;5.5;76.7;0.0000;0.0004;-0.2500;102.3750;
956.35;0;0;0;0;89;207;74;74;74;74;74;1372;355;960;3.3;28.8;-32.0;14.4;5.5;76.7;0.0000;0.0003;-0.2750;0.0500;
956.60;0;0;0;0;89;207;74;74;73;73;74;1367;355;960;3.3;28.8;-32.0;14.4;5.5;76.7;0.0000;0.0001;-0.3250;102.3000;
956.85;0;0;0;0;89;207;74;73;73;73;74;1362;355;960;3.3;28.8;-32.0;14.4;5.5;76.7;0.0000;0.0003;-0.2750;0.0000;
957.10;0;0;0;0;89;207;73;73;73;73;73;1360;355;962;3.3;28.5;-32.0;14.4;5.5;76.7;0.0000;0.0004;-0.2500;102.3250;
957.35;0;0;0;0;89;207;73;73;73;73;73;1354;355;960;3.3;28.7;-32.0;14.4;5.5;76.7;0.0000;0.0011;-0.2500;0.0000;
957.60;0;0;0;0;89;207;72;73;72;72;73;1351;355;960;3.3;28.7;-31.5;14.4;5.5;76.7;0.0000;0.0026;-0.2750;0.1750;
957.85;0;0;0;0;88;207;72;72;72;72;73;1343;355;960;3.3;28.6;-31.5;14.4;5.5;76.7;0.0000;0.0025;-0.2750;0.0750;
958.10;0;0;0;0;88;207;72;72;72;72;72;1341;355;960;3.3;28.6;-31.5;14.4;5.5;76.7;0.0000;0.0022;-0.2500;0.0750;
958.36;0;0;0;0;88;207;72;72;72;72;72;1336;355;960;3.3;28.6;-31.5;14.4;5.5;76.7;0.0000;0.0025;-0.3250;0.0500;
958.61;0;0;0;0;88;207;72;72;71;71;72;1330;355;960;3.3;28.6;-31.5;14.4;5.5;76.7;0.0000;0.0041;-0.3250;0.1000;
958.86;0;0;0;0;88;207;71;71;71;71;72;1327;355;960;3.4;29.2;-31.5;14.4;5.5;76.7;0.0000;0.0057;-0.3250;0.1250;
959.11;0;0;0;0;88;207;71;71;71;71;71;1322;355;960;3.4;29.2;-31.5;14.4;5.5;76.7;0.0000;0.0062;-0.2500;0.2250;
959.36;0;0;0;0;88;207;71;71;71;71;71;1319;355;960;3.4;29.4;-31.5;14.4;5.5;76.7;0.0000;0.0025;-0.2250;0.2750;
959.61;0;0;0;0;88;207;71;71;70;70;71;1311;355;960;3.4;29.5;-31.5;14.4;5.5;76.7;0.0000;0.0008;-0.2750;0.0500;
959.86;0;0;0;0;88;207;70;70;70;70;70;1308;355;960;3.4;29.5;-31.5;14.4;5.5;76.7;0.0000;0.0003;-0.3250;0.0750;
960.11;0;0;0;0;88;207;70;70;70;70;70;1300;355;960;3.4;30.1;-31.5;14.4;5.5;76.7;0.0000;0.0001;-0.3250;0.0000;
960.36;0;0;0;0;88;207;70;70;70;70;70;1298;355;960;3.4;30.0;-31.5;14.4;5.5;76.7;0.0000;0.0011;-0.3250;0.1000;
960.61;0;0;0;0;88;207;69;70;69;69;70;1291;355;960;3.4;30.0;-31.5;14.4;5.5;76.7;0.0000;0.0011;-0.2500;0.2000;
960.86;0;0;0;0;88;207;69;69;69;69;70;1294;355;962;3.3;29.8;-31.5;14.4;5.5;76.7;0.0000;0.0011;-0.2500;0.2000;
961.11;0;0;0;0;88;207;69;69;69;69;69;1280;355;960;3.3;29.8;-31.0;14.4;5.5;76.7;0.0000;0.0014;-0.3750;101.9250;
961.36;0;0;0;0;88;207;69;69;69;69;69;1276;355;960;3.3;30.2;-31.5;14.4;5.5;76.7;0.0000;0.0013;-0.3750;0.1750;
961.61;0;0;0;0;88;207;68;68;68;68;68;1267;355;960;3.3;30.0;-31.5;14.4;5.5;76.7;0.0000;0.0018;-0.3750;102.3500;
961.86;0;0;0;0;88;207;68;68;68;68;68;1260;355;960;3.3;30.0;-31.0;14.4;5.5;76.7;0.0000;0.0016;-0.5000;0.1500;
962.11;0;0;0;0;88;207;67;67;67;67;68;1251;355;960;3.3;29.9;-31.5;14.4;5.5;76.7;0.0000;0.0016;-0.4750;0.2500;
962.36;0;0;0;0;88;207;67;67;67;67;67;1245;355;960;3.2;30.3;-31.0;14.4;5.5;76.7;0.0000;0.0041;-0.5250;0.1250;
962.61;0;0;0;0;88;207;67;67;66;66;67;1237;355;962;3.2;30.3;-31.0;14.4;5.5;76.7;0.0000;0.0039;-0.5000;0.1750;
962.86;0;0;0;0;88;207;66;66;66;66;66;1230;355;962;3.2;30.3;-31.0;14.4;5.5;76.7;0.0000;0.0044;-0.5000;0.2000;
963.11;1;0;0;0;88;207;65;66;65;65;66;1094;355;962;3.2;30.0;-30.0;14.4;5.5;76.7;0.0000;0.0052;-0.5500;0.1750;
963.38;1;0;0;0;88;207;65;65;65;65;65;958;355;960;3.2;30.0;53.5;14.4;5.5;76.7;0.3882;0.0067;-0.4250;0.2750;
963.63;1;0;0;0;88;207;65;65;65;65;65;1503;355;962;3.2;30.0;-34.5;14.4;5.5;76.7;0.0000;0.0066;-0.4500;0.4500;
963.88;1;0;0;0;88;207;64;64;64;64;65;1386;355;960;3.2;30.2;-23.5;14.4;5.5;76.7;0.0000;0.0064;-0.4250;0.2000;
964.13;1;0;0;0;88;207;64;64;64;64;64;1444;355;960;3.2;30.2;-31.5;14.4;5.5;76.7;0.0000;0.0062;-0.5500;0.3250;
964.38;0;0;0;0;88;207;63;63;63;63;63;1434;355;962;3.2;30.0;-33.5;14.4;5.5;76.7;0.0000;0.0051;-0.6500;0.1500;
964.63;0;0;0;0;88;207;63;63;63;63;63;1419;355;962;3.2;30.2;-33.0;14.4;5.5;76.7;0.0000;0.0044;-0.6750;0.0500;
964.88;0;0;0;0;88;207;62;62;62;62;62;1411;355;960;3.2;30.2;-33.0;14.4;5.5;76.7;0.0000;0.0036;-0.7500;0.4000;
965.13;0;0;0;0;88;207;61;61;61;61;62;1392;355;960;3.2;30.3;-32.5;14.4;5.5;76.7;0.0000;0.0026;-0.7000;0.1250;
965.38;0;0;0;0;88;207;61;61;60;61;61;1378;355;962;3.2;30.2;-32.5;14.4;5.5;76.7;0.0000;0.0025;-0.7500;0.3250;
965.63;0;0;0;0;88;207;60;60;60;60;60;1361;355;960;3.2;30.2;-32.0;14.4;5.5;76.7;0.0000;0.0020;-0.7500;0.1750;
965.88;0;0;0;0;88;207;59;60;59;59;60;1349;355;960;3.2;30.3;-32.0;14.4;5.5;76.7;0.0000;0.0020;-0.7750;0.2250;
966.13;0;0;0;0;88;207;59;59;59;59;59;1331;355;960;3.2;30.3;-32.0;14.4;5.5;76.7;0.0000;0.0020;-0.8250;0.2750;
966.38;0;0;0;0;88;207;58;58;58;58;58;1324;355;962;3.2;30.4;-31.5;14.4;5.5;76.7;0.0000;0.0011;-0.7750;0.1500;
966.63;0;0;0;0;88;207;57;57;57;57;58;1300;355;960;3.2;30.5;-31.5;14.4;5.5;76.7;0.0000;-0.0025;-0.7750;0.2500;
966.88;0;0;0;0;88;207;57;57;57;56;57;1282;355;960;3.2;30.5;-31.5;14.4;5.5;76.7;0.0000;-0.0066;-0.8000;0.0750;
967.13;0;1;0;0;88;207;56;56;56;56;56;1265;355;960;3.2;30.5;-31.0;14.4;5.5;76.7;0.0000;-0.0100;-0.8500;102.3500;
967.38;0;1;0;0;88;207;55;54;55;54;55;1246;355;960;3.2;30.4;-31.0;14.4;5.5;76.7;0.0000;-0.0220;-1.2500;101.9250;
967.63;0;1;0;0;88;207;54;54;54;54;54;1217;355;960;3.2;30.4;-31.0;14.4;5.5;76.7;0.0000;-0.0278;-1.3500;101.8000;
967.88;0;1;0;0;88;207;52;52;52;52;53;1193;355;960;3.2;30.4;-30.5;14.4;5.5;76.7;0.0000;-0.0338;-1.0250;101.4250;
968.13;0;1;0;0;88;207;52;51;52;51;51;1159;355;960;3.2;30.2;-30.5;14.4;5.5;76.7;0.0000;-0.0423;-1.5250;101.2750;
968.39;0;0;0;0;88;207;51;50;51;50;50;1147;355;960;3.2;29.7;-30.5;14.4;5.5;76.7;0.0000;-0.0659;-0.8750;100.5500;
968.64;0;0;0;0;88;207;50;49;50;49;50;1126;355;960;3.2;29.7;-30.0;14.4;5.5;76.7;0.0000;-0.0799;-0.8500;100.0750;
968.89;0;0;0;0;88;207;49;48;49;48;49;1114;355;960;3.2;28.8;-30.0;14.4;5.5;76.7;0.0000;-0.0862;-0.7750;99.5250;
969.14;0;0;0;0;88;207;49;48;49;47;48;1093;355;960;3.2;27.7;-30.5;14.4;5.5;76.7;0.0000;-0.0878;-0.8250;99.4750;
969.39;0;0;0;0;88;207;48;46;48;47;48;1079;355;960;3.2;27.7;-30.5;14.4;5.5;76.7;0.0000;-0.0895;-0.8500;100.2500;
969.64;0;0;0;0;88;207;47;46;47;46;47;1064;355;960;3.2;26.6;-31.0;14.4;5.5;76.7;0.0000;-0.0892;-0.7500;100.4500;
969.89;0;0;0;0;88;207;46;45;46;45;46;1050;355;962;3.2;26.6;-19.5;14.4;5.5;76.7;0.0000;-0.0892;-0.8250;100.3000;
970.14;1;0;0;0;87;207;46;45;46;45;46;930;355;960;3.2;25.8;-14.5;14.4;5.5;76.7;0.0000;-0.0899;-0.8500;100.3250;
970.39;1;0;0;0;87;207;45;44;45;44;45;880;355;960;3.2;24.9;2.0;14.4;5.5;76.7;0.0000;-0.0936;-0.7250;100.2000;
970.64;1;0;0;0;87;207;45;44;45;44;44;881;355;960;3.2;24.9;3.5;14.4;5.5;76.7;0.0000;-0.0951;-0.7750;100.2750;
970.89;1;0;0;0;87;207;44;43;44;43;43;874;355;960;3.2;23.7;5.0;14.4;5.5;76.7;0.0000;-0.1046;-0.7250;99.8250;
971.14;1;0;0;0;87;207;43;42;43;42;43;1255;355;960;3.2;23.7;-4.5;14.4;5.5;76.7;0.1176;-0.1075;-1.0500;99.8750;
971.39;1;0;0;0;87;207;43;41;42;41;42;1193;355;960;3.2;22.9;25.5;14.4;5.5;76.7;0.1647;-0.1120;-0.7250;99.9750;
971.64;0;0;0;0;87;207;42;41;42;41;42;1177;355;960;3.2;22.9;32.0;14.4;5.5;76.7;0.1804;-0.1131;-0.6000;99.9750;
971.89;0;0;0;0;87;207;42;40;42;40;41;1166;355;960;3.2;21.7;38.0;14.4;5.5;76.7;0.2392;-0.1170;-0.5500;99.9000;
972.14;0;0;0;0;87;207;41;40;41;40;41;1160;355;960;3.2;20.7;81.0;14.4;5.5;76.7;0.3020;-0.1162;-0.4000;100.2000;
972.39;0;0;0;0;87;207;41;40;41;40;41;1154;355;960;3.2;20.7;108.0;14.4;5.5;76.7;0.3412;-0.1081;-0.2250;100.6000;
972.64;0;0;0;0;87;207;41;40;41;40;41;1153;355;960;3.2;20.1;136.5;14.4;5.5;76.7;0.3490;-0.1051;-0.1000;100.3750;
972.89;0;0;0;0;87;207;41;40;41;40;41;1155;355;960;3.2;20.1;143.0;14.4;5.5;76.7;0.3451;-0.0988;0.0250;100.7750;
973.14;0;0;0;0;87;207;41;40;41;40;41;1164;355;960;3.2;19.7;143.0;14.4;5.5;76.7;0.3412;-0.0966;0.1000;100.7250;
973.41;0;0;0;0;87;207;41;41;41;40;41;1165;355;960;3.2;20.1;141.0;14.4;5.5;76.7;0.3333;-0.0896;0.1000;100.8750;
973.66;0;0;0;0;87;207;41;40;41;41;41;1164;355;960;3.2;20.1;136.0;14.4;5.5;76.7;0.3216;-0.0862;0.1000;100.7500;
973.91;0;0;0;0;87;207;42;41;41;41;41;1168;355;960;3.2;19.8;131.0;14.4;5.5;76.7;0.3216;-0.0767;0.1000;101.2750;
974.16;0;0;0;0;87;207;41;41;42;41;41;1167;355;960;3.2;19.9;128.5;14.4;5.5;76.7;0.3176;-0.0560;0.0000;101.8500;
974.41;0;0;0;0;87;207;41;41;42;41;41;1170;355;960;3.2;19.9;126.0;14.4;5.5;76.7;0.3216;-0.0473;0.0750;101.9000;
974.66;0;0;0;0;87;207;42;41;42;41;41;1175;355;960;3.2;20.1;126.0;14.4;5.5;76.7;0.3176;-0.0402;0.0750;101.8500;
974.91;0;0;0;0;87;207;42;42;42;41;42;1182;355;960;3.2;20.1;125.5;14.4;5.5;76.7;0.3176;-0.0321;0.1250;101.9750;
975.16;0;0;0;0;87;207;42;42;42;42;42;1189;355;960;3.2;20.5;128.5;14.4;5.5;76.7;0.3333;-0.0199;0.2000;102.0750;
975.41;0;0;0;0;87;207;42;42;42;42;42;1198;355;960;3.2;20.5;140.5;14.4;5.5;76.7;0.3490;-0.0132;0.2500;0.1750;
975.66;0;0;0;0;87;207;43;42;42;43;43;1205;355;960;3.2;20.8;145.5;14.4;5.5;76.7;0.3490;-0.0082;0.2750;0.0000;
975.91;0;0;0;0;87;207;43;43;43;43;43;1212;355;960;3.2;20.8;143.0;14.4;5.5;76.7;0.3412;-0.0041;0.2000;0.2750;
976.16;0;0;0;0;87;207;43;43;43;43;43;1218;355;960;3.2;21.5;141.0;14.4;5.5;76.7;0.3373;0.0018;0.2500;0.2000;
976.41;0;0;0;0;87;207;43;43;43;43;43;1225;355;960;3.2;22.3;135.5;14.4;5.5;76.7;0.3294;0.0043;0.2250;0.5000;
976.66;0;0;0;0;87;207;43;43;43;43;43;1229;355;960;3.2;22.3;134.5;14.4;5.5;76.7;0.3294;0.0061;0.2500;0.5000;
976.91;0;0;0;0;87;207;44;44;44;44;44;1241;355;960;3.2;22.8;133.5;14.4;5.5;76.7;0.3294;0.0086;0.2000;0.1000;
977.16;0;0;0;0;87;207;44;44;44;44;44;1249;355;960;3.2;23.8;133.5;14.4;5.5;76.7;0.3255;0.0112;0.2500;0.4500;
977.41;0;0;0;0;87;207;44;44;44;44;44;1257;355;960;3.2;23.8;131.0;14.4;5.5;76.7;0.3255;0.0123;0.2000;0.4750;
977.66;0;0;0;0;87;207;44;44;44;44;44;1256;355;960;3.2;24.4;126.5;14.4;5.5;76.7;0.3216;0.0123;0.1250;0.4000;
977.91;0;0;0;0;87;207;44;45;44;44;45;1258;355;960;3.2;24.4;117.5;14.4;5.5;76.7;0.3020;0.0110;0.1500;0.5000;
978.16;0;0;0;0;87;207;45;45;45;45;45;1267;355;960;3.2;25.3;112.0;14.4;5.5;76.7;0.2941;0.0067;0.2000;0.3250;
978.42;0;0;0;0;87;207;45;45;45;45;45;1271;355;960;3.2;25.8;103.5;14.4;5.5;76.7;0.2588;0.0033;0.1250;0.3250;
978.67;0;0;0;0;87;207;45;45;45;45;45;1277;355;960;3.2;25.8;83.0;14.4;5.5;76.7;0.2549;-0.0007;0.1500;0.0000;
978.92;0;0;0;0;87;207;45;45;45;45;45;1278;355;960;3.2;26.2;80.0;14.4;5.5;76.7;0.2510;-0.0008;0.1000;0.1750;
979.17;0;0;0;0;87;207;45;45;45;45;45;1278;355;960;3.2;26.2;77.5;14.4;5.5;76.7;0.2471;-0.0004;0.0750;0.3500;
979.42;0;0;0;0;87;207;45;45;45;45;45;1279;355;960;3.2;26.2;66.5;14.4;5.5;76.7;0.2275;-0.0007;0.0500;0.1000;
979.67;0;0;0;0;87;207;45;45;45;45;45;1278;355;960;3.2;26.2;61.5;14.4;5.5;76.7;0.2235;-0.0025;-0.0250;0.1250;
979.92;0;0;0;0;87;207;45;45;45;45;45;1279;355;960;3.2;26.7;54.5;14.4;5.5;76.7;0.2118;-0.0041;-0.0750;0.0000;
980.17;0;0;0;0;87;207;45;45;45;45;45;1279;355;960;3.2;27.0;51.5;14.4;5.5;76.7;0.2118;-0.0088;-0.1000;102.3750;
980.42;0;0;0;0;87;207;45;45;45;45;45;1279;355;960;3.2;27.0;51.0;14.4;5.5;76.7;0.2118;-0.0072;-0.0750;102.3250;
980.67;0;0;0;0;87;207;45;45;45;45;45;1275;355;960;3.2;26.6;52.0;14.4;5.5;76.7;0.2157;-0.0046;-0.0750;0.0250;
980.92;0;0;0;0;87;207;45;45;45;45;45;1268;355;960;3.2;26.6;53.5;14.4;5.5;76.7;0.2157;-0.0008;-0.1250;0.3750;
981.17;0;0;0;0;87;207;45;45;45;45;45;1268;355;960;3.2;26.9;52.0;14.4;5.5;76.7;0.2118;0.0052;-0.1250;0.2250;
981.42;0;0;0;0;87;207;45;45;45;45;45;1270;355;960;3.2;27.0;52.5;14.4;5.5;76.7;0.2118;0.0102;-0.0500;0.2000;
981.67;0;0;0;0;88;207;45;45;45;45;45;1269;355;960;3.2;27.0;52.0;14.4;5.5;76.7;0.2078;0.0128;-0.0750;0.4250;
981.92;0;0;0;0;88;207;44;45;44;44;45;1263;355;960;3.2;26.8;45.0;14.4;5.5;76.7;0.1961;0.0138;-0.2000;0.4000;
982.17;0;0;0;0;88;207;44;44;44;44;45;1258;355;960;3.2;27.0;40.5;14.4;5.5;76.7;0.1922;0.0138;-0.1500;0.3250;
982.42;0;0;0;0;88;207;44;44;44;44;44;1252;355;960;3.2;27.0;40.0;14.4;5.5;76.7;0.1922;0.0138;-0.2000;0.5000;
982.67;0;0;0;0;88;207;44;44;44;44;44;1248;355;960;3.2;27.5;40.0;14.4;5.5;76.7;0.1922;0.0138;-0.2000;0.4250;
982.92;0;0;0;0;88;207;44;44;44;44;44;1240;355;960;3.2;27.5;41.5;14.4;5.5;76.7;0.1961;0.0138;-0.2000;0.5000;
983.17;0;0;0;0;88;207;44;44;44;44;44;1239;355;960;3.2;27.6;41.5;14.4;5.5;76.7;0.1961;0.0138;-0.2000;0.6000;
983.43;0;0;0;0;88;207;44;44;43;44;44;1233;355;960;3.2;28.1;42.0;14.4;5.5;76.7;0.1961;0.0138;-0.1750;0.6000;
983.68;0;0;0;0;88;207;43;44;43;43;43;1229;355;960;3.2;28.1;41.5;14.4;5.5;76.7;0.1922;0.0133;-0.1750;0.7000;
983.93;0;0;0;0;88;207;43;43;43;43;43;1228;355;960;3.2;28.4;40.0;14.4;5.5;76.7;0.1882;0.0123;-0.1500;0.7250;
984.18;0;0;0;0;88;207;43;43;43;43;43;1226;355;960;3.2;28.4;37.5;14.4;5.5;76.7;0.1843;0.0099;-0.1750;0.5000;
984.43;0;0;0;0;88;207;43;43;43;43;43;1213;355;960;3.2;28.4;22.5;14.4;5.5;76.7;0.1255;0.0057;-0.2000;0.3500;
984.68;0;0;0;0;88;207;43;43;43;43;43;1202;355;960;3.2;28.4;-5.5;14.4;5.5;76.7;0.0000;0.0051;-0.2750;0.2750;
984.93;0;0;0;0;88;207;42;42;42;42;43;1191;355;960;3.2;28.9;-23.5;14.4;5.5;76.7;0.0000;-0.0018;-0.3500;0.2250;
985.18;0;0;0;0;88;207;42;42;42;42;42;1181;355;960;3.2;29.4;-30.0;14.4;5.5;76.7;0.0000;-0.0061;-0.5250;0.1750;
985.43;0;0;0;0;88;207;41;42;41;41;42;1178;355;960;3.2;29.4;-12.5;14.4;5.5;76.7;0.1294;-0.0102;-0.4750;102.1750;
985.68;0;0;0;0;88;207;41;41;41;41;41;1177;353;960;3.2;29.2;2.5;14.4;5.5;76.7;0.1412;-0.0140;-0.4000;102.2500;
985.93;0;0;0;0;88;207;41;41;41;41;41;1162;353;960;3.2;29.2;19.5;14.4;5.5;76.7;0.1725;-0.0170;-0.3500;102.2500;
986.18;0;0;0;0;88;207;41;41;41;41;41;1163;353;960;3.2;29.2;27.5;14.4;5.5;76.7;0.1804;-0.0217;-0.2000;102.2500;
986.43;0;0;0;0;88;207;41;40;41;40;41;1148;353;960;3.2;29.0;38.5;14.4;5.5;76.7;0.2118;-0.0249;-0.2000;102.0500;
986.68;0;0;0;0;88;207;41;41;41;40;41;1150;353;960;3.2;29.0;46.5;14.4;5.5;76.7;0.2157;-0.0307;-0.1500;101.8500;
986.93;0;0;0;0;88;207;41;40;41;40;41;1150;353;960;3.2;28.4;63.0;14.4;5.5;76.7;0.2431;-0.0392;-0.0750;101.7250;
987.18;0;0;0;0;88;207;41;40;41;40;41;1150;353;960;3.2;28.0;70.5;14.4;5.5;76.7;0.2471;-0.0451;0.0000;101.5250;
987.43;0;0;0;0;88;207;41;40;41;40;41;1156;353;960;3.2;28.0;74.5;14.4;5.5;76.7;0.2510;-0.0499;0.0500;101.5500;
987.68;0;0;0;0;88;207;41;40;41;40;41;1156;353;960;3.2;27.3;77.0;14.4;5.5;76.7;0.2510;-0.0533;0.0500;101.0750;
987.93;0;0;0;0;88;207;41;40;41;41;41;1164;353;960;3.2;27.3;82.5;14.4;5.5;76.7;0.2667;-0.0570;0.0750;101.0000;
988.18;0;0;0;0;88;207;41;41;41;40;41;1160;353;960;3.2;26.5;88.0;14.4;5.5;76.7;0.2706;-0.0689;0.0250;100.9750;
988.45;0;0;0;0;88;207;42;41;41;41;41;1169;353;960;3.2;26.5;96.0;14.4;5.5;76.7;0.2863;-0.0732;0.1500;100.7250;
988.70;0;0;0;0;88;207;42;41;42;41;41;1169;353;960;3.2;25.8;108.5;14.4;5.5;76.7;0.3059;-0.0788;0.1500;100.3750;
988.95;0;0;0;0;88;207;42;41;42;41;42;1183;353;960;3.2;24.7;120.0;14.4;5.5;76.7;0.3333;-0.0857;0.2500;100.5750;
989.20;0;0;0;0;88;207;43;42;43;42;42;1188;353;960;3.2;24.7;137.0;14.4;5.5;76.7;0.3529;-0.0880;0.4000;100.1250;
989.45;0;0;0;0;88;207;43;42;43;42;42;1205;353;960;3.2;23.5;155.5;14.4;5.5;76.7;0.3882;-0.0878;0.4250;100.2000;
989.70;0;0;0;0;88;207;43;42;43;43;43;1214;353;960;3.2;23.5;170.0;14.4;5.5;76.7;0.3882;-0.0877;0.4500;100.1000;
989.95;0;0;0;0;88;207;44;43;44;43;43;1230;353;960;3.2;22.6;171.0;14.4;5.5;76.7;0.3765;-0.0852;0.5000;100.4750;
990.20;0;0;0;0;88;207;44;44;44;43;44;1241;353;960;3.2;21.8;164.0;14.4;5.5;76.7;0.3725;-0.0669;0.5500;100.8750;
990.45;0;0;0;0;88;207;44;44;44;44;44;1252;353;960;3.2;21.8;159.0;14.4;5.5;76.7;0.3608;-0.0551;0.4500;101.4000;
990.70;0;0;0;0;88;207;45;45;45;44;45;1264;353;960;3.2;20.9;152.0;14.4;5.5;76.7;0.3529;-0.0366;0.4500;101.9500;
990.95;0;0;0;0;88;207;45;45;45;45;45;1274;353;960;3.2;20.8;145.5;14.4;5.5;76.7;0.3373;-0.0238;0.4000;102.0000;
991.20;0;0;0;0;88;207;45;45;46;45;45;1289;353;960;3.2;20.8;133.5;14.4;5.5;76.7;0.3255;-0.0070;0.4000;102.3500;
991.45;0;0;0;0;88;207;46;46;46;46;46;1302;353;960;3.2;21.2;127.5;14.4;5.5;76.7;0.3216;-0.0008;0.4500;0.1000;
991.70;0;0;0;0;88;207;46;46;46;46;46;1303;353;960;3.2;21.2;112.0;14.4;5.5;76.7;0.2980;0.0025;0.2500;0.3250;
991.95;0;0;0;0;88;207;46;46;46;46;46;1311;353;960;3.2;21.4;91.0;14.4;5.5;76.7;0.2627;0.0091;0.2250;0.4250;
992.20;0;0;0;0;88;207;46;46;46;46;46;1315;353;960;3.2;21.4;82.0;14.4;5.5;76.7;0.2588;0.0168;0.2000;0.7000;
992.45;0;0;0;0;88;207;47;47;46;47;47;1319;353;960;3.2;22.0;82.0;14.4;5.5;76.7;0.2588;0.0141;0.1500;0.5500;
992.70;0;0;0;0;88;207;47;47;47;47;47;1323;353;960;3.2;22.0;86.5;14.4;5.5;76.7;0.2667;0.0093;0.1250;0.3500;
992.95;0;0;0;0;88;207;47;47;47;47;47;1326;353;960;3.2;23.1;89.5;14.4;5.5;76.7;0.2706;0.0072;0.1000;0.3500;
993.20;0;0;0;0;88;207;47;46;47;47;47;1326;353;960;3.2;23.9;89.5;14.4;5.5;76.7;0.2667;0.0080;0.0500;0.3750;
993.46;0;0;0;0;88;207;47;47;47;47;47;1330;353;960;3.2;23.9;89.5;14.4;5.5;76.7;0.2667;0.0082;0.0750;0.2750;
993.71;0;0;0;0;88;207;47;47;47;47;47;1333;353;960;3.2;24.5;88.0;14.4;5.5;76.7;0.2667;0.0082;0.1000;0.1000;
993.96;0;0;0;0;88;207;47;47;47;47;47;1336;353;960;3.2;25.6;87.5;14.4;5.5;76.7;0.2667;0.0084;0.0750;0.2250;
994.21;0;0;0;0;88;207;47;47;47;47;47;1334;353;960;3.2;25.6;87.5;14.4;5.5;76.7;0.2667;0.0084;0.0500;0.0750;
994.46;0;0;0;0;88;207;47;47;47;47;47;1338;353;960;3.2;26.4;87.0;14.4;5.5;76.7;0.2627;0.0072;0.0750;0.2000;
994.71;0;0;0;0;88;207;47;47;47;47;47;1339;353;960;3.2;26.4;81.0;14.4;5.5;76.7;0.2471;0.0064;0.0250;0.0000;
994.96;0;0;0;0;88;207;47;47;47;47;47;1325;353;960;3.2;27.0;47.5;14.4;5.5;76.7;0.1725;-0.0039;-0.1000;102.2500;
995.21;0;0;0;0;88;207;47;47;47;47;47;1305;353;960;3.2;27.5;-14.0;14.4;5.5;76.7;0.0000;-0.0059;-0.2000;101.9750;
995.46;0;0;0;0;88;207;46;46;46;46;46;1302;353;960;3.2;27.5;-25.5;14.4;5.5;76.7;0.0000;-0.0097;-0.4750;102.0750;
995.71;0;0;0;0;88;207;45;45;45;45;46;1285;353;960;3.2;27.3;-31.0;14.4;5.5;76.7;0.0000;-0.0115;-0.6750;101.6500;
995.96;0;0;0;0;88;207;45;45;45;45;45;1276;353;960;3.2;27.3;-31.0;14.4;5.5;76.7;0.0000;-0.0145;-0.6750;101.6250;
996.21;0;0;0;0;88;207;44;45;45;44;45;1256;353;960;3.2;27.3;-30.5;14.4;5.5;76.7;0.0000;-0.0163;-0.6500;101.7000;
996.46;0;0;0;0;88;207;44;44;44;44;44;1243;353;960;3.2;27.3;-30.5;14.4;5.5;76.7;0.0000;-0.0166;-0.7000;101.7000;
996.71;0;0;0;0;88;207;43;43;43;43;43;1222;353;960;3.2;27.1;-30.0;14.4;5.5;76.7;0.0000;-0.0102;-0.7000;102.0250;
996.96;0;0;0;0;88;207;43;43;43;43;43;1209;353;960;3.2;26.6;-30.0;14.4;5.5;76.7;0.0000;-0.0003;-0.6500;102.2750;
997.21;0;0;0;0;88;207;42;42;42;42;42;1191;353;960;3.2;26.6;-30.0;14.4;5.5;76.7;0.0000;0.0199;-0.6750;0.2750;
997.46;0;0;0;0;88;207;41;42;41;42;42;1180;353;960;3.2;26.6;-30.0;14.4;5.5;76.7;0.0000;0.0392;-0.5750;0.7750;
997.71;0;0;0;0;88;207;40;41;40;41;41;1159;353;960;3.2;26.6;-30.0;14.4;5.5;76.7;0.0000;0.0585;-0.7000;1.4250;
997.96;0;0;0;0;88;207;40;41;40;41;41;1144;353;960;3.2;27.2;-30.0;14.4;5.5;76.7;0.0000;0.0872;-0.6750;1.6250;
998.21;0;0;0;0;88;207;39;40;39;40;40;1128;353;960;3.2;28.2;-30.0;14.4;5.5;76.7;0.0000;0.0972;-0.6500;1.6500;
998.48;0;0;0;0;88;207;38;40;38;40;39;1113;353;960;3.2;28.2;-30.0;14.4;5.5;76.7;0.0000;0.1032;-0.7500;1.9500;
998.73;0;0;0;0;88;207;38;39;38;39;39;1095;353;960;3.2;29.3;-30.0;14.4;5.5;76.7;0.0000;0.1032;-0.6750;2.0250;
998.98;0;0;0;0;88;207;37;38;37;38;38;1080;353;960;3.2;30.7;-30.0;14.4;5.5;76.7;0.0000;0.0991;-0.6750;1.7750;
999.23;0;0;0;0;88;207;37;38;37;38;38;1064;353;960;3.2;30.7;-30.5;14.4;5.5;76.7;0.0000;0.0859;-0.6000;1.4750;
999.48;0;0;0;0;88;207;37;38;37;38;37;1058;353;960;3.2;31.6;-30.5;14.4;5.5;76.7;0.0000;0.0836;-0.4250;1.2250;
999.73;0;0;0;0;88;207;37;38;37;38;37;1073;353;960;3.2;32.3;3.5;14.4;5.5;76.7;0.2078;0.0829;-0.2000;1.3000;
999.98;0;0;0;0;88;207;37;37;37;38;38;1077;353;960;3.2;32.3;53.0;14.4;5.5;76.7;0.2314;0.0601;0.1750;0.3750;
1000.23;0;0;0;0;88;207;37;38;37;38;38;1079;353;960;3.2;33.2;59.0;14.4;5.5;76.7;0.2196;0.0458;0.2500;0.4500;
1000.48;0;0;0;0;88;207;38;38;38;38;38;1087;353;960;3.2;33.2;56.5;14.4;5.5;76.7;0.2118;0.0318;0.2750;0.1500;
1000.73;0;0;0;0;88;207;38;38;38;39;39;1096;353;960;3.2;33.5;49.0;14.4;5.5;76.7;0.1961;0.0102;0.3250;102.2500;
1000.98;0;0;0;0;88;207;39;39;39;39;39;1103;353;960;3.2;33.5;42.0;14.4;5.5;76.6;0.1843;-0.0247;0.2250;102.0250;
1001.23;0;0;0;0;88;207;39;38;39;39;39;1104;353;960;3.2;33.4;35.0;14.4;5.5;76.6;0.1725;-0.0314;0.0750;101.5000;
1001.48;0;0;0;0;88;207;39;39;39;39;39;1110;353;960;3.2;33.4;32.0;14.4;5.5;76.6;0.1686;-0.0321;0.1500;101.6750;
1001.73;0;0;0;0;88;207;39;39;39;39;39;1108;353;960;3.2;33.1;27.0;14.4;5.5;76.6;0.1569;-0.0433;0.1250;101.3500;
1001.98;0;0;0;0;88;207;39;39;39;39;39;1100;353;960;3.2;32.5;25.5;14.4;5.5;76.6;0.1569;-0.0476;-0.0500;101.4000;
1002.23;0;0;0;0;88;207;39;38;39;38;39;1100;353;960;3.2;32.5;25.0;14.4;5.5;76.6;0.1608;-0.0478;-0.1750;101.4250;
1002.48;0;0;0;0;88;207;39;38;39;38;39;1097;353;960;3.2;31.0;27.0;14.4;5.5;76.6;0.1647;-0.0433;-0.1250;101.7000;
1002.73;0;0;0;0;88;207;39;38;39;38;38;1092;353;960;3.2;29.5;31.5;14.4;5.5;76.6;0.1725;-0.0380;-0.1500;101.6750;
1002.98;0;0;0;0;88;207;39;38;38;38;38;1089;353;960;3.2;29.5;33.5;14.4;5.5;76.6;0.1765;-0.0211;-0.1000;101.9500;
1003.23;0;0;0;0;88;207;38;38;38;38;38;1086;353;960;3.2;28.3;35.5;14.4;5.5;76.6;0.1804;-0.0172;-0.1250;102.2000;
1003.50;0;0;0;0;88;207;38;38;38;38;38;1085;353;960;3.2;28.3;38.0;14.4;5.5;76.6;0.1843;-0.0162;-0.1250;102.0500;
1003.75;0;0;0;0;88;207;38;38;38;38;38;1081;353;960;3.2;27.1;40.5;14.4;5.5;76.6;0.1882;-0.0151;-0.1250;102.0500;
1004.00;0;0;0;0;88;207;38;38;38;38;38;1078;353;960;3.2;26.4;44.0;14.4;5.5;76.6;0.1961;-0.0133;-0.1000;102.0250;
1004.25;0;0;0;0;88;207;38;38;38;38;38;1081;353;960;3.2;26.4;44.5;14.4;5.5;76.6;0.1961;-0.0117;-0.0500;102.0500;
1004.50;0;0;0;0;88;207;38;38;38;38;38;1078;353;960;3.2;25.5;45.5;14.4;5.5;76.6;0.1961;-0.0097;-0.0750;101.6000;
1004.75;0;0;0;0;88;207;38;38;38;38;38;1075;353;960;3.2;25.5;47.5;14.4;5.5;76.6;0.2000;-0.0072;-0.1000;101.9750;
1005.00;0;0;0;0;88;207;38;38;38;38;38;1082;353;960;3.2;25.2;46.5;14.4;5.5;76.6;0.1961;-0.0052;0.0500;102.2750;
1005.25;0;0;0;0;88;207;38;38;38;38;38;1084;353;960;3.2;25.2;46.0;14.4;5.5;76.6;0.1922;-0.0028;0.0750;101.9000;
1005.50;0;0;0;0;88;207;38;38;38;38;38;1092;353;960;3.2;25.3;49.5;14.4;5.5;76.6;0.2157;-0.0013;0.0750;102.1750;
1005.75;0;0;0;0;88;207;38;38;38;38;38;1096;353;960;3.2;25.5;54.5;14.4;5.5;76.6;0.2118;0.0016;0.1000;102.2250;
1006.00;0;0;0;0;88;207;39;39;39;39;39;1100;353;960;3.2;25.5;52.5;14.4;5.5;76.6;0.2039;0.0130;0.1750;0.0750;
1006.25;0;0;0;0;88;207;39;39;39;39;39;1110;353;960;3.2;25.5;60.0;14.4;5.5;76.6;0.2235;0.0130;0.3500;0.0250;
1006.50;0;0;0;0;88;207;39;39;39;39;39;1120;353;960;3.2;25.5;63.0;14.4;5.5;76.6;0.2353;0.0128;0.2250;0.1750;
1006.75;0;0;0;0;88;207;39;40;40;40;40;1126;353;960;3.2;26.0;66.0;14.4;5.5;76.6;0.2314;0.0120;0.2500;0.2000;
1007.00;0;0;0;0;88;207;40;40;40;40;40;1138;353;960;3.2;26.5;61.0;14.4;5.5;76.6;0.2196;0.0102;0.3500;0.4000;
1007.25;0;0;0;0;88;207;40;40;40;40;40;1137;353;960;3.2;26.5;57.5;14.4;5.5;76.6;0.2118;0.0072;0.2000;0.3500;
1007.50;0;0;0;0;88;207;40;40;40;40;40;1143;353;960;3.2;26.5;52.0;14.4;5.5;76.6;0.2039;-0.0039;0.2250;102.0750;
1007.75;0;0;0;0;88;207;41;41;41;40;41;1147;353;960;3.2;26.8;49.0;14.4;5.5;76.6;0.2000;-0.0143;0.1500;102.3500;
1008.00;0;0;0;0;88;207;41;40;41;40;41;1151;353;960;3.2;26.8;43.0;14.4;5.5;76.6;0.1882;-0.0206;0.1000;101.8000;
1008.25;0;0;0;0;88;207;40;40;40;40;41;1150;353;960;3.2;26.6;42.0;14.4;5.5;76.6;0.1882;-0.0222;-0.0500;101.6750;
1008.52;0;0;0;0;88;207;41;40;40;40;40;1147;353;960;3.2;26.6;44.0;14.4;5.5;76.6;0.1961;-0.0257;-0.1250;101.7000;
1008.77;0;0;0;0;88;207;40;40;40;40;40;1150;353;960;3.2;26.7;53.5;14.4;5.5;76.6;0.2275;-0.0247;-0.0750;101.8500;
1009.02;0;0;0;0;88;207;41;40;41;40;40;1148;353;960;3.2;26.7;63.0;14.4;5.5;76.6;0.2431;-0.0237;-0.0250;101.6500;
1009.27;0;0;0;0;88;207;40;40;40;40;41;1150;353;960;3.2;26.6;77.5;14.4;5.5;76.6;0.2549;-0.0216;0.0250;101.7500;
1009.52;0;0;0;0;88;207;41;40;41;41;41;1153;353;960;3.2;26.6;93.5;14.4;5.5;76.6;0.2784;-0.0193;0.1000;101.9000;
1009.77;0;0;0;0;88;207;41;41;41;41;41;1159;353;960;3.2;26.4;102.0;14.4;5.5;76.6;0.3020;-0.0105;0.1750;101.9750;
1010.02;0;0;0;0;88;207;41;41;41;41;41;1166;353;960;3.2;26.4;110.0;14.4;5.5;76.6;0.2980;-0.0056;0.2250;101.9750;
1010.27;0;0;0;0;88;207;41;41;41;41;41;1173;353;960;3.2;26.4;118.0;14.4;5.5;76.6;0.3176;-0.0021;0.2000;102.2750;
1010.52;0;0;0;0;88;207;42;42;42;42;42;1184;353;960;3.2;26.1;123.5;14.4;5.5;76.6;0.3137;0.0029;0.2750;102.0750;
1010.77;0;0;0;0;88;207;42;42;42;42;42;1193;353;960;3.2;25.8;132.0;14.4;5.5;76.6;0.3333;0.0044;0.2750;0.0000;
1011.02;0;0;0;0;88;207;42;42;42;42;42;1204;353;960;3.2;25.8;133.5;14.4;5.5;76.6;0.3294;0.0044;0.4000;102.1500;
1011.27;0;0;0;0;88;207;43;43;43;43;43;1215;353;960;3.2;25.6;143.5;14.4;5.5;76.6;0.3490;0.0043;0.4000;101.7500;
1011.52;0;0;0;0;88;207;43;43;43;43;43;1225;353;960;3.2;25.6;142.0;14.4;5.5;76.6;0.3412;0.0041;0.3750;102.2000;
1011.77;0;0;0;0;88;207;43;44;43;43;44;1235;353;960;3.2;25.3;150.5;14.4;5.5;76.6;0.3569;0.0029;0.4250;102.1750;
1012.02;0;0;0;0;88;207;44;44;44;44;44;1246;353;960;3.2;24.9;149.5;14.4;5.5;76.6;0.3490;0.0029;0.3750;102.2500;
1012.27;0;0;0;0;88;207;44;44;44;44;44;1255;353;960;3.2;24.9;146.5;14.4;5.5;76.6;0.3608;0.0028;0.4000;102.1500;
1012.52;0;0;0;0;88;207;45;45;45;45;45;1268;353;960;3.2;25.0;155.5;14.4;5.5;76.6;0.3608;0.0028;0.4250;102.2000;
1012.77;0;0;0;0;88;207;45;45;45;45;45;1276;353;960;3.2;24.8;153.0;14.4;5.5;76.6;0.3569;0.0000;0.4250;102.0500;
1013.02;0;0;0;0;88;207;45;45;45;45;46;1293;353;960;3.2;24.8;147.0;14.4;5.5;76.6;0.3451;-0.0003;0.4000;101.9500;
1013.27;0;0;0;0;88;207;46;46;46;46;46;1303;353;960;3.2;24.8;142.5;14.4;5.5;76.6;0.3412;-0.0014;0.4750;102.2000;
1013.53;0;0;0;0;88;207;46;46;46;46;46;1310;353;960;3.2;24.6;136.0;14.4;5.5;76.6;0.3294;-0.0007;0.3500;102.1250;
1013.78;0;0;0;0;88;207;46;47;47;47;47;1315;353;960;3.2;24.8;132.5;14.4;5.5;76.6;0.3255;0.0054;0.2500;102.2250;
1014.03;0;0;0;0;88;207;47;47;47;47;47;1332;353;960;3.2;24.8;127.5;14.4;5.5;76.6;0.3176;0.0097;0.2750;102.3000;
1014.28;0;0;0;0;88;207;47;47;47;47;47;1339;353;960;3.2;24.8;123.0;14.4;5.5;76.6;0.3137;0.0123;0.2500;0.0000;
1014.53;0;0;0;0;88;207;47;47;47;47;47;1340;353;960;3.2;24.8;119.0;14.4;5.5;76.6;0.3059;0.0118;0.2000;102.3000;
1014.78;0;0;0;0;88;207;48;48;48;48;48;1346;353;960;3.2;24.8;116.0;14.4;5.5;76.6;0.3059;0.0093;0.2250;102.3250;
1015.03;0;0;0;0;88;207;48;48;48;48;48;1356;353;960;3.2;25.1;111.0;14.4;5.5;76.6;0.2980;0.0062;0.1750;0.0000;
1015.28;0;0;0;0;88;207;48;48;48;48;48;1359;353;960;3.2;25.1;108.5;14.4;5.5;76.6;0.2941;0.0025;0.2000;0.1000;
1015.53;0;0;0;0;88;207;48;49;48;48;48;1365;351;960;3.2;25.0;105.0;14.4;5.5;76.6;0.2863;-0.0008;0.2750;0.1250;
1015.78;0;0;0;0;88;207;48;48;48;48;49;1372;351;960;3.2;24.9;101.5;14.4;5.5;76.6;0.2824;-0.0007;0.1500;101.8750;
1016.03;0;0;0;0;88;207;49;49;49;49;49;1377;351;960;3.2;24.9;98.0;14.4;5.5;76.6;0.2784;0.0028;0.1250;102.0250;
1016.28;0;0;0;0;88;207;49;49;49;49;49;1379;351;960;3.2;25.1;95.5;14.4;5.5;76.6;0.2745;0.0029;0.1750;102.0750;
1016.53;0;0;0;0;88;207;49;49;49;49;49;1381;351;960;3.2;24.9;92.5;14.4;5.5;76.6;0.2706;0.0029;0.1000;102.1250;
1016.78;0;0;0;0;88;207;49;49;49;49;49;1387;351;960;3.2;24.9;90.5;14.4;5.5;76.6;0.2667;0.0046;0.1000;102.2000;
1017.03;0;0;0;0;88;207;49;49;49;49;49;1387;351;960;3.2;25.1;88.0;14.4;5.5;76.6;0.2627;0.0052;0.0750;102.3250;
1017.28;0;0;0;0;88;207;49;49;49;49;49;1390;351;960;3.2;25.1;86.0;14.4;5.5;76.6;0.2627;0.0052;0.1000;102.1750;
1017.53;0;0;0;0;88;207;49;49;49;49;49;1392;351;960;3.2;25.4;83.5;14.4;5.5;76.6;0.2588;0.0026;0.0750;102.1500;
1017.78;0;0;0;0;88;207;49;49;49;49;49;1396;351;960;3.2;25.4;82.0;14.4;5.5;76.6;0.2549;0.0013;0.0500;102.1250;
1018.03;0;0;0;0;88;207;49;49;49;49;49;1400;351;960;3.2;25.4;80.5;14.4;5.5;76.6;0.2549;0.0022;0.0750;102.1250;
1018.28;0;0;0;0;88;207;49;49;49;49;50;1398;351;960;3.2;25.4;79.5;14.4;5.5;76.6;0.2510;0.0025;0.0500;102.0750;
1018.54;0;0;0;0;89;207;49;49;49;49;50;1400;351;960;3.2;25.3;77.5;14.4;5.5;76.6;0.2510;0.0026;0.0000;102.0000;
1018.79;0;0;0;0;89;207;49;49;49;49;50;1399;351;960;3.2;25.4;77.0;14.4;5.5;76.6;0.2510;0.0054;-0.0250;102.0500;
1019.04;0;0;0;0;89;207;49;50;49;50;50;1401;351;960;3.2;25.4;76.0;14.4;5.5;76.6;0.2471;0.0061;0.0750;101.9500;
1019.29;0;0;0;0;89;207;49;50;50;50;50;1404;351;960;3.2;25.3;74.0;14.4;5.5;76.6;0.2471;0.0074;0.1000;102.2000;
1019.54;0;0;0;0;89;207;49;50;49;50;50;1407;351;960;3.2;25.3;73.0;14.4;5.5;76.6;0.2431;0.0091;0.0250;102.2000;
1019.79;0;0;0;0;89;207;49;50;49;50;50;1405;351;960;3.2;25.3;72.0;14.4;5.5;76.6;0.2431;0.0084;0.0500;102.1500;
1020.04;0;0;0;0;89;207;49;50;50;50;50;1404;351;960;3.2;25.7;72.0;14.4;5.5;76.6;0.2431;0.0056;-0.0500;102.2000;
1020.29;0;0;0;0;89;207;50;50;50;50;50;1409;351;960;3.2;25.7;70.5;14.4;5.5;76.6;0.2392;0.0046;0.0000;102.2250;
1020.54;0;0;0;0;89;207;50;50;50;50;50;1409;351;960;3.2;25.7;69.5;14.4;5.5;76.6;0.2392;0.0038;0.0000;102.2000;
1020.79;0;0;0;0;89;207;50;50;50;50;50;1408;351;960;3.2;25.9;68.5;14.4;5.5;76.6;0.2353;0.0029;-0.0250;102.2250;
1021.04;0;0;0;0;89;207;50;50;50;50;50;1411;351;960;3.2;25.9;67.0;14.4;5.5;76.6;0.2353;0.0028;0.0000;102.2500;
1021.29;0;0;0;0;89;207;50;50;50;50;50;1413;351;960;3.2;25.9;65.5;14.4;5.5;76.6;0.2353;0.0041;0.0500;0.0000;
1021.54;0;0;0;0;89;207;50;50;50;50;50;1410;351;960;3.2;25.9;66.0;14.4;5.5;76.6;0.2314;0.0051;0.0000;102.3250;
1021.79;0;0;0;0;89;207;50;50;50;50;50;1412;351;960;3.2;26.1;65.0;14.4;5.5;76.6;0.2314;0.0054;-0.0500;0.0000;
1022.04;0;0;0;0;89;207;50;50;50;50;50;1412;351;960;3.2;26.1;65.0;14.4;5.5;76.6;0.2314;0.0057;-0.0250;102.3750;
1022.29;0;0;0;0;89;207;50;50;50;50;50;1410;351;960;3.2;26.1;65.0;14.4;5.5;76.6;0.2314;0.0061;-0.0250;102.3250;
1022.54;0;0;0;0;89;207;50;50;50;50;50;1411;351;960;3.2;26.4;64.5;14.4;5.5;76.6;0.2314;0.0067;0.0000;0.0000;
1022.79;0;0;0;0;89;207;50;50;50;50;50;1411;351;960;3.2;26.4;63.5;14.4;5.5;76.6;0.2314;0.0091;-0.0500;0.0250;
1023.04;0;0;0;0;89;207;50;50;50;50;50;1407;351;960;3.2;26.5;64.0;14.4;5.5;76.6;0.2314;0.0092;-0.0750;0.0000;
1023.29;0;0;0;0;89;207;50;50;50;50;50;1413;351;960;3.2;26.5;64.0;14.4;5.5;76.6;0.2314;0.0095;-0.0250;102.1500;
1023.55;0;0;0;0;89;207;50;50;50;50;50;1414;351;960;3.2;26.5;62.5;14.4;5.5;76.6;0.2275;0.0099;0.0500;102.0000;
1023.80;0;0;0;0;89;207;50;50;50;50;50;1411;351;960;3.2;26.6;62.5;14.4;5.5;76.6;0.2275;0.0091;-0.0250;102.2750;
1024.06;0;0;0;0;89;207;50;50;50;50;50;1412;351;960;3.2;26.6;62.5;14.4;5.5;76.6;0.2275;0.0084;-0.0250;102.3750;
1024.31;0;0;0;0;89;207;50;50;50;50;50;1415;351;960;3.2;26.5;62.5;14.4;5.5;76.6;0.2275;0.0072;0.0000;102.1750;
1024.56;0;0;0;0;89;207;50;50;50;50;50;1412;351;960;3.2;26.5;62.0;14.4;5.5;76.6;0.2275;0.0031;0.0000;102.1250;
1024.81;0;0;0;0;89;207;50;50;50;50;50;1411;351;960;3.2;26.5;61.5;14.4;5.5;76.6;0.2275;0.0033;-0.0250;101.9750;
1025.06;0;0;0;0;89;207;50;50;50;50;50;1415;351;960;3.2;26.5;59.5;14.4;5.5;76.6;0.2235;0.0044;0.0000;102.0250;
1025.31;0;0;0;0;89;207;50;50;50;50;50;1414;351;960;3.2;26.5;59.0;14.4;5.5;76.6;0.2235;0.0047;0.0250;102.1750;
1025.56;0;0;0;0;89;207;50;50;50;50;50;1417;351;960;3.2;26.3;58.0;14.4;5.5;76.6;0.2196;0.0047;0.0250;102.0750;
1025.81;0;0;0;0;89;207;50;50;50;50;50;1421;351;960;3.2;26.3;55.5;14.4;5.5;76.6;0.2157;0.0047;0.0250;102.2000;
1026.06;0;0;0;0;89;207;50;50;50;50;50;1420;351;960;3.2;26.3;54.5;14.4;5.5;76.6;0.2157;0.0049;0.0250;102.1500;
1026.31;0;0;0;0;89;207;50;50;50;50;50;1419;351;960;3.2;26.3;53.0;14.4;5.5;76.6;0.2118;0.0051;0.0000;102.0000;
1026.56;0;0;0;0;89;207;50;50;50;50;50;1423;351;960;3.2;26.2;52.0;14.4;5.5;76.6;0.2118;0.0049;0.0000;102.0750;
1026.81;0;0;0;0;89;207;50;50;50;50;50;1423;351;960;3.2;26.3;50.5;14.4;5.5;76.6;0.2078;0.0016;-0.0250;102.1750;
1027.06;0;0;0;0;89;207;50;50;50;50;50;1422;351;960;3.2;26.3;50.5;14.4;5.5;76.6;0.2039;-0.0034;-0.0250;102.1250;
1027.31;0;0;0;0;89;207;50;50;50;50;50;1425;351;960;3.2;26.1;48.0;14.4;5.5;76.6;0.2000;-0.0074;0.0000;101.8250;
1027.56;0;0;0;0;89;207;50;50;50;50;50;1422;351;960;3.2;25.9;47.0;14.4;5.5;76.6;0.2000;-0.0097;0.0000;101.5250;
1027.81;0;0;0;0;89;207;50;50;50;50;50;1422;351;960;3.2;25.9;46.5;14.4;5.5;76.6;0.2000;-0.0091;-0.0500;101.6250;
1028.06;0;0;0;0;89;207;50;50;50;50;50;1423;351;960;3.2;25.7;46.0;14.4;5.5;76.6;0.2000;-0.0084;-0.0500;101.6500;
1028.31;0;0;0;0;89;207;50;50;50;50;50;1423;351;960;3.2;25.7;45.0;14.4;5.5;76.6;0.1961;-0.0066;0.0000;101.8000;
1028.57;0;0;0;0;89;207;50;50;50;50;50;1423;351;960;3.2;25.4;44.5;14.4;5.5;76.6;0.1961;-0.0022;0.0000;101.9000;
1028.82;0;0;0;0;89;207;50;50;50;50;50;1424;351;960;3.2;25.5;43.0;14.4;5.5;76.6;0.1922;-0.0020;0.0000;101.9750;
1029.07;0;0;0;0;89;207;50;50;50;50;50;1425;351;960;3.2;25.5;42.0;14.4;5.5;76.6;0.1922;-0.0021;-0.0250;101.8750;
1029.32;0;0;0;0;89;207;50;50;50;50;50;1423;351;960;3.2;25.4;41.5;14.4;5.5;76.6;0.1882;-0.0022;0.0000;101.8750;
1029.57;0;0;0;0;89;207;50;51;50;50;50;1427;351;960;3.2;25.5;40.5;14.4;5.5;76.6;0.1882;-0.0022;-0.0250;102.0750;
1029.82;0;0;0;0;89;207;50;50;50;50;50;1427;351;960;3.2;25.5;39.0;14.4;5.5;76.6;0.1882;-0.0016;-0.0250;101.9750;
1030.07;0;0;0;0;89;207;50;50;50;50;50;1424;351;960;3.2;25.5;39.0;14.4;5.5;76.6;0.1882;0.0007;-0.0250;102.2000;
1030.32;0;0;0;0;89;207;50;50;50;50;50;1428;351;960;3.2;25.4;38.0;14.4;5.5;76.6;0.1843;0.0014;-0.0250;102.2500;
1030.57;0;0;0;0;89;207;50;50;50;50;50;1424;351;960;3.2;25.4;37.5;14.4;5.5;76.6;0.1843;0.0007;0.0000;102.0750;
1030.82;0;0;0;0;89;207;50;50;50;50;50;1424;351;960;3.2;25.4;37.5;14.4;5.5;76.6;0.1843;0.0004;-0.0500;102.0000;
1031.07;0;0;0;0;89;207;50;50;50;50;50;1426;351;960;3.2;25.4;36.0;14.4;5.5;76.6;0.1804;0.0007;-0.0500;102.1250;
1031.32;0;0;0;0;89;207;50;50;50;50;50;1425;351;960;3.2;25.4;35.5;14.4;5.5;76.6;0.1804;0.0008;-0.0250;102.0500;
1031.57;0;0;0;0;89;207;50;50;50;50;50;1426;351;960;3.2;25.3;35.0;14.4;5.5;76.6;0.1804;0.0013;-0.0250;102.0500;
1031.82;0;0;0;0;89;207;50;50;50;50;50;1424;351;960;3.2;25.6;34.0;14.4;5.5;76.6;0.1765;0.0025;-0.0250;102.1500;
1032.07;0;0;0;0;89;207;50;50;50;50;50;1423;351;960;3.2;25.6;33.5;14.4;5.5;76.6;0.1765;0.0029;-0.0500;102.1750;
1032.32;0;0;0;0;89;207;50;50;50;50;50;1420;350;960;3.2;25.8;33.5;14.4;5.5;76.6;0.1765;0.0031;-0.0250;102.1250;
1032.57;0;0;0;0;89;207;50;50;50;50;50;1425;350;960;3.2;26.0;32.5;14.4;5.5;76.6;0.1765;0.0025;-0.0500;102.0500;
1032.82;0;0;0;0;89;207;50;50;50;50;50;1424;350;960;3.2;26.0;33.0;14.4;5.5;76.6;0.1765;0.0025;0.0000;102.1750;
1033.07;0;0;0;0;89;207;50;50;50;50;50;1424;350;960;3.2;26.0;32.5;14.4;5.5;76.6;0.1725;0.0025;0.0000;102.1250;
1033.32;0;0;0;0;89;207;50;50;50;50;50;1424;350;960;3.2;26.0;30.5;14.4;5.5;76.6;0.1725;0.0025;0.0000;102.1250;
1033.58;0;0;0;0;89;207;50;50;50;50;50;1422;350;960;3.2;26.1;30.5;14.4;5.5;76.6;0.1686;0.0025;-0.0250;102.0250;
1033.83;0;0;0;0;89;207;50;50;50;50;50;1422;350;960;3.2;26.2;29.5;14.4;5.5;76.6;0.1686;0.0025;-0.0250;101.9750;
1034.08;0;0;0;0;89;207;50;50;50;50;50;1425;350;960;3.2;26.2;29.0;14.4;5.5;76.6;0.1686;0.0004;0.0000;102.0750;
1034.33;0;0;0;0;89;207;50;50;50;50;50;1424;350;960;3.2;26.1;28.5;14.4;5.5;76.6;0.1686;-0.0011;-0.0250;101.8750;
1034.58;0;0;0;0;89;207;50;50;50;50;50;1424;350;960;3.2;26.1;28.0;14.4;5.5;76.6;0.1647;-0.0041;-0.0250;101.9000;
1034.83;0;0;0;0;89;207;50;50;50;50;50;1426;350;960;3.2;26.2;27.0;14.4;5.5;76.6;0.1647;-0.0067;-0.0250;101.7000;
1035.08;0;0;0;0;89;207;50;50;50;50;50;1419;350;960;3.2;26.2;27.0;14.4;5.5;76.6;0.1647;-0.0072;-0.0250;101.9750;
1035.33;0;0;0;0;89;207;50;50;50;50;50;1421;350;960;3.2;26.1;27.0;14.4;5.5;76.6;0.1647;-0.0051;-0.0500;101.9250;
1035.58;0;0;0;0;89;207;50;50;50;50;50;1424;350;960;3.2;26.0;26.0;14.4;5.5;76.6;0.1647;-0.0022;0.0000;102.0250;
1035.83;0;0;0;0;89;207;50;50;50;50;50;1423;350;960;3.2;26.0;26.0;14.4;5.5;76.6;0.1647;-0.0014;-0.0250;101.9250;
1036.08;0;0;0;0;89;207;50;50;50;50;50;1424;350;960;3.2;26.1;24.5;14.4;5.5;76.6;0.1608;-0.0001;0.0000;101.9250;
1036.33;0;0;0;0;89;207;50;50;50;50;50;1425;350;960;3.2;26.1;23.5;14.4;5.5;76.6;0.1569;0.0000;-0.0500;102.0750;
1036.58;0;0;0;0;89;207;50;50;50;50;50;1423;350;960;3.2;26.1;23.0;14.4;5.5;76.6;0.1569;0.0004;-0.0250;102.0250;
1036.83;0;0;0;0;89;207;50;50;50;50;50;1423;350;960;3.2;25.9;22.5;14.4;5.5;76.6;0.1569;0.0004;0.0000;102.0750;
1037.08;0;0;0;0;89;207;50;50;50;50;50;1425;350;960;3.2;25.9;22.0;14.4;5.5;76.6;0.1529;0.0004;-0.0250;101.9500;
1037.33;0;0;0;0;89;207;50;50;50;50;50;1423;350;960;3.2;26.0;21.5;14.4;5.5;76.6;0.1529;0.0004;-0.0250;101.9750;
1037.58;0;0;0;0;89;207;50;50;50;50;50;1425;350;960;3.2;26.0;20.5;14.4;5.5;76.6;0.1529;0.0001;0.0000;102.0250;
1037.83;0;0;0;0;89;207;50;50;50;50;50;1426;350;960;3.2;26.0;20.5;14.4;5.5;76.6;0.1490;0.0007;-0.0500;102.1250;
1038.08;0;0;0;0;89;207;50;50;50;50;50;1423;350;960;3.2;26.0;19.5;14.4;5.5;76.6;0.1490;0.0013;0.0000;102.1750;
1038.33;0;0;0;0;89;207;50;50;50;50;50;1424;350;960;3.2;26.0;18.5;14.4;5.5;76.6;0.1412;0.0018;0.0000;102.1750;
1038.59;0;0;0;0;89;207;50;50;50;50;50;1421;350;960;3.2;26.1;10.0;14.4;5.5;76.6;0.2941;0.0038;-0.0750;102.1750;
1038.84;0;0;0;0;89;207;50;50;50;50;50;1437;350;960;3.2;26.1;76.5;14.4;5.5;76.6;0.4196;0.0054;-0.0250;102.1250;
1039.09;0;0;0;0;89;207;51;51;51;51;51;1446;350;960;3.2;26.3;165.5;14.4;5.5;76.6;0.7608;0.0069;0.3250;102.3250;
1039.34;0;0;0;0;89;207;52;51;51;52;52;1464;350;960;3.2;26.0;191.5;14.4;5.5;76.6;0.9412;0.0079;0.4500;102.3500;
1039.59;0;0;0;0;89;207;52;52;52;52;52;1492;350;960;3.2;26.0;212.0;14.4;5.5;76.6;0.9843;0.0025;0.6750;102.2500;
1039.84;0;0;0;0;89;207;53;53;53;53;53;1509;350;960;3.2;26.1;229.5;14.4;5.5;76.6;0.9961;0.0025;0.7750;102.1750;
1040.09;0;0;0;0;89;207;54;54;54;54;54;1544;350;960;3.2;26.1;256.0;14.4;5.5;76.6;0.9961;0.0025;0.9000;102.0250;
1040.34;0;0;0;0;89;207;55;54;55;55;55;1572;350;960;3.2;25.8;270.5;14.4;5.5;76.6;0.9961;0.0025;1.0250;102.2000;
1040.59;0;0;0;0;89;207;56;56;56;56;56;1610;350;960;3.2;25.4;296.5;14.4;5.5;76.6;0.9961;0.0025;1.2250;102.1250;
1040.84;0;0;0;0;89;207;57;58;58;58;58;1635;350;960;3.2;25.4;320.0;14.4;5.5;76.6;0.9961;0.0025;1.2250;102.2000;
1041.09;0;0;0;0;89;207;59;59;59;59;59;1684;350;960;3.2;25.3;356.5;14.4;5.5;76.6;0.9961;0.0026;1.4750;102.0750;
1041.34;0;0;0;0;89;207;61;61;61;61;61;1717;350;960;3.2;24.7;361.0;14.4;5.5;76.6;0.9961;0.0028;1.5250;102.1500;
1041.59;0;0;0;0;89;207;63;63;63;63;63;1789;350;960;3.2;24.7;368.5;14.4;5.5;76.6;0.9961;0.0046;2.0000;102.1750;
1041.84;0;0;0;0;89;207;64;64;64;64;64;1830;350;960;3.2;24.2;372.0;14.4;5.5;76.6;0.9961;0.0047;2.0250;102.2250;
1042.09;0;0;0;0;89;207;67;67;67;67;67;1891;350;960;3.2;24.2;376.5;14.4;5.5;76.6;0.9961;0.0047;2.1000;102.0500;
1042.34;0;0;0;0;89;207;68;68;68;68;68;1939;350;960;3.2;23.7;378.0;14.4;5.5;76.6;0.9961;0.0049;2.2500;102.1250;
1042.59;0;0;0;0;89;207;70;71;71;71;71;2006;350;960;3.2;23.7;380.0;14.4;5.5;76.6;0.9961;0.0046;2.2500;102.2250;
1042.84;0;0;0;0;89;207;72;72;72;72;72;2051;350;960;3.2;23.1;379.5;14.4;5.5;76.6;0.9961;0.0031;2.1500;102.2500;
1043.09;0;0;0;0;89;207;74;75;75;75;74;2120;350;960;3.2;23.1;379.0;14.4;5.5;76.6;0.9961;0.0013;2.1250;102.2000;
1043.34;0;0;0;0;89;207;76;76;76;76;76;2158;350;960;3.2;22.4;380.5;14.4;5.5;76.6;0.9961;-0.0009;2.1000;102.1500;
1043.61;0;0;0;0;89;207;79;79;79;78;79;2227;350;960;3.2;22.3;380.5;14.4;5.5;76.6;0.9961;-0.0004;2.1500;101.9500;
1043.86;0;0;0;0;89;207;80;80;80;80;80;2272;350;960;3.2;22.3;379.0;14.4;5.5;76.6;0.9961;0.0014;2.1250;102.1250;
1044.11;0;0;0;0;89;207;82;82;82;82;82;2334;350;960;3.2;21.7;380.5;14.4;5.5;76.6;0.7255;0.0018;2.1000;102.2000;
1044.36;1;0;0;0;89;207;83;83;83;83;83;2287;350;960;3.2;21.4;-40.0;14.4;5.5;76.6;0.0000;0.0020;1.9500;102.1250;
1044.61;1;0;0;0;89;207;83;83;83;83;84;2023;350;960;3.2;21.4;-6.0;14.4;5.5;76.6;0.3490;0.0029;0.7000;0.1000;
1044.86;1;0;0;0;89;207;83;83;84;84;83;2432;350;960;3.2;22.2;305.5;14.4;5.5;76.6;0.9961;0.0028;0.1750;102.2250;
1045.11;0;0;0;0;89;207;85;85;85;85;85;1939;350;960;3.2;22.2;369.0;14.4;5.5;76.6;0.9961;0.0026;0.8500;0.2000;
1045.36;0;0;0;0;89;207;86;86;86;86;86;1961;350;960;3.2;22.2;377.0;14.4;5.5;76.6;0.9961;0.0022;1.1000;102.3000;
1045.61;0;0;0;0;89;207;88;88;88;88;88;1998;350;960;3.2;22.3;379.5;14.4;5.5;76.6;0.9961;0.0038;1.3750;102.2250;
1045.86;0;0;0;0;89;207;89;89;89;89;89;2023;350;960;3.2;22.3;379.5;14.4;5.5;76.6;0.9961;0.0054;1.4500;0.0500;
1046.11;0;0;0;0;89;207;91;91;91;91;91;2061;350;960;3.2;22.5;379.0;14.4;5.5;76.6;0.9961;0.0075;1.5250;0.1250;
1046.36;0;0;0;0;89;207;92;92;92;92;92;2091;350;960;3.2;22.5;379.0;14.4;5.5;76.6;0.9961;0.0153;1.6000;0.4500;
1046.61;0;0;0;0;89;207;94;94;94;94;94;2133;350;960;3.2;22.5;379.0;14.4;5.5;76.6;0.9961;0.0157;1.6000;0.8250;
1046.86;0;0;0;0;89;207;95;95;95;95;95;2160;350;960;3.2;22.5;379.5;14.4;5.5;76.6;0.9961;0.0141;1.6000;0.8000;
1047.11;0;0;0;0;89;207;97;97;97;97;97;2201;350;960;3.2;23.2;378.0;14.4;5.5;76.6;0.9961;0.0140;1.6500;0.8250;
1047.36;0;0;0;0;89;207;98;99;98;98;98;2230;350;960;3.2;23.9;379.5;14.4;5.5;76.6;0.9961;0.0148;1.7000;0.7250;
1047.61;0;0;0;0;89;207;100;100;100;100;100;2268;350;960;3.2;23.9;378.5;14.4;5.5;76.6;0.9961;0.0150;1.7500;0.8500;
1047.86;0;0;0;0;89;207;101;102;101;102;101;2299;350;960;3.2;24.0;379.5;14.4;5.5;76.6;0.9961;0.0150;1.7250;0.8250;
1048.11;0;0;0;0;89;207;103;103;103;103;103;2338;350;960;3.2;24.0;379.5;14.4;5.5;76.6;0.9961;0.0141;1.6500;0.7500;
1048.36;0;0;0;0;90;207;104;105;104;104;105;2364;350;960;3.2;25.0;380.0;14.4;5.5;76.6;0.6902;0.0123;1.6500;0.6750;
1048.62;1;0;0;0;90;207;105;105;105;105;105;2231;350;960;3.2;25.6;-35.0;14.4;5.5;76.6;0.0000;0.0070;1.0500;0.5750;
1048.87;1;0;0;0;90;207;105;105;105;105;105;2018;350;960;3.2;25.6;-35.5;14.4;5.5;76.6;0.0000;0.0038;0.4000;0.1500;
1049.12;0;0;0;0;90;207;104;104;104;104;105;1942;350;960;3.2;25.7;-38.0;14.4;5.5;76.6;0.0000;-0.0031;0.0500;102.2250;
1049.37;0;0;0;0;90;207;104;104;104;104;105;1934;350;960;3.2;26.5;-38.5;14.4;5.5;76.6;0.0000;-0.0056;-0.2000;101.9000;
1049.62;0;0;0;0;90;207;104;104;104;104;104;1924;350;960;3.2;26.5;-38.0;14.4;5.5;76.6;0.0000;-0.0072;-0.2500;102.1750;
1049.87;0;0;0;0;90;207;103;104;103;103;104;1911;350;960;3.2;26.9;-38.0;14.4;5.5;76.6;0.0000;-0.0087;-0.3750;101.7000;
1050.12;0;0;0;0;90;207;103;103;103;103;103;1910;350;960;3.2;27.3;-38.0;14.4;5.5;76.6;0.0000;-0.0104;-0.4250;101.6000;
1050.37;0;0;0;0;90;207;103;103;103;102;103;1907;350;960;3.2;27.3;-38.0;14.4;5.5;76.6;0.0000;-0.0102;-0.4750;101.6750;
1050.62;0;0;0;0;90;207;102;102;102;102;103;1896;350;960;3.2;27.9;-37.5;14.4;5.5;76.6;0.0000;-0.0104;-0.4250;101.7250;
1050.87;0;0;0;0;90;207;102;101;102;102;102;1888;350;960;3.2;27.9;-37.5;14.4;5.5;76.6;0.0000;-0.0109;-0.4750;101.5750;
1051.12;0;0;0;0;90;207;102;101;101;101;102;1883;350;960;3.2;27.6;-37.5;14.4;5.5;76.6;0.0000;-0.0118;-0.5000;101.5250;
1051.37;0;0;0;0;90;207;101;101;101;101;101;1874;350;960;3.2;27.6;-37.0;14.4;5.5;76.6;0.0000;-0.0143;-0.4750;101.4000;
1051.62;0;0;0;0;90;207;101;101;101;101;101;1869;350;960;3.2;27.7;-37.0;14.4;5.5;76.6;0.0000;-0.0157;-0.4500;101.2750;
1051.87;0;0;0;0;90;207;100;100;100;100;100;1863;350;960;3.2;27.7;-37.0;14.4;5.5;76.6;0.0000;-0.0157;-0.4750;101.2500;
1052.12;0;0;0;0;90;207;100;100;100;100;100;1846;350;960;3.2;27.7;-37.0;14.4;5.5;76.6;0.0000;-0.0143;-0.5000;101.2250;
1052.37;0;0;0;0;90;207;99;99;99;99;100;1843;350;960;3.2;27.1;-36.5;14.4;5.5;76.6;0.0000;-0.0109;-0.4500;101.6000;
1052.62;0;0;0;0;90;207;99;99;99;99;99;1834;350;960;3.2;27.1;-36.5;14.4;5.5;76.6;0.0000;-0.0102;-0.4500;101.6500;
1052.87;0;0;0;0;91;207;98;99;98;98;99;1826;350;960;3.2;27.1;-36.0;14.4;5.5;76.6;0.0000;-0.0091;-0.4500;101.8250;
1053.12;0;0;0;0;91;207;98;98;98;98;99;1825;350;960;3.2;26.9;-36.0;14.4;5.5;76.6;0.0000;-0.0082;-0.4500;101.8250;
1053.37;0;0;0;0;91;207;98;98;98;98;98;1819;350;960;3.2;26.9;-36.0;14.4;5.5;76.6;0.0000;-0.0074;-0.4500;101.9000;
1053.63;0;0;0;0;91;207;97;98;97;97;98;1806;348;960;3.2;26.2;-36.0;14.4;5.5;76.6;0.0000;-0.0069;-0.4500;101.9500;
1053.88;0;0;0;0;91;207;97;97;97;97;97;1801;348;960;3.2;26.2;-35.5;14.4;5.5;76.6;0.0000;-0.0067;-0.3750;101.9500;
1054.13;0;0;0;0;91;207;97;97;97;97;97;1800;348;960;3.2;26.4;-35.5;14.4;5.5;76.6;0.0000;-0.0052;-0.3250;102.1750;
1054.38;0;0;0;0;91;207;97;96;97;96;97;1790;348;960;3.2;26.7;-35.5;14.4;5.5;76.6;0.0000;-0.0016;-0.3500;102.2000;
1054.63;0;0;0;0;91;207;96;96;96;96;97;1786;348;960;3.2;26.7;-35.5;14.4;5.5;76.6;0.0000;-0.0034;-0.3250;102.2750;
1054.88;0;0;0;0;91;207;96;96;96;96;96;1783;348;960;3.2;26.8;-35.5;14.4;5.5;76.6;0.0000;-0.0056;-0.2750;102.1750;
1055.13;0;0;0;0;91;207;96;96;96;96;96;1779;348;960;3.2;26.8;-35.5;14.4;5.5;76.6;0.0000;-0.0093;-0.2250;101.9000;
1055.38;0;0;0;0;91;207;96;96;96;96;96;1776;348;960;3.2;27.3;-35.5;14.4;5.5;76.6;0.0000;-0.0109;-0.2250;101.9750;
1055.63;0;0;0;0;91;207;95;95;95;95;96;1770;348;960;3.2;27.3;-35.5;14.4;5.5;76.6;0.0000;-0.0127;-0.2250;101.5500;
1055.88;0;0;0;0;91;207;95;95;95;95;96;1767;348;960;3.2;27.2;-35.5;14.4;5.5;76.6;0.0000;-0.0143;-0.2250;101.5000;
1056.13;0;0;0;0;91;207;95;95;95;95;95;1762;348;960;3.2;27.3;-35.5;14.4;5.5;76.6;0.0000;-0.0172;-0.2000;101.2000;
1056.38;0;0;0;0;91;207;95;95;95;94;95;1759;348;960;3.2;27.3;-35.5;14.4;5.5;76.6;0.0000;-0.0201;-0.2500;100.9500;
1056.63;0;0;0;0;91;207;95;94;95;94;95;1757;348;960;3.2;27.6;-35.5;14.4;5.5;76.6;0.0000;-0.0201;-0.2500;100.9750;
1056.88;0;0;0;0;91;207;94;94;94;94;95;1750;348;960;3.2;27.6;-35.5;14.4;5.5;76.6;0.0000;-0.0201;-0.2250;100.9750;
1057.13;0;0;0;0;91;207;95;94;94;94;95;1749;348;960;3.2;27.0;-35.5;14.4;5.5;76.6;0.0000;-0.0196;-0.2000;101.1750;
1057.38;0;0;0;0;91;207;94;94;94;94;94;1747;348;960;3.2;26.6;-35.5;14.4;5.5;76.6;0.0000;-0.0132;-0.1750;101.5750;
1057.63;0;0;0;0;90;207;94;94;94;94;94;1744;348;960;3.2;26.6;-35.5;14.4;5.5;76.6;0.0000;-0.0123;-0.1500;101.5250;
1057.88;0;1;0;0;90;207;94;94;94;94;94;1744;348;960;3.2;26.8;-35.5;14.4;5.5;76.6;0.0000;-0.0087;-0.2000;101.8500;
1058.13;0;1;0;0;90;207;93;93;93;93;94;1730;348;960;3.2;26.8;-35.5;14.4;5.5;76.6;0.0000;-0.0026;-0.5500;102.3250;
1058.38;0;1;0;0;90;207;93;93;92;93;93;1720;348;960;3.2;26.8;-35.0;14.4;5.5;76.6;0.0000;0.0084;-0.6500;0.3750;
1058.65;0;1;0;0;90;207;92;93;92;92;93;1715;348;960;3.2;27.2;-35.0;14.4;5.5;76.6;0.0000;0.0150;-0.5000;0.6500;
1058.90;0;0;0;0;90;207;92;93;92;92;92;1708;348;960;3.2;27.2;-35.0;14.4;5.5;76.6;0.0000;0.0212;-0.3750;1.2500;
1059.15;0;0;0;0;90;207;92;93;92;92;92;1708;348;960;3.2;27.9;-35.0;14.4;5.5;76.6;0.0000;0.0247;-0.2500;1.7750;
1059.40;0;0;0;0;90;207;92;92;91;92;92;1704;348;960;3.2;27.9;-35.0;14.4;5.5;76.6;0.0000;0.0278;-0.1500;1.6750;
1059.65;0;0;0;0;90;207;92;92;92;92;92;1708;348;960;3.2;28.8;-35.0;14.4;5.5;76.6;0.0000;0.0308;-0.1000;2.0250;
1059.90;0;0;0;0;90;207;91;92;91;92;92;1703;348;960;3.2;28.8;-35.0;14.4;5.5;76.6;0.0000;0.0308;-0.0750;2.3000;
1060.15;0;0;0;0;90;207;91;92;91;92;92;1703;348;960;3.2;30.1;-35.0;14.4;5.5;76.6;0.0000;0.0308;-0.1000;1.9500;
1060.40;0;0;0;0;90;207;91;92;91;92;92;1702;348;960;3.2;31.6;-35.0;14.4;5.5;76.6;0.0000;0.0321;-0.1000;2.3000;
1060.65;0;0;0;0;90;207;91;92;91;92;92;1701;348;960;3.2;31.6;-35.0;14.4;5.5;76.6;0.0000;0.0328;-0.0500;2.4250;
1060.90;0;0;0;0;90;207;91;92;91;92;92;1699;348;960;3.2;33.2;-35.5;14.4;5.5;76.6;0.0000;0.0328;-0.1000;2.3250;
1061.15;0;0;0;0;90;207;91;92;91;92;92;1700;348;960;3.2;35.2;-35.5;14.4;5.5;76.6;0.0000;0.0288;-0.1000;2.0500;
1061.40;0;0;0;0;90;207;91;92;91;92;92;1698;348;960;3.2;35.2;-35.5;14.4;5.5;76.6;0.0000;0.0224;-0.0500;1.3750;
1061.65;0;0;0;0;90;207;91;92;91;92;92;1698;348;960;3.2;36.7;-35.5;14.4;5.5;76.6;0.0000;0.0209;-0.0750;1.3250;
1061.90;0;0;0;0;90;207;91;92;91;91;92;1695;348;960;3.2;36.7;-36.0;14.4;5.5;76.6;0.0000;0.0196;-0.1000;1.0500;
1062.15;0;0;0;0;90;207;91;91;91;91;92;1695;348;960;3.2;37.3;-36.0;14.4;5.5;76.6;0.0000;0.0189;-0.1250;1.1750;
1062.40;0;0;0;0;90;207;91;91;91;91;91;1689;348;960;3.2;38.1;-36.0;14.4;5.5;76.6;0.0000;0.0189;-0.1250;1.0750;
1062.65;0;0;0;0;90;207;91;91;91;91;91;1692;348;960;3.2;38.1;-36.0;14.4;5.5;76.6;0.0000;0.0189;-0.1250;1.1000;
1062.90;0;0;0;0;90;207;91;91;91;91;91;1688;348;960;3.2;38.2;-36.0;14.4;5.5;76.6;0.0000;0.0189;-0.1250;0.8750;
1063.15;0;0;0;0;90;207;91;91;91;91;91;1686;348;960;3.2;38.0;-36.0;14.4;5.5;76.6;0.0000;0.0158;-0.1250;0.8750;
1063.40;0;0;0;0;90;207;91;91;90;91;91;1682;348;960;3.2;38.0;-35.5;14.4;5.5;76.6;0.0000;0.0118;-0.1500;0.8250;
1063.66;0;0;0;0;90;207;90;91;90;91;91;1681;348;960;3.2;38.0;-36.0;14.4;5.5;76.6;0.0000;0.0118;-0.1500;0.5750;
1063.91;0;0;0;0;90;207;90;91;90;90;91;1678;348;960;3.2;37.3;-36.0;14.4;5.5;76.6;0.0000;0.0117;-0.1500;0.6750;
1064.16;0;0;0;0;90;207;90;90;90;90;91;1678;348;960;3.2;36.9;-36.0;14.4;5.5;76.6;0.0000;0.0091;-0.1250;0.7250;
1064.41;0;0;0;0;90;207;90;91;90;90;91;1673;348;960;3.2;36.9;-36.0;14.4;5.5;76.6;0.0000;0.0087;-0.1250;0.5500;
1064.66;0;0;0;0;90;207;90;90;90;90;91;1674;348;960;3.2;36.2;-36.0;14.4;5.5;76.6;0.0000;0.0084;-0.1750;0.7250;
1064.91;0;0;0;0;90;207;90;90;90;90;90;1670;348;960;3.2;36.2;-36.0;14.4;5.5;76.6;0.0000;0.0057;-0.1500;0.5500;
1065.16;0;0;0;0;90;207;90;90;90;90;90;1673;348;960;3.2;35.4;-36.0;14.4;5.5;76.6;0.0000;-0.0039;-0.1250;0.0000;
1065.41;0;0;0;0;90;207;90;90;90;90;90;1668;348;960;3.2;34.5;-35.5;14.4;5.5;76.6;0.0000;-0.0038;-0.0750;102.1500;
1065.66;0;0;0;0;90;207;90;90;90;90;90;1669;348;960;3.2;34.5;-36.0;14.4;5.5;76.6;0.0000;-0.0033;-0.1000;102.2750;
1065.91;0;0;0;0;90;207;90;90;90;90;90;1669;348;960;3.2;33.1;-36.0;14.4;5.5;76.6;0.0000;-0.0008;-0.0750;102.3250;
1066.16;1;0;0;0;90;207;90;90;90;90;90;1593;348;960;3.2;32.6;-35.0;14.4;5.5;76.6;0.0000;0.0046;-0.0250;0.0250;
1066.41;1;0;0;0;90;207;90;90;90;90;90;1545;348;960;3.2;32.6;113.0;14.4;5.5;76.6;0.5294;0.0062;0.0750;0.4000;
1066.66;1;0;0;0;90;207;90;90;90;90;90;2015;348;960;3.2;32.3;-41.0;14.4;5.5;76.6;0.0000;0.0062;0.0500;0.5250;
1066.91;1;0;0;0;90;207;90;90;90;90;91;1885;348;960;3.2;32.3;-36.0;14.4;5.5;76.6;0.0000;0.0051;0.1000;0.5250;
1067.16;1;0;0;0;90;207;90;90;90;90;90;2041;348;960;3.2;31.8;-37.0;14.4;5.5;76.6;0.0000;0.0014;0.0000;0.3500;
1067.41;0;0;0;0;90;207;90;90;90;90;90;2041;348;960;3.2;31.6;-40.5;14.4;5.5;76.6;0.0000;-0.0013;-0.0750;0.0500;
1067.66;0;0;0;0;90;207;90;90;90;90;90;2036;348;960;3.2;31.6;-40.5;14.4;5.5;76.6;0.0000;-0.0011;-0.0750;0.0000;
1067.91;0;0;0;0;90;207;90;90;90;90;91;2044;348;960;3.2;31.6;-40.5;14.4;5.5;76.6;0.0000;0.0000;0.0250;0.1250;
1068.16;0;0;0;0;90;207;90;90;90;90;91;2042;348;960;3.2;31.3;-40.0;14.4;5.5;76.6;0.0000;0.0001;0.0500;0.1000;
1068.41;0;0;0;0;90;207;91;91;90;90;91;2042;348;960;3.2;30.9;-40.0;14.4;5.5;76.6;0.0000;-0.0041;0.0250;0.0000;
1068.67;0;0;0;0;89;207;91;91;90;90;91;2042;348;960;3.2;30.9;-40.0;14.4;5.5;76.6;0.0000;-0.0077;0.0500;102.0000;
1068.92;0;0;0;0;89;207;91;91;91;90;91;2045;348;960;3.2;30.8;-40.0;14.4;5.5;76.6;0.0000;-0.0077;0.1000;102.0250;
1069.17;0;0;0;0;89;207;91;91;91;91;91;2050;348;962;3.2;30.0;-40.0;14.4;5.5;76.6;0.0000;-0.0062;0.1000;102.0500;
1069.42;0;0;0;0;89;207;91;91;91;91;91;2055;347;960;3.2;30.0;-40.0;14.4;5.5;76.6;0.0000;-0.0059;0.1000;102.1500;
1069.67;0;0;0;0;89;207;91;91;91;91;91;2055;347;962;3.2;29.5;-40.0;14.4;5.5;76.6;0.0000;-0.0057;0.1250;102.0500;
1069.92;0;0;0;0;89;207;91;91;91;91;91;2061;347;960;3.2;30.0;-40.0;14.4;5.5;76.6;0.0000;-0.0052;0.1500;102.1250;
1070.17;0;0;0;0;89;207;92;92;91;91;92;2064;347;962;3.2;30.0;-39.5;14.4;5.5;76.6;0.0000;-0.0033;0.1500;102.1500;
1070.42;0;1;0;0;89;207;91;91;91;91;92;2064;347;962;3.2;30.1;-39.5;14.4;5.5;76.6;0.0000;-0.0026;-0.1500;102.2750;
1070.67;0;1;0;0;89;207;91;92;91;91;92;2065;347;962;3.2;30.1;-39.5;14.4;5.5;76.6;0.0000;-0.0021;-0.1250;0.0000;
1070.92;0;1;0;0;89;207;91;91;91;91;92;2066;347;962;3.2;29.9;-39.5;14.4;5.5;76.6;0.0000;-0.0020;0.2250;0.0000;
1071.17;0;1;0;0;89;207;91;91;91;91;91;2063;347;962;3.2;29.9;-39.5;14.4;5.5;76.6;0.0000;-0.0034;-0.5000;102.2500;
1071.42;0;1;0;0;89;207;91;91;91;91;91;2053;347;962;3.2;29.9;-39.5;14.4;5.5;76.6;0.0000;-0.0036;-0.3500;102.3250;
1071.67;0;1;0;0;89;207;91;90;90;90;91;2048;347;962;3.2;30.3;-39.5;14.4;5.5;76.6;0.0000;-0.0041;-0.6000;102.2000;
1071.92;0;1;0;0;89;207;90;90;90;90;91;2034;347;962;3.2;30.3;-39.5;14.4;5.5;76.6;0.0000;-0.0041;-0.4500;102.2250;
1072.17;0;1;0;0;89;207;90;90;90;89;90;2026;347;962;3.2;30.3;-39.5;14.4;5.5;76.6;0.0000;-0.0041;-0.6750;102.3000;
1072.42;0;1;0;0;89;207;89;89;89;89;90;2015;347;962;3.2;30.3;-39.5;14.4;5.5;76.6;0.0000;-0.0047;-0.5250;102.1750;
1072.67;0;1;0;0;89;207;89;89;89;89;89;2009;347;962;3.2;30.5;-39.5;14.4;5.5;76.6;0.0000;-0.0046;-0.5250;102.2000;
1072.92;0;1;0;0;89;207;88;88;88;88;89;1995;347;962;3.2;30.7;-39.5;14.4;5.5;76.6;0.0000;-0.0046;-0.2500;102.1750;
1073.17;0;1;0;0;89;207;88;87;88;88;88;1989;347;962;3.2;30.7;-39.5;14.4;5.5;76.6;0.0000;-0.0043;-0.7250;102.3250;
1073.42;0;1;0;0;89;207;88;87;87;87;88;1976;347;962;3.2;30.9;-39.5;14.4;5.5;76.6;0.0000;-0.0041;-0.2250;102.2250;
1073.69;0;1;0;0;89;207;87;87;87;87;87;1966;347;962;3.2;30.9;-39.0;14.4;5.5;76.6;0.0000;-0.0041;-0.4750;102.2250;
1073.94;0;0;0;0;89;207;87;87;87;87;87;1966;347;962;3.2;31.7;-39.0;14.4;5.5;76.6;0.0000;-0.0041;-0.2750;102.2000;
1074.19;0;1;0;0;89;207;87;87;87;87;87;1965;347;962;3.2;31.8;-39.0;14.4;5.5;76.6;0.0000;-0.0041;-0.0250;102.1750;
1074.44;0;1;0;0;89;207;87;87;87;87;87;1961;347;962;3.2;31.8;-39.0;14.4;5.5;76.6;0.0000;-0.0041;-0.2500;102.3500;
1074.69;0;1;0;0;89;207;87;86;87;87;87;1960;347;962;3.2;31.6;-39.0;14.4;5.5;76.6;0.0000;-0.0041;-0.1000;102.2500;
1074.94;0;1;0;0;89;207;86;86;86;86;87;1949;347;962;3.2;32.1;-39.0;14.4;5.5;76.6;0.0000;-0.0041;-0.3750;102.2000;
1075.19;0;1;0;0;88;207;86;86;86;86;86;1946;347;962;3.2;32.1;-38.5;14.4;5.5;76.6;0.0000;-0.0062;-0.4250;102.0500;
1075.44;0;1;0;0;88;207;86;85;85;85;86;1932;347;962;3.2;31.9;-38.5;14.4;5.5;76.6;0.0000;-0.0061;-0.3500;102.2750;
1075.69;0;1;0;0;88;207;85;85;85;85;85;1925;347;962;3.2;31.9;-38.5;14.4;5.5;76.6;0.0000;-0.0062;-0.2500;102.3000;
1075.94;0;1;0;0;88;207;85;85;85;85;85;1911;347;962;3.2;31.4;-38.0;14.4;5.5;76.6;0.0000;-0.0059;-0.5500;101.9500;
1076.19;0;1;0;0;88;207;84;84;84;84;84;1904;347;962;3.2;31.4;-38.0;14.4;5.5;76.6;0.0000;-0.0047;-0.5250;102.1750;
1076.44;0;1;0;0;88;207;83;84;84;84;84;1885;347;962;3.2;31.7;-37.5;14.4;5.5;76.6;0.0000;-0.0041;-0.8500;102.1500;
1076.69;0;1;0;0;88;207;83;83;83;83;83;1879;347;962;3.2;31.7;-37.5;14.4;5.5;76.6;0.0000;-0.0036;-0.3250;102.2750;
1076.94;0;1;0;0;88;207;82;83;82;82;83;1861;347;962;3.2;31.7;-37.5;14.4;5.5;76.6;0.0000;-0.0029;-0.8500;102.3250;
1077.19;0;1;0;0;88;207;82;82;82;82;82;1851;347;962;3.2;31.6;-37.0;14.4;5.5;76.6;0.0000;-0.0014;-0.5250;102.3250;
1077.44;0;1;0;0;88;207;81;81;81;81;82;1838;347;962;3.2;31.6;-37.0;14.4;5.5;76.6;0.0000;-0.0011;-0.6000;0.0000;
1077.69;0;1;0;0;88;207;81;81;81;81;81;1830;347;962;3.2;32.1;-36.5;14.4;5.5;76.6;0.0000;-0.0008;-0.4000;0.0000;
1077.94;0;1;0;0;88;207;80;80;80;80;81;1813;347;962;3.2;32.2;-36.5;14.4;5.5;76.6;0.0000;0.0003;-0.8250;0.0000;
1078.19;0;1;0;0;88;207;79;80;80;79;80;1803;347;962;3.2;32.2;-36.0;14.4;5.5;76.6;0.0000;0.0026;-0.4000;0.2000;
1078.44;0;1;0;0;88;207;79;79;79;79;79;1792;347;962;3.2;32.4;-36.0;14.4;5.5;76.6;0.0000;0.0022;-0.5750;0.2500;
1078.71;0;1;0;0;88;207;78;79;79;78;79;1774;347;962;3.2;32.4;-36.0;14.4;5.5;76.6;0.0000;0.0000;-0.3750;0.1250;
1078.96;0;1;0;0;88;207;78;78;78;78;78;1764;347;962;3.2;33.2;-36.0;14.4;5.5;76.6;0.0000;-0.0029;-0.8750;102.3500;
1079.21;0;1;0;0;88;207;78;78;77;77;78;1750;347;962;3.2;33.2;-35.5;14.4;5.5;76.6;0.0000;-0.0029;-0.5250;102.1750;
1079.46;0;1;0;0;88;207;77;76;77;77;77;1740;347;962;3.2;33.2;-35.5;14.4;5.5;76.6;0.0000;-0.0041;-0.3250;102.1250;
1079.71;0;0;0;0;88;207;77;77;77;77;77;1737;347;962;3.2;33.1;-35.5;14.4;5.5;76.6;0.0000;-0.0057;-0.2750;101.9500;
1079.96;0;1;0;0;88;207;77;77;77;77;77;1740;347;962;3.2;33.1;-35.5;14.4;5.5;76.6;0.0000;-0.0069;0.0750;101.7500;
1080.21;0;1;0;0;88;207;77;77;77;77;77;1733;347;962;3.2;33.1;-35.5;14.4;5.5;76.6;0.0000;-0.0072;-0.1250;101.8000;
1080.46;0;1;0;0;88;207;76;76;76;76;77;1727;347;962;3.2;33.1;-35.5;14.4;5.5;76.6;0.0000;-0.0067;-0.4500;101.8250;
1080.71;0;1;0;0;88;207;76;76;76;76;76;1714;347;962;3.2;32.6;-35.0;14.4;5.5;76.6;0.0000;-0.0049;-0.7500;101.8250;
1080.96;0;1;0;0;88;207;75;75;75;75;76;1706;347;964;3.2;32.3;-35.0;14.4;5.5;76.6;0.0000;0.0003;-0.5250;101.9750;
1081.21;0;1;0;0;88;207;75;75;75;75;75;1694;347;962;3.2;32.3;-35.0;14.4;5.5;76.6;0.0000;0.0056;-0.5250;102.1750;
1081.46;0;1;0;0;88;207;74;75;74;74;75;1687;347;962;3.2;32.2;-35.0;14.4;5.5;76.6;0.0000;0.0110;-0.4750;0.2000;
1081.71;0;1;0;0;88;207;74;74;74;74;74;1671;347;964;3.2;32.2;-35.0;14.4;5.5;76.6;0.0000;0.0172;-0.5500;0.4250;
1081.96;0;1;0;0;88;207;73;74;73;74;74;1664;347;964;3.2;32.1;-35.0;14.4;5.5;76.6;0.0000;0.0249;-0.5250;0.9250;
1082.21;0;1;0;0;88;207;73;73;73;73;73;1651;347;964;3.2;32.3;-35.0;14.4;5.5;76.6;0.0000;0.0295;-0.5500;1.0250;
1082.46;0;1;0;0;88;207;72;73;72;73;73;1640;347;964;3.2;32.3;-35.0;14.4;5.5;76.6;0.0000;0.0318;-0.5750;1.3750;
1082.71;0;1;0;0;88;207;71;72;72;72;72;1625;347;962;3.2;33.2;-35.0;14.4;5.5;76.6;0.0000;0.0354;-0.3500;1.6750;
1082.96;0;1;0;0;88;207;71;72;71;71;72;1620;347;964;3.2;33.7;-35.0;14.4;5.5;76.6;0.0000;0.0404;-0.5500;1.7750;
1083.21;0;1;0;0;88;207;70;71;70;71;71;1604;347;964;3.2;33.7;-34.5;14.4;5.5;76.6;0.0000;0.0412;-0.2250;1.9750;
1083.46;0;1;0;0;88;207;70;71;70;70;71;1593;347;964;3.2;34.5;-34.5;14.4;5.5;76.6;0.0000;0.0420;-0.5250;1.8750;
1083.72;0;1;0;0;88;207;69;70;69;70;70;1580;347;964;3.2;36.2;-34.5;14.4;5.5;76.6;0.0000;0.0420;-0.7000;1.8750;
1083.97;0;1;0;0;88;207;69;70;69;70;70;1573;347;964;3.2;36.2;-34.5;14.4;5.5;76.6;0.0000;0.0412;-0.4750;1.9500;
1084.22;0;1;0;0;88;207;68;69;69;69;69;1558;347;964;3.2;37.4;-34.5;14.4;5.5;76.6;0.0000;0.0409;-0.6750;1.8750;
1084.47;0;1;0;0;88;207;68;69;68;69;69;1551;347;964;3.2;37.4;-34.0;14.4;5.5;76.6;0.0000;0.0410;-0.5750;1.9250;
1084.72;0;1;0;0;88;207;68;69;68;68;68;1537;347;964;3.2;38.6;-34.0;14.4;5.5;76.6;0.0000;0.0420;-0.5500;1.7250;
1084.97;0;1;0;0;88;207;67;68;67;68;68;1528;347;964;3.2;38.6;-34.0;14.4;5.5;76.6;0.0000;0.0423;-0.5250;1.7750;
1085.22;0;1;0;0;88;207;66;67;67;67;67;1516;347;964;3.2;40.3;-33.5;14.4;5.5;76.6;0.0000;0.0410;-0.2750;1.8000;
1085.47;0;1;0;0;88;207;66;67;66;66;67;1502;347;964;3.2;40.3;-33.5;14.4;5.5;76.6;0.0000;0.0402;-0.5000;1.5250;
1085.72;0;1;0;0;88;207;65;66;66;66;66;1490;347;964;3.2;41.2;-33.5;14.4;5.5;76.6;0.0000;0.0387;-0.6000;1.4750;
1085.97;0;1;0;0;88;207;65;66;65;65;66;1483;347;964;3.2;42.1;-33.5;14.4;5.5;76.6;0.0000;0.0325;-0.7750;1.2250;
1086.22;0;1;0;0;88;207;65;65;64;65;65;1469;347;964;3.2;42.1;-33.0;14.4;5.5;76.6;0.0000;0.0307;-0.5500;1.1250;
1086.47;0;1;0;0;88;207;64;64;64;64;64;1464;347;964;3.2;42.2;-33.0;14.4;5.5;76.6;0.0000;0.0288;-0.6500;0.9750;
1086.72;0;1;0;0;88;207;63;64;63;64;64;1439;345;964;3.2;41.8;-33.0;14.4;5.5;76.6;0.0000;0.0273;-0.6500;0.7750;
1086.97;0;1;0;0;88;207;63;63;63;63;63;1431;345;964;3.2;41.8;-32.5;14.4;5.5;76.6;0.0000;0.0252;-0.5250;0.7000;
1087.22;0;1;0;0;88;207;62;63;62;63;63;1413;345;964;3.2;41.3;-32.5;14.4;5.5;76.6;0.0000;0.0236;-0.6500;0.6500;
1087.47;0;1;0;0;88;207;62;62;61;62;62;1408;345;964;3.2;41.3;-32.5;14.4;5.5;76.6;0.0000;0.0219;-0.6000;0.4500;
1087.72;0;1;0;0;88;207;61;61;61;62;62;1390;345;964;3.2;40.8;-32.5;14.4;5.5;76.6;0.0000;0.0184;-0.6750;0.2500;
1087.97;0;1;0;0;88;207;61;61;61;61;61;1375;345;964;3.2;39.5;-32.0;14.4;5.5;76.6;0.0000;0.0109;-0.3250;0.1000;
1088.22;0;1;0;0;88;207;60;60;60;60;60;1365;345;964;3.2;39.5;-32.0;14.4;5.5;76.6;0.0000;0.0075;-0.7500;102.3000;
1088.47;0;1;0;0;88;207;59;59;59;60;60;1354;345;964;3.2;38.6;-32.0;14.4;5.5;76.6;0.0000;0.0049;-0.8000;102.3250;
1088.74;0;1;0;0;88;207;59;59;59;59;59;1331;345;964;3.2;38.6;-31.5;14.4;5.5;76.6;0.0000;0.0025;-0.9250;102.1500;
1088.99;0;1;0;0;88;207;58;58;58;58;58;1324;345;964;3.2;37.8;-32.0;14.4;5.5;76.6;0.0000;0.0000;-1.0000;101.8500;
1089.24;0;1;0;0;88;207;58;58;58;58;58;1310;345;966;3.2;37.8;-31.5;14.4;5.5;76.6;0.0000;-0.0001;-0.4500;102.2750;
1089.49;0;1;0;0;88;207;57;57;57;57;57;1290;345;966;3.2;36.3;-31.5;14.4;5.5;76.6;0.0000;-0.0001;-0.7750;102.1500;
1089.74;0;1;0;0;88;207;57;56;56;56;57;1278;345;964;3.2;35.5;-31.5;14.4;5.5;76.6;0.0000;0.0000;-0.4500;102.2000;
1089.99;0;1;0;0;88;207;56;56;56;56;56;1261;345;966;3.2;35.5;-31.5;14.4;5.5;76.6;0.0000;-0.0021;-0.6500;102.3500;
1090.24;0;1;0;0;88;207;55;55;55;55;56;1256;345;966;3.2;34.5;-31.5;14.4;5.5;76.6;0.0000;-0.0018;-0.6500;101.8000;
1090.49;0;1;0;0;88;207;55;55;55;55;55;1240;345;966;3.2;34.5;-31.0;14.4;5.5;76.6;0.0000;-0.0011;-0.7750;0.0500;
1090.74;0;1;0;0;88;207;54;54;54;54;54;1233;345;966;3.2;33.7;-31.0;14.4;5.5;76.6;0.0000;-0.0008;-0.6500;102.0000;
1090.99;0;1;0;0;88;207;54;54;54;54;54;1216;345;966;3.2;33.3;-31.0;14.4;5.5;76.6;0.0000;-0.0004;-0.5250;0.1250;
1091.24;0;1;0;0;88;207;53;54;53;53;53;1210;345;966;3.2;33.3;-31.0;14.4;5.5;76.6;0.0000;0.0004;-0.5250;0.5000;
1091.49;0;0;0;0;88;207;53;53;53;53;53;1203;345;966;3.2;32.9;-31.0;14.4;5.5;76.6;0.0000;0.0026;-0.2750;102.3500;
1091.74;0;0;0;0;88;207;53;53;53;53;53;1202;345;966;3.2;31.9;-30.5;14.4;5.5;76.6;0.0000;0.0049;-0.2250;102.3250;
1091.99;0;0;0;0;88;207;53;53;53;53;53;1203;345;966;3.2;31.9;-30.5;14.4;5.5;76.6;0.0000;0.0091;-0.1000;0.1250;
1092.24;0;0;0;0;88;207;53;53;53;53;53;1202;345;966;3.2;31.6;-30.5;14.4;5.5;76.6;0.0000;0.0086;-0.0750;0.0500;
1092.49;0;0;0;0;88;207;53;53;53;53;53;1201;345;966;3.2;31.6;-31.0;14.4;5.5;76.6;0.0000;0.0072;-0.0750;102.3250;
1092.74;0;0;0;0;88;207;53;53;53;53;53;1201;345;966;3.2;31.5;-30.5;14.4;5.5;76.6;0.0000;0.0051;-0.0750;102.1750;
1092.99;0;0;0;0;88;207;53;53;53;53;53;1202;345;966;3.2;31.5;-30.5;14.4;5.5;76.6;0.0000;0.0016;-0.0250;0.0250;
1093.24;0;0;0;0;88;207;53;53;53;53;53;1199;345;966;3.2;31.0;-30.5;14.4;5.5;76.6;0.0000;0.0018;0.0000;102.3000;
1093.49;0;0;0;0;88;207;53;53;53;53;53;1200;345;966;3.2;31.0;-30.5;14.4;5.5;76.6;0.0000;0.0025;-0.0500;0.0000;
1093.75;0;0;0;0;88;207;53;53;53;53;53;1198;345;966;3.2;30.8;-30.5;14.4;5.5;76.6;0.0000;0.0033;-0.0250;102.3250;
1094.00;0;0;0;0;88;207;53;53;53;53;53;1198;345;966;3.2;30.6;-30.5;14.4;5.5;76.6;0.0000;0.0067;-0.0500;0.0500;
1094.25;0;0;0;0;88;207;53;53;53;53;53;1198;345;966;3.2;30.6;-30.5;14.4;5.5;76.6;0.0000;0.0095;-0.0500;102.3750;
1094.50;0;0;0;0;88;207;53;53;53;53;53;1196;345;966;3.2;30.1;-30.5;14.4;5.5;76.6;0.0000;0.0107;-0.0750;0.1000;
1094.75;0;0;0;0;88;207;53;53;53;53;53;1196;345;966;3.2;30.0;-30.5;14.4;5.5;76.6;0.0000;0.0112;-0.0750;102.3000;
1095.00;0;0;0;0;88;207;52;53;52;53;53;1193;345;966;3.2;30.0;-30.5;14.4;5.5;76.6;0.0000;0.0153;-0.1000;0.2000;
1095.25;0;0;0;0;88;207;52;53;52;53;53;1195;345;966;3.2;29.9;-30.5;14.4;5.5;76.6;0.0000;0.0191;-0.0500;0.2000;
1095.50;0;0;0;0;88;207;53;53;52;53;53;1192;345;966;3.2;29.9;-30.5;14.4;5.5;76.6;0.0000;0.0255;-0.1000;0.4500;
1095.75;0;0;0;0;88;207;52;53;52;53;53;1189;345;966;3.2;29.6;-30.5;14.4;5.5;76.6;0.0000;0.0298;-0.1000;0.8500;
1096.00;0;0;0;0;88;207;52;53;52;52;52;1189;345;966;3.2;30.1;-30.5;14.4;5.5;76.6;0.0000;0.0364;-0.1000;0.8000;
1096.25;0;0;0;0;88;207;52;53;52;53;52;1188;345;966;3.2;30.1;-30.5;14.4;5.5;76.6;0.0000;0.0326;-0.0500;0.9000;
1096.50;0;0;0;0;88;207;52;52;52;52;52;1188;345;966;3.2;30.9;-30.5;14.4;5.5;76.6;0.0000;0.0321;-0.0500;0.8750;
1096.75;0;0;0;0;88;207;52;53;52;52;52;1187;345;966;3.2;30.9;-30.5;14.4;5.5;76.6;0.0000;0.0291;0.0000;0.8250;
1097.00;0;0;0;0;88;207;52;52;52;52;52;1185;345;966;3.2;30.9;-30.5;14.4;5.5;76.6;0.0000;0.0285;-0.0750;0.8500;
1097.25;0;0;0;0;88;207;52;52;52;52;52;1184;345;966;3.2;30.9;-30.5;14.4;5.5;76.6;0.0000;0.0288;-0.1000;0.5750;
1097.50;0;0;0;0;88;207;52;53;52;52;52;1182;345;966;3.2;31.1;-30.5;14.4;5.5;76.6;0.0000;0.0300;-0.0750;0.7000;
1097.75;0;0;0;0;88;207;52;52;52;52;52;1181;345;966;3.2;31.8;-30.5;14.4;5.5;76.6;0.0000;0.0313;-0.0750;0.5750;
1098.00;0;0;0;0;88;207;52;52;52;52;52;1181;345;966;3.2;31.8;-30.5;14.4;5.5;76.6;0.0000;0.0280;-0.0500;0.6000;
1098.25;0;0;0;0;88;207;52;52;52;52;52;1182;345;966;3.2;32.0;-30.5;14.4;5.5;76.6;0.0000;0.0262;-0.0250;0.5750;
1098.50;0;0;0;0;88;207;52;52;52;52;52;1183;345;966;3.2;32.0;-30.5;14.4;5.5;76.6;0.0000;0.0259;0.0000;0.5750;
1098.76;0;0;0;0;88;207;52;52;51;52;52;1179;345;966;3.2;32.3;-30.5;14.4;5.5;76.6;0.0000;0.0236;-0.1000;0.1750;
1099.01;0;0;0;0;88;207;52;52;52;52;52;1180;345;966;3.2;32.6;-30.5;14.4;5.5;76.6;0.0000;0.0241;-0.1000;0.5000;
1099.26;0;0;0;0;88;207;52;52;52;52;52;1176;345;966;3.2;32.6;-30.5;14.4;5.5;76.6;0.0000;0.0252;-0.0500;0.5500;
1099.51;0;0;0;0;88;207;51;52;51;52;52;1172;345;966;3.2;32.7;-30.5;14.4;5.5;76.6;0.0000;0.0273;-0.1500;0.8500;
1099.76;0;0;0;0;87;207;51;52;51;52;52;1170;345;966;3.2;32.8;-30.5;14.4;5.5;76.6;0.0000;0.0312;-0.1250;0.9000;
1100.01;0;0;0;0;87;207;51;52;51;52;52;1169;345;966;3.2;32.8;-30.5;14.4;5.5;76.6;0.0000;0.0314;-0.1000;1.0750;
1100.26;0;0;0;0;87;207;51;52;51;52;51;1167;345;966;3.2;33.1;-30.5;14.4;5.5;76.6;0.0000;0.0314;-0.1000;1.0750;
1100.51;0;0;0;0;87;207;51;51;51;51;51;1162;345;966;3.2;33.1;-30.5;14.4;5.5;76.6;0.0000;0.0312;-0.1500;1.1750;
1100.76;0;0;0;0;87;207;51;51;51;51;51;1164;345;966;3.2;33.0;-30.5;14.4;5.5;76.6;0.0000;0.0291;-0.1250;1.1750;
1101.01;0;0;0;0;87;207;51;51;51;51;51;1160;345;966;3.2;33.3;-30.5;14.4;5.5;76.6;0.0000;0.0246;-0.1250;1.0250;
1101.26;0;0;0;0;87;207;51;51;51;51;51;1159;345;966;3.2;33.3;-30.5;14.4;5.5;76.6;0.0000;0.0164;-0.1250;0.8000;
1101.51;0;0;0;0;87;207;51;51;51;51;51;1156;345;966;3.2;33.3;-30.5;14.4;5.5;76.6;0.0000;0.0110;-0.1000;0.8000;
1101.76;0;1;0;0;87;207;50;51;51;50;51;1151;345;966;3.2;33.9;-30.5;14.4;5.5;76.6;0.0000;-0.0020;-0.6500;0.1500;
1102.01;0;0;0;0;87;207;50;50;50;50;50;1141;345;966;3.2;33.7;-30.0;14.4;5.5;76.6;0.0000;-0.0086;-0.5000;102.3250;
1102.26;0;0;0;0;87;207;50;50;50;50;50;1141;345;966;3.2;33.7;-30.5;14.4;5.5;76.6;0.0000;-0.0175;-0.2750;102.3000;
1102.51;0;0;0;0;87;207;50;50;50;50;50;1133;345;966;3.2;33.5;-30.0;14.4;5.5;76.6;0.0000;-0.0260;-0.2750;101.8500;
1102.76;0;0;0;0;87;207;50;50;50;49;50;1131;345;966;3.2;33.1;-30.0;14.4;5.5;76.6;0.0000;-0.0397;-0.2000;101.3000;
1103.01;0;0;0;0;87;207;50;49;50;49;50;1129;345;966;3.2;33.1;-30.0;14.4;5.5;76.6;0.0000;-0.0412;-0.2000;101.4250;
1103.26;0;0;0;0;87;207;50;49;50;49;50;1125;345;966;3.2;32.3;-30.0;14.4;5.5;76.6;0.0000;-0.0445;-0.2000;101.2000;
1103.51;0;0;0;0;87;207;50;49;50;49;50;1119;345;966;3.2;32.3;-30.0;14.4;5.5;76.6;0.0000;-0.0493;-0.2250;101.0000;
1103.77;0;0;0;0;87;207;49;49;49;49;49;1118;345;966;3.2;31.4;-30.5;14.4;5.5;76.6;0.0000;-0.0524;-0.2000;100.9750;
1104.02;0;0;0;0;87;207;49;49;49;49;49;1114;345;966;3.2;30.8;-30.5;14.4;5.5;76.6;0.0000;-0.0570;-0.2000;100.7750;
1104.27;0;0;0;0;87;207;49;49;49;48;49;1111;345;966;3.2;30.8;-30.5;14.4;5.5;76.6;0.0000;-0.0577;-0.1500;100.9750;
1104.52;0;0;0;0;87;207;49;49;49;48;49;1106;345;966;3.2;29.4;-31.0;14.4;5.5;76.6;0.0000;-0.0577;-0.1750;100.8500;
1104.77;0;0;0;0;87;207;49;48;49;48;49;1104;345;966;3.2;28.0;-31.0;14.4;5.5;76.6;0.0000;-0.0546;-0.1750;100.8000;
1105.02;0;0;0;0;87;207;49;48;49;48;49;1106;345;966;3.2;28.0;-31.0;14.4;5.5;76.6;0.0000;-0.0480;-0.1000;101.0750;
1105.27;0;0;0;0;87;207;49;48;49;48;49;1102;345;966;3.2;27.1;-31.0;14.4;5.5;76.6;0.0000;-0.0410;-0.0500;101.2500;
1105.52;0;0;0;0;87;207;49;49;49;49;49;1107;345;966;3.2;27.1;-31.0;14.4;5.5;76.6;0.0000;-0.0351;0.1500;101.6250;
1105.77;0;0;0;0;87;207;49;49;49;49;49;1115;345;966;3.2;25.6;-31.0;14.4;5.5;76.6;0.0000;-0.0220;0.2250;102.1750;
1106.02;0;0;0;0;87;207;49;49;49;49;49;1119;345;966;3.2;25.6;-31.5;14.4;5.5;76.6;0.0000;-0.0128;0.2250;102.0250;
1106.27;0;0;0;0;87;207;50;49;50;49;50;1122;345;966;3.2;25.1;-31.5;14.4;5.5;76.6;0.0000;-0.0041;0.1750;0.0000;
1106.52;0;0;0;0;87;207;50;50;50;50;50;1129;345;966;3.2;25.4;-31.0;14.4;5.5;76.6;0.0000;0.0029;0.1750;0.5250;
1106.77;0;0;0;0;87;207;50;50;50;50;50;1136;345;966;3.2;25.4;-31.0;14.4;5.5;76.6;0.0000;0.0070;0.3750;0.6750;
1107.02;0;0;0;0;87;207;50;50;50;50;50;1126;345;966;3.2;25.8;-31.0;14.4;5.5;76.6;0.0000;0.0104;0.0250;0.7500;
1107.27;0;0;0;0;87;207;49;50;49;49;50;1129;345;966;3.2;25.8;-31.0;14.4;5.5;76.6;0.0000;0.0099;-0.2000;0.5500;
1107.52;0;0;0;0;87;207;49;50;49;49;50;1127;345;966;3.2;26.7;-30.5;14.4;5.5;76.6;0.0000;0.0075;-0.1750;0.4750;
1107.77;0;1;0;0;87;207;49;49;49;49;49;1119;345;966;3.2;27.8;-30.5;14.4;5.5;76.6;0.0000;0.0059;0.0750;0.3250;
1108.02;0;1;0;0;87;207;49;49;49;49;49;1108;345;966;3.2;27.8;-31.0;14.4;5.5;76.6;0.0000;0.0043;-0.5000;0.3250;
1108.27;0;1;0;0;87;207;48;48;48;48;48;1104;345;966;3.2;28.2;-31.0;14.4;5.5;76.6;0.0000;-0.0018;-0.7000;0.1750;
1108.52;0;1;0;0;87;207;48;48;48;48;48;1084;345;966;3.2;29.5;-31.0;14.4;5.5;76.6;0.0000;-0.0070;-1.0000;0.0000;
1108.79;0;0;0;0;87;207;48;47;48;47;48;1077;345;966;3.2;29.5;-31.0;14.4;5.5;76.6;0.0000;-0.0328;-0.3750;101.6500;
1109.04;0;0;0;0;87;207;48;47;47;47;47;1069;345;966;3.2;30.2;-31.0;14.4;5.5;76.6;0.0000;-0.0378;-0.3750;101.7000;
1109.29;0;0;0;0;87;207;47;46;47;47;47;1064;345;966;3.2;30.2;-31.0;14.4;5.5;76.6;0.0000;-0.0438;-0.2500;101.4000;
1109.54;0;0;0;0;87;207;47;46;47;46;47;1063;345;966;3.2;29.9;-31.0;14.4;5.5;76.6;0.0000;-0.0476;-0.2500;101.2750;
1109.79;0;0;0;0;87;207;47;46;47;46;47;1055;345;966;3.2;29.9;-31.0;14.4;5.5;76.6;0.0000;-0.0511;-0.2750;101.2500;
1110.04;0;0;0;0;87;207;46;46;46;46;46;1047;345;966;3.2;30.1;-31.0;14.4;5.5;76.6;0.0000;-0.0536;-0.3250;101.3500;
1110.29;0;0;0;0;87;207;46;45;46;45;46;1042;345;966;3.2;30.1;-31.0;14.4;5.5;76.6;0.0000;-0.0612;-0.2750;100.9000;
1110.54;0;0;0;0;87;207;46;45;46;45;46;1037;345;966;3.2;29.9;-31.0;14.4;5.5;76.6;0.0000;-0.0656;-0.3250;100.7250;
1110.79;0;0;0;0;87;207;46;45;46;45;45;1028;345;966;3.2;28.9;-31.5;14.4;5.5;76.6;0.0000;-0.0841;-0.3750;100.4000;
1111.04;0;0;0;0;87;207;46;44;46;44;45;1027;345;966;3.2;28.9;-31.5;14.4;5.5;76.6;0.0000;-0.0951;-0.3500;99.8000;
1111.29;0;0;0;0;87;207;45;44;45;44;45;1013;345;966;3.2;28.0;-31.5;14.4;5.5;76.6;0.0000;-0.0986;-0.3750;99.7000;
1111.54;0;0;0;0;87;207;45;44;45;44;45;1008;345;966;3.2;26.5;-31.5;14.4;5.5;76.6;0.0000;-0.1057;-0.3750;99.5750;
1111.79;0;0;0;0;87;207;45;44;45;43;44;1006;345;966;3.2;26.5;-31.5;14.4;5.5;76.6;0.0000;-0.1121;-0.2250;99.3750;
1112.04;0;0;0;0;87;207;45;43;45;43;44;1001;345;966;3.2;24.7;-31.5;14.4;5.5;76.6;0.0000;-0.1197;-0.2500;99.1000;
1112.29;0;0;0;0;87;207;45;43;45;43;44;995;345;966;3.2;24.7;-31.5;14.4;5.5;76.6;0.0000;-0.1210;-0.2500;99.1500;
1112.54;0;0;0;0;87;207;44;43;44;43;44;989;345;966;3.2;23.6;-31.5;14.4;5.5;76.6;0.0000;-0.1205;-0.2750;99.3750;
1112.79;0;0;0;0;87;207;44;42;44;42;43;980;345;966;3.2;21.8;-31.5;14.4;5.5;76.6;0.0000;-0.1138;-0.3250;99.4750;
1113.04;0;0;0;0;87;207;44;42;43;42;43;976;345;966;3.2;21.8;-31.5;14.4;5.5;76.6;0.0000;-0.1040;-0.3500;99.9000;
1113.29;0;0;0;0;87;207;44;42;43;42;43;971;345;966;3.3;20.5;-31.5;14.4;5.5;76.6;0.0000;-0.0938;-0.3250;100.3000;
1113.54;0;0;0;0;87;207;43;42;43;42;43;967;345;966;3.5;20.4;-30.0;14.4;5.5;76.6;0.0000;-0.0839;-0.2250;100.5500;
1113.80;1;0;0;0;87;207;43;42;43;42;42;919;345;966;3.5;20.4;-21.0;14.4;5.5;76.6;0.0000;-0.0675;-0.3250;101.0000;
1114.05;1;0;0;0;87;207;43;42;42;42;42;874;345;966;3.5;20.4;1.5;14.4;5.5;76.6;0.0000;-0.0648;-0.2250;100.9500;
1114.30;1;0;0;0;87;207;42;41;42;42;42;877;345;966;3.6;20.0;3.0;14.4;5.5;76.6;0.0000;-0.0644;-0.1750;101.0250;
1114.55;1;0;0;0;87;207;42;42;42;41;42;891;345;966;3.8;19.5;-0.5;14.4;5.5;76.6;0.0000;-0.0643;-0.1000;100.8500;
1114.80;1;0;0;0;87;207;42;41;42;41;42;1173;345;966;3.8;19.5;-27.5;14.4;5.5;76.6;0.0000;-0.0560;-0.4000;101.2250;
1115.05;1;0;0;0;87;207;42;41;41;41;41;1169;345;966;4.0;19.5;-28.0;14.4;5.5;76.6;0.0000;-0.0478;-0.2500;101.4000;
1115.30;0;0;0;0;87;207;41;41;41;41;41;1161;345;966;4.0;19.5;-32.0;14.4;5.5;76.6;0.0000;-0.0374;-0.2750;101.6250;
1115.55;0;1;0;0;87;207;41;41;41;40;41;1153;345;966;4.3;19.6;-31.5;14.4;5.5;76.6;0.0000;-0.0275;-0.4250;102.1250;
1115.80;0;1;0;0;87;207;40;40;40;40;40;1138;345;966;4.7;20.3;-31.0;14.4;5.5;76.6;0.0000;-0.0088;-0.3250;0.1500;
1116.05;0;1;0;0;87;207;40;40;40;40;40;1122;345;966;4.7;20.3;-31.0;14.4;5.5;76.6;0.0000;-0.0029;-0.7500;0.2500;
1116.30;0;1;0;0;87;207;39;39;39;39;39;1104;345;966;5.0;21.8;-31.0;14.4;5.5;76.6;0.0000;-0.0001;-1.0500;0.3250;
1116.55;0;1;0;0;87;207;38;38;38;38;38;1087;345;966;5.2;23.0;-31.0;14.4;5.5;76.6;0.0000;0.0020;-1.1500;0.4500;
1116.80;0;1;0;0;87;207;37;37;37;37;37;1058;345;966;5.2;23.0;-31.0;14.4;5.5;76.6;0.0000;0.0049;-0.8500;0.3500;
1117.05;0;1;0;0;87;207;36;37;36;37;37;1037;345;966;5.4;24.5;-31.0;14.4;5.5;76.6;0.0000;0.0064;-0.9000;0.2000;
1117.30;1;1;0;0;87;207;35;35;35;35;36;1007;345;966;5.4;24.5;-31.0;14.4;5.5;76.6;0.0000;0.0080;-1.0750;0.4250;
1117.55;1;1;0;0;87;207;35;35;35;35;35;897;345;966;5.7;26.0;-12.5;14.4;5.5;76.6;0.0000;0.0082;-0.7500;0.3500;
1117.80;1;1;0;0;87;207;34;34;34;34;34;876;345;966;5.8;27.1;2.5;14.4;5.5;76.6;0.0000;0.0047;-0.9000;0.5250;
1118.05;1;1;0;0;87;207;33;33;33;33;33;875;345;966;5.8;27.1;1.5;14.4;5.5;76.6;0.0000;0.0020;-0.9250;0.4750;
1118.30;1;1;0;0;87;207;31;31;31;31;32;1121;345;966;5.8;27.1;-32.0;14.4;5.5;76.6;0.0000;-0.0003;-1.3250;0.3250;
1118.55;1;1;0;0;87;207;30;30;30;30;30;1229;345;966;5.8;28.2;-31.5;14.4;5.5;76.6;0.0000;-0.0033;-1.4000;0.1250;
1118.81;1;1;0;0;87;207;29;29;29;29;29;1155;345;966;5.9;29.6;-32.0;14.4;5.5;76.6;0.0000;-0.0107;-1.6000;0.1000;
1119.06;0;1;0;0;87;207;27;27;27;27;28;1113;345;966;5.9;29.6;-31.5;14.4;5.5;76.6;0.0000;-0.0181;-1.3500;102.3500;
1119.31;0;1;0;0;87;207;26;26;27;26;27;1054;345;966;6.1;30.5;-31.5;14.4;5.5;76.6;0.0000;-0.0280;-1.3750;102.0500;
1119.56;0;1;0;0;87;207;25;25;25;24;25;1011;345;966;6.1;31.2;-31.0;14.4;5.5;76.6;0.0000;-0.0767;-1.7750;101.6500;
1119.81;1;1;0;0;87;207;24;23;24;23;24;954;345;966;6.1;31.2;-31.0;14.4;5.5;76.6;0.0000;-0.1075;-1.5000;101.2750;
1120.06;1;1;0;0;87;207;23;22;23;22;23;891;345;966;6.1;31.5;-5.0;14.4;5.5;76.6;0.0000;-0.1342;-0.7500;101.1000;
1120.31;1;1;0;0;86;207;22;21;22;21;22;871;345;966;6.0;30.8;5.5;14.4;5.5;76.6;0.0000;-0.1492;-1.2000;101.4000;
1120.56;1;1;0;0;86;207;21;20;21;20;21;880;345;966;6.0;30.8;4.5;14.4;5.5;76.6;0.0000;-0.1782;-0.4500;100.4000;
1120.81;1;0;0;0;86;207;21;20;21;19;20;883;345;966;6.0;30.2;3.0;14.4;5.5;76.6;0.0000;-0.1778;-0.8500;101.3250;
1121.06;1;0;0;0;86;207;20;19;20;19;19;885;345;966;6.0;30.2;2.0;14.4;5.5;76.6;0.0000;-0.1761;-0.6500;100.9750;
1121.31;1;0;0;0;86;207;19;18;19;18;19;1071;345;966;5.9;29.3;-32.0;14.4;5.5;76.6;0.0000;-0.1647;-0.8000;100.6000;
1121.56;1;0;0;0;86;207;18;17;17;17;18;1171;345;966;5.8;28.4;-32.5;14.4;5.5;76.6;0.0000;-0.1586;-1.0750;100.9750;
1121.81;1;0;0;0;86;207;17;17;17;17;17;1075;345;966;5.8;28.4;-31.5;14.4;5.5;76.6;0.0000;-0.1493;-0.8500;102.2000;
1122.06;1;0;0;0;86;207;17;16;16;16;16;1088;345;966;5.8;27.8;-31.5;14.4;5.5;76.6;0.0000;-0.1522;-0.8000;101.4750;
1122.31;0;0;0;0;86;207;16;15;16;15;16;1027;345;966;5.8;27.8;-31.5;14.4;5.5;76.6;0.0000;-0.1288;-0.8250;102.3750;
1122.56;0;1;0;0;86;207;14;14;14;14;14;973;347;966;5.9;27.3;-16.5;14.4;5.5;76.6;0.0000;-0.0371;-1.4250;102.2000;
1122.81;1;1;0;0;86;207;13;13;13;13;14;898;347;966;5.9;27.3;56.5;14.4;5.5;76.6;0.0000;0.0151;-1.1500;0.5750;
1123.06;1;1;0;0;86;207;11;12;11;12;12;891;347;966;5.8;26.7;15.0;14.4;5.5;76.6;0.0000;0.0684;-2.4250;0.8500;
1123.31;1;1;0;0;86;207;10;10;10;10;10;897;347;966;5.8;26.1;-0.5;14.4;5.5;76.6;0.0000;0.0899;-2.2000;102.3500;
1123.56;1;1;0;0;86;207;8;8;8;8;8;883;347;966;5.8;26.1;0.5;14.4;5.5;76.6;0.0000;0.1217;-1.5250;102.2250;
1123.82;1;1;0;0;86;207;7;7;7;7;7;879;347;966;5.8;26.6;3.5;14.4;5.5;76.6;0.0000;0.1421;-1.0000;101.4750;
1124.07;1;1;0;0;86;207;6;6;6;6;6;878;347;966;5.8;26.6;4.0;14.4;5.5;76.6;0.0000;0.1782;-0.8750;101.8500;
1124.32;1;1;0;0;86;207;5;6;5;6;5;882;347;966;5.7;26.1;1.5;14.4;5.5;76.6;0.0000;0.2064;-0.8750;101.9000;
1124.57;1;0;0;0;86;207;4;5;4;5;5;883;347;966;5.6;26.0;1.0;14.4;5.5;76.6;0.0000;0.2093;-0.7000;101.9000;
1124.82;1;0;0;0;86;207;4;4;4;4;4;880;347;966;5.6;26.0;2.5;14.4;5.5;76.6;0.0000;0.2091;-0.7750;101.5250;
1125.07;1;0;0;0;86;207;3;3;3;3;3;879;347;966;5.4;26.2;2.5;14.4;5.5;76.6;0.0000;0.2089;-0.7500;101.8750;
1125.32;1;0;0;0;86;207;3;3;3;3;3;881;347;966;5.3;26.1;2.5;14.4;5.5;76.6;0.0000;0.2075;-0.7250;101.6000;
1125.57;1;0;0;0;86;207;2;2;2;2;2;882;347;966;5.3;26.1;19.5;14.4;5.5;76.6;0.0000;0.2035;-0.6750;101.4750;
1125.82;1;0;0;0;86;207;2;2;2;2;2;936;347;966;5.3;26.1;7.0;14.4;5.5;76.6;0.0000;0.2035;-0.5250;101.5250;
1126.07;1;0;0;0;86;207;1;2;1;2;1;938;347;966;5.3;26.1;15.0;14.4;5.5;76.6;0.0000;0.2035;-0.4250;101.4250;
1126.32;1;0;0;0;86;207;1;1;1;1;1;923;347;966;5.2;25.7;39.5;14.4;5.5;76.6;0.0000;0.2036;-0.2500;101.5000;
1126.57;1;0;0;0;86;207;2;2;1;2;1;944;347;966;5.2;25.7;36.5;14.4;5.5;76.6;0.0000;0.2036;0.0000;101.5750;
1126.82;1;0;0;0;86;207;2;2;2;2;2;943;347;966;5.0;25.1;39.5;14.4;5.5;76.6;0.0000;0.2033;0.1500;101.5750;
1127.07;1;0;0;0;86;207;1;2;1;2;2;1026;347;966;5.0;25.1;-31.0;14.4;5.5;76.6;0.0000;0.1871;-0.0500;101.3750;
1127.32;1;0;0;0;86;207;1;1;1;1;1;836;347;966;4.7;24.3;3.5;14.4;5.5;76.6;0.0000;0.1070;-0.3250;101.5250;
1127.57;1;0;0;0;86;207;0;0;0;0;0;839;347;966;4.4;24.1;5.0;14.4;5.5;76.6;0.0000;-0.0212;-0.5250;101.5500;
1127.82;1;1;0;0;86;207;0;0;0;0;0;837;347;966;4.4;24.1;3.5;14.4;5.5;76.6;0.0000;-0.0207;-0.5750;101.5500;
1128.07;1;1;0;0;86;207;0;0;0;0;0;837;347;966;4.2;22.9;0.5;14.4;5.5;76.6;0.0000;-0.0064;-0.2000;101.5500;
1128.32;1;1;0;0;86;207;0;0;0;0;0;832;347;966;4.1;22.8;0.0;14.4;5.5;76.6;0.0000;0.0051;-0.0500;101.5750;
1128.57;1;1;0;0;86;207;0;0;0;0;0;830;347;966;4.1;22.8;0.0;14.4;5.5;76.6;0.0000;0.0093;-0.1750;101.5750;
1128.84;1;1;0;0;86;207;0;0;0;0;0;827;347;966;4.1;22.5;1.0;14.4;5.5;76.6;0.0000;0.0097;-0.0250;101.5500;
1129.09;1;1;0;0;86;207;0;0;0;0;0;829;347;966;4.1;22.5;1.0;14.4;5.5;76.6;0.0000;0.0100;0.0000;101.5500;
1129.34;1;1;0;0;86;207;0;0;0;0;0;830;347;966;4.0;21.9;0.0;14.4;5.5;76.6;0.0000;0.0102;-0.0750;101.5500;
1129.59;0;1;0;0;86;207;0;0;0;0;0;848;347;966;3.9;22.0;0.0;14.4;5.5;76.6;0.0000;0.0104;-0.0250;101.5750;
1129.84;0;1;0;0;86;207;0;0;0;0;0;833;347;966;3.9;22.0;0.0;14.4;5.5;76.6;0.0000;0.0107;0.0000;101.5500;
1130.09;0;1;0;0;86;207;0;0;0;0;0;828;347;966;3.7;21.9;2.0;14.4;5.5;76.6;0.0000;0.0107;0.0000;101.5500;
1130.34;0;1;0;0;86;207;0;0;0;0;0;831;347;966;3.6;21.8;1.0;14.4;5.5;76.6;0.0000;0.0107;0.0000;101.5750;
1130.59;0;1;0;0;86;207;0;0;0;0;0;831;347;966;3.6;21.8;0.0;14.4;5.5;76.6;0.0000;0.0109;0.0000;101.5500;
1130.84;0;1;0;0;86;207;0;0;0;0;0;827;347;966;3.6;21.8;1.5;14.4;5.5;76.6;0.0000;0.0109;0.0000;101.5500;
1131.09;0;1;0;0;86;207;0;0;0;0;0;828;347;966;3.6;21.9;0.5;14.4;5.5;76.6;0.0000;0.0110;0.0000;101.5250;
1131.34;0;1;0;0;86;207;0;0;0;0;0;831;347;966;3.6;22.0;1.5;14.4;5.5;76.6;0.0000;0.0110;0.0000;101.6000;
1131.59;0;1;0;0;86;207;0;0;0;0;0;832;347;966;3.6;22.0;0.0;14.4;5.5;76.6;0.0000;0.0110;0.0000;101.6000;
1131.84;0;1;0;0;86;207;0;0;0;0;0;830;347;966;3.6;21.7;0.5;14.4;5.5;76.6;0.0000;0.0110;0.0000;101.5250;
1132.09;0;1;0;0;86;207;0;0;0;0;0;830;347;966;3.6;21.7;0.0;14.4;5.5;76.6;0.0000;0.0110;0.0000;101.5750;
1132.34;0;1;0;0;86;207;0;0;0;0;0;831;347;966;3.5;21.6;0.5;14.4;5.5;76.6;0.0000;0.0110;0.0000;101.5500;
1132.59;0;1;0;0;86;207;0;0;0;0;0;832;347;966;3.4;21.5;-1.5;14.4;5.5;76.6;0.0000;0.0112;0.0000;101.5500;
1132.84;0;1;0;0;86;207;0;0;0;0;0;829;347;966;3.4;21.5;0.0;14.4;5.5;76.6;0.0000;0.0112;0.0000;101.5750;
1133.09;0;1;0;0;86;207;0;0;0;0;0;831;347;966;3.3;21.6;0.0;14.4;5.5;76.6;0.0000;0.0112;0.0000;101.5250;
1133.34;0;1;0;0;86;207;0;0;0;0;0;830;347;966;3.3;21.6;0.0;14.4;5.5;76.6;0.0000;0.0112;0.0000;101.5750;
1133.59;0;1;0;0;86;207;0;0;0;0;0;833;347;966;3.3;21.6;-1.0;14.4;5.5;76.6;0.0000;0.0112;0.0000;101.5500;
1133.85;0;1;0;0;86;207;0;0;0;0;0;828;347;966;3.3;21.8;0.0;14.4;5.5;76.6;0.0000;0.0112;0.0000;101.6000;
1134.10;0;1;0;0;86;207;0;0;0;0;0;831;347;966;3.3;21.8;0.0;14.4;5.5;76.6;0.0000;0.0112;0.0000;101.6000;
1134.35;0;1;0;0;86;207;0;0;0;0;0;831;347;966;3.3;21.6;-0.5;14.4;5.5;76.6;0.0000;0.0112;0.0000;101.5500;
1134.60;0;1;0;0;86;207;0;0;0;0;0;832;347;966;3.3;21.7;-0.5;14.4;5.5;76.6;0.0000;0.0112;0.0000;101.5750;
1134.85;0;1;0;0;86;207;0;0;0;0;0;827;347;966;3.3;21.7;0.0;14.4;5.5;76.6;0.0000;0.0112;0.0000;101.5500;
1135.10;0;1;0;0;86;207;0;0;0;0;0;829;347;966;3.3;21.7;0.0;14.4;5.5;76.6;0.0000;0.0112;0.0000;101.5750;
1135.35;0;1;0;0;86;207;0;0;0;0;0;830;347;966;3.3;21.7;-0.5;14.4;5.5;76.6;0.0000;0.0112;0.0000;101.5500;
1135.60;0;1;0;0;86;207;0;0;0;0;0;832;347;966;3.3;21.7;-1.5;14.4;5.5;76.6;0.0000;0.0112;0.0000;101.5500;
1135.85;0;1;0;0;86;207;0;0;0;0;0;828;347;966;3.3;21.7;0.0;14.4;5.5;76.6;0.0000;0.0112;0.0000;101.5500;
1136.10;0;1;0;0;86;207;0;0;0;0;0;828;347;966;3.3;21.8;0.0;14.4;5.5;76.6;0.0000;0.0112;0.0000;101.5500;
1136.35;0;1;0;0;86;207;0;0;0;0;0;830;347;966;3.3;21.6;0.0;14.4;5.5;76.6;0.0000;0.0114;0.0000;101.5750;
1136.60;0;1;0;0;86;207;0;0;0;0;0;831;347;966;3.3;21.6;-1.5;14.4;5.5;76.6;0.0000;0.0114;0.0000;101.5500;
1136.85;0;1;0;0;86;207;0;0;0;0;0;828;347;966;3.3;21.6;0.0;14.4;5.5;76.6;0.0000;0.0114;0.0000;101.5500;
1137.10;0;1;0;0;86;207;0;0;0;0;0;829;347;966;3.3;21.6;0.0;14.4;5.5;76.6;0.0000;0.0114;0.0000;101.5750;
1137.35;0;1;0;0;86;207;0;0;0;0;0;830;347;966;3.3;21.7;-0.5;14.4;5.5;76.6;0.0000;0.0114;0.0000;101.5500;
1137.60;0;1;0;0;86;207;0;0;0;0;0;831;347;966;3.2;21.8;-2.0;14.4;5.5;76.6;0.0000;0.0114;0.0000;101.5750;
1137.85;0;1;0;0;86;207;0;0;0;0;0;829;347;966;3.2;21.8;0.0;14.4;5.5;76.6;0.0000;0.0114;0.0000;101.5250;
1138.10;0;1;0;0;86;207;0;0;0;0;0;830;347;966;3.2;21.6;-0.5;14.4;5.5;76.6;0.0000;0.0114;0.0000;101.5750;
1138.35;0;1;0;0;86;207;0;0;0;0;0;830;347;966;3.2;21.7;0.0;14.4;5.5;76.6;0.0000;0.0114;0.0000;101.5500;
1138.60;0;1;0;0;86;207;0;0;0;0;0;832;347;966;3.2;21.7;-1.0;14.4;5.5;76.6;0.0000;0.0114;0.0000;101.5500;
1138.86;0;1;0;0;86;207;0;0;0;0;0;828;347;966;3.2;21.8;0.0;14.4;5.5;76.6;0.0000;0.0114;0.0000;101.5500;
1139.11;0;1;0;0;86;207;0;0;0;0;0;831;347;966;3.2;21.8;0.0;14.4;5.5;76.6;0.0000;0.0114;0.0000;101.5500;
1139.36;0;1;0;0;86;207;0;0;0;0;0;831;347;966;3.2;21.7;0.0;14.4;5.5;76.6;0.0000;0.0114;0.0000;101.5500;
1139.61;0;1;0;0;86;207;0;0;0;0;0;832;347;966;3.2;21.7;-1.5;14.4;5.5;76.6;0.0000;0.0114;0.0000;101.5500;
1139.86;0;1;0;0;86;207;0;0;0;0;0;828;347;966;3.2;21.8;0.5;14.4;5.5;76.6;0.0000;0.0114;0.0000;101.5500;
1140.11;0;1;0;0;86;207;0;0;0;0;0;831;347;966;3.2;21.7;0.0;14.4;5.5;76.6;0.0000;0.0114;0.0000;101.5250;
1140.36;0;1;0;0;86;207;0;0;0;0;0;829;347;966;3.2;21.7;-0.5;14.4;5.5;76.6;0.0000;0.0114;0.0000;101.5500;
1140.61;0;1;0;0;86;207;0;0;0;0;0;832;347;966;3.2;21.8;-1.0;14.4;5.5;76.6;0.0000;0.0114;0.0000;101.5750;
1140.86;0;1;0;0;86;207;0;0;0;0;0;828;347;966;3.2;21.8;0.0;14.4;5.5;76.6;0.0000;0.0114;0.0000;101.5750;
1141.11;0;1;0;0;86;207;0;0;0;0;0;830;347;966;3.2;21.8;0.0;14.4;5.5;76.6;0.0000;0.0114;0.0000;101.5500;
1141.36;0;1;0;0;86;207;0;0;0;0;0;829;347;966;3.2;21.8;0.0;14.4;5.5;76.6;0.0000;0.0114;0.0000;101.5750;
1141.61;0;1;0;0;86;207;0;0;0;0;0;831;347;966;3.2;21.8;-1.5;14.4;5.5;76.6;0.0000;0.0114;0.0000;101.5500;
1141.86;0;1;0;0;86;207;0;0;0;0;0;826;347;966;3.2;21.8;0.0;14.4;5.5;76.6;0.0000;0.0114;0.0000;101.5750;
1142.11;0;1;0;0;86;207;0;0;0;0;0;830;347;966;3.2;21.8;-0.5;14.4;5.5;76.6;0.0000;0.0114;0.0000;101.5750;
1142.36;0;1;0;0;86;207;0;0;0;0;0;830;347;966;3.2;21.8;-0.5;14.4;5.5;76.6;0.0000;0.0114;0.0000;101.5750;
1142.61;0;1;0;0;86;207;0;0;0;0;0;831;347;966;3.2;21.8;-1.5;14.4;5.5;76.6;0.0000;0.0114;0.0000;101.5500;
1142.86;0;1;0;0;86;207;0;0;0;0;0;827;347;966;3.2;21.8;0.0;14.4;5.5;76.6;0.0000;0.0114;0.0000;101.5500;
1143.11;0;1;0;0;86;207;0;0;0;0;0;830;347;966;3.2;21.7;-0.5;14.4;5.5;76.6;0.0000;0.0114;0.0000;101.5750;
1143.36;0;1;0;0;86;207;0;0;0;0;0;830;347;966;3.2;21.7;0.0;14.4;5.5;76.6;0.0000;0.0114;0.0000;101.5500;
1143.61;0;1;0;0;86;207;0;0;0;0;0;831;347;966;3.2;21.8;-1.5;14.4;5.5;76.6;0.0000;0.0114;0.0000;101.5750;
