time(s);clutchPressed;brakePressed;steeringWheelButtons;gearAct;engineTemp;oilTemp;wheel1;wheel2;wheel3;wheel4;speed;engineRpm;range;airPressEngine;fuelLevel1;fuelLevel2;engineTorque;batteryVoltage;avgCons;avgSpeed;throttlePercent;steeringPos;accelLong;accelCross;
0.55;0;0;0;0;0;0;0;0;0;0;0;0;0;0;0.0;0.0;188.0;0.0;0.0;0.0;0.0000;0.0172;0.0000;101.5500;
0.80;0;0;0;0;58;207;0;0;0;0;0;0;0;966;3.2;22.3;188.0;12.0;0.0;0.0;0.0000;0.0172;0.0000;101.5500;
1.05;0;0;0;0;58;207;0;0;0;0;0;0;0;966;3.2;22.3;188.0;12.0;0.0;0.0;0.0000;0.0172;0.0000;101.5500;
1.30;0;0;0;0;58;207;0;0;0;0;0;0;0;966;3.2;22.2;188.0;12.0;0.0;0.0;0.0000;0.0172;0.0000;101.5250;
1.55;0;0;0;0;58;207;0;0;0;0;0;0;0;966;3.2;22.1;188.0;12.0;5.5;76.6;0.0000;0.0172;0.0000;101.5500;
1.80;0;0;0;0;58;207;0;0;0;0;0;0;0;966;3.2;22.1;188.0;12.0;5.5;76.6;0.0000;0.0172;0.0000;101.6000;
2.05;0;0;0;0;58;207;0;0;0;0;0;0;0;966;3.2;22.1;188.0;12.0;5.5;76.6;0.0000;0.0172;0.0000;101.5750;
2.30;0;0;0;0;58;207;0;0;0;0;0;0;0;966;3.2;22.1;188.0;12.0;5.5;76.6;0.0000;0.0172;0.0000;101.5500;
2.55;0;0;0;0;58;207;0;0;0;0;0;0;0;966;3.2;22.1;188.0;12.0;5.5;76.6;0.0000;0.0172;0.0000;101.5750;
2.80;0;0;0;0;58;207;0;0;0;0;0;0;0;966;3.2;22.1;188.0;12.0;5.5;76.6;0.0000;0.0172;0.0000;101.5500;
3.05;0;0;0;0;58;207;0;0;0;0;0;0;0;966;3.2;22.1;188.0;12.0;5.5;76.6;0.0000;0.0172;0.0000;101.5750;
3.30;0;0;0;0;58;207;0;0;0;0;0;0;0;966;3.2;22.2;188.0;12.0;5.5;76.6;0.0000;0.0172;0.0000;101.5750;
3.55;0;0;0;0;58;207;0;0;0;0;0;0;0;966;3.2;22.3;188.0;12.0;5.5;76.6;0.0000;0.0172;0.0000;101.5750;
3.80;0;0;0;0;58;207;0;0;0;0;0;0;0;966;3.2;22.3;188.0;12.0;5.5;76.6;0.0000;0.0172;0.0000;101.5000;
4.05;0;0;0;0;58;207;0;0;0;0;0;0;0;966;3.2;22.2;188.0;12.0;5.5;76.6;0.0000;0.0172;0.0000;101.5500;
4.30;0;0;0;0;58;207;0;0;0;0;0;0;0;966;3.2;22.2;188.0;12.0;5.5;76.6;0.0000;0.0172;0.0000;101.5750;
4.55;0;0;0;0;58;207;0;0;0;0;0;0;0;966;3.2;22.2;188.0;12.0;5.5;76.6;0.0000;0.0172;0.0000;101.5750;
4.80;0;0;0;0;58;207;0;0;0;0;0;0;0;966;3.2;22.2;188.0;12.0;5.5;76.6;0.0000;0.0172;0.0000;101.5500;
5.05;0;0;0;0;58;207;0;0;0;0;0;0;0;966;3.2;22.2;188.0;12.0;5.5;76.6;0.0000;0.0172;0.0000;101.5500;
5.30;0;0;0;0;58;207;0;0;0;0;0;0;0;966;3.2;22.2;188.0;12.0;5.5;76.6;0.0000;0.0172;0.0000;101.6000;
5.58;0;0;0;0;58;207;0;0;0;0;0;0;0;966;3.2;22.2;188.0;12.0;5.5;76.6;0.0000;0.0172;0.0000;101.5500;
5.83;0;0;0;0;58;207;0;0;0;0;0;0;347;966;3.2;22.3;188.0;12.0;5.5;76.6;0.0000;0.0172;0.0000;101.5250;
6.08;0;0;0;0;58;207;0;0;0;0;0;0;347;966;3.2;22.3;188.0;12.0;5.5;76.6;0.0000;0.0172;0.0000;101.5250;
6.33;0;0;0;0;58;207;0;0;0;0;0;0;347;966;3.2;22.3;188.0;12.0;5.5;76.6;0.0000;0.0172;0.0000;101.5750;
6.58;0;0;0;0;58;207;0;0;0;0;0;0;347;966;3.2;22.3;188.0;12.0;5.5;76.6;0.0000;0.0172;0.0000;101.5750;
6.83;0;0;0;0;58;207;0;0;0;0;0;0;347;966;3.2;22.3;188.0;12.0;5.5;76.6;0.0000;0.0172;0.0000;101.5500;
7.08;0;0;0;0;58;207;0;0;0;0;0;0;347;966;3.2;22.2;188.0;12.0;5.5;76.6;0.0000;0.0172;0.0000;101.5500;
7.33;0;0;0;0;58;207;0;0;0;0;0;0;347;966;3.2;22.2;188.0;12.0;5.5;76.6;0.0000;0.0172;0.0000;101.5500;
7.58;0;0;0;0;58;207;0;0;0;0;0;0;347;966;3.2;22.2;188.0;12.0;5.5;76.6;0.0000;0.0172;0.0000;101.5500;
7.83;0;0;0;0;58;207;0;0;0;0;0;0;347;966;3.2;22.2;188.0;12.0;5.5;76.6;0.0000;0.0172;0.0000;101.5750;
8.08;0;0;0;0;58;207;0;0;0;0;0;0;347;966;3.2;22.3;188.0;12.0;5.5;76.6;0.0000;0.0172;0.0000;101.5500;
8.33;0;0;0;0;58;207;0;0;0;0;0;0;347;966;3.2;22.3;188.0;12.0;5.5;76.6;0.0000;0.0172;0.0000;101.5250;
8.58;0;0;0;0;58;207;0;0;0;0;0;0;347;966;3.2;22.3;188.0;12.0;5.5;76.6;0.0000;0.0172;0.0000;101.5750;
8.83;0;0;0;0;58;207;0;0;0;0;0;0;347;966;3.2;22.3;188.0;12.0;5.5;76.6;0.0000;0.0172;0.0000;101.5500;
9.08;0;0;0;0;58;207;0;0;0;0;0;0;347;966;3.2;22.3;188.0;12.0;5.5;76.6;0.0000;0.0172;0.0000;101.5750;
9.33;0;0;0;0;58;207;0;0;0;0;0;0;347;966;3.2;22.3;188.0;12.0;5.5;76.6;0.0000;0.0172;0.0000;101.5500;
9.58;0;0;0;0;58;207;0;0;0;0;0;0;347;966;3.2;22.3;188.0;12.0;5.5;76.6;0.0000;0.0172;0.0000;101.5500;
9.83;0;0;0;0;58;207;0;0;0;0;0;0;347;966;3.2;22.3;188.0;12.0;5.5;76.6;0.0000;0.0172;0.0000;101.5250;
10.08;0;0;0;0;58;207;0;0;0;0;0;0;347;966;3.2;22.3;188.0;12.0;5.5;76.6;0.0000;0.0172;0.0000;101.5500;
10.33;0;0;0;0;58;207;0;0;0;0;0;0;347;966;3.2;22.3;188.0;12.0;5.5;76.6;0.0000;0.0172;0.0000;101.5500;
10.59;0;0;0;0;58;207;0;0;0;0;0;0;347;966;3.2;22.3;188.0;12.0;5.5;76.6;0.0000;0.0172;0.0000;101.5750;
10.84;0;0;0;0;58;207;0;0;0;0;0;0;347;966;3.2;22.3;188.0;12.0;5.5;76.6;0.0000;0.0172;0.0000;101.5500;
11.09;0;0;0;0;58;207;0;0;0;0;0;0;347;966;3.2;22.4;188.0;12.0;5.5;76.6;0.0000;0.0172;0.0000;101.5750;
11.34;0;0;0;0;58;207;0;0;0;0;0;0;347;966;3.2;22.4;188.0;12.0;5.5;76.6;0.0000;0.0172;0.0000;101.5500;
11.59;0;0;0;0;58;207;0;0;0;0;0;0;347;966;3.2;22.4;188.0;12.0;5.5;76.6;0.0000;0.0172;0.0000;101.5500;
11.84;0;0;0;0;58;207;0;0;0;0;0;0;347;966;3.2;22.4;188.0;12.0;5.5;76.6;0.0000;0.0172;0.0000;101.5500;
12.09;0;0;0;0;58;207;0;0;0;0;0;0;347;966;3.2;22.4;188.0;12.0;5.5;76.6;0.0000;0.0172;0.0000;101.5750;
12.34;0;0;0;0;58;207;0;0;0;0;0;0;347;966;3.2;22.4;188.0;12.0;5.5;76.6;0.0000;0.0172;0.0000;101.5750;
12.59;0;0;0;0;58;207;0;0;0;0;0;0;347;966;3.2;22.4;188.0;12.0;5.5;76.6;0.0000;0.0172;0.0000;101.5500;
12.84;0;0;0;0;58;207;0;0;0;0;0;0;347;966;3.2;22.4;188.0;12.0;5.5;76.6;0.0000;0.0172;0.0000;101.5750;
13.09;0;0;0;0;58;207;0;0;0;0;0;0;347;966;3.2;22.4;188.0;12.0;5.5;76.6;0.0000;0.0172;0.0000;101.5500;
13.34;0;0;0;0;58;207;0;0;0;0;0;0;347;966;3.2;22.4;188.0;12.0;5.5;76.6;0.0000;0.0172;0.0000;101.5250;
13.59;0;0;0;0;58;207;0;0;0;0;0;0;347;966;3.2;22.4;188.0;12.0;5.5;76.6;0.0000;0.0172;0.0000;101.5500;
13.84;0;0;0;0;58;207;0;0;0;0;0;0;347;966;3.2;22.3;188.0;12.0;5.5;76.6;0.0000;0.0172;0.0000;101.5500;
14.09;0;0;0;0;58;207;0;0;0;0;0;0;347;966;3.2;22.3;188.0;12.0;5.5;76.6;0.0000;0.0172;0.0000;101.5500;
14.34;0;0;0;0;58;207;0;0;0;0;0;0;347;966;3.2;22.3;188.0;12.0;5.5;76.6;0.0000;0.0172;0.0000;101.5500;
14.59;0;0;0;0;58;207;0;0;0;0;0;0;347;966;3.2;22.3;188.0;12.0;5.5;76.6;0.0000;0.0172;0.0000;101.5750;
14.84;0;0;0;0;58;207;0;0;0;0;0;0;347;966;3.2;22.3;188.0;12.0;5.5;76.6;0.0000;0.0172;0.0000;101.5500;
15.09;0;0;0;0;58;207;0;0;0;0;0;0;347;966;3.2;22.4;188.0;12.0;5.5;76.6;0.0000;0.0172;0.0000;101.5500;
15.34;0;0;0;0;58;207;0;0;0;0;0;0;347;966;3.2;22.4;188.0;12.0;5.5;76.6;0.0000;0.0172;0.0000;101.5500;
15.60;0;0;0;0;58;207;0;0;0;0;0;0;347;966;3.2;22.4;188.0;12.0;5.5;76.6;0.0000;0.0172;0.0000;101.5500;
15.85;0;0;0;0;58;207;0;0;0;0;0;0;347;966;3.2;22.4;188.0;12.0;5.5;76.6;0.0000;0.0172;0.0000;101.5750;
16.10;0;0;0;0;58;207;0;0;0;0;0;0;347;966;3.2;22.4;188.0;12.0;5.5;76.6;0.0000;0.0172;0.0000;101.5500;
16.35;0;0;0;0;58;207;0;0;0;0;0;0;347;966;3.2;22.4;188.0;12.0;5.5;76.6;0.0000;0.0172;0.0000;101.5500;
16.60;0;0;0;0;58;207;0;0;0;0;0;0;347;966;3.2;22.3;188.0;12.0;5.5;76.6;0.0000;0.0172;0.0000;101.5500;
16.85;0;0;0;0;58;207;0;0;0;0;0;0;347;966;3.2;22.4;188.0;12.0;5.5;76.6;0.0000;0.0172;0.0000;101.5750;
17.10;0;0;0;0;58;207;0;0;0;0;0;0;347;966;3.2;22.4;188.0;12.0;5.5;76.6;0.0000;0.0172;0.0000;101.5750;
17.35;0;0;0;0;58;207;0;0;0;0;0;0;347;966;3.2;22.4;188.0;12.0;5.5;76.6;0.0000;0.0172;0.0000;101.5750;
17.60;0;0;0;0;58;207;0;0;0;0;0;0;347;966;3.2;22.3;188.0;12.0;5.5;76.6;0.0000;0.0172;0.0000;101.5250;
17.85;0;0;0;0;58;207;0;0;0;0;0;0;347;966;3.2;22.3;188.0;12.0;5.5;76.6;0.0000;0.0172;0.0000;101.5500;
18.10;0;0;0;0;58;207;0;0;0;0;0;0;347;966;3.2;22.3;188.0;12.0;5.5;76.6;0.0000;0.0172;0.0000;101.5500;
18.35;0;0;0;0;58;207;0;0;0;0;0;0;347;966;3.2;22.2;188.0;12.0;5.5;76.6;0.0000;0.0172;0.0000;101.5750;
18.60;0;0;0;0;58;207;0;0;0;0;0;0;347;966;3.2;22.2;188.0;12.0;5.5;76.6;0.0000;0.0172;0.0000;101.5750;
18.85;0;0;0;0;58;207;0;0;0;0;0;0;347;966;3.2;22.1;188.0;12.0;5.5;76.6;0.0000;0.0172;0.0000;101.5500;
19.10;0;0;0;0;58;207;0;0;0;0;0;0;347;966;3.2;22.1;188.0;12.0;5.5;76.6;0.0000;0.0172;0.0000;101.5500;
19.35;0;0;0;0;58;207;0;0;0;0;0;0;347;966;3.2;22.1;188.0;12.0;5.5;76.6;0.0000;0.0172;0.0000;101.5500;
19.60;0;0;0;0;58;207;0;0;0;0;0;0;347;966;3.2;22.1;188.0;12.0;5.5;76.6;0.0000;0.0172;0.0000;101.5500;
19.85;0;0;0;0;58;207;0;0;0;0;0;0;347;966;3.2;22.1;188.0;12.0;5.5;76.6;0.0000;0.0172;0.0000;101.5750;
20.10;0;0;0;0;58;207;0;0;0;0;0;0;347;966;3.2;22.1;188.0;12.0;5.5;76.6;0.0000;0.0172;0.0000;101.5750;
20.35;0;0;0;0;58;207;0;0;0;0;0;0;347;966;3.2;22.1;188.0;12.0;5.5;76.6;0.0000;0.0172;0.0000;101.5500;
20.62;0;0;0;0;58;207;0;0;0;0;0;0;347;966;3.2;22.1;188.0;12.0;5.5;76.6;0.0000;0.0172;0.0000;101.5500;
20.87;0;0;0;0;58;207;0;0;0;0;0;0;347;966;3.2;22.2;188.0;12.0;5.5;76.6;0.0000;0.0172;0.0000;101.5500;
21.12;0;0;0;0;58;207;0;0;0;0;0;0;347;966;3.2;22.2;188.0;12.0;5.5;76.6;0.0000;0.0172;0.0000;101.5500;
21.37;0;0;0;0;58;207;0;0;0;0;0;0;347;966;3.2;22.2;188.0;12.0;5.5;76.6;0.0000;0.0172;0.0000;101.5500;
21.62;0;0;0;0;58;207;0;0;0;0;0;0;347;966;3.2;22.2;188.0;12.0;5.5;76.6;0.0000;0.0172;0.0000;101.5500;
21.87;0;0;0;0;58;207;0;0;0;0;0;0;347;966;3.2;22.2;188.0;12.0;5.5;76.6;0.0000;0.0172;0.0000;101.5500;
22.12;0;0;0;0;58;207;0;0;0;0;0;0;347;966;3.2;22.3;188.0;12.0;5.5;76.6;0.0000;0.0172;0.0000;101.5750;
22.37;0;0;0;0;58;207;0;0;0;0;0;0;347;966;3.2;22.3;188.0;12.0;5.5;76.6;0.0000;0.0172;0.0000;101.5750;
22.62;0;0;0;0;58;207;0;0;0;0;0;0;347;966;3.2;22.4;188.0;12.0;5.5;76.6;0.0000;0.0172;0.0000;101.5750;
22.87;0;0;0;0;58;207;0;0;0;0;0;0;347;966;3.2;22.5;188.0;12.0;5.5;76.6;0.0000;0.0172;0.0000;101.5250;
23.12;0;0;0;0;58;207;0;0;0;0;0;0;347;966;3.2;22.5;188.0;12.0;5.5;76.6;0.0000;0.0172;0.0000;101.5500;
23.37;0;0;0;0;58;207;0;0;0;0;0;0;347;966;3.2;22.5;188.0;12.0;5.5;76.6;0.0000;0.0172;0.0000;101.5750;
23.62;0;0;0;0;58;207;0;0;0;0;0;0;347;966;3.2;22.5;188.0;12.0;5.5;76.6;0.0000;0.0172;0.0000;101.5750;
23.87;0;0;0;0;58;207;0;0;0;0;0;0;347;966;3.2;22.5;188.0;12.0;5.5;76.6;0.0000;0.0172;0.0000;101.5500;
24.12;0;0;0;0;58;207;0;0;0;0;0;0;347;966;3.2;22.5;188.0;12.0;5.5;76.6;0.0000;0.0172;0.0000;101.5500;
24.37;0;0;0;0;58;207;0;0;0;0;0;0;347;966;3.2;22.5;188.0;12.0;5.5;76.6;0.0000;0.0172;0.0000;101.5500;
24.62;0;0;0;0;58;207;0;0;0;0;0;0;347;966;3.2;22.5;188.0;11.9;5.5;76.6;0.0000;0.0172;0.0000;101.5750;
24.87;0;0;0;0;58;207;0;0;0;0;0;0;347;966;3.2;22.5;188.0;11.9;5.5;76.6;0.0000;0.0172;0.0000;101.5750;
25.12;0;0;0;0;58;207;0;0;0;0;0;0;347;966;3.2;22.5;188.0;11.9;5.5;76.6;0.0000;0.0172;0.0000;101.5500;
25.37;0;0;0;0;58;207;0;0;0;0;0;0;347;966;3.2;22.5;188.0;11.9;5.5;76.6;0.0000;0.0172;0.0000;101.5750;
25.63;0;0;0;0;58;207;0;0;0;0;0;0;347;966;3.2;22.5;188.0;11.9;5.5;76.6;0.0000;0.0172;0.0000;101.5250;
25.88;0;0;0;0;58;207;0;0;0;0;0;0;347;966;3.2;22.5;188.0;11.9;5.5;76.6;0.0000;0.0172;0.0000;101.5500;
26.13;0;0;0;0;58;207;0;0;0;0;0;0;347;966;3.2;22.5;188.0;11.9;5.5;76.6;0.0000;0.0172;0.0000;101.5500;
26.38;0;0;0;0;58;207;0;0;0;0;0;0;347;966;3.2;22.5;188.0;11.9;5.5;76.6;0.0000;0.0172;0.0000;101.6000;
26.63;0;0;0;0;58;207;0;0;0;0;0;0;347;966;3.2;22.5;188.0;11.9;5.5;76.6;0.0000;0.0172;0.0000;101.5500;
26.88;0;0;0;0;58;207;0;0;0;0;0;0;347;966;3.2;22.5;188.0;11.9;5.5;76.6;0.0000;0.0172;0.0000;101.5750;
27.13;0;0;0;0;58;207;0;0;0;0;0;0;347;966;3.2;22.5;188.0;11.9;5.5;76.6;0.0000;0.0172;0.0000;101.5500;
27.38;1;0;0;0;58;207;0;0;0;0;0;0;347;966;3.2;22.5;188.0;11.9;5.5;76.6;0.0000;0.0172;0.0000;101.5750;
27.63;1;0;0;0;58;207;0;0;0;0;0;0;347;966;3.2;22.5;188.0;11.9;5.5;76.6;0.0000;0.0172;0.0000;101.5500;
27.88;1;0;0;0;58;207;0;0;0;0;0;0;347;966;3.2;22.5;188.0;11.9;5.5;76.6;0.0000;0.0172;0.0000;101.5500;
28.13;1;0;0;0;58;207;0;0;0;0;0;0;347;966;3.2;22.5;188.0;11.9;5.5;76.6;0.0000;0.0172;0.0000;101.5250;
28.38;1;0;0;0;58;207;0;0;0;0;0;0;347;966;3.2;22.5;188.0;11.9;5.5;76.6;0.0000;0.0172;0.0000;101.5500;
28.63;1;0;0;0;58;207;0;0;0;0;0;132;347;966;3.2;22.5;188.5;11.9;5.5;76.6;0.0000;0.0172;0.0000;101.3000;
28.88;1;0;0;0;58;207;0;0;0;0;0;221;347;966;3.2;22.5;214.0;11.9;5.5;76.6;0.0000;0.0172;0.0000;101.5250;
29.13;1;0;0;0;58;207;1;0;0;0;0;362;347;966;3.2;22.5;226.5;11.9;5.5;76.6;0.0000;0.0175;0.0750;100.7500;
29.38;1;0;0;0;58;207;0;0;0;0;0;1083;347;966;3.2;22.5;10.5;10.7;5.5;76.6;0.0000;0.0178;-0.0250;101.2750;
29.63;1;0;0;0;58;207;0;0;0;0;0;1031;347;966;3.2;22.5;-5.5;10.7;5.5;76.6;0.0000;0.0178;-0.0500;101.5250;
29.88;1;0;0;0;58;207;0;0;0;0;0;946;347;966;3.2;22.5;2.0;10.7;5.5;76.6;0.0000;0.0178;-0.0250;101.6000;
30.13;1;0;0;0;58;207;0;0;0;0;0;905;347;966;3.2;22.5;2.5;10.7;5.5;76.6;0.0000;0.0178;-0.0250;101.5000;
30.38;1;0;0;0;58;207;0;0;0;0;0;846;347;966;3.2;22.4;2.5;10.7;5.5;76.6;0.0000;0.0178;-0.0250;101.5250;
30.64;1;0;0;0;58;207;0;0;0;0;0;830;347;966;3.2;22.4;10.5;10.7;5.5;76.6;0.0000;0.0178;-0.0250;101.5750;
30.89;1;0;0;0;58;207;0;0;0;0;0;829;347;966;3.2;22.4;8.5;11.5;5.5;76.6;0.0000;0.0178;-0.0250;101.5250;
31.14;1;0;0;0;58;207;0;0;0;0;0;827;347;966;3.2;22.4;9.5;11.5;5.5;76.6;0.0000;0.0178;-0.0250;101.5500;
31.39;1;0;0;0;58;207;0;0;0;0;0;828;347;966;3.2;22.4;10.5;11.5;5.5;76.6;0.0000;0.0178;-0.0250;101.5750;
31.64;1;0;0;0;58;207;0;0;0;0;0;826;347;966;3.2;22.3;13.5;11.5;5.5;76.6;0.0000;0.0178;-0.0250;101.5750;
31.89;1;0;0;0;58;207;0;0;0;0;0;823;347;966;3.2;22.2;13.5;11.5;5.5;76.6;0.0000;0.0178;-0.0250;101.5250;
32.14;1;0;0;0;58;207;0;0;0;0;0;826;347;966;3.2;22.2;16.5;11.8;5.5;76.6;0.0000;0.0178;-0.0250;101.5500;
32.39;1;0;0;0;58;207;0;0;0;0;0;826;347;966;3.2;22.2;18.5;11.8;5.5;76.6;0.0000;0.0178;-0.0250;101.5250;
32.64;1;0;0;0;58;207;0;0;0;0;0;826;347;966;3.2;22.2;19.5;11.8;5.5;76.6;0.0000;0.0178;-0.0250;101.6000;
32.89;1;0;0;0;58;207;0;0;0;0;0;823;347;966;3.2;22.1;21.5;12.0;5.5;76.6;0.0000;0.0172;-0.0250;101.4250;
33.14;1;0;0;0;58;207;0;0;0;0;0;841;347;966;3.2;22.0;16.5;12.0;5.5;76.6;0.0000;0.0172;-0.0250;101.5500;
33.39;1;0;0;0;58;207;0;0;0;0;0;839;347;966;3.2;22.0;13.5;12.0;5.5;76.6;0.0000;0.0172;-0.0250;101.5750;
33.64;1;0;0;0;58;207;0;0;0;0;0;833;347;966;3.2;22.0;14.0;12.0;5.5;76.6;0.0000;0.0175;-0.0250;101.5500;
33.89;1;0;0;0;58;207;0;0;0;0;0;838;347;966;3.2;21.9;11.0;14.3;5.5;76.6;0.0000;0.0175;-0.0250;101.5500;
34.14;1;0;0;0;58;207;0;0;0;0;0;827;347;966;3.2;21.9;13.5;14.5;5.5;76.6;0.0000;0.0175;-0.0250;101.5500;
34.39;1;0;0;0;58;207;0;0;0;0;0;824;347;966;3.2;21.9;16.5;14.5;5.5;76.6;0.0000;0.0175;-0.0250;101.5500;
34.64;1;0;0;0;57;207;0;0;0;0;0;835;347;966;3.2;21.9;12.0;14.4;5.5;76.6;0.0000;0.0175;-0.0250;101.5750;
34.89;1;0;0;0;57;207;0;0;0;0;0;839;347;966;3.2;21.9;9.0;14.4;5.5;76.6;0.0000;0.0175;-0.0250;101.5750;
35.14;1;0;0;0;57;207;0;0;0;0;0;827;347;966;3.2;21.9;12.5;14.4;5.5;76.6;0.0000;0.0175;-0.0250;101.5000;
35.39;1;0;0;0;57;207;0;0;0;0;0;825;347;966;3.2;22.1;14.5;14.4;5.5;76.6;0.0000;0.0176;0.3750;101.5500;
35.65;1;1;0;0;57;207;-1;-1;-1;-1;1;830;347;966;3.2;22.2;14.0;14.4;5.5;76.6;0.0000;0.0176;0.4500;101.5250;
35.90;1;1;0;0;57;207;-1;-1;-1;-1;1;833;347;966;3.2;22.2;11.0;14.4;5.5;76.6;0.0000;0.0164;0.1750;101.5250;
36.15;1;1;0;0;57;207;-1;-1;-1;-1;1;820;347;966;3.2;22.1;16.5;14.4;5.5;76.6;0.0000;0.0044;-0.1000;101.4250;
36.40;1;1;0;0;57;207;-1;-1;-1;-1;1;812;347;966;3.2;22.1;24.5;14.4;5.5;76.6;0.0000;-0.0386;-0.0250;101.5250;
36.65;1;1;0;0;57;207;-1;-1;-1;-1;1;817;347;966;3.2;22.1;31.0;14.4;5.5;76.6;0.0000;-0.0931;0.1500;101.5000;
36.90;1;1;0;0;57;207;-1;-1;-1;-1;1;829;347;966;3.2;22.1;29.5;14.3;5.5;76.6;0.0000;-0.1769;0.0750;101.5750;
37.15;1;1;0;0;57;207;-1;-1;-1;-1;1;833;347;966;3.2;22.1;24.5;14.3;5.5;76.6;0.0000;-0.1955;0.1250;101.5750;
37.40;1;1;0;0;57;207;-1;-1;-1;-1;1;832;347;966;3.2;22.2;24.5;14.3;5.5;76.6;0.0000;-0.2041;0.1000;101.4750;
37.65;1;1;0;0;57;207;-1;-1;-1;-1;1;830;347;966;3.2;22.2;23.0;14.3;5.5;76.6;0.0000;-0.2041;0.1750;101.4750;
37.90;1;1;0;0;57;207;-1;-1;-1;-1;1;824;347;966;3.2;22.2;27.5;14.3;5.5;76.6;0.0000;-0.2538;0.0000;101.5000;
38.15;1;1;0;0;57;207;-1;-1;-1;-1;1;823;347;966;3.2;22.1;32.0;14.3;5.5;76.6;0.0000;-0.2935;0.0750;101.5250;
38.40;1;0;0;0;56;207;-2;-1;-2;-1;1;831;347;966;3.2;22.1;31.0;14.4;5.5;76.6;0.0000;-0.3219;0.1250;101.5250;
38.65;1;0;0;0;56;207;-2;-2;-2;-2;2;841;347;966;3.2;22.3;33.0;14.4;5.5;76.6;0.0000;-0.3335;0.2000;101.5250;
38.90;1;0;0;0;56;207;-2;-2;-2;-2;2;879;347;966;3.2;22.3;29.5;14.4;5.5;76.6;0.0000;-0.3570;0.3750;101.7250;
39.15;1;1;0;0;56;207;-3;-3;-3;-2;3;880;347;966;3.2;22.3;26.0;14.4;5.5;76.6;0.0000;-0.3577;0.2750;101.2000;
39.40;1;1;0;0;56;207;-3;-3;-3;-3;3;879;347;966;3.2;22.3;26.0;14.4;5.5;76.6;0.0000;-0.3577;0.1750;101.4000;
39.65;1;1;0;0;56;207;-3;-3;-3;-3;3;882;347;966;3.2;22.2;26.5;14.3;5.5;76.6;0.0000;-0.3536;0.0250;101.5750;
39.90;1;1;0;0;56;207;-3;-3;-3;-3;3;884;347;966;3.2;22.2;24.5;14.3;5.5;76.6;0.0000;-0.3463;0.1250;101.5250;
40.15;1;1;0;0;56;207;-3;-3;-3;-3;3;877;347;966;3.2;22.2;26.5;14.3;5.5;76.6;0.0000;-0.3463;0.0250;101.5250;
40.40;1;1;0;0;56;207;-3;-3;-3;-3;3;879;347;966;3.2;22.4;27.5;14.3;5.5;76.6;0.0000;-0.3472;0.0000;101.5000;
40.67;1;1;0;0;56;207;-3;-3;-3;-3;3;880;347;966;3.2;22.3;26.5;14.3;5.5;76.6;0.0000;-0.3496;0.0000;101.5250;
40.92;1;1;0;0;56;207;-3;-3;-3;-3;3;882;347;966;3.2;22.3;25.0;14.3;5.5;76.6;0.0000;-0.3562;-0.0500;101.3000;
41.17;1;1;0;0;56;207;-3;-3;-3;-3;3;879;347;966;3.2;22.3;26.0;14.3;5.5;76.6;0.0000;-0.3564;-0.0500;101.6500;
41.42;1;1;0;0;56;207;-3;-3;-3;-3;3;881;347;966;3.2;22.3;24.0;14.3;5.5;76.6;0.0000;-0.3567;-0.0500;101.4000;
41.67;1;0;0;0;56;207;-3;-3;-3;-3;3;877;347;966;3.2;22.2;26.5;14.3;5.5;76.6;0.0000;-0.3592;0.1000;101.6250;
41.92;1;0;0;0;56;207;-3;-3;-3;-3;3;882;347;966;3.2;22.4;25.5;14.3;5.5;76.6;0.0000;-0.4060;0.1750;101.5250;
42.17;1;1;0;0;56;207;-4;-3;-4;-3;3;879;347;966;3.2;22.4;25.5;14.3;5.5;76.6;0.0000;-0.4271;-0.0250;101.6750;
42.42;1;1;0;0;55;207;-4;-4;-4;-3;4;877;347;966;3.2;22.5;26.0;14.3;5.5;76.6;0.0000;-0.4801;0.3500;101.6000;
42.67;1;1;0;0;55;207;-4;-4;-4;-3;4;877;347;966;3.2;22.5;28.5;14.3;5.5;76.6;0.0000;-0.5526;0.0750;101.7250;
42.92;1;1;0;0;55;207;-5;-4;-4;-3;4;883;347;966;3.2;22.6;25.5;14.3;5.5;76.6;0.0000;-0.6381;-0.0750;101.6250;
43.17;1;1;0;0;55;207;-5;-4;-4;-3;4;876;348;966;3.2;22.6;29.0;14.3;5.5;76.6;0.0000;-0.6714;0.0000;101.6250;
43.42;1;1;0;0;55;207;-5;-4;-4;-3;4;879;348;966;3.2;22.6;29.0;14.3;5.5;76.6;0.0000;-0.7060;-0.0750;101.5000;
43.67;1;1;0;0;55;207;-5;-4;-4;-3;4;884;348;966;3.2;22.4;26.0;14.4;5.5;76.6;0.0000;-0.7291;0.0500;101.4750;
43.92;1;1;0;0;55;207;-5;-4;-4;-3;4;884;348;966;3.2;22.4;24.5;14.4;5.5;76.6;0.0000;-0.7520;0.1500;101.4750;
44.17;1;0;0;0;55;207;-5;-4;-5;-3;4;883;348;966;3.2;22.6;20.0;14.4;5.5;76.6;0.0000;-0.7501;0.3250;101.6000;
44.42;1;0;0;0;55;207;-5;-4;-5;-4;4;882;348;966;3.2;22.6;20.5;14.5;5.5;76.6;0.0000;-0.7409;0.2000;101.5250;
44.67;1;1;0;0;55;207;-5;-4;-5;-4;4;874;348;966;3.2;22.5;26.5;14.5;5.5;76.6;0.0000;-0.7476;-0.0500;101.4750;
44.92;1;1;0;0;55;207;-6;-4;-5;-4;5;878;348;966;3.2;22.7;26.5;14.5;5.5;76.6;0.0000;-0.8051;-0.1000;101.3750;
45.17;1;1;0;0;55;207;-5;-4;-5;-3;4;878;348;966;3.2;22.7;25.5;14.4;5.5;76.6;0.0000;-0.8209;-0.0250;101.4000;
45.42;1;1;0;0;55;207;-5;-4;-5;-3;4;877;348;966;3.2;22.7;27.5;14.5;5.5;76.6;0.0000;-0.8508;-0.5500;101.5250;
45.68;1;1;0;0;55;207;-5;-4;-4;-3;4;879;348;966;3.2;22.8;28.5;14.5;5.5;76.6;0.0000;-0.8752;-0.4250;101.3250;
45.93;1;1;0;0;55;207;-4;-3;-4;-3;4;887;348;966;3.2;22.8;24.0;14.5;5.5;76.6;0.0000;-0.8770;-0.4500;101.4750;
46.18;1;1;0;0;55;207;-4;-3;-3;-2;3;882;348;966;3.2;22.5;23.5;14.5;5.5;76.6;0.0000;-0.8736;-0.5000;101.3750;
46.43;1;1;0;0;55;207;-3;-2;-3;-2;3;873;348;966;3.2;22.5;28.5;14.5;5.5;76.6;0.0000;-0.8941;-0.5750;101.5250;
46.68;1;1;0;0;55;207;-3;-2;-2;-1;2;845;348;966;3.2;22.5;49.0;14.5;5.5;76.6;0.0000;-0.9439;-0.7500;101.6500;
46.93;1;0;0;0;55;207;-2;-2;-2;-1;2;869;348;966;3.2;22.5;57.5;14.5;5.5;76.6;0.0000;-0.9522;-0.4000;101.7000;
47.18;1;0;0;0;55;207;-2;-2;-2;-1;2;894;348;966;3.2;22.5;17.5;14.5;5.5;76.6;0.0000;-0.9512;-0.2500;101.8000;
47.43;1;0;0;0;55;207;-2;-1;-2;-1;1;849;348;966;3.2;22.5;20.5;14.5;5.5;76.6;0.0000;-0.9507;-0.2000;101.8500;
47.68;1;0;0;0;54;207;-2;-1;-1;-1;1;854;348;966;3.2;22.7;24.0;14.5;5.5;76.6;0.0000;-0.9501;-0.1750;101.8000;
47.93;1;0;0;0;54;207;-1;-1;-1;-1;1;939;348;966;3.2;22.9;40.5;14.5;5.5;76.6;0.0000;-0.9495;-0.2250;101.8250;
48.18;1;0;0;0;54;207;-1;-1;-1;-1;1;922;348;966;3.2;22.9;36.5;14.5;5.5;76.6;0.0000;-0.9488;-0.1500;101.9750;
48.43;1;0;0;0;54;207;-2;-1;-1;-1;1;909;348;966;3.2;23.2;61.0;14.5;5.5;76.6;0.0000;-0.9482;0.0500;102.1500;
48.68;1;0;0;0;54;207;-2;-1;-1;-1;1;1016;348;966;3.2;23.8;41.0;14.5;5.5;76.6;0.0000;-0.9482;0.1750;102.1750;
48.93;1;0;0;0;54;207;-2;-1;-1;-1;1;992;348;966;3.2;23.8;-22.0;14.5;5.5;76.6;0.0000;-0.9474;-0.1250;102.0000;
49.18;1;1;0;0;54;207;-1;-1;-1;-1;1;832;348;966;3.2;24.0;13.5;14.5;5.5;76.6;0.0000;-0.9447;-0.5250;101.9250;
49.43;1;1;0;0;54;207;0;0;0;0;0;829;348;966;3.2;24.0;18.0;14.5;5.5;76.6;0.0000;-0.9406;-0.6750;101.8500;
49.68;1;1;0;0;54;207;0;0;0;0;0;832;348;966;3.2;24.2;16.0;14.5;5.5;76.6;0.0000;-0.9362;-0.5750;101.9000;
49.93;1;1;0;0;54;207;0;0;0;0;0;835;348;966;3.2;24.5;13.5;14.4;5.5;76.6;0.0000;-0.9223;-0.2500;102.1250;
50.18;1;1;0;0;54;207;0;0;0;0;0;832;348;966;3.2;24.5;12.0;14.4;5.5;76.6;0.0000;-0.9190;-0.0750;102.1500;
50.43;1;1;0;0;54;207;0;0;0;0;0;830;348;966;3.2;25.2;12.5;14.4;5.5;76.6;0.0000;-0.9175;-0.0500;102.0500;
50.69;1;1;0;0;54;207;0;0;0;0;0;833;348;966;3.2;25.6;11.5;14.4;5.5;76.6;0.0000;-0.9038;-0.0250;102.0750;
50.94;1;0;0;0;54;207;0;0;0;0;0;839;348;966;3.2;25.6;5.0;14.4;5.5;76.6;0.0000;-0.8764;-0.0250;102.1500;
51.19;1;0;0;0;54;207;0;0;0;0;0;889;348;966;3.2;25.6;32.5;14.4;5.5;76.6;0.0000;-0.8662;-0.0500;102.1250;
51.44;1;0;0;0;54;207;0;0;0;0;0;946;348;966;3.2;25.7;13.5;14.5;5.5;76.6;0.0000;-0.8549;-0.0250;102.0250;
51.69;1;0;0;0;54;207;0;0;0;0;0;927;348;966;3.2;26.0;31.5;14.4;5.5;76.6;0.0039;-0.7700;-0.0250;102.2000;
51.94;1;0;0;0;54;207;0;0;0;0;0;941;348;966;3.2;26.0;38.5;14.4;5.5;76.6;0.0314;-0.7033;-0.0250;102.0750;
52.19;1;0;0;0;54;207;0;0;0;0;0;940;348;966;3.2;26.3;52.5;14.4;5.5;76.6;0.0353;-0.6505;-0.0250;102.1250;
52.44;1;0;0;0;54;207;0;0;0;0;0;963;348;966;3.2;26.3;51.0;14.4;5.5;76.6;0.0353;-0.5892;0.0000;102.1500;
52.69;1;0;0;0;54;207;0;0;1;0;0;959;348;966;3.3;26.2;54.5;14.4;5.5;76.6;0.0392;-0.4591;0.4000;102.0750;
52.94;1;0;0;0;54;207;1;1;1;1;1;966;348;966;3.3;25.9;57.0;14.4;5.5;76.6;0.0431;-0.3828;0.6000;102.2000;
53.19;1;0;0;0;54;207;2;2;2;2;2;964;348;966;3.3;25.9;60.5;14.5;5.5;76.6;0.0431;-0.3048;0.7250;102.1500;
53.44;1;0;0;0;54;207;3;3;3;3;3;972;348;966;3.3;25.8;55.5;14.5;5.5;76.6;0.0392;-0.2120;0.8250;102.2500;
53.69;1;0;0;0;54;207;3;3;3;3;3;967;348;966;3.2;25.8;55.5;14.4;5.5;76.6;0.0196;-0.0504;0.8000;102.2000;
53.94;1;0;0;0;54;207;4;4;4;4;4;1001;348;966;3.2;25.8;-14.0;14.4;5.5;76.6;0.0000;0.0300;0.3500;102.3500;
54.19;1;0;0;0;54;207;4;4;4;4;4;911;348;966;3.2;25.8;8.0;14.5;5.5;76.6;0.0000;0.1172;0.1250;102.3750;
54.44;1;0;0;0;54;207;3;4;3;4;4;871;348;966;3.2;25.8;22.0;14.5;5.5;76.6;0.0000;0.1975;0.0250;0.0250;
54.69;1;0;0;0;54;207;3;4;3;4;4;879;348;966;3.2;25.8;35.0;14.4;5.5;76.6;0.0000;0.3323;-0.0500;0.0000;
54.94;1;0;0;0;54;207;3;4;3;4;3;953;348;966;3.2;25.8;23.5;14.4;5.5;76.6;0.0000;0.3943;-0.1750;102.3250;
55.19;1;0;0;0;54;207;3;4;3;4;3;934;348;966;3.2;25.8;3.0;14.3;5.5;76.6;0.0000;0.4543;-0.1500;102.3250;
55.44;1;0;0;0;54;207;3;4;3;3;3;871;348;966;3.2;25.8;24.5;14.3;5.5;76.6;0.0000;0.5107;-0.2000;102.3750;
55.70;1;0;0;0;54;207;3;3;2;3;3;878;348;966;3.2;26.1;26.0;14.4;5.5;76.6;0.0000;0.6467;-0.2000;102.3750;
55.95;1;0;0;0;54;207;2;3;2;3;3;878;348;966;3.2;26.2;27.5;14.4;5.5;76.6;0.0000;0.7236;-0.1750;0.0750;
56.20;1;0;0;0;54;207;2;3;2;3;3;880;348;966;3.2;26.2;27.0;14.4;5.5;76.6;0.0000;0.7691;-0.1750;102.3250;
56.45;1;0;0;0;54;207;2;3;2;3;3;882;348;966;3.2;26.2;25.0;14.4;5.5;76.6;0.0000;0.7908;-0.1000;0.0250;
56.70;1;0;0;0;54;207;2;3;2;3;3;880;348;966;3.2;26.5;24.5;14.4;5.5;76.6;0.0000;0.8401;-0.1750;0.0000;
56.95;1;0;0;0;54;207;2;3;2;3;2;883;348;966;3.2;26.5;21.5;14.4;5.5;76.6;0.0000;0.8645;-0.0750;102.3500;
57.20;1;0;0;0;54;207;2;3;2;2;2;875;348;966;3.2;26.7;26.0;14.4;5.5;76.6;0.0000;0.9022;-0.0750;0.0250;
57.45;1;0;0;0;54;207;2;3;2;3;2;851;348;966;3.2;27.2;38.5;14.4;5.5;76.6;0.0000;0.9571;-0.0250;0.0750;
57.70;1;0;0;0;54;207;2;3;2;3;3;863;348;966;3.2;27.2;58.0;14.4;5.5;76.6;0.0000;0.9772;-0.0250;102.3750;
57.95;1;0;0;0;54;207;2;3;2;2;2;936;348;966;3.2;27.5;13.5;14.3;5.5;76.6;0.0000;0.9749;-0.0250;102.3500;
58.20;1;0;0;0;54;207;2;3;1;2;2;900;348;966;3.2;27.5;13.5;14.3;5.5;76.6;0.0000;0.9721;-0.0250;0.0000;
58.45;1;1;0;0;54;207;2;3;1;2;2;876;348;966;3.2;27.8;24.0;14.4;5.5;76.6;0.0000;0.9724;-0.1000;102.3750;
58.70;1;1;0;0;54;207;2;3;1;2;2;880;348;966;3.2;27.7;23.0;14.4;5.5;76.6;0.0000;0.9724;-0.0250;0.0000;
58.95;1;1;0;0;54;207;2;2;1;2;2;886;348;966;3.2;27.7;21.5;14.4;5.5;76.6;0.0000;0.9726;-0.5000;102.2500;
59.20;1;1;0;0;54;207;1;2;1;1;1;840;348;966;3.2;28.0;16.5;14.5;5.5;76.6;0.0000;0.9726;-0.6500;102.2000;
59.45;1;0;0;0;54;207;1;1;1;1;1;827;348;966;3.2;28.0;25.0;14.5;5.5;76.6;0.0000;0.9728;-0.3250;102.2500;
59.70;1;0;0;0;54;207;1;1;0;1;1;886;348;966;3.2;28.2;47.5;14.4;5.5;76.6;0.0000;0.9733;-0.2250;102.2000;
59.95;1;0;0;0;54;207;1;1;0;1;1;984;348;966;3.2;28.2;30.5;14.4;5.5;76.6;0.0902;0.9733;-0.1500;102.1250;
60.20;1;0;0;0;54;207;1;1;1;1;1;961;348;966;3.2;27.8;48.0;14.5;5.5;76.6;0.0980;0.9713;-0.0250;102.3250;
60.45;1;0;0;0;54;207;1;2;1;2;1;972;348;966;3.2;28.0;56.0;14.5;5.5;76.6;0.1020;0.9668;0.3250;0.0000;
60.72;1;0;0;0;54;207;2;3;2;2;2;968;348;966;3.2;28.0;67.0;14.5;5.5;76.6;0.1020;0.9355;0.6000;0.1250;
60.97;1;0;0;0;54;207;3;4;2;3;3;981;348;966;3.2;27.6;67.0;14.5;5.5;76.6;0.0980;0.9183;0.7250;0.2000;
61.22;1;0;0;0;54;207;4;5;3;4;4;968;348;966;3.2;27.6;72.5;14.5;5.5;76.6;0.0980;0.9002;0.8500;0.4750;
61.47;1;0;0;0;54;207;4;6;4;5;5;947;348;966;3.2;27.6;79.5;14.5;5.5;76.6;0.0980;0.8835;0.9250;0.6500;
61.72;1;0;0;0;54;207;6;7;5;7;6;932;348;966;3.2;27.2;87.0;14.5;5.5;76.6;0.0980;0.7972;1.1500;0.7000;
61.97;1;0;0;0;54;207;7;8;6;8;7;948;348;966;3.2;27.2;87.0;14.5;5.5;76.6;0.0980;0.7117;1.3750;0.6000;
62.22;1;0;0;0;54;207;8;9;7;9;8;983;348;966;3.2;27.2;69.5;14.5;5.5;76.6;0.0980;0.6586;1.2000;1.0000;
62.47;1;0;0;0;54;207;9;10;8;10;9;1043;348;966;3.2;27.3;24.0;14.5;5.5;76.6;0.1216;0.5599;1.2000;0.0750;
62.72;1;0;0;0;54;207;9;10;8;10;9;1142;348;966;3.2;27.3;25.5;14.5;5.5;76.6;0.1686;0.4364;0.5250;0.5000;
62.97;0;0;0;0;54;207;9;11;9;10;10;1182;348;966;3.2;27.6;38.0;14.5;5.5;76.6;0.1765;0.3888;0.5500;102.3000;
63.22;0;0;0;0;54;207;10;11;9;11;10;1212;348;966;3.2;27.6;33.0;14.5;5.5;76.6;0.2157;0.3472;0.5000;0.3500;
63.47;0;0;0;0;54;207;10;11;10;11;11;1327;348;966;3.2;27.1;50.0;14.4;5.5;76.6;0.2314;0.2795;0.3750;0.2250;
63.72;0;0;0;0;54;207;11;12;11;12;12;1365;348;966;3.2;27.1;61.0;14.4;5.5;76.6;0.2392;0.2105;0.7500;0.4500;
63.97;0;0;0;0;54;207;12;13;12;13;12;1495;348;966;3.2;27.1;65.0;14.4;5.5;76.6;0.2353;0.1857;0.8000;0.4000;
64.22;0;0;0;0;54;207;13;14;13;14;13;1575;348;966;3.2;27.1;65.0;14.4;5.5;76.6;0.2353;0.1730;0.9750;0.4250;
64.47;0;0;0;0;54;207;14;14;14;14;14;1699;348;966;3.2;27.3;65.0;14.4;5.5;76.6;0.2353;0.1609;0.9250;0.2750;
64.72;0;0;0;0;54;207;15;16;15;16;15;1776;348;966;3.2;26.8;65.0;14.4;5.5;76.6;0.2353;0.1360;0.9750;0.4000;
64.97;0;0;0;0;54;207;16;16;16;16;16;1900;348;966;3.2;26.8;62.5;14.4;5.5;76.6;0.2314;0.1306;0.9250;0.4750;
65.22;0;0;0;0;54;207;17;17;16;17;17;1976;348;966;3.2;27.1;59.5;14.4;5.5;76.6;0.2235;0.1276;0.8750;0.3500;
65.47;1;0;0;0;54;207;16;17;16;17;17;1925;348;966;3.2;27.0;-40.0;14.4;5.5;76.6;0.0000;0.1227;0.4750;0.1750;
65.73;1;0;0;0;54;207;16;17;16;17;17;1747;348;966;3.2;27.0;-38.0;14.4;5.5;76.6;0.0000;0.1106;0.0000;0.2750;
65.98;1;0;0;0;54;207;16;17;16;17;17;1395;348;966;3.2;27.9;-39.5;14.4;5.5;76.6;0.0000;0.1054;-0.0500;0.1250;
66.23;1;0;0;0;55;207;16;17;16;17;16;1191;348;966;3.2;27.9;12.0;14.4;5.5;76.6;0.1059;0.0988;-0.1500;0.2000;
66.48;1;0;0;0;55;207;16;17;16;17;16;1085;348;966;3.2;27.9;62.0;14.4;5.5;76.6;0.2471;0.0970;0.0000;0.1750;
66.73;0;0;0;0;55;207;17;17;17;17;17;1098;348;966;3.2;27.7;82.5;14.5;5.5;76.6;0.2588;0.0865;0.3500;0.0000;
66.98;0;0;0;0;55;207;17;18;17;18;18;1150;348;966;3.2;27.7;92.5;14.5;5.5;76.6;0.3098;0.0738;0.5500;0.0250;
67.23;0;0;0;0;55;207;18;19;18;19;18;1191;348;966;3.2;27.2;117.0;14.4;5.5;76.6;0.3137;0.0567;0.8500;0.0500;
67.48;0;0;0;0;55;207;19;20;19;19;19;1258;348;966;3.2;27.0;117.5;14.4;5.5;76.6;0.3098;0.0486;0.9250;102.3250;
67.73;0;0;0;0;55;207;21;20;20;21;20;1305;348;966;3.2;27.0;117.5;14.4;5.5;76.6;0.3098;0.0004;1.0250;101.9250;
67.98;0;0;0;0;55;207;21;21;21;21;21;1385;348;966;3.2;27.0;117.5;14.4;5.5;76.6;0.3098;-0.0237;1.0000;101.7250;
68.23;0;0;0;0;55;207;23;22;23;22;22;1432;348;966;3.2;26.5;118.0;14.4;5.5;76.6;0.3137;-0.0316;1.0000;101.8250;
68.48;0;0;0;0;55;207;23;23;23;23;23;1506;348;966;3.2;25.7;117.0;14.4;5.5;76.6;0.3098;-0.0318;1.0250;101.7000;
68.73;0;0;0;0;55;207;24;24;24;24;24;1550;348;966;3.2;25.7;115.5;14.4;5.5;76.6;0.3098;-0.0313;1.0250;101.8000;
68.98;0;0;0;0;55;207;25;25;25;25;25;1621;348;966;3.2;25.5;114.0;14.4;5.5;76.6;0.3098;-0.0278;0.9250;101.8250;
69.23;0;0;0;0;55;207;26;26;26;26;26;1662;348;966;3.2;25.5;110.0;14.4;5.5;76.6;0.3020;-0.0146;0.9750;102.0000;
69.48;0;0;0;0;55;207;27;27;27;27;27;1733;348;966;3.2;25.1;109.0;14.4;5.5;76.6;0.3020;-0.0080;0.9250;102.0750;
69.73;0;0;0;0;55;207;28;28;28;28;28;1773;348;966;3.2;24.8;108.0;14.4;5.5;76.6;0.3020;-0.0020;0.9250;102.1250;
69.98;0;0;0;0;55;207;28;29;29;29;29;1843;348;966;3.2;24.8;106.0;14.4;5.5;76.6;0.2980;-0.0007;0.9250;102.0500;
70.23;0;0;0;0;55;207;29;29;29;30;29;1883;348;966;3.2;23.8;102.5;14.4;5.5;76.6;0.2980;0.0022;0.8500;102.1500;
70.48;0;0;0;0;55;207;30;30;30;30;30;1852;348;966;3.2;23.4;14.5;14.4;5.5;76.6;0.0000;0.0031;0.7750;102.1500;
70.74;1;0;0;0;55;207;29;30;29;30;30;1605;348;966;3.2;23.4;-40.5;14.4;5.5;76.6;0.0000;0.0183;0.0250;102.2500;
70.99;1;0;0;0;55;207;29;30;29;30;30;1312;348;966;3.2;23.6;-43.0;14.4;5.5;76.6;0.0000;0.0202;-0.1500;102.3000;
71.24;1;0;0;0;55;207;29;29;29;29;29;1062;348;966;3.2;23.6;20.0;14.4;5.5;76.6;0.2118;0.0202;-0.2500;0.0750;
71.49;1;0;0;0;55;207;29;29;29;29;29;1137;348;966;3.2;24.1;82.5;14.4;5.5;76.6;0.3529;0.0206;-0.2750;102.2750;
71.74;0;0;0;0;55;207;29;29;29;29;29;1181;348;966;3.2;24.4;144.0;14.4;5.5;76.6;0.3412;0.0219;0.1500;0.0500;
71.99;0;0;0;0;55;207;30;30;30;30;30;1199;348;966;3.2;24.4;142.0;14.4;5.5;76.6;0.3412;0.0249;0.4000;0.2000;
72.24;0;0;0;0;55;207;30;31;30;30;30;1217;348;966;3.2;24.4;141.0;14.4;5.5;76.6;0.3373;0.0288;0.4500;0.2250;
72.49;0;0;0;0;55;207;31;31;31;31;31;1241;348;966;3.2;24.3;136.0;14.4;5.5;76.6;0.3255;0.0435;0.5500;0.6500;
72.74;0;0;0;0;55;207;31;32;31;32;31;1256;348;966;3.2;25.3;128.0;14.4;5.5;76.6;0.3176;0.0517;0.4750;0.7500;
72.99;0;0;0;0;55;207;32;32;32;32;32;1274;348;966;3.2;25.3;125.5;14.4;5.5;76.6;0.3137;0.0582;0.5500;0.7250;
73.24;0;0;0;0;56;207;32;33;32;33;32;1301;348;966;3.2;25.7;119.0;14.4;5.5;76.6;0.3020;0.0633;0.4750;0.8500;
73.49;0;0;0;0;56;207;32;33;32;33;33;1317;348;966;3.2;26.3;116.0;14.4;5.5;76.6;0.3020;0.0715;0.5000;0.9750;
73.74;0;0;0;0;56;207;33;34;33;34;33;1338;348;966;3.2;26.3;111.5;14.4;5.5;76.6;0.2980;0.0750;0.4750;1.1500;
73.99;0;0;0;0;56;207;33;34;33;34;34;1349;348;966;3.2;27.1;111.5;14.4;5.5;76.6;0.3020;0.0796;0.4250;1.3000;
74.24;0;0;0;0;56;207;34;35;34;35;34;1373;348;966;3.2;27.1;111.0;14.4;5.5;76.6;0.3020;0.0816;0.3750;1.0500;
74.49;0;0;0;0;56;207;34;35;34;35;35;1381;348;966;3.2;27.7;110.5;14.4;5.5;76.6;0.3020;0.0912;0.4750;1.1750;
74.74;0;0;0;0;56;207;34;36;35;36;35;1398;348;966;3.2;28.4;111.0;14.4;5.5;76.6;0.3020;0.0948;0.4000;1.4750;
74.99;0;0;0;0;56;207;35;35;35;36;35;1412;348;966;3.2;28.4;110.0;14.4;5.5;76.6;0.3020;0.0996;0.3750;1.6000;
75.24;0;0;0;0;56;207;35;36;35;36;36;1430;348;966;3.2;28.8;112.0;14.4;5.5;76.6;0.3059;0.1014;0.4250;1.5250;
75.49;0;0;0;0;56;207;36;37;35;37;36;1448;348;966;3.2;29.1;113.5;14.4;5.5;76.6;0.3098;0.1120;0.5000;1.6250;
75.75;0;0;0;0;56;207;36;37;36;37;37;1465;348;966;3.2;29.1;114.5;14.4;5.5;76.6;0.3098;0.1151;0.4000;2.0500;
76.00;0;0;0;0;56;207;36;38;36;38;37;1478;348;966;3.2;29.7;115.5;14.4;5.5;76.6;0.3137;0.1167;0.4250;2.0250;
76.25;0;0;0;0;56;207;37;38;37;38;37;1499;348;966;3.2;29.7;118.5;14.4;5.5;76.6;0.3176;0.1180;0.4250;2.3500;
76.50;0;0;0;0;56;207;37;38;37;38;38;1509;348;966;3.2;31.4;119.5;14.4;5.5;76.6;0.3216;0.1195;0.4250;2.3250;
76.75;0;0;0;0;56;207;38;39;38;39;38;1531;348;966;3.2;31.4;121.5;14.4;5.5;76.6;0.3216;0.1197;0.4500;2.2500;
77.00;0;0;0;0;56;207;38;39;38;39;39;1543;348;966;3.2;31.8;126.5;14.4;5.5;76.6;0.3412;0.1192;0.4500;2.5250;
77.25;0;0;0;0;56;207;39;40;39;40;39;1570;348;966;3.2;32.7;141.5;14.4;5.5;76.6;0.3765;0.1164;0.5000;2.2750;
77.50;0;0;0;0;56;207;39;41;39;40;40;1589;348;966;3.2;32.7;150.5;14.4;5.5;76.6;0.3804;0.0994;0.5750;2.0000;
77.75;0;0;0;0;56;207;40;41;40;41;41;1623;348;966;3.2;33.7;159.5;14.4;5.5;76.6;0.3843;0.0828;0.7000;1.5250;
78.00;0;0;0;0;57;207;41;42;41;42;41;1653;348;966;3.2;33.7;164.5;14.4;5.5;76.6;0.3922;0.0628;0.8750;0.8250;
78.25;0;0;0;0;57;207;42;43;42;43;42;1689;348;966;3.2;33.5;167.0;14.4;5.5;76.6;0.3922;0.0437;0.8500;0.4500;
78.50;0;0;0;0;57;207;43;43;43;43;43;1715;348;966;3.2;33.1;169.0;14.4;5.5;76.6;0.3922;0.0285;0.8250;0.1500;
78.75;0;0;0;0;57;207;44;44;44;44;44;1753;348;966;3.2;33.1;165.0;14.4;5.5;76.6;0.3843;0.0288;0.8250;0.1750;
79.00;0;0;0;0;57;207;44;45;44;45;45;1776;348;966;3.2;32.5;163.5;14.4;5.5;76.6;0.3843;0.0283;0.8750;0.2000;
79.25;0;0;0;0;57;207;45;46;45;46;46;1811;348;966;3.2;31.8;158.5;14.4;5.5;76.6;0.3765;0.0280;0.8000;0.2250;
79.50;0;0;0;0;57;207;46;46;46;46;46;1838;348;966;3.2;31.8;156.0;14.4;5.5;76.6;0.3725;0.0157;0.8500;0.1250;
79.75;0;0;0;0;57;207;47;47;47;47;47;1869;348;966;3.2;31.2;152.5;14.4;5.5;76.6;0.3725;0.0084;0.8000;102.3000;
80.00;0;0;0;0;57;207;47;48;47;48;48;1892;348;966;3.2;31.2;151.0;14.4;5.5;76.6;0.3608;0.0072;0.8250;102.2000;
80.25;1;0;0;0;57;207;48;48;48;48;48;1863;348;966;3.2;30.0;-47.0;14.4;5.5;76.6;0.0000;0.0074;0.3750;102.2500;
80.50;1;0;0;0;57;207;47;48;47;47;48;1638;348;966;3.2;30.0;-39.0;14.4;5.5;76.6;0.0000;0.0047;0.0000;0.1750;
80.78;1;0;0;0;57;207;47;47;47;47;47;1276;348;966;3.2;29.1;-9.0;14.4;5.5;76.6;0.1569;0.0011;-0.3500;102.1750;
81.03;0;0;0;0;57;207;47;47;47;47;47;1297;348;966;3.2;29.1;113.0;14.4;5.5;76.6;0.3059;-0.0039;-0.2500;101.9250;
81.28;0;0;0;0;57;207;47;47;47;47;47;1330;348;966;3.2;28.7;113.0;14.4;5.5;76.6;0.3137;-0.0041;-0.1500;102.0250;
81.53;0;0;1;0;57;207;47;47;47;47;47;1326;348;966;3.2;27.4;118.5;14.4;5.5;76.6;0.3098;-0.0038;0.0250;101.9500;
81.78;0;0;0;0;58;207;47;47;47;47;47;1327;348;966;3.2;27.4;118.0;14.5;5.5;76.6;0.3098;-0.0036;0.0500;101.8500;
82.03;0;0;0;0;58;207;47;47;47;47;47;1333;348;966;3.2;26.0;117.5;14.5;5.5;76.6;0.3059;0.0007;0.0000;101.9750;
82.28;0;0;0;0;58;207;47;47;47;47;47;1332;348;966;3.2;25.5;113.0;14.4;5.5;76.6;0.2980;0.0057;0.0000;102.2750;
82.53;0;0;0;0;58;207;47;47;46;47;47;1322;348;966;3.2;25.5;110.0;14.4;5.5;76.6;0.2941;0.0262;-0.1250;0.4750;
82.78;0;0;0;0;58;207;46;47;46;47;47;1313;348;966;3.2;25.4;103.5;14.4;5.5;76.6;0.2784;0.0314;-0.2000;0.3750;
83.03;0;0;0;0;58;207;46;46;46;46;46;1309;348;966;3.2;25.4;96.0;14.4;5.5;76.6;0.2784;0.0387;-0.2500;0.6000;
83.28;0;0;0;0;58;207;46;46;46;46;46;1304;348;966;3.2;26.1;95.5;14.4;5.5;76.6;0.2824;0.0432;-0.3250;0.8500;
83.53;0;0;0;0;58;207;45;46;45;46;46;1295;348;966;3.2;26.7;97.5;14.4;5.5;76.6;0.2824;0.0468;-0.2500;1.1000;
83.78;0;0;0;0;58;207;45;46;45;46;46;1298;348;966;3.2;26.7;96.5;14.4;5.5;76.6;0.2784;0.0489;-0.1500;1.1500;
84.03;0;0;0;0;58;207;45;46;45;46;46;1298;348;966;3.2;26.9;96.5;14.4;5.5;76.6;0.2784;0.0491;-0.0500;1.2000;
84.28;0;0;0;0;58;207;45;46;45;46;46;1298;348;966;3.2;28.1;96.0;14.4;5.5;76.6;0.2784;0.0493;0.0000;1.0750;
84.53;0;0;0;0;58;207;46;46;45;46;46;1302;348;966;3.2;28.1;95.5;14.4;5.5;76.6;0.2745;0.0493;0.0500;1.0250;
84.78;0;0;0;0;58;207;46;47;46;46;46;1303;348;966;3.2;28.1;95.5;14.4;5.5;76.6;0.2784;0.0493;0.0750;1.2500;
85.03;0;0;0;0;58;207;46;46;46;46;46;1302;348;966;3.2;28.4;96.5;14.4;5.5;76.6;0.2745;0.0489;0.0000;1.1750;
85.28;0;0;0;0;58;207;46;46;46;46;46;1307;348;966;3.2;28.3;96.0;14.4;5.5;76.6;0.2784;0.0483;0.0500;1.0750;
85.53;0;0;0;0;58;207;46;46;46;46;46;1310;348;966;3.2;28.3;96.0;14.4;5.5;76.6;0.2784;0.0400;0.0500;0.8500;
85.79;0;0;0;0;58;207;46;46;46;46;46;1310;348;966;3.2;29.3;96.5;14.4;5.5;76.6;0.2784;0.0346;0.0500;0.6750;
86.04;0;0;0;0;58;207;46;47;46;46;46;1314;348;966;3.2;29.3;97.0;14.4;5.5;76.6;0.2824;0.0325;0.0750;0.6000;
86.29;0;0;0;0;58;207;46;47;46;47;47;1316;348;966;3.2;29.8;97.5;14.4;5.5;76.6;0.2824;0.0307;0.0750;0.4500;
86.54;0;0;0;0;59;207;46;47;46;47;47;1322;348;966;3.2;30.0;98.0;14.4;5.5;76.6;0.2824;0.0280;0.0500;0.5250;
86.79;0;0;0;0;59;207;46;47;46;47;47;1321;348;966;3.2;30.0;98.0;14.4;5.5;76.6;0.2824;0.0241;0.0750;0.2000;
87.04;0;0;0;0;59;207;47;47;47;47;47;1327;348;966;3.2;30.5;98.5;14.4;5.5;76.6;0.2824;0.0189;0.1000;0.0250;
87.29;0;0;0;0;59;207;47;47;47;47;47;1323;348;966;3.2;30.1;98.0;14.4;5.5;76.6;0.2784;0.0102;0.0750;0.0000;
87.54;0;0;0;0;59;207;47;47;47;47;47;1328;348;966;3.2;30.1;96.5;14.4;5.5;76.6;0.2784;0.0043;0.0750;102.2750;
87.79;0;0;0;0;59;207;47;47;47;47;47;1335;348;966;3.2;29.3;95.5;14.4;5.5;76.6;0.2784;-0.0123;0.0500;101.7250;
88.04;0;0;0;0;59;207;47;47;47;47;47;1334;348;966;3.2;29.3;96.0;14.4;5.5;76.6;0.2784;-0.0232;0.0750;101.2000;
88.29;0;0;0;0;59;207;47;47;47;47;47;1333;348;966;3.2;29.0;96.5;14.4;5.5;76.6;0.2784;-0.0267;0.0250;101.0750;
88.54;0;0;0;0;59;207;47;47;47;47;47;1337;348;966;3.2;27.7;97.0;14.4;5.5;76.6;0.2824;-0.0267;0.0500;101.5000;
88.79;0;0;0;0;59;207;47;47;47;47;47;1341;348;966;3.2;27.7;97.0;14.4;5.5;76.6;0.2824;-0.0264;0.0250;101.5500;
89.04;0;0;0;0;59;207;47;47;47;47;47;1342;348;966;3.2;27.7;97.0;14.4;5.5;76.6;0.2824;-0.0262;0.0750;101.6000;
89.29;0;0;0;0;59;207;47;47;48;47;47;1342;348;966;3.2;26.6;98.0;14.4;5.5;76.6;0.2824;-0.0257;0.0750;101.5750;
89.54;0;0;0;0;59;207;48;47;48;47;48;1344;348;966;3.2;26.2;98.5;14.4;5.5;76.6;0.2824;-0.0257;0.0750;101.8750;
89.79;0;0;0;0;59;207;48;48;48;48;48;1349;348;966;3.2;26.2;98.0;14.4;5.5;76.6;0.2824;-0.0259;0.0500;101.9750;
90.04;0;0;0;0;59;207;48;48;48;48;48;1356;348;966;3.2;25.3;98.5;14.4;5.5;76.6;0.2863;-0.0260;0.0750;101.9750;
90.29;0;0;0;0;59;207;48;47;48;48;48;1349;348;966;3.2;24.7;100.0;14.4;5.5;76.6;0.2863;-0.0265;0.0500;101.8000;
90.54;0;0;0;0;59;207;48;48;48;48;48;1348;348;966;3.2;24.7;100.5;14.4;5.5;76.6;0.2863;-0.0270;0.0000;101.7500;
90.81;0;0;0;0;59;207;48;48;48;48;48;1352;348;966;3.2;24.6;100.5;14.4;5.5;76.6;0.2863;-0.0273;0.0000;101.9750;
91.06;0;0;0;0;59;207;48;48;48;48;48;1352;348;966;3.2;23.9;98.0;14.4;5.5;76.6;0.2863;-0.0280;-0.0250;101.5750;
91.31;0;0;0;0;60;207;48;47;48;47;48;1350;348;966;3.2;23.9;99.5;14.4;5.5;76.6;0.2863;-0.0392;-0.0750;101.2750;
91.56;0;0;0;0;60;207;48;47;47;47;48;1345;348;966;3.2;23.6;100.5;14.4;5.5;76.6;0.2863;-0.0392;-0.0750;101.3500;
91.81;0;0;0;0;60;207;48;47;48;47;48;1346;348;966;3.2;23.6;100.0;14.4;5.5;76.6;0.2863;-0.0391;-0.1000;101.4250;
92.06;0;0;0;0;60;207;48;47;48;47;48;1345;348;966;3.2;23.5;100.5;14.4;5.5;76.6;0.2863;-0.0387;-0.0500;101.5000;
92.31;0;0;0;0;60;207;48;47;48;47;48;1344;348;966;3.2;23.0;100.5;14.4;5.5;76.6;0.2863;-0.0378;-0.0250;101.5500;
92.56;0;0;0;0;60;207;48;47;48;47;48;1345;348;966;3.2;23.0;100.5;14.4;5.5;76.6;0.2863;-0.0371;0.0000;101.5000;
92.81;0;0;0;0;60;207;48;47;48;47;48;1344;348;966;3.2;23.5;101.0;14.4;5.5;76.6;0.2863;-0.0354;-0.0250;101.6250;
93.06;0;0;0;0;60;207;48;47;48;47;47;1343;348;966;3.2;23.5;100.5;14.4;5.5;76.6;0.2863;-0.0343;-0.0750;101.7500;
93.31;0;0;0;0;60;207;48;47;48;47;47;1342;348;966;3.2;23.7;102.0;14.4;5.5;76.6;0.2902;-0.0260;-0.0750;101.7500;
93.56;0;0;0;0;60;207;47;47;47;47;47;1340;348;966;3.2;23.7;104.5;14.4;5.5;76.6;0.2980;-0.0159;-0.0250;102.0750;
93.81;0;0;0;0;60;207;47;47;48;47;47;1343;348;966;3.2;23.3;112.5;14.4;5.5;76.6;0.3490;-0.0102;-0.0250;0.0250;
94.06;0;0;0;0;60;207;47;48;48;47;48;1346;348;966;3.2;23.7;153.0;14.4;5.5;76.6;0.3804;-0.0097;0.0250;102.3500;
94.31;0;0;0;0;60;207;48;48;48;48;48;1357;348;966;3.2;23.7;161.0;14.4;5.5;76.6;0.3765;-0.0084;0.0750;0.0000;
94.56;0;0;0;0;60;207;48;48;48;48;48;1359;348;966;3.2;24.2;162.0;14.4;5.5;76.6;0.3725;-0.0088;0.2000;102.3500;
94.81;0;0;0;0;60;207;48;48;48;48;48;1363;348;966;3.2;24.2;160.0;14.4;5.5;76.6;0.3686;-0.0084;0.2000;0.1250;
95.06;0;0;0;0;60;207;48;49;49;48;49;1374;348;966;3.2;23.9;158.0;14.4;5.5;76.6;0.3686;-0.0051;0.2250;0.0500;
95.31;0;0;0;0;60;207;49;49;49;49;49;1381;348;966;3.2;24.2;158.5;14.4;5.5;76.6;0.3725;-0.0021;0.2500;0.4000;
95.56;0;0;0;0;60;207;49;49;49;49;49;1390;348;966;3.2;24.2;160.5;14.4;5.5;76.6;0.3765;-0.0016;0.2250;0.2250;
95.82;0;0;0;0;60;207;49;49;49;49;49;1392;348;966;3.2;24.6;162.5;14.4;5.5;76.6;0.3804;-0.0008;0.2250;0.0000;
96.07;0;0;0;0;61;207;49;49;49;49;49;1397;348;966;3.2;24.7;166.0;14.4;5.5;76.6;0.3804;-0.0003;0.2000;0.0750;
96.32;0;0;0;0;61;207;50;50;50;50;50;1407;348;966;3.2;24.7;168.0;14.4;5.5;76.6;0.3922;-0.0020;0.2250;0.1500;
96.57;0;0;0;0;61;207;50;50;50;50;50;1412;348;966;3.2;25.2;181.0;14.4;5.5;76.6;0.4157;-0.0020;0.2250;0.2000;
96.82;0;0;0;0;61;207;50;50;50;50;50;1426;348;966;3.2;25.2;193.0;14.4;5.5;76.6;0.4275;-0.0016;0.2750;0.0250;
97.07;0;0;0;0;61;207;50;51;50;51;51;1433;348;966;3.2;25.3;202.0;14.4;5.5;76.6;0.4353;-0.0013;0.4000;0.1000;
97.32;0;0;0;0;61;207;51;51;51;51;51;1441;348;966;3.2;25.3;205.0;14.4;5.5;76.6;0.4353;-0.0011;0.4000;102.3250;
97.57;0;0;0;0;61;207;51;51;51;51;51;1456;348;966;3.2;25.2;208.5;14.4;5.5;76.6;0.4549;-0.0008;0.4000;0.0250;
97.82;0;0;0;0;61;207;52;52;52;52;52;1470;348;966;3.2;25.2;226.0;14.4;5.5;76.6;0.4863;-0.0008;0.5000;0.0500;
98.07;0;0;0;0;61;207;52;52;52;52;52;1481;348;966;3.2;25.5;250.0;14.4;5.5;76.6;0.5176;-0.0003;0.5000;0.1000;
98.32;0;0;0;0;61;207;53;53;53;53;53;1500;348;966;3.2;25.3;255.0;14.4;5.5;76.6;0.5176;-0.0007;0.5250;102.3750;
98.57;0;0;0;0;61;207;53;54;53;53;54;1518;348;966;3.2;25.3;255.5;14.4;5.5;76.6;0.5137;-0.0029;0.6500;0.0000;
98.82;0;0;0;0;61;207;54;54;54;54;54;1532;348;966;3.2;24.6;253.5;14.4;5.5;76.6;0.5098;-0.0034;0.6500;102.3000;
99.07;0;0;0;0;61;207;55;55;55;55;55;1551;348;966;3.2;24.9;250.5;14.4;5.5;76.6;0.5059;-0.0034;0.6500;102.3750;
99.32;0;0;0;0;61;207;55;55;55;56;55;1564;348;966;3.2;24.9;250.5;14.4;5.5;76.6;0.5020;-0.0029;0.6500;102.3000;
99.57;0;0;0;0;61;207;56;56;56;56;56;1582;348;966;3.2;24.7;249.5;14.4;5.5;76.6;0.5020;-0.0021;0.6750;0.1250;
99.82;0;0;0;0;61;207;57;57;57;57;57;1600;348;966;3.2;24.7;248.0;14.4;5.5;76.6;0.5020;-0.0016;0.6500;0.0000;
100.07;0;0;0;0;61;207;57;57;57;57;57;1620;348;966;3.2;24.2;247.0;14.4;5.5;76.6;0.5020;-0.0008;0.6000;0.3500;
100.32;0;0;0;0;61;207;58;58;58;58;58;1630;348;966;3.2;24.4;248.0;14.4;5.5;76.6;0.5059;0.0003;0.5750;0.1250;
100.57;0;0;0;0;61;207;58;58;58;58;58;1648;348;966;3.2;24.4;247.5;14.4;5.5;76.6;0.5020;0.0007;0.5500;0.2750;
100.83;0;0;0;0;62;207;59;59;59;59;59;1666;348;966;3.2;24.2;247.5;14.4;5.5;76.6;0.5059;0.0013;0.5500;0.2500;
101.08;0;0;0;0;62;207;59;59;59;59;59;1677;348;966;3.2;23.9;247.5;14.4;5.5;76.6;0.5059;0.0003;0.5750;0.3250;
101.33;0;0;0;0;62;207;60;60;60;60;60;1696;348;966;3.2;23.9;247.0;14.4;5.5;76.6;0.5059;-0.0013;0.5500;0.3500;
101.58;0;0;0;0;62;207;60;60;60;60;60;1706;348;966;3.2;23.9;246.5;14.4;5.5;76.6;0.5059;-0.0056;0.5500;0.2000;
101.83;0;0;0;0;62;207;61;61;61;61;61;1724;348;966;3.2;24.3;246.0;14.4;5.5;76.6;0.5059;-0.0091;0.5500;102.3250;
102.08;0;0;0;0;62;207;62;61;61;61;61;1737;348;966;3.2;24.3;246.5;14.4;5.5;76.6;0.5059;-0.0118;0.5250;0.0000;
102.33;0;0;0;0;62;207;62;62;62;62;62;1747;348;966;3.2;24.3;245.5;14.4;5.5;76.6;0.5059;-0.0138;0.4750;102.3250;
102.58;0;0;0;0;62;207;62;62;62;62;62;1758;348;966;3.2;24.0;245.5;14.4;5.5;76.6;0.5059;-0.0163;0.4750;102.0750;
102.83;0;0;0;0;62;207;63;63;63;63;63;1774;348;966;3.2;24.0;245.5;14.4;5.5;76.6;0.5098;-0.0202;0.5250;101.8500;
103.08;0;0;0;0;62;207;63;63;63;63;63;1785;348;966;3.2;24.2;245.5;14.4;5.5;76.6;0.5098;-0.0216;0.4750;101.8000;
103.33;0;0;0;0;62;207;64;64;64;63;64;1801;348;966;3.2;24.0;245.0;14.4;5.5;76.6;0.5098;-0.0346;0.4750;101.2250;
103.58;0;0;0;0;62;207;64;64;64;64;64;1809;348;966;3.2;24.0;245.0;14.4;5.5;76.6;0.5098;-0.0372;0.4500;100.8000;
103.83;0;0;0;0;62;207;65;64;65;64;65;1823;348;966;3.2;23.4;245.5;14.4;5.5;76.6;0.5098;-0.0400;0.4500;100.7250;
104.08;0;0;0;0;62;207;65;65;65;65;65;1832;348;966;3.2;23.0;244.5;14.4;5.5;76.6;0.5098;-0.0405;0.4250;100.7500;
104.33;0;0;0;0;62;207;66;65;66;65;65;1847;348;966;3.2;23.0;243.0;14.4;5.5;76.6;0.5098;-0.0423;0.4250;100.7250;
104.58;0;0;0;0;63;207;66;65;66;65;66;1859;348;966;3.2;22.4;244.0;14.4;5.5;76.6;0.5098;-0.0422;0.4250;100.6750;
104.83;0;0;0;0;63;207;66;66;66;66;66;1870;348;966;3.2;22.4;244.0;14.4;5.5;76.6;0.5098;-0.0427;0.4000;100.6000;
105.08;0;0;0;0;63;207;67;66;67;66;67;1877;348;966;3.2;21.7;244.5;14.4;5.5;76.6;0.5176;-0.0437;0.4500;100.4000;
105.33;0;0;0;0;63;207;67;67;67;66;67;1896;348;966;3.2;21.2;256.0;14.4;5.5;76.6;0.5569;-0.0455;0.4000;100.3500;
105.58;0;0;0;0;63;207;68;67;68;67;67;1905;348;966;3.2;21.2;264.5;14.4;5.5;76.6;0.5725;-0.0453;0.4500;100.3500;
105.84;0;0;0;0;63;207;68;68;68;68;68;1919;348;966;3.2;20.4;269.5;14.4;5.5;76.6;0.5804;-0.0448;0.4750;100.4500;
106.09;0;0;0;0;63;207;69;68;69;68;68;1934;348;966;3.2;20.4;273.0;14.4;5.5;76.6;0.5882;-0.0361;0.5250;100.7750;
106.34;0;0;0;0;63;207;69;69;69;69;69;1948;348;966;3.2;19.5;274.0;14.4;5.5;76.6;0.5922;-0.0362;0.5000;101.0000;
106.59;0;0;0;0;63;207;69;69;69;69;69;1959;348;966;3.2;19.5;274.0;14.4;5.5;76.6;0.5922;-0.0367;0.5250;100.9500;
106.84;0;0;0;0;63;207;70;70;70;70;70;1976;348;966;3.2;19.4;276.5;14.4;5.5;76.6;0.5961;-0.0367;0.5250;100.7000;
107.09;0;0;0;0;63;207;71;70;70;70;70;1986;348;966;3.2;19.0;276.5;14.4;5.5;76.6;0.5922;-0.0351;0.5000;100.6000;
107.34;0;0;0;0;63;207;71;71;71;71;71;2001;348;966;3.2;19.0;274.0;14.4;5.5;76.6;0.5882;-0.0307;0.4750;100.9750;
107.59;0;0;0;0;64;207;71;71;71;71;71;2010;348;966;3.2;18.3;272.0;14.4;5.5;76.6;0.5843;-0.0264;0.5000;101.2500;
107.84;0;0;0;0;64;207;72;71;72;72;72;2025;348;964;3.2;18.5;268.0;14.4;5.5;76.6;0.5725;-0.0219;0.5000;101.7000;
108.09;0;0;0;0;64;207;72;72;72;72;72;2034;348;964;3.2;18.5;262.0;14.4;5.5;76.6;0.4784;-0.0109;0.4500;101.9750;
108.34;1;0;0;0;64;207;71;71;71;71;72;1885;348;964;3.2;19.0;-38.5;14.4;5.5;76.6;0.0000;-0.0052;-0.1500;102.3250;
108.59;1;0;0;0;64;207;71;71;71;71;71;1648;348;964;3.2;19.0;-36.5;14.4;5.5;76.6;0.0000;-0.0014;-0.7000;0.1000;
108.84;1;0;0;0;64;207;69;70;70;69;70;1638;348;964;3.2;20.0;126.5;14.4;5.5;76.6;0.5098;-0.0008;-1.0000;0.3250;
109.09;0;0;0;0;64;207;69;69;69;69;70;1609;348;964;3.2;21.3;185.0;14.4;5.5;76.6;0.6706;-0.0007;-0.8250;0.1500;
109.34;0;0;0;0;64;207;69;69;69;69;69;1571;348;964;3.2;21.3;253.5;14.4;5.5;76.6;0.6824;-0.0001;-0.4000;0.4000;
109.59;0;0;0;0;64;207;69;69;69;69;69;1572;348;964;3.2;21.9;267.5;14.4;5.5;76.6;0.6824;0.0007;-0.2250;0.2500;
109.84;0;0;0;0;64;207;69;69;69;69;69;1574;348;964;3.2;21.9;289.0;14.4;5.5;76.6;0.6706;0.0029;-0.0750;0.3500;
110.09;0;0;0;0;65;207;69;69;69;69;69;1578;348;964;3.2;22.6;300.5;14.4;5.5;76.6;0.6706;0.0038;-0.0250;0.2750;
110.34;0;0;0;0;65;207;69;70;70;69;70;1578;348;964;3.2;22.6;317.0;14.4;5.5;76.6;0.6667;0.0066;0.1000;0.4250;
110.59;0;0;0;0;65;207;69;70;70;70;70;1577;348;964;3.2;23.5;316.0;14.4;5.5;76.6;0.6667;0.0084;0.1500;0.2500;
110.86;0;0;0;0;65;207;70;70;70;70;70;1589;348;964;3.2;23.9;315.0;14.4;5.5;76.6;0.6627;0.0095;0.2250;0.3500;
111.11;0;0;0;0;65;207;70;70;70;70;70;1595;348;964;3.2;23.9;314.5;14.4;5.5;76.6;0.6627;0.0107;0.2500;0.2750;
111.36;0;0;0;0;65;207;71;71;70;71;71;1605;348;964;3.2;24.3;313.0;14.5;5.5;76.6;0.6627;0.0105;0.3500;0.2500;
111.61;0;0;0;0;65;207;71;71;71;71;71;1606;348;964;3.2;24.3;313.0;14.5;5.5;76.6;0.6627;0.0100;0.3500;0.2500;
111.86;0;0;0;0;65;207;71;71;71;71;72;1616;348;964;3.2;25.4;313.0;14.4;5.5;76.6;0.6588;0.0091;0.3750;0.1750;
112.11;0;0;0;0;65;207;72;72;72;72;72;1622;348;964;3.2;25.6;311.0;14.4;5.5;76.6;0.6549;0.0008;0.3500;0.0750;
112.36;0;0;0;0;65;207;72;72;72;72;72;1632;348;964;3.2;25.6;308.0;14.4;5.5;76.6;0.6510;-0.0028;0.3750;102.2000;
112.61;0;0;0;0;65;207;72;73;72;73;73;1643;348;964;3.2;25.7;308.0;14.4;5.5;76.6;0.6510;-0.0033;0.3750;102.0250;
112.86;0;0;0;0;65;207;73;73;73;73;73;1649;348;964;3.2;24.9;307.5;14.4;5.5;76.6;0.6471;-0.0025;0.3750;102.1750;
113.11;0;0;0;0;66;207;73;73;73;73;73;1654;348;964;3.2;24.9;306.5;14.4;5.5;76.6;0.6471;0.0011;0.3500;102.3750;
113.36;0;0;0;0;66;207;73;73;73;73;74;1665;348;964;3.2;24.1;306.0;14.5;5.5;76.6;0.6471;0.0016;0.3500;102.3000;
113.61;0;0;0;0;66;207;74;74;74;74;74;1667;348;964;3.2;24.1;306.0;14.4;5.5;76.6;0.6471;0.0016;0.3500;102.3000;
113.86;0;0;0;0;66;207;74;74;74;74;74;1676;348;964;3.2;24.0;305.5;14.4;5.5;76.6;0.6471;0.0018;0.3250;102.3000;
114.11;0;0;0;0;66;207;74;74;74;74;74;1684;348;964;3.2;24.0;305.5;14.4;5.5;76.6;0.6471;0.0020;0.2750;102.3000;
114.36;0;0;0;0;66;207;75;75;75;75;75;1690;348;964;3.2;23.9;305.0;14.4;5.5;76.6;0.6471;0.0022;0.2750;102.1500;
114.61;0;0;0;0;66;207;75;75;75;75;75;1699;348;964;3.2;23.9;305.0;14.4;5.5;76.6;0.6471;0.0025;0.3500;102.2250;
114.86;0;0;0;0;66;207;75;75;75;75;75;1705;348;962;3.2;23.5;305.0;14.4;5.5;76.6;0.6431;0.0031;0.2500;102.3250;
115.11;0;0;0;0;66;207;75;75;75;75;75;1702;348;964;3.2;23.5;302.0;14.4;5.5;76.6;0.6353;0.0038;0.1500;102.3750;
115.36;0;0;0;0;66;207;76;76;76;76;76;1717;348;964;3.2;23.5;298.5;14.4;5.5;76.6;0.6314;0.0052;0.3250;0.0750;
115.61;0;0;0;0;66;207;76;76;76;76;76;1725;348;964;3.2;23.6;298.0;14.4;5.5;76.6;0.6314;0.0054;0.3250;0.0500;
115.87;0;0;0;0;66;207;76;76;76;76;77;1728;348;962;3.2;23.1;297.0;14.4;5.5;76.6;0.6314;0.0061;0.2500;0.1500;
116.12;0;0;0;0;67;207;76;77;77;77;77;1732;348;964;3.2;23.1;297.0;14.4;5.5;76.6;0.6314;0.0086;0.2000;0.2250;
116.37;0;0;0;0;67;207;77;77;77;77;77;1740;348;962;3.2;23.4;297.0;14.4;5.5;76.6;0.6314;0.0091;0.1750;0.3500;
116.62;0;0;0;0;67;207;77;77;77;77;77;1744;348;962;3.2;23.4;297.0;14.4;5.5;76.6;0.6314;0.0097;0.2250;0.2500;
116.87;0;0;0;0;67;207;77;77;77;78;77;1750;348;962;3.2;23.4;296.5;14.4;5.5;76.6;0.6314;0.0097;0.2250;0.2750;
117.12;0;0;0;0;67;207;77;78;78;78;78;1756;348;962;3.2;23.7;296.5;14.4;5.5;76.6;0.6314;0.0082;0.2500;0.3500;
117.37;0;0;0;0;67;207;78;78;78;78;78;1764;348;962;3.2;23.7;297.0;14.4;5.5;76.6;0.6314;0.0057;0.2500;0.1000;
117.62;0;0;0;0;67;207;78;78;78;78;78;1767;348;962;3.2;24.2;296.5;14.4;5.5;76.6;0.6314;0.0056;0.2250;0.1250;
117.87;0;0;0;0;67;207;78;78;78;78;78;1773;348;962;3.2;24.1;295.5;14.4;5.5;76.6;0.6275;0.0056;0.2250;0.0750;
118.12;0;0;0;0;68;207;78;79;78;79;79;1778;348;962;3.2;24.1;294.5;14.4;5.5;76.6;0.6275;0.0051;0.2250;0.1750;
118.37;0;0;0;0;68;207;79;79;79;79;79;1782;348;962;3.2;24.1;295.0;14.4;5.5;76.6;0.6314;0.0051;0.2250;0.1500;
118.62;0;0;0;0;68;207;79;79;79;79;79;1786;348;962;3.2;24.1;294.5;14.4;5.5;76.6;0.6275;0.0046;0.2250;0.1250;
118.87;0;0;0;0;68;207;79;79;79;79;79;1797;348;962;3.2;24.7;294.0;14.4;5.5;76.6;0.6275;0.0043;0.2250;0.0500;
119.12;0;0;0;0;68;207;79;80;80;80;80;1802;348;962;3.2;24.7;294.0;14.5;5.5;76.6;0.6314;0.0036;0.2250;0.1500;
119.37;0;0;0;0;68;207;80;80;80;80;80;1805;348;962;3.2;24.4;294.0;14.5;5.5;76.6;0.6275;0.0007;0.2500;102.3500;
119.62;0;0;0;0;68;207;80;80;80;80;80;1807;348;962;3.2;24.4;294.0;14.5;5.5;76.6;0.6275;-0.0026;0.2500;102.1500;
119.87;0;0;0;0;68;207;80;80;80;80;80;1818;348;962;3.2;24.6;294.0;14.5;5.5;76.6;0.6275;-0.0033;0.2250;102.1750;
120.12;0;0;0;0;69;207;80;81;81;81;81;1823;348;962;3.2;24.6;294.0;14.5;5.5;76.6;0.6275;0.0007;0.2250;102.2500;
120.37;0;0;0;0;69;207;81;81;81;81;81;1830;348;962;3.2;24.6;292.0;14.5;5.5;76.6;0.6275;0.0025;0.2250;0.0750;
120.62;0;0;0;0;69;207;81;81;81;81;81;1832;348;962;3.2;24.2;292.5;14.5;5.5;76.6;0.6275;0.0031;0.2000;102.3750;
120.88;0;0;0;0;69;207;81;81;81;81;81;1838;348;962;3.2;24.2;292.0;14.5;5.5;76.6;0.6275;0.0034;0.2000;0.0750;
121.13;0;0;0;0;69;207;81;82;81;81;82;1844;348;962;3.2;24.2;291.5;14.5;5.5;76.6;0.6275;0.0043;0.2250;0.0750;
121.38;0;0;0;0;69;207;82;82;82;82;82;1849;348;962;3.2;24.3;291.5;14.5;5.5;76.6;0.6275;0.0036;0.2250;0.1000;
121.63;0;0;0;0;69;207;82;82;82;82;82;1858;348;962;3.2;24.3;291.5;14.5;5.5;76.6;0.6275;0.0029;0.2250;0.0250;
121.88;0;0;0;0;69;207;82;82;82;82;82;1862;348;962;3.2;23.8;290.5;14.4;5.5;76.6;0.6235;0.0028;0.2250;102.3500;
122.13;0;0;0;0;69;207;82;83;82;82;83;1868;348;962;3.2;24.0;288.0;14.4;5.5;76.6;0.6157;0.0054;0.2750;0.0250;
122.38;0;0;0;0;70;207;83;83;83;83;83;1872;348;962;3.2;24.0;286.0;14.4;5.5;76.6;0.6118;0.0057;0.2750;0.0750;
122.63;0;0;0;0;70;207;83;83;83;83;83;1879;348;962;3.2;24.0;285.0;14.4;5.5;76.6;0.6078;0.0057;0.2500;0.0750;
122.88;0;0;0;0;70;207;83;84;83;84;83;1886;348;962;3.2;24.2;283.5;14.4;5.5;76.6;0.6078;0.0057;0.2500;0.0500;
123.13;0;0;0;0;70;207;83;84;84;84;84;1892;348;962;3.2;23.8;281.5;14.4;5.5;76.6;0.6039;0.0074;0.2500;0.0500;
123.38;0;0;0;0;70;207;84;84;84;84;84;1896;348;962;3.2;23.8;275.0;14.4;5.5;76.6;0.5098;0.0074;0.2750;0.2750;
123.63;1;0;0;0;70;207;84;83;83;83;84;1781;348;962;3.2;24.2;-34.5;14.4;5.5;76.6;0.0000;0.0057;-0.1000;0.1750;
123.88;1;0;0;0;70;207;83;83;83;83;83;1582;348;962;3.2;24.4;-32.0;14.4;5.5;76.6;0.0000;0.0038;-0.4750;0.2000;
124.13;1;0;0;0;70;207;82;82;82;82;82;1652;348;962;3.2;24.4;130.0;14.4;5.5;76.6;0.4941;0.0001;-0.8000;102.3000;
124.38;0;0;0;0;70;207;82;82;82;82;82;1523;348;962;3.2;25.1;201.5;14.4;5.5;76.6;0.6627;-0.0007;-0.5500;102.2500;
124.63;0;0;0;0;71;207;82;81;82;82;82;1518;348;962;3.2;25.1;251.5;14.4;5.5;76.6;0.6588;-0.0008;-0.2500;102.2500;
124.88;0;0;0;0;71;207;82;82;82;82;82;1521;348;962;3.2;25.4;262.0;14.4;5.5;76.6;0.6431;0.0000;-0.1250;102.3500;
125.13;0;0;0;0;71;207;82;82;82;82;82;1522;348;962;3.2;25.4;274.5;14.4;5.5;76.6;0.6118;0.0011;0.0250;102.3250;
125.38;0;0;0;0;71;207;82;82;82;82;82;1528;348;962;3.2;25.4;283.5;14.5;5.5;76.6;0.6078;0.0013;0.0750;102.3500;
125.63;0;0;0;0;71;207;82;82;82;82;82;1531;348;962;3.2;25.0;280.5;14.5;5.5;76.6;0.5686;-0.0003;0.1250;102.2750;
125.90;0;0;0;0;71;207;82;82;82;82;82;1527;348;962;3.2;25.5;274.5;14.4;5.5;76.6;0.5608;-0.0033;0.1500;102.1250;
126.15;0;0;0;0;71;207;82;83;82;82;83;1534;348;962;3.2;25.5;273.0;14.4;5.5;76.6;0.5569;-0.0018;0.1750;102.2000;
126.40;0;0;0;0;71;207;83;83;83;83;83;1541;348;962;3.2;25.3;271.0;14.5;5.5;76.6;0.5569;-0.0020;0.1750;102.1750;
126.65;0;0;0;0;71;207;83;83;83;83;83;1548;348;962;3.2;25.3;270.5;14.5;5.5;76.6;0.5529;-0.0020;0.2250;102.2000;
126.90;0;0;0;0;71;207;83;83;83;83;83;1549;348;962;3.2;25.1;266.5;14.5;5.5;76.6;0.5412;-0.0008;0.2250;102.2500;
127.15;0;0;0;0;72;207;84;83;84;84;84;1554;348;962;3.2;25.1;256.5;14.4;5.5;76.6;0.5137;-0.0014;0.2500;102.2500;
127.40;0;0;0;0;72;207;84;84;84;84;84;1560;348;962;3.2;25.5;252.0;14.4;5.5;76.6;0.5020;-0.0033;0.2250;102.2250;
127.65;0;0;0;0;72;207;84;84;84;84;84;1566;348;962;3.2;25.1;244.5;14.4;5.5;76.6;0.4902;-0.0041;0.2500;102.0250;
127.90;0;0;0;0;72;207;84;84;84;84;84;1568;348;962;3.2;25.1;240.5;14.4;5.5;76.6;0.4902;-0.0074;0.2250;101.9750;
128.15;0;0;0;0;72;207;85;85;85;85;85;1573;348;960;3.2;24.7;238.5;14.4;5.5;76.6;0.4824;-0.0087;0.2000;102.0000;
128.40;0;0;0;0;72;207;85;85;85;85;85;1576;348;962;3.2;24.7;235.0;14.4;5.5;76.6;0.4824;-0.0117;0.2250;102.0250;
128.65;0;0;0;0;72;207;85;85;85;85;85;1583;348;960;3.2;24.1;231.5;14.4;5.5;76.6;0.4784;-0.0140;0.2000;101.6750;
128.90;0;0;0;0;72;207;85;85;85;85;85;1582;348;960;3.2;24.1;231.0;14.4;5.5;76.6;0.4745;-0.0186;0.1750;101.4000;
129.15;0;0;0;0;72;207;85;85;86;85;86;1586;348;960;3.2;24.1;226.5;14.4;5.5;76.6;0.4706;-0.0204;0.1500;101.4250;
129.40;0;0;0;0;72;207;86;85;86;85;86;1586;348;960;3.2;23.7;224.0;14.4;5.5;76.6;0.4667;-0.0234;0.1500;101.1000;
129.65;0;0;0;0;72;207;86;85;86;85;86;1591;348;960;3.2;23.5;219.5;14.4;5.5;76.6;0.4627;-0.0246;0.0750;101.0250;
129.90;0;0;0;0;72;207;86;85;86;86;86;1594;348;960;3.2;23.5;218.5;14.4;5.5;76.6;0.4549;-0.0272;0.0500;100.9000;
130.15;0;0;0;0;72;207;86;85;86;86;86;1592;348;960;3.2;23.1;217.5;14.4;5.5;76.6;0.4549;-0.0283;0.0250;100.6000;
130.40;0;0;0;0;73;207;86;85;86;86;86;1593;348;960;3.2;23.1;215.5;14.4;5.5;76.6;0.4549;-0.0295;0.0500;100.6250;
130.65;0;0;0;0;73;207;86;85;86;86;86;1594;348;960;3.2;22.7;215.5;14.4;5.5;76.6;0.4549;-0.0300;0.0000;100.4500;
130.91;0;0;0;0;73;207;86;86;86;86;86;1598;348;960;3.2;22.7;214.0;14.4;5.5;76.6;0.4549;-0.0298;0.0250;100.4750;
131.16;0;0;0;0;73;207;86;85;86;86;86;1594;348;960;3.2;22.3;213.5;14.4;5.5;76.6;0.4510;-0.0308;-0.0250;100.4750;
131.41;0;0;0;0;73;207;86;86;86;86;86;1592;348;960;3.2;22.3;212.0;14.4;5.5;76.6;0.4471;-0.0325;-0.0250;100.1500;
131.66;0;0;0;0;73;207;86;86;86;85;86;1595;348;960;3.2;21.6;211.5;14.4;5.5;76.6;0.4510;-0.0326;0.0000;100.2750;
131.91;0;0;0;0;73;207;86;85;86;86;86;1592;348;960;3.2;21.3;211.0;14.4;5.5;76.6;0.4471;-0.0325;-0.0500;100.2750;
132.16;0;0;0;0;73;207;86;86;86;85;86;1592;348;960;3.2;21.3;208.5;14.4;5.5;76.6;0.4471;-0.0316;-0.0500;100.1000;
132.41;0;0;0;0;74;207;86;86;86;86;86;1595;348;960;3.2;20.7;207.5;14.4;5.5;76.6;0.4471;-0.0285;0.0250;100.7500;
132.66;0;0;0;0;74;207;86;86;86;86;86;1596;348;960;3.2;20.3;207.5;14.4;5.5;76.6;0.4471;-0.0238;0.0250;101.2250;
132.91;0;0;0;0;74;207;86;86;86;86;86;1594;348;960;3.2;20.3;208.0;14.4;5.5;76.6;0.4471;-0.0172;-0.0250;101.3500;
133.16;0;0;0;0;74;207;86;86;86;86;86;1592;348;960;3.2;20.0;208.0;14.4;5.5;76.6;0.4471;-0.0123;-0.0500;101.7500;
133.41;0;0;0;0;74;207;86;86;86;86;86;1594;348;960;3.2;20.0;206.5;14.4;5.5;76.6;0.4431;-0.0087;-0.0250;102.0750;
133.66;0;0;0;0;74;207;86;86;86;86;86;1594;348;960;3.2;20.5;205.0;14.4;5.5;76.6;0.4392;-0.0047;-0.0500;102.3000;
133.91;0;0;0;0;74;207;86;86;86;86;86;1592;348;960;3.2;20.8;203.5;14.4;5.5;76.6;0.4353;-0.0020;-0.0500;102.2000;
134.16;0;0;0;0;74;207;86;86;86;86;86;1592;348;960;3.2;20.8;196.0;14.4;5.5;76.6;0.4235;0.0011;-0.1000;102.1250;
134.41;0;0;0;0;74;207;85;86;86;86;86;1588;348;960;3.2;21.2;193.5;14.4;5.5;76.6;0.4235;0.0054;-0.0500;0.1750;
134.66;0;0;0;0;74;207;85;85;86;86;86;1587;348;960;3.2;21.9;192.5;14.4;5.5;76.6;0.4196;0.0104;-0.0750;0.5500;
134.91;0;0;0;0;74;207;85;86;85;86;86;1588;348;960;3.2;21.9;190.5;14.4;5.5;76.6;0.4196;0.0201;-0.0750;1.1250;
135.16;0;0;0;0;75;207;85;86;85;86;86;1588;348;960;3.2;21.9;189.5;14.4;5.5;76.6;0.4157;0.0207;-0.0750;1.2500;
135.41;0;0;0;0;75;207;85;86;85;86;86;1591;348;960;3.2;22.9;190.0;14.4;5.5;76.6;0.4157;0.0207;-0.0750;1.1250;
135.66;0;0;0;0;75;207;85;86;85;86;86;1592;348;960;3.2;24.5;188.5;14.4;5.5;76.6;0.4157;0.0188;0.0000;1.0750;
135.92;0;0;0;0;75;207;85;86;85;86;86;1588;348;960;3.2;24.5;189.0;14.4;5.5;76.6;0.4157;0.0117;0.0750;0.6500;
136.17;0;0;0;0;75;207;86;86;86;86;86;1594;348;960;3.2;25.6;188.0;14.4;5.5;76.6;0.4157;0.0114;0.0750;0.4500;
136.42;0;0;0;0;75;207;86;86;86;86;86;1597;348;960;3.2;25.6;190.0;14.4;5.5;76.6;0.4196;0.0109;0.0750;0.5500;
136.67;0;0;0;0;75;207;86;86;86;86;86;1596;348;960;3.2;26.4;189.0;14.4;5.5;76.6;0.4196;0.0109;0.1000;0.4000;
136.92;0;0;0;0;75;207;86;86;86;86;86;1601;348;960;3.2;27.3;188.5;14.4;5.5;76.6;0.4196;0.0112;0.1250;0.5250;
137.17;0;0;0;0;75;207;86;86;86;86;86;1600;348;960;3.2;27.3;189.5;14.4;5.5;76.6;0.4196;0.0112;0.1250;0.4750;
137.42;0;0;0;0;75;207;86;86;86;86;86;1605;348;960;3.2;27.9;188.0;14.4;5.5;76.6;0.4157;0.0112;0.0750;0.4000;
137.67;0;0;0;0;75;207;86;87;86;87;87;1605;348;960;3.2;28.0;188.5;14.4;5.5;76.6;0.4157;0.0112;0.1000;0.5500;
137.92;0;0;0;0;75;207;86;87;86;87;87;1607;348;960;3.2;28.0;188.5;14.4;5.5;76.6;0.4157;0.0110;0.1250;0.6000;
138.17;0;0;0;0;76;207;87;87;87;87;87;1612;348;960;3.2;28.4;187.5;14.4;5.5;76.6;0.4157;0.0095;0.1500;0.5750;
138.42;0;0;0;0;76;207;87;87;87;87;87;1618;348;960;3.2;28.4;187.0;14.4;5.5;76.6;0.4157;0.0075;0.1500;0.4250;
138.67;0;0;0;0;76;207;87;87;87;87;87;1620;348;960;3.2;28.8;188.0;14.4;5.5;76.6;0.4157;0.0025;0.1500;0.0500;
138.92;0;0;0;0;76;207;87;87;87;87;88;1626;348;960;3.2;28.7;187.5;14.4;5.5;76.6;0.4157;-0.0007;0.1750;102.2500;
139.17;0;0;0;0;76;207;87;88;87;87;88;1625;348;960;3.2;28.7;187.0;14.4;5.5;76.6;0.4118;0.0004;0.1750;102.3250;
139.42;0;0;0;0;76;207;88;88;88;88;88;1631;348;960;3.2;28.7;185.5;14.4;5.5;76.6;0.4118;0.0034;0.2250;102.3500;
139.67;0;0;0;0;76;207;88;88;88;88;88;1637;348;960;3.2;28.1;185.0;14.4;5.5;76.6;0.4118;0.0057;0.2500;0.1750;
139.92;0;0;0;0;76;207;88;88;88;88;89;1643;348;960;3.2;27.3;185.0;14.4;5.5;76.6;0.4118;0.0095;0.2250;0.4750;
140.17;0;0;0;0;76;207;88;89;88;89;89;1643;346;960;3.2;27.3;185.0;14.4;5.5;76.6;0.4118;0.0112;0.2500;0.4750;
140.42;0;0;0;0;76;207;89;89;89;89;89;1651;346;960;3.2;27.2;184.5;14.4;5.5;76.6;0.4118;0.0122;0.2500;0.5250;
140.67;0;0;0;0;76;207;89;89;89;89;89;1656;346;960;3.2;27.4;184.0;14.4;5.5;76.6;0.4118;0.0128;0.2500;0.7750;
140.93;0;0;0;0;76;207;89;90;89;89;90;1662;346;960;3.2;27.4;184.5;14.4;5.5;76.6;0.4118;0.0133;0.2500;0.8000;
141.18;0;0;0;0;76;207;89;90;89;90;90;1667;346;960;3.2;27.4;184.5;14.4;5.5;76.6;0.4118;0.0133;0.2250;0.7250;
141.43;0;0;0;0;76;207;90;90;90;90;90;1672;346;960;3.2;27.4;184.0;14.4;5.5;76.6;0.4118;0.0133;0.2750;0.5250;
141.68;0;0;0;0;76;207;90;90;90;90;91;1679;346;960;3.2;27.6;183.5;14.4;5.5;76.6;0.4118;0.0133;0.2500;0.7000;
141.93;0;0;0;0;76;207;90;91;90;91;91;1682;346;960;3.2;27.8;184.0;14.4;5.5;76.6;0.4118;0.0138;0.2500;0.7750;
142.18;0;0;0;0;76;207;90;91;90;91;91;1687;346;960;3.2;27.8;184.0;14.4;5.5;76.6;0.4118;0.0157;0.2500;0.8500;
142.43;0;0;0;0;77;207;91;91;91;91;91;1690;346;960;3.2;27.9;184.0;14.4;5.5;76.6;0.4118;0.0150;0.2250;0.8250;
142.68;0;0;0;0;77;207;91;92;91;91;91;1695;346;960;3.2;28.2;183.0;14.4;5.5;76.6;0.4118;0.0136;0.3250;0.7500;
142.93;0;0;0;0;77;207;91;92;91;92;92;1701;346;960;3.2;28.2;184.0;14.4;5.5;76.6;0.4118;0.0102;0.2500;0.7000;
143.18;0;0;0;0;77;207;92;92;92;92;92;1701;346;960;3.2;28.5;183.0;14.4;5.5;76.6;0.4118;0.0057;0.2000;0.5250;
143.43;0;0;0;0;77;207;92;92;92;92;92;1709;346;960;3.2;28.5;182.0;14.4;5.5;76.6;0.4118;0.0028;0.2000;0.0000;
143.68;0;0;0;0;77;207;92;92;92;92;92;1710;346;960;3.2;28.8;181.0;14.4;5.5;76.6;0.4118;0.0020;0.2250;0.0000;
143.93;0;0;0;0;77;207;92;92;92;92;93;1715;346;960;3.2;28.8;178.5;14.4;5.5;76.6;0.4039;0.0018;0.1500;0.0000;
144.18;0;0;0;0;77;207;92;93;92;92;93;1717;346;960;3.2;28.6;174.0;14.4;5.5;76.6;0.3961;0.0022;0.1500;0.0250;
144.43;0;0;0;0;77;207;92;93;92;93;93;1717;346;960;3.2;28.6;165.5;14.4;5.5;76.6;0.3804;0.0041;0.1250;0.2000;
144.68;0;0;0;0;77;207;93;93;93;92;93;1720;346;960;3.2;28.3;159.0;14.4;5.5;76.6;0.3765;0.0039;0.0750;0.2500;
144.93;0;0;0;0;77;207;92;92;92;92;93;1692;346;960;3.2;28.4;-0.5;14.4;5.5;76.6;0.0000;-0.0074;-0.0500;102.2250;
145.18;0;0;0;0;77;207;92;92;92;92;92;1704;346;960;3.2;28.4;-23.0;14.4;5.5;76.6;0.0000;-0.0130;-0.3500;101.6000;
145.43;0;0;0;0;77;207;91;91;91;91;92;1687;346;960;3.2;28.3;-35.0;14.4;5.5;76.6;0.0000;-0.0135;-0.5750;101.4250;
145.68;0;0;0;0;77;207;91;90;91;91;91;1680;346;960;3.2;27.7;-35.5;14.4;5.5;76.6;0.0000;-0.0135;-0.7000;101.6250;
145.95;0;0;0;0;78;207;90;90;90;90;90;1665;346;960;3.2;27.7;-35.5;14.4;5.5;76.6;0.0000;-0.0166;-0.7750;101.3500;
146.20;0;0;0;0;78;207;89;89;89;89;90;1652;346;960;3.2;27.4;-36.0;14.4;5.5;76.6;0.0000;-0.0172;-0.8250;101.4000;
146.45;0;0;0;0;78;207;88;88;88;88;89;1637;346;960;3.2;27.3;-35.5;14.4;5.5;76.6;0.0000;-0.0172;-0.8000;101.3750;
146.70;0;0;0;0;78;207;88;88;88;87;88;1628;346;960;3.2;27.3;-35.5;14.4;5.5;76.6;0.0000;-0.0148;-0.8000;101.4000;
146.95;0;0;0;0;78;207;87;87;87;87;87;1613;346;960;3.2;26.2;-35.5;14.4;5.5;76.6;0.0000;-0.0133;-0.7750;101.7000;
147.20;0;0;0;0;78;207;87;86;86;86;87;1607;346;960;3.2;26.2;-35.5;14.4;5.5;76.6;0.0000;-0.0114;-0.7250;101.8750;
147.45;0;0;0;0;78;207;86;86;86;86;86;1593;346;960;3.2;26.1;-35.5;14.4;5.5;76.6;0.0000;-0.0109;-0.7000;101.8750;
147.70;0;0;0;0;78;207;85;85;85;85;86;1584;346;960;3.2;26.1;-35.0;14.4;5.5;76.6;0.0000;-0.0107;-0.6750;101.9750;
147.95;0;0;0;0;78;207;85;85;84;85;85;1572;346;960;3.2;26.4;-35.0;14.4;5.5;76.6;0.0000;-0.0097;-0.6000;101.9500;
148.20;0;0;0;0;78;207;84;84;84;84;85;1563;346;960;3.2;26.4;-35.0;14.4;5.5;76.6;0.0000;-0.0077;-0.6000;102.1750;
148.45;0;0;0;0;78;207;84;83;83;84;84;1553;346;960;3.2;26.3;-35.0;14.4;5.5;76.6;0.0000;-0.0052;-0.6000;0.0500;
148.70;0;0;0;0;78;207;83;83;83;83;84;1553;346;960;3.2;26.4;-34.5;14.4;5.5;76.6;0.0000;0.0025;-0.4750;0.0000;
148.95;0;0;0;0;78;207;83;83;82;82;83;1534;346;960;3.2;26.4;-34.5;14.4;5.5;76.6;0.0000;0.0034;-0.6750;0.5500;
149.20;0;0;0;0;78;207;82;82;82;82;82;1525;346;960;3.2;26.7;-34.5;14.4;5.5;76.6;0.0000;0.0046;-0.6000;0.2500;
149.45;0;0;0;0;78;207;81;82;81;82;82;1513;346;960;3.2;27.0;-34.5;14.4;5.5;76.6;0.0000;0.0052;-0.5750;0.4500;
149.70;0;0;0;0;78;207;81;81;81;81;81;1503;346;960;3.2;27.0;-34.0;14.4;5.5;76.6;0.0000;0.0046;-0.7500;0.4750;
149.95;0;0;0;0;78;207;80;81;80;80;81;1492;346;960;3.2;27.8;-34.0;14.4;5.5;76.6;0.0000;0.0028;-0.6750;0.4250;
150.20;0;0;0;0;78;207;80;80;80;80;80;1484;346;960;3.2;27.8;-34.0;14.4;5.5;76.6;0.0000;0.0001;-0.6000;0.5500;
150.45;0;0;0;0;78;207;79;79;79;79;79;1469;346;960;3.2;28.5;-34.0;14.4;5.5;76.6;0.0000;-0.0008;-0.7000;0.2500;
150.70;0;0;0;0;78;207;79;79;78;79;79;1460;346;960;3.2;28.6;-34.0;14.4;5.5;76.6;0.0000;-0.0020;-0.7000;0.1500;
150.96;0;0;0;0;78;207;78;78;78;78;78;1453;346;960;3.2;28.6;-34.0;14.4;5.5;76.6;0.0000;-0.0026;-0.6000;0.2000;
151.21;0;0;0;0;78;207;77;77;77;77;78;1444;346;960;3.2;29.5;-34.0;14.4;5.5;76.6;0.0000;-0.0026;-0.6500;0.0750;
151.46;0;0;0;0;78;207;77;77;77;77;77;1433;346;960;3.2;29.7;-34.0;14.4;5.5;76.6;0.0000;-0.0026;-0.6500;0.1500;
151.71;0;0;0;0;78;207;76;76;76;76;77;1421;346;960;3.2;29.7;-34.0;14.4;5.5;76.6;0.0000;-0.0013;-0.6000;0.2500;
151.96;0;0;0;0;78;207;76;76;76;76;76;1412;346;960;3.2;29.7;-33.5;14.4;5.5;76.6;0.0000;0.0000;-0.6000;0.3250;
152.21;0;0;0;0;78;207;75;75;75;75;76;1405;346;960;3.2;29.7;-33.5;14.4;5.5;76.6;0.0000;0.0013;-0.5500;0.1000;
152.46;0;0;0;0;78;207;75;75;75;75;75;1393;346;960;3.2;30.2;-33.5;14.5;5.5;76.6;0.0000;0.0020;-0.5500;0.2750;
152.71;0;0;0;0;78;207;74;74;74;74;75;1386;346;960;3.2;30.2;-33.5;14.5;5.5;76.6;0.0000;0.0013;-0.5000;0.1750;
152.96;0;0;0;0;78;207;74;74;74;74;74;1376;346;960;3.2;30.6;-33.5;14.5;5.5;76.6;0.0000;0.0001;-0.5500;0.2500;
153.21;0;0;0;0;78;207;73;73;73;73;74;1369;346;960;3.2;30.6;-33.5;14.4;5.5;76.6;0.0000;-0.0018;-0.5500;0.0750;
153.46;0;0;0;0;78;207;73;73;73;73;73;1358;346;960;3.2;30.4;-33.5;14.4;5.5;76.6;0.0000;-0.0020;-0.5500;0.1500;
153.71;0;0;0;0;78;207;72;73;72;72;73;1352;346;960;3.2;30.2;-33.5;14.4;5.5;76.6;0.0000;-0.0020;-0.5500;0.0500;
153.96;0;0;0;0;78;207;72;72;72;72;72;1341;346;960;3.2;30.2;-33.0;14.4;5.5;76.6;0.0000;-0.0021;-0.5250;0.1000;
154.21;0;0;0;0;78;207;71;72;72;71;72;1335;346;960;3.2;30.2;-33.0;14.4;5.5;76.6;0.0000;-0.0033;-0.4750;0.1250;
154.46;0;0;0;0;78;207;71;71;71;71;72;1324;346;960;3.2;29.9;-33.0;14.4;5.5;76.6;0.0000;-0.0046;-0.5000;0.0250;
154.71;0;0;0;0;78;207;71;71;71;71;71;1318;346;960;3.2;29.9;-33.0;14.4;5.5;76.6;0.0000;-0.0051;-0.5000;102.3500;
154.96;0;0;0;0;78;207;70;70;70;70;71;1308;346;960;3.2;29.6;-33.0;14.4;5.5;76.6;0.0000;-0.0051;-0.4750;0.0000;
155.21;0;0;0;0;78;207;70;70;70;70;70;1305;345;960;3.2;29.6;-33.0;14.4;5.5;76.6;0.0000;-0.0049;-0.4500;0.0000;
155.46;0;0;0;0;78;207;70;70;70;70;70;1296;345;960;3.2;29.7;-33.0;14.4;5.5;76.6;0.0000;-0.0041;-0.4500;0.0750;
155.71;0;0;0;0;78;207;70;69;69;69;69;1291;345;960;3.2;29.6;-33.0;14.4;5.5;76.6;0.0000;-0.0033;-0.4250;0.0500;
155.98;0;0;0;0;78;207;69;69;69;69;69;1282;345;960;3.2;29.6;-32.5;14.4;5.5;76.6;0.0000;-0.0007;-0.4750;0.0500;
156.23;0;0;0;0;78;207;69;68;68;68;69;1272;345;960;3.2;29.6;-32.5;14.4;5.5;76.6;0.0000;0.0011;-0.4500;0.2000;
156.48;0;0;0;0;78;207;68;68;68;68;68;1268;345;960;3.2;29.6;-32.5;14.4;5.5;76.6;0.0000;0.0018;-0.4750;0.2500;
156.73;0;0;0;0;78;207;68;68;68;68;68;1260;345;960;3.2;29.8;-32.5;14.4;5.5;76.6;0.0000;0.0018;-0.4250;0.3750;
156.98;0;0;0;0;78;207;67;67;67;67;68;1253;345;960;3.2;29.8;-32.5;14.4;5.5;76.6;0.0000;0.0018;-0.3750;0.2750;
157.23;0;0;0;0;78;207;67;67;67;67;67;1246;345;960;3.2;29.8;-32.0;14.4;5.5;76.6;0.0000;0.0031;-0.3750;0.3500;
157.48;0;0;0;0;78;207;67;67;67;66;67;1239;345;960;3.2;29.7;-32.0;14.4;5.5;76.6;0.0000;0.0046;-0.4250;0.4000;
157.73;0;0;0;0;78;207;66;66;66;66;66;1233;345;960;3.2;29.7;-32.5;14.4;5.5;76.6;0.0000;0.0047;-0.4250;0.4000;
157.98;0;0;0;0;78;207;66;66;66;66;66;1227;345;960;3.2;30.1;-32.0;14.4;5.5;76.6;0.0000;0.0046;-0.4000;0.6000;
158.23;0;0;0;0;78;207;65;66;65;65;66;1221;345;960;3.2;30.1;-32.0;14.4;5.5;76.6;0.0000;0.0046;-0.4250;0.4750;
158.48;0;0;0;0;78;207;65;65;65;65;66;1216;345;960;3.2;30.1;-32.0;14.4;5.5;76.6;0.0000;0.0057;-0.4000;0.5000;
158.73;0;0;0;0;78;207;65;65;65;65;65;1208;345;960;3.2;30.1;-32.0;14.4;5.5;76.6;0.0000;0.0070;-0.4250;0.5750;
158.98;0;0;0;0;78;207;65;65;65;65;65;1204;345;960;3.2;30.1;-32.0;14.4;5.5;76.6;0.0000;0.0067;-0.4000;0.5500;
159.23;0;0;0;0;78;207;64;64;64;64;64;1197;345;960;3.2;30.7;-32.0;14.4;5.5;76.6;0.0000;0.0067;-0.4000;0.4500;
159.48;0;0;0;0;78;207;64;64;64;64;64;1191;345;960;3.2;31.0;-32.0;14.4;5.5;76.6;0.0000;0.0069;-0.3750;0.5250;
159.73;0;0;0;0;78;207;64;64;63;64;64;1183;345;960;3.2;31.0;-32.0;14.4;5.5;76.6;0.0000;0.0091;-0.3750;0.4750;
159.98;0;0;0;0;78;207;63;64;63;63;64;1179;345;960;3.2;30.9;-32.0;14.4;5.5;76.6;0.0000;0.0091;-0.3500;0.5250;
160.23;0;0;0;0;78;207;63;63;63;63;63;1174;345;960;3.2;30.9;-32.0;14.4;5.5;76.6;0.0000;0.0091;-0.3500;0.5750;
160.48;0;0;0;0;78;207;63;63;63;63;63;1170;345;960;3.2;31.3;-32.0;14.4;5.5;76.6;0.0000;0.0074;-0.3500;0.4500;
160.73;0;0;0;0;78;207;62;63;62;62;63;1160;345;960;3.2;31.3;-32.0;14.4;5.5;76.6;0.0000;0.0011;-0.3500;0.3500;
161.00;0;0;0;0;78;207;62;62;62;62;62;1156;345;960;3.2;31.6;-32.0;14.4;5.5;76.6;0.0000;0.0001;-0.3750;0.2750;
161.25;0;0;0;0;78;207;62;62;62;62;62;1151;345;960;3.2;31.0;-32.0;14.4;5.5;76.6;0.0000;-0.0001;-0.2750;0.1750;
161.50;0;0;0;0;78;207;61;62;61;61;62;1147;345;960;3.2;31.0;-32.0;14.4;5.5;76.6;0.0000;0.0000;-0.3500;0.1000;
161.75;0;0;0;0;78;207;61;61;61;61;61;1140;345;960;3.2;31.2;-31.5;14.4;5.5;76.6;0.0000;-0.0001;-0.3500;0.1750;
162.00;0;0;0;0;78;207;61;61;61;61;61;1136;345;960;3.2;31.2;-31.5;14.4;5.5;76.6;0.0000;0.0000;-0.3250;0.4750;
162.25;0;0;0;0;78;207;61;61;61;61;61;1133;345;960;3.2;31.2;-31.5;14.4;5.5;76.6;0.0000;0.0000;-0.3250;0.0750;
162.50;0;0;0;0;78;207;61;61;61;60;61;1130;345;960;3.2;30.8;-31.5;14.4;5.5;76.6;0.0000;-0.0009;-0.2750;0.7500;
162.75;0;0;0;0;78;207;60;61;60;60;61;1124;345;960;3.2;30.8;-31.5;14.4;5.5;76.6;0.0000;-0.0043;-0.2250;0.1250;
163.00;0;0;0;0;78;207;60;60;60;60;60;1118;345;960;3.2;31.0;-32.0;14.4;5.5;76.6;0.0000;-0.0043;-0.3250;0.3250;
163.25;0;0;0;0;78;207;60;60;60;60;60;1115;345;960;3.2;30.8;-32.0;14.4;5.5;76.6;0.0000;-0.0043;-0.3500;0.3500;
163.50;0;0;0;0;78;207;59;60;60;59;60;1109;345;960;3.2;30.8;-32.0;14.4;5.5;76.6;0.0000;-0.0041;-0.2750;0.3250;
163.75;0;0;0;0;78;207;59;59;59;59;60;1105;345;960;3.2;30.2;-32.5;14.4;5.5;76.6;0.0000;-0.0036;-0.2250;0.2000;
164.00;0;0;0;0;78;207;59;59;59;59;59;1103;345;960;3.2;30.2;-32.5;14.4;5.5;76.6;0.0000;-0.0036;-0.2750;0.2750;
164.25;0;0;0;0;78;207;59;59;59;59;59;1094;345;960;3.2;30.5;-32.5;14.4;5.5;76.6;0.0000;-0.0038;-0.3250;0.1500;
164.50;0;0;0;0;78;207;59;59;59;59;59;1093;345;960;3.2;30.5;-32.5;14.4;5.5;76.6;0.0000;-0.0041;-0.2500;0.4250;
164.75;0;0;0;0;78;207;58;58;59;58;59;1089;345;960;3.2;30.4;-33.0;14.4;5.5;76.6;0.0000;-0.0041;-0.2500;0.2250;
165.00;0;0;0;0;78;207;58;58;58;58;58;1083;345;960;3.2;30.4;-33.0;14.4;5.5;76.6;0.0000;-0.0049;-0.2750;0.2250;
165.25;0;0;0;0;78;207;58;58;58;58;58;1079;345;960;3.2;29.9;-33.0;14.4;5.5;76.6;0.0000;-0.0054;-0.2500;0.0750;
165.50;0;0;0;0;78;207;58;58;58;58;58;1080;345;960;3.2;30.1;-33.0;14.4;5.5;76.6;0.0000;-0.0054;-0.2250;0.1000;
165.75;0;0;0;0;78;207;58;58;58;58;58;1073;345;960;3.2;30.1;-33.0;14.4;5.5;76.6;0.0000;-0.0041;-0.2250;0.0000;
166.01;0;0;0;0;78;207;58;57;58;57;58;1073;345;960;3.2;30.2;-33.0;14.4;5.5;76.6;0.0000;-0.0041;-0.2000;0.0750;
166.26;0;0;0;0;78;207;57;57;57;57;58;1068;345;960;3.2;29.8;-33.0;14.4;5.5;76.6;0.0000;-0.0041;-0.1750;0.4500;
166.51;0;0;0;0;78;207;57;57;57;57;57;1066;345;960;3.2;29.8;-33.0;14.4;5.5;76.6;0.0000;-0.0041;-0.2000;102.3750;
166.76;0;0;0;0;78;207;57;56;57;57;57;1058;345;960;3.2;29.9;-33.0;14.4;5.5;76.6;0.0000;-0.0047;-0.2750;0.0500;
167.01;0;0;0;0;77;207;57;57;57;57;57;1056;345;960;3.2;29.9;-33.0;14.4;5.5;76.6;0.0000;-0.0051;-0.2500;102.3000;
167.26;0;0;0;0;77;207;56;57;57;56;57;1055;345;960;3.2;29.9;-33.0;14.4;5.5;76.6;0.0000;-0.0054;-0.2000;0.0000;
167.51;0;0;0;0;77;207;56;56;56;56;56;1049;345;960;3.2;29.5;-33.0;14.4;5.5;76.6;0.0000;-0.0074;-0.1750;102.2750;
167.76;0;0;0;0;77;207;56;56;56;56;56;1051;345;960;3.2;29.5;-33.0;14.4;5.5;76.6;0.0000;-0.0074;-0.2000;102.3000;
168.01;0;0;0;0;77;207;56;56;56;56;56;1043;345;960;3.2;29.5;-33.0;14.4;5.5;76.6;0.0000;-0.0086;-0.1750;102.2500;
168.26;0;0;0;0;77;207;56;56;56;56;56;1042;345;960;3.2;29.5;-33.0;14.4;5.5;76.6;0.0000;-0.0093;-0.1750;102.1250;
168.51;0;0;0;0;77;207;56;56;56;56;56;1041;345;960;3.2;29.5;-33.0;14.4;5.5;76.6;0.0000;-0.0080;-0.1750;0.1250;
168.76;0;0;0;0;77;207;56;56;56;56;56;1038;345;960;3.2;29.5;-33.5;14.4;5.5;76.6;0.0000;-0.0074;-0.2250;102.2500;
169.01;0;0;0;0;77;207;56;56;55;55;56;1034;345;960;3.2;29.0;-33.5;14.4;5.5;76.6;0.0000;-0.0064;-0.1750;102.3750;
169.26;0;0;0;0;77;207;55;55;55;55;56;1033;345;960;3.2;29.0;-33.5;14.4;5.5;76.6;0.0000;-0.0041;-0.1750;0.0500;
169.51;0;0;0;0;77;207;55;55;55;55;55;1031;345;960;3.2;29.0;-33.5;14.4;5.5;76.6;0.0000;-0.0036;-0.1250;0.1750;
169.76;0;0;0;0;77;207;55;55;55;55;55;1029;345;960;3.2;29.0;-33.5;14.4;5.5;76.6;0.0000;-0.0041;-0.1750;0.1000;
170.01;0;0;0;0;77;207;55;55;55;55;55;1027;345;960;3.2;29.0;-33.0;14.4;5.5;76.6;0.0000;-0.0049;-0.1500;0.2000;
170.26;0;0;0;0;77;207;55;55;55;55;55;1024;345;960;3.2;28.9;-33.5;14.4;5.5;76.6;0.0000;-0.0049;-0.2000;0.1750;
170.51;0;0;0;0;77;207;55;55;55;55;55;1022;345;960;3.2;29.0;-33.5;14.4;5.5;76.6;0.0000;-0.0041;-0.1250;0.3250;
170.76;0;0;0;0;77;207;55;55;55;55;55;1019;345;960;3.2;29.0;-33.5;14.4;5.5;76.6;0.0000;-0.0041;-0.1500;0.1750;
171.02;0;0;0;0;77;207;54;55;54;54;55;1015;345;960;3.2;29.2;-33.5;14.4;5.5;76.6;0.0000;-0.0046;-0.1500;0.1000;
171.27;0;0;0;0;77;207;54;54;54;54;55;1017;345;960;3.2;29.1;-33.5;14.4;5.5;76.6;0.0000;-0.0051;-0.1500;0.1000;
171.52;0;0;0;0;77;207;54;54;54;54;54;1012;345;960;3.2;29.1;-33.5;14.4;5.5;76.6;0.0000;-0.0052;-0.1500;0.0250;
171.77;0;0;0;0;77;207;54;54;54;54;54;1011;345;960;3.2;29.2;-33.5;14.4;5.5;76.6;0.0000;-0.0052;-0.1750;0.0500;
172.02;0;0;0;0;77;207;54;54;54;54;54;1008;345;960;3.2;29.2;-33.5;14.4;5.5;76.6;0.0000;-0.0064;-0.1500;0.2250;
172.27;0;0;0;0;77;207;54;54;54;54;54;1007;345;960;3.2;29.6;-33.5;14.4;5.5;76.6;0.0000;-0.0069;-0.1000;0.0000;
172.52;1;0;0;0;77;207;54;54;54;54;54;1005;345;960;3.2;29.5;-33.5;14.4;5.5;76.6;0.0000;-0.0067;-0.1000;0.2250;
172.77;1;0;0;0;77;207;54;54;54;54;54;886;345;960;3.2;29.5;-15.0;14.4;5.5;76.6;0.0000;-0.0066;-0.0750;0.1250;
173.02;1;0;0;0;77;207;54;54;54;54;54;873;345;960;3.2;29.5;0.0;14.4;5.5;76.6;0.0000;-0.0062;0.0000;0.1750;
173.27;1;0;0;0;77;207;54;54;54;54;54;880;345;960;3.2;29.8;0.0;14.4;5.5;76.6;0.0000;-0.0061;-0.0500;0.2750;
173.52;1;0;0;0;77;207;54;54;54;54;54;1255;345;960;3.2;29.8;-34.5;14.4;5.5;76.6;0.0000;-0.0061;-0.2250;0.0500;
173.77;1;0;0;0;77;207;53;53;54;53;54;1212;345;960;3.2;29.8;-28.0;14.4;5.5;76.6;0.0000;-0.0061;-0.1750;0.1750;
174.02;0;0;0;0;77;207;53;53;53;53;54;1213;343;960;3.2;29.8;-33.0;14.4;5.5;76.6;0.0000;-0.0061;-0.1750;0.0500;
174.27;0;0;0;0;77;207;53;53;53;53;53;1208;343;960;3.2;29.7;-33.5;14.4;5.5;76.6;0.0000;-0.0061;-0.1750;0.3250;
174.52;0;0;0;0;77;207;53;53;53;53;53;1205;343;960;3.2;29.7;-33.5;14.4;5.5;76.6;0.0000;-0.0059;-0.1500;102.3250;
174.77;0;0;0;0;77;207;53;53;53;53;53;1198;343;960;3.2;29.8;-33.0;14.4;5.5;76.6;0.0000;-0.0059;-0.2000;0.1750;
175.02;0;0;0;0;77;207;53;53;53;53;53;1200;343;960;3.2;29.8;-32.5;14.4;5.5;76.6;0.0000;-0.0057;-0.1500;102.3750;
175.27;0;0;0;0;77;207;53;53;53;53;53;1191;343;960;3.2;29.7;-32.5;14.4;5.5;76.6;0.0000;-0.0047;-0.1750;0.5750;
175.52;0;0;0;0;77;207;52;53;52;52;52;1189;343;960;3.2;29.5;-32.5;14.4;5.5;76.6;0.0000;0.0091;-0.2250;0.4000;
175.77;0;0;0;0;77;207;52;52;52;52;52;1183;343;960;3.2;29.5;-32.5;14.4;5.5;76.6;0.0000;0.0115;-0.2250;0.5750;
176.04;0;0;0;0;77;207;52;52;52;52;52;1179;343;960;3.2;30.1;-32.5;14.4;5.5;76.6;0.0000;0.0120;-0.2250;0.7750;
176.29;0;0;0;0;77;207;52;52;52;52;52;1176;343;960;3.2;30.3;-32.0;14.4;5.5;76.6;0.0000;0.0095;-0.2000;0.4000;
176.54;0;0;0;0;77;207;52;51;51;52;52;1172;343;960;3.2;30.3;-32.0;14.4;5.5;76.6;0.0000;-0.0115;-0.2000;0.0000;
176.79;0;0;0;0;77;207;51;51;52;52;52;1171;343;960;3.2;30.2;-32.0;14.4;5.5;76.6;0.0000;-0.0105;-0.2000;0.2250;
177.04;0;0;0;0;77;207;51;51;51;51;51;1161;343;960;3.2;30.2;-32.0;14.4;5.5;76.6;0.0000;-0.0099;-0.3500;102.1750;
177.29;0;0;0;0;77;207;51;51;51;51;51;1156;343;960;3.2;30.0;-32.0;14.4;5.5;76.6;0.0000;-0.0079;-0.3250;102.1250;
177.54;0;0;0;0;77;207;50;51;51;50;51;1151;343;960;3.2;30.0;-32.0;14.4;5.5;76.6;0.0000;-0.0067;-0.3500;102.2500;
177.79;0;0;0;0;77;207;50;51;50;50;51;1146;343;960;3.2;29.9;-32.0;14.4;5.5;76.6;0.0000;-0.0041;-0.2750;102.3000;
178.04;0;0;0;0;77;207;50;50;50;50;50;1139;343;960;3.2;29.9;-32.5;14.4;5.5;76.6;0.0000;0.0022;-0.2750;0.1000;
178.29;0;0;0;0;77;207;50;50;50;50;50;1137;343;960;3.2;29.9;-32.5;14.4;5.5;76.6;0.0000;0.0091;-0.2750;0.2750;
178.54;0;0;0;0;77;207;49;50;49;50;50;1125;343;960;3.2;29.9;-33.0;14.4;5.5;76.6;0.0000;0.0162;-0.2750;0.4250;
178.79;0;0;0;0;77;207;49;49;49;49;50;1122;343;960;3.2;29.9;-33.0;14.5;5.5;76.6;0.0000;0.0164;-0.2750;0.4750;
179.04;1;0;0;0;77;207;49;49;49;49;49;950;343;960;3.2;30.2;-33.0;14.5;5.5;76.6;0.0000;0.0162;-0.2250;0.3250;
179.29;1;0;0;0;77;207;49;49;49;49;49;875;343;960;3.2;30.2;-1.0;14.5;5.5;76.6;0.0000;0.0154;-0.1750;0.3250;
179.54;1;0;0;0;77;207;49;49;49;49;49;879;343;960;3.2;30.2;0.5;14.5;5.5;76.6;0.0000;0.0102;-0.1500;0.1750;
179.79;1;0;0;0;77;207;49;49;49;49;49;1172;343;960;3.2;30.0;-35.0;14.5;5.5;76.6;0.0000;0.0086;-0.1750;102.3000;
180.04;1;0;0;0;77;207;48;48;48;48;48;1357;343;960;3.2;29.8;-27.0;14.5;5.5;76.6;0.0000;0.0061;-0.6000;102.3000;
180.29;1;0;0;0;77;207;47;48;47;48;48;1348;343;960;3.2;29.8;-34.0;14.5;5.5;76.6;0.0000;0.0057;-0.5500;0.0000;
180.54;0;0;0;0;77;207;47;47;47;47;47;1326;343;960;3.2;29.4;-36.0;14.5;5.5;76.6;0.0000;0.0056;-0.5250;0.1500;
180.79;0;0;0;0;77;207;47;47;46;47;47;1319;343;960;3.2;29.4;-36.0;14.5;5.5;76.6;0.0000;0.0054;-0.5500;0.1250;
181.05;0;0;0;0;77;207;46;46;46;46;46;1310;343;960;3.2;29.3;-35.5;14.5;5.5;76.6;0.0000;0.0049;-0.4000;0.6000;
181.30;0;0;0;0;77;207;45;45;45;45;46;1289;343;960;3.2;29.3;-35.5;14.5;5.5;76.6;0.0000;0.0091;-0.6000;0.2250;
181.55;0;0;0;0;76;207;45;45;45;45;45;1278;343;960;3.2;29.6;-35.5;14.5;5.5;76.6;0.0000;0.0097;-0.5500;0.3250;
181.80;0;0;0;0;76;207;45;45;44;45;45;1264;343;960;3.2;29.6;-35.5;14.5;5.5;76.6;0.0000;0.0097;-0.5750;0.3250;
182.05;0;0;0;0;76;207;44;44;44;44;45;1255;343;960;3.2;29.8;-35.5;14.5;5.5;76.6;0.0000;0.0100;-0.4000;0.4500;
182.30;0;1;0;0;76;207;43;44;44;44;44;1242;343;960;3.2;29.9;-35.0;14.5;5.5;76.6;0.0000;0.0091;-0.6500;0.5250;
182.55;0;1;0;0;76;207;43;43;43;43;43;1222;343;960;3.2;29.9;-35.0;14.5;5.5;76.6;0.0000;0.0036;-0.6000;0.4250;
182.80;0;1;0;0;76;207;43;43;42;43;43;1213;343;960;3.2;30.2;-35.0;14.5;5.5;76.6;0.0000;-0.0008;-0.0750;102.3000;
183.05;0;1;0;0;76;207;42;42;42;42;42;1186;343;960;3.2;29.8;-35.0;14.5;5.5;76.6;0.0000;-0.0016;-1.3750;102.3000;
183.30;0;1;0;0;76;207;41;41;41;41;41;1176;343;960;3.2;29.8;-35.0;14.5;5.5;76.6;0.0000;-0.0009;-0.4000;102.3750;
183.55;0;0;0;0;76;207;41;41;41;41;41;1165;343;960;3.2;29.8;-35.0;14.5;5.5;76.6;0.0000;0.0011;-0.3500;102.2750;
183.80;0;0;0;0;76;207;41;41;41;41;41;1161;343;960;3.2;29.8;-35.0;14.5;5.5;76.6;0.0000;0.0095;-0.2750;0.1250;
184.05;0;0;0;0;76;207;40;41;40;40;41;1146;343;960;3.2;29.9;-35.0;14.5;5.5;76.6;0.0000;0.0229;-0.3750;0.5500;
184.30;0;0;0;0;76;207;40;40;40;40;40;1140;343;960;3.2;30.0;-35.0;14.5;5.5;76.6;0.0000;0.0498;-0.4250;0.8500;
184.55;0;0;0;0;76;207;39;40;39;40;40;1130;343;960;3.2;30.0;-35.0;14.5;5.5;76.6;0.0000;0.0641;-0.3500;1.0500;
184.80;0;0;0;0;76;207;39;40;39;40;39;1124;343;960;3.2;30.4;-35.0;14.5;5.5;76.6;0.0000;0.0696;-0.4250;1.7250;
185.05;0;0;0;0;76;207;39;39;39;39;39;1112;343;960;3.2;31.5;-35.0;14.5;5.5;76.6;0.0000;0.0743;-0.4250;1.2250;
185.30;0;0;0;0;76;207;38;39;38;39;39;1107;343;960;3.2;31.5;-35.5;14.5;5.5;76.6;0.0000;0.0720;-0.3250;1.5000;
185.55;0;0;0;0;76;207;38;39;38;39;39;1091;343;960;3.2;31.5;-35.5;14.5;5.5;76.6;0.0000;0.0599;-0.3750;1.3750;
185.80;0;0;0;0;76;207;38;38;38;38;38;1077;343;960;3.2;32.1;-35.5;14.5;5.5;76.6;0.0000;0.0410;-0.5750;0.4500;
186.06;0;0;0;0;76;207;37;38;37;37;38;1065;343;960;3.2;32.5;-36.0;14.5;5.5;76.6;0.0000;0.0204;-0.5000;0.0750;
186.31;0;0;0;0;76;207;37;37;37;37;37;1052;343;960;3.2;32.5;-36.0;14.5;5.5;76.6;0.0000;-0.0378;-0.5750;101.6750;
186.56;0;0;0;0;76;207;37;36;37;36;36;1032;343;960;3.2;32.3;-36.0;14.5;5.5;76.6;0.0000;-0.0636;-0.6750;101.3250;
186.81;0;0;0;0;76;207;36;35;36;35;36;1019;343;960;3.2;32.3;-36.0;14.5;5.5;76.6;0.0000;-0.0867;-0.6750;100.9250;
187.06;0;0;0;0;76;207;36;35;36;35;35;1000;343;960;3.2;31.6;-35.0;14.5;5.5;76.6;0.0000;-0.1024;-0.6000;100.4250;
187.31;0;0;0;0;76;207;35;34;35;34;35;987;343;960;3.2;30.6;-11.5;14.5;5.5;76.6;0.0000;-0.1111;-0.6500;100.6250;
187.56;0;0;0;0;76;207;35;34;35;34;34;980;343;960;3.2;30.6;4.0;14.5;5.5;76.6;0.0000;-0.1111;-0.5250;100.7750;
187.81;0;0;0;0;76;207;34;33;35;33;34;985;343;960;3.2;30.2;19.0;14.5;5.5;76.6;0.0000;-0.1101;-0.3500;100.6000;
188.06;0;0;0;0;76;207;35;34;35;34;34;969;343;960;3.2;29.5;18.0;14.5;5.5;76.6;0.0000;-0.1050;-0.1250;101.0250;
188.31;0;0;0;0;76;207;35;34;35;34;34;971;343;960;3.2;29.5;-3.5;14.5;5.5;76.6;0.0000;-0.0833;0.0000;101.3250;
188.56;0;0;0;0;76;207;35;34;34;34;34;959;343;960;3.2;28.4;-16.0;14.5;5.5;76.6;0.0000;-0.0723;-0.0250;101.3750;
188.81;0;0;0;0;76;207;34;34;34;34;34;964;343;960;3.2;28.4;-34.0;14.5;5.5;76.6;0.0000;-0.0588;0.0500;101.8750;
189.06;0;0;0;0;76;207;34;34;34;34;34;964;343;960;3.2;27.7;-35.5;14.5;5.5;76.6;0.0000;-0.0445;-0.1250;102.0000;
189.31;0;0;0;0;76;207;34;34;34;34;34;963;343;960;3.2;26.6;-36.5;14.5;5.5;76.6;0.0000;-0.0382;-0.1750;102.0250;
189.56;0;0;0;0;76;207;34;33;34;33;34;956;343;960;3.2;26.6;-36.5;14.5;5.5;76.6;0.0000;-0.0387;-0.2250;101.9250;
189.81;0;0;0;0;76;207;33;33;33;33;34;955;343;960;3.2;26.6;-36.5;14.5;5.5;76.6;0.0000;-0.0386;-0.1750;101.9750;
190.06;0;0;0;0;76;207;33;33;33;33;33;946;343;960;3.2;25.8;-36.5;14.5;5.5;76.6;0.0000;-0.0369;-0.1750;102.1750;
190.31;0;0;0;0;76;207;33;33;33;33;33;943;343;960;3.2;24.9;-36.5;14.5;5.5;76.6;0.0000;-0.0260;-0.2000;102.2250;
190.56;0;0;0;0;76;207;33;33;33;33;33;939;343;960;3.2;24.9;-36.5;14.5;5.5;76.6;0.0000;-0.0172;-0.2000;0.0000;
190.81;0;0;0;0;76;207;33;33;33;33;33;941;343;960;3.2;25.0;-36.5;14.5;5.5;76.6;0.0000;-0.0104;-0.1250;0.1750;
191.08;0;0;0;0;76;207;33;33;33;33;33;934;343;960;3.2;25.4;-36.5;14.5;5.5;76.6;0.0000;-0.0020;-0.1250;0.2750;
191.33;0;0;0;0;76;207;33;33;33;33;33;932;343;960;3.2;25.4;-36.5;14.5;5.5;76.6;0.0000;-0.0003;-0.1500;0.2500;
191.58;0;0;0;0;76;207;33;33;33;33;33;929;343;960;3.2;26.4;-36.5;14.5;5.5;76.6;0.0000;-0.0003;-0.1250;0.3500;
191.83;0;0;0;0;76;207;32;32;32;32;33;924;343;960;3.2;26.4;-36.5;14.5;5.5;76.6;0.0000;-0.0004;-0.1250;0.1500;
192.08;0;0;0;0;76;207;32;32;32;32;32;920;343;960;3.2;27.1;-36.5;14.5;5.5;76.6;0.0000;-0.0011;-0.1750;0.1500;
192.33;0;0;0;0;76;207;32;32;32;32;32;916;343;960;3.2;28.0;-36.5;14.5;5.5;76.6;0.0824;-0.0009;-0.1250;0.0750;
192.58;0;0;0;0;76;207;32;32;32;32;32;927;343;960;3.2;28.0;-9.0;14.5;5.5;76.6;0.1569;-0.0009;-0.0750;0.2250;
192.83;0;0;0;0;76;207;32;32;32;32;32;934;343;960;3.2;28.8;16.0;14.5;5.5;76.6;0.1412;-0.0009;0.0250;0.1000;
193.08;0;0;0;0;76;207;32;32;32;32;33;927;343;960;3.2;29.0;16.0;14.4;5.5;76.6;0.1412;-0.0009;0.0750;0.0500;
193.33;0;0;0;0;76;207;33;33;33;33;33;933;343;960;3.2;29.0;15.5;14.4;5.5;76.6;0.1412;-0.0007;0.0750;0.0500;
193.58;0;0;0;0;76;207;33;33;33;33;33;930;343;960;3.2;29.0;16.5;14.5;5.5;76.6;0.1412;-0.0004;0.1000;102.3250;
193.83;0;0;0;0;76;207;33;33;33;33;33;938;343;960;3.2;29.0;16.0;14.5;5.5;76.6;0.1412;-0.0004;0.1250;102.3250;
194.08;0;0;0;0;76;207;33;33;33;33;33;942;343;960;3.2;29.1;16.0;14.5;5.5;76.6;0.1412;-0.0003;0.1750;102.2750;
194.33;0;0;0;0;76;207;33;33;33;33;33;949;343;960;3.2;29.1;16.0;14.5;5.5;76.6;0.1412;-0.0001;0.1750;102.3250;
194.58;0;0;0;0;76;207;33;33;33;33;33;952;343;960;3.2;29.2;16.0;14.5;5.5;76.6;0.1412;-0.0009;0.1250;102.2750;
194.83;0;0;0;0;76;207;33;34;33;33;34;954;343;960;3.2;29.2;23.5;14.5;5.5;76.6;0.2000;-0.0013;0.1250;102.3000;
195.08;0;0;0;0;76;207;34;34;34;34;34;961;343;960;3.2;29.0;39.5;14.5;5.5;76.6;0.2157;-0.0013;0.1500;102.2000;
195.33;0;0;0;0;76;207;34;34;34;34;34;969;343;960;3.2;28.9;55.5;14.5;5.5;76.6;0.2196;-0.0001;0.2500;102.1750;
195.58;0;0;0;0;76;207;34;34;34;34;34;973;343;960;3.2;28.9;58.5;14.5;5.5;76.6;0.2157;0.0003;0.2500;102.1750;
195.83;0;0;0;0;76;207;35;35;35;35;35;985;343;960;3.2;28.3;56.5;14.5;5.5;76.6;0.2157;0.0007;0.2750;102.2750;
196.09;0;0;0;0;76;207;35;35;35;35;35;989;343;960;3.2;27.8;55.0;14.5;5.5;76.6;0.2118;0.0018;0.3250;102.0750;
196.34;0;0;0;0;76;207;35;35;35;35;35;1002;343;960;3.2;27.8;54.5;14.5;5.5;76.6;0.2118;0.0044;0.2500;102.0000;
196.59;0;0;0;0;76;207;35;35;35;35;35;1003;343;960;3.2;27.5;54.5;14.5;5.5;76.6;0.2118;0.0044;0.2500;102.0750;
196.84;0;0;0;0;76;207;36;36;36;36;36;1020;343;960;3.2;27.1;53.0;14.5;5.5;76.6;0.2157;0.0041;0.2750;102.1250;
197.09;0;0;0;0;76;207;36;36;36;36;36;1025;343;960;3.2;27.1;55.0;14.5;5.5;76.6;0.2157;0.0041;0.2500;102.1500;
197.34;0;0;0;0;76;207;36;36;36;36;36;1030;343;960;3.2;26.7;56.0;14.5;5.5;76.6;0.2118;0.0020;0.3250;102.2500;
197.59;0;0;0;0;76;207;36;36;36;37;37;1040;343;960;3.2;26.7;53.5;14.5;5.5;76.6;0.2118;-0.0041;0.2500;102.2750;
197.84;0;0;0;0;76;207;37;37;37;37;37;1046;343;960;3.2;26.6;53.5;14.5;5.5;76.6;0.2118;-0.0079;0.2750;101.9750;
198.09;0;0;0;0;76;207;37;37;37;37;37;1047;343;960;3.2;26.6;47.5;14.5;5.5;76.6;0.0824;-0.0080;0.2250;101.9000;
198.34;0;0;0;0;76;207;37;37;37;37;37;1041;343;960;3.2;26.3;-20.0;14.5;5.5;76.6;0.0000;-0.0041;0.0000;101.9000;
198.59;0;0;0;0;76;207;37;37;37;37;37;1036;343;960;3.2;26.3;-32.5;14.5;5.5;76.6;0.0000;0.0018;-0.1000;102.1500;
198.84;0;0;0;0;76;207;36;37;36;37;37;1039;343;960;3.2;26.2;-35.0;14.5;5.5;76.6;0.0000;0.0125;-0.1000;0.0000;
199.09;0;0;0;0;76;207;36;37;36;37;37;1036;343;960;3.2;26.4;-35.5;14.5;5.5;76.6;0.0000;0.0249;-0.1500;0.3750;
199.34;0;0;0;0;76;207;36;37;36;37;36;1032;343;960;3.2;26.4;-28.5;14.5;5.5;76.6;0.1216;0.0543;-0.2250;0.5750;
199.59;0;0;0;0;76;207;36;37;36;36;36;1030;343;960;3.2;26.7;-2.0;14.5;5.5;76.6;0.1725;0.0674;-0.2000;1.0500;
199.84;0;0;0;0;76;207;36;36;36;36;36;1042;343;960;3.2;27.6;27.0;14.5;5.5;76.6;0.1804;0.0750;-0.1000;1.3500;
200.09;0;0;0;0;76;207;36;37;36;37;36;1032;343;960;3.2;27.6;31.5;14.5;5.5;76.6;0.1843;0.0767;0.0000;1.1750;
200.34;0;0;0;0;76;207;36;37;36;37;36;1037;343;960;3.2;28.4;50.5;14.5;5.5;76.6;0.2431;0.0811;0.0500;1.3500;
200.59;0;0;0;0;76;207;36;37;36;37;37;1041;343;960;3.2;28.4;67.0;14.5;5.5;76.6;0.2549;0.0854;0.1250;1.4000;
200.84;0;0;0;0;76;207;36;37;36;37;37;1046;343;960;3.2;29.0;88.5;14.5;5.5;76.6;0.2784;0.0872;0.1500;1.1750;
201.10;0;0;0;0;76;207;37;38;37;38;37;1053;343;960;3.2;29.7;98.5;14.5;5.5;76.6;0.2745;0.0870;0.2750;1.7000;
201.35;0;0;0;0;76;207;37;38;37;38;37;1066;343;960;3.2;29.7;96.0;14.5;5.5;76.6;0.2706;0.0875;0.3250;1.7500;
201.60;0;0;0;0;76;207;37;38;37;38;38;1076;343;960;3.2;30.6;95.0;14.5;5.5;76.6;0.2706;0.0882;0.4000;1.4500;
201.85;0;0;0;0;76;207;38;39;38;39;38;1085;343;960;3.2;31.3;92.5;14.5;5.5;76.6;0.2667;0.0887;0.3500;1.6250;
202.10;0;0;0;0;76;207;38;39;38;39;39;1098;343;960;3.2;31.3;88.5;14.5;5.5;76.6;0.2588;0.0893;0.4000;1.7250;
202.35;0;0;0;0;76;207;39;40;39;40;39;1112;343;960;3.2;31.3;83.0;14.5;5.5;76.6;0.2510;0.0814;0.4000;1.4000;
202.60;0;0;0;0;76;207;39;39;39;40;39;1114;343;960;3.2;32.2;78.0;14.5;5.5;76.6;0.2353;0.0569;0.2000;0.7250;
202.85;0;0;0;0;76;207;39;40;39;40;40;1122;343;960;3.2;33.3;72.0;14.5;5.5;76.6;0.2353;0.0374;0.3500;0.2000;
203.10;0;0;0;0;76;207;40;40;40;40;40;1128;343;960;3.2;33.3;69.5;14.5;5.5;76.6;0.2314;0.0146;0.3250;0.1250;
203.35;0;0;0;0;76;207;40;40;40;40;40;1140;343;960;3.2;32.9;64.0;14.4;5.5;76.6;0.2196;0.0046;0.3250;102.1500;
203.60;0;0;0;0;76;207;40;41;41;40;41;1146;343;960;3.2;32.9;58.0;14.4;5.5;76.6;0.2157;0.0007;0.2500;102.0000;
203.85;0;0;0;0;76;207;41;41;41;41;41;1157;343;960;3.2;32.3;53.0;14.4;5.5;76.6;0.2118;-0.0014;0.2500;102.1750;
204.10;0;0;0;0;76;207;41;41;41;41;41;1164;343;960;3.2;31.8;48.0;14.4;5.5;76.6;0.1961;-0.0018;0.2000;102.0000;
204.35;0;0;0;0;76;207;41;41;41;41;41;1170;343;960;3.2;31.8;35.5;14.4;5.5;76.6;0.1686;-0.0014;0.1500;102.0750;
204.60;0;0;0;0;76;207;41;41;41;41;41;1173;343;960;3.2;30.6;30.0;14.4;5.5;76.6;0.1647;-0.0007;0.1000;102.1500;
204.85;0;0;0;0;76;207;41;41;41;41;41;1171;343;960;3.2;30.2;27.0;14.4;5.5;76.6;0.1608;0.0000;0.0250;102.0500;
205.10;0;0;0;0;76;207;41;41;41;41;41;1164;343;960;3.2;30.2;8.0;14.4;5.5;76.6;0.0000;0.0014;0.0000;102.1500;
205.35;0;0;0;0;76;207;41;41;41;41;41;1163;343;960;3.2;29.5;-20.5;14.4;5.5;76.6;0.0000;0.0014;-0.1000;102.2000;
205.60;0;0;0;0;76;207;41;41;41;41;41;1156;343;960;3.2;29.5;-30.5;14.4;5.5;76.6;0.0000;0.0013;-0.1750;102.0500;
205.85;0;0;0;0;76;207;41;41;41;41;41;1166;343;960;3.2;28.8;-23.0;14.4;5.5;76.6;0.0667;0.0011;-0.2000;102.2250;
206.12;0;0;0;0;76;207;41;41;41;41;41;1157;343;960;3.2;28.2;-20.5;14.4;5.5;76.6;0.0000;0.0011;-0.1750;102.1750;
206.37;0;0;0;0;76;207;41;41;41;41;41;1152;343;960;3.2;28.2;-28.5;14.4;5.5;76.6;0.0000;0.0003;-0.1250;102.1500;
206.62;0;0;0;0;76;207;40;40;40;40;41;1149;343;960;3.2;28.2;-31.5;14.4;5.5;76.6;0.0000;-0.0029;-0.2000;102.0500;
206.87;0;0;0;0;76;207;40;41;40;40;40;1146;343;960;3.2;27.4;-31.5;14.4;5.5;76.6;0.0000;-0.0049;-0.2000;102.0000;
207.12;0;0;0;0;76;207;40;40;40;40;40;1139;343;960;3.2;26.6;-31.5;14.4;5.5;76.6;0.0000;-0.0067;-0.2000;102.0250;
207.37;0;0;0;0;76;207;40;40;40;40;40;1137;343;960;3.2;26.6;-31.5;14.4;5.5;76.6;0.0000;-0.0088;-0.1750;102.0250;
207.62;0;0;0;0;76;207;40;40;40;40;40;1129;343;960;3.2;26.6;-31.5;14.4;5.5;76.6;0.0000;-0.0120;-0.2250;101.8750;
207.87;0;0;0;0;76;207;40;40;40;40;40;1126;343;960;3.2;26.9;-31.5;14.4;5.5;76.6;0.0000;-0.0140;-0.2000;101.9000;
208.12;0;0;0;0;76;207;40;39;39;39;40;1123;343;960;3.2;26.9;-31.5;14.4;5.5;76.6;0.0000;-0.0172;-0.2000;101.8500;
208.37;0;0;0;0;76;207;39;39;39;39;39;1120;343;960;3.2;26.6;-32.0;14.4;5.5;76.6;0.0000;-0.0172;-0.1750;101.9000;
208.62;0;0;0;0;76;207;39;39;39;39;39;1116;343;960;3.2;26.6;-32.0;14.4;5.5;76.6;0.0000;-0.0168;-0.1500;101.9000;
208.87;0;0;0;0;76;207;39;39;39;39;39;1112;343;960;3.2;26.9;-32.0;14.4;5.5;76.6;0.0000;-0.0164;-0.1750;102.0250;
209.12;0;0;0;0;76;207;39;39;39;39;39;1109;343;960;3.2;27.1;-32.5;14.4;5.5;76.6;0.0000;-0.0151;-0.1250;101.9750;
209.37;0;0;0;0;76;207;39;39;39;39;39;1098;343;960;3.2;27.1;-32.5;14.4;5.5;76.6;0.0000;-0.0120;-0.3250;101.7250;
209.62;0;0;0;0;76;207;38;38;38;38;38;1089;343;960;3.2;27.1;-32.5;14.4;5.5;76.6;0.0000;-0.0100;-0.3250;102.0250;
209.87;0;0;0;0;76;207;38;38;38;38;38;1086;343;960;3.2;27.0;-33.0;14.4;5.5;76.6;0.0000;-0.0075;-0.2250;101.9250;
210.12;0;0;0;0;76;207;38;38;38;38;38;1085;343;960;3.2;27.0;-33.0;14.4;5.5;76.6;0.0000;-0.0025;-0.1500;102.2000;
210.37;0;0;0;0;76;207;38;38;38;38;38;1076;343;960;3.2;27.2;-33.5;14.4;5.5;76.6;0.0000;-0.0020;-0.2500;102.0750;
210.62;0;0;0;0;76;207;37;37;38;37;38;1066;343;960;3.2;27.2;-33.5;14.4;5.5;76.6;0.0000;-0.0016;-0.3500;101.9500;
210.87;0;0;0;0;76;207;37;38;37;37;38;1064;343;960;3.2;27.3;-34.0;14.4;5.5;76.6;0.0000;-0.0001;-0.2250;102.2500;
211.13;0;0;0;0;76;207;37;37;37;37;37;1059;343;960;3.2;27.3;-34.0;14.4;5.5;76.6;0.0000;0.0022;-0.2000;102.1250;
211.38;0;0;0;0;76;207;37;37;37;37;37;1052;343;960;3.2;27.1;-34.0;14.4;5.5;76.6;0.0000;0.0022;-0.2500;102.1500;
211.63;0;0;0;0;76;207;37;37;37;37;37;1046;343;960;3.2;27.4;-34.0;14.4;5.5;76.6;0.0000;0.0025;-0.2250;102.1250;
211.88;0;0;0;0;76;207;37;37;37;37;37;1042;343;960;3.2;27.4;-34.5;14.4;5.5;76.6;0.0000;0.0041;-0.2000;102.0250;
212.13;0;0;0;0;76;207;36;36;36;36;37;1037;343;960;3.2;27.5;-34.5;14.4;5.5;76.6;0.0000;0.0049;-0.2250;102.2000;
212.38;0;0;0;0;76;207;36;36;36;36;36;1031;343;960;3.2;27.5;-34.5;14.5;5.5;76.6;0.0000;0.0054;-0.2250;102.2000;
212.63;0;0;0;0;76;207;36;36;36;36;36;1023;343;960;3.2;27.4;-35.0;14.5;5.5;76.6;0.0000;0.0069;-0.2250;102.3750;
212.88;0;0;0;0;76;207;36;36;36;36;36;1019;343;960;3.2;27.8;-35.0;14.5;5.5;76.6;0.0000;0.0070;-0.2500;101.9250;
213.13;0;0;0;0;76;207;36;36;35;36;36;1024;343;960;3.2;27.8;-35.0;14.4;5.5;76.6;0.0000;0.0091;-0.1000;0.0250;
213.38;0;0;0;0;76;207;35;36;36;36;36;1007;343;960;3.2;27.7;-35.5;14.4;5.5;76.6;0.0000;0.0091;-0.2250;102.2000;
213.63;0;0;0;0;76;207;35;36;35;36;36;1012;343;960;3.2;27.8;-35.5;14.4;5.5;76.6;0.0000;0.0091;-0.1500;102.2000;
213.88;0;0;0;0;76;207;35;35;35;35;36;1007;343;960;3.2;27.8;-36.0;14.5;5.5;76.6;0.0000;0.0091;-0.1750;102.1250;
214.13;0;0;0;0;76;207;35;35;35;35;35;1005;343;960;3.2;28.1;-36.0;14.5;5.5;76.6;0.0000;0.0091;-0.1000;102.2750;
214.38;0;0;0;0;76;207;35;35;35;35;35;1003;343;960;3.2;28.1;-36.0;14.5;5.5;76.6;0.0000;0.0091;-0.0750;102.1750;
214.63;0;0;0;0;76;207;35;35;35;35;35;1000;343;960;3.2;28.1;-36.0;14.5;5.5;76.6;0.0000;0.0064;-0.1500;102.1750;
214.88;0;0;0;0;76;207;35;35;35;35;35;998;343;960;3.2;28.1;-36.0;14.5;5.5;76.6;0.0000;0.0038;-0.1500;102.3250;
215.13;0;0;0;0;76;207;35;35;35;35;35;990;343;960;3.2;28.1;-36.0;14.5;5.5;76.6;0.0000;0.0003;-0.1500;102.0750;
215.38;0;0;0;0;76;207;35;35;35;35;35;989;343;960;3.2;28.1;-36.0;14.5;5.5;76.6;0.0000;0.0018;-0.1750;102.2250;
215.63;0;0;0;0;76;207;35;35;34;34;35;985;343;960;3.2;28.3;-36.0;14.5;5.5;76.6;0.0000;0.0022;-0.1500;102.0750;
215.88;0;0;0;0;76;207;35;34;34;35;35;988;343;960;3.2;28.1;-36.0;14.5;5.5;76.6;0.0000;0.0022;-0.0750;102.0750;
216.14;0;0;0;0;76;207;34;34;34;34;34;979;343;960;3.2;28.1;-36.0;14.5;5.5;76.6;0.0000;0.0117;-0.1500;102.2750;
216.39;0;0;0;0;76;207;34;35;34;35;35;983;343;960;3.2;27.9;-36.0;14.5;5.5;76.6;0.0000;0.0189;-0.0750;0.1250;
216.64;0;0;0;0;76;207;34;34;34;34;34;974;343;960;3.2;28.2;-36.0;14.5;5.5;76.6;0.0000;0.0300;-0.1750;0.4750;
216.89;0;0;0;0;76;207;34;34;34;34;34;971;343;960;3.2;28.2;-36.0;14.5;5.5;76.6;0.0000;0.0331;-0.1500;102.1500;
217.14;0;0;0;0;76;207;33;34;33;34;34;957;343;960;3.2;28.3;-36.0;14.5;5.5;76.6;0.0000;0.0386;-0.2500;0.2250;
217.39;0;0;0;0;76;207;33;34;34;34;34;957;343;960;3.2;28.3;-36.0;14.5;5.5;76.6;0.0000;0.0417;-0.2250;0.3750;
217.64;0;0;0;0;76;207;33;33;33;34;34;954;343;960;3.2;28.5;-36.5;14.5;5.5;76.6;0.0000;0.0468;-0.1500;0.3750;
217.89;0;0;0;0;76;207;33;34;33;34;34;954;343;960;3.2;28.6;-36.5;14.5;5.5;76.6;0.0000;0.0517;-0.1000;0.4500;
218.14;0;0;0;0;76;207;33;34;33;34;33;941;343;960;3.2;28.6;-36.5;14.5;5.5;76.6;0.0000;0.0662;-0.0750;0.4250;
218.39;0;0;0;0;76;207;33;34;33;34;33;947;343;960;3.2;29.0;-36.5;14.5;5.5;76.6;0.0000;0.0723;-0.1000;0.5750;
218.64;0;0;0;0;76;207;33;33;33;34;33;961;343;960;3.2;29.4;-2.5;14.5;5.5;76.6;0.1804;0.0742;0.0000;0.5750;
218.89;0;0;0;0;76;207;33;34;33;34;34;986;343;960;3.2;29.4;20.5;14.5;5.5;76.6;0.1922;0.0745;0.1500;0.4750;
219.14;0;0;0;0;76;207;34;34;34;34;34;978;343;960;3.2;29.4;36.5;14.5;5.5;76.6;0.1961;0.0753;0.3250;0.3750;
219.39;0;0;0;0;76;207;34;35;34;35;34;981;343;960;3.2;29.5;44.0;14.5;5.5;76.6;0.2118;0.0773;0.4500;0.7250;
219.64;0;0;0;0;76;207;35;36;35;35;35;1001;343;960;3.2;29.6;54.5;14.5;5.5;76.6;0.2275;0.0844;0.4500;0.8750;
219.89;0;0;0;0;75;207;35;36;35;36;35;1011;343;960;3.2;29.6;63.0;14.5;5.5;76.6;0.2392;0.0901;0.4250;0.8500;
220.14;0;0;0;0;75;207;36;37;36;37;36;1027;343;960;3.2;30.2;72.5;14.5;5.5;76.6;0.2549;0.1014;0.5000;1.1750;
220.39;0;0;0;0;75;207;36;37;36;37;36;1037;343;960;3.2;30.2;80.0;14.5;5.5;76.6;0.2667;0.1022;0.5000;1.2250;
220.64;0;0;0;0;75;207;37;38;37;38;37;1060;343;960;3.2;30.6;90.5;14.5;5.5;76.6;0.2824;0.1036;0.6000;1.4000;
220.89;0;0;0;0;75;207;37;38;37;38;38;1075;343;960;3.2;31.0;97.0;14.5;5.5;76.6;0.2863;0.1027;0.6000;1.5250;
221.15;0;0;0;0;75;207;38;39;38;39;39;1098;343;960;3.2;31.0;102.0;14.5;5.5;76.6;0.2863;0.0967;0.7000;1.3250;
221.40;0;0;0;0;75;207;39;40;39;40;40;1120;343;960;3.2;31.4;101.5;14.5;5.5;76.6;0.2784;0.0964;0.7500;1.6250;
221.65;0;0;0;0;75;207;39;41;39;41;40;1135;343;960;3.2;31.7;98.5;14.5;5.5;76.6;0.2745;0.0979;0.7500;1.7750;
221.90;0;0;0;0;75;207;40;41;40;41;41;1154;343;960;3.2;31.7;97.5;14.5;5.5;76.6;0.2784;0.1012;0.7000;1.9250;
222.15;0;0;0;0;75;207;41;42;41;42;41;1174;343;960;3.2;32.3;97.5;14.5;5.5;76.6;0.2784;0.1004;0.7000;1.8000;
222.40;0;0;0;0;75;207;42;43;42;43;42;1192;343;960;3.2;32.3;97.5;14.5;5.5;76.6;0.2784;0.0946;0.7250;1.6250;
222.65;0;0;0;0;75;207;42;43;42;43;43;1212;343;960;3.2;32.6;98.0;14.5;5.5;76.6;0.2784;0.0852;0.7000;1.5250;
222.90;0;0;0;0;75;207;43;44;43;44;44;1227;343;960;3.2;32.6;97.5;14.5;5.5;76.6;0.2784;0.0940;0.7250;1.8250;
223.15;0;0;0;0;75;207;43;45;44;45;44;1250;343;960;3.2;32.6;97.0;14.5;5.5;76.6;0.2784;0.0959;0.7000;2.1500;
223.40;0;0;0;0;75;207;44;45;44;45;45;1265;343;960;3.2;32.6;98.5;14.5;5.5;76.6;0.2863;0.0967;0.7000;2.0500;
223.65;0;0;0;0;75;207;45;46;45;46;45;1290;343;960;3.2;33.0;111.0;14.5;5.5;76.6;0.3333;0.0967;0.7250;2.5000;
223.90;0;0;0;0;75;207;46;47;46;47;46;1307;343;960;3.2;34.1;127.5;14.5;5.5;76.6;0.3451;0.0890;0.7250;1.6500;
224.15;0;0;0;0;75;207;46;48;46;48;47;1336;343;960;3.2;34.1;148.5;14.5;5.5;76.6;0.3882;0.0833;0.8250;2.0500;
224.40;0;0;0;0;75;207;48;49;47;49;48;1353;343;960;3.2;34.2;169.5;14.5;5.5;76.6;0.4118;0.0824;0.9250;2.0250;
224.65;0;0;0;0;75;207;48;49;48;49;49;1384;343;960;3.2;34.4;192.0;14.4;5.5;76.6;0.4235;0.0757;0.9000;1.8000;
224.90;0;0;0;0;75;207;49;50;50;50;50;1412;343;960;3.2;34.4;197.0;14.4;5.5;76.6;0.4275;0.0496;1.0750;1.2500;
225.15;0;0;0;0;75;207;51;51;51;51;51;1443;343;960;3.2;34.8;207.5;14.4;5.5;76.6;0.4471;0.0361;1.1250;0.7750;
225.40;0;0;0;0;75;207;52;52;52;53;52;1474;343;960;3.2;34.8;211.0;14.4;5.5;76.6;0.4471;0.0229;1.1750;0.2250;
225.65;0;0;0;0;75;207;53;53;53;53;53;1513;343;960;3.2;34.0;216.0;14.4;5.5;76.6;0.4549;0.0095;1.2250;102.1500;
225.90;0;0;0;0;75;207;54;55;55;55;55;1537;343;960;3.2;33.0;219.0;14.4;5.5;76.6;0.4588;0.0003;1.2000;102.0000;
226.17;0;0;0;0;75;207;56;56;56;56;56;1579;343;960;3.2;33.0;219.5;14.4;5.5;76.6;0.4627;-0.0109;1.3250;101.5750;
226.42;0;0;0;0;76;207;57;57;57;57;57;1616;343;960;3.2;31.7;219.5;14.4;5.5;76.6;0.4627;-0.0143;1.3500;101.4750;
226.67;0;0;0;0;76;207;58;58;58;58;58;1647;343;960;3.2;30.2;219.5;14.4;5.5;76.6;0.4667;-0.0141;1.3250;101.5250;
226.92;0;0;0;0;76;207;60;59;60;59;60;1687;343;960;3.2;30.2;218.0;14.4;5.5;76.6;0.4627;-0.0109;1.3250;101.8250;
227.17;0;0;0;0;76;207;60;60;60;61;60;1714;343;960;3.2;29.1;217.5;14.4;5.5;76.6;0.4627;-0.0074;1.3250;101.8250;
227.42;0;0;0;0;76;207;62;62;62;62;62;1754;343;960;3.2;29.1;213.0;14.4;5.5;76.6;0.4549;-0.0046;1.3000;102.0250;
227.67;0;0;0;0;76;207;63;63;63;63;63;1781;343;960;3.2;28.1;211.0;14.4;5.5;76.6;0.4549;-0.0028;1.2000;102.1750;
227.92;0;0;0;0;76;207;64;64;64;64;64;1817;343;960;3.2;28.1;206.5;14.4;5.5;76.6;0.4471;-0.0004;1.2250;102.3750;
228.17;0;0;0;0;76;207;65;65;65;65;65;1845;343;960;3.2;26.3;205.0;14.4;5.5;76.6;0.4471;0.0025;1.1500;102.2750;
228.42;0;0;0;0;76;207;66;67;66;66;66;1876;343;960;3.2;26.3;201.0;14.4;5.5;76.6;0.4431;0.0046;1.1250;0.0000;
228.67;0;0;0;0;76;207;67;67;67;67;67;1897;343;960;3.2;25.2;200.0;14.4;5.5;76.6;0.4431;0.0052;1.0750;0.1250;
228.92;1;0;0;0;76;207;68;68;68;68;68;1893;343;960;3.2;24.6;-2.0;14.4;5.5;76.6;0.0000;0.0028;0.8750;0.0500;
229.17;1;0;0;0;76;207;68;68;68;68;68;1723;343;960;3.2;24.6;-31.0;14.4;5.5;76.6;0.0000;0.0025;0.2750;0.0250;
229.42;1;0;0;0;76;207;68;68;68;68;68;1472;343;960;3.2;23.6;19.0;14.4;5.5;76.6;0.2706;0.0001;-0.0500;102.1500;
229.67;0;0;0;0;76;207;68;68;68;68;68;1517;343;960;3.2;24.1;172.0;14.4;5.5;76.6;0.4196;-0.0025;0.0000;102.1500;
229.92;0;0;0;0;76;207;69;69;69;69;69;1559;343;960;3.2;24.1;240.5;14.4;5.5;76.6;0.5137;-0.0041;0.4500;102.2000;
230.17;0;0;0;0;76;207;69;69;69;69;69;1574;343;960;3.2;23.9;250.5;14.4;5.5;76.6;0.5137;-0.0047;0.5500;101.9750;
230.42;0;0;0;0;76;207;70;70;70;70;70;1595;343;960;3.2;23.9;248.5;14.4;5.5;76.6;0.5020;-0.0047;0.6750;101.9500;
230.67;0;0;0;0;76;207;71;71;71;71;71;1610;343;960;3.2;24.0;246.0;14.4;5.5;76.6;0.4980;-0.0047;0.8250;102.0500;
230.92;0;0;0;0;76;207;72;72;72;72;72;1631;343;960;3.2;24.3;241.0;14.4;5.5;76.6;0.4941;-0.0041;0.7500;102.0750;
231.18;0;0;0;0;76;207;72;72;73;73;73;1642;343;960;3.2;24.3;241.5;14.4;5.5;76.6;0.4941;-0.0029;0.8250;102.1750;
231.43;0;0;0;0;76;207;74;74;73;73;74;1672;343;960;3.2;24.5;239.0;14.4;5.5;76.6;0.4941;-0.0007;0.8750;0.0250;
231.68;0;0;0;0;76;207;74;74;74;74;74;1676;343;962;3.2;24.5;239.0;14.4;5.5;76.6;0.4902;0.0004;0.5750;102.0500;
231.93;0;0;0;0;76;207;75;75;75;75;75;1696;343;960;3.2;24.5;239.5;14.4;5.5;76.6;0.4941;0.0029;0.7000;0.2500;
232.18;0;0;0;0;76;207;75;75;75;75;75;1707;343;960;3.2;24.5;245.0;14.4;5.5;76.6;0.5137;0.0039;0.7250;102.3750;
232.43;0;0;0;0;76;207;76;76;76;76;76;1728;343;960;3.2;24.8;260.0;14.4;5.5;76.6;0.5490;0.0039;0.7000;0.2250;
232.68;0;0;0;0;76;207;77;77;77;77;77;1742;343;960;3.2;25.0;261.0;14.4;5.5;76.6;0.5451;0.0038;0.6750;0.1250;
232.93;0;0;0;0;77;207;78;78;77;78;78;1758;343;960;3.2;25.0;260.0;14.4;5.5;76.6;0.5412;0.0033;0.7750;0.0750;
233.18;0;0;0;0;77;207;78;78;78;78;78;1769;343;960;3.2;24.7;259.5;14.4;5.5;76.6;0.5412;0.0033;0.7500;0.1000;
233.43;0;0;0;0;77;207;79;79;79;79;79;1791;343;960;3.2;24.6;257.5;14.4;5.5;76.6;0.5412;0.0033;0.7500;0.1000;
233.68;0;0;0;0;77;207;79;80;79;80;80;1798;343;960;3.2;24.6;258.0;14.4;5.5;76.6;0.5412;0.0033;0.7000;102.3500;
233.93;0;0;0;0;77;207;80;80;80;80;80;1820;343;960;3.2;24.1;256.0;14.4;5.5;76.6;0.5373;-0.0009;0.6750;0.0750;
234.18;0;0;0;0;77;207;81;81;81;81;81;1831;343;960;3.2;24.1;255.0;14.4;5.5;76.6;0.5373;-0.0013;0.7250;0.0000;
234.43;0;0;0;0;77;207;82;82;82;82;82;1849;343;960;3.2;24.3;255.5;14.4;5.5;76.6;0.5373;-0.0020;0.7000;102.1500;
234.68;0;0;0;0;77;207;82;82;82;82;82;1861;343;960;3.2;24.2;254.5;14.4;5.5;76.6;0.5373;-0.0021;0.6750;102.2250;
234.93;0;0;0;0;77;207;83;83;83;83;83;1876;343;960;3.2;24.2;253.0;14.4;5.5;76.6;0.5333;-0.0016;0.6750;102.2250;
235.18;0;0;0;0;77;207;83;83;83;83;84;1888;343;960;3.2;24.4;252.5;14.4;5.5;76.6;0.5333;-0.0016;0.7000;102.3500;
235.43;0;0;0;0;77;207;84;84;84;84;84;1908;343;960;3.2;24.3;249.5;14.4;5.5;76.6;0.5216;-0.0014;0.6500;102.2250;
235.68;0;0;0;0;77;207;85;85;85;85;85;1914;343;960;3.2;24.3;247.5;14.4;5.5;76.6;0.5216;-0.0008;0.7000;102.3000;
235.93;0;0;0;0;77;207;85;85;85;85;86;1913;343;960;3.2;24.3;177.5;14.4;5.5;76.6;0.1922;-0.0004;0.6000;0.0000;
236.20;1;0;0;0;77;207;85;85;85;85;85;1864;344;960;3.2;24.6;-37.5;14.4;5.5;76.6;0.0000;-0.0004;0.1500;0.1000;
236.45;1;0;0;0;77;207;85;85;85;85;85;1585;344;960;3.2;24.9;-31.5;14.4;5.5;76.6;0.0000;-0.0004;-0.1500;102.3750;
236.70;1;0;0;0;78;207;84;85;85;85;85;1679;344;960;3.2;24.9;159.0;14.4;5.5;76.6;0.5020;0.0004;-0.3250;0.3750;
236.95;0;0;0;0;78;207;85;85;85;85;85;1581;344;960;3.2;25.3;254.5;14.4;5.5;76.6;0.5373;0.0013;0.0000;0.0000;
237.20;0;0;0;0;78;207;85;85;85;85;86;1586;344;960;3.2;25.3;261.5;14.4;5.5;76.6;0.5373;0.0036;0.2000;0.2750;
237.45;0;0;0;0;78;207;86;86;86;86;86;1592;344;960;3.2;25.3;256.5;14.4;5.5;76.6;0.5216;0.0046;0.2500;0.3750;
237.70;0;0;0;0;78;207;86;86;86;86;86;1601;344;960;3.2;25.4;253.0;14.4;5.5;76.6;0.5137;0.0026;0.4250;0.3750;
237.95;0;0;0;0;78;207;86;87;86;86;87;1608;344;960;3.2;25.4;251.0;14.4;5.5;76.6;0.5098;0.0026;0.4250;0.4000;
238.20;0;0;0;0;78;207;87;87;87;87;87;1611;344;960;3.2;25.7;249.0;14.4;5.5;76.6;0.5059;0.0026;0.4500;0.3750;
238.45;0;0;0;0;78;207;87;87;87;87;87;1624;344;960;3.2;25.8;247.5;14.4;5.5;76.6;0.5059;0.0026;0.4000;0.3750;
238.70;0;0;0;0;78;207;88;88;88;88;88;1625;344;960;3.2;25.8;248.5;14.4;5.5;76.6;0.5059;0.0025;0.4000;0.2750;
238.95;0;0;0;0;78;207;88;88;88;88;88;1639;344;960;3.2;26.3;245.5;14.4;5.5;76.6;0.4980;0.0013;0.4500;0.2000;
239.20;0;0;0;0;78;207;89;89;89;89;89;1643;344;960;3.2;26.3;240.0;14.4;5.5;76.6;0.4902;-0.0007;0.4500;0.0500;
239.45;0;0;0;0;78;207;89;89;89;89;89;1656;344;960;3.2;26.3;238.0;14.4;5.5;76.6;0.4902;-0.0008;0.4000;0.0000;
239.70;0;0;0;0;78;207;89;90;90;89;90;1659;344;960;3.2;26.6;238.5;14.4;5.5;76.6;0.4902;-0.0001;0.4000;0.0750;
239.95;0;0;0;0;78;207;90;90;90;90;90;1665;344;960;3.2;26.6;235.5;14.4;5.5;76.6;0.4863;0.0000;0.3750;0.1500;
240.20;0;0;0;0;78;207;90;90;90;90;90;1678;344;960;3.2;26.6;235.0;14.4;5.5;76.6;0.4863;-0.0013;0.3750;0.0250;
240.45;0;0;0;0;78;207;91;91;90;90;91;1683;344;960;3.2;26.5;233.5;14.4;5.5;76.6;0.4824;-0.0043;0.4000;102.3750;
240.70;0;0;0;0;78;207;91;91;91;91;91;1688;344;960;3.2;26.5;233.5;14.4;5.5;76.6;0.4824;-0.0075;0.4000;102.0000;
240.95;0;0;0;0;79;207;91;91;91;91;91;1695;344;960;3.2;26.5;234.0;14.4;5.5;76.6;0.4863;-0.0074;0.3500;102.0500;
241.22;0;0;0;0;79;207;92;92;92;92;92;1703;344;960;3.2;25.8;233.0;14.4;5.5;76.6;0.4824;-0.0070;0.3500;102.0750;
241.47;0;0;0;0;79;207;92;92;92;92;92;1711;344;960;3.2;25.8;230.5;14.4;5.5;76.6;0.4824;-0.0054;0.4000;102.2750;
241.72;0;0;0;0;79;207;92;92;92;92;93;1721;344;960;3.2;25.8;229.5;14.4;5.5;76.6;0.4824;-0.0028;0.4000;0.0000;
241.97;0;0;0;0;79;207;93;93;93;93;93;1723;344;960;3.2;25.7;221.5;14.4;5.5;76.6;0.4667;-0.0026;0.3250;0.0500;
242.22;0;0;0;0;79;207;93;93;93;93;93;1732;344;960;3.2;25.7;211.0;14.4;5.5;76.6;0.4510;-0.0028;0.3250;0.0500;
242.47;0;0;0;0;79;207;93;93;93;93;94;1732;344;960;3.2;25.6;204.5;14.4;5.5;76.6;0.4275;-0.0026;0.3500;0.0500;
242.72;0;0;0;0;79;207;94;94;94;94;94;1743;344;960;3.2;25.6;190.5;14.4;5.5;76.6;0.4275;-0.0003;0.2500;0.2250;
242.97;0;0;0;0;79;207;94;94;94;94;94;1745;344;960;3.2;25.6;192.0;14.4;5.5;76.6;0.4275;0.0022;0.2750;0.3250;
243.22;0;0;0;0;79;207;94;94;94;94;94;1748;344;960;3.2;25.5;188.5;14.4;5.5;76.6;0.4157;0.0025;0.2500;0.2000;
243.47;0;0;0;0;79;207;94;95;94;94;95;1751;344;960;3.2;25.9;181.0;14.4;5.5;76.6;0.4118;0.0029;0.2250;0.4500;
243.72;0;0;0;0;79;207;95;95;94;94;95;1757;344;960;3.2;25.9;180.5;14.4;5.5;76.6;0.4118;0.0067;0.2500;0.7250;
243.97;0;0;0;0;79;207;95;95;95;95;95;1761;344;960;3.2;26.1;178.5;14.4;5.5;76.6;0.4000;0.0099;0.2000;0.9750;
244.22;0;0;0;0;79;207;95;95;95;95;95;1764;344;960;3.2;26.1;166.5;14.4;5.5;76.6;0.3882;0.0059;0.2250;0.9000;
244.47;0;0;0;0;79;207;95;95;95;95;95;1767;344;960;3.2;26.6;165.5;14.4;5.5;76.6;0.3882;0.0047;0.1500;0.8250;
244.72;0;0;0;0;80;207;95;95;95;95;96;1770;344;960;3.2;26.6;164.0;14.4;5.5;76.6;0.3882;0.0047;0.1750;0.5500;
244.97;0;0;0;0;80;207;96;95;95;95;96;1772;344;960;3.2;27.2;163.5;14.4;5.5;76.6;0.3843;0.0036;0.1000;0.6000;
245.22;0;0;0;0;80;207;95;96;95;95;96;1773;344;960;3.2;27.2;143.0;14.4;5.5;76.6;0.3569;0.0018;0.0750;0.5000;
245.47;0;0;0;0;80;207;96;96;96;96;96;1778;344;960;3.2;27.5;144.0;14.4;5.5;76.6;0.3608;0.0009;0.1000;0.4500;
245.72;0;0;0;0;80;207;95;96;96;96;96;1779;344;960;3.2;28.0;146.5;14.4;5.5;76.6;0.3608;0.0091;0.0500;0.7250;
245.97;0;0;0;0;80;207;95;96;96;96;96;1779;344;960;3.2;28.0;146.5;14.4;5.5;76.6;0.3608;0.0000;-0.0250;0.4250;
246.23;0;0;0;0;80;207;96;96;96;96;96;1782;344;960;3.2;28.4;146.5;14.4;5.5;76.6;0.3608;-0.0033;0.0500;0.0250;
246.48;0;0;0;0;80;207;96;96;96;96;96;1783;344;960;3.2;28.6;146.0;14.4;5.5;76.6;0.3608;-0.0039;0.0750;0.0000;
246.73;0;0;0;0;80;207;96;96;96;96;96;1786;344;960;3.2;28.6;146.5;14.4;5.5;76.6;0.3608;-0.0036;0.0750;102.3500;
246.98;0;0;0;0;80;207;96;96;96;96;96;1785;344;960;3.2;28.4;147.0;14.4;5.5;76.6;0.3608;-0.0031;0.0500;102.1250;
247.23;0;0;0;0;80;207;97;96;96;96;97;1789;344;960;3.2;28.3;145.5;14.4;5.5;76.6;0.3569;-0.0025;0.1250;102.3500;
247.48;0;0;0;0;80;207;96;96;96;96;97;1789;344;960;3.2;28.3;140.0;14.4;5.5;76.6;0.3412;-0.0022;0.1250;102.3500;
247.73;0;0;0;0;80;207;97;96;96;96;97;1791;344;960;3.2;28.2;119.0;14.4;5.5;76.6;0.3216;-0.0022;0.0500;102.2250;
247.98;0;0;0;0;80;207;96;96;97;96;97;1792;344;960;3.2;28.2;118.5;14.4;5.5;76.6;0.3216;-0.0022;0.0000;0.0000;
248.23;0;0;0;0;80;207;97;97;96;96;97;1795;344;960;3.2;27.8;117.5;14.4;5.5;76.6;0.3216;0.0004;0.0000;0.0000;
248.48;0;0;0;0;80;207;96;96;97;97;97;1792;344;960;3.2;27.8;118.5;14.4;5.5;76.6;0.3216;0.0025;-0.0250;0.2000;
248.73;0;0;0;0;80;207;97;97;96;96;97;1793;344;960;3.2;27.4;118.0;14.4;5.5;76.6;0.3216;0.0043;-0.0250;0.2750;
248.98;0;0;0;0;81;207;96;97;96;97;97;1792;344;960;3.2;27.4;118.5;14.4;5.5;76.6;0.3216;0.0043;-0.0500;0.3250;
249.23;0;0;0;0;81;207;97;96;96;96;97;1792;344;960;3.2;27.2;118.0;14.4;5.5;76.6;0.3216;0.0028;-0.0250;0.4500;
249.48;0;0;0;0;81;207;96;97;96;97;97;1790;344;960;3.2;27.2;119.5;14.4;5.5;76.6;0.3216;0.0022;-0.0750;0.2000;
249.73;0;0;0;0;81;207;96;96;96;96;97;1791;344;960;3.2;27.2;121.0;14.4;5.5;76.6;0.3255;0.0008;-0.1250;0.1750;
249.98;0;0;0;0;81;207;96;96;96;96;96;1785;344;960;3.2;27.0;119.5;14.4;5.5;76.6;0.3176;0.0003;-0.1750;0.1500;
250.23;0;0;0;0;81;207;96;96;96;96;96;1782;344;960;3.2;26.9;97.5;14.4;5.5;76.6;0.2784;-0.0008;-0.1500;0.0500;
250.48;0;0;0;0;81;207;96;96;96;96;96;1781;344;960;3.2;26.9;87.0;14.4;5.5;76.6;0.2667;-0.0009;-0.1500;0.0000;
250.73;0;0;0;0;81;207;95;95;95;95;96;1773;344;960;3.2;26.7;81.5;14.4;5.5;76.6;0.2549;-0.0007;-0.3250;0.1250;
250.98;0;0;0;0;81;207;95;95;95;95;95;1766;344;960;3.2;26.7;75.0;14.4;5.5;76.6;0.2510;-0.0004;-0.3750;0.0750;
251.25;0;0;0;0;81;207;94;95;95;95;95;1760;344;960;3.2;27.2;73.0;14.4;5.5;76.6;0.2510;-0.0001;-0.3750;0.0000;
251.50;0;0;0;0;81;207;94;94;94;94;95;1750;344;960;3.2;27.3;73.0;14.4;5.5;76.6;0.2510;0.0004;-0.4000;102.3500;
251.75;0;0;0;0;81;207;94;94;94;94;94;1730;344;960;3.2;27.3;36.0;14.4;5.5;76.6;0.0549;0.0004;-0.4250;102.3750;
252.00;0;0;0;0;81;207;93;93;93;93;93;1723;344;960;3.2;27.1;-16.0;14.4;5.5;76.6;0.0000;0.0004;-0.5500;0.0000;
252.25;0;0;0;0;81;207;93;93;92;93;93;1717;344;960;3.2;27.7;-34.0;14.4;5.5;76.6;0.0000;0.0003;-0.6000;102.3000;
252.50;0;0;0;0;81;207;92;92;92;92;92;1708;344;960;3.2;27.7;-35.5;14.4;5.5;76.6;0.0000;-0.0004;-0.7000;0.0500;
252.75;0;0;0;0;81;207;91;91;91;91;91;1690;344;960;3.2;27.7;-35.0;14.4;5.5;76.6;0.0000;-0.0007;-0.7500;0.0250;
253.00;0;0;0;0;81;207;90;90;90;90;91;1679;344;960;3.2;28.1;-35.5;14.4;5.5;76.6;0.0000;-0.0003;-0.8500;0.0000;
253.25;0;0;0;0;82;207;90;90;90;90;90;1662;344;960;3.2;27.7;-35.5;14.4;5.5;76.6;0.0000;0.0004;-0.8750;102.3500;
253.50;0;0;0;0;82;207;89;89;89;89;89;1653;344;960;3.2;27.7;-35.5;14.4;5.5;76.6;0.0000;0.0004;-0.8000;102.3750;
253.75;0;0;0;0;82;207;88;88;88;88;89;1639;344;960;3.2;27.9;-35.5;14.4;5.5;76.6;0.0000;0.0004;-0.7750;0.0000;
254.00;0;0;0;0;82;207;88;88;87;87;88;1632;344;960;3.2;27.9;-35.5;14.4;5.5;76.6;0.0000;0.0013;-0.7000;0.4250;
254.25;0;0;0;0;82;207;87;87;87;87;87;1617;344;960;3.2;28.3;-35.5;14.4;5.5;76.6;0.0000;0.0008;-0.6750;102.3750;
254.50;0;0;0;0;82;207;86;87;86;86;87;1608;344;960;3.2;28.3;-35.5;14.4;5.5;76.6;0.0000;0.0064;-0.6750;0.1750;
254.75;0;0;0;0;82;207;86;86;86;86;86;1598;344;960;3.2;28.3;-35.0;14.4;5.5;76.6;0.0000;0.0117;-0.6500;0.5250;
255.00;0;0;0;0;82;207;85;86;85;86;86;1590;344;960;3.2;28.6;-35.0;14.4;5.5;76.6;0.0000;0.0158;-0.5250;0.8000;
255.25;0;0;0;0;82;207;85;86;85;85;86;1583;344;960;3.2;29.4;-35.0;14.4;5.5;76.6;0.0000;0.0157;-0.5250;0.9250;
255.50;0;0;0;0;82;207;85;85;85;85;85;1577;344;960;3.2;29.4;-34.5;14.4;5.5;76.6;0.0000;0.0183;-0.3750;1.0250;
255.75;0;0;0;0;82;207;85;85;84;85;85;1572;344;960;3.2;30.3;-34.5;14.4;5.5;76.6;0.0000;0.0189;-0.3750;1.0750;
256.00;0;0;0;0;82;207;84;85;84;85;85;1572;344;960;3.2;30.3;-34.5;14.4;5.5;76.6;0.0000;0.0191;-0.3500;1.1250;
256.26;0;0;0;0;82;207;84;84;84;84;84;1566;344;960;3.2;30.6;-34.5;14.4;5.5;76.6;0.0000;0.0232;-0.3250;1.3000;
256.51;0;0;0;0;82;207;84;85;84;84;84;1562;344;960;3.2;31.5;-34.5;14.4;5.5;76.6;0.0000;0.0246;-0.2000;1.7000;
256.76;0;0;0;0;82;207;84;85;84;84;84;1559;344;960;3.2;31.5;-34.5;14.4;5.5;76.6;0.0000;0.0228;-0.1500;1.4500;
257.01;0;0;0;0;82;207;84;84;83;84;84;1556;344;960;3.2;31.5;-34.5;14.4;5.5;76.6;0.0000;0.0216;-0.1750;1.3750;
257.26;0;0;0;0;82;207;83;84;83;84;84;1556;344;960;3.2;32.7;-34.5;14.4;5.5;76.6;0.0000;0.0204;-0.1250;1.1500;
257.51;0;0;0;0;82;207;84;84;84;84;84;1558;344;960;3.2;33.2;-34.5;14.4;5.5;76.6;0.0000;0.0228;0.0250;1.4000;
257.76;0;0;0;0;82;207;83;84;84;84;84;1556;344;960;3.2;33.2;-34.5;14.4;5.5;76.6;0.0000;0.0252;-0.0250;1.4000;
258.01;0;0;0;0;82;207;84;84;84;84;84;1557;344;960;3.2;33.7;-34.5;14.4;5.5;76.6;0.0000;0.0255;-0.0250;1.5250;
258.26;0;0;0;0;82;207;84;84;84;84;84;1559;344;960;3.2;34.7;-34.5;14.4;5.5;76.6;0.0000;0.0246;-0.0250;1.4500;
258.51;0;0;0;0;82;207;84;84;84;84;84;1560;344;960;3.2;34.7;-34.5;14.4;5.5;76.6;0.0000;0.0270;0.0500;1.5250;
258.76;0;0;0;0;82;207;84;85;84;84;84;1563;344;960;3.2;35.2;-34.5;14.4;5.5;76.6;0.0000;0.0257;0.1250;1.5250;
259.01;0;0;0;0;82;207;84;85;84;85;85;1567;344;960;3.2;35.2;-34.5;14.4;5.5;76.6;0.0000;0.0255;0.1250;1.5250;
259.26;0;0;0;0;82;207;84;85;84;85;85;1571;344;960;3.2;35.9;-34.5;14.4;5.5;76.6;0.0000;0.0270;0.1750;1.6750;
259.51;0;0;0;0;82;207;84;85;84;85;85;1574;344;960;3.2;36.2;-34.5;14.4;5.5;76.6;0.0000;0.0273;0.1000;1.7750;
259.76;0;0;0;0;82;207;85;85;84;85;85;1576;344;960;3.2;36.2;-34.5;14.4;5.5;76.6;0.0000;0.0255;0.1000;1.6500;
260.01;0;0;0;0;82;207;85;86;85;85;85;1580;344;960;3.2;36.1;-34.5;14.4;5.5;76.6;0.0000;0.0243;0.1750;1.4250;
260.26;0;0;0;0;82;207;85;86;85;85;85;1585;344;960;3.2;36.8;-34.5;14.4;5.5;76.6;0.0000;0.0232;0.1750;1.4500;
260.51;0;0;0;0;82;207;85;86;85;86;86;1589;344;960;3.2;36.8;-35.0;14.4;5.5;76.6;0.0000;0.0222;0.1500;1.4000;
260.76;0;0;0;0;82;207;85;86;85;86;86;1587;344;960;3.2;36.6;-35.0;14.4;5.5;76.6;0.0000;0.0222;0.1250;1.3250;
261.01;0;0;0;0;82;207;86;86;85;86;86;1590;343;960;3.2;36.6;-35.0;14.4;5.5;76.6;0.0000;0.0222;0.1250;1.4000;
261.28;0;0;0;0;82;207;85;86;85;86;86;1589;343;960;3.2;36.0;-35.0;14.4;5.5;76.6;0.0000;0.0234;0.1250;1.4500;
261.53;0;0;0;0;82;207;86;86;85;86;86;1596;343;960;3.2;36.0;-35.0;14.4;5.5;76.6;0.0000;0.0242;0.1250;1.7000;
261.78;0;0;0;0;82;207;86;86;86;86;86;1600;343;960;3.2;36.4;-35.0;14.4;5.5;76.6;0.0000;0.0232;0.1000;1.5250;
262.03;0;0;0;0;82;207;86;86;86;86;86;1602;343;960;3.2;36.8;-35.0;14.4;5.5;76.6;0.0000;0.0232;0.0750;1.5500;
262.28;0;0;0;0;82;207;86;86;86;86;86;1598;343;960;3.2;36.8;-35.0;14.4;5.5;76.6;0.0000;0.0225;0.1000;1.4750;
262.53;0;0;0;0;82;207;86;86;86;86;86;1599;343;960;3.2;36.3;-35.0;14.4;5.5;76.6;0.0000;0.0257;0.0750;1.6250;
262.78;0;0;0;0;82;207;86;87;86;86;86;1602;343;960;3.2;36.3;-35.0;14.4;5.5;76.6;0.0000;0.0273;0.0500;1.6250;
263.03;0;0;0;0;82;207;86;87;86;87;87;1605;343;960;3.2;36.5;-35.0;14.4;5.5;76.6;0.0000;0.0283;0.1000;1.7750;
263.28;0;0;0;0;82;207;86;87;86;87;87;1614;343;960;3.2;36.9;-35.0;14.4;5.5;76.6;0.0000;0.0283;0.1750;1.8500;
263.53;0;0;0;0;82;207;87;87;86;87;87;1619;343;960;3.2;36.9;-35.0;14.4;5.5;76.6;0.0000;0.0282;0.1500;1.7500;
263.78;0;0;0;0;82;207;86;87;87;87;87;1611;343;960;3.2;37.0;-35.0;14.4;5.5;76.6;0.0000;0.0300;0.1000;1.8000;
264.03;0;0;0;0;82;207;86;87;86;87;87;1612;343;960;3.2;36.9;-35.0;14.4;5.5;76.6;0.0000;0.0303;0.0500;2.1000;
264.28;0;0;0;0;82;207;87;87;87;87;87;1615;343;960;3.2;36.9;-35.0;14.4;5.5;76.6;0.0000;0.0314;0.0250;2.0500;
264.53;0;0;0;0;82;207;87;87;87;87;87;1617;343;960;3.2;37.7;-35.5;14.4;5.5;76.6;0.0000;0.0285;0.0500;2.0500;
264.78;0;0;0;0;82;207;87;88;87;87;87;1620;343;960;3.2;37.7;-35.5;14.4;5.5;76.6;0.0000;0.0285;0.1000;1.8000;
265.03;0;0;0;0;82;207;87;88;87;88;88;1621;343;960;3.2;37.9;-35.5;14.4;5.5;76.6;0.0000;0.0309;0.0500;2.1250;
265.28;0;0;0;0;82;207;87;88;87;88;88;1623;343;960;3.2;37.9;-35.5;14.4;5.5;76.6;0.0000;0.0344;0.0500;2.4500;
265.53;0;0;0;0;82;207;87;88;87;88;88;1628;343;960;3.2;37.9;-35.5;14.4;5.5;76.6;0.0000;0.0338;0.1250;2.3500;
265.78;0;0;0;0;82;207;87;88;87;88;88;1623;343;960;3.2;37.9;-35.5;14.4;5.5;76.6;0.0000;0.0330;0.1000;2.4000;
266.03;0;0;0;0;82;207;87;88;87;88;88;1622;343;962;3.2;39.1;-35.5;14.4;5.5;76.6;0.0000;0.0326;0.0250;2.2500;
266.29;0;0;0;0;82;207;87;88;87;88;88;1621;343;960;3.2;39.1;-35.5;14.4;5.5;76.6;0.0000;0.0367;-0.0250;2.5000;
266.54;0;0;0;0;82;207;87;88;87;88;88;1626;343;960;3.2;39.1;-35.5;14.4;5.5;76.6;0.0000;0.0333;0.0250;2.4750;
266.79;0;0;0;0;82;207;87;88;87;88;88;1626;343;960;3.2;39.5;-35.5;14.4;5.5;76.6;0.0000;0.0308;0.0000;1.9500;
267.04;0;0;0;0;82;207;87;88;87;88;88;1627;343;962;3.2;40.4;-35.5;14.4;5.5;76.6;0.0000;0.0308;0.0250;2.0500;
267.29;0;0;0;0;82;207;87;88;87;88;88;1626;343;962;3.2;40.4;-35.5;14.4;5.5;76.6;0.0000;0.0228;0.0500;1.7500;
267.54;0;0;0;0;82;207;87;88;88;88;88;1629;343;962;3.2;39.9;-35.5;14.4;5.5;76.6;0.0000;0.0070;0.0500;0.8750;
267.79;0;0;0;0;82;207;88;88;88;88;88;1629;343;962;3.2;39.9;-35.5;14.4;5.5;76.6;0.0000;0.0026;0.0750;0.0500;
268.04;0;0;0;0;82;207;88;88;88;88;88;1631;343;962;3.2;39.5;-35.5;14.4;5.5;76.6;0.0000;0.0001;0.0750;102.3250;
268.29;0;0;0;0;82;207;88;88;88;88;88;1635;343;962;3.2;38.8;-35.5;14.4;5.5;76.6;0.0000;-0.0039;0.1000;102.2500;
268.54;0;0;0;0;81;207;88;88;88;88;88;1637;343;962;3.2;38.8;-35.5;14.4;5.5;76.6;0.0000;-0.0077;0.1250;101.9750;
268.79;0;0;0;0;81;207;88;88;88;88;88;1639;343;962;3.2;36.9;-35.5;14.4;5.5;76.6;0.0000;-0.0114;0.0500;101.6250;
269.04;0;0;0;0;81;207;88;89;88;88;89;1642;343;962;3.2;36.1;-35.5;14.4;5.5;76.6;0.0000;-0.0130;0.0500;101.8250;
269.29;0;0;0;0;81;207;89;88;89;88;89;1643;343;962;3.2;36.1;-35.5;14.4;5.5;76.6;0.0000;-0.0164;0.0250;101.2250;
269.54;0;0;0;0;81;207;89;88;88;88;89;1641;343;962;3.2;36.1;-35.5;14.4;5.5;76.6;0.0000;-0.0183;0.0250;101.2500;
269.79;0;0;0;0;81;207;89;88;88;88;89;1642;343;962;3.2;34.8;-35.5;14.4;5.5;76.6;0.0000;-0.0201;0.0250;100.9000;
270.04;0;0;0;0;81;207;89;88;89;88;89;1645;343;962;3.2;32.4;-35.5;14.4;5.5;76.6;0.0000;-0.0230;0.0000;100.7500;
270.29;0;0;0;0;81;207;89;88;89;88;89;1639;343;962;3.2;32.4;-35.5;14.4;5.5;76.6;0.0000;-0.0293;-0.0500;100.2500;
270.54;0;0;0;0;81;207;89;88;88;88;89;1639;343;962;3.2;31.0;-35.5;14.4;5.5;76.6;0.0000;-0.0298;-0.0750;100.1500;
270.79;0;0;0;0;81;207;89;88;88;88;89;1640;343;962;3.2;31.0;-35.5;14.4;5.5;76.6;0.0000;-0.0314;-0.1000;100.1250;
271.04;0;0;0;0;81;207;89;88;89;88;88;1639;343;962;3.2;28.9;-35.5;14.4;5.5;76.6;0.0000;-0.0333;-0.1250;99.9500;
271.31;0;0;0;0;81;207;88;88;88;88;88;1635;343;962;3.2;26.5;-35.5;14.4;5.5;76.6;0.0000;-0.0339;-0.1000;99.8000;
271.56;0;0;0;0;81;207;88;88;88;88;88;1636;343;962;3.2;26.5;-35.5;14.4;5.5;76.6;0.0000;-0.0338;-0.1000;99.8250;
271.81;0;0;0;0;81;207;88;88;88;88;88;1633;343;962;3.2;24.9;-35.5;14.4;5.5;76.6;0.0000;-0.0341;-0.1000;99.8250;
272.06;0;0;0;0;81;207;88;88;88;87;88;1631;343;962;3.2;23.3;-35.5;14.4;5.5;76.6;0.0000;-0.0336;-0.1000;100.0500;
272.31;0;0;0;0;81;207;88;88;88;87;88;1629;343;962;3.2;23.3;-35.5;14.4;5.5;76.6;0.0000;-0.0234;-0.0750;100.8000;
272.56;0;0;0;0;81;207;88;87;88;87;88;1632;343;962;3.2;22.5;-35.5;14.4;5.5;76.6;0.0000;-0.0283;-0.0750;100.6000;
272.81;0;0;0;0;81;207;88;87;88;87;88;1626;343;962;3.2;22.5;-35.5;14.4;5.5;76.6;0.0000;-0.0303;-0.1000;100.2000;
273.06;0;0;0;0;81;207;88;87;88;87;88;1622;343;962;3.2;22.4;-35.5;14.4;5.5;76.6;0.0000;-0.0303;-0.1000;100.2500;
273.31;0;0;0;0;81;207;88;87;87;87;88;1622;343;962;3.2;21.2;-35.5;14.4;5.5;76.6;0.0000;-0.0300;-0.0500;100.2250;
273.56;0;0;0;0;81;207;87;87;88;87;87;1621;343;962;3.2;21.2;-35.5;14.4;5.5;76.6;0.0000;-0.0293;-0.1000;100.1250;
273.81;0;0;0;0;81;207;87;87;87;87;87;1616;343;962;3.2;21.2;-35.5;14.4;5.5;76.6;0.0000;-0.0293;-0.1250;100.2250;
274.06;0;0;0;0;81;207;87;87;87;87;87;1616;343;962;3.2;20.8;-35.0;14.4;5.5;76.6;0.0000;-0.0293;-0.1250;100.3250;
274.31;0;0;0;0;81;207;87;86;87;86;87;1610;343;962;3.2;20.9;-35.5;14.4;5.5;76.6;0.0000;-0.0288;-0.2000;100.3000;
274.56;0;0;0;0;81;207;87;86;87;86;87;1610;343;962;3.2;20.9;-35.0;14.4;5.5;76.6;0.0000;-0.0280;-0.2000;100.4750;
274.81;0;0;0;0;81;207;87;86;87;86;87;1608;343;962;3.2;20.2;-35.5;14.4;5.5;76.6;0.0000;-0.0280;-0.1500;100.3000;
275.06;0;0;0;0;81;207;87;86;87;86;87;1602;343;962;3.2;20.3;-35.0;14.4;5.5;76.6;0.0000;-0.0282;-0.1500;99.9500;
275.31;0;0;0;0;81;207;87;86;86;86;86;1598;343;962;3.2;20.3;-35.0;14.4;5.5;76.6;0.0000;-0.0307;-0.1250;100.2250;
275.56;0;0;0;0;81;207;86;86;86;86;86;1598;343;962;3.3;20.6;-35.0;14.4;5.5;76.6;0.0000;-0.0307;-0.1750;100.3250;
275.81;0;0;0;0;81;207;86;85;86;85;86;1592;343;962;3.3;20.6;-35.0;14.4;5.5;76.6;0.0000;-0.0307;-0.2000;100.1000;
276.06;0;0;0;0;81;207;86;85;86;85;86;1591;343;962;3.2;20.4;-35.0;14.4;5.5;76.6;0.0000;-0.0304;-0.2000;100.1500;
276.32;0;0;0;0;81;207;86;85;86;85;86;1584;343;962;3.2;20.5;-35.0;14.4;5.5;76.6;0.0000;-0.0303;-0.2250;100.3000;
276.57;0;0;0;0;81;207;85;85;85;85;85;1580;343;962;3.2;20.5;-35.0;14.4;5.5;76.6;0.0000;-0.0291;-0.2500;100.4750;
276.82;0;0;0;0;81;207;85;84;85;85;85;1575;343;962;3.4;20.7;-35.0;14.4;5.5;76.6;0.0000;-0.0285;-0.3250;100.3500;
277.07;0;0;0;0;81;207;85;84;85;84;85;1573;343;962;3.4;20.2;-35.0;14.4;5.5;76.6;0.0000;-0.0282;-0.2750;100.4250;
277.32;0;0;0;0;81;207;84;84;84;84;84;1571;343;962;3.4;20.2;-20.5;14.4;5.5;76.6;0.1255;-0.0238;-0.3250;100.7750;
277.57;0;0;0;0;81;207;84;84;84;84;84;1569;343;962;3.5;20.4;4.0;14.4;5.5;76.6;0.1647;-0.0193;-0.3250;101.1000;
277.82;0;0;0;0;81;207;84;84;84;84;84;1564;343;962;3.5;20.4;30.5;14.4;5.5;76.6;0.2000;-0.0148;-0.1750;101.6500;
278.07;0;0;0;0;81;207;84;84;84;84;84;1564;343;962;3.5;20.9;45.0;14.4;5.5;76.6;0.2431;-0.0088;-0.1000;102.0250;
278.32;0;0;0;0;81;207;84;84;84;84;84;1561;343;962;3.5;20.9;81.5;14.4;5.5;76.6;0.2824;-0.0070;-0.0250;102.1250;
278.57;0;0;0;0;81;207;84;84;84;84;84;1564;343;962;3.7;20.9;91.5;14.4;5.5;76.6;0.2824;-0.0075;0.0250;102.0000;
278.82;0;0;0;0;81;207;84;84;84;84;84;1562;343;962;3.9;21.7;93.5;14.4;5.5;76.6;0.2784;-0.0075;0.0000;102.0250;
279.07;0;0;0;0;81;207;84;84;84;84;84;1562;343;962;3.9;21.7;92.0;14.4;5.5;76.6;0.2784;-0.0072;0.0250;102.1750;
279.32;0;0;0;0;81;207;84;84;84;84;84;1562;343;962;3.9;22.0;93.0;14.4;5.5;76.6;0.2784;-0.0011;0.0000;102.3250;
279.57;0;0;0;0;81;207;84;84;84;84;84;1562;343;962;3.9;22.0;97.5;14.4;5.5;76.6;0.3216;0.0000;0.0000;0.0000;
279.82;0;0;0;0;81;207;84;84;84;84;84;1566;343;962;3.9;22.2;134.5;14.4;5.5;76.6;0.3569;0.0018;0.0000;0.0500;
280.07;0;0;0;0;81;207;84;84;84;84;84;1566;343;962;4.0;23.1;143.5;14.4;5.5;76.6;0.3569;0.0031;0.0500;0.1500;
280.32;0;0;0;0;81;207;84;84;84;84;85;1568;343;962;4.0;23.1;146.0;14.4;5.5;76.6;0.3569;0.0046;0.1000;0.2500;
280.57;0;0;0;0;81;207;84;85;84;84;85;1566;343;962;4.1;23.8;146.5;14.4;5.5;76.6;0.3569;0.0052;0.0750;0.2750;
280.82;0;0;0;0;81;207;84;85;84;85;85;1572;343;962;3.9;24.2;148.0;14.4;5.5;76.6;0.3686;0.0086;0.0750;0.4750;
281.07;0;0;0;0;81;207;84;85;84;85;85;1573;343;962;3.9;24.2;157.0;14.4;5.5;76.6;0.3922;0.0091;0.1000;0.4500;
281.34;0;0;0;0;81;207;85;85;85;85;85;1577;343;962;3.9;25.0;179.0;14.4;5.5;76.6;0.4118;0.0051;0.0750;0.4000;
281.59;0;0;0;0;81;207;85;85;85;85;85;1576;343;962;3.9;25.0;185.0;14.4;5.5;76.6;0.4118;0.0025;0.0750;0.2500;
281.84;0;0;0;0;81;207;85;85;85;85;85;1576;343;962;3.8;25.7;184.5;14.4;5.5;76.6;0.4118;0.0001;0.0500;0.1000;
282.09;0;0;0;0;81;207;85;85;85;85;85;1583;344;962;3.8;25.7;183.0;14.4;5.5;76.6;0.4118;-0.0008;0.0500;102.3500;
282.34;0;0;0;0;81;207;85;85;85;85;85;1584;344;962;3.7;25.6;184.0;14.4;5.5;76.6;0.4118;-0.0016;0.0750;102.3250;
282.59;0;0;0;0;81;207;85;85;85;85;86;1584;344;962;3.7;25.6;184.0;14.4;5.5;76.6;0.4118;-0.0014;0.1000;0.0250;
282.84;0;0;0;0;81;207;85;85;85;85;86;1588;344;962;3.6;25.7;181.5;14.4;5.5;76.6;0.4078;-0.0013;0.0750;0.0250;
283.09;0;0;0;0;81;207;85;86;85;85;86;1588;344;962;3.4;25.8;181.0;14.4;5.5;76.6;0.4078;-0.0013;0.0750;102.3750;
283.34;0;0;0;0;81;207;85;85;86;86;86;1588;344;962;3.4;25.8;180.0;14.4;5.5;76.6;0.4039;-0.0011;0.0250;102.3500;
283.59;0;0;0;0;81;207;86;86;86;86;86;1588;344;962;3.4;25.8;179.0;14.4;5.5;76.6;0.4039;-0.0009;0.0750;102.3500;
283.84;0;0;0;0;81;207;86;86;86;86;86;1592;344;962;3.3;25.7;176.0;14.4;5.5;76.6;0.3961;-0.0007;0.0750;0.0250;
284.09;0;0;0;0;81;207;86;86;86;86;86;1594;344;962;3.3;25.7;174.5;14.4;5.5;76.6;0.3961;-0.0004;0.0500;0.0750;
284.34;0;0;0;0;81;207;86;86;86;86;86;1595;344;962;3.3;25.7;173.0;14.4;5.5;76.6;0.3922;0.0000;0.0500;102.3750;
284.59;0;0;0;0;81;207;86;86;86;86;86;1598;344;962;3.3;25.7;172.5;14.4;5.5;76.6;0.3922;0.0000;0.0750;0.1750;
284.84;0;0;0;0;81;207;86;86;86;86;86;1599;344;962;3.3;25.4;164.5;14.4;5.5;76.6;0.3765;0.0003;0.1000;0.1250;
285.09;0;0;0;0;81;207;86;86;86;86;86;1599;344;962;3.3;25.4;152.5;14.4;5.5;76.6;0.3569;0.0004;0.1750;0.0000;
285.34;0;0;0;0;81;207;86;86;86;86;87;1604;344;962;3.3;25.4;134.5;14.4;5.5;76.6;0.3294;0.0007;0.1500;0.1500;
285.59;0;0;0;0;81;207;87;87;87;86;87;1606;344;962;3.3;25.3;120.5;14.4;5.5;76.6;0.3098;0.0018;0.1000;0.1500;
285.84;0;0;0;0;81;207;86;87;86;87;87;1605;344;962;3.2;25.1;101.5;14.4;5.5;76.6;0.2824;0.0051;0.0250;0.3500;
286.09;0;0;0;0;81;207;86;86;86;86;87;1605;344;962;3.2;25.1;86.0;14.4;5.5;76.6;0.2588;0.0057;-0.0500;0.2500;
286.35;0;0;0;0;81;207;86;86;86;86;87;1606;344;962;3.2;25.1;72.0;14.4;5.5;76.6;0.2392;0.0007;-0.0500;0.1250;
286.60;0;0;0;0;81;207;86;86;86;87;87;1604;344;962;3.3;25.6;59.5;14.4;5.5;76.6;0.2196;-0.0008;-0.0500;0.1750;
286.85;0;0;0;0;81;207;86;86;86;86;87;1603;344;962;3.3;25.9;54.5;14.4;5.5;76.6;0.2157;-0.0004;-0.0750;102.3500;
287.10;0;0;0;0;81;207;86;86;86;86;86;1600;344;962;3.3;25.9;49.5;14.4;5.5;76.6;0.2078;0.0013;-0.0750;0.0250;
287.35;0;0;0;0;81;207;86;86;86;86;86;1603;344;962;3.3;25.8;45.5;14.4;5.5;76.6;0.2039;0.0016;-0.1000;0.0750;
287.60;0;0;0;0;81;207;86;86;86;86;86;1580;344;962;3.3;25.8;-5.5;14.4;5.5;76.6;0.0000;0.0020;-0.1250;0.0750;
287.85;0;0;0;0;81;207;86;86;86;86;86;1592;344;962;3.3;26.1;-24.0;14.4;5.5;76.6;0.0000;0.0004;-0.1750;0.1250;
288.10;0;0;0;0;81;207;86;86;85;86;86;1583;344;962;3.4;26.9;-34.5;14.4;5.5;76.6;0.0000;0.0004;-0.2750;0.0250;
288.35;0;0;0;0;81;207;85;85;85;85;86;1583;344;962;3.4;26.9;-35.0;14.4;5.5;76.6;0.0000;0.0004;-0.3250;0.1250;
288.60;0;0;0;0;81;207;85;85;85;85;85;1577;344;962;3.5;27.0;-35.0;14.4;5.5;76.6;0.0000;0.0004;-0.3500;0.0250;
288.85;0;0;0;0;81;207;85;85;85;85;85;1574;344;962;3.5;27.2;-35.0;14.4;5.5;76.6;0.0000;0.0004;-0.2750;0.0250;
289.10;0;0;0;0;81;207;85;85;84;85;85;1570;344;962;3.5;27.2;-35.0;14.4;5.5;76.6;0.0000;0.0038;-0.2500;0.0500;
289.35;0;0;0;0;81;207;84;84;84;84;85;1567;344;962;3.6;27.8;-35.0;14.4;5.5;76.6;0.0000;0.0043;-0.2500;0.2500;
289.60;0;0;0;0;81;207;84;85;84;84;84;1563;344;962;3.6;27.8;-35.0;14.4;5.5;76.6;0.0000;0.0049;-0.2500;0.1750;
289.85;0;0;0;0;81;207;84;84;84;84;84;1561;344;962;3.6;28.0;-35.0;14.4;5.5;76.6;0.0000;0.0052;-0.2250;0.2000;
290.10;0;0;0;0;81;207;84;84;84;84;84;1559;344;962;3.7;28.4;-35.0;14.4;5.5;76.6;0.0000;0.0054;-0.1500;0.3500;
290.35;0;0;0;0;82;207;84;84;84;84;84;1559;344;962;3.7;28.4;-35.0;14.4;5.5;76.6;0.0000;0.0052;-0.1500;0.5250;
290.60;0;0;0;0;82;207;84;84;84;84;84;1555;344;962;3.7;28.4;-35.0;14.4;5.5;76.6;0.0000;0.0052;-0.1500;0.2000;
290.85;0;0;0;0;82;207;84;84;84;84;84;1554;344;962;3.8;28.8;-34.5;14.4;5.5;76.6;0.0000;0.0043;-0.1750;0.2500;
291.10;0;0;0;0;82;207;84;84;84;84;84;1553;344;962;3.8;29.1;-34.5;14.4;5.5;76.6;0.0000;0.0025;-0.1000;0.2750;
291.37;0;0;0;0;82;207;84;84;83;84;84;1553;344;962;3.8;29.1;-34.5;14.4;5.5;76.6;0.0000;0.0022;-0.0750;0.2500;
291.62;0;0;0;0;82;207;84;84;84;84;84;1553;344;962;3.8;29.4;-34.5;14.4;5.5;76.6;0.0000;0.0011;-0.0750;0.1750;
291.87;0;0;0;0;82;207;84;84;84;84;84;1553;344;962;3.8;29.8;-34.5;14.4;5.5;76.6;0.0000;0.0008;-0.0250;0.2250;
292.12;0;0;0;0;82;207;84;84;84;84;84;1555;344;962;3.8;29.8;-34.5;14.4;5.5;76.6;0.0000;0.0007;0.0000;0.2500;
292.37;0;0;0;0;82;207;84;84;84;84;84;1555;344;962;3.8;29.8;-34.5;14.4;5.5;76.6;0.0000;0.0011;0.0250;0.2500;
292.62;0;0;0;0;82;207;84;84;84;84;84;1559;344;962;3.8;29.9;-34.5;14.4;5.5;76.6;0.0000;0.0011;0.1000;0.2500;
292.87;0;0;0;0;82;207;84;84;84;84;84;1562;344;962;3.8;29.9;-34.5;14.4;5.5;76.6;0.0000;0.0011;0.1500;0.1250;
293.12;0;0;0;0;82;207;84;84;84;84;84;1565;344;962;3.8;30.1;-35.0;14.4;5.5;76.6;0.0000;0.0043;0.1250;0.2750;
293.37;0;0;0;0;82;207;84;85;84;84;85;1568;344;962;3.8;30.1;-35.0;14.4;5.5;76.6;0.0000;0.0038;0.1500;0.3750;
293.62;0;0;0;0;82;207;85;85;84;85;85;1571;344;962;3.8;30.2;-35.0;14.4;5.5;76.6;0.0000;0.0025;0.1750;0.2250;
293.87;0;0;0;0;82;207;85;85;85;85;85;1576;344;962;3.7;30.2;-35.0;14.4;5.5;76.6;0.0000;0.0011;0.1750;0.2250;
294.12;0;0;0;0;82;207;85;85;85;85;85;1579;344;962;3.7;30.2;-35.0;14.4;5.5;76.6;0.0000;-0.0020;0.1750;0.0000;
294.37;0;0;0;0;82;207;85;85;85;85;85;1584;344;962;3.7;30.2;-35.0;14.4;5.5;76.6;0.0000;-0.0014;0.2000;0.1000;
294.62;0;0;0;0;82;207;86;85;85;85;86;1585;344;962;3.7;30.2;-35.0;14.4;5.5;76.6;0.0000;-0.0011;0.2000;102.3750;
294.87;0;0;0;0;82;207;86;86;85;86;86;1590;344;962;3.7;29.9;-35.0;14.4;5.5;76.6;0.0000;-0.0009;0.1750;102.3500;
295.12;0;0;0;0;82;207;86;86;86;86;86;1594;344;962;3.7;29.9;-35.0;14.4;5.5;76.6;0.0000;0.0022;0.1500;0.1500;
295.37;0;0;0;0;82;207;86;86;86;86;86;1597;344;962;3.7;29.6;-35.0;14.4;5.5;76.6;0.0000;0.0022;0.1750;0.1000;
295.62;0;0;0;0;82;207;86;86;86;86;86;1601;344;962;3.7;29.7;-35.0;14.4;5.5;76.6;0.0000;0.0022;0.1750;0.1000;
295.87;0;0;0;0;82;207;87;86;86;86;87;1604;344;962;3.7;29.7;-35.0;14.4;5.5;76.6;0.0000;0.0022;0.1750;0.0750;
296.12;0;0;0;0;81;207;86;87;86;87;87;1606;344;962;3.8;29.6;-35.5;14.4;5.5;76.6;0.0000;0.0022;0.1750;0.2000;
296.38;0;0;0;0;81;207;87;87;87;87;87;1611;344;962;3.8;29.6;-35.5;14.4;5.5;76.6;0.0000;0.0022;0.2000;0.1000;
296.63;0;0;0;0;81;207;87;87;87;87;87;1616;344;962;3.7;29.3;-35.5;14.4;5.5;76.6;0.0000;0.0022;0.2500;0.1500;
296.88;0;0;0;0;81;207;87;87;87;87;87;1616;344;962;3.7;29.4;-35.5;14.4;5.5;76.6;0.0000;0.0022;0.1750;0.2250;
297.13;0;0;0;0;81;207;87;87;87;87;87;1622;345;962;3.7;29.4;-35.5;14.4;5.5;76.6;0.0000;0.0025;0.2000;0.2750;
297.38;0;0;0;0;81;207;88;88;87;87;88;1624;345;962;3.6;29.5;-35.5;14.4;5.5;76.6;0.0000;0.0025;0.1750;0.2000;
297.63;0;0;0;0;81;207;88;88;88;88;88;1628;345;962;3.6;29.2;-35.5;14.4;5.5;76.6;0.0000;0.0025;0.1500;0.2750;
297.88;0;0;0;0;81;207;88;88;88;88;88;1629;345;962;3.6;29.2;-35.5;14.4;5.5;76.6;0.0000;0.0018;0.2000;0.2000;
298.13;0;0;0;0;81;207;88;88;88;88;88;1634;345;962;3.5;29.3;-35.5;14.4;5.5;76.6;0.0000;0.0011;0.1750;0.1000;
298.38;0;0;0;0;81;207;88;88;88;88;88;1637;345;962;3.5;29.3;-36.0;14.4;5.5;76.6;0.0000;0.0016;0.1500;0.2000;
298.63;0;0;0;0;81;207;88;89;88;88;88;1638;345;962;3.5;29.3;-36.0;14.4;5.5;76.6;0.0000;0.0020;0.1500;0.1500;
298.88;0;0;0;0;81;207;88;89;88;88;89;1643;345;964;3.5;29.3;-36.0;14.4;5.5;76.6;0.0000;0.0022;0.1500;0.1500;
299.13;0;0;0;0;81;207;89;89;89;89;89;1647;345;964;3.4;29.4;-36.0;14.4;5.5;76.6;0.0000;0.0011;0.1750;0.2500;
299.38;0;0;0;0;81;207;89;89;89;89;89;1650;345;964;3.4;29.4;-36.0;14.4;5.5;76.6;0.0000;0.0001;0.1500;0.0750;
299.63;0;0;0;0;81;207;89;89;89;89;89;1654;345;964;3.4;29.5;-36.0;14.4;5.5;76.6;0.0000;0.0001;0.1750;0.1750;
299.88;0;0;0;0;81;207;89;89;89;89;89;1657;345;964;3.3;29.4;-36.0;14.4;5.5;76.6;0.0000;0.0001;0.1500;0.0500;
300.13;0;0;0;0;81;207;89;90;89;89;90;1660;345;964;3.3;29.4;-36.0;14.4;5.5;76.6;0.0000;0.0001;0.1250;0.1250;
300.38;0;0;0;0;81;207;90;90;89;90;90;1664;345;964;3.3;29.4;-36.0;14.4;5.5;76.6;0.0000;0.0001;0.1750;0.0750;
300.63;0;0;0;0;81;207;90;90;90;90;90;1667;345;964;3.3;29.4;-36.0;14.4;5.5;76.6;0.0000;0.0011;0.1500;0.0500;
300.88;0;0;0;0;81;207;90;90;90;90;90;1671;345;964;3.3;29.4;-36.0;14.4;5.5;76.6;0.0000;0.0013;0.1500;0.0500;
301.13;0;0;0;0;81;207;90;90;90;90;90;1673;345;964;3.2;29.5;-36.5;14.4;5.5;76.6;0.0000;0.0014;0.1250;0.1250;
301.40;0;0;0;0;81;207;90;91;90;90;91;1676;345;964;3.2;29.5;-36.5;14.4;5.5;76.6;0.0000;0.0013;0.1250;0.1750;
301.65;0;0;0;0;81;207;91;91;90;90;91;1680;345;964;3.2;29.4;-36.5;14.4;5.5;76.6;0.0000;-0.0007;0.2250;0.0000;
301.90;0;0;0;0;81;207;91;91;91;91;91;1684;345;964;3.2;29.4;-36.5;14.4;5.5;76.6;0.0000;-0.0004;0.2000;0.0000;
302.15;0;0;0;0;81;207;91;91;91;91;91;1687;345;964;3.2;29.4;-36.5;14.4;5.5;76.6;0.0000;0.0007;0.1750;0.1750;
302.40;0;0;0;0;81;207;91;91;91;91;91;1689;345;964;3.2;29.4;-36.5;14.4;5.5;76.6;0.0000;0.0009;0.1500;0.0750;
302.65;0;0;0;0;81;207;91;91;91;91;91;1693;345;964;3.2;29.3;-36.5;14.4;5.5;76.6;0.0000;0.0013;0.1500;0.2500;
302.90;0;0;0;0;81;207;91;92;91;92;92;1697;345;964;3.2;29.3;-36.5;14.4;5.5;76.6;0.0000;0.0034;0.1750;0.2500;
303.15;0;0;0;0;81;207;91;92;91;91;92;1698;345;964;3.2;29.3;-36.5;14.4;5.5;76.6;0.0000;0.0033;0.1500;0.2250;
303.40;0;0;0;0;81;207;92;92;92;92;92;1706;345;964;3.2;29.4;-36.5;14.4;5.5;76.6;0.0000;0.0033;0.2500;0.2750;
303.65;0;0;0;0;81;207;92;92;92;92;92;1706;345;964;3.2;29.6;-36.5;14.4;5.5;76.6;0.0000;0.0033;0.1750;0.2000;
303.90;0;0;0;0;81;207;92;92;92;92;92;1707;345;964;3.2;29.6;-36.5;14.4;5.5;76.6;0.0000;0.0025;0.2000;0.3250;
304.15;0;0;0;0;81;207;92;92;92;92;93;1713;345;964;3.2;29.7;-36.5;14.4;5.5;76.6;0.0000;0.0022;0.1750;0.0750;
304.40;0;0;0;0;81;207;92;92;92;92;93;1715;345;964;3.2;29.7;-36.5;14.4;5.5;76.6;0.0000;0.0022;0.0750;0.1000;
304.65;0;0;0;0;81;207;92;93;92;92;93;1716;345;964;3.2;29.9;-36.5;14.4;5.5;76.6;0.0000;0.0003;0.1000;0.1500;
304.90;0;0;0;0;81;207;93;93;93;93;93;1722;345;964;3.2;30.1;-37.0;14.4;5.5;76.6;0.0000;-0.0022;0.1500;102.3500;
305.15;0;0;0;0;81;207;93;93;93;93;93;1723;345;964;3.2;30.1;-37.0;14.4;5.5;76.6;0.0000;-0.0025;0.1500;102.3000;
305.40;0;0;0;0;81;207;93;93;93;93;93;1724;345;964;3.2;29.8;-37.0;14.5;5.5;76.6;0.0000;-0.0025;0.1250;102.1750;
305.65;0;0;0;0;81;207;93;93;93;93;93;1731;345;966;3.2;29.6;-37.0;14.5;5.5;76.6;0.0000;-0.0022;0.1500;102.1750;
305.90;0;0;0;0;81;207;93;93;93;93;94;1734;345;964;3.2;29.6;-37.0;14.5;5.5;76.6;0.0000;-0.0021;0.1750;102.3000;
306.15;0;0;0;0;81;207;94;93;93;94;94;1737;345;966;3.2;29.5;-37.5;14.5;5.5;76.6;0.0000;-0.0014;0.1750;102.3000;
306.41;0;0;0;0;81;207;94;94;94;94;94;1743;345;966;3.2;29.5;-37.5;14.5;5.5;76.6;0.0000;0.0004;0.1750;0.0000;
306.66;0;0;0;0;81;207;94;94;94;94;94;1746;345;966;3.2;29.5;-37.5;14.5;5.5;76.6;0.0000;0.0013;0.2250;0.0500;
306.91;0;0;0;0;81;207;94;94;94;94;94;1744;345;966;3.2;29.5;-37.5;14.5;5.5;76.6;0.0000;0.0018;0.1000;0.0250;
307.16;0;0;0;0;81;207;94;94;94;94;94;1749;345;966;3.2;29.5;-38.0;14.5;5.5;76.6;0.0000;0.0018;0.1250;0.1250;
307.41;0;0;0;0;81;207;94;94;94;94;95;1753;345;966;3.2;29.5;-38.0;14.5;5.5;76.6;0.0000;0.0013;0.1500;0.2250;
307.66;0;0;0;0;81;207;95;94;94;94;95;1756;345;966;3.2;29.5;-38.0;14.5;5.5;76.6;0.0000;0.0013;0.1500;0.2250;
307.91;0;0;0;0;81;207;95;95;94;94;95;1756;345;966;3.2;29.5;-38.0;14.5;5.5;76.6;0.0000;0.0011;0.1000;0.1000;
308.16;0;0;0;0;81;207;95;95;94;95;95;1758;345;966;3.2;29.5;-38.0;14.5;5.5;76.6;0.0000;-0.0056;0.0750;102.3500;
308.41;0;0;0;0;81;207;95;95;95;95;95;1760;345;966;3.2;29.3;-38.0;14.5;5.5;76.6;0.0000;-0.0074;0.1000;102.0250;
308.66;0;0;0;0;81;207;95;95;95;95;95;1761;345;966;3.2;29.2;-38.5;14.5;5.5;76.6;0.0000;-0.0077;0.0750;101.9500;
308.91;0;0;0;0;81;207;95;95;95;95;95;1766;345;966;3.2;29.2;-38.5;14.5;5.5;76.6;0.0000;-0.0095;0.1000;101.9500;
309.16;0;0;0;0;81;207;95;95;95;95;95;1767;345;966;3.2;28.6;-38.5;14.5;5.5;76.6;0.0000;-0.0097;0.1000;101.9000;
309.41;0;0;0;0;81;207;95;95;95;95;96;1768;345;966;3.2;28.6;-38.5;14.5;5.5;76.6;0.0000;-0.0104;0.0750;101.8250;
309.66;0;0;0;0;81;207;95;95;95;95;96;1769;345;966;3.2;28.5;-38.5;14.5;5.5;76.6;0.0000;-0.0107;0.0000;101.8500;
309.91;0;0;0;0;81;207;95;95;95;95;96;1768;345;966;3.2;28.7;-38.5;14.5;5.5;76.6;0.0000;-0.0105;0.0250;101.8750;
310.16;0;0;0;0;81;207;95;95;95;95;96;1770;345;966;3.2;28.7;-38.5;14.5;5.5;76.6;0.0000;-0.0109;0.0500;101.7500;
310.41;0;0;0;0;80;207;95;95;95;95;96;1769;345;966;3.2;28.4;-38.5;14.5;5.5;76.6;0.0000;-0.0118;-0.0250;101.8500;
310.66;0;0;0;0;80;207;95;95;95;95;96;1768;345;966;3.2;28.1;-38.5;14.5;5.5;76.6;0.0000;-0.0118;-0.0750;101.7000;
310.91;0;0;0;0;80;207;95;95;95;95;96;1768;345;966;3.2;28.1;-38.5;14.5;5.5;76.6;0.0000;-0.0118;-0.0750;101.7000;
311.16;0;0;0;0;80;207;95;95;95;95;96;1767;345;966;3.2;28.0;-38.5;14.5;5.5;76.6;0.0000;-0.0115;-0.0500;101.6250;
311.44;0;0;0;0;80;207;95;95;95;95;95;1764;345;966;3.2;28.0;-38.5;14.5;5.5;76.6;0.0000;-0.0109;-0.0500;101.7250;
311.69;0;0;0;0;80;207;95;95;95;95;95;1762;345;966;3.2;27.3;-38.5;14.5;5.5;76.6;0.0000;-0.0102;-0.0500;101.9250;
311.94;0;0;0;0;80;207;95;95;95;95;95;1762;345;966;3.2;27.3;-38.5;14.5;5.5;76.6;0.0000;-0.0091;-0.0750;101.9000;
312.19;0;0;0;0;80;207;95;95;95;95;95;1759;345;966;3.2;27.0;-38.5;14.5;5.5;76.6;0.0000;-0.0102;-0.2000;101.9500;
312.44;0;0;0;0;80;207;95;95;94;94;95;1752;345;966;3.2;26.9;-38.5;14.5;5.5;76.6;0.0000;-0.0102;-0.3500;101.8250;
312.69;0;0;0;0;80;207;94;94;94;94;94;1750;345;966;3.2;26.9;-38.5;14.5;5.5;76.6;0.0000;-0.0097;-0.3250;102.1500;
312.94;0;0;0;0;80;207;94;94;94;94;94;1739;345;966;3.3;26.4;-38.5;14.5;5.5;76.6;0.0000;-0.0075;-0.4000;102.0000;
313.19;0;0;0;0;80;207;94;93;93;93;94;1736;345;966;3.3;26.4;-38.5;14.5;5.5;76.6;0.0000;-0.0067;-0.3250;101.8250;
313.44;0;0;0;0;80;207;93;93;93;93;94;1732;345;966;3.3;26.7;-38.0;14.5;5.5;76.6;0.0000;-0.0064;-0.2750;102.3250;
313.69;0;0;0;0;80;207;93;93;92;93;93;1725;345;966;3.3;27.0;-38.0;14.5;5.5;76.6;0.0000;-0.0064;-0.4000;101.9750;
313.94;0;0;0;0;80;207;92;92;92;92;93;1714;345;966;3.3;27.0;-38.0;14.5;5.5;76.6;0.0000;-0.0104;-0.4750;102.0500;
314.19;0;0;0;0;80;207;92;92;92;92;92;1706;345;966;3.4;26.7;-38.0;14.5;5.5;76.6;0.0000;-0.0110;-0.5750;101.8750;
314.44;0;0;0;0;80;207;92;92;91;91;92;1695;345;966;3.4;26.9;-38.0;14.5;5.5;76.6;0.0000;-0.0109;-0.5250;101.7000;
314.69;0;0;0;0;80;207;91;91;91;91;91;1690;345;966;3.4;26.9;-38.0;14.5;5.5;76.6;0.0000;-0.0099;-0.5500;101.7500;
314.94;0;0;0;0;80;207;91;90;90;90;91;1678;345;966;3.4;26.9;-38.0;14.5;5.5;76.6;0.0000;-0.0091;-0.6000;102.0000;
315.19;0;0;0;0;80;207;90;90;90;90;90;1667;345;966;3.4;26.9;-38.0;14.5;5.5;76.6;0.0000;-0.0088;-0.7000;102.1250;
315.44;0;0;0;0;80;207;89;89;89;89;89;1650;345;966;3.4;26.9;-38.0;14.5;5.5;76.6;0.0000;-0.0086;-0.7000;102.2250;
315.69;0;0;0;0;80;207;89;89;88;88;89;1644;345;966;3.4;26.9;-38.0;14.5;5.5;76.6;0.0000;-0.0087;-0.7250;102.0500;
315.94;0;0;0;0;80;207;88;88;88;88;88;1628;345;966;3.4;27.1;-38.0;14.5;5.5;76.6;0.0000;-0.0095;-0.7500;102.1250;
316.19;0;0;0;0;80;207;87;87;87;87;87;1615;345;966;3.4;27.1;-38.0;14.5;5.5;76.6;0.0000;-0.0104;-0.8000;101.8000;
316.46;0;0;0;0;80;207;86;86;86;86;87;1599;345;966;3.4;27.0;-37.5;14.5;5.5;76.6;0.0000;-0.0102;-0.8250;101.8250;
316.71;0;0;0;0;80;207;86;86;86;85;86;1585;345;966;3.5;26.9;-37.5;14.5;5.5;76.6;0.0000;-0.0095;-0.7750;101.8250;
316.96;0;0;0;0;80;207;85;85;85;85;85;1575;345;966;3.5;26.9;-37.5;14.5;5.5;76.6;0.0000;-0.0092;-0.7500;102.0250;
317.21;0;0;0;0;80;207;84;84;84;84;84;1559;345;966;3.5;26.9;-37.5;14.5;5.5;76.6;0.0000;-0.0087;-0.8250;101.9250;
317.46;0;0;0;0;80;207;83;84;83;83;84;1547;345;966;3.5;26.9;-37.0;14.5;5.5;76.6;0.0000;-0.0084;-0.8500;101.9000;
317.71;0;0;0;0;80;207;82;82;82;82;83;1529;345;966;3.5;26.9;-37.0;14.5;5.5;76.6;0.0000;-0.0099;-0.8750;102.0250;
317.96;0;0;0;0;80;207;82;82;82;82;82;1519;345;966;3.5;26.8;-37.0;14.5;5.5;76.6;0.0000;-0.0099;-0.8500;101.9250;
318.21;0;0;0;0;80;207;81;81;81;81;81;1503;345;966;3.5;26.8;-37.0;14.5;5.5;76.6;0.0000;-0.0095;-0.8000;102.0500;
318.46;0;0;0;0;80;207;81;80;81;80;81;1491;345;966;3.5;26.6;-36.5;14.5;5.5;76.6;0.0000;-0.0091;-0.8250;102.1250;
318.71;0;0;0;0;80;207;80;79;80;79;80;1474;345;966;3.5;26.8;-36.5;14.5;5.5;76.6;0.0000;-0.0087;-0.9250;102.1500;
318.96;0;0;0;0;80;207;79;79;79;79;79;1458;345;966;3.5;26.8;-36.5;14.5;5.5;76.6;0.0000;-0.0082;-1.0000;102.1750;
319.21;0;0;0;0;80;207;78;77;78;78;78;1443;345;966;3.5;27.0;-36.5;14.5;5.5;76.6;0.0000;-0.0075;-1.0250;102.2750;
319.46;0;0;0;0;80;207;77;77;77;77;77;1430;345;966;3.6;26.9;-36.0;14.5;5.5;76.6;0.0000;-0.0061;-0.9750;102.2250;
319.71;0;0;0;0;80;207;76;76;76;76;76;1411;345;966;3.6;26.9;-36.0;14.5;5.5;76.6;0.0000;-0.0039;-0.9750;102.1750;
319.96;0;0;0;0;80;207;75;75;75;75;76;1396;345;966;3.6;26.9;-36.0;14.5;5.5;76.6;0.0000;-0.0013;-0.9750;0.0250;
320.21;0;0;0;0;80;207;74;74;74;74;75;1380;347;966;3.6;27.1;-35.5;14.5;5.5;76.6;0.0000;-0.0008;-0.9250;0.0000;
320.46;0;0;0;0;80;207;74;74;73;74;74;1369;347;966;3.7;27.5;-35.5;14.5;5.5;76.6;0.0000;0.0003;-0.9250;0.0000;
320.71;0;0;0;0;80;207;73;73;72;72;73;1349;347;966;3.7;27.5;-35.5;14.5;5.5;76.6;0.0000;0.0018;-0.9250;0.0750;
320.96;0;0;0;0;80;207;72;72;72;72;72;1335;347;966;3.7;27.5;-35.5;14.5;5.5;76.6;0.0000;0.0020;-0.9250;0.1000;
321.21;0;0;0;0;80;207;71;71;71;71;71;1315;347;966;3.7;27.5;-35.0;14.5;5.5;76.6;0.0000;0.0022;-0.9750;0.0250;
321.47;0;0;0;0;80;207;70;70;70;70;70;1301;347;966;3.7;27.9;-35.0;14.5;5.5;76.6;0.0000;0.0025;-1.0000;0.1000;
321.72;0;0;0;0;80;207;69;69;69;69;69;1282;347;966;3.7;28.2;-35.0;14.5;5.5;76.6;0.0000;0.0008;-1.0250;0.0500;
321.97;0;0;0;0;80;207;68;68;68;68;69;1269;347;966;3.7;28.2;-34.5;14.5;5.5;76.6;0.0000;0.0007;-0.9750;0.0250;
322.22;0;0;0;0;79;207;67;67;67;67;68;1250;347;966;3.7;28.2;-34.5;14.5;5.5;76.6;0.0000;-0.0008;-1.0000;0.0000;
322.47;0;0;0;0;79;207;67;67;67;66;67;1239;347;966;3.6;28.5;-34.5;14.5;5.5;76.6;0.0000;-0.0013;-0.9750;102.2750;
322.72;0;0;0;0;79;207;66;65;65;65;66;1220;347;966;3.6;28.5;-34.5;14.5;5.5;76.6;0.0000;-0.0013;-0.9250;102.1750;
322.97;0;0;0;0;79;207;65;65;65;65;65;1207;347;966;3.6;28.6;-34.0;14.5;5.5;76.6;0.0000;-0.0014;-1.0000;102.3750;
323.22;0;0;0;0;79;207;64;64;64;64;64;1187;347;966;3.6;28.4;-34.0;14.5;5.5;76.6;0.0000;-0.0014;-1.0000;102.3000;
323.47;0;0;0;0;79;207;63;63;63;63;63;1175;347;966;3.6;28.4;-34.0;14.5;5.5;76.6;0.0000;-0.0014;-1.0000;102.3750;
323.72;0;0;0;0;79;207;62;62;62;62;62;1154;347;966;3.6;28.6;-34.0;14.5;5.5;76.6;0.0000;-0.0018;-1.0250;102.2500;
323.97;1;0;0;0;79;207;61;61;61;61;62;1142;347;966;3.6;28.6;-34.0;14.5;5.5;76.6;0.0000;-0.0022;-1.0250;102.2000;
324.22;1;0;0;0;79;207;61;60;60;61;61;897;347;966;3.6;28.6;-7.5;14.5;5.5;76.6;0.0000;-0.0034;-0.8250;102.3250;
324.47;1;0;0;0;79;207;60;60;60;60;60;873;347;966;3.6;28.6;0.0;14.5;5.5;76.6;0.0000;-0.0034;-0.8250;102.3000;
324.72;1;0;0;0;79;207;59;59;59;59;59;993;347;966;3.5;28.1;-35.0;14.5;5.5;76.6;0.0000;-0.0054;-0.8500;102.3000;
324.97;1;0;0;0;79;207;58;58;58;58;58;1176;347;966;3.5;28.1;-35.5;14.5;5.5;76.6;0.0000;-0.0077;-1.0250;102.2250;
325.22;1;0;0;0;79;207;57;57;57;57;57;1297;347;966;3.5;28.1;-30.5;14.5;5.5;76.6;0.0000;-0.0079;-1.0750;102.1250;
325.47;0;0;0;0;79;207;56;56;56;56;57;1280;347;966;3.5;28.4;-36.0;14.5;5.5;76.6;0.0000;-0.0086;-0.9250;102.2250;
325.72;0;0;0;0;79;207;55;55;55;55;56;1255;347;966;3.5;28.4;-35.5;14.5;5.5;76.6;0.0000;-0.0086;-1.0000;102.3250;
325.97;0;1;0;0;79;207;55;55;55;55;55;1239;347;966;3.4;27.9;-35.5;14.5;5.5;76.6;0.0000;-0.0075;-0.8250;102.3250;
326.22;0;1;0;0;79;207;53;53;53;53;54;1212;347;966;3.3;28.0;-35.0;14.5;5.5;76.6;0.0000;-0.0072;-1.2000;102.3250;
326.49;0;1;0;0;79;207;53;52;52;52;53;1194;347;966;3.3;28.0;-35.0;14.5;5.5;76.6;0.0000;-0.0070;-1.5500;0.1250;
326.74;0;1;0;0;79;207;51;51;51;51;51;1159;347;966;3.3;28.3;-34.5;14.5;5.5;76.6;0.0000;-0.0080;-1.6000;0.3250;
326.99;0;1;0;0;79;207;49;49;49;49;50;1138;347;966;3.3;28.3;-34.5;14.5;5.5;76.6;0.0000;-0.0097;-1.6750;0.0000;
327.24;0;1;0;0;79;207;48;48;48;48;49;1094;347;966;3.3;28.5;-34.5;14.5;5.5;76.6;0.0000;-0.0127;-1.6500;102.2500;
327.49;1;1;0;0;79;207;47;47;47;47;47;969;347;966;3.3;29.0;-34.5;14.5;5.5;76.6;0.0000;-0.0172;-0.9750;102.2500;
327.74;1;1;0;0;79;207;46;46;46;46;46;876;347;966;3.3;29.0;0.0;14.5;5.5;76.6;0.0000;-0.0336;-1.0250;101.8750;
327.99;1;1;0;0;79;207;45;45;45;44;45;873;347;966;3.3;28.9;0.5;14.5;5.5;76.6;0.0000;-0.0480;-1.1000;101.2000;
328.24;1;1;0;0;79;207;44;44;44;44;44;1178;347;966;3.3;28.9;-36.0;14.5;5.5;76.6;0.0000;-0.0478;-1.2250;101.1750;
328.49;1;1;0;0;79;207;44;43;43;43;43;1234;347;966;3.3;28.4;-28.5;14.5;5.5;76.6;0.0000;-0.0503;-0.4250;101.2500;
328.74;0;1;0;0;79;207;43;42;43;42;43;1211;347;966;3.3;28.4;-35.5;14.5;5.5;76.6;0.0000;-0.0596;-0.7500;101.1500;
328.99;0;1;0;0;79;207;42;41;42;41;42;1192;347;966;3.3;28.1;-35.5;14.5;5.5;76.6;0.0000;-0.0651;-1.1750;101.1000;
329.24;0;1;0;0;79;207;41;40;41;40;41;1161;347;966;3.3;27.9;-35.0;14.5;5.5;76.6;0.0000;-0.0763;-1.1250;100.8000;
329.49;0;1;0;0;79;207;40;39;40;39;40;1135;347;966;3.3;27.9;-35.0;14.5;5.5;76.6;0.0000;-0.0872;-0.9250;100.4500;
329.74;0;1;0;0;79;207;39;38;39;38;39;1106;347;966;3.3;27.3;-35.0;14.5;5.5;76.6;0.0000;-0.1096;-1.1000;100.1000;
329.99;0;1;0;0;79;207;38;37;38;37;38;1077;347;966;3.3;27.3;-35.0;14.5;5.5;76.6;0.0000;-0.1094;-1.1750;100.3500;
330.24;1;1;0;0;79;207;38;36;38;37;37;899;347;966;3.3;26.6;-8.5;14.5;5.5;76.6;0.0000;-0.1072;-1.0500;100.4250;
330.49;1;1;0;0;79;207;37;35;37;36;36;868;347;966;3.3;26.0;5.0;14.5;5.5;76.6;0.0000;-0.1036;-0.7750;100.8750;
330.74;1;1;0;0;79;207;36;35;36;35;36;907;347;966;3.3;26.0;-3.5;14.5;5.5;76.6;0.0000;-0.0922;-0.8500;101.0000;
330.99;1;1;0;0;79;207;34;34;34;33;34;1008;347;966;3.3;25.2;-36.0;14.5;5.5;76.6;0.0000;-0.0917;-1.4750;101.2750;
331.24;1;1;0;0;79;207;33;33;33;33;33;1327;347;966;3.3;24.9;-37.0;14.5;5.5;76.6;0.0000;-0.0920;-1.6500;101.1000;
331.50;1;1;0;0;79;207;33;32;33;32;32;1288;347;966;3.3;24.9;-37.0;14.5;5.5;76.6;0.0000;-0.0922;-0.3750;101.1750;
331.75;0;0;0;0;79;207;32;32;32;32;32;1280;347;966;3.4;24.3;-36.5;14.5;5.5;76.6;0.0000;-0.0930;-0.5000;101.1500;
332.00;0;0;0;0;79;207;32;31;32;31;32;1267;347;966;3.4;24.3;-36.0;14.5;5.5;76.6;0.0000;-0.0997;-0.3750;100.9500;
332.25;0;0;0;0;79;207;32;31;32;31;32;1253;347;966;3.4;23.8;-35.5;14.5;5.5;76.6;0.0000;-0.1129;-0.3750;100.9250;
332.50;0;0;0;0;79;207;32;31;32;30;31;1246;347;966;3.4;23.8;-35.5;14.5;5.5;76.6;0.0000;-0.1520;-0.3250;100.3750;
332.75;0;0;0;0;79;207;32;30;32;30;31;1240;347;966;3.4;23.9;-35.5;14.5;5.5;76.6;0.0000;-0.1620;-0.2750;100.3500;
333.00;0;1;0;0;79;207;32;30;31;30;31;1230;347;966;3.4;23.9;-35.0;14.5;5.5;76.6;0.0000;-0.1657;-0.1500;100.0500;
333.25;0;1;0;0;79;207;31;30;31;30;30;1215;347;966;3.4;23.6;-35.0;14.5;5.5;76.6;0.0000;-0.1657;-0.3750;100.1250;
333.50;0;1;0;0;79;207;31;29;30;29;30;1195;347;966;3.4;23.3;-34.5;14.5;5.5;76.6;0.0000;-0.1558;-0.7000;100.6500;
333.75;0;1;0;0;79;207;30;29;30;29;30;1182;347;966;3.4;23.3;-34.5;14.5;5.5;76.6;0.0000;-0.1457;-0.5000;100.9000;
334.00;0;1;0;0;79;207;29;28;29;28;29;1151;347;966;3.4;23.1;-34.5;14.5;5.5;76.6;0.0000;-0.1342;0.0750;101.6500;
334.25;0;1;0;0;79;207;29;28;29;28;28;1133;347;966;3.4;23.6;-34.5;14.5;5.5;76.6;0.0000;-0.1228;-0.5500;101.9000;
334.50;1;1;0;0;79;207;28;28;28;28;28;1113;347;966;3.4;23.6;-34.5;14.5;5.5;76.6;0.0000;-0.0639;-0.3750;101.9000;
334.75;1;1;0;0;79;207;28;28;28;28;28;997;347;966;3.3;24.2;-34.0;14.5;5.5;76.6;0.0000;-0.0114;-0.3250;0.2250;
335.00;1;1;0;0;79;207;27;28;27;28;27;869;347;966;3.3;24.2;6.0;14.5;5.5;76.6;0.0000;0.0344;-0.2750;1.1500;
335.25;1;1;0;0;79;207;27;28;27;28;27;877;347;966;3.4;24.8;3.5;14.5;5.5;76.6;0.0000;0.0826;-0.5000;1.8250;
335.50;1;0;0;0;79;207;26;28;26;28;27;926;347;966;3.4;25.9;-15.5;14.5;5.5;76.6;0.0000;0.1668;0.2500;2.3500;
335.75;1;0;0;0;79;207;26;28;26;27;27;926;347;966;3.4;25.9;-32.5;14.5;5.5;76.6;0.0000;0.1946;-0.0500;3.1250;
336.00;1;0;0;0;79;207;25;27;25;27;26;1107;347;966;3.3;28.4;-36.0;14.5;5.5;76.6;0.0000;0.2062;-0.5500;2.6000;
336.25;1;0;0;0;79;207;25;27;24;26;25;1254;347;966;3.3;31.2;-37.0;14.5;5.5;76.6;0.0000;0.2207;-0.7500;2.8000;
336.52;1;0;0;0;79;207;24;25;23;25;25;1577;347;966;3.3;31.2;-18.0;14.5;5.5;76.6;0.0745;0.2449;-0.9000;2.7750;
336.77;1;0;0;0;79;207;23;25;23;25;24;1568;347;966;3.3;31.2;1.5;14.5;5.5;76.6;0.0824;0.2480;-0.8000;2.9500;
337.02;0;0;0;0;79;207;23;25;23;25;24;1560;347;966;3.3;33.5;15.0;14.5;5.5;76.6;0.1529;0.2600;-0.3500;3.0750;
337.27;0;0;0;0;79;207;23;25;23;25;24;1528;347;966;3.3;35.5;20.0;14.5;5.5;76.6;0.1529;0.2856;-0.2750;3.3750;
337.52;0;0;0;0;79;207;22;25;22;24;24;1511;347;966;3.3;35.5;21.0;14.5;5.5;76.6;0.1569;0.3105;-0.2500;3.3000;
337.77;0;0;0;0;79;207;22;25;22;24;23;1494;347;966;3.3;37.9;22.5;14.5;5.5;76.6;0.1608;0.3262;-0.2750;3.4000;
338.02;0;0;0;0;79;207;22;24;21;24;23;1468;347;966;3.3;40.4;36.5;14.5;5.5;76.6;0.2157;0.3346;-0.4500;3.3250;
338.27;0;0;0;0;79;207;22;24;21;24;23;1463;347;966;3.3;40.4;47.5;14.5;5.5;76.6;0.2314;0.3346;-0.3750;3.0000;
338.52;0;0;0;0;79;207;21;24;21;24;23;1451;347;966;3.3;41.9;63.0;14.5;5.5;76.6;0.2471;0.3346;-0.2500;3.2500;
338.77;0;0;0;0;79;207;21;24;21;23;23;1448;347;966;3.3;41.9;72.0;14.5;5.5;76.6;0.2588;0.3346;-0.1250;3.1000;
339.02;0;0;0;0;79;207;21;24;21;24;23;1452;347;966;3.3;43.2;79.0;14.5;5.5;76.6;0.2588;0.3346;0.0250;3.4750;
339.27;0;0;0;0;79;207;22;24;21;24;23;1461;347;966;3.2;44.4;79.5;14.5;5.5;76.6;0.2549;0.3346;0.0500;2.8000;
339.52;0;0;0;0;79;207;22;24;22;24;23;1474;347;966;3.2;44.4;77.0;14.5;5.5;76.6;0.2549;0.3303;0.1000;3.2250;
339.77;0;0;0;0;79;207;22;24;22;24;23;1471;347;966;3.2;44.5;81.0;14.5;5.5;76.6;0.2588;0.3295;0.1250;2.9250;
340.02;0;0;0;0;79;207;22;25;22;24;23;1483;347;966;3.2;43.6;83.0;14.5;5.5;76.6;0.2667;0.3293;0.1250;2.8250;
340.27;0;0;0;0;79;207;22;25;22;24;23;1495;347;966;3.2;43.6;84.0;14.5;5.5;76.6;0.2667;0.3290;0.1500;3.1000;
340.52;0;0;0;0;79;207;23;25;22;25;24;1523;347;966;3.2;42.5;84.5;14.5;5.5;76.6;0.2667;0.3259;0.2500;2.7000;
340.77;0;0;0;0;79;207;23;25;23;25;24;1534;347;966;3.2;42.5;87.5;14.5;5.5;76.6;0.2863;0.3217;0.2500;3.0750;
341.02;0;0;0;0;79;207;23;25;23;25;24;1565;347;966;3.2;41.6;101.0;14.5;5.5;76.6;0.3059;0.3162;0.3250;3.0750;
341.27;0;0;0;0;79;207;24;26;24;26;25;1595;347;966;3.2;41.6;106.0;14.5;5.5;76.6;0.3059;0.3083;0.4750;2.6750;
341.53;0;0;0;0;79;207;24;27;24;26;25;1641;347;966;3.2;41.6;110.5;14.5;5.5;76.6;0.3098;0.2651;0.5750;2.5250;
341.78;0;0;0;0;79;207;25;27;25;27;26;1680;347;966;3.2;41.6;109.0;14.5;5.5;76.6;0.3020;0.2115;0.7250;1.4750;
342.03;0;0;0;0;79;207;26;27;26;27;27;1728;347;966;3.2;40.6;106.5;14.5;5.5;76.6;0.3020;0.1475;0.7500;0.7750;
342.28;0;0;0;0;79;207;27;28;27;28;27;1761;347;966;3.2;38.9;106.0;14.5;5.5;76.6;0.3020;0.0994;0.7000;102.2750;
342.53;0;0;0;0;79;207;28;28;28;28;28;1797;347;966;3.2;38.9;106.0;14.5;5.5;76.6;0.3020;-0.0250;0.6000;101.6250;
342.78;0;0;0;0;79;207;29;28;29;28;28;1817;347;966;3.2;37.1;107.0;14.5;5.5;76.6;0.3020;-0.0710;0.4000;100.8000;
343.03;0;0;0;0;79;207;29;28;29;28;29;1849;347;966;3.2;34.7;109.5;14.5;5.5;76.6;0.3216;-0.1078;0.4500;100.4000;
343.28;0;0;0;0;79;207;30;29;30;29;29;1871;347;966;3.2;34.7;117.5;14.5;5.5;76.6;0.3412;-0.1222;0.4250;100.8500;
343.53;0;0;0;0;79;207;30;29;30;29;30;1909;347;966;3.2;32.2;129.0;14.5;5.5;76.6;0.3490;-0.1416;0.4000;99.9750;
343.78;0;0;0;0;79;207;32;30;31;30;31;1980;347;966;3.2;32.2;132.5;14.5;5.5;76.6;0.4078;-0.1451;0.8750;100.5750;
344.03;0;0;0;0;79;207;32;31;32;31;32;2032;347;966;3.2;29.9;172.5;14.5;5.5;76.6;0.4235;-0.1454;0.8750;100.0500;
344.28;0;0;0;0;79;207;33;32;33;32;33;2079;347;966;3.2;27.2;179.5;14.5;5.5;76.6;0.4275;-0.1441;1.0250;100.0000;
344.53;0;0;0;0;79;207;34;33;34;33;34;2158;347;966;3.2;27.2;177.0;14.5;5.5;76.6;0.4078;-0.1231;1.1250;100.2500;
344.78;0;0;0;0;79;207;35;34;35;34;35;2205;347;966;3.2;24.7;172.5;14.5;5.5;76.6;0.4078;-0.1012;1.0000;101.0250;
345.03;0;0;0;0;79;207;36;35;36;35;36;2285;347;966;3.2;24.7;167.5;14.5;5.5;76.6;0.3765;-0.0738;1.1250;101.3750;
345.28;0;0;0;0;79;207;36;35;36;35;36;2209;347;966;3.2;22.5;18.0;14.4;5.5;76.6;0.0000;-0.0588;0.5000;101.6000;
345.53;1;0;0;0;79;207;35;35;35;35;35;1991;347;966;3.2;22.5;-36.5;14.4;5.5;76.6;0.0000;-0.0433;-0.2000;101.8000;
345.78;1;0;0;0;79;207;34;34;34;34;34;1772;347;966;3.2;20.9;-30.0;14.4;5.5;76.6;0.0706;-0.0405;-0.8750;102.0500;
346.03;1;0;0;0;79;207;34;34;34;34;34;1391;347;966;3.2;19.7;140.0;14.4;5.5;76.6;0.4980;-0.0379;-0.5250;102.0250;
346.28;0;0;0;0;79;207;35;34;35;34;35;1391;347;966;3.2;19.7;195.0;14.4;5.5;76.6;0.5569;-0.0316;0.1000;0.0000;
346.55;0;0;0;0;79;207;35;35;35;35;35;1402;347;966;3.2;18.5;245.0;14.4;5.5;76.6;0.5725;-0.0086;0.4000;0.0250;
346.80;0;0;0;0;79;207;36;36;36;36;36;1442;347;966;3.2;18.5;265.5;14.4;5.5;76.6;0.5725;0.0047;0.6500;0.4000;
347.05;0;0;0;0;79;207;36;37;37;37;37;1467;347;966;3.2;18.7;275.5;14.4;5.5;76.6;0.5725;0.0091;0.7750;0.5000;
347.30;0;0;0;0;79;207;38;38;38;38;38;1505;347;966;3.2;18.9;277.5;14.4;5.5;76.6;0.5686;0.0127;0.7750;0.4750;
347.55;0;0;0;0;79;207;38;38;38;39;38;1539;347;966;3.2;18.9;277.5;14.4;5.5;76.6;0.5686;0.0069;0.9250;0.3500;
347.80;0;0;0;0;79;207;40;40;40;40;40;1589;347;966;3.2;19.7;274.0;14.4;5.5;76.6;0.5647;-0.0175;1.0000;101.9750;
348.05;0;0;0;0;79;207;41;40;41;40;41;1619;347;966;3.2;20.1;273.5;14.4;5.5;76.6;0.5647;-0.0303;1.1250;101.8250;
348.30;0;0;0;0;79;207;42;42;42;42;42;1678;347;966;3.2;20.1;272.0;14.4;5.5;76.6;0.5647;-0.0219;1.1750;101.9750;
348.55;0;0;0;0;79;207;43;43;43;43;43;1709;347;966;3.2;20.3;270.5;14.4;5.5;76.6;0.5647;-0.0175;1.2500;102.2500;
348.80;0;0;0;0;79;207;44;44;44;44;44;1767;347;964;3.2;20.3;269.5;14.4;5.5;76.6;0.5647;-0.0154;1.2500;102.2750;
349.05;0;0;0;0;79;207;45;45;45;45;45;1804;347;966;3.2;20.9;268.5;14.4;5.5;76.6;0.5608;-0.0140;1.3000;0.0000;
349.30;0;0;0;0;79;207;47;47;47;47;47;1858;347;966;3.2;20.9;265.5;14.4;5.5;76.6;0.5608;-0.0109;1.2500;0.0750;
349.55;0;0;0;0;79;207;48;47;48;47;48;1896;347;966;3.2;21.6;265.0;14.4;5.5;76.6;0.5608;-0.0088;1.3250;0.0250;
349.80;0;0;0;0;79;207;49;49;49;49;49;1949;347;966;3.2;21.6;261.0;14.4;5.5;76.6;0.5569;-0.0043;1.3000;0.1750;
350.05;0;0;0;0;80;207;50;50;50;50;50;1984;347;966;3.2;21.1;260.0;14.4;5.5;76.6;0.5490;0.0031;1.2500;0.4750;
350.30;0;0;0;0;80;207;51;51;51;51;51;2033;347;966;3.2;21.0;255.0;14.4;5.5;76.6;0.5373;0.0025;1.2000;0.5750;
350.55;0;0;0;0;80;207;52;52;52;52;52;2071;347;966;3.2;21.0;250.5;14.4;5.5;76.6;0.5294;0.0003;1.1500;0.4000;
350.80;0;0;0;0;80;207;53;53;53;53;53;2047;347;964;3.2;21.8;97.0;14.4;5.5;76.6;0.0000;-0.0028;1.1000;0.2000;
351.05;1;0;0;0;80;207;53;53;52;52;53;2027;347;964;3.2;21.3;-40.5;14.4;5.5;76.6;0.0000;-0.0064;0.3750;102.3500;
351.30;1;0;0;0;80;207;52;52;52;52;52;1706;347;964;3.2;21.3;-33.0;14.4;5.5;76.6;0.0000;-0.0110;-0.4500;0.0000;
351.56;1;0;0;0;80;207;52;51;52;51;51;1684;347;964;3.2;22.3;101.5;14.4;5.5;76.6;0.3765;-0.0140;-0.6500;102.3000;
351.81;0;0;0;0;80;207;52;52;52;52;52;1474;347;964;3.2;22.5;226.0;14.4;5.5;76.6;0.5255;-0.0138;-0.0750;102.3250;
352.06;0;0;0;0;80;207;52;52;52;52;52;1486;347;964;3.2;22.5;261.0;14.4;5.5;76.6;0.5412;-0.0125;0.2000;0.0250;
352.31;0;0;0;0;80;207;53;53;53;53;53;1503;347;964;3.2;22.3;265.5;14.4;5.5;76.6;0.5373;-0.0107;0.4750;102.3250;
352.56;0;0;0;0;80;207;54;53;53;53;54;1511;347;964;3.2;22.3;263.5;14.4;5.5;76.6;0.5333;-0.0107;0.6000;0.0000;
352.81;0;0;0;0;80;207;54;54;54;54;54;1539;347;964;3.2;23.1;260.0;14.4;5.5;76.6;0.5255;-0.0107;0.7000;0.0500;
353.06;0;0;0;0;80;207;55;55;55;55;55;1551;349;964;3.2;23.4;259.0;14.4;5.5;76.6;0.5216;-0.0114;0.6750;102.3250;
353.31;0;0;0;0;80;207;56;56;56;55;56;1574;349;964;3.2;23.4;255.0;14.4;5.5;76.6;0.5176;-0.0148;0.7250;102.3500;
353.56;0;0;0;0;80;207;56;56;56;56;56;1588;349;964;3.2;23.4;253.0;14.4;5.5;76.6;0.5137;-0.0148;0.7250;102.1250;
353.81;0;0;0;0;81;207;57;57;57;57;57;1613;349;964;3.2;23.0;251.0;14.4;5.5;76.6;0.5098;-0.0148;0.7750;102.0500;
354.06;0;0;0;0;81;207;58;58;58;58;58;1631;349;964;3.2;23.4;249.0;14.4;5.5;76.6;0.5020;-0.0148;0.7500;102.2250;
354.31;0;0;0;0;81;207;58;58;59;58;59;1656;349;964;3.2;23.4;245.0;14.4;5.5;76.6;0.4980;-0.0140;0.7750;101.9500;
354.56;0;0;0;0;81;207;59;59;59;59;59;1669;349;964;3.2;23.3;242.0;14.4;5.5;76.6;0.4902;-0.0120;0.7250;102.0750;
354.81;0;0;0;0;81;207;60;60;60;60;60;1698;349;964;3.2;22.6;238.5;14.4;5.5;76.6;0.4863;-0.0109;0.7750;102.0250;
355.06;0;0;0;0;81;207;60;60;60;60;60;1712;349;964;3.2;22.6;232.5;14.4;5.5;76.6;0.4824;-0.0099;0.7500;102.1750;
355.31;0;0;0;0;81;207;61;61;61;61;61;1731;349;964;3.2;23.0;224.0;14.4;5.5;76.6;0.4667;-0.0041;0.7250;102.2500;
355.56;0;0;0;0;81;207;62;62;62;62;62;1745;349;964;3.2;23.0;219.0;14.4;5.5;76.6;0.4627;-0.0014;0.6500;102.3250;
355.81;1;0;0;0;81;207;62;62;62;62;62;1718;349;964;3.2;22.1;9.0;14.4;5.5;76.6;0.0000;-0.0007;0.5000;102.1250;
356.06;1;0;0;0;81;207;62;62;61;61;62;1560;349;964;3.2;21.9;-29.5;14.4;5.5;76.6;0.0000;0.0001;-0.0500;102.2250;
356.31;1;0;0;0;81;207;61;61;61;61;61;1296;349;964;3.2;21.9;-31.0;14.4;5.5;76.6;0.0000;0.0022;-0.4000;102.2500;
356.58;1;0;0;0;81;207;61;61;61;61;61;1198;349;964;3.2;23.0;30.0;14.4;5.5;76.6;0.2275;0.0013;-0.4250;102.2500;
356.83;0;0;0;0;81;207;61;61;61;61;61;1139;349;964;3.2;23.1;160.0;14.4;5.5;76.6;0.3765;-0.0011;-0.2250;102.2500;
357.08;0;0;0;0;82;207;61;61;61;61;61;1138;349;964;3.2;23.1;160.0;14.4;5.5;76.6;0.3569;-0.0020;-0.0250;102.2250;
357.33;0;0;0;0;82;207;61;61;61;61;61;1111;349;964;3.2;23.3;53.0;14.4;5.5;76.6;0.0000;0.0001;0.0000;102.2000;
357.58;0;0;0;0;82;207;60;60;60;60;60;1103;349;964;3.2;23.3;-13.0;14.4;5.5;76.6;0.0000;0.0004;-0.2750;102.2500;
357.83;0;0;0;0;82;207;60;60;60;60;60;1120;349;964;3.2;23.9;-30.5;14.4;5.5;76.6;0.0000;0.0004;-0.4500;102.1750;
358.08;0;0;0;0;82;207;59;60;59;59;60;1110;349;964;3.2;23.9;-31.0;14.4;5.5;76.6;0.0000;0.0001;-0.5000;102.2750;
358.33;0;0;0;0;82;207;59;59;59;59;59;1100;349;964;3.2;24.6;-31.5;14.4;5.5;76.6;0.0000;-0.0003;-0.5250;102.1500;
358.58;0;0;0;0;82;207;59;59;58;58;59;1091;349;964;3.2;24.6;-31.5;14.4;5.5;76.6;0.0000;-0.0011;-0.5250;102.1750;
358.83;0;0;0;0;82;207;58;58;58;58;58;1081;349;964;3.2;25.0;-31.5;14.4;5.5;76.6;0.0000;-0.0018;-0.5500;102.2500;
359.08;0;0;0;0;82;207;57;58;57;58;58;1074;349;964;3.2;25.8;-32.0;14.4;5.5;76.6;0.0000;-0.0009;-0.5250;102.1750;
359.33;0;0;0;0;82;207;57;57;57;57;57;1068;349;964;3.2;25.8;-32.0;14.4;5.5;76.6;0.0000;-0.0008;-0.5000;102.1250;
359.58;0;0;0;0;82;207;57;57;56;57;57;1057;349;964;3.3;26.2;-32.0;14.4;5.5;76.6;0.0000;-0.0008;-0.4750;102.0750;
359.83;0;0;0;0;82;207;57;56;56;56;57;1054;349;964;3.3;26.6;-32.0;14.4;5.5;76.6;0.0000;-0.0003;-0.4750;102.2000;
360.08;0;0;0;0;82;207;56;56;56;56;56;1044;349;964;3.3;26.6;-32.0;14.4;5.5;76.6;0.0000;0.0004;-0.4500;102.0750;
360.33;0;0;0;0;82;207;55;56;56;56;56;1036;349;964;3.4;27.0;-32.5;14.4;5.5;76.6;0.0000;0.0031;-0.4500;102.2500;
360.58;0;0;0;0;82;207;55;55;55;55;55;1033;349;964;3.4;27.0;-32.5;14.4;5.5;76.6;0.0000;0.0034;-0.4250;102.2750;
360.83;0;0;0;0;82;207;55;55;55;55;55;1024;349;964;3.4;26.6;-32.5;14.5;5.5;76.6;0.0000;0.0036;-0.4000;102.3000;
361.08;0;0;0;0;82;207;54;55;54;55;55;1020;349;964;3.5;26.9;-27.0;14.5;5.5;76.6;0.0000;0.0036;-0.4250;102.2750;
361.33;0;0;0;0;82;207;54;54;54;54;54;1013;349;964;3.5;26.9;-16.5;14.5;5.5;76.6;0.0000;0.0008;-0.4250;102.3500;
361.59;0;0;0;0;82;207;54;54;54;54;54;1008;349;964;3.5;27.2;-4.5;14.4;5.5;76.6;0.0000;-0.0031;-0.4000;102.0750;
361.84;0;0;0;0;82;207;54;53;54;54;54;1006;349;964;3.5;27.2;-2.0;14.4;5.5;76.6;0.0000;-0.0028;-0.2750;102.0500;
362.09;0;0;0;0;82;207;54;54;53;54;54;996;349;964;3.6;27.3;-11.0;14.4;5.5;76.6;0.0000;-0.0025;-0.2000;102.0750;
362.34;0;0;0;0;82;207;54;54;53;53;54;1000;349;964;3.6;27.3;-18.5;14.4;5.5;76.6;0.0000;-0.0021;-0.2000;102.1250;
362.59;0;0;0;0;82;207;53;53;53;53;53;988;349;964;3.6;27.0;-22.0;14.4;5.5;76.6;0.0000;-0.0014;-0.2250;102.0250;
362.84;0;0;0;0;82;207;53;53;53;53;53;988;349;964;3.7;27.2;-24.5;14.4;5.5;76.6;0.0000;-0.0003;-0.2500;102.1250;
363.09;0;0;0;0;82;207;53;53;53;53;53;984;349;964;3.7;27.2;-24.0;14.4;5.5;76.6;0.0000;0.0013;-0.2250;102.2250;
363.34;0;0;0;0;82;207;53;53;53;53;53;979;349;964;3.7;27.3;-23.5;14.4;5.5;76.6;0.0000;0.0014;-0.2500;102.1500;
363.59;0;0;0;0;82;207;53;52;52;52;52;977;349;964;3.7;27.3;-24.5;14.4;5.5;76.6;0.0000;0.0014;-0.2500;102.2250;
363.84;0;0;0;0;82;207;52;52;52;52;52;970;349;964;3.7;27.2;-20.5;14.4;5.5;76.6;0.0000;0.0014;-0.2250;102.2500;
364.09;0;0;0;0;82;207;52;52;52;52;52;971;349;964;3.7;27.3;-17.0;14.4;5.5;76.6;0.0000;0.0014;-0.2000;102.3000;
364.34;0;0;0;0;82;207;52;52;52;52;52;962;349;964;3.7;27.3;-15.5;14.4;5.5;76.6;0.0000;0.0001;-0.2000;102.2250;
364.59;0;0;0;0;82;207;52;52;52;52;52;968;349;964;3.7;27.5;-16.0;14.4;5.5;76.6;0.0000;-0.0031;-0.1750;102.2000;
364.84;0;0;0;0;82;207;52;52;52;51;52;960;349;964;3.7;27.4;-18.0;14.4;5.5;76.6;0.0000;-0.0041;-0.1250;102.0500;
365.09;0;0;0;0;82;207;52;51;51;51;52;962;349;964;3.7;27.4;-24.0;14.4;5.5;76.6;0.0000;-0.0041;-0.1500;102.0500;
365.34;0;0;0;0;82;207;52;51;51;51;52;958;349;964;3.6;27.2;-28.0;14.4;5.5;76.6;0.0000;-0.0039;-0.1500;101.9500;
365.59;0;0;0;0;82;207;51;51;51;51;51;957;349;964;3.6;27.2;-32.0;14.4;5.5;76.6;0.0000;-0.0036;-0.1750;102.1250;
365.84;0;0;0;0;82;207;51;51;51;51;51;953;349;964;3.6;27.3;-32.0;14.4;5.5;76.6;0.0000;-0.0036;-0.1750;102.1500;
366.09;0;0;0;0;82;207;51;51;51;51;51;951;349;964;3.6;27.3;-31.5;14.4;5.5;76.6;0.0000;-0.0036;-0.1500;102.0500;
366.34;0;0;0;0;82;207;51;51;51;51;51;950;349;964;3.6;27.3;-32.0;14.4;5.5;76.6;0.0000;0.0013;-0.1250;102.0250;
366.61;0;0;0;0;82;207;51;51;51;51;51;946;349;964;3.6;27.3;-32.0;14.4;5.5;76.6;0.0000;0.0016;-0.1250;102.2500;
366.86;0;0;0;0;82;207;51;51;51;51;51;946;349;964;3.5;27.3;-32.0;14.4;5.5;76.6;0.0000;0.0041;-0.1500;102.2750;
367.11;0;0;0;0;82;207;50;51;50;51;51;943;349;964;3.5;27.3;-32.0;14.4;5.5;76.6;0.0000;0.0066;-0.1250;102.3250;
367.36;0;0;0;0;82;207;50;51;50;50;51;940;349;964;3.5;27.3;-32.0;14.4;5.5;76.6;0.0000;0.0064;-0.1500;102.3750;
367.61;0;0;0;0;82;207;50;50;50;50;50;941;349;964;3.5;27.4;-32.0;14.4;5.5;76.6;0.0000;0.0046;-0.1250;102.2750;
367.86;0;0;0;0;82;207;50;50;50;50;50;939;349;964;3.4;27.4;-32.0;14.4;5.5;76.6;0.0000;0.0031;-0.1000;102.2500;
368.11;0;0;0;0;82;207;50;51;50;50;50;937;349;964;3.4;27.4;-32.0;14.4;5.5;76.6;0.0000;-0.0020;-0.1000;102.3500;
368.36;0;0;0;0;82;207;50;50;50;50;50;938;349;964;3.4;27.6;-32.0;14.4;5.5;76.6;0.0000;-0.0041;-0.0750;102.1750;
368.61;0;0;0;0;82;207;50;50;50;50;50;937;349;964;3.4;27.7;-32.0;14.4;5.5;76.6;0.0000;-0.0043;-0.0500;102.0000;
368.86;0;0;0;0;82;207;50;50;50;50;50;937;349;964;3.4;27.7;-32.0;14.4;5.5;76.6;0.0000;-0.0043;-0.0750;102.0750;
369.11;0;0;0;0;82;207;50;50;50;50;50;938;349;964;3.3;27.5;-32.0;14.4;5.5;76.6;0.0000;-0.0041;-0.0500;102.0000;
369.36;0;0;0;0;82;207;50;50;50;50;50;935;349;964;3.3;27.5;-32.0;14.4;5.5;76.6;0.0000;-0.0038;-0.0250;101.9750;
369.61;1;0;0;0;82;207;50;50;50;50;50;881;349;964;3.3;27.6;-10.0;14.4;5.5;76.6;0.0000;-0.0034;0.0000;102.1250;
369.86;1;0;0;0;82;207;50;50;50;50;50;871;349;964;3.3;27.6;1.0;14.4;5.5;76.6;0.0000;-0.0022;0.0500;102.1500;
370.11;1;0;0;0;82;207;51;51;50;50;51;885;349;964;3.3;27.6;0.0;14.4;5.5;76.6;0.0000;0.0004;0.1500;102.2250;
370.36;1;0;0;0;82;207;51;51;51;51;51;879;349;964;3.3;27.6;-1.0;14.4;5.5;76.6;0.0000;-0.0009;0.1500;102.2500;
370.61;1;0;0;0;82;207;51;50;50;50;51;1168;349;964;3.3;27.4;-33.0;14.4;5.5;76.6;0.0000;-0.0013;-0.1250;102.1500;
370.86;1;0;0;0;82;207;50;50;50;50;50;1442;349;964;3.3;27.6;-35.5;14.4;5.5;76.6;0.0000;-0.0025;-0.3500;101.9750;
371.11;0;0;0;0;82;207;50;50;50;50;50;1421;349;964;3.3;27.6;-30.5;14.4;5.5;76.6;0.0000;-0.0038;-0.0250;102.1500;
371.36;0;0;0;0;82;207;50;50;50;50;50;1426;349;964;3.3;27.9;-35.0;14.4;5.5;76.6;0.0000;-0.0034;-0.0500;102.1250;
371.62;0;0;0;0;82;207;50;50;50;50;50;1425;349;964;3.3;27.3;-34.5;14.4;5.5;76.6;0.0000;-0.0021;-0.0500;102.0250;
371.87;0;0;0;0;82;207;50;50;50;50;50;1427;349;964;3.3;27.3;-34.5;14.4;5.5;76.6;0.0000;-0.0021;-0.0250;102.2000;
372.12;0;0;0;0;82;207;50;50;50;50;50;1430;349;964;3.3;27.5;-34.0;14.4;5.5;76.6;0.0000;0.0009;0.0000;102.1750;
372.37;0;0;0;0;82;207;50;50;50;50;51;1425;349;964;3.3;27.5;-34.0;14.4;5.5;76.6;0.0000;0.0025;0.0250;102.2000;
372.62;0;0;0;0;82;207;50;50;50;50;51;1431;349;964;3.3;27.6;-34.0;14.4;5.5;76.6;0.0000;0.0041;0.0250;102.3250;
372.87;0;0;0;0;82;207;50;50;50;50;51;1425;349;964;3.2;27.3;-33.5;14.4;5.5;76.6;0.0000;0.0057;0.0250;102.3000;
373.12;0;0;0;0;82;207;51;51;50;51;51;1431;349;964;3.2;27.3;-33.5;14.4;5.5;76.6;0.0000;0.0109;0.0500;102.2500;
373.37;0;0;0;0;82;207;50;51;50;51;51;1432;349;964;3.2;27.8;-33.5;14.4;5.5;76.6;0.0000;0.0146;0.0000;0.1500;
373.62;0;0;0;0;82;207;50;51;50;51;51;1442;349;964;3.2;28.1;-33.5;14.4;5.5;76.6;0.0000;0.0178;0.0500;0.1250;
373.87;0;0;0;0;82;207;51;51;51;51;51;1431;349;964;3.2;28.1;-33.5;14.4;5.5;76.6;0.0000;0.0212;0.0250;0.4500;
374.12;0;0;0;0;82;207;50;51;51;51;51;1441;349;964;3.2;28.4;-33.5;14.4;5.5;76.6;0.0000;0.0316;0.0750;0.8000;
374.37;0;0;0;0;82;207;51;51;51;51;51;1436;349;964;3.2;28.4;-33.5;14.4;5.5;76.6;0.0000;0.0349;0.0250;0.8250;
374.62;0;0;0;0;82;207;51;51;51;51;51;1443;349;964;3.2;29.2;-33.5;14.4;5.5;76.6;0.0000;0.0378;0.0250;0.9000;
374.87;0;0;0;0;82;207;51;51;51;51;51;1445;349;964;3.2;29.2;-33.5;14.4;5.5;76.6;0.0000;0.0393;0.0250;1.0500;
375.12;0;0;0;0;82;207;51;51;51;51;51;1450;349;964;3.2;29.9;-33.5;14.4;5.5;76.6;0.0000;0.0405;0.0750;1.0750;
375.37;0;0;0;0;82;207;51;52;51;52;51;1449;349;964;3.2;29.9;-33.5;14.4;5.5;76.6;0.0000;0.0405;0.0500;1.1250;
375.62;0;0;0;0;82;207;51;51;51;51;51;1459;349;964;3.2;30.1;-33.5;14.4;5.5;76.6;0.0000;0.0405;0.0500;1.0500;
375.87;0;0;0;0;82;207;51;52;51;52;51;1449;349;964;3.2;31.0;-33.5;14.4;5.5;76.6;0.0000;0.0405;0.0500;1.0500;
376.12;0;0;0;0;82;207;51;52;51;52;52;1458;349;964;3.2;31.0;-33.5;14.4;5.5;76.6;0.0000;0.0405;0.0500;1.2500;
376.37;0;0;0;0;82;207;51;52;51;52;52;1457;349;964;3.2;31.8;-33.5;14.4;5.5;76.6;0.0000;0.0405;0.0500;1.1500;
376.64;0;0;0;0;82;207;51;52;51;52;52;1459;349;964;3.2;32.2;-33.5;14.4;5.5;76.6;0.0000;0.0409;0.0250;1.0750;
376.89;0;0;0;0;82;207;51;52;51;52;52;1463;349;964;3.2;32.2;-33.5;14.4;5.5;76.6;0.0000;0.0409;0.0500;1.2250;
377.14;0;0;0;0;82;207;51;52;51;52;52;1462;349;964;3.2;32.9;-33.5;14.4;5.5;76.6;0.0000;0.0387;0.0250;1.1750;
377.39;0;0;0;0;82;207;51;52;51;52;52;1462;349;964;3.2;32.9;-33.5;14.4;5.5;76.6;0.0000;0.0380;0.0750;0.9250;
377.64;0;0;0;0;82;207;52;52;52;52;52;1467;349;964;3.2;33.6;-33.5;14.4;5.5;76.6;0.0000;0.0359;0.0500;0.8000;
377.89;0;0;0;0;82;207;51;52;52;52;52;1461;349;964;3.2;33.7;-33.5;14.4;5.5;76.6;0.0000;0.0321;0.0000;0.5500;
378.14;0;0;0;0;82;207;52;52;52;52;52;1467;349;964;3.2;33.7;-33.5;14.4;5.5;76.6;0.0000;0.0230;0.0250;0.4500;
378.39;0;0;0;0;82;207;52;52;52;52;52;1470;349;964;3.2;33.8;-33.5;14.4;5.5;76.6;0.0000;0.0157;0.0500;0.0500;
378.64;0;0;0;0;82;207;52;52;52;52;52;1473;349;964;3.2;33.8;-33.5;14.4;5.5;76.6;0.0000;0.0082;0.0750;102.3750;
378.89;0;1;0;0;82;207;52;52;52;52;52;1478;349;964;3.2;33.6;-33.5;14.4;5.5;76.6;0.0000;0.0072;-0.0500;102.3500;
379.14;0;1;0;0;82;207;52;52;52;52;52;1468;348;964;3.2;33.6;-33.5;14.4;5.5;76.6;0.0000;0.0062;-0.1500;0.0250;
379.39;0;1;0;0;82;207;51;52;51;52;52;1470;348;964;3.2;32.8;-33.5;14.4;5.5;76.6;0.0000;0.0057;-0.3500;0.0000;
379.64;0;0;0;0;82;207;52;52;51;52;52;1456;348;964;3.2;32.5;-33.5;14.4;5.5;76.6;0.0000;0.0057;-0.1500;102.3500;
379.89;0;1;0;0;82;207;51;51;51;51;51;1455;348;964;3.2;32.5;-34.0;14.4;5.5;76.6;0.0000;0.0056;-0.2750;0.0000;
380.14;0;1;0;0;82;207;51;51;51;51;51;1442;348;966;3.2;32.5;-34.0;14.4;5.5;76.6;0.0000;0.0052;-0.5750;0.2250;
380.39;0;1;0;0;82;207;50;50;50;50;50;1425;348;964;3.2;32.5;-34.0;14.4;5.5;76.6;0.0000;0.0052;-0.7000;0.0750;
380.64;0;1;0;0;82;207;50;50;49;50;50;1401;348;964;3.2;31.9;-34.0;14.4;5.5;76.6;0.0000;0.0056;-0.6000;0.2000;
380.89;0;1;0;0;82;207;49;49;49;49;49;1397;348;964;3.2;32.1;-34.0;14.4;5.5;76.6;0.0000;0.0054;-0.5250;0.0750;
381.14;0;0;0;0;82;207;49;49;49;49;49;1385;348;966;3.2;32.1;-34.0;14.5;5.5;76.6;0.0000;0.0033;-0.2250;0.2750;
381.39;0;0;0;0;82;207;49;49;49;49;49;1384;348;964;3.2;32.1;-34.5;14.5;5.5;76.6;0.0000;0.0001;-0.1000;0.1250;
381.65;0;0;0;0;82;207;49;49;49;49;49;1386;348;966;3.2;31.1;-34.5;14.5;5.5;76.6;0.0000;-0.0011;-0.0250;0.1000;
381.90;0;0;0;0;82;207;49;49;49;49;49;1387;348;966;3.2;31.1;-34.5;14.5;5.5;76.6;0.0000;-0.0054;0.0250;0.1000;
382.15;0;0;0;0;82;207;49;49;49;49;49;1389;348;966;3.2;30.9;-35.0;14.5;5.5;76.6;0.0000;-0.0082;0.0000;0.0750;
382.40;0;1;0;0;82;207;49;49;49;49;49;1386;348;966;3.2;30.9;-35.0;14.5;5.5;76.6;0.0000;-0.0095;0.1750;0.0750;
382.65;0;0;0;0;82;207;49;49;49;49;49;1392;348;966;3.2;30.9;-35.0;14.5;5.5;76.6;0.0000;-0.0104;0.1500;0.0250;
382.90;0;0;0;0;82;207;49;49;49;49;49;1391;348;966;3.2;30.9;-35.0;14.5;5.5;76.6;0.0000;-0.0250;0.0750;101.9000;
383.15;0;0;0;0;82;207;49;49;49;49;49;1390;348;966;3.2;30.5;-35.0;14.5;5.5;76.6;0.0000;-0.0343;0.0250;101.6250;
383.40;0;0;0;0;82;207;49;49;49;49;49;1401;348;966;3.2;30.5;-35.5;14.5;5.5;76.6;0.0000;-0.0430;0.1250;101.1500;
383.65;0;0;0;0;82;207;50;49;50;49;50;1397;348;966;3.2;30.4;-35.5;14.5;5.5;76.6;0.0000;-0.0475;0.0750;100.9750;
383.90;0;1;0;0;82;207;50;49;50;49;50;1406;348;966;3.2;29.7;-35.5;14.5;5.5;76.6;0.0000;-0.0522;0.1500;100.9000;
384.15;0;1;0;0;82;207;50;49;50;49;50;1398;348;966;3.2;29.7;-35.5;14.5;5.5;76.6;0.0000;-0.0575;-0.2000;100.7250;
384.40;0;1;0;0;82;207;50;49;50;49;50;1399;348;966;3.2;28.8;-35.5;14.5;5.5;76.6;0.0000;-0.0657;-0.1250;100.6000;
384.65;0;1;0;0;81;207;50;49;50;49;49;1397;348;966;3.2;28.2;-35.5;14.5;5.5;76.6;0.0000;-0.0672;-0.0750;100.5250;
384.90;0;0;0;0;81;207;50;49;50;49;50;1399;348;966;3.2;28.2;-36.0;14.5;5.5;76.6;0.0000;-0.0679;0.0500;100.6750;
385.15;0;0;0;0;81;207;50;49;50;49;50;1406;348;966;3.2;26.7;-36.0;14.5;5.5;76.6;0.0000;-0.0696;0.0500;100.4750;
385.40;0;0;0;0;81;207;50;49;50;49;50;1414;348;966;3.2;26.7;-36.0;14.5;5.5;76.6;0.0000;-0.0696;0.1500;100.6250;
385.65;0;0;0;0;81;207;50;49;50;49;50;1406;348;966;3.2;25.6;-36.0;14.5;5.5;76.6;0.0000;-0.0626;0.0500;101.0000;
385.90;0;0;0;0;81;207;50;50;50;50;50;1413;348;966;3.2;25.3;-36.0;14.5;5.5;76.6;0.0000;-0.0570;0.1000;100.9250;
386.15;0;0;0;0;81;207;50;50;50;50;50;1416;348;966;3.2;25.3;-36.0;14.5;5.5;76.6;0.0000;-0.0525;0.0750;101.0250;
386.40;0;0;0;0;81;207;50;50;50;50;50;1418;348;966;3.2;24.6;-36.0;14.5;5.5;76.6;0.0000;-0.0448;0.0500;101.3500;
386.68;0;0;0;0;81;207;50;50;50;50;50;1424;348;966;3.2;24.0;-36.0;14.5;5.5;76.6;0.0000;-0.0369;0.0750;101.9000;
386.93;0;0;0;0;81;207;50;50;50;50;50;1422;348;966;3.2;24.0;-36.0;14.5;5.5;76.6;0.0000;-0.0118;-0.0500;102.0750;
387.18;0;0;0;0;81;207;50;50;50;50;50;1417;348;966;3.2;24.0;-36.0;14.5;5.5;76.6;0.0000;-0.0110;0.0750;102.0000;
387.43;0;0;0;0;81;207;50;50;50;50;50;1425;348;966;3.2;23.9;-36.0;14.5;5.5;76.6;0.0000;-0.0138;0.0750;101.9750;
387.68;0;0;0;0;81;207;50;50;51;50;51;1434;348;966;3.2;24.4;-36.0;14.5;5.5;76.6;0.0000;-0.0109;0.1250;102.2500;
387.93;0;0;0;0;81;207;50;50;50;50;51;1428;348;966;3.2;24.4;-36.0;14.5;5.5;76.6;0.0000;-0.0164;0.0500;101.8500;
388.18;0;0;0;0;81;207;51;50;50;50;51;1435;348;966;3.2;24.5;-36.0;14.5;5.5;76.6;0.0000;-0.0130;0.0000;102.0000;
388.43;0;0;0;0;81;207;50;50;50;50;51;1434;348;966;3.2;24.8;-36.0;14.5;5.5;76.6;0.0000;-0.0041;0.0250;102.3500;
388.68;0;0;0;0;81;207;50;51;50;51;51;1425;348;966;3.2;24.8;-36.0;14.5;5.5;76.6;0.0000;0.0029;-0.0750;102.3500;
388.93;0;0;0;0;81;207;50;51;50;51;51;1424;348;966;3.2;25.4;-36.0;14.5;5.5;76.6;0.0000;0.0344;-0.0750;0.7250;
389.18;0;0;0;0;81;207;50;51;50;51;50;1433;348;966;3.2;25.4;-36.0;14.5;5.5;76.6;0.0000;0.0514;-0.1000;1.4500;
389.43;0;0;0;0;81;207;50;51;50;51;51;1425;348;966;3.2;26.5;-36.0;14.5;5.5;76.6;0.0000;0.0564;-0.0500;1.8250;
389.68;0;0;0;0;81;207;50;51;50;51;50;1430;348;966;3.2;28.5;-36.0;14.5;5.5;76.6;0.0000;0.0618;-0.1000;2.4750;
389.93;0;0;0;0;81;207;50;50;50;50;50;1416;348;966;3.2;28.5;-36.0;14.5;5.5;76.6;0.0000;0.0609;-0.2000;2.1500;
390.18;0;0;0;0;81;207;49;50;49;50;50;1411;348;966;3.2;30.1;-36.0;14.5;5.5;76.6;0.0000;0.0608;-0.3250;2.0750;
390.43;0;0;0;0;81;207;49;50;49;50;50;1402;348;966;3.2;31.5;-36.0;14.5;5.5;76.6;0.0000;0.0567;-0.2750;1.9250;
390.68;0;0;0;0;81;207;49;49;49;49;49;1391;348;966;3.2;31.5;-36.0;14.5;5.5;76.6;0.0000;0.0470;-0.3250;1.4000;
390.93;0;0;0;0;81;207;49;49;49;49;49;1387;348;966;3.2;32.9;-35.5;14.5;5.5;76.6;0.0000;0.0330;-0.2500;1.1500;
391.18;0;0;0;0;81;207;49;49;48;49;49;1382;348;966;3.2;32.9;-35.5;14.5;5.5;76.6;0.0000;0.0202;-0.1750;0.7750;
391.43;0;0;0;0;81;207;48;48;49;49;49;1376;348;966;3.2;33.6;-35.5;14.5;5.5;76.6;0.0000;0.0051;-0.2750;0.2250;
391.70;0;0;0;0;81;207;48;48;48;48;48;1367;348;966;3.2;33.6;-35.5;14.5;5.5;76.6;0.0000;-0.0186;-0.2750;102.2750;
391.95;0;0;0;0;81;207;48;48;48;48;48;1346;348;966;3.2;33.3;-35.5;14.5;5.5;76.6;0.0000;-0.0316;-0.5000;101.9750;
392.20;0;0;0;0;81;207;47;47;47;47;47;1334;348;966;3.2;33.3;-35.0;14.5;5.5;76.6;0.0000;-0.0415;-0.5250;101.1000;
392.45;0;0;0;0;81;207;47;46;47;46;47;1326;348;966;3.2;33.5;-35.0;14.5;5.5;76.6;0.0000;-0.0537;-0.5750;100.6500;
392.70;0;0;0;0;81;207;47;46;47;46;46;1318;348;966;3.2;33.2;-21.0;14.5;5.5;76.6;0.1490;-0.0712;-0.5250;100.5250;
392.95;0;0;0;0;81;207;46;45;46;45;46;1315;348;966;3.2;33.2;11.0;14.5;5.5;76.6;0.2314;-0.0738;-0.4250;100.2750;
393.20;0;0;0;0;81;207;46;45;46;45;46;1298;348;966;3.2;31.9;63.5;14.5;5.5;76.6;0.2784;-0.0749;-0.3500;100.5250;
393.45;0;0;0;0;81;207;46;45;46;45;46;1292;348;966;3.2;30.9;86.5;14.5;5.5;76.6;0.3020;-0.0833;-0.2500;100.4500;
393.70;0;0;0;0;81;207;46;45;46;45;46;1293;348;966;3.2;30.9;107.0;14.5;5.5;76.6;0.3020;-0.0885;-0.0750;99.9250;
393.95;0;0;0;0;81;207;46;45;46;45;46;1298;348;966;3.2;28.5;114.0;14.5;5.5;76.6;0.3294;-0.0899;-0.0750;100.0750;
394.20;0;0;0;0;81;207;47;45;46;45;46;1303;348;966;3.2;28.5;146.5;14.5;5.5;76.6;0.3804;-0.0899;0.0000;99.9000;
394.45;0;0;0;0;81;207;47;45;46;45;46;1306;348;966;3.2;26.2;161.5;14.5;5.5;76.6;0.3843;-0.0885;0.0500;100.1500;
394.70;0;0;0;0;81;207;46;45;46;45;46;1299;348;966;3.2;24.2;165.5;14.5;5.5;76.6;0.3765;-0.0740;0.0000;100.1500;
394.95;0;0;0;0;81;207;46;45;46;45;46;1297;348;966;3.2;24.2;164.0;14.5;5.5;76.6;0.3725;-0.0559;-0.0750;101.0500;
395.20;0;0;0;0;81;207;46;46;46;46;46;1298;348;966;3.2;22.4;160.0;14.5;5.5;76.6;0.3647;-0.0348;0.0000;101.8250;
395.45;0;0;0;0;81;207;46;45;46;45;46;1296;348;966;3.2;22.4;158.0;14.5;5.5;76.6;0.3569;-0.0143;-0.0750;0.0750;
395.70;0;0;0;0;81;207;45;46;45;45;46;1291;348;966;3.2;20.8;151.5;14.5;5.5;76.6;0.3529;0.0264;-0.1500;0.4750;
395.95;0;0;0;0;81;207;45;46;45;45;45;1282;348;966;3.2;20.8;147.5;14.5;5.5;76.6;0.3412;0.0486;-0.1750;1.3500;
396.20;0;0;0;0;81;207;45;45;45;45;45;1277;348;966;3.2;21.2;141.0;14.5;5.5;76.6;0.3412;0.0567;-0.2250;1.7000;
396.45;0;0;0;0;81;207;45;45;44;45;45;1268;348;966;3.2;21.6;140.5;14.5;5.5;76.6;0.3412;0.0618;-0.3250;2.2000;
396.71;0;0;0;0;81;207;44;45;44;45;45;1259;348;966;3.2;21.6;143.5;14.5;5.5;76.6;0.3569;0.0771;-0.3750;2.8000;
396.96;0;0;0;0;81;207;44;45;44;45;45;1257;348;966;3.2;22.8;149.5;14.5;5.5;76.6;0.3647;0.0773;-0.2500;2.0250;
397.21;0;0;0;0;81;207;44;45;44;45;45;1270;348;966;3.2;24.6;167.5;14.5;5.5;76.6;0.4157;0.0785;0.0250;2.4500;
397.46;0;0;0;0;81;207;44;45;44;45;45;1267;348;966;3.2;24.6;193.0;14.5;5.5;76.6;0.4431;0.0816;0.0750;2.3750;
397.71;0;0;0;0;81;207;44;45;44;45;45;1272;348;966;3.2;25.8;206.5;14.5;5.5;76.6;0.4588;0.0816;0.0000;2.3250;
397.96;0;0;0;0;81;207;44;45;44;45;45;1270;348;966;3.2;25.8;214.0;14.5;5.5;76.6;0.4667;0.0803;0.0500;2.2750;
398.21;0;0;0;0;81;207;44;45;45;45;45;1278;348;966;3.2;27.4;223.5;14.5;5.5;76.6;0.5098;0.0751;0.1250;2.1250;
398.46;0;0;0;0;81;207;45;46;45;45;45;1275;348;966;3.2;29.1;228.0;14.4;5.5;76.6;0.5176;0.0684;0.2250;1.7750;
398.71;0;0;0;0;81;207;45;46;45;46;46;1288;348;966;3.2;29.1;239.0;14.4;5.5;76.6;0.5176;0.0491;0.2500;1.2000;
398.96;0;0;0;0;81;207;45;46;45;46;46;1293;348;966;3.2;30.1;241.0;14.4;5.5;76.6;0.5137;0.0415;0.2000;0.7750;
399.21;0;0;0;0;81;207;45;46;46;46;46;1303;348;966;3.2;30.7;248.0;14.4;5.5;76.6;0.5059;0.0300;0.1750;0.5000;
399.46;0;0;0;0;81;207;46;46;46;46;46;1300;348;966;3.2;30.7;252.5;14.4;5.5;76.6;0.5020;0.0225;0.1750;0.1250;
399.71;0;0;0;0;81;207;46;46;46;46;46;1305;348;966;3.2;30.7;254.5;14.4;5.5;76.6;0.5020;0.0153;0.2250;0.3500;
399.96;0;0;0;0;81;207;46;46;46;46;46;1314;348;966;3.2;31.6;253.5;14.4;5.5;76.6;0.5020;0.0091;0.1750;0.3250;
400.21;0;0;0;0;81;207;46;46;46;46;47;1324;348;966;3.2;30.7;251.0;14.4;5.5;76.6;0.4980;0.0004;0.1500;102.2750;
400.46;0;0;0;0;81;207;47;47;47;46;47;1322;348;966;3.2;30.7;250.5;14.4;5.5;76.6;0.4980;-0.0034;0.1500;102.3250;
400.71;0;0;0;0;81;207;47;47;47;47;47;1328;348;966;3.2;29.8;248.5;14.4;5.5;76.6;0.4902;-0.0135;0.1500;102.1500;
400.96;0;0;0;0;81;207;47;47;47;47;47;1331;348;966;3.2;29.8;247.5;14.4;5.5;76.6;0.4863;-0.0222;0.1500;101.9250;
401.21;0;0;0;0;81;207;47;47;47;47;47;1340;348;966;3.2;28.5;240.0;14.4;5.5;76.6;0.4784;-0.0303;0.1750;101.5500;
401.46;0;0;0;0;81;207;48;47;48;47;47;1343;348;966;3.2;26.9;235.5;14.4;5.5;76.6;0.4706;-0.0320;0.1500;101.6250;
401.73;0;0;0;0;81;207;48;47;48;47;48;1342;348;966;3.2;26.9;225.0;14.4;5.5;76.6;0.4471;-0.0412;0.0750;101.2750;
401.98;0;0;0;0;81;207;48;47;48;47;48;1347;348;966;3.2;25.5;216.0;14.4;5.5;76.6;0.4392;-0.0427;0.1500;101.2000;
402.23;0;0;0;0;81;207;48;47;48;48;48;1358;348;966;3.2;24.1;212.0;14.4;5.5;76.6;0.4392;-0.0425;0.1500;101.3250;
402.48;0;0;0;0;81;207;48;48;48;48;48;1357;348;966;3.2;24.1;210.0;14.4;5.5;76.6;0.4392;-0.0415;0.0250;101.3750;
402.73;0;0;0;0;81;207;48;48;48;48;48;1358;348;966;3.2;22.6;209.0;14.4;5.5;76.6;0.4392;-0.0410;0.0250;101.3500;
402.98;0;0;0;0;81;207;48;48;48;48;48;1361;348;966;3.2;22.6;210.0;14.4;5.5;76.6;0.4392;-0.0414;0.0750;101.5250;
403.23;0;0;0;0;82;207;48;48;48;48;48;1361;348;966;3.2;21.9;209.0;14.4;5.5;76.6;0.4392;-0.0415;0.0250;101.1000;
403.48;0;0;0;0;82;207;49;48;49;48;48;1371;348;966;3.2;21.4;208.5;14.4;5.5;76.6;0.4392;-0.0422;0.1000;101.2250;
403.73;0;0;0;0;82;207;49;48;49;48;48;1372;348;966;3.2;21.4;209.0;14.4;5.5;76.6;0.4392;-0.0437;0.0750;101.3250;
403.98;0;0;0;0;82;207;49;48;49;48;49;1366;348;966;3.2;21.4;210.0;14.4;5.5;76.6;0.4392;-0.0464;0.1000;100.8750;
404.23;0;0;0;0;82;207;49;48;49;48;49;1371;348;966;3.2;20.5;209.5;14.4;5.5;76.6;0.4392;-0.0504;0.0500;100.7250;
404.48;0;0;0;0;82;207;49;49;49;48;49;1379;348;966;3.2;20.2;209.0;14.4;5.5;76.6;0.4392;-0.0503;0.1000;100.6500;
404.73;0;0;0;0;82;207;49;48;49;48;49;1380;348;966;3.2;20.2;208.0;14.4;5.5;76.6;0.4392;-0.0501;0.0500;100.5500;
404.98;0;0;0;0;82;207;49;49;49;49;49;1381;348;964;3.2;19.8;209.0;14.4;5.5;76.6;0.4392;-0.0428;0.0500;100.7750;
405.23;0;0;0;0;82;207;49;49;49;49;49;1383;348;966;3.2;19.3;208.0;14.4;5.5;76.6;0.4392;-0.0307;0.0250;101.8500;
405.48;0;0;0;0;82;207;49;49;49;49;49;1393;348;966;3.2;19.3;208.0;14.4;5.5;76.6;0.4392;-0.0228;0.1500;102.2250;
405.73;0;0;0;0;82;207;49;49;49;49;49;1402;348;964;3.2;19.2;208.5;14.4;5.5;76.6;0.4392;-0.0021;0.2000;0.3250;
405.98;0;0;0;0;82;207;49;50;50;50;50;1407;348;964;3.2;19.2;209.0;14.4;5.5;76.6;0.4392;0.0022;0.1750;102.3250;
406.23;0;0;0;0;82;207;50;50;50;50;50;1413;349;964;3.2;19.6;208.0;14.4;5.5;76.6;0.4392;0.0029;0.2500;102.0000;
406.48;0;0;0;0;82;207;50;50;50;50;50;1415;349;964;3.2;20.0;208.0;14.4;5.5;76.6;0.4392;0.0054;0.2500;102.3750;
406.74;0;0;0;0;82;207;50;50;50;50;50;1424;349;964;3.2;20.0;207.5;14.4;5.5;76.6;0.4392;0.0130;0.2000;0.1000;
406.99;0;0;0;0;83;207;50;51;51;51;51;1434;349;964;3.2;20.1;206.5;14.4;5.5;76.6;0.4353;0.0168;0.2250;0.2750;
407.24;0;0;0;0;83;207;51;51;51;51;51;1434;349;964;3.2;20.7;206.5;14.4;5.5;76.6;0.4353;0.0194;0.2000;0.2500;
407.49;0;0;0;0;83;207;51;51;51;51;51;1441;349;964;3.2;20.7;207.0;14.4;5.5;76.6;0.4353;0.0222;0.1750;0.7000;
407.74;0;0;0;0;83;207;51;51;51;51;51;1448;349;964;3.2;21.2;205.5;14.4;5.5;76.6;0.4353;0.0290;0.1500;0.6000;
407.99;0;0;0;0;83;207;51;52;51;51;51;1454;349;964;3.2;21.2;206.5;14.4;5.5;76.6;0.4392;0.0291;0.1500;0.8000;
408.24;0;0;0;0;83;207;51;52;51;52;52;1459;349;964;3.2;21.9;206.5;14.4;5.5;76.6;0.4392;0.0290;0.2000;0.7000;
408.49;0;0;0;0;83;207;52;52;52;52;52;1470;349;964;3.2;21.9;207.0;14.4;5.5;76.6;0.4392;0.0298;0.2250;0.8250;
408.74;0;0;0;0;83;207;51;52;52;52;52;1471;349;964;3.2;22.6;211.0;14.4;5.5;76.6;0.4510;0.0380;0.2000;1.0250;
408.99;0;0;0;0;83;207;52;52;52;53;52;1482;349;964;3.2;22.6;221.0;14.4;5.5;76.6;0.4745;0.0382;0.2250;0.8250;
409.24;0;0;0;0;83;207;52;53;52;53;53;1489;349;964;3.2;23.5;245.0;14.4;5.5;76.6;0.5294;0.0400;0.2500;0.9750;
409.49;0;0;0;0;83;207;53;53;53;53;53;1505;349;964;3.2;24.5;260.0;14.4;5.5;76.6;0.5373;0.0425;0.3750;1.1750;
409.74;0;0;0;0;83;207;53;54;53;54;53;1511;349;964;3.2;24.5;264.5;14.4;5.5;76.6;0.5451;0.0430;0.4000;1.3250;
409.99;0;0;0;0;83;207;54;54;54;54;54;1526;349;964;3.2;25.3;269.0;14.4;5.5;76.6;0.5569;0.0441;0.4500;1.3250;
410.24;0;0;0;0;83;207;54;55;54;55;54;1537;349;964;3.2;25.9;274.5;14.4;5.5;76.6;0.5725;0.0448;0.4750;1.3250;
410.49;0;0;0;0;84;207;55;55;54;55;55;1553;349;964;3.2;25.9;280.5;14.4;5.5;76.6;0.5843;0.0450;0.5250;1.3750;
410.74;0;0;0;0;84;207;55;56;55;56;55;1566;349;964;3.2;26.3;281.5;14.4;5.5;76.6;0.5922;0.0404;0.5000;1.3000;
410.99;0;0;0;0;84;207;56;57;56;56;56;1588;349;964;3.2;26.3;283.5;14.4;5.5;76.6;0.5922;0.0330;0.6500;1.0000;
411.24;0;0;0;0;84;207;56;57;56;57;57;1605;349;964;3.2;27.0;283.0;14.4;5.5;76.6;0.5922;0.0290;0.6500;0.8500;
411.49;0;0;0;0;84;207;57;57;57;58;57;1624;349;964;3.2;26.9;283.0;14.4;5.5;76.6;0.5922;0.0257;0.6750;0.4250;
411.76;0;0;0;0;84;207;58;58;58;58;58;1639;349;964;3.2;26.9;284.5;14.4;5.5;76.6;0.5922;0.0150;0.7000;0.3500;
412.01;0;0;0;0;84;207;59;59;59;59;59;1660;349;964;3.2;26.6;284.0;14.4;5.5;76.6;0.5922;0.0109;0.6500;0.1750;
412.26;0;0;0;0;84;207;59;59;59;59;59;1673;349;964;3.2;26.6;283.5;14.4;5.5;76.6;0.5922;0.0091;0.7000;102.3500;
412.51;0;0;0;0;84;207;60;60;60;60;60;1694;349;964;3.2;26.4;282.0;14.4;5.5;76.6;0.5922;0.0091;0.7000;0.0250;
412.76;0;0;0;0;84;207;60;60;60;60;60;1706;349;964;3.2;26.4;281.0;14.4;5.5;76.6;0.5922;0.0086;0.6000;102.3750;
413.01;0;0;0;0;84;207;61;61;61;61;61;1727;349;964;3.2;26.1;280.5;14.4;5.5;76.6;0.5922;0.0082;0.6750;0.0750;
413.26;0;0;0;0;84;207;61;61;61;62;62;1740;349;964;3.2;25.4;280.5;14.4;5.5;76.6;0.5922;0.0074;0.6500;0.0750;
413.51;0;0;0;0;84;207;62;62;62;62;62;1761;349;964;3.2;25.4;278.5;14.4;5.5;76.6;0.5882;0.0067;0.5750;102.2750;
413.76;0;0;0;0;84;207;63;63;63;63;63;1777;349;964;3.2;25.3;279.0;14.4;5.5;76.6;0.5882;0.0069;0.5750;102.3000;
414.01;0;0;0;0;84;207;63;64;63;63;63;1792;349;964;3.2;24.6;277.5;14.4;5.5;76.6;0.5843;0.0093;0.5250;0.1000;
414.26;0;0;0;0;84;207;64;64;64;64;64;1805;349;964;3.2;24.6;276.5;14.4;5.5;76.6;0.5843;0.0095;0.6000;0.1250;
414.51;0;0;0;0;85;207;64;64;65;65;65;1827;349;962;3.2;24.1;275.0;14.4;5.5;76.6;0.5804;0.0091;0.5500;0.0250;
414.76;0;0;0;0;85;207;65;65;65;65;65;1837;349;964;3.2;24.1;274.0;14.4;5.5;76.6;0.5765;0.0091;0.5750;0.2750;
415.01;0;0;0;0;85;207;66;66;66;66;66;1855;349;962;3.2;23.7;271.0;14.4;5.5;76.6;0.5725;0.0092;0.6000;0.3500;
415.26;0;0;0;0;85;207;66;66;66;66;66;1866;349;962;3.2;23.2;269.5;14.4;5.5;76.6;0.5725;0.0091;0.5500;0.3500;
415.51;0;0;0;0;85;207;66;67;67;67;67;1882;349;962;3.2;23.2;267.0;14.4;5.5;76.6;0.5647;0.0082;0.4500;0.5500;
415.76;0;0;0;0;85;207;67;67;67;67;67;1893;349;962;3.2;23.1;265.0;14.4;5.5;76.6;0.5569;0.0003;0.4750;0.1250;
416.01;0;0;0;0;85;207;68;68;68;67;68;1909;349;962;3.2;23.2;254.5;14.4;5.5;76.6;0.5176;-0.0039;0.5000;0.0250;
416.26;0;0;0;0;85;207;68;68;68;68;68;1918;349;962;3.2;23.2;246.5;14.4;5.5;76.6;0.5098;-0.0064;0.5000;102.0500;
416.51;0;0;0;0;85;207;68;68;68;68;68;1930;349;962;3.2;23.2;241.0;14.4;5.5;76.6;0.5020;-0.0132;0.4000;102.0000;
416.77;0;0;0;0;85;207;69;69;69;69;69;1936;349;962;3.2;22.8;236.5;14.4;5.5;76.6;0.4941;-0.0153;0.4000;101.8000;
417.02;0;0;0;0;85;207;69;69;69;69;69;1949;349;962;3.2;22.7;230.0;14.4;5.5;76.6;0.4824;-0.0172;0.3750;101.7250;
417.27;0;0;0;0;86;207;70;69;69;69;70;1959;349;962;3.2;22.7;222.0;14.4;5.5;76.6;0.4745;-0.0181;0.3750;101.6000;
417.52;0;0;0;0;86;207;70;70;70;70;70;1971;349;962;3.2;22.9;219.0;14.4;5.5;76.6;0.4745;-0.0194;0.3750;101.6750;
417.77;0;0;0;0;86;207;70;70;70;70;70;1984;349;962;3.2;22.9;218.5;14.4;5.5;76.6;0.4745;-0.0199;0.4250;101.5500;
418.02;0;0;0;0;86;207;71;70;71;71;71;1998;349;962;3.2;22.0;219.0;14.4;5.5;76.6;0.4745;-0.0186;0.3750;101.7250;
418.27;0;0;0;0;86;207;71;71;71;71;71;2004;349;962;3.2;22.1;218.5;14.4;5.5;76.6;0.4706;-0.0135;0.4250;101.9000;
418.52;1;0;0;0;86;207;71;71;71;71;71;1983;349;962;3.2;22.1;-39.5;14.4;5.5;76.6;0.0000;-0.0125;0.2250;102.1500;
418.77;1;0;0;0;86;207;70;70;70;70;71;1792;349;962;3.2;22.0;-31.5;14.4;5.5;76.6;0.0000;-0.0130;-0.3500;102.0250;
419.02;1;0;0;0;86;207;70;70;70;70;70;1505;349;962;3.2;22.4;-32.0;14.4;5.5;76.6;0.0000;-0.0136;-0.4000;101.7000;
419.27;1;0;0;0;86;207;70;70;70;70;70;1328;349;962;3.2;22.4;-31.0;14.4;5.5;76.6;0.0000;-0.0181;-0.3750;101.7000;
419.52;1;0;0;0;86;207;70;70;69;69;70;1295;349;962;3.2;22.4;-30.5;14.4;5.5;76.6;0.0000;-0.0180;-0.3250;101.5750;
419.77;0;0;0;0;86;207;69;69;69;69;70;1291;349;962;3.2;22.4;-30.5;14.4;5.5;76.6;0.0000;-0.0180;-0.2250;101.6000;
420.02;0;0;0;0;86;207;69;69;69;69;69;1288;349;962;3.2;22.5;-31.0;14.4;5.5;76.6;0.0000;-0.0178;-0.2250;101.5250;
420.27;0;0;0;0;86;207;69;69;69;69;69;1289;349;962;3.2;22.5;-31.0;14.4;5.5;76.6;0.0000;-0.0172;-0.1500;101.8000;
420.52;0;0;0;0;87;207;69;69;69;69;69;1286;349;962;3.2;22.5;-31.0;14.4;5.5;76.6;0.0000;-0.0115;-0.1250;101.8750;
420.77;0;0;0;0;87;207;69;69;69;69;69;1285;349;962;3.2;22.5;-31.0;14.4;5.5;76.6;0.0000;-0.0087;-0.1000;101.9750;
421.02;0;0;0;0;87;207;69;69;69;69;69;1286;349;962;3.2;23.1;-31.0;14.4;5.5;76.6;0.0000;-0.0064;-0.0500;101.9750;
421.27;0;0;0;0;87;207;69;69;69;69;69;1284;349;962;3.2;23.8;-31.0;14.4;5.5;76.6;0.0000;-0.0041;-0.0250;102.1500;
421.52;0;0;0;0;87;207;69;69;69;69;69;1284;349;962;3.2;23.8;-31.0;14.4;5.5;76.6;0.0000;-0.0014;-0.0500;102.2000;
421.79;0;0;0;0;87;207;69;69;69;69;69;1284;349;962;3.2;24.3;-31.0;14.4;5.5;76.6;0.0000;-0.0018;-0.0250;102.0250;
422.04;0;0;0;0;87;207;69;69;69;69;69;1284;349;962;3.2;25.2;-31.0;14.4;5.5;76.6;0.0000;-0.0018;0.0250;102.0000;
422.29;0;0;0;0;87;207;69;69;69;69;69;1285;349;962;3.2;25.2;-31.0;14.4;5.5;76.6;0.0000;-0.0018;-0.0250;102.1750;
422.54;0;0;0;0;87;207;69;69;69;69;69;1287;349;962;3.2;26.0;-31.0;14.4;5.5;76.6;0.0000;-0.0021;0.0000;102.3000;
422.79;0;0;0;0;87;207;69;69;69;69;69;1287;349;962;3.2;26.0;-31.5;14.4;5.5;76.6;0.0000;-0.0021;0.0250;102.0500;
423.04;0;0;0;0;87;207;69;69;69;69;69;1289;349;962;3.2;26.4;-31.5;14.4;5.5;76.6;0.0000;-0.0020;0.0500;102.1500;
423.29;0;0;0;0;87;207;69;69;69;69;70;1289;349;962;3.2;26.4;-31.0;14.4;5.5;76.6;0.0000;-0.0020;0.0500;102.0500;
423.54;0;0;0;0;87;207;69;69;69;69;70;1290;349;962;3.2;26.4;-31.0;14.4;5.5;76.6;0.0000;-0.0025;0.0250;102.1500;
423.79;0;0;0;0;87;207;69;69;69;69;70;1290;349;962;3.2;26.6;-31.0;14.4;5.5;76.6;0.0000;-0.0022;0.0000;102.0000;
424.04;0;0;0;0;87;207;69;69;69;69;70;1289;349;962;3.2;26.9;-31.0;14.4;5.5;76.6;0.0000;-0.0018;-0.0250;102.1250;
424.29;0;0;0;0;87;207;69;69;69;69;70;1291;349;962;3.2;26.9;-31.0;14.4;5.5;76.6;0.0000;-0.0007;0.0000;102.2000;
424.54;0;0;0;0;87;207;69;69;69;69;69;1288;349;962;3.2;27.1;-31.0;14.4;5.5;76.6;0.0000;0.0018;-0.1000;102.1750;
424.79;0;0;0;0;87;207;69;69;69;69;69;1286;349;962;3.2;27.1;-31.0;14.4;5.5;76.6;0.0000;0.0025;-0.1000;102.2000;
425.04;0;0;0;0;87;207;69;69;69;69;69;1295;349;962;3.2;27.3;-16.0;14.4;5.5;76.6;0.1686;0.0043;-0.0750;102.2000;
425.29;0;0;0;0;87;207;69;69;69;69;69;1310;349;962;3.2;27.3;29.0;14.4;5.5;76.6;0.1961;0.0062;0.0000;102.3750;
425.54;0;0;0;0;87;207;69;70;69;69;70;1291;349;962;3.2;27.2;38.0;14.4;5.5;76.6;0.1922;0.0091;0.0750;0.0000;
425.79;0;0;0;0;87;207;69;70;69;70;70;1296;349;962;3.2;27.2;39.5;14.4;5.5;76.6;0.1922;0.0093;0.1500;0.0000;
426.04;0;0;0;0;87;207;70;70;70;70;70;1295;349;962;3.2;27.2;40.0;14.4;5.5;76.6;0.1922;0.0097;0.1250;0.1000;
426.29;0;0;0;0;87;207;70;70;70;70;70;1303;349;962;3.2;27.4;40.0;14.4;5.5;76.6;0.1922;0.0099;0.1250;0.1250;
426.54;0;0;0;0;87;207;70;70;70;70;70;1304;349;962;3.2;27.4;39.5;14.4;5.5;76.6;0.1922;0.0099;0.1000;0.0750;
426.80;0;0;0;0;87;207;70;70;70;70;70;1307;349;962;3.2;27.4;39.5;14.4;5.5;76.6;0.1922;0.0092;0.1000;0.1500;
427.05;0;0;0;0;87;207;70;70;70;70;70;1305;349;962;3.2;27.4;39.5;14.4;5.5;76.6;0.1922;0.0091;0.1000;0.1250;
427.30;0;0;0;0;87;207;70;70;70;70;70;1306;349;962;3.2;27.4;40.0;14.4;5.5;76.6;0.1922;0.0102;0.0250;0.1500;
427.55;0;0;0;0;87;207;70;71;70;70;70;1310;349;962;3.2;27.7;39.5;14.4;5.5;76.6;0.1922;0.0123;0.0500;0.0500;
427.80;0;0;0;0;87;207;70;71;70;71;71;1310;349;962;3.2;27.8;39.5;14.4;5.5;76.6;0.1922;0.0157;0.0250;0.5250;
428.05;0;0;0;0;87;207;70;70;70;71;71;1312;349;962;3.2;27.8;40.0;14.4;5.5;76.6;0.1922;0.0154;0.0500;0.4250;
428.30;0;0;0;0;87;207;70;71;70;71;71;1310;349;962;3.2;27.9;40.0;14.4;5.5;76.6;0.1922;0.0135;0.0000;0.2500;
428.55;0;0;0;0;87;207;70;71;70;71;71;1312;349;962;3.2;27.9;40.5;14.4;5.5;76.6;0.1922;0.0102;-0.0250;0.3750;
428.80;0;0;0;0;87;207;71;70;70;71;71;1315;349;962;3.2;28.4;39.0;14.4;5.5;76.6;0.1922;0.0004;0.0000;102.0750;
429.05;0;0;0;0;87;207;71;71;71;71;71;1314;347;962;3.2;28.4;39.5;14.4;5.5;76.6;0.1922;-0.0013;-0.0250;102.0250;
429.30;0;0;0;0;87;207;71;71;70;71;71;1312;347;962;3.2;28.2;39.5;14.4;5.5;76.6;0.1922;-0.0008;-0.0250;102.2250;
429.55;0;0;0;0;87;207;71;71;71;71;71;1314;347;962;3.2;28.2;40.0;14.4;5.5;76.6;0.1922;-0.0003;0.0000;102.2500;
429.80;0;0;0;0;87;207;71;71;70;71;71;1318;347;962;3.2;27.8;39.0;14.4;5.5;76.6;0.1922;0.0001;0.0500;102.2500;
430.05;0;0;0;0;87;207;71;71;71;71;71;1316;347;962;3.2;27.9;39.5;14.4;5.5;76.6;0.1922;0.0003;0.0000;102.2250;
430.30;0;0;0;0;87;207;71;71;71;71;71;1313;347;962;3.2;27.9;39.5;14.4;5.5;76.6;0.1922;0.0003;0.0000;102.1500;
430.55;0;0;0;0;87;207;71;71;71;71;71;1316;347;962;3.2;27.9;40.0;14.4;5.5;76.6;0.1922;0.0004;0.0000;102.1750;
430.80;0;0;0;0;87;207;71;71;71;71;71;1316;347;962;3.2;27.4;39.0;14.4;5.5;76.6;0.1922;0.0004;-0.0250;102.2500;
431.05;0;0;0;0;87;207;71;71;71;71;71;1313;347;962;3.2;27.4;39.5;14.4;5.5;76.6;0.1961;0.0011;-0.1000;102.2250;
431.30;0;0;0;0;87;207;70;71;71;70;71;1310;347;962;3.2;27.4;40.0;14.4;5.5;76.6;0.1922;0.0025;-0.1000;102.3750;
431.55;0;0;0;0;87;207;71;71;71;71;71;1310;347;962;3.2;27.4;40.0;14.4;5.5;76.6;0.1922;0.0025;-0.0750;102.2500;
431.82;0;0;0;0;87;207;71;71;70;70;71;1313;347;962;3.2;27.4;40.0;14.4;5.5;76.6;0.1961;0.0025;-0.0500;102.3750;
432.07;0;0;0;0;87;207;70;70;70;70;71;1313;347;962;3.2;26.9;39.5;14.4;5.5;76.6;0.1922;0.0025;-0.0750;102.3250;
432.32;0;0;0;0;87;207;70;71;70;70;71;1309;347;962;3.2;26.9;40.0;14.4;5.5;76.6;0.1922;0.0038;-0.1000;102.3750;
432.57;0;0;0;0;87;207;70;70;70;70;71;1305;347;962;3.2;27.0;40.0;14.4;5.5;76.6;0.1922;0.0064;-0.0500;0.0250;
432.82;0;0;0;0;87;207;70;70;70;70;70;1309;347;962;3.2;26.7;40.5;14.4;5.5;76.6;0.1961;0.0079;-0.0750;0.1750;
433.07;0;0;0;0;87;207;70;70;70;70;70;1308;347;962;3.2;26.7;39.5;14.4;5.5;76.6;0.1961;0.0082;-0.1000;0.1250;
433.32;0;0;0;0;87;207;70;70;70;70;70;1305;347;962;3.2;26.7;40.0;14.4;5.5;76.6;0.1922;0.0057;-0.1250;0.2750;
433.57;0;0;0;0;87;207;70;70;70;70;70;1301;347;962;3.2;26.6;40.5;14.4;5.5;76.6;0.1922;0.0051;-0.0750;0.0000;
433.82;0;0;0;0;87;207;70;70;70;70;70;1300;347;962;3.2;27.4;40.5;14.4;5.5;76.6;0.1961;0.0054;-0.0750;0.1000;
434.07;0;0;0;0;87;207;70;70;70;70;70;1301;347;962;3.2;27.4;40.5;14.4;5.5;76.6;0.1961;0.0057;-0.1000;0.0750;
434.32;0;0;0;0;87;207;69;70;70;70;70;1296;347;962;3.2;27.3;40.0;14.4;5.5;76.6;0.1961;0.0102;-0.1250;0.1750;
434.57;0;0;0;0;87;207;69;70;69;70;70;1297;347;962;3.2;27.3;40.0;14.4;5.5;76.6;0.1922;0.0117;-0.1500;0.2750;
434.82;0;0;0;0;87;207;69;70;69;69;70;1292;347;962;3.2;27.0;40.0;14.4;5.5;76.6;0.1922;0.0125;-0.1250;0.3250;
435.07;0;0;0;0;87;207;69;70;69;69;70;1289;347;962;3.2;27.9;40.5;14.4;5.5;76.6;0.1922;0.0128;-0.1000;0.3750;
435.32;0;0;0;0;87;207;69;70;69;69;70;1293;347;962;3.2;27.9;40.0;14.4;5.5;76.6;0.1922;0.0123;-0.0750;0.3750;
435.57;0;0;0;0;87;207;69;70;69;70;70;1292;347;962;3.2;28.1;40.0;14.4;5.5;76.6;0.1922;0.0123;-0.0500;0.3250;
435.82;0;0;0;0;87;207;69;69;69;69;70;1292;347;962;3.2;27.8;40.0;14.4;5.5;76.6;0.1922;0.0123;-0.0500;0.3500;
436.07;0;0;0;0;87;207;69;69;69;69;70;1291;347;962;3.2;27.8;40.0;14.4;5.5;76.6;0.1922;0.0123;-0.0750;0.2250;
436.32;0;0;0;0;87;207;69;70;69;69;70;1289;347;962;3.2;28.4;40.0;14.4;5.5;76.6;0.1922;0.0123;-0.0500;0.2750;
436.57;0;0;0;0;87;207;69;70;69;69;69;1287;347;962;3.2;28.4;40.5;14.4;5.5;76.6;0.1922;0.0123;-0.0500;0.3750;
436.83;0;0;0;0;87;207;69;70;69;69;69;1290;347;962;3.2;28.5;39.5;14.4;5.5;76.6;0.1922;0.0123;-0.0250;0.4000;
437.08;0;0;0;0;87;207;69;70;69;69;69;1290;347;962;3.2;28.3;40.0;14.4;5.5;76.6;0.1922;0.0123;0.0250;0.4250;
437.33;0;0;0;0;87;207;69;70;69;69;69;1288;347;962;3.2;28.3;40.0;14.4;5.5;76.6;0.1922;0.0123;-0.0500;0.4500;
437.58;0;0;0;0;87;207;69;69;69;69;69;1284;347;962;3.2;28.3;40.5;14.4;5.5;76.6;0.1922;0.0122;-0.1250;0.3750;
437.83;0;0;0;0;87;207;69;69;69;69;69;1287;347;962;3.2;28.8;40.5;14.4;5.5;76.6;0.1922;0.0091;-0.0750;0.1500;
438.08;0;0;0;0;87;207;69;69;69;69;69;1290;347;962;3.2;28.7;40.0;14.4;5.5;76.6;0.1922;0.0091;-0.0250;0.1250;
438.33;0;0;0;0;87;207;69;69;69;69;69;1288;347;962;3.2;28.7;40.0;14.4;5.5;76.6;0.1922;0.0091;-0.0250;0.2000;
438.58;0;0;0;0;87;207;69;70;69;69;69;1291;347;962;3.2;28.7;40.0;14.4;5.5;76.6;0.1922;0.0084;0.0000;0.1500;
438.83;0;0;0;0;87;207;69;70;69;69;70;1290;347;962;3.2;29.0;40.0;14.4;5.5;76.6;0.1922;0.0057;0.0250;0.1750;
439.08;0;0;0;0;87;207;70;70;69;69;70;1292;347;962;3.2;29.0;40.0;14.4;5.5;76.6;0.1922;0.0049;0.0250;0.0500;
439.33;0;0;0;0;87;207;70;70;70;70;70;1297;347;962;3.2;28.6;40.0;14.4;5.5;76.6;0.1922;0.0016;0.0750;102.3000;
439.58;0;0;0;0;87;207;70;70;70;70;70;1299;347;962;3.2;28.6;39.5;14.4;5.5;76.6;0.1922;0.0011;0.0750;102.3500;
439.83;0;0;0;0;87;207;70;70;70;70;70;1300;347;962;3.2;28.1;40.0;14.4;5.5;76.6;0.1922;0.0011;0.0750;102.2500;
440.08;0;0;0;0;87;207;70;70;70;70;70;1302;347;962;3.2;28.3;40.0;14.4;5.5;76.6;0.1922;0.0011;0.1000;102.2750;
440.33;0;0;0;0;87;207;70;70;70;70;70;1302;347;962;3.2;28.3;40.0;14.4;5.5;76.6;0.1922;0.0008;0.0250;102.2250;
440.58;0;0;0;0;87;207;70;70;70;70;70;1309;347;962;3.2;28.1;39.5;14.4;5.5;76.6;0.1922;-0.0022;0.1000;102.1250;
440.83;0;0;0;0;87;207;70;70;70;70;71;1312;347;962;3.2;27.5;39.5;14.4;5.5;76.6;0.1922;-0.0043;0.1500;101.9500;
441.08;0;0;0;0;87;207;71;70;70;70;71;1315;347;962;3.2;27.5;39.5;14.4;5.5;76.6;0.1922;-0.0041;0.1500;101.9750;
441.33;0;0;0;0;87;207;71;71;71;71;71;1314;347;962;3.2;27.4;39.5;14.4;5.5;76.6;0.1922;-0.0031;0.1250;102.0000;
441.58;0;0;0;0;87;207;71;71;71;71;71;1319;347;962;3.2;27.4;39.5;14.4;5.5;76.6;0.1922;-0.0022;0.2000;101.9750;
441.85;0;0;0;0;87;207;71;71;71;71;71;1325;347;962;3.2;27.0;39.0;14.4;5.5;76.6;0.1922;-0.0014;0.2250;101.9250;
442.10;0;0;0;0;87;207;71;72;71;71;72;1330;347;962;3.2;27.0;39.5;14.4;5.5;76.6;0.1882;-0.0011;0.2000;101.9500;
442.35;0;0;0;0;87;207;72;71;72;72;72;1331;347;962;3.2;26.5;39.0;14.4;5.5;76.6;0.1882;-0.0008;0.2250;102.0250;
442.60;0;0;0;0;87;207;72;72;72;72;72;1341;347;962;3.2;26.6;39.0;14.4;5.5;76.6;0.1922;-0.0007;0.2500;102.0500;
442.85;0;0;0;0;87;207;72;72;72;72;72;1346;347;962;3.2;26.6;39.0;14.4;5.5;76.6;0.1922;-0.0001;0.2500;102.0750;
443.10;0;0;0;0;87;207;73;73;72;73;73;1349;347;962;3.2;26.3;38.0;14.4;5.5;76.6;0.1922;0.0008;0.2000;102.2750;
443.35;0;0;0;0;87;207;73;73;73;73;73;1353;347;962;3.2;26.3;38.5;14.4;5.5;76.6;0.1882;0.0016;0.2500;102.3250;
443.60;0;0;0;0;87;207;73;73;73;73;73;1360;347;962;3.2;26.1;37.5;14.4;5.5;76.6;0.1882;0.0013;0.2500;102.3000;
443.85;0;0;0;0;87;207;73;74;73;73;73;1364;347;964;3.2;26.4;37.5;14.4;5.5;76.6;0.1882;0.0004;0.2250;102.3500;
444.10;0;0;0;0;87;207;74;74;73;74;74;1369;347;962;3.2;26.4;36.0;14.4;5.5;76.6;0.1804;0.0013;0.2500;102.2500;
444.35;0;0;0;0;87;207;74;74;74;74;74;1363;347;962;3.2;26.3;2.0;14.4;5.5;76.6;0.0196;0.0020;0.2750;102.3250;
444.60;0;0;0;0;87;207;74;74;74;74;74;1375;347;962;3.2;26.2;-22.0;14.4;5.5;76.6;0.0000;0.0029;0.1250;0.1250;
444.85;0;0;0;0;87;207;74;74;74;74;74;1367;347;962;3.2;26.2;-31.0;14.4;5.5;76.6;0.0000;0.0034;0.0750;0.0000;
445.10;0;0;0;0;87;207;74;74;74;74;74;1376;347;962;3.2;26.7;-31.5;14.4;5.5;76.6;0.0000;0.0052;0.0750;0.0500;
445.35;0;0;0;0;87;207;74;74;74;74;74;1375;347;962;3.2;26.7;-32.0;14.4;5.5;76.6;0.0000;0.0057;0.0500;0.0000;
445.60;0;0;0;0;87;207;74;74;74;74;74;1375;347;962;3.2;27.0;-32.0;14.4;5.5;76.6;0.0000;0.0057;0.0000;0.0500;
445.85;0;0;0;0;87;207;74;74;74;74;74;1377;347;964;3.2;27.0;-32.0;14.4;5.5;76.6;0.0000;0.0084;0.0000;0.1500;
446.10;0;0;0;0;87;207;74;74;74;74;74;1378;347;964;3.2;27.2;-32.0;14.4;5.5;76.6;0.0000;0.0104;0.0250;0.2750;
446.35;0;0;0;0;87;207;74;74;74;74;74;1376;347;964;3.2;27.2;-32.0;14.4;5.5;76.6;0.0000;0.0102;0.0250;0.2000;
446.60;0;0;0;0;87;207;74;74;74;74;74;1378;347;964;3.2;27.7;-32.0;14.4;5.5;76.6;0.0000;0.0092;0.0250;0.3500;
446.86;0;0;0;0;87;207;75;74;74;74;74;1382;347;964;3.2;28.3;-32.0;14.4;5.5;76.6;0.0000;0.0067;0.0750;0.0500;
447.11;0;0;0;0;87;207;74;74;74;74;75;1385;347;964;3.2;28.3;-32.0;14.4;5.5;76.6;0.0000;0.0047;0.0500;0.2000;
447.36;0;0;0;0;87;207;74;75;74;74;75;1384;347;964;3.2;28.6;-32.0;14.4;5.5;76.6;0.0000;0.0051;0.0750;0.0000;
447.61;0;0;0;0;87;207;74;75;74;74;75;1382;347;964;3.2;28.7;-32.0;14.4;5.5;76.6;0.0000;0.0054;0.0500;0.0750;
447.86;0;0;0;0;87;207;74;75;74;74;75;1384;347;964;3.2;28.7;-32.0;14.4;5.5;76.6;0.0000;0.0057;0.0500;102.1500;
448.11;0;0;0;0;87;207;75;75;75;75;75;1388;347;964;3.2;29.1;-32.0;14.4;5.5;76.6;0.0000;0.0066;0.0500;0.1250;
448.36;0;0;0;0;87;207;74;75;74;75;75;1388;347;964;3.2;29.1;-32.0;14.4;5.5;76.6;0.0000;0.0125;0.0250;0.4750;
448.61;0;0;0;0;87;207;74;75;75;75;75;1387;347;964;3.2;29.2;-32.0;14.4;5.5;76.6;0.0000;0.0114;-0.0500;0.2000;
448.86;0;0;0;0;87;207;75;74;74;75;75;1389;347;964;3.2;29.5;-32.0;14.4;5.5;76.6;0.0000;0.0097;0.0250;0.2750;
449.11;0;0;0;0;87;207;75;75;75;75;75;1392;347;964;3.2;29.5;-32.0;14.4;5.5;76.6;0.0000;0.0028;0.1000;0.1500;
449.36;0;0;0;0;87;207;75;75;75;75;75;1393;347;964;3.2;29.8;-32.0;14.4;5.5;76.6;0.0000;0.0000;0.0000;102.3250;
449.61;0;0;0;0;87;207;75;75;75;75;75;1393;347;964;3.2;29.5;-32.0;14.4;5.5;76.6;0.0000;0.0000;0.0250;102.1750;
449.86;0;0;0;0;87;207;75;75;75;75;75;1395;347;964;3.2;29.5;-32.5;14.4;5.5;76.6;0.0000;0.0001;0.0750;102.3000;
450.11;0;0;0;0;87;207;75;75;75;75;75;1395;347;964;3.2;29.5;-32.0;14.4;5.5;76.6;0.0000;0.0007;0.0750;101.9000;
450.36;0;0;0;0;87;207;75;75;75;75;75;1396;347;964;3.2;29.3;-32.0;14.4;5.5;76.6;0.0000;0.0007;0.0250;102.1750;
450.61;0;0;0;0;87;207;75;75;75;75;75;1398;347;964;3.2;29.4;-32.5;14.4;5.5;76.6;0.0000;0.0004;0.0000;102.2000;
450.86;0;0;0;0;87;207;75;75;75;75;75;1397;347;964;3.2;29.4;-32.5;14.4;5.5;76.6;0.0000;0.0000;0.0000;102.2250;
451.11;0;0;0;0;87;207;75;75;75;75;75;1397;347;964;3.2;28.7;-32.5;14.4;5.5;76.6;0.0000;0.0001;0.0250;102.1500;
451.36;0;0;0;0;87;207;75;75;75;75;75;1398;347;964;3.2;28.7;-32.5;14.4;5.5;76.6;0.0000;0.0001;-0.0250;102.2250;
451.61;0;0;0;0;87;207;75;75;75;75;75;1401;347;964;3.2;28.5;-32.5;14.4;5.5;76.6;0.0000;0.0007;-0.0500;102.2000;
451.88;0;0;0;0;87;207;75;75;75;75;75;1400;347;964;3.2;28.7;-32.5;14.4;5.5;76.6;0.0000;0.0018;0.0000;102.1750;
452.13;0;0;0;0;87;207;75;75;75;75;75;1400;347;964;3.2;28.7;-32.5;14.4;5.5;76.6;0.0000;0.0036;0.0500;102.2750;
452.38;0;0;0;0;87;207;75;75;75;75;76;1399;347;964;3.2;28.3;-32.5;14.4;5.5;76.6;0.0000;0.0038;0.0500;102.3250;
452.63;0;0;0;0;87;207;75;75;75;75;76;1403;347;964;3.2;28.2;-32.5;14.4;5.5;76.6;0.0000;-0.0014;0.0250;102.1750;
452.88;0;0;0;0;87;207;76;75;75;75;76;1404;347;964;3.2;28.2;-32.5;14.4;5.5;76.6;0.0000;-0.0034;0.0500;102.1250;
453.13;0;0;0;0;87;207;75;75;75;75;76;1402;347;964;3.2;28.2;-32.5;14.4;5.5;76.6;0.0000;-0.0011;0.0250;102.1250;
453.38;0;0;0;0;87;207;75;75;75;75;76;1403;347;964;3.2;28.2;-32.5;14.4;5.5;76.6;0.0000;0.0000;-0.0250;102.0750;
453.63;0;0;0;0;87;207;75;75;76;75;76;1406;347;964;3.2;27.5;-32.5;14.4;5.5;76.6;0.0000;0.0014;-0.0250;102.3000;
453.88;0;0;0;0;87;207;76;75;75;75;76;1404;347;964;3.2;27.6;-32.5;14.4;5.5;76.6;0.0000;0.0020;-0.0250;102.2750;
454.13;0;0;0;0;87;207;75;76;75;76;76;1403;347;964;3.2;27.6;-32.5;14.4;5.5;76.6;0.0000;0.0029;0.0250;102.3250;
454.38;0;0;0;0;87;207;75;76;75;76;76;1405;347;964;3.2;27.6;-32.5;14.4;5.5;76.6;0.0000;0.0041;0.0000;0.0000;
454.63;0;0;0;0;87;207;75;76;76;76;76;1407;347;964;3.2;28.1;-32.5;14.4;5.5;76.6;0.0000;0.0057;0.0500;0.0000;
454.88;0;0;0;0;87;207;76;76;76;76;76;1409;347;964;3.2;27.9;-32.5;14.4;5.5;76.6;0.0000;0.0059;0.0500;0.0500;
455.13;0;0;0;0;87;207;75;75;76;76;76;1405;347;964;3.2;27.9;-32.5;14.4;5.5;76.6;0.0000;0.0059;0.0250;102.2500;
455.38;0;0;0;0;87;207;75;76;75;76;76;1406;347;964;3.2;28.0;-32.5;14.4;5.5;76.6;0.0000;0.0057;-0.0500;0.0000;
455.63;0;0;0;0;87;207;76;76;76;76;76;1407;347;966;3.2;28.6;-32.5;14.4;5.5;76.6;0.0000;0.0054;-0.0250;102.3250;
455.88;0;0;0;0;87;207;76;76;76;76;76;1408;347;964;3.2;28.6;-32.5;14.4;5.5;76.6;0.0000;0.0049;0.0000;102.3750;
456.13;0;0;0;0;87;207;75;75;76;76;76;1404;347;964;3.2;28.4;-32.5;14.4;5.5;76.6;0.0000;0.0047;-0.0250;0.1500;
456.38;0;0;0;0;87;207;75;76;75;76;76;1407;347;964;3.2;28.4;-32.5;14.4;5.5;76.6;0.0000;0.0046;-0.0750;0.1000;
456.63;0;0;0;0;87;207;76;76;76;76;76;1409;347;964;3.2;28.5;-32.5;14.4;5.5;76.6;0.0000;0.0044;-0.0500;0.2250;
456.89;0;0;0;0;87;207;76;76;76;76;76;1408;347;966;3.2;28.9;-32.5;14.4;5.5;76.6;0.0000;0.0044;0.0250;0.2000;
457.14;0;0;0;0;86;207;75;75;75;76;76;1405;347;966;3.2;28.9;-32.5;14.4;5.5;76.6;0.0000;0.0043;-0.0500;0.1250;
457.39;0;0;0;0;86;207;75;76;75;76;76;1406;347;964;3.2;28.9;-32.5;14.4;5.5;76.6;0.0000;0.0038;-0.0750;0.1500;
457.64;0;0;0;0;86;207;75;76;76;76;76;1406;347;966;3.2;29.3;-32.5;14.4;5.5;76.6;0.0000;0.0034;0.0000;0.1750;
457.89;0;0;0;0;86;207;76;76;75;76;76;1405;347;966;3.2;29.3;-32.5;14.4;5.5;76.6;0.0000;0.0034;-0.0750;0.5000;
458.14;0;0;0;0;86;207;75;75;75;75;76;1401;347;966;3.2;29.6;-32.5;14.4;5.5;76.6;0.0000;0.0000;-0.0500;0.0500;
458.39;0;0;0;0;86;207;75;75;75;75;76;1402;347;966;3.2;29.6;-32.5;14.4;5.5;76.6;0.0000;-0.0033;-0.1000;102.1750;
458.64;0;0;0;0;86;207;75;75;75;75;76;1402;347;966;3.2;29.4;-32.5;14.4;5.5;76.6;0.0000;-0.0029;-0.0750;0.0000;
458.89;0;0;0;0;86;207;76;76;75;75;76;1403;347;966;3.2;29.4;-32.5;14.4;5.5;76.6;0.0000;-0.0020;-0.0500;0.0000;
459.14;0;0;0;0;86;207;75;75;75;75;76;1400;347;966;3.2;29.2;-32.5;14.4;5.5;76.6;0.0000;-0.0011;0.0000;102.3000;
459.39;0;0;0;0;86;207;75;75;75;75;75;1400;347;966;3.2;29.2;-32.5;14.4;5.5;76.6;0.0000;-0.0003;-0.1000;0.0000;
459.64;0;0;0;0;86;207;75;75;75;75;75;1399;347;966;3.2;29.3;-32.5;14.4;5.5;76.6;0.0000;0.0020;-0.1250;0.0500;
459.89;0;0;0;0;86;207;75;75;75;75;75;1398;347;966;3.2;29.2;-32.5;14.4;5.5;76.6;0.0000;0.0022;-0.0750;0.1000;
460.14;0;0;0;0;86;207;75;75;75;75;75;1398;347;966;3.2;29.2;-32.5;14.4;5.5;76.6;0.0000;0.0011;-0.0500;0.1750;
460.39;0;0;0;0;86;207;75;75;75;75;75;1397;347;966;3.2;29.0;-32.5;14.4;5.5;76.6;0.0000;0.0001;-0.0750;102.3500;
460.64;0;0;0;0;86;207;75;75;75;75;75;1397;347;966;3.2;29.1;-32.5;14.4;5.5;76.6;0.0000;0.0014;-0.1000;0.0000;
460.89;0;0;0;0;86;207;75;75;75;75;75;1395;347;966;3.2;29.1;-32.5;14.4;5.5;76.6;0.0000;0.0020;-0.1250;0.1500;
461.14;0;0;0;0;86;207;75;75;75;75;75;1393;346;966;3.2;29.0;-32.0;14.4;5.5;76.6;0.0000;0.0022;-0.1250;0.1000;
461.39;0;0;0;0;86;207;75;75;75;75;75;1391;346;966;3.2;29.0;-32.5;14.4;5.5;76.6;0.0000;0.0022;-0.1000;0.3500;
461.64;0;0;0;0;86;207;75;75;75;75;75;1390;346;966;3.2;28.8;-32.5;14.4;5.5;76.6;0.0000;0.0018;-0.1250;102.1500;
461.92;0;0;0;0;86;207;75;75;75;75;75;1390;346;966;3.2;28.9;-32.5;14.4;5.5;76.6;0.0000;0.0014;-0.1250;0.0000;
462.17;0;0;0;0;86;207;75;75;75;75;75;1388;346;966;3.2;28.9;-32.5;14.4;5.5;76.6;0.0000;0.0014;-0.1000;0.0750;
462.42;0;0;0;0;86;207;74;75;74;75;75;1386;346;966;3.2;28.6;-32.5;14.4;5.5;76.6;0.0000;0.0014;-0.0500;102.3500;
462.67;0;0;0;0;86;207;74;75;74;74;75;1386;346;966;3.2;28.6;-32.5;14.4;5.5;76.6;0.0000;-0.0008;-0.0750;102.2750;
462.92;0;0;0;0;86;207;75;74;74;75;75;1387;346;966;3.2;28.4;-32.5;14.4;5.5;76.6;0.0000;-0.0021;-0.1000;102.3000;
463.17;0;0;0;0;86;207;74;74;74;74;75;1386;346;966;3.2;28.4;-32.5;14.4;5.5;76.6;0.0000;-0.0021;-0.1000;102.3500;
463.42;0;0;0;0;86;207;75;75;74;74;75;1384;346;966;3.2;28.8;-32.5;14.4;5.5;76.6;0.0000;-0.0021;-0.0500;102.3500;
463.67;0;0;0;0;86;207;75;74;74;74;75;1383;346;966;3.2;28.8;-32.5;14.4;5.5;76.6;0.0000;-0.0018;-0.0500;102.2750;
463.92;0;0;0;0;86;207;74;74;74;74;75;1384;346;966;3.2;28.8;-32.5;14.4;5.5;76.6;0.0000;0.0003;-0.0500;0.1750;
464.17;0;0;0;0;86;207;74;74;74;74;74;1384;346;966;3.2;28.4;-32.5;14.4;5.5;76.6;0.0000;0.0025;-0.0500;0.6500;
464.42;0;0;0;0;86;207;74;74;74;74;75;1383;346;966;3.2;29.0;-32.5;14.4;5.5;76.6;0.0000;0.0034;-0.0500;0.3750;
464.67;0;0;0;0;86;207;74;74;74;74;74;1379;346;966;3.2;29.0;-32.5;14.4;5.5;76.6;0.0000;0.0034;-0.0250;0.4250;
464.92;0;0;0;0;86;207;74;74;74;74;74;1377;346;966;3.2;29.2;-32.0;14.4;5.5;76.6;0.0000;-0.0029;-0.1000;0.1750;
465.17;0;0;0;0;86;207;74;74;74;74;74;1377;346;966;3.2;29.2;-32.0;14.4;5.5;76.6;0.0000;-0.0070;-0.1000;102.2500;
465.42;0;0;0;0;86;207;74;74;74;74;74;1377;346;966;3.2;29.1;-32.0;14.4;5.5;76.6;0.0000;-0.0082;-0.1000;102.3000;
465.67;0;0;0;0;86;207;74;74;74;74;74;1378;346;966;3.2;29.1;-32.0;14.4;5.5;76.6;0.0000;-0.0104;-0.0750;102.3000;
465.92;0;0;0;0;86;207;74;74;74;74;74;1377;346;966;3.2;29.1;-32.0;14.4;5.5;76.6;0.0000;-0.0122;-0.0750;101.8750;
466.17;0;0;0;0;86;207;74;74;74;74;74;1373;346;966;3.2;28.9;-32.0;14.4;5.5;76.6;0.0000;-0.0135;-0.0750;101.8000;
466.42;0;0;0;0;86;207;74;74;74;74;74;1373;346;966;3.2;28.8;-32.0;14.4;5.5;76.6;0.0000;-0.0140;-0.0500;101.3000;
466.67;0;0;0;0;86;207;74;74;74;74;74;1372;346;966;3.2;28.8;-32.0;14.4;5.5;76.6;0.0000;-0.0140;-0.1000;101.7500;
466.94;0;0;0;0;86;207;74;74;74;74;74;1373;346;966;3.2;28.8;-32.0;14.4;5.5;76.6;0.0000;-0.0133;-0.0500;102.3000;
467.19;0;0;0;0;86;207;74;74;74;73;74;1369;346;966;3.2;28.6;-32.0;14.4;5.5;76.6;0.0000;-0.0136;-0.1000;102.1750;
467.44;0;0;0;0;86;207;74;73;74;73;74;1366;346;966;3.2;28.6;-32.0;14.4;5.5;76.6;0.0000;-0.0159;-0.1500;101.9000;
467.69;0;0;0;0;86;207;74;74;74;74;74;1373;346;966;3.2;28.6;-32.0;14.4;5.5;76.6;0.0000;-0.0172;0.0500;101.9250;
467.94;0;0;0;0;86;207;74;73;74;73;74;1368;346;966;3.2;28.5;-32.0;14.4;5.5;76.6;0.0000;-0.0181;-0.0250;101.8750;
468.19;0;0;0;0;86;207;74;73;74;73;74;1367;346;966;3.2;28.5;-32.0;14.4;5.5;76.6;0.0000;-0.0186;-0.0500;101.6000;
468.44;0;0;0;0;86;207;73;73;74;73;74;1365;346;966;3.2;28.2;-32.0;14.4;5.5;76.6;0.0000;-0.0214;-0.1000;101.6750;
468.69;0;0;0;0;86;207;73;73;73;73;73;1360;346;966;3.2;27.8;-32.0;14.4;5.5;76.6;0.0000;-0.0232;-0.1500;101.3250;
468.94;0;0;0;0;86;207;73;73;73;73;73;1357;346;966;3.2;27.8;-32.0;14.4;5.5;76.6;0.0000;-0.0222;-0.1250;101.4000;
469.19;0;0;0;0;86;207;73;73;73;73;73;1357;346;966;3.2;27.1;-32.0;14.4;5.5;76.6;0.0000;-0.0214;-0.1500;101.7250;
469.44;0;0;0;0;85;207;73;73;73;73;73;1355;346;966;3.2;26.5;-32.0;14.4;5.5;76.6;0.0000;-0.0181;-0.1500;101.9250;
469.69;0;0;0;0;85;207;73;73;73;73;73;1351;346;966;3.2;26.5;-32.0;14.4;5.5;76.6;0.0000;-0.0154;-0.1750;102.0500;
469.94;0;0;0;0;85;207;73;72;73;72;73;1350;346;966;3.2;26.8;-32.0;14.4;5.5;76.6;0.0000;-0.0222;-0.2000;101.8000;
470.19;0;0;0;0;85;207;72;72;72;72;73;1345;346;966;3.2;26.8;-32.0;14.4;5.5;76.6;0.0000;-0.0206;-0.2000;101.7000;
470.44;0;0;0;0;85;207;72;72;72;72;72;1339;346;966;3.2;26.7;-32.0;14.4;5.5;76.6;0.0000;-0.0206;-0.2000;101.5750;
470.69;0;0;0;0;85;207;72;72;72;72;72;1337;346;966;3.2;26.0;-32.0;14.4;5.5;76.6;0.0000;-0.0207;-0.2250;101.5750;
470.94;0;0;0;0;85;207;72;72;72;71;72;1333;346;966;3.2;26.0;-32.0;14.4;5.5;76.6;0.0000;-0.0207;-0.2000;101.4000;
471.19;0;0;0;0;85;207;71;71;71;71;71;1325;346;966;3.2;26.0;-32.0;14.4;5.5;76.6;0.0000;-0.0207;-0.3750;101.2500;
471.44;0;0;0;0;85;207;71;71;71;71;71;1322;346;966;3.2;26.2;-31.5;14.4;5.5;76.6;0.0000;-0.0206;-0.3250;101.6750;
471.69;0;0;0;0;85;207;71;71;71;71;71;1318;346;966;3.2;26.0;-31.5;14.4;5.5;76.6;0.0000;-0.0272;-0.2750;101.4250;
471.95;0;0;0;0;85;207;71;70;71;70;71;1312;346;966;3.2;26.0;-31.5;14.4;5.5;76.6;0.0000;-0.0288;-0.2500;100.9250;
472.20;0;0;0;0;85;207;70;70;71;70;70;1307;346;966;3.2;25.5;-31.5;14.4;5.5;76.6;0.0000;-0.0283;-0.3500;100.9750;
472.45;0;0;0;0;85;207;70;70;70;70;70;1304;346;966;3.2;25.4;-32.0;14.4;5.5;76.6;0.0000;-0.0260;-0.3500;101.4750;
472.70;0;0;0;0;85;207;70;70;70;70;70;1298;346;966;3.2;25.4;-32.0;14.4;5.5;76.6;0.0000;-0.0217;-0.3250;101.6500;
472.95;0;0;0;0;85;207;70;69;70;69;70;1296;346;966;3.2;25.2;-32.5;14.4;5.5;76.6;0.0000;-0.0198;-0.2750;0.0000;
473.20;0;0;0;0;85;207;70;70;69;69;70;1292;346;966;3.2;25.2;-32.5;14.5;5.5;76.6;0.0000;-0.0199;-0.1750;101.7000;
473.45;0;0;0;0;85;207;69;69;69;69;69;1287;346;966;3.2;25.2;-32.5;14.5;5.5;76.6;0.0000;-0.0206;-0.1500;101.2000;
473.70;0;0;0;0;85;207;69;69;69;69;69;1281;346;966;3.2;25.6;-32.5;14.5;5.5;76.6;0.0000;-0.0154;-0.3250;102.1750;
473.95;0;0;0;0;85;207;69;69;69;69;69;1278;346;966;3.2;25.6;-32.5;14.5;5.5;76.6;0.0000;-0.0141;-0.3250;101.6500;
474.20;0;0;0;0;85;207;69;69;69;69;69;1280;346;966;3.2;25.2;-7.0;14.5;5.5;76.6;0.1804;-0.0146;-0.2000;0.0250;
474.45;0;0;0;0;85;207;69;68;68;68;69;1305;346;966;3.2;25.2;23.0;14.5;5.5;76.6;0.2039;-0.0150;-0.2500;101.5750;
474.70;0;0;0;0;85;207;69;68;69;68;69;1274;346;966;3.2;25.2;48.0;14.5;5.5;76.6;0.2353;-0.0230;-0.1750;101.7500;
474.95;0;0;0;0;85;207;69;68;69;68;69;1276;346;966;3.2;25.8;65.0;14.5;5.5;76.6;0.2510;-0.0273;-0.0250;101.3000;
475.20;0;0;0;0;85;207;69;69;69;68;69;1280;346;966;3.2;25.8;82.5;14.5;5.5;76.6;0.2706;-0.0267;0.0750;101.8000;
475.45;0;0;0;0;85;207;69;69;69;69;69;1283;346;966;3.2;25.2;93.0;14.5;5.5;76.6;0.2902;-0.0268;0.0750;101.3500;
475.70;0;0;0;0;85;207;69;69;69;69;69;1291;346;966;3.2;25.2;107.0;14.5;5.5;76.6;0.3176;-0.0349;0.2000;101.0250;
475.95;0;0;0;0;85;207;69;69;69;69;69;1293;346;966;3.2;24.7;118.5;14.5;5.5;76.6;0.3216;-0.0351;0.1500;100.9250;
476.20;0;0;0;0;85;207;70;69;70;69;70;1292;347;966;3.2;24.7;126.5;14.5;5.5;76.6;0.3255;-0.0379;0.1750;100.8500;
476.45;0;0;0;0;85;207;70;69;70;69;70;1293;347;966;3.2;24.7;130.0;14.5;5.5;76.6;0.3255;-0.0393;0.2000;100.7000;
476.70;0;0;0;0;85;207;70;69;70;70;70;1298;347;966;3.2;24.0;129.0;14.5;5.5;76.6;0.3216;-0.0391;0.1500;100.6500;
476.97;0;0;0;0;85;207;70;70;70;70;70;1304;347;966;3.2;24.0;125.5;14.5;5.5;76.6;0.3176;-0.0392;0.2250;99.7250;
477.22;0;0;0;0;85;207;71;70;70;70;70;1309;347;966;3.2;23.7;121.0;14.4;5.5;76.6;0.3176;-0.0402;0.2500;100.2500;
477.47;0;0;0;0;85;207;71;70;71;70;71;1307;347;966;3.2;23.0;122.5;14.4;5.5;76.6;0.3176;-0.0428;0.1750;100.0000;
477.72;0;0;0;0;85;207;71;70;71;70;71;1310;347;966;3.2;23.0;127.0;14.4;5.5;76.6;0.3294;-0.0466;0.1250;100.1250;
477.97;0;0;0;0;85;207;71;70;71;70;71;1318;347;966;3.2;22.2;135.0;14.4;5.5;76.6;0.3569;-0.0463;0.0750;100.1500;
478.22;0;0;0;0;85;207;71;70;71;70;71;1326;347;966;3.2;21.6;155.0;14.4;5.5;76.6;0.3804;-0.0437;0.1500;100.0500;
478.47;0;0;0;0;85;207;71;71;71;71;71;1324;347;966;3.2;21.6;167.5;14.4;5.5;76.6;0.4000;-0.0407;0.2000;100.8000;
478.72;0;0;0;0;85;207;72;71;72;71;71;1325;347;966;3.2;20.8;189.0;14.4;5.5;76.6;0.4118;-0.0446;0.0750;100.3250;
478.97;0;0;0;0;85;207;72;71;72;71;72;1329;347;966;3.2;20.8;198.0;14.4;5.5;76.6;0.4275;-0.0471;0.2000;100.1250;
479.22;0;0;0;0;85;207;72;71;72;71;72;1337;347;966;3.1;20.0;208.0;14.4;5.5;76.6;0.4471;-0.0493;0.2250;99.7500;
479.47;0;0;0;0;85;207;72;72;72;72;72;1337;347;966;3.1;20.0;215.5;14.4;5.5;76.6;0.4510;-0.0486;0.2250;100.0750;
479.72;0;0;0;0;85;207;73;72;73;72;72;1341;347;966;3.1;19.6;230.5;14.4;5.5;76.6;0.4784;-0.0422;0.2250;100.3250;
479.97;0;0;0;0;85;207;73;72;73;72;73;1350;347;966;3.1;19.6;239.5;14.4;5.5;76.6;0.4824;-0.0451;0.2500;100.2250;
480.22;0;0;0;0;85;207;73;72;73;72;73;1354;347;966;3.2;19.1;243.0;14.4;5.5;76.6;0.4863;-0.0459;0.2250;99.9000;
480.47;0;0;0;0;85;207;74;73;74;73;73;1364;347;966;3.2;18.9;242.0;14.4;5.5;76.6;0.4863;-0.0489;0.3500;100.0000;
480.72;0;0;0;0;85;207;74;73;74;73;74;1374;347;966;3.2;18.9;249.5;14.4;5.5;76.6;0.4980;-0.0499;0.2750;99.7500;
480.97;0;0;0;0;85;207;74;73;74;74;74;1373;347;966;3.2;18.5;249.0;14.4;5.5;76.6;0.4980;-0.0494;0.3250;99.7000;
481.22;0;0;0;0;85;207;74;74;75;74;74;1379;347;966;3.2;17.9;249.5;14.4;5.5;76.6;0.4980;-0.0494;0.2750;99.9250;
481.47;0;0;0;0;85;207;75;74;75;74;75;1390;347;966;3.2;17.9;247.0;14.4;5.5;76.6;0.4941;-0.0496;0.4250;99.5750;
481.72;0;0;0;0;85;207;75;75;76;75;75;1399;347;966;3.2;17.7;246.5;14.4;5.5;76.6;0.4941;-0.0488;0.4500;100.0000;
481.98;0;0;0;0;85;207;76;75;76;75;76;1407;347;966;3.2;17.7;244.0;14.4;5.5;76.6;0.4863;-0.0470;0.2500;99.8750;
482.23;0;0;0;0;85;207;76;75;76;75;76;1409;347;966;3.2;17.4;242.0;14.4;5.5;76.6;0.4863;-0.0464;0.4000;99.6250;
482.48;0;0;0;0;85;207;77;76;77;76;76;1422;347;966;3.2;17.0;243.0;14.4;5.5;76.6;0.4863;-0.0466;0.4000;99.6750;
482.73;0;0;0;0;85;207;77;76;77;76;77;1427;347;966;3.2;17.0;240.5;14.4;5.5;76.6;0.4863;-0.0438;0.4000;99.8750;
482.98;0;0;0;0;85;207;77;77;77;77;77;1434;347;966;3.2;16.8;242.0;14.4;5.5;76.6;0.4863;-0.0423;0.3500;100.4500;
483.23;0;0;0;0;85;207;78;77;78;77;77;1440;347;966;3.2;16.5;240.5;14.4;5.5;76.6;0.4863;-0.0427;0.4000;100.0500;
483.48;0;0;0;0;85;207;78;77;78;78;78;1447;347;966;3.2;16.5;237.0;14.4;5.5;76.6;0.4745;-0.0438;0.3250;99.7750;
483.73;0;0;0;0;85;207;79;78;79;78;78;1454;347;966;3.2;16.5;228.0;14.4;5.5;76.6;0.4549;-0.0438;0.4000;99.8750;
483.98;0;0;0;0;85;207;79;78;79;78;79;1461;347;966;3.2;16.5;204.0;14.4;5.5;76.6;0.4196;-0.0438;0.3250;99.8250;
484.23;0;0;0;0;85;207;79;78;79;78;79;1463;347;966;3.2;16.3;185.0;14.4;5.5;76.6;0.3922;-0.0445;0.2500;99.7000;
484.48;0;0;0;0;85;207;79;79;79;78;79;1469;347;966;3.2;16.3;168.0;14.4;5.5;76.6;0.3804;-0.0441;0.2500;99.6250;
484.73;0;0;0;0;86;207;79;79;79;79;79;1470;347;966;3.2;15.8;166.0;14.4;5.5;76.6;0.3765;-0.0430;0.2250;100.0500;
484.98;0;0;0;0;86;207;80;79;79;79;79;1473;347;966;3.2;15.8;161.5;14.4;5.5;76.6;0.3765;-0.0435;0.1250;99.5750;
485.23;0;0;0;0;86;207;80;79;80;79;80;1474;347;966;3.2;16.4;161.5;14.4;5.5;76.6;0.3765;-0.0438;0.1500;99.5750;
485.48;0;0;0;0;86;207;80;79;80;79;80;1480;347;966;3.2;16.3;160.5;14.4;5.5;76.6;0.3765;-0.0446;0.1500;99.6250;
485.73;0;0;0;0;86;207;80;79;80;79;80;1477;347;966;3.2;16.3;160.0;14.4;5.5;76.6;0.3725;-0.0466;0.0500;99.6250;
485.98;0;0;0;0;86;207;80;79;80;79;80;1479;347;966;3.2;16.2;158.5;14.4;5.5;76.6;0.3686;-0.0466;0.0250;99.3750;
486.23;0;0;0;0;86;207;80;80;80;79;80;1488;347;966;3.2;16.3;157.0;14.4;5.5;76.6;0.3686;-0.0466;0.1000;99.3250;
486.48;0;0;0;0;86;207;80;80;80;80;80;1487;347;966;3.2;16.3;157.0;14.4;5.5;76.6;0.3686;-0.0466;0.1750;99.2000;
486.73;0;0;0;0;86;207;80;80;80;80;80;1491;347;966;3.2;16.0;155.5;14.4;5.5;76.6;0.3686;-0.0458;0.1000;99.4750;
487.00;0;0;0;0;86;207;81;80;80;80;80;1493;347;966;3.2;16.0;156.5;14.4;5.5;76.6;0.3686;-0.0404;0.1250;99.7000;
487.25;0;0;0;0;86;207;81;80;81;80;81;1493;347;966;3.2;16.0;156.0;14.4;5.5;76.6;0.3686;-0.0323;0.1250;100.2500;
487.50;0;0;0;0;86;207;81;80;81;81;81;1501;347;966;3.3;15.9;155.5;14.4;5.5;76.6;0.3686;-0.0077;0.1750;101.4250;
487.75;0;0;0;0;86;207;81;81;81;81;81;1499;347;966;3.3;15.9;155.0;14.4;5.5;76.6;0.3608;0.0047;0.1500;102.3000;
488.00;0;0;0;0;86;207;81;81;81;81;81;1504;347;966;3.4;16.2;140.0;14.4;5.5;76.6;0.3412;0.0127;0.1500;0.7000;
488.25;0;0;0;0;86;207;81;81;81;81;81;1508;347;966;3.4;16.2;136.5;14.4;5.5;76.6;0.3412;0.0191;0.1500;1.0750;
488.50;0;0;0;0;86;207;81;82;81;82;82;1509;347;966;3.5;18.0;134.0;14.4;5.5;76.6;0.3373;0.0252;0.1250;1.4750;
488.75;0;0;0;0;86;207;81;82;81;82;82;1516;347;966;3.5;18.0;133.0;14.4;5.5;76.6;0.3373;0.0267;0.1750;1.3750;
489.00;0;0;0;0;86;207;81;82;81;82;82;1520;347;966;3.5;19.4;133.5;14.4;5.5;76.6;0.3373;0.0293;0.1250;1.7000;
489.25;0;0;0;0;86;207;81;82;81;82;82;1513;347;966;3.5;20.3;134.0;14.4;5.5;76.6;0.3373;0.0320;0.1000;1.8750;
489.50;0;0;0;0;87;207;81;82;82;82;82;1517;347;966;3.5;20.3;132.5;14.4;5.5;76.6;0.3373;0.0334;0.0500;1.9250;
489.75;0;0;0;0;87;207;81;82;81;82;82;1522;347;966;3.5;22.5;133.5;14.4;5.5;76.6;0.3373;0.0326;0.0500;1.8000;
490.00;0;0;0;0;87;207;82;82;82;82;82;1523;347;966;3.5;24.2;134.0;14.4;5.5;76.6;0.3373;0.0309;0.0750;2.2500;
490.25;0;0;0;0;87;207;82;83;82;82;82;1526;347;966;3.5;24.2;133.5;14.4;5.5;76.6;0.3412;0.0326;0.1000;1.8250;
490.50;0;0;0;0;87;207;82;83;82;82;82;1533;347;966;3.5;25.6;134.5;14.4;5.5;76.6;0.3412;0.0318;0.1000;2.0750;
490.75;0;0;0;0;87;207;82;83;82;83;83;1530;347;966;3.5;25.6;136.0;14.4;5.5;76.6;0.3412;0.0333;0.1250;2.0500;
491.00;0;0;0;0;87;207;82;83;82;83;83;1533;347;966;3.5;27.7;136.0;14.4;5.5;76.6;0.3412;0.0354;0.1000;2.1750;
491.25;0;0;0;0;87;207;82;83;82;83;83;1535;347;966;3.5;29.4;137.0;14.4;5.5;76.6;0.3412;0.0354;0.1250;1.7750;
491.50;0;0;0;0;87;207;82;83;82;83;83;1538;347;966;3.5;29.4;138.5;14.4;5.5;76.6;0.3451;0.0330;0.0500;2.3000;
491.75;0;0;0;0;87;207;82;83;82;83;83;1540;347;966;3.5;31.1;138.5;14.4;5.5;76.6;0.3451;0.0325;0.1000;2.1750;
492.01;0;0;0;0;87;207;82;83;83;83;83;1542;347;966;3.5;31.1;139.0;14.4;5.5;76.6;0.3451;0.0325;0.0250;2.0500;
492.26;0;0;0;0;87;207;83;83;83;83;83;1539;347;966;3.3;32.5;139.5;14.4;5.5;76.6;0.3451;0.0314;0.0250;1.8750;
492.51;0;0;0;0;87;207;83;83;83;83;83;1543;347;966;3.3;32.5;140.0;14.4;5.5;76.6;0.3451;0.0268;0.0500;1.7000;
492.76;0;0;0;0;87;207;83;84;83;83;83;1547;347;966;3.2;32.5;138.5;14.4;5.5;76.6;0.3412;0.0264;0.1250;1.6000;
493.01;0;0;0;0;87;207;83;84;83;83;83;1549;347;966;3.2;32.7;138.5;14.4;5.5;76.6;0.3451;0.0259;0.1000;1.7750;
493.26;0;0;0;0;87;207;83;84;83;84;84;1551;347;966;3.2;32.7;139.5;14.4;5.5;76.6;0.3490;0.0278;0.1000;1.8000;
493.51;0;0;0;0;87;207;83;84;83;84;84;1549;347;966;3.2;32.8;141.0;14.4;5.5;76.6;0.3451;0.0295;0.0000;1.8250;
493.76;0;0;0;0;87;207;83;84;83;84;84;1552;347;966;3.2;32.8;140.5;14.4;5.5;76.6;0.3490;0.0295;0.0000;1.6250;
494.01;0;0;0;0;87;207;83;84;83;84;84;1553;347;966;3.2;32.5;142.0;14.4;5.5;76.6;0.3490;0.0288;0.0500;1.9500;
494.26;0;0;0;0;87;207;83;84;83;84;84;1549;347;966;3.2;32.5;141.5;14.4;5.5;76.6;0.3451;0.0288;-0.0250;1.1500;
494.51;0;0;0;0;87;207;83;83;83;84;84;1550;347;966;3.2;32.5;140.0;14.4;5.5;76.6;0.3490;0.0265;-0.0250;1.5500;
494.76;0;0;0;0;87;207;83;84;83;84;84;1551;347;966;3.2;32.2;140.0;14.4;5.5;76.6;0.3490;0.0232;-0.0750;1.4750;
495.01;0;0;0;0;87;207;83;84;84;84;84;1549;347;966;3.2;32.0;139.0;14.4;5.5;76.6;0.3490;0.0225;-0.0250;0.8250;
495.26;0;0;0;0;87;207;83;84;83;84;84;1548;347;966;3.2;32.0;139.5;14.4;5.5;76.6;0.3451;0.0232;-0.0750;1.1750;
495.51;0;0;0;0;87;207;83;84;83;84;84;1551;347;966;3.2;31.6;139.5;14.4;5.5;76.6;0.3451;0.0242;-0.0750;1.3750;
495.76;0;0;0;0;87;207;83;83;83;83;83;1548;347;966;3.2;31.6;140.5;14.4;5.5;76.6;0.3490;0.0262;-0.1500;1.3750;
496.01;0;0;0;0;87;207;83;83;83;83;83;1541;347;966;3.3;31.2;139.0;14.4;5.5;76.6;0.3412;0.0267;-0.1500;1.8500;
496.26;0;0;0;0;87;207;83;83;83;83;83;1542;347;966;3.3;31.2;139.5;14.4;5.5;76.6;0.3490;0.0267;-0.1750;1.6500;
496.51;0;0;0;0;87;207;83;83;83;83;83;1547;347;966;3.3;31.0;145.5;14.4;5.5;76.6;0.3804;0.0264;-0.1000;1.4750;
496.76;0;0;0;0;87;207;83;83;83;83;83;1540;347;966;3.3;31.0;166.5;14.4;5.5;76.6;0.4118;0.0264;-0.0750;1.2000;
497.03;0;0;0;0;88;207;82;83;83;83;83;1540;347;966;3.3;30.9;191.5;14.4;5.5;76.6;0.4275;0.0267;-0.0750;1.6250;
497.28;0;0;0;0;88;207;83;83;83;83;83;1543;347;966;3.3;30.4;202.0;14.4;5.5;76.6;0.4392;0.0267;-0.0500;1.6500;
497.53;0;0;0;0;88;207;82;83;83;83;83;1546;347;966;3.3;30.4;207.0;14.4;5.5;76.6;0.4471;0.0272;0.0250;1.6000;
497.78;0;0;0;0;88;207;83;83;83;83;83;1544;347;966;3.3;30.5;220.5;14.4;5.5;76.6;0.4667;0.0265;0.0250;1.4750;
498.03;0;0;0;0;88;207;83;83;83;83;83;1547;347;966;3.3;30.3;224.0;14.4;5.5;76.6;0.4667;0.0272;0.0000;1.3500;
498.28;0;0;0;0;88;207;83;84;83;84;84;1551;347;966;3.3;30.3;230.0;14.4;5.5;76.6;0.4784;0.0270;0.1000;1.5000;
498.53;0;0;0;0;88;207;83;84;83;84;84;1550;347;966;3.3;29.8;232.0;14.4;5.5;76.6;0.4784;0.0260;0.1000;1.3500;
498.78;0;0;0;0;88;207;83;84;84;84;84;1552;347;966;3.3;29.8;230.0;14.4;5.5;76.6;0.4745;0.0259;0.1000;1.4500;
499.03;0;0;0;0;88;207;83;84;83;84;84;1554;347;966;3.3;29.8;229.5;14.4;5.5;76.6;0.4745;0.0259;0.0750;1.3750;
499.28;0;0;0;0;88;207;83;84;83;84;84;1558;347;966;3.3;29.8;228.5;14.4;5.5;76.6;0.4745;0.0283;0.0500;1.6000;
499.53;0;0;0;0;88;207;83;84;84;84;84;1555;347;966;3.3;29.8;229.5;14.4;5.5;76.6;0.4745;0.0298;0.0500;1.5500;
499.78;0;0;0;0;88;207;84;84;84;84;84;1558;347;966;3.2;29.5;229.5;14.4;5.5;76.6;0.4745;0.0290;0.1000;1.8500;
500.03;0;0;0;0;88;207;84;84;84;84;84;1559;347;966;3.2;30.0;229.0;14.4;5.5;76.6;0.4745;0.0280;0.0500;1.4250;
500.28;0;0;0;0;88;207;84;85;84;84;84;1564;347;966;3.2;30.0;226.5;14.4;5.5;76.6;0.4706;0.0267;0.1000;1.4750;
500.53;0;0;0;0;88;207;84;84;84;84;84;1563;347;966;3.2;30.0;228.0;14.4;5.5;76.6;0.4745;0.0254;0.0500;1.3500;
500.78;0;0;0;0;88;207;84;85;84;85;84;1559;347;966;3.2;29.7;228.0;14.4;5.5;76.6;0.4706;0.0288;0.0250;1.6000;
501.03;0;0;0;0;88;207;84;85;84;84;84;1565;347;966;3.2;29.1;226.5;14.4;5.5;76.6;0.4706;0.0301;0.0000;1.6000;
501.28;0;0;0;0;88;207;84;84;84;85;84;1566;347;966;3.2;29.1;226.5;14.4;5.5;76.6;0.4706;0.0291;0.0000;1.6750;
501.53;0;0;0;0;88;207;84;84;84;84;84;1565;347;966;3.2;29.7;227.0;14.4;5.5;76.6;0.4706;0.0265;-0.0250;1.6000;
501.78;0;0;0;0;88;207;84;85;84;85;84;1561;347;966;3.2;29.7;227.5;14.4;5.5;76.6;0.4706;0.0255;0.0000;1.5250;
502.04;0;0;0;0;88;207;84;84;84;84;84;1567;347;966;3.2;30.0;225.0;14.4;5.5;76.6;0.4667;0.0242;0.0250;1.5000;
502.29;0;0;0;0;88;207;84;85;84;85;85;1567;347;966;3.2;29.2;224.5;14.4;5.5;76.6;0.4667;0.0242;0.0250;1.4000;
502.54;0;0;0;0;88;207;84;85;84;85;85;1567;347;966;3.2;29.2;224.5;14.4;5.5;76.6;0.4667;0.0252;0.0250;1.5500;
502.79;0;0;0;0;88;207;84;84;84;85;85;1567;347;966;3.2;29.4;225.0;14.4;5.5;76.6;0.4667;0.0262;-0.0250;1.4750;
503.04;0;0;0;0;88;207;84;85;84;85;85;1568;347;966;3.2;29.8;224.5;14.4;5.5;76.6;0.4667;0.0268;0.0250;1.4500;
503.29;0;0;0;0;89;207;84;85;84;85;85;1570;347;966;3.2;29.8;222.5;14.4;5.5;76.6;0.4667;0.0277;0.0000;1.6500;
503.54;0;0;0;0;89;207;84;85;84;85;85;1570;347;966;3.2;29.3;222.5;14.4;5.5;76.6;0.4667;0.0277;0.0000;1.6000;
503.79;0;0;0;0;89;207;84;85;84;85;85;1573;347;966;3.2;29.8;221.5;14.4;5.5;76.6;0.4667;0.0277;0.0000;1.6000;
504.04;0;0;0;0;89;207;84;85;84;85;85;1570;347;966;3.2;29.8;222.5;14.4;5.5;76.6;0.4667;0.0277;-0.0250;1.5500;
504.29;0;0;0;0;89;207;84;85;84;85;85;1570;347;966;3.2;29.6;222.0;14.4;5.5;76.6;0.4667;0.0277;-0.0750;1.7000;
504.54;0;0;0;0;89;207;84;85;84;85;85;1573;347;966;3.2;29.6;221.5;14.4;5.5;76.6;0.4627;0.0265;-0.0750;1.4750;
504.79;0;0;0;0;89;207;84;85;84;85;85;1575;347;966;3.2;29.3;222.0;14.4;5.5;76.6;0.4667;0.0246;0.0500;1.5500;
505.04;0;0;0;0;89;207;84;85;85;85;85;1575;347;966;3.2;29.3;222.0;14.4;5.5;76.6;0.4667;0.0237;0.1000;1.3000;
505.29;0;0;0;0;89;207;84;86;84;85;85;1577;347;966;3.2;29.9;221.0;14.4;5.5;76.6;0.4627;0.0238;0.1000;1.3750;
505.54;0;0;0;0;89;207;85;85;85;85;85;1581;347;966;3.2;29.9;221.0;14.4;5.5;76.6;0.4667;0.0246;0.0750;1.4250;
505.79;0;0;0;0;89;207;85;85;85;85;85;1584;347;964;3.2;29.5;220.5;14.4;5.5;76.6;0.4627;0.0252;0.1000;1.2500;
506.04;0;0;0;0;89;207;85;85;85;86;85;1581;347;966;3.2;28.9;220.5;14.4;5.5;76.6;0.4627;0.0264;0.0750;1.6250;
506.29;0;0;0;0;89;207;85;86;85;86;86;1586;347;966;3.2;28.9;220.0;14.4;5.5;76.6;0.4627;0.0264;0.1000;1.6000;
506.54;0;0;0;0;89;207;85;86;85;86;86;1589;347;966;3.2;29.6;219.5;14.4;5.5;76.6;0.4627;0.0260;0.1250;1.4500;
506.79;0;0;0;0;89;207;85;86;86;86;86;1593;347;966;3.2;29.8;219.0;14.4;5.5;76.6;0.4627;0.0259;0.0750;1.4750;
507.06;0;0;0;0;89;207;86;86;86;86;86;1595;348;964;3.2;29.8;219.0;14.4;5.5;76.6;0.4627;0.0259;0.1500;1.4500;
507.31;0;0;0;0;89;207;86;86;86;86;86;1600;348;966;3.2;29.3;217.5;14.4;5.5;76.6;0.4588;0.0262;0.1500;1.5250;
507.56;0;0;0;0;89;207;86;86;86;87;86;1601;348;964;3.2;29.3;217.5;14.4;5.5;76.6;0.4588;0.0260;0.1500;1.5250;
507.81;0;0;0;0;89;207;86;88;86;87;87;1603;348;964;3.2;30.0;213.0;14.4;5.5;76.6;0.4510;0.0247;0.2000;1.3750;
508.06;0;0;0;0;89;207;86;87;87;87;87;1611;348;964;3.2;29.9;212.0;14.4;5.5;76.6;0.4510;0.0247;0.1500;1.3500;
508.31;0;0;0;0;89;207;86;87;87;87;87;1616;348;964;3.2;29.9;210.0;14.4;5.5;76.6;0.4471;0.0252;0.1750;1.4500;
508.56;0;0;0;0;89;207;87;87;87;87;87;1617;348;964;3.2;29.6;207.5;14.4;5.5;76.6;0.4431;0.0265;0.1750;1.3000;
508.81;0;0;0;0;89;207;87;87;87;87;87;1623;348;964;3.2;29.6;202.0;14.4;5.5;76.6;0.4314;0.0268;0.1250;1.6750;
509.06;0;0;0;0;89;207;87;88;87;88;87;1611;348;964;3.2;30.0;168.0;14.4;5.5;76.6;0.3686;0.0267;0.1250;2.0000;
509.31;0;0;0;0;89;207;87;88;87;87;88;1625;348;964;3.2;30.0;155.0;14.4;5.5;76.6;0.3765;0.0255;0.1000;1.7000;
509.56;0;0;0;0;90;207;87;88;87;88;88;1626;348;964;3.2;30.2;158.0;14.4;5.5;76.6;0.3765;0.0247;0.1500;1.7250;
509.81;0;0;0;0;90;207;87;88;87;88;88;1627;348;964;3.2;30.3;160.5;14.4;5.5;76.6;0.3765;0.0222;0.0500;1.3250;
510.06;0;0;0;0;90;207;87;88;88;88;88;1634;348;964;3.2;30.3;159.0;14.4;5.5;76.6;0.3765;0.0222;0.0500;1.3250;
510.31;0;0;0;0;90;207;88;88;88;88;88;1637;348;964;3.2;30.5;158.0;14.4;5.5;76.6;0.3765;0.0204;0.0750;1.4250;
510.56;0;0;0;0;90;207;88;89;88;88;88;1635;348;964;3.2;30.5;157.0;14.4;5.5;76.6;0.3725;0.0189;0.0500;1.1500;
510.81;0;0;0;0;90;207;88;88;88;88;88;1638;348;964;3.2;30.5;157.5;14.4;5.5;76.6;0.3765;0.0194;0.1000;1.1000;
511.06;0;0;0;0;90;207;88;88;88;88;88;1638;348;964;3.2;30.2;155.0;14.4;5.5;76.6;0.3686;0.0201;0.0500;1.3500;
511.31;0;0;0;0;90;207;88;89;88;88;88;1639;348;964;3.2;30.2;150.0;14.4;5.5;76.6;0.3529;0.0199;0.0000;1.1750;
511.56;0;0;0;0;90;207;88;89;88;89;89;1637;348;964;3.2;30.2;124.0;14.4;5.5;76.6;0.3216;0.0191;0.0750;0.9250;
511.81;0;0;0;0;90;207;88;88;88;88;89;1642;348;964;3.2;30.1;117.5;14.4;5.5;76.6;0.3137;0.0171;0.0750;1.6000;
512.07;0;0;0;0;90;207;88;89;88;89;89;1644;348;964;3.2;30.1;111.5;14.4;5.5;76.6;0.3059;0.0158;0.0000;0.9000;
512.32;0;0;0;0;90;207;88;89;88;89;89;1641;348;964;3.2;29.6;111.5;14.4;5.5;76.6;0.3059;0.0157;-0.0250;1.0250;
512.57;0;0;0;0;90;207;88;89;88;88;89;1639;348;964;3.2;29.6;109.0;14.4;5.5;76.6;0.2980;0.0159;-0.0250;0.7000;
512.82;0;0;0;0;90;207;88;88;88;88;89;1643;348;964;3.3;29.6;104.5;14.4;5.5;76.6;0.2980;0.0162;-0.0750;0.9000;
513.07;0;0;0;0;90;207;88;89;88;88;88;1640;348;964;3.3;29.6;103.5;14.4;5.5;76.6;0.2941;0.0164;-0.1000;0.9250;
513.32;0;0;0;0;90;207;88;89;88;88;88;1639;348;964;3.4;29.6;103.0;14.4;5.5;76.6;0.2941;0.0168;-0.0750;0.9750;
513.57;0;0;0;0;90;207;88;88;88;88;88;1635;348;964;3.4;29.6;94.5;14.4;5.5;76.6;0.2745;0.0181;-0.1000;0.9000;
513.82;0;0;0;0;90;207;88;89;88;88;88;1637;348;964;3.4;29.0;85.5;14.4;5.5;76.6;0.2667;0.0194;-0.0750;1.2000;
514.07;0;0;0;0;90;207;88;88;88;88;88;1633;348;964;3.4;28.9;80.0;14.4;5.5;76.6;0.2549;0.0202;-0.0750;1.3000;
514.32;0;0;0;0;90;207;88;88;88;88;88;1636;348;964;3.4;28.9;77.0;14.4;5.5;76.6;0.2510;0.0191;-0.0750;1.0750;
514.57;0;0;0;0;90;207;87;88;88;88;88;1631;348;964;3.5;29.1;68.5;14.4;5.5;76.6;0.2392;0.0189;-0.1250;1.1750;
514.82;0;0;0;0;90;207;87;88;87;88;88;1624;348;964;3.5;29.1;64.0;14.4;5.5;76.6;0.2314;0.0189;-0.1250;1.1250;
515.07;0;0;0;0;90;207;87;87;87;88;88;1622;348;964;3.5;29.1;54.5;14.4;5.5;76.6;0.2157;0.0181;-0.2000;1.1500;
515.32;0;0;0;0;90;207;87;87;87;87;87;1618;348;964;3.5;29.1;32.5;14.4;5.5;76.6;0.0902;0.0170;-0.2250;0.9000;
515.57;0;0;0;0;90;207;87;87;87;87;87;1599;348;964;3.5;29.1;-20.5;14.4;5.5;76.6;0.0000;0.0175;-0.3750;1.2250;
515.82;0;0;0;0;90;207;86;87;86;86;87;1597;348;964;3.6;29.5;-32.5;14.4;5.5;76.6;0.0000;0.0178;-0.4250;1.0500;
516.07;0;0;0;0;90;207;86;86;86;86;86;1589;348;964;3.7;29.7;-34.5;14.4;5.5;76.6;0.0000;0.0178;-0.4750;1.2250;
516.32;0;0;0;0;90;207;85;86;85;86;86;1586;348;964;3.7;29.7;-33.5;14.4;5.5;76.6;0.0000;0.0183;-0.5250;0.9750;
516.57;0;0;0;0;90;207;85;85;85;85;85;1577;348;964;3.7;30.1;-34.0;14.4;5.5;76.6;0.0000;0.0189;-0.5000;1.0750;
516.82;0;0;0;0;90;207;85;85;84;85;85;1571;348;964;3.8;30.6;-34.0;14.4;5.5;76.6;0.0000;0.0196;-0.5000;0.7750;
517.09;0;0;0;0;90;207;84;84;84;84;84;1562;348;964;3.8;30.6;-34.0;14.4;5.5;76.6;0.0000;0.0209;-0.4750;1.1000;
517.34;0;0;0;0;90;207;84;84;84;84;84;1557;348;964;3.8;30.6;-34.0;14.4;5.5;76.6;0.0000;0.0212;-0.4250;1.3000;
517.59;0;0;0;0;90;207;83;84;83;84;84;1548;348;964;3.8;31.1;-34.0;14.4;5.5;76.6;0.0000;0.0212;-0.4500;1.1750;
517.84;0;0;0;0;90;207;83;83;83;83;83;1543;348;964;3.8;31.4;-34.0;14.4;5.5;76.6;0.0000;0.0212;-0.4250;1.4000;
518.09;0;0;0;0;90;207;82;83;82;83;83;1533;348;964;3.8;31.4;-33.5;14.4;5.5;76.6;0.0000;0.0212;-0.4750;1.1000;
518.34;0;0;0;0;90;207;82;83;82;82;83;1527;348;964;3.8;31.9;-33.5;14.4;5.5;76.6;0.0000;0.0230;-0.4250;1.1000;
518.59;0;0;0;0;90;207;82;82;82;82;82;1519;348;964;3.9;32.1;-33.5;14.4;5.5;76.6;0.0000;0.0230;-0.3750;1.3000;
518.84;0;0;0;0;90;207;82;82;81;82;82;1521;348;964;3.9;32.1;-33.5;14.4;5.5;76.6;0.0000;0.0230;-0.4000;1.3250;
519.09;0;0;0;0;90;207;81;82;81;82;82;1509;348;964;3.8;32.2;-33.5;14.4;5.5;76.6;0.0000;0.0230;-0.3750;1.3250;
519.34;0;0;0;0;90;207;81;82;81;81;81;1509;348;964;3.8;32.2;-33.5;14.4;5.5;76.6;0.0000;0.0242;-0.3500;1.2000;
519.59;0;0;0;0;90;207;81;81;81;81;81;1505;348;964;3.8;32.8;-33.0;14.4;5.5;76.6;0.0000;0.0255;-0.3500;1.5000;
519.84;0;0;0;0;90;207;80;81;80;81;81;1494;348;964;3.8;33.0;-33.0;14.4;5.5;76.6;0.0000;0.0257;-0.3750;1.1500;
520.09;0;0;0;0;90;207;80;81;80;80;81;1492;348;964;3.8;33.0;-33.0;14.4;5.5;76.6;0.0000;0.0255;-0.2750;1.5000;
520.34;0;0;0;0;90;207;80;81;80;80;80;1488;348;964;3.8;33.3;-33.0;14.4;5.5;76.6;0.0000;0.0255;-0.2500;1.4500;
520.59;0;0;0;0;90;207;80;80;80;80;80;1480;348;964;3.7;33.7;-33.0;14.4;5.5;76.6;0.0000;0.0254;-0.2750;1.4500;
520.84;0;0;0;0;90;207;80;80;79;80;80;1484;348;964;3.7;33.7;-33.0;14.4;5.5;76.6;0.0000;0.0250;-0.2500;1.3500;
521.09;0;0;0;0;90;207;79;80;79;80;80;1472;348;964;3.6;33.8;-33.0;14.4;5.5;76.6;0.0000;0.0249;-0.2250;1.3500;
521.34;0;0;0;0;90;207;79;80;79;79;79;1474;348;964;3.6;33.8;-33.0;14.4;5.5;76.6;0.0000;0.0247;-0.2250;1.3750;
521.59;0;0;0;0;90;207;79;79;79;79;79;1469;348;964;3.5;34.0;-33.0;14.4;5.5;76.6;0.0000;0.0249;-0.1500;1.6500;
521.84;0;0;0;0;90;207;79;79;79;79;79;1469;348;964;3.5;34.0;-33.0;14.4;5.5;76.6;0.0000;0.0249;-0.1500;1.6000;
522.10;0;0;0;0;90;207;78;79;78;79;79;1464;348;964;3.6;34.2;-33.0;14.4;5.5;76.6;0.0000;0.0225;-0.2250;1.3250;
522.35;0;0;0;0;90;207;78;79;78;79;79;1461;348;964;3.6;34.2;-33.0;14.4;5.5;76.6;0.0000;0.0216;-0.1750;1.0250;
522.60;0;0;0;0;90;207;79;79;78;79;79;1458;348;964;3.6;34.1;-33.0;14.4;5.5;76.6;0.0000;0.0194;-0.1500;1.0250;
522.85;0;0;0;0;90;207;78;79;78;79;79;1460;348;964;3.6;34.1;-32.5;14.4;5.5;76.6;0.0000;0.0183;-0.1500;0.9000;
523.10;0;0;0;0;90;207;78;79;78;78;79;1453;348;964;3.6;34.1;-32.5;14.4;5.5;76.6;0.0000;0.0120;-0.1250;0.5000;
523.35;0;0;0;0;90;207;78;79;78;78;78;1453;348;964;3.7;34.0;-32.5;14.4;5.5;76.6;0.0000;0.0091;-0.1250;0.2250;
523.60;0;0;0;0;90;207;78;78;78;78;78;1452;348;964;3.8;33.4;-32.5;14.4;5.5;76.6;0.0000;0.0075;-0.1000;0.3750;
523.85;0;0;0;0;90;207;78;78;78;78;78;1451;348;964;3.8;33.4;-33.0;14.4;5.5;76.6;0.0000;0.0066;-0.0500;0.2750;
524.10;0;0;0;0;90;207;78;78;78;78;78;1450;348;964;3.9;33.0;-32.5;14.4;5.5;76.6;0.0000;0.0025;-0.1000;0.1250;
524.35;0;0;0;0;90;207;78;78;78;78;78;1449;348;964;3.9;33.0;-32.5;14.4;5.5;76.6;0.0000;0.0000;-0.1000;0.0500;
524.60;0;0;0;0;90;207;78;78;78;78;78;1448;348;964;4.0;32.3;-32.5;14.4;5.5;76.6;0.0000;-0.0020;-0.0750;102.3750;
524.85;0;0;0;0;90;207;78;78;78;78;78;1444;348;964;4.2;31.4;-32.5;14.4;5.5;76.6;0.0000;-0.0041;-0.1000;102.1250;
525.10;0;0;0;0;90;207;78;78;78;78;78;1446;348;964;4.2;31.4;-32.5;14.4;5.5;76.6;0.0000;-0.0132;-0.0750;102.1250;
525.35;0;0;0;0;90;207;78;78;78;77;78;1443;348;964;4.2;30.8;-32.5;14.4;5.5;76.6;0.0000;-0.0172;-0.0500;101.5250;
525.60;0;0;0;0;90;207;78;78;78;77;78;1446;348;964;4.2;30.8;-32.5;14.4;5.5;76.6;0.0000;-0.0217;-0.0250;101.1500;
525.85;0;0;0;0;90;207;78;77;78;77;78;1440;348;964;4.3;29.6;-32.5;14.4;5.5;76.6;0.0000;-0.0259;-0.1000;100.9500;
526.10;0;0;0;0;90;207;78;77;78;77;78;1444;348;964;4.3;29.6;-32.5;14.4;5.5;76.6;0.0000;-0.0268;-0.1000;100.8500;
526.35;0;0;0;0;90;207;78;77;78;77;78;1437;348;964;4.3;28.2;-32.5;14.4;5.5;76.6;0.0000;-0.0288;-0.0750;100.7250;
526.60;0;0;0;0;90;207;78;77;77;77;78;1439;348;964;4.3;27.2;-32.5;14.4;5.5;76.6;0.0000;-0.0304;-0.1250;100.6000;
526.85;0;0;0;0;90;207;78;77;77;77;77;1434;348;964;4.3;27.2;-32.5;14.4;5.5;76.6;0.0000;-0.0323;-0.1000;100.5500;
527.12;0;0;0;0;90;207;78;77;77;77;77;1434;348;964;4.3;26.1;-32.5;14.4;5.5;76.6;0.0000;-0.0333;-0.1000;100.2750;
527.37;0;0;0;0;90;207;77;77;77;77;77;1432;348;964;4.3;26.1;-32.5;14.4;5.5;76.6;0.0000;-0.0331;-0.1000;100.5500;
527.62;0;0;0;0;90;207;77;77;77;77;77;1432;348;964;4.3;24.6;-32.5;14.4;5.5;76.6;0.0000;-0.0341;-0.0750;100.4750;
527.87;0;0;0;0;89;207;77;77;77;76;77;1431;348;964;4.2;24.0;-32.5;14.4;5.5;76.6;0.0000;-0.0348;-0.1250;100.4000;
528.12;0;0;0;0;89;207;77;77;77;76;77;1424;348;964;4.2;24.0;-32.5;14.4;5.5;76.6;0.0000;-0.0367;-0.1500;100.3000;
528.37;0;0;0;0;89;207;77;76;77;76;77;1425;348;964;4.1;23.2;-32.5;14.4;5.5;76.6;0.0000;-0.0364;-0.1250;100.3250;
528.62;0;0;0;0;89;207;77;76;77;76;77;1421;348;964;4.0;21.9;-32.5;14.4;5.5;76.6;0.0000;-0.0354;-0.1500;100.3750;
528.87;0;0;0;0;89;207;77;76;77;76;77;1422;348;964;4.0;21.9;-32.5;14.4;5.5;76.6;0.0000;-0.0359;-0.1250;100.3250;
529.12;0;0;0;0;89;207;77;76;77;76;77;1418;348;964;3.9;21.3;-32.5;14.4;5.5;76.6;0.0000;-0.0362;-0.1250;100.3250;
529.37;0;0;0;0;89;207;77;76;76;76;77;1420;348;964;3.9;21.3;-32.5;14.4;5.5;76.6;0.0000;-0.0362;-0.1250;100.2750;
529.62;0;0;0;0;89;207;77;76;76;76;76;1416;348;964;3.7;20.8;-32.5;14.4;5.5;76.6;0.0000;-0.0364;-0.1750;100.2250;
529.87;0;0;0;0;89;207;76;76;76;76;76;1414;348;964;3.7;20.8;-32.5;14.4;5.5;76.6;0.0000;-0.0382;-0.1500;100.0000;
530.12;0;0;0;0;89;207;76;75;76;75;76;1410;348;964;3.7;20.0;-32.5;14.4;5.5;76.6;0.0000;-0.0391;-0.1500;100.1500;
530.37;0;0;0;0;89;207;76;75;76;75;76;1405;348;964;3.7;20.0;-32.5;14.4;5.5;76.6;0.0000;-0.0393;-0.1750;100.0000;
530.62;0;0;0;0;89;207;76;75;76;75;76;1404;348;964;3.7;20.0;-32.5;14.4;5.5;76.6;0.0000;-0.0397;-0.2000;100.3250;
530.87;0;0;0;0;89;207;76;75;75;75;75;1395;348;964;3.7;19.9;-32.0;14.4;5.5;76.6;0.0000;-0.0397;-0.2250;100.1250;
531.12;0;0;0;0;89;207;75;75;75;75;75;1393;348;964;3.7;19.9;-32.0;14.4;5.5;76.6;0.0000;-0.0371;-0.2750;100.0750;
531.37;0;0;0;0;89;207;75;75;75;75;75;1391;348;964;3.7;19.3;-32.0;14.4;5.5;76.6;0.0000;-0.0334;-0.2000;100.5500;
531.62;0;0;0;0;89;207;75;74;75;74;75;1384;348;964;3.7;19.5;-32.0;14.4;5.5;76.6;0.0000;-0.0333;-0.2500;100.6500;
531.87;0;0;0;0;89;207;75;74;74;74;74;1386;348;964;3.7;19.5;4.5;14.4;5.5;76.6;0.2000;-0.0334;-0.3750;100.5250;
532.13;0;0;0;0;89;207;74;74;74;74;74;1399;348;964;3.8;19.7;41.5;14.4;5.5;76.6;0.2471;-0.0323;-0.2000;100.4250;
532.38;0;0;0;0;89;207;74;74;74;74;74;1384;348;964;3.8;19.7;80.0;14.4;5.5;76.6;0.3020;-0.0304;0.0000;100.8000;
532.63;0;0;0;0;89;207;75;74;75;74;75;1387;348;964;3.8;19.3;104.0;14.4;5.5;76.6;0.3059;-0.0301;0.0250;100.8000;
532.88;0;0;0;0;89;207;75;74;75;74;75;1388;348;964;3.8;19.5;112.5;14.4;5.5;76.6;0.3020;-0.0264;0.1250;101.0000;
533.13;0;0;0;0;89;207;75;74;75;74;75;1391;348;964;3.8;19.5;110.5;14.4;5.5;76.6;0.2980;-0.0217;0.1250;101.6000;
533.38;0;0;0;0;89;207;75;75;75;75;75;1391;348;964;3.8;20.0;108.0;14.4;5.5;76.6;0.2980;-0.0217;0.1500;101.4000;
533.63;0;0;0;0;89;207;75;75;75;75;75;1395;348;964;3.9;19.8;108.5;14.4;5.5;76.6;0.2980;-0.0211;0.1250;101.4000;
533.88;0;0;0;0;89;207;75;75;75;75;75;1399;348;964;3.9;19.8;107.5;14.4;5.5;76.6;0.2980;-0.0206;0.0500;101.4250;
534.13;0;0;0;0;89;207;75;75;75;75;75;1399;348;964;3.9;19.8;108.0;14.4;5.5;76.6;0.2980;-0.0135;0.0750;101.8250;
534.38;0;0;0;0;89;207;75;75;75;75;76;1401;348;964;3.9;20.3;106.5;14.4;5.5;76.6;0.2941;-0.0114;0.0500;101.9750;
534.63;0;0;0;0;89;207;75;75;76;75;75;1398;348;964;4.0;20.5;100.5;14.4;5.5;76.6;0.2863;-0.0109;-0.1000;101.8000;
534.88;0;0;0;0;89;207;75;75;75;75;75;1401;348;964;4.0;20.5;97.5;14.4;5.5;76.6;0.2824;-0.0114;0.0500;101.8250;
535.13;0;0;0;0;89;207;75;75;75;75;75;1393;348;964;4.1;21.1;73.0;14.4;5.5;76.6;0.0431;-0.0114;0.0250;102.0250;
535.38;0;0;0;0;89;207;75;75;75;75;75;1382;348;964;4.1;21.1;-19.5;14.4;5.5;76.6;0.0000;-0.0118;-0.2250;101.7000;
535.63;0;0;0;0;89;207;74;75;74;74;75;1371;348;964;4.2;21.7;-30.0;14.4;5.5;76.6;0.0000;-0.0140;-0.4250;101.6000;
535.88;0;0;0;0;89;207;74;74;74;74;74;1372;348;964;4.2;22.2;-31.5;14.4;5.5;76.6;0.0000;-0.0145;-0.5500;101.4750;
536.13;0;0;0;0;89;207;74;73;73;73;74;1365;348;964;4.2;22.2;-31.5;14.4;5.5;76.6;0.0000;-0.0128;-0.5250;101.6250;
536.38;0;0;0;0;89;207;73;73;73;73;73;1353;348;964;4.2;22.3;-32.0;14.4;5.5;76.6;0.0000;-0.0070;-0.5750;101.9250;
536.63;0;0;0;0;89;207;72;72;72;72;73;1345;348;964;4.3;22.8;-31.5;14.4;5.5;76.6;0.0000;-0.0009;-0.5750;102.2500;
536.88;0;0;0;0;89;207;72;72;71;71;72;1332;348;964;4.3;22.8;-31.5;14.4;5.5;76.6;0.0000;0.0028;-0.6000;102.3750;
537.16;0;0;0;0;89;207;71;71;71;71;71;1324;348;964;4.5;23.9;-31.5;14.4;5.5;76.6;0.0000;0.0122;-0.5750;0.3750;
537.41;0;0;0;0;89;207;70;71;70;71;71;1313;348;964;4.5;24.3;-31.0;14.4;5.5;76.6;0.0000;0.0138;-0.6000;0.4500;
537.66;0;0;0;0;89;207;70;70;69;70;70;1303;348;964;4.5;24.3;-31.0;14.4;5.5;76.6;0.0000;0.0159;-0.6000;0.5250;
537.91;0;0;0;0;89;207;69;70;69;70;70;1292;348;964;4.6;25.1;-31.0;14.4;5.5;76.6;0.0000;0.0176;-0.6000;0.6000;
538.16;0;0;0;0;89;207;69;69;69;69;69;1287;348;964;4.6;25.1;-31.0;14.4;5.5;76.6;0.0000;0.0194;-0.5500;0.8000;
538.41;0;0;0;0;89;207;68;69;68;69;69;1273;348;964;4.6;26.1;-31.0;14.4;5.5;76.6;0.0000;0.0212;-0.5500;0.7000;
538.66;0;0;0;0;89;207;68;68;67;68;68;1265;348;964;4.6;26.1;-31.0;14.4;5.5;76.6;0.0000;0.0222;-0.5750;0.7000;
538.91;0;0;0;0;89;207;67;67;67;68;68;1254;348;964;4.5;27.0;-31.0;14.4;5.5;76.6;0.0000;0.0180;-0.5500;0.4250;
539.16;0;0;0;0;89;207;67;67;67;67;67;1246;348;964;4.5;27.0;-30.5;14.4;5.5;76.6;0.0000;0.0148;-0.5750;0.3750;
539.41;0;0;0;0;89;207;66;66;66;66;67;1234;348;964;4.5;27.5;-30.5;14.4;5.5;76.6;0.0000;0.0130;-0.5750;0.4250;
539.66;0;0;0;0;89;207;65;66;66;66;66;1224;348;964;4.4;28.2;-30.5;14.4;5.5;76.6;0.0000;0.0145;-0.5500;0.1750;
539.91;0;0;0;0;89;207;65;66;65;65;66;1216;348;964;4.4;28.2;-30.5;14.4;5.5;76.6;0.0000;0.0196;-0.5750;0.4750;
540.16;0;0;0;0;89;207;65;65;65;65;65;1210;348;964;4.5;28.5;-30.5;14.4;5.5;76.6;0.0000;0.0204;-0.5250;0.6000;
540.41;0;0;0;0;89;207;64;65;64;65;65;1198;348;964;4.4;29.0;-30.5;14.4;5.5;76.6;0.0000;0.0204;-0.5500;0.6000;
540.66;0;0;0;0;89;207;64;64;63;64;64;1190;348;964;4.4;29.0;-30.5;14.4;5.5;76.6;0.0000;0.0199;-0.5750;0.5750;
540.91;0;0;0;0;89;207;63;64;63;63;64;1177;348;964;4.4;30.0;-30.5;14.4;5.5;76.6;0.0000;0.0189;-0.5500;0.4250;
541.16;0;0;0;0;89;207;62;63;63;63;63;1172;350;964;4.4;30.0;-30.5;14.4;5.5;76.6;0.0000;0.0193;-0.5500;0.4500;
541.41;0;0;0;0;89;207;62;63;62;62;63;1162;350;964;4.3;29.8;-30.5;14.4;5.5;76.6;0.0000;0.0193;-0.5500;0.4750;
541.66;0;0;0;0;89;207;62;62;62;62;62;1157;350;964;4.3;29.7;-30.0;14.4;5.5;76.6;0.0000;0.0191;-0.5250;0.5250;
541.91;1;0;0;0;89;207;61;62;62;62;62;1066;350;964;4.3;29.7;-30.0;14.4;5.5;76.6;0.0000;0.0175;-0.4750;0.2250;
542.17;1;0;0;0;89;207;61;62;61;61;61;886;350;964;4.2;30.1;-2.5;14.4;5.5;76.6;0.0000;0.0178;-0.4000;0.2000;
542.42;1;0;0;0;89;207;61;61;61;61;61;873;350;964;4.2;30.1;-1.0;14.4;5.5;76.6;0.0000;0.0172;-0.3500;0.7250;
542.67;1;0;0;0;89;207;61;61;60;61;61;987;350;964;4.2;29.7;-30.0;14.4;5.5;76.6;0.0000;0.0125;-0.4250;0.2250;
542.92;1;0;0;0;88;207;60;60;60;60;60;1209;350;964;4.2;29.7;-31.5;14.4;5.5;76.6;0.0000;0.0102;-0.5250;0.1750;
543.17;1;0;0;0;88;207;59;59;59;59;60;1353;350;964;4.2;29.4;-27.0;14.4;5.5;76.6;0.0000;0.0097;-0.5750;0.1750;
543.42;0;0;0;0;88;207;59;59;59;59;59;1343;350;964;4.3;29.5;-33.0;14.4;5.5;76.6;0.0000;0.0097;-0.5250;0.1000;
543.67;0;0;0;0;88;207;59;59;59;59;59;1330;350;964;4.3;29.5;-32.5;14.4;5.5;76.6;0.0000;0.0104;-0.4500;0.0500;
543.92;0;0;0;0;88;207;58;59;58;58;59;1326;350;964;4.3;29.2;-32.5;14.4;5.5;76.6;0.0000;0.0114;-0.4000;0.2000;
544.17;0;0;0;0;88;207;58;58;58;58;58;1315;350;964;4.3;29.2;-32.0;14.4;5.5;76.6;0.0000;0.0127;-0.4250;0.1000;
544.42;0;0;0;0;88;207;58;58;58;58;58;1311;350;964;4.3;29.2;-31.5;14.4;5.5;76.6;0.0000;0.0133;-0.3750;0.1000;
544.67;0;0;0;0;88;207;57;58;57;57;58;1302;350;964;4.3;29.1;-31.5;14.4;5.5;76.6;0.0000;0.0146;-0.3750;0.1750;
544.92;0;0;0;0;88;207;57;57;57;57;57;1299;350;964;4.3;29.1;-31.5;14.4;5.5;76.6;0.0000;0.0157;-0.3750;0.2250;
545.17;0;0;0;0;88;207;57;57;57;57;57;1289;350;964;4.3;28.9;-31.5;14.4;5.5;76.6;0.0000;0.0158;-0.3500;0.2500;
545.42;0;0;0;0;88;207;56;57;56;57;57;1282;350;964;4.3;29.0;-31.0;14.4;5.5;76.6;0.0000;0.0158;-0.4000;0.3250;
545.67;0;0;0;0;88;207;56;56;56;56;56;1276;350;964;4.3;29.0;-31.0;14.4;5.5;76.6;0.0000;0.0158;-0.4000;0.4750;
545.92;0;0;0;0;88;207;56;56;56;56;56;1271;350;964;4.3;29.1;-31.0;14.4;5.5;76.6;0.0000;0.0162;-0.3500;0.2750;
546.17;0;0;0;0;88;207;55;56;55;56;56;1261;350;964;4.3;29.1;-30.5;14.4;5.5;76.6;0.0000;0.0158;-0.3250;0.2250;
546.42;0;0;0;0;88;207;55;56;55;56;56;1259;350;964;4.3;28.9;-31.0;14.4;5.5;76.6;0.0000;0.0117;-0.2750;0.3250;
546.67;0;0;0;0;88;207;55;55;55;55;55;1256;350;964;4.3;28.9;-31.0;14.4;5.5;76.6;0.0000;0.0061;-0.2500;102.2250;
546.92;0;0;0;0;88;207;55;55;55;55;55;1251;350;964;4.3;29.0;-31.0;14.4;5.5;76.6;0.0000;0.0008;-0.2250;102.1500;
547.18;0;0;0;0;88;207;55;55;55;55;55;1245;350;964;4.3;28.9;-30.5;14.4;5.5;76.6;0.0000;-0.0025;-0.2750;102.0750;
547.43;0;0;0;0;88;207;55;55;55;55;55;1240;350;964;4.3;28.9;-30.5;14.4;5.5;76.6;0.0000;-0.0033;-0.2500;102.0250;
547.68;0;0;0;0;88;207;54;54;54;54;55;1235;350;964;4.3;28.3;-31.0;14.4;5.5;76.6;0.0000;-0.0025;-0.2000;102.0250;
547.93;0;0;0;0;88;207;54;54;54;54;54;1231;350;964;4.3;28.3;-30.5;14.4;5.5;76.6;0.0000;-0.0016;-0.2250;102.0000;
548.18;0;0;0;0;88;207;54;54;54;54;54;1227;350;964;4.3;28.2;-30.5;14.4;5.5;76.6;0.0000;0.0000;-0.2250;102.2250;
548.43;0;0;0;0;88;207;54;54;54;54;54;1225;350;964;4.3;28.2;-30.5;14.4;5.5;76.6;0.0000;0.0014;-0.2000;102.0750;
548.68;0;0;0;0;88;207;54;54;54;54;54;1221;350;964;4.3;28.2;-31.0;14.4;5.5;76.6;0.0000;0.0025;-0.1750;102.2250;
548.93;0;0;0;0;88;207;54;54;54;54;54;1220;350;964;4.2;28.0;-31.0;14.4;5.5;76.6;0.0000;0.0049;-0.1250;102.2750;
549.18;0;0;0;0;88;207;54;54;54;54;54;1217;350;964;4.3;27.8;-30.5;14.4;5.5;76.6;0.0000;0.0057;-0.1250;0.0250;
549.43;0;0;0;0;88;207;53;54;53;54;54;1215;350;964;4.3;27.8;-30.5;14.4;5.5;76.6;0.0000;0.0059;-0.1250;102.3000;
549.68;1;0;0;0;88;207;53;54;53;53;54;1146;350;964;4.3;27.6;-30.0;14.4;5.5;76.6;0.0000;0.0059;-0.1000;0.0000;
549.93;1;0;0;0;88;207;53;54;53;54;54;977;350;964;4.3;27.6;-29.5;14.4;5.5;76.6;0.0000;0.0059;-0.0250;0.0500;
550.18;1;0;0;0;88;207;54;54;54;54;54;883;350;964;4.3;27.3;-4.5;14.4;5.5;76.6;0.0000;0.0056;0.0500;0.0000;
550.43;1;0;0;0;88;207;53;54;53;53;54;1098;350;964;4.3;27.0;-30.5;14.4;5.5;76.6;0.0000;0.0049;-0.0250;102.2000;
550.68;1;0;0;0;88;207;53;53;53;53;53;1522;350;964;4.3;27.0;-26.0;14.4;5.5;76.6;0.0000;0.0016;-0.4000;102.2750;
550.93;1;0;0;0;88;207;53;53;53;53;53;1503;350;964;4.3;27.0;-28.5;14.4;5.5;76.6;0.0000;-0.0014;-0.1500;102.3750;
551.18;0;0;0;0;88;207;53;53;53;53;53;1501;350;964;4.3;27.2;-34.5;14.4;5.5;76.6;0.0000;-0.0021;-0.0750;102.1250;
551.43;0;0;0;0;88;207;53;53;53;53;53;1502;350;964;4.3;27.0;-34.5;14.4;5.5;76.6;0.0000;-0.0021;-0.0750;0.0750;
551.68;0;0;0;0;88;207;53;53;53;53;53;1503;350;964;4.3;27.0;-34.0;14.4;5.5;76.6;0.0000;-0.0018;-0.0250;102.2250;
551.93;0;0;0;0;88;207;53;53;53;53;53;1501;350;964;4.3;27.1;-34.0;14.4;5.5;76.6;0.0000;0.0003;-0.0250;102.3500;
552.19;0;0;0;0;88;207;53;53;53;53;53;1501;350;964;4.3;27.5;-34.0;14.4;5.5;76.6;0.0000;0.0013;-0.0250;0.0250;
552.44;0;0;0;0;88;207;53;53;53;53;53;1504;350;964;4.3;27.5;-34.0;14.4;5.5;76.6;0.0000;0.0018;0.1500;0.1750;
552.69;0;1;0;0;88;207;53;53;53;53;53;1500;350;964;4.3;27.5;-34.0;14.4;5.5;76.6;0.0000;0.0022;-0.0500;0.2000;
552.94;0;1;0;0;88;207;53;53;53;53;53;1497;350;964;4.3;27.5;-34.0;14.4;5.5;76.6;0.0000;0.0022;-0.3500;0.3250;
553.19;0;1;0;0;88;207;53;53;53;53;53;1492;350;964;4.3;27.9;-34.0;14.4;5.5;76.6;0.0000;0.0025;0.3250;0.1250;
553.44;0;1;0;0;88;207;53;53;53;53;53;1486;350;964;4.3;28.4;-33.5;14.4;5.5;76.6;0.0000;0.0031;0.0500;0.1500;
553.69;0;1;0;0;88;207;52;52;52;52;52;1480;350;964;4.3;28.4;-33.5;14.4;5.5;76.6;0.0000;0.0033;-0.5250;102.3000;
553.94;0;1;0;0;88;207;52;52;52;52;52;1468;350;964;4.3;28.7;-33.0;14.4;5.5;76.6;0.0000;0.0034;-0.6000;0.1000;
554.19;0;1;0;0;88;207;52;51;51;51;52;1456;350;964;4.2;29.2;-33.0;14.4;5.5;76.6;0.0000;0.0041;-0.8000;0.3500;
554.44;0;1;0;0;88;207;51;51;51;51;51;1443;350;964;4.2;29.2;-33.0;14.4;5.5;76.6;0.0000;0.0056;-0.2750;0.4250;
554.69;0;1;0;0;88;207;50;50;50;50;50;1419;350;966;4.2;29.8;-32.5;14.4;5.5;76.6;0.0000;0.0059;-0.8500;0.1500;
554.94;0;1;0;0;88;207;50;50;50;50;50;1414;350;964;4.2;29.8;-32.5;14.4;5.5;76.6;0.0000;0.0057;-0.4000;0.4000;
555.19;0;0;0;0;88;207;50;50;50;50;50;1412;350;966;4.2;30.1;-32.5;14.4;5.5;76.6;0.0000;0.0056;-0.0500;0.1000;
555.44;0;0;0;0;88;207;50;50;50;50;50;1409;350;966;4.2;30.1;-32.5;14.4;5.5;76.6;0.0000;0.0047;-0.0250;0.2000;
555.69;0;0;0;0;88;207;50;50;50;50;50;1419;350;966;4.2;30.4;-32.5;14.4;5.5;76.6;0.0000;0.0029;0.0500;0.1500;
555.94;0;0;0;0;88;207;50;50;50;50;50;1418;350;966;4.2;30.4;-32.5;14.4;5.5;76.6;0.0000;0.0025;0.1250;0.4000;
556.19;0;0;0;0;88;207;50;50;50;50;50;1422;350;966;4.2;30.5;-32.5;14.4;5.5;76.6;0.0000;0.0022;0.1250;0.3500;
556.44;0;0;0;0;88;207;50;50;50;50;50;1424;350;966;4.2;30.9;-32.5;14.4;5.5;76.6;0.0000;0.0025;0.0750;0.0250;
556.69;0;0;0;0;88;207;50;50;50;51;51;1433;350;966;4.2;30.9;-32.5;14.4;5.5;76.6;0.0000;-0.0039;0.1750;1.1000;
556.94;0;0;0;0;88;207;51;50;51;50;51;1424;350;966;4.1;30.8;-32.5;14.4;5.5;76.6;0.0000;-0.0109;-0.0750;0.4250;
557.20;0;0;0;0;88;207;51;50;51;51;51;1434;350;966;4.1;30.9;-32.5;14.4;5.5;76.6;0.0000;-0.0170;0.0250;101.9750;
557.45;0;0;0;0;88;207;51;51;51;50;51;1435;350;966;4.1;30.9;-32.5;14.4;5.5;76.6;0.0000;-0.0246;0.0250;101.6750;
557.70;0;0;0;0;88;207;51;50;51;50;51;1435;350;966;4.0;30.2;-32.5;14.4;5.5;76.6;0.0000;-0.0382;0.0250;101.3750;
557.95;0;0;0;0;88;207;51;50;51;50;51;1435;350;966;4.0;30.2;-32.5;14.4;5.5;76.6;0.0000;-0.0437;0.0000;100.9750;
558.20;0;0;0;0;88;207;51;50;51;50;51;1436;350;966;3.9;29.2;-32.5;14.4;5.5;76.6;0.0000;-0.0488;0.0000;100.9000;
558.45;0;0;0;0;88;207;51;50;51;50;51;1436;350;966;3.8;28.4;-32.5;14.4;5.5;76.6;0.0000;-0.0551;-0.0250;100.2500;
558.70;0;0;0;0;88;207;51;50;51;50;51;1443;350;966;3.8;28.4;-33.0;14.4;5.5;76.6;0.0000;-0.0669;0.0250;100.2000;
558.95;0;0;0;0;88;207;51;50;51;50;51;1434;350;966;3.7;27.1;-33.5;14.4;5.5;76.6;0.0000;-0.0705;0.0000;100.1250;
559.20;0;0;0;0;88;207;51;50;51;50;51;1438;350;966;3.7;27.1;-33.5;14.4;5.5;76.6;0.0000;-0.0702;0.0000;99.8750;
559.45;0;0;0;0;88;207;52;50;51;50;51;1442;350;966;3.6;25.6;-34.0;14.4;5.5;76.6;0.0000;-0.0675;0.0500;99.9500;
559.70;0;0;0;0;88;207;51;51;51;50;51;1443;350;966;3.6;25.6;-34.0;14.5;5.5;76.6;0.0000;-0.0775;0.0750;99.9250;
559.95;0;0;0;0;88;207;52;51;52;51;51;1451;350;966;3.5;24.8;-34.0;14.5;5.5;76.6;0.0000;-0.0791;0.1000;99.4500;
560.20;0;0;0;0;88;207;52;50;52;51;51;1453;350;966;3.4;23.9;-34.5;14.5;5.5;76.6;0.0000;-0.0833;0.0750;99.6500;
560.45;0;0;0;0;88;207;52;51;52;51;51;1451;350;966;3.4;23.9;-34.5;14.5;5.5;76.6;0.0000;-0.0851;0.0750;99.3500;
560.70;0;0;0;0;88;207;52;51;52;51;51;1454;350;966;3.4;22.4;-34.5;14.5;5.5;76.6;0.0000;-0.0821;0.0250;99.2750;
560.95;0;0;0;0;87;207;52;51;52;51;51;1453;350;966;3.4;22.4;-34.5;14.5;5.5;76.6;0.0000;-0.0720;0.0000;100.1000;
561.20;0;0;0;0;87;207;52;51;52;51;51;1458;350;966;3.4;21.4;-34.5;14.5;5.5;76.6;0.0000;-0.0612;0.0500;100.4500;
561.45;0;0;0;0;87;207;51;51;51;51;51;1453;350;966;3.4;20.4;-34.5;14.5;5.5;76.6;0.0000;-0.0524;-0.0500;100.9250;
561.70;0;0;0;0;87;207;51;51;51;51;51;1452;350;966;3.4;20.4;-35.0;14.5;5.5;76.6;0.0000;-0.0412;-0.0250;101.1000;
561.95;0;0;0;0;87;207;51;51;51;51;51;1443;350;966;3.5;20.2;-34.5;14.5;5.5;76.6;0.0000;-0.0375;-0.1500;101.3000;
562.22;0;0;0;0;87;207;51;51;51;51;51;1441;350;966;3.7;20.5;-34.5;14.5;5.5;76.6;0.0000;-0.0371;-0.2000;101.4000;
562.47;0;1;0;0;87;207;51;51;51;50;51;1432;350;966;3.7;20.5;-34.5;14.5;5.5;76.6;0.0000;-0.0273;-0.3250;101.7250;
562.72;0;1;0;0;87;207;50;50;50;50;50;1424;350;966;3.9;20.3;-34.5;14.5;5.5;76.6;0.0000;-0.0074;-0.4500;0.0250;
562.97;0;1;0;0;87;207;50;50;50;50;50;1407;350;966;3.9;20.3;-34.5;14.5;5.5;76.6;0.0000;-0.0007;-0.4750;0.0750;
563.22;0;1;0;0;87;207;49;49;49;49;49;1394;350;966;4.2;21.3;-34.5;14.5;5.5;76.6;0.0000;0.0049;-0.5250;0.4750;
563.47;0;1;0;0;87;207;49;49;48;49;49;1384;350;966;4.2;21.3;-34.5;14.5;5.5;76.6;0.0000;0.0123;-0.4750;0.4500;
563.72;0;1;0;0;87;207;48;49;48;49;48;1366;350;966;4.4;22.6;-34.5;14.5;5.5;76.6;0.0000;0.0489;-0.8500;1.2500;
563.97;0;0;0;0;87;207;48;49;48;49;48;1363;350;966;4.4;22.6;-34.5;14.5;5.5;76.6;0.0000;0.0641;-0.3500;2.4250;
564.22;0;0;0;0;87;207;47;49;47;48;48;1354;350;966;4.6;23.5;-34.5;14.5;5.5;76.6;0.0000;0.0686;-0.3250;2.3250;
564.47;0;0;0;0;87;207;47;48;47;48;48;1347;350;966;4.6;25.6;-34.5;14.5;5.5;76.6;0.0000;0.0799;-0.3250;2.4250;
564.72;0;0;0;0;87;207;46;48;47;48;47;1337;350;966;4.6;25.6;-34.5;14.5;5.5;76.6;0.0000;0.0989;-0.4000;2.8000;
564.97;0;0;0;0;87;207;46;47;46;47;47;1325;350;966;4.6;27.9;-34.5;14.5;5.5;76.6;0.0000;0.1030;-0.4250;3.3000;
565.22;0;0;0;0;87;207;46;47;46;47;47;1308;350;966;4.5;30.3;-34.0;14.5;5.5;76.6;0.0000;0.1012;-0.4500;2.9000;
565.47;0;0;0;0;87;207;45;47;45;46;46;1293;350;966;4.5;30.3;-34.0;14.5;5.5;76.6;0.0000;0.1012;-0.5500;2.3250;
565.72;0;0;0;0;87;207;45;46;45;46;46;1286;350;966;4.4;32.6;-34.0;14.5;5.5;76.6;0.0000;0.0974;-0.4500;2.5000;
565.97;0;0;0;0;87;207;44;46;44;46;45;1282;350;966;4.4;32.6;-34.0;14.5;5.5;76.6;0.0000;0.0901;-0.4750;2.2500;
566.22;0;0;0;0;87;207;44;45;44;45;45;1266;350;966;4.3;34.2;-33.5;14.5;5.5;76.6;0.0000;0.0904;-0.5250;2.3750;
566.47;0;0;0;0;87;207;43;45;43;45;44;1250;350;966;4.1;35.5;-19.0;14.5;5.5;76.6;0.1412;0.0935;-0.6000;2.3000;
566.72;0;0;0;0;87;207;43;44;43;44;44;1246;350;966;4.1;35.5;4.0;14.5;5.5;76.6;0.1961;0.0940;-0.5000;2.2500;
566.97;0;0;0;0;87;207;43;44;43;44;43;1231;350;966;3.9;37.2;36.0;14.5;5.5;76.6;0.2078;0.0931;-0.4750;2.3500;
567.23;0;0;0;0;87;207;43;44;43;44;43;1229;350;966;3.6;37.9;46.0;14.5;5.5;76.6;0.2353;0.0913;-0.3750;1.9250;
567.48;0;0;0;0;87;207;43;44;42;44;43;1233;350;966;3.6;37.9;73.5;14.5;5.5;76.6;0.2627;0.0857;-0.0250;1.9750;
567.73;0;0;0;0;87;207;43;44;43;44;43;1231;350;966;3.6;37.9;83.0;14.5;5.5;76.6;0.2627;0.0686;-0.1000;1.3750;
567.98;0;0;0;0;87;207;43;44;43;44;44;1240;350;966;3.3;37.8;83.5;14.5;5.5;76.6;0.2549;0.0608;0.1250;1.2250;
568.23;0;0;0;0;87;207;43;44;43;44;44;1246;350;966;3.2;38.1;81.0;14.5;5.5;76.6;0.2510;0.0536;0.2000;0.9750;
568.48;0;0;0;0;87;207;44;45;44;45;44;1255;350;966;3.2;38.1;76.0;14.5;5.5;76.6;0.2392;0.0483;0.3250;0.8500;
568.73;0;0;0;0;87;207;44;45;44;45;45;1257;350;966;3.2;37.1;70.0;14.5;5.5;76.6;0.2314;0.0380;0.2750;0.8500;
568.98;0;0;0;0;87;207;45;45;45;45;45;1272;350;966;3.2;35.7;63.5;14.5;5.5;76.6;0.2196;0.0321;0.2750;0.7500;
569.23;0;0;0;0;87;207;45;45;45;45;45;1276;350;966;3.2;35.7;57.5;14.5;5.5;76.6;0.2118;0.0257;0.2750;0.6000;
569.48;0;0;0;0;87;207;45;45;45;45;45;1267;350;966;3.2;34.6;-6.5;14.5;5.5;76.6;0.0000;0.0172;0.1250;0.3500;
569.73;0;0;0;0;87;207;45;45;45;45;45;1271;350;966;3.2;34.6;-21.0;14.5;5.5;76.6;0.0000;0.0062;-0.0250;0.0500;
569.98;0;0;0;0;87;207;45;44;45;45;45;1267;350;966;3.2;33.0;-32.0;14.5;5.5;76.6;0.0000;0.0022;-0.2500;0.0500;
570.23;0;0;0;0;87;207;45;45;45;45;45;1263;350;966;3.3;31.8;-31.5;14.5;5.5;76.6;0.0000;-0.0021;-0.1250;0.1250;
570.48;0;0;0;0;87;207;44;44;44;44;44;1251;350;966;3.3;31.8;-32.0;14.5;5.5;76.6;0.0000;-0.0057;-0.2750;102.3750;
570.73;0;0;0;0;87;207;44;44;44;44;44;1247;350;966;3.5;30.8;-31.5;14.4;5.5;76.6;0.0000;-0.0175;-0.3500;101.9500;
570.98;0;0;0;0;87;207;44;43;44;43;44;1239;350;966;3.7;29.7;-32.0;14.4;5.5;76.6;0.0549;-0.0264;-0.3250;102.0750;
571.23;0;0;0;0;87;207;43;43;43;43;43;1231;350;966;3.7;29.7;-8.0;14.4;5.5;76.6;0.1804;-0.0338;-0.3500;101.8250;
571.48;0;0;0;0;87;207;43;43;43;43;43;1243;350;966;3.8;28.4;32.0;14.4;5.5;76.6;0.2157;-0.0362;-0.2750;101.8000;
571.73;0;0;0;0;87;207;43;43;43;43;43;1225;350;966;3.8;28.4;48.0;14.4;5.5;76.6;0.2314;-0.0534;-0.1750;101.2750;
571.98;0;0;0;0;87;207;44;43;44;43;43;1226;350;966;3.9;27.5;68.0;14.4;5.5;76.6;0.2549;-0.0599;-0.0250;101.1000;
572.24;0;0;0;0;87;207;44;43;44;43;43;1229;350;966;3.9;27.5;77.5;14.5;5.5;76.6;0.2588;-0.0599;0.1000;100.9750;
572.49;0;0;0;0;87;207;44;43;44;43;44;1236;350;966;3.9;26.5;81.0;14.5;5.5;76.6;0.2549;-0.0596;0.1250;100.9750;
572.74;0;0;0;0;87;207;44;43;44;44;44;1243;350;966;3.9;26.5;81.0;14.5;5.5;76.6;0.2510;-0.0578;0.1750;101.2750;
572.99;0;0;0;0;87;207;44;44;44;44;44;1247;350;966;3.9;25.1;78.5;14.5;5.5;76.6;0.2510;-0.0542;0.1500;101.3000;
573.24;0;0;0;0;87;207;44;44;44;44;44;1253;350;966;3.9;24.7;77.5;14.5;5.5;76.6;0.2510;-0.0503;0.2250;101.3000;
573.49;0;0;0;0;87;207;44;44;44;44;44;1256;350;966;3.9;24.7;77.5;14.4;5.5;76.6;0.2510;-0.0435;0.1500;101.5250;
573.74;0;0;0;0;87;207;45;44;45;45;45;1264;350;966;4.0;23.8;78.0;14.4;5.5;76.6;0.2510;-0.0304;0.1750;101.7500;
573.99;0;0;0;0;87;207;45;45;45;45;45;1268;350;966;4.1;23.1;78.5;14.4;5.5;76.6;0.2510;-0.0255;0.1750;102.0500;
574.24;0;0;0;0;87;207;45;45;45;45;45;1274;352;966;4.1;23.1;77.5;14.4;5.5;76.6;0.2471;-0.0198;0.2000;102.0750;
574.49;0;0;0;0;87;207;45;45;45;45;45;1281;352;966;4.1;23.1;76.0;14.4;5.5;76.6;0.2431;-0.0130;0.1750;102.2000;
574.74;0;0;0;0;87;207;45;45;45;45;45;1286;352;966;4.1;23.1;73.5;14.4;5.5;76.6;0.2392;-0.0052;0.1500;102.3000;
574.99;0;0;0;0;87;207;45;45;45;45;45;1263;352;966;4.1;22.8;7.0;14.4;5.5;76.6;0.0000;0.0038;0.1500;0.1500;
575.24;0;0;0;0;87;207;45;45;45;45;45;1267;352;966;4.0;22.4;-16.5;14.4;5.5;76.6;0.0000;0.0102;-0.1250;0.2250;
575.49;0;0;0;0;87;207;45;45;45;45;45;1273;352;966;4.0;22.4;-31.0;14.4;5.5;76.6;0.0000;0.0242;-0.2250;0.0750;
575.74;0;0;0;0;87;207;44;45;44;45;44;1259;352;966;3.9;23.3;-30.5;14.4;5.5;76.6;0.0000;0.0296;-0.5000;0.8000;
575.99;0;0;0;0;87;207;44;44;44;44;44;1245;352;966;3.9;23.3;-31.0;14.4;5.5;76.6;0.0000;0.0323;-0.4750;0.7500;
576.24;0;0;0;0;87;207;43;44;43;44;44;1237;352;966;4.0;24.2;-30.5;14.4;5.5;76.6;0.0000;0.0397;-0.3750;1.3000;
576.49;0;0;0;0;87;207;43;43;43;43;43;1221;352;966;4.0;24.2;-30.5;14.4;5.5;76.6;0.0000;0.0570;-0.5250;1.1500;
576.74;0;0;0;0;87;207;42;43;42;43;43;1210;352;966;4.1;25.1;-30.5;14.4;5.5;76.6;0.0000;0.0583;-0.5500;1.3750;
576.99;0;0;0;0;87;207;42;43;42;43;42;1200;352;966;4.1;27.1;-30.5;14.4;5.5;76.6;0.0000;0.0620;-0.5000;1.4000;
577.26;0;0;0;0;87;207;41;42;41;42;42;1190;352;966;4.1;27.1;-30.0;14.4;5.5;76.6;0.0000;0.0684;-0.4750;1.5000;
577.51;0;0;0;0;87;207;41;42;41;42;42;1178;352;966;4.1;28.3;-12.0;14.4;5.5;76.6;0.1608;0.0714;-0.5250;1.3500;
577.76;0;0;0;0;87;207;41;42;41;41;41;1179;352;966;4.1;28.3;19.5;14.4;5.5;76.6;0.1804;0.0750;-0.4250;1.5000;
578.01;0;0;0;0;87;207;40;41;40;41;41;1162;352;966;4.0;29.5;36.5;14.4;5.5;76.6;0.2118;0.0839;-0.2500;1.8250;
578.26;0;0;0;0;87;207;40;41;40;41;41;1161;352;966;3.9;30.7;52.5;14.4;5.5;76.6;0.2196;0.0923;-0.2000;1.9500;
578.51;0;0;0;0;87;207;40;42;40;42;41;1163;352;966;3.9;30.7;61.0;14.4;5.5;76.6;0.2353;0.0996;-0.0500;2.1000;
578.76;0;0;0;0;87;207;40;42;41;42;41;1163;352;966;3.7;31.9;69.5;14.4;5.5;76.6;0.2392;0.0996;0.0250;2.0500;
579.01;0;0;0;0;87;207;40;42;40;42;41;1165;352;966;3.6;32.8;74.0;14.4;5.5;76.6;0.2510;0.1042;0.0500;2.1500;
579.26;0;0;0;0;87;207;40;42;41;42;41;1164;352;966;3.6;32.8;79.5;14.4;5.5;76.6;0.2588;0.1109;0.0750;2.5250;
579.51;0;0;0;0;87;207;41;42;41;42;41;1175;352;966;3.5;34.1;84.5;14.4;5.5;76.6;0.2706;0.1103;0.1250;2.5750;
579.76;0;0;0;0;87;207;41;43;41;42;42;1184;352;966;3.5;34.1;101.5;14.4;5.5;76.6;0.3020;0.1099;0.2500;2.9000;
580.01;0;0;0;0;87;207;41;42;41;42;42;1186;352;966;3.4;35.1;111.5;14.4;5.5;76.6;0.3137;0.1093;0.2000;2.6250;
580.26;0;0;0;0;87;207;41;43;42;43;42;1193;352;966;3.4;35.1;125.5;14.4;5.5;76.6;0.3294;0.1080;0.2000;2.5750;
580.51;0;0;0;0;87;207;42;43;42;43;42;1206;352;966;3.3;35.3;137.0;14.4;5.5;76.6;0.3569;0.1062;0.2750;2.5750;
580.76;0;0;0;0;87;207;42;43;42;43;43;1208;352;966;3.3;35.3;150.5;14.4;5.5;76.6;0.3608;0.1062;0.2250;2.4750;
581.01;0;0;0;0;87;207;42;44;42;44;43;1218;352;966;3.2;35.8;155.5;14.4;5.5;76.6;0.3647;0.1062;0.3500;2.6250;
581.26;0;0;0;0;87;207;43;44;43;44;43;1225;352;966;3.2;36.0;156.5;14.4;5.5;76.6;0.3608;0.1062;0.3750;2.7250;
581.51;0;0;0;0;87;207;43;44;43;44;44;1243;352;966;3.2;36.0;155.5;14.4;5.5;76.6;0.3569;0.1028;0.3750;2.9500;
581.76;0;0;0;0;87;207;43;45;44;45;44;1247;352;966;3.2;36.0;150.0;14.4;5.5;76.6;0.3529;0.0895;0.3500;2.3750;
582.01;0;0;0;0;87;207;44;45;44;45;44;1260;352;966;3.2;36.5;148.0;14.4;5.5;76.6;0.3490;0.0789;0.3750;1.9750;
582.27;0;0;0;0;87;207;44;45;44;45;45;1270;352;966;3.2;36.5;145.0;14.4;5.5;76.6;0.3451;0.0709;0.3250;1.8250;
582.52;0;0;0;0;87;207;44;45;44;45;45;1276;352;966;3.2;36.5;144.5;14.4;5.5;76.6;0.3451;0.0705;0.2750;2.1500;
582.77;0;0;0;0;87;207;45;46;45;45;45;1273;352;966;3.2;36.5;145.0;14.4;5.5;76.6;0.3451;0.0704;0.1750;2.0000;
583.02;0;0;0;0;87;207;45;45;45;45;45;1276;352;966;3.2;35.4;145.0;14.4;5.5;76.6;0.3490;0.0702;0.1000;2.0000;
583.27;0;0;0;0;87;207;45;46;45;46;45;1283;352;966;3.2;35.8;144.5;14.4;5.5;76.6;0.3451;0.0691;0.0750;2.1500;
583.52;0;0;0;0;87;207;45;46;45;46;45;1289;352;966;3.2;35.8;141.0;14.4;5.5;76.6;0.3412;0.0609;0.1250;1.7000;
583.77;0;0;0;0;87;207;45;46;45;46;46;1287;352;966;3.2;35.3;136.5;14.4;5.5;76.6;0.3294;0.0486;0.0500;1.2500;
584.02;0;0;0;0;87;207;45;46;45;46;46;1285;352;966;3.2;33.9;128.5;14.4;5.5;76.6;0.3176;0.0386;0.0250;1.1250;
584.27;0;0;0;0;87;207;45;46;45;46;46;1285;352;966;3.2;33.9;118.0;14.4;5.5;76.6;0.3020;0.0272;0.0000;0.8750;
584.52;0;0;0;0;87;207;45;46;45;45;45;1284;352;966;3.2;33.9;112.0;14.4;5.5;76.6;0.2941;0.0084;-0.0500;0.7000;
584.77;0;0;0;0;87;207;45;45;45;45;46;1289;352;966;3.2;33.3;102.5;14.4;5.5;76.6;0.2784;0.0016;0.0500;0.4000;
585.02;0;0;0;0;87;207;45;45;45;45;46;1286;352;966;3.2;32.3;95.0;14.4;5.5;76.6;0.2588;-0.0021;-0.0500;102.1250;
585.27;0;0;0;0;87;207;45;45;45;45;45;1280;352;966;3.2;32.3;84.0;14.4;5.5;76.6;0.2588;-0.0070;-0.1750;101.8500;
585.52;0;0;0;0;87;207;45;45;45;45;45;1278;352;966;3.2;30.8;82.0;14.4;5.5;76.6;0.2510;-0.0067;-0.1500;101.9500;
585.77;0;0;0;0;87;207;44;45;45;45;45;1259;352;966;3.2;30.8;42.0;14.4;5.5;76.6;0.0000;-0.0062;-0.2000;102.1500;
586.02;0;0;0;0;87;207;45;45;45;44;45;1246;352;966;3.2;29.4;-11.5;14.4;5.5;76.6;0.0000;-0.0041;-0.2750;102.3750;
586.27;0;0;0;0;87;207;44;44;44;44;44;1233;352;966;3.2;28.4;-11.0;14.4;5.5;76.6;0.1255;-0.0036;-0.7000;102.2750;
586.52;0;0;0;0;87;207;43;43;43;43;43;1228;352;966;3.2;28.4;2.0;14.4;5.5;76.6;0.1451;-0.0029;-0.7750;102.2500;
586.77;0;0;0;0;87;207;42;42;42;42;42;1192;352;966;3.2;27.9;-8.0;14.4;5.5;76.6;0.0000;-0.0014;-0.7250;102.2000;
587.02;0;0;0;0;87;207;42;42;42;42;42;1181;352;966;3.3;27.6;-20.0;14.4;5.5;76.6;0.0000;-0.0007;-0.7000;102.3000;
587.28;0;0;0;0;87;207;41;41;41;41;41;1157;352;966;3.3;27.6;-28.5;14.4;5.5;76.6;0.0000;0.0001;-0.8250;102.0000;
587.53;0;0;0;0;87;207;40;40;40;40;40;1135;352;966;3.4;26.5;-29.0;14.4;5.5;76.6;0.0000;-0.0008;-0.9750;102.3500;
587.78;0;0;0;0;87;207;39;39;39;39;39;1110;352;966;3.5;26.1;-30.0;14.4;5.5;76.6;0.0000;-0.0018;-0.8750;102.0250;
588.03;1;0;0;0;87;207;38;38;39;38;39;1088;352;966;3.5;26.1;-30.0;14.4;5.5;76.6;0.0000;-0.0062;-0.9250;101.7250;
588.28;1;0;0;0;87;207;38;38;38;38;38;933;352;966;3.6;25.9;-29.5;14.4;5.5;76.6;0.0000;-0.0164;-0.7750;102.1500;
588.53;1;0;0;0;87;207;37;37;37;37;37;878;352;966;3.6;25.9;-1.5;14.4;5.5;76.6;0.0000;-0.0304;-0.7750;101.9500;
588.78;1;0;0;0;87;207;37;36;37;36;37;878;352;966;3.7;25.6;-0.5;14.4;5.5;76.6;0.0000;-0.0441;-0.7750;101.3500;
589.03;1;0;0;0;87;207;36;36;36;36;36;879;352;966;3.7;25.6;4.5;14.4;5.5;76.6;0.0000;-0.0562;-0.7500;101.2250;
589.28;1;0;0;0;87;207;35;35;35;34;35;1021;352;966;3.8;25.3;-10.0;14.4;5.5;76.6;0.0824;-0.0626;-0.9000;100.9750;
589.53;1;0;0;0;87;207;34;34;34;34;34;1278;352;966;3.8;25.3;-0.5;14.4;5.5;76.6;0.1412;-0.0828;-1.1000;100.9750;
589.78;1;0;0;0;88;207;34;33;34;33;34;1311;352;966;3.8;25.3;45.0;14.4;5.5;76.6;0.1882;-0.0899;-0.7250;100.6750;
590.03;0;0;0;0;88;207;34;32;33;33;33;1314;352;966;3.9;25.1;48.0;14.4;5.5;76.6;0.2118;-0.1030;-0.7000;100.4250;
590.28;0;0;0;0;88;207;33;32;33;32;33;1303;352;966;3.9;25.1;56.0;14.4;5.5;76.6;0.2353;-0.1103;-0.4250;100.3250;
590.53;0;0;0;0;88;207;33;32;33;32;33;1299;352;966;3.9;24.2;63.0;14.4;5.5;76.6;0.2431;-0.1259;-0.3500;100.3000;
590.78;0;0;0;0;88;207;33;32;33;32;32;1296;352;966;3.8;23.2;79.0;14.4;5.5;76.6;0.2941;-0.1360;-0.3250;99.8750;
591.03;0;0;0;0;88;207;33;32;33;32;32;1291;352;966;3.8;23.2;95.5;14.4;5.5;76.6;0.3020;-0.1446;-0.2000;100.0250;
591.28;0;0;0;0;88;207;33;32;33;32;33;1306;352;966;3.7;22.3;119.0;14.4;5.5;76.6;0.3451;-0.1523;0.0750;100.1000;
591.53;0;0;0;0;88;207;33;32;33;32;33;1308;352;966;3.7;22.3;132.5;14.4;5.5;76.6;0.3529;-0.1426;0.1250;100.2500;
591.78;0;0;0;0;88;207;34;32;34;32;33;1325;352;966;3.6;21.3;146.5;14.4;5.5;76.6;0.3647;-0.1357;0.3750;100.2750;
592.03;0;0;0;0;88;207;34;33;34;33;33;1336;352;966;3.5;20.0;154.5;14.4;5.5;76.6;0.3804;-0.1355;0.4000;99.9500;
592.30;0;0;0;0;88;207;34;33;34;33;34;1360;352;966;3.5;20.0;164.5;14.4;5.5;76.6;0.3922;-0.1246;0.4250;100.0250;
592.55;0;0;0;0;88;207;35;34;35;34;35;1376;352;966;3.4;19.2;171.5;14.4;5.5;76.6;0.4000;-0.1154;0.5250;100.6250;
592.80;0;0;0;0;88;207;36;35;36;34;35;1405;352;966;3.4;19.2;188.0;14.4;5.5;76.6;0.4314;-0.1028;0.5750;100.7000;
593.05;0;0;0;0;88;207;36;36;36;36;36;1428;352;966;3.3;18.3;200.5;14.4;5.5;76.6;0.4392;-0.0869;0.7500;101.1500;
593.30;0;0;0;0;88;207;37;36;37;36;37;1467;352;966;3.3;18.3;205.5;14.4;5.5;76.6;0.4392;-0.0539;0.8000;101.4000;
593.55;0;0;0;0;88;207;38;37;38;38;38;1492;352;966;3.3;17.8;205.0;14.4;5.5;76.6;0.4353;-0.0402;0.8500;101.9750;
593.80;0;0;0;0;88;207;39;38;39;38;38;1537;352;966;3.3;17.6;203.0;14.4;5.5;76.6;0.4353;-0.0312;0.9750;102.1750;
594.05;0;0;0;0;88;207;39;40;39;39;39;1564;352;966;3.3;17.6;202.0;14.4;5.5;76.6;0.4353;-0.0074;0.9000;0.3500;
594.30;0;0;0;0;88;207;40;40;40;40;40;1609;352;966;3.2;17.5;201.0;14.4;5.5;76.6;0.4353;0.0158;1.0000;0.7500;
594.55;0;0;0;0;88;207;41;42;41;41;41;1637;352;966;3.2;17.5;199.5;14.4;5.5;76.6;0.4275;0.0186;0.9750;0.5750;
594.80;0;0;0;0;88;207;42;42;42;42;42;1686;352;966;3.2;18.3;194.0;14.4;5.5;76.6;0.4275;0.0191;1.0250;0.6000;
595.05;0;0;0;0;88;207;43;43;43;43;43;1712;352;966;3.2;19.1;192.5;14.4;5.5;76.6;0.4275;0.0193;0.9750;0.5250;
595.30;0;0;0;0;88;207;44;44;44;44;44;1756;352;966;3.2;19.1;190.0;14.4;5.5;76.6;0.4235;0.0107;1.0000;0.5250;
595.55;0;0;0;0;88;207;45;45;45;45;45;1781;352;966;3.2;19.8;189.0;14.4;5.5;76.6;0.4196;-0.0004;0.9750;0.0000;
595.80;0;0;0;0;88;207;46;46;46;46;46;1823;352;966;3.2;20.5;185.5;14.4;5.5;76.6;0.4118;-0.0043;1.0000;102.0250;
596.05;0;0;0;0;88;207;47;47;47;47;47;1851;352;966;3.2;20.5;179.5;14.4;5.5;76.6;0.4039;-0.0059;0.9750;102.3000;
596.30;0;0;0;0;88;207;47;48;48;48;47;1891;352;966;3.2;21.1;169.5;14.4;5.5;76.6;0.2941;-0.0038;0.9000;0.0500;
596.55;1;0;0;0;88;207;48;47;47;47;47;1857;352;966;3.2;21.1;-9.0;14.4;5.5;76.6;0.0000;-0.0021;0.3250;102.3000;
596.80;1;0;0;0;88;207;47;47;47;47;47;1614;352;966;3.2;21.6;-30.0;14.4;5.5;76.6;0.0000;-0.0021;-0.2000;0.2250;
597.05;1;0;0;0;88;207;47;47;47;46;47;1452;352;966;3.2;21.6;-13.0;14.4;5.5;76.6;0.1412;-0.0021;-0.2500;102.3500;
597.31;0;0;0;0;88;207;47;47;47;47;47;1322;352;964;3.2;23.2;139.0;14.4;5.5;76.6;0.3882;-0.0013;-0.1250;102.3750;
597.56;0;0;0;0;88;207;47;47;47;47;47;1334;352;966;3.2;23.2;166.0;14.4;5.5;76.6;0.3922;0.0000;0.1250;0.0000;
597.81;0;0;0;0;88;207;47;47;48;47;48;1349;352;964;3.2;23.8;173.5;14.4;5.5;76.6;0.3922;0.0003;0.2250;0.1250;
598.06;0;0;0;0;88;207;48;48;48;48;48;1358;352;966;3.2;24.0;173.5;14.4;5.5;76.6;0.3882;0.0008;0.3500;0.2250;
598.31;0;0;0;0;88;207;48;48;48;48;48;1372;352;964;3.2;24.0;172.5;14.4;5.5;76.6;0.3882;0.0025;0.4750;0.2250;
598.56;0;0;0;0;88;207;49;49;49;49;49;1381;352;964;3.2;24.7;175.0;14.4;5.5;76.6;0.3961;0.0033;0.3500;0.1750;
598.81;0;0;0;0;88;207;49;49;49;49;49;1392;352;964;3.2;24.5;177.5;14.4;5.5;76.6;0.4000;0.0059;0.4000;0.3250;
599.06;0;0;0;0;88;207;49;49;49;50;50;1400;352;964;3.2;24.5;179.5;14.4;5.5;76.6;0.3922;0.0062;0.3500;0.1500;
599.31;0;0;0;0;88;207;49;50;50;50;50;1412;352;966;3.2;24.3;176.0;14.4;5.5;76.6;0.3922;0.0062;0.3750;102.2750;
599.56;0;0;0;0;88;207;50;50;50;50;50;1425;352;964;3.2;24.3;174.5;14.4;5.5;76.6;0.3922;0.0066;0.4500;0.1500;
599.81;0;0;0;0;88;207;50;51;51;51;51;1436;352;964;3.2;24.4;172.5;14.4;5.5;76.6;0.3843;0.0057;0.4250;0.1000;
600.06;0;0;0;0;88;207;51;51;51;51;51;1448;352;964;3.2;24.7;167.5;14.4;5.5;76.6;0.3804;0.0016;0.3500;102.3250;
600.31;0;0;0;0;88;207;51;51;51;51;51;1455;352;964;3.2;24.7;165.0;14.4;5.5;76.6;0.3804;-0.0047;0.3750;102.3500;
600.56;0;0;0;0;88;207;52;52;52;52;52;1461;352;964;3.2;24.7;147.0;14.4;5.5;76.6;0.3333;-0.0057;0.3500;102.3500;
600.81;0;0;0;0;88;207;52;52;52;52;52;1468;352;964;3.2;24.9;129.0;14.4;5.5;76.6;0.3255;-0.0051;0.2500;102.3500;
601.06;0;0;0;0;88;207;52;52;52;52;52;1468;352;964;3.2;24.9;105.0;14.4;5.5;76.6;0.2863;-0.0049;0.1250;0.0500;
601.31;0;0;0;0;88;207;52;52;52;52;52;1473;352;964;3.2;24.9;97.0;14.4;5.5;76.6;0.2824;-0.0049;0.0750;0.0500;
601.56;0;0;0;0;88;207;52;52;52;52;52;1466;352;966;3.2;24.1;82.5;14.4;5.5;76.6;0.2510;-0.0047;-0.0750;102.1250;
601.81;0;0;0;0;88;207;52;52;52;52;52;1467;352;964;3.2;24.2;72.5;14.4;5.5;76.6;0.2431;-0.0043;-0.0500;0.0750;
602.06;0;0;0;0;89;207;51;52;52;52;52;1462;352;964;3.2;24.2;71.5;14.4;5.5;76.6;0.2471;-0.0038;-0.1750;0.0250;
602.32;0;0;0;0;89;207;52;52;52;51;52;1461;352;964;3.2;24.7;74.5;14.4;5.5;76.6;0.2588;-0.0008;-0.1500;0.0000;
602.57;0;0;0;0;89;207;51;51;52;51;52;1461;352;964;3.2;24.5;97.5;14.4;5.5;76.6;0.3412;0.0038;-0.1250;0.2750;
602.82;0;0;0;0;89;207;51;52;51;52;52;1457;352;964;3.2;24.5;123.5;14.4;5.5;76.6;0.3451;0.0059;-0.1250;0.7000;
603.07;0;0;0;0;89;207;51;52;52;52;52;1460;352;964;3.2;24.7;137.5;14.4;5.5;76.6;0.3490;0.0070;-0.0250;0.2500;
603.32;0;0;0;0;89;207;52;51;51;52;52;1461;352;964;3.2;24.7;141.5;14.4;5.5;76.6;0.3529;0.0011;0.0000;0.1500;
603.57;0;0;0;0;89;207;52;52;52;52;52;1463;352;964;3.2;24.9;149.5;14.4;5.5;76.6;0.3686;-0.0041;0.0000;0.0000;
603.82;0;0;0;0;89;207;52;51;52;52;52;1466;352;964;3.2;24.9;153.0;14.4;5.5;76.6;0.3647;-0.0064;0.0750;102.0000;
604.07;0;0;0;0;89;207;52;52;52;52;52;1466;352;964;3.2;24.9;153.5;14.4;5.5;76.6;0.3608;-0.0062;0.0500;102.2500;
604.32;0;0;0;0;89;207;52;52;52;52;52;1468;352;964;3.2;24.5;150.0;14.4;5.5;76.6;0.3569;-0.0041;0.0500;102.2750;
604.57;0;0;0;0;89;207;52;52;52;52;52;1472;352;964;3.2;24.7;145.5;14.4;5.5;76.6;0.3490;-0.0028;0.0750;102.2000;
604.82;0;0;0;0;89;207;52;52;52;52;52;1474;352;964;3.2;24.7;137.5;14.4;5.5;76.6;0.3294;-0.0007;0.0750;0.1000;
605.07;0;0;0;0;89;207;52;52;52;52;52;1474;352;964;3.2;24.7;131.0;14.4;5.5;76.6;0.3294;0.0011;0.0000;102.2750;
605.32;0;0;0;0;89;207;52;52;52;52;52;1475;352;964;3.2;24.7;130.0;14.4;5.5;76.6;0.3294;0.0025;-0.0500;102.3250;
605.57;0;0;0;0;89;207;52;52;52;52;52;1472;352;964;3.2;24.5;130.0;14.4;5.5;76.6;0.3333;0.0044;-0.1000;0.0000;
605.82;0;0;0;0;89;207;52;52;52;52;52;1470;352;964;3.2;24.5;132.0;14.4;5.5;76.6;0.3373;0.0052;-0.0750;0.1750;
606.07;0;0;0;0;89;207;52;52;52;52;52;1467;352;964;3.2;24.6;136.5;14.4;5.5;76.6;0.3490;0.0061;-0.1000;102.0750;
606.32;0;0;0;0;89;207;52;51;52;52;52;1466;352;964;3.2;24.6;140.5;14.4;5.5;76.6;0.3569;0.0069;-0.1250;102.2750;
606.57;0;0;0;0;89;207;52;52;52;52;52;1469;352;964;3.2;24.4;151.0;14.4;5.5;76.6;0.3804;0.0074;-0.0250;0.0000;
606.82;0;0;0;0;89;207;52;52;52;52;52;1469;352;964;3.2;24.1;162.5;14.4;5.5;76.6;0.3961;0.0079;0.0000;0.1500;
607.07;0;0;0;0;89;207;52;52;52;52;52;1475;354;964;3.2;24.1;178.0;14.4;5.5;76.6;0.4078;0.0079;0.0750;0.0250;
607.34;0;0;0;0;89;207;52;52;52;52;52;1475;354;964;3.2;24.0;186.0;14.4;5.5;76.6;0.4157;0.0077;0.0750;0.1500;
607.59;0;0;0;0;89;207;52;52;52;52;52;1480;354;964;3.2;23.9;195.5;14.4;5.5;76.6;0.4275;0.0075;0.1250;0.0750;
607.84;0;0;0;0;89;207;52;52;52;52;52;1482;354;964;3.2;23.9;204.0;14.4;5.5;76.6;0.4431;0.0075;0.1500;0.1750;
608.09;0;0;0;0;89;207;53;53;53;53;53;1493;354;964;3.2;23.7;217.5;14.4;5.5;76.6;0.4667;0.0059;0.2250;0.0250;
608.34;0;0;0;0;89;207;53;53;53;53;53;1498;354;964;3.2;23.7;229.0;14.4;5.5;76.6;0.4784;0.0054;0.2250;102.3250;
608.59;0;0;0;0;89;207;53;53;53;53;53;1510;354;964;3.2;23.8;232.5;14.4;5.5;76.6;0.4824;0.0044;0.3250;0.0250;
608.84;0;0;0;0;89;207;54;54;54;54;54;1521;354;964;3.2;23.7;234.0;14.4;5.5;76.6;0.4824;0.0029;0.3750;102.3000;
609.09;0;0;0;0;89;207;54;54;54;54;54;1534;354;964;3.2;23.7;243.0;14.4;5.5;76.6;0.5020;0.0009;0.4250;0.0000;
609.34;0;0;0;0;89;207;54;55;54;54;55;1547;354;964;3.2;23.3;250.5;14.4;5.5;76.6;0.5216;0.0007;0.4750;102.1250;
609.59;0;0;0;0;89;207;55;55;55;55;55;1565;354;964;3.2;23.3;267.5;14.4;5.5;76.6;0.5647;-0.0003;0.5000;102.0000;
609.84;0;0;0;0;89;207;56;56;56;56;56;1577;354;964;3.2;23.3;276.0;14.4;5.5;76.6;0.5804;-0.0008;0.5750;102.0000;
610.09;0;0;0;0;89;207;56;56;56;56;56;1599;354;964;3.2;23.3;283.5;14.4;5.5;76.6;0.5922;-0.0009;0.6000;102.3500;
610.34;0;0;0;0;89;207;57;57;57;57;57;1609;354;964;3.2;23.0;285.0;14.4;5.5;76.6;0.5961;0.0001;0.7000;102.1250;
610.59;0;0;0;0;89;207;58;58;58;58;58;1635;354;964;3.2;22.4;293.5;14.4;5.5;76.6;0.6275;0.0018;0.7000;102.3000;
610.84;0;0;0;0;89;207;59;59;59;59;58;1652;354;964;3.2;22.4;298.5;14.4;5.5;76.6;0.6392;0.0041;0.7500;102.2250;
611.09;0;0;0;0;90;207;59;59;59;59;59;1677;354;964;3.2;22.3;304.0;14.4;5.5;76.6;0.6471;0.0067;0.7500;0.3750;
611.34;0;0;0;0;90;207;60;60;60;60;60;1700;354;964;3.2;22.3;305.5;14.4;5.5;76.6;0.6510;0.0080;0.8250;0.0500;
611.59;0;0;0;0;90;207;61;61;61;61;61;1721;354;964;3.2;22.2;307.5;14.4;5.5;76.6;0.6549;0.0080;0.7750;102.2750;
611.84;0;0;0;0;90;207;62;62;62;62;61;1738;354;964;3.2;21.8;306.5;14.4;5.5;76.6;0.6549;0.0079;0.8250;0.1750;
612.09;0;0;0;0;90;207;62;63;62;62;63;1763;354;964;3.2;21.8;306.5;14.4;5.5;76.6;0.6510;0.0079;0.7500;0.1250;
612.35;0;0;0;0;90;207;63;63;63;63;63;1784;354;962;3.2;21.9;305.0;14.4;5.5;76.6;0.6510;0.0086;0.7750;0.1750;
612.60;0;0;0;0;90;207;64;64;64;64;64;1812;354;964;3.2;21.8;304.5;14.4;5.5;76.6;0.6510;0.0091;0.8250;0.1250;
612.85;0;0;0;0;90;207;65;65;65;65;65;1829;354;962;3.2;21.8;304.0;14.4;5.5;76.6;0.6510;0.0118;0.8000;0.4500;
613.10;0;0;0;0;90;207;65;65;65;65;66;1851;354;962;3.2;21.5;302.0;14.4;5.5;76.6;0.6471;0.0146;0.8500;0.2000;
613.35;0;0;0;0;90;207;66;67;66;66;67;1871;354;962;3.2;21.5;301.0;14.4;5.5;76.6;0.6471;0.0150;0.8500;0.4750;
613.60;0;0;0;0;90;207;67;67;67;67;67;1898;354;962;3.2;21.9;299.0;14.4;5.5;76.6;0.6431;0.0138;0.9250;0.3750;
613.85;0;0;0;0;90;207;68;68;68;68;68;1919;354;962;3.2;21.9;297.5;14.4;5.5;76.6;0.6431;0.0133;0.9250;0.4250;
614.10;0;0;0;0;90;207;69;69;69;69;69;1946;354;962;3.2;22.1;295.5;14.4;5.5;76.6;0.6392;0.0132;0.8750;0.3750;
614.35;0;0;0;0;90;207;70;70;70;70;70;1964;354;962;3.2;22.1;293.5;14.4;5.5;76.6;0.6353;0.0133;0.9000;0.4500;
614.60;0;0;0;0;90;207;70;71;70;70;71;1991;354;962;3.2;22.1;292.0;14.4;5.5;76.6;0.6353;0.0141;0.8750;0.5750;
614.85;0;0;0;0;90;207;71;71;71;72;72;2011;354;962;3.2;22.5;291.5;14.4;5.5;76.6;0.6314;0.0140;0.8500;0.4750;
615.10;0;0;0;0;90;207;72;72;72;72;72;2038;354;962;3.2;22.5;289.0;14.4;5.5;76.6;0.6275;0.0136;0.8500;0.4250;
615.35;0;0;0;0;90;207;72;73;72;72;73;2014;354;962;3.2;22.8;151.5;14.4;5.5;76.6;0.2588;0.0135;0.6000;0.5250;
615.60;1;0;0;0;90;207;72;72;72;72;72;1855;354;962;3.2;23.0;-31.5;14.4;5.5;76.6;0.0000;0.0123;0.0000;0.6000;
615.85;1;0;0;0;90;207;71;71;71;71;71;1656;354;962;3.2;23.0;-32.0;14.4;5.5;76.6;0.0000;0.0097;-0.5000;0.6750;
616.10;0;0;0;0;90;207;71;71;71;71;71;1581;354;962;3.2;24.4;239.5;14.4;5.5;76.6;0.4824;0.0074;-0.5250;0.6750;
616.35;0;0;0;0;90;207;71;72;71;71;72;1620;354;962;3.2;24.4;257.5;14.4;5.5;76.6;0.5725;0.0052;-0.0250;0.2500;
616.60;0;0;0;0;90;207;72;71;72;72;72;1624;354;962;3.2;24.5;278.5;14.4;5.5;76.6;0.5882;0.0054;0.1500;0.0500;
616.85;0;0;0;0;90;207;72;72;72;72;72;1635;354;962;3.2;24.4;280.5;14.4;5.5;76.6;0.5922;0.0056;0.3750;0.0500;
617.10;0;0;0;0;90;207;72;73;72;73;73;1647;354;962;3.2;24.4;279.5;14.4;5.5;76.6;0.5804;0.0070;0.4250;0.0750;
617.37;0;0;0;0;90;207;73;73;73;73;73;1657;354;962;3.2;24.7;277.0;14.4;5.5;76.6;0.5765;0.0074;0.4250;0.1250;
617.62;0;0;0;0;90;207;74;73;73;74;74;1664;354;962;3.2;24.7;276.5;14.4;5.5;76.6;0.5765;0.0079;0.4500;0.1750;
617.87;0;0;0;0;90;207;74;74;74;74;74;1679;354;962;3.2;24.7;276.5;14.4;5.5;76.6;0.5765;0.0086;0.4500;0.2750;
618.12;0;0;0;0;90;207;74;75;74;74;75;1686;354;962;3.2;24.7;275.5;14.4;5.5;76.6;0.5765;0.0092;0.4750;0.3500;
618.37;0;0;0;0;90;207;75;75;75;75;75;1700;354;962;3.2;24.6;274.0;14.4;5.5;76.6;0.5725;0.0100;0.4750;0.3750;
618.62;0;0;0;0;90;207;75;75;75;75;75;1706;354;962;3.2;24.7;274.0;14.4;5.5;76.6;0.5725;0.0107;0.4750;0.3750;
618.87;0;0;0;0;90;207;76;76;76;76;76;1718;354;962;3.2;24.7;273.5;14.4;5.5;76.6;0.5725;0.0107;0.5250;0.3750;
619.12;0;0;0;0;91;207;76;77;76;76;77;1730;354;962;3.2;25.1;273.5;14.4;5.5;76.6;0.5725;0.0151;0.5250;0.6000;
619.37;0;0;0;0;91;207;77;77;77;77;77;1739;354;962;3.2;24.7;274.0;14.4;5.5;76.6;0.5725;0.0159;0.4750;0.7500;
619.62;0;0;0;0;91;207;77;77;77;77;77;1749;354;962;3.2;24.7;271.5;14.4;5.5;76.6;0.5725;0.0159;0.4750;0.4750;
619.87;0;0;0;0;91;207;78;78;78;78;78;1766;354;962;3.2;25.0;271.5;14.4;5.5;76.6;0.5725;0.0159;0.5250;0.6500;
620.12;0;0;0;0;91;207;78;78;78;78;78;1773;354;962;3.2;25.0;271.0;14.4;5.5;76.6;0.5725;0.0157;0.5000;0.7750;
620.37;0;0;0;0;91;207;79;79;79;79;79;1787;354;962;3.2;24.2;269.0;14.4;5.5;76.6;0.5686;0.0140;0.5000;0.6500;
620.62;0;0;0;0;91;207;79;79;79;79;79;1796;354;962;3.2;24.2;269.0;14.4;5.5;76.6;0.5686;0.0135;0.4750;0.5250;
620.87;0;0;0;0;91;207;80;80;80;80;80;1808;354;962;3.2;24.2;268.5;14.4;5.5;76.6;0.5686;0.0135;0.5000;0.4500;
621.12;0;0;0;0;91;207;80;80;80;80;80;1817;354;962;3.2;24.8;267.5;14.4;5.5;76.6;0.5412;0.0135;0.5000;0.5750;
621.37;1;0;0;0;91;207;80;80;80;80;80;1732;354;962;3.2;24.9;-31.5;14.4;5.5;76.6;0.0000;0.0102;0.1250;0.4750;
621.62;1;0;0;0;91;207;80;80;79;80;80;1559;354;962;3.2;24.9;-29.5;14.4;5.5;76.6;0.0000;0.0082;-0.2000;0.3750;
621.87;0;0;0;0;91;207;79;80;79;79;80;1460;354;962;3.2;25.6;215.5;14.4;5.5;76.6;0.5137;0.0080;-0.4000;0.3500;
622.12;0;0;0;0;91;207;79;80;79;80;80;1480;354;962;3.2;25.6;265.5;14.4;5.5;76.6;0.6078;0.0091;-0.1500;0.2500;
622.39;0;0;0;0;91;207;80;80;80;80;80;1487;354;962;3.2;25.8;278.0;14.4;5.5;76.6;0.6431;0.0093;0.0000;0.3500;
622.64;0;0;0;0;91;207;80;80;80;80;80;1485;354;962;3.2;25.8;286.0;14.4;5.5;76.6;0.6275;0.0093;0.1250;0.2500;
622.89;0;0;0;0;91;207;80;81;80;80;81;1493;354;962;3.2;25.9;296.0;14.4;5.5;76.6;0.6157;0.0028;0.2500;0.0500;
623.14;0;0;0;0;91;207;81;81;81;81;81;1502;354;962;3.2;25.9;298.0;14.4;5.5;76.6;0.6078;0.0026;0.3500;0.0750;
623.39;0;0;0;0;91;207;81;81;81;81;81;1502;354;962;3.2;25.8;285.0;14.4;5.5;76.6;0.5725;0.0028;0.3500;0.0250;
623.64;0;0;0;0;91;207;82;82;82;82;82;1515;354;962;3.2;26.0;275.5;14.4;5.5;76.6;0.5569;0.0029;0.4000;0.0750;
623.89;0;0;0;0;91;207;82;82;82;82;82;1524;354;962;3.2;26.0;268.5;14.4;5.5;76.6;0.5412;0.0057;0.4250;102.3250;
624.14;0;0;0;0;92;207;82;83;82;82;83;1530;354;962;3.2;25.6;261.0;14.4;5.5;76.6;0.5176;0.0118;0.4000;0.5000;
624.39;0;0;0;0;92;207;82;83;82;83;83;1536;354;962;3.2;25.4;247.0;14.4;5.5;76.6;0.4863;0.0145;0.3750;0.5750;
624.64;0;0;0;0;92;207;83;83;83;83;83;1537;354;962;3.2;25.4;219.5;14.4;5.5;76.6;0.4353;0.0146;0.2500;0.8250;
624.89;0;0;0;0;92;207;83;83;83;83;83;1542;354;962;3.2;25.9;183.5;14.4;5.5;76.6;0.4039;0.0145;0.2000;0.7750;
625.14;0;0;0;0;92;207;83;83;83;83;83;1543;354;962;3.2;25.9;178.5;14.4;5.5;76.6;0.4000;0.0162;0.1000;1.0750;
625.39;0;0;0;0;92;207;83;84;83;83;83;1547;354;962;3.2;26.1;177.5;14.4;5.5;76.6;0.4000;0.0170;0.1000;0.7750;
625.64;0;0;0;0;92;207;83;83;83;83;83;1546;354;962;3.2;26.3;179.5;14.4;5.5;76.6;0.4039;0.0170;0.0250;1.0750;
625.89;0;0;0;0;92;207;83;84;83;83;84;1547;354;962;3.2;26.3;189.0;14.4;5.5;76.6;0.4196;0.0172;0.0500;1.0000;
626.14;0;0;0;0;92;207;83;84;83;84;84;1551;354;962;3.2;26.1;190.5;14.4;5.5;76.6;0.4196;0.0222;0.0500;1.1750;
626.39;0;0;0;0;92;207;83;84;83;84;84;1552;354;962;3.2;26.1;195.0;14.4;5.5;76.6;0.4275;0.0241;0.0250;1.7000;
626.64;0;0;0;0;92;207;83;84;84;84;84;1562;354;962;3.2;26.6;218.0;14.4;5.5;76.6;0.4784;0.0232;0.1250;1.6500;
626.89;0;0;0;0;92;207;83;84;84;84;84;1559;354;962;3.2;26.6;230.5;14.4;5.5;76.6;0.4784;0.0232;0.1250;1.3750;
627.14;0;0;0;0;92;207;84;84;84;84;84;1564;354;962;3.2;27.5;230.0;14.4;5.5;76.6;0.4745;0.0242;0.1000;1.3750;
627.40;0;0;0;0;92;207;84;84;84;84;84;1565;354;962;3.2;27.7;226.0;14.4;5.5;76.6;0.4667;0.0238;0.1000;1.4750;
627.65;0;0;0;0;92;207;84;85;84;85;85;1566;354;962;3.2;27.7;225.0;14.4;5.5;76.6;0.4667;0.0232;0.2250;1.3250;
627.90;0;0;0;0;92;207;84;85;84;85;85;1572;354;962;3.2;28.5;222.5;14.4;5.5;76.6;0.4588;0.0242;0.2000;1.3000;
628.15;0;0;0;0;92;207;84;85;85;85;85;1574;354;962;3.2;28.5;212.5;14.4;5.5;76.6;0.4510;0.0249;0.1250;1.5000;
628.40;0;0;0;0;92;207;85;85;85;85;85;1577;354;962;3.2;29.4;203.0;14.4;5.5;76.6;0.4275;0.0247;0.1250;1.4250;
628.65;0;0;0;0;92;207;85;85;85;85;85;1575;354;962;3.2;29.9;177.5;14.4;5.5;76.6;0.3961;0.0232;0.1250;1.2000;
628.90;0;0;0;0;92;207;85;85;85;85;85;1580;354;962;3.2;29.9;170.0;14.4;5.5;76.6;0.3843;0.0154;0.0500;1.1000;
629.15;0;0;0;0;92;207;85;85;85;85;85;1579;354;962;3.2;30.1;162.5;14.4;5.5;76.6;0.3804;0.0123;0.0500;0.6500;
629.40;0;0;0;0;92;207;85;85;85;85;85;1580;354;962;3.2;30.1;160.0;14.4;5.5;76.6;0.3725;0.0123;-0.0250;0.5750;
629.65;0;0;0;0;92;207;85;85;85;85;85;1581;354;962;3.2;30.1;150.0;14.4;5.5;76.6;0.3608;0.0123;-0.0500;0.2750;
629.90;0;0;0;0;92;207;85;85;85;85;85;1583;354;962;3.2;29.8;146.5;14.4;5.5;76.6;0.3569;0.0150;0.0250;0.7750;
630.15;0;0;0;0;92;207;85;85;85;85;85;1581;354;962;3.2;29.8;142.5;14.4;5.5;76.6;0.3490;0.0150;-0.0500;0.6750;
630.40;0;0;0;0;92;207;85;85;85;85;85;1577;354;962;3.2;29.9;136.5;14.4;5.5;76.6;0.3412;0.0150;-0.1250;0.6750;
630.65;0;0;0;0;92;207;85;85;85;85;85;1575;354;962;3.2;29.9;133.0;14.4;5.5;76.6;0.3373;0.0145;-0.1000;0.5500;
630.90;0;0;0;0;92;207;85;85;85;85;85;1577;354;962;3.2;29.9;130.5;14.4;5.5;76.6;0.3373;0.0138;-0.1250;0.6500;
631.15;0;0;0;0;92;207;84;84;85;85;85;1573;354;962;3.2;29.9;130.5;14.4;5.5;76.6;0.3333;0.0136;-0.1000;0.9750;
631.40;0;0;0;0;92;207;84;85;85;85;85;1572;354;962;3.2;29.2;132.0;14.4;5.5;76.6;0.3373;0.0145;-0.1000;0.3750;
631.65;0;0;0;0;92;207;84;85;84;85;84;1562;354;962;3.2;29.2;135.0;14.4;5.5;76.6;0.3412;0.0158;-0.2000;102.3500;
631.90;0;0;0;0;92;207;85;85;84;84;85;1569;354;962;3.2;29.2;134.0;14.4;5.5;76.6;0.3451;0.0166;0.0250;0.7750;
632.15;0;0;0;0;92;207;84;85;84;84;84;1564;354;962;3.2;29.2;137.5;14.4;5.5;76.6;0.3412;0.0163;-0.1500;0.4000;
632.41;0;0;0;0;92;207;84;84;84;84;84;1564;354;962;3.2;28.6;138.5;14.4;5.5;76.6;0.3451;0.0159;-0.1750;0.7500;
632.66;0;0;0;0;92;207;84;84;84;84;84;1567;354;962;3.2;28.6;138.0;14.4;5.5;76.6;0.3451;0.0157;-0.0750;0.5000;
632.91;0;0;0;0;92;207;84;84;84;84;84;1564;354;962;3.2;28.4;139.0;14.4;5.5;76.6;0.3490;0.0123;-0.0500;0.6500;
633.16;0;0;0;0;92;207;84;84;84;84;84;1560;354;962;3.2;28.4;139.5;14.4;5.5;76.6;0.3451;0.0067;-0.1250;0.2250;
633.41;0;0;0;0;92;207;84;84;84;84;84;1560;354;962;3.2;28.4;139.5;14.4;5.5;76.6;0.3451;0.0036;-0.1250;102.3000;
633.66;0;0;0;0;92;207;84;84;84;84;84;1559;354;962;3.2;27.8;140.0;14.4;5.5;76.6;0.3490;0.0031;-0.1250;0.0750;
633.91;0;0;0;0;92;207;84;84;84;84;84;1558;354;962;3.2;27.8;140.0;14.4;5.5;76.6;0.3490;0.0054;-0.0750;102.2000;
634.16;0;0;0;0;92;207;84;84;84;84;84;1556;354;962;3.2;27.7;139.0;14.4;5.5;76.6;0.3451;0.0054;-0.1250;102.3750;
634.41;0;0;0;0;92;207;84;84;84;84;84;1555;354;962;3.2;27.6;139.5;14.4;5.5;76.6;0.3451;0.0054;-0.0500;0.0250;
634.66;0;0;0;0;93;207;84;84;84;84;84;1558;354;962;3.2;27.6;139.5;14.4;5.5;76.6;0.3451;0.0054;-0.0750;102.3750;
634.91;0;0;0;0;93;207;84;84;84;84;84;1555;354;960;3.2;27.6;140.0;14.4;5.5;76.6;0.3451;0.0018;-0.0250;0.0000;
635.16;0;0;0;0;93;207;83;83;84;84;84;1555;354;962;3.2;26.9;139.0;14.4;5.5;76.6;0.3451;-0.0009;-0.1000;102.0750;
635.41;0;0;0;0;93;207;83;84;84;84;84;1555;354;962;3.2;26.8;138.5;14.4;5.5;76.6;0.3412;-0.0025;-0.0750;102.0250;
635.66;0;0;0;0;93;207;83;84;83;84;84;1552;354;960;3.2;26.8;138.0;14.4;5.5;76.6;0.3412;-0.0031;-0.0750;102.0000;
635.91;0;0;0;0;93;207;84;84;84;83;84;1553;354;962;3.2;26.4;137.0;14.4;5.5;76.6;0.3412;-0.0041;-0.0500;101.6000;
636.16;0;0;0;0;93;207;83;84;84;84;84;1551;354;960;3.2;26.4;137.5;14.4;5.5;76.6;0.3412;-0.0041;-0.0500;101.8750;
636.41;0;0;0;0;93;207;83;83;84;83;84;1554;354;962;3.2;25.6;135.5;14.4;5.5;76.6;0.3412;-0.0038;-0.0750;101.8500;
636.66;0;0;0;0;93;207;83;83;83;83;84;1547;354;960;3.2;25.4;136.0;14.4;5.5;76.6;0.3412;-0.0036;-0.1000;101.9000;
636.91;0;0;0;0;93;207;83;83;83;83;83;1552;354;960;3.2;25.4;134.0;14.4;5.5;76.6;0.3412;-0.0034;-0.1000;101.8000;
637.16;0;0;0;0;93;207;83;83;83;83;83;1549;354;960;3.2;25.0;135.0;14.4;5.5;76.6;0.3412;-0.0033;-0.1250;102.2750;
637.42;0;0;0;0;93;207;83;83;83;83;83;1547;354;960;3.2;24.2;135.5;14.4;5.5;76.6;0.3412;-0.0021;-0.0750;101.9500;
637.67;0;0;0;0;93;207;83;83;83;83;83;1545;354;960;3.2;24.2;135.5;14.4;5.5;76.6;0.3412;-0.0014;-0.1000;101.9500;
637.92;0;0;0;0;93;207;83;83;83;83;83;1547;354;960;3.2;24.2;135.0;14.4;5.5;76.6;0.3412;0.0046;-0.0750;102.3000;
638.17;0;0;0;0;93;207;83;83;83;83;83;1543;354;960;3.2;24.5;135.5;14.4;5.5;76.6;0.3412;0.0074;-0.1000;0.0000;
638.42;0;0;0;0;93;207;83;83;83;83;83;1541;354;960;3.2;24.5;135.5;14.4;5.5;76.6;0.3412;0.0100;-0.1250;0.3750;
638.67;0;0;0;0;93;207;83;83;83;83;83;1539;354;960;3.2;24.3;137.0;14.4;5.5;76.6;0.3451;0.0125;-0.1000;0.3500;
638.92;0;0;0;0;93;207;82;83;83;83;83;1539;354;960;3.2;24.3;140.0;14.4;5.5;76.6;0.3490;0.0117;-0.1000;0.5750;
639.17;0;0;0;0;93;207;82;83;82;83;83;1536;354;960;3.2;24.7;142.0;14.4;5.5;76.6;0.3490;0.0102;-0.1250;0.3250;
639.42;0;0;0;0;93;207;82;83;82;83;83;1533;354;960;3.2;24.7;142.5;14.4;5.5;76.6;0.3529;0.0086;-0.1250;0.3250;
639.67;0;0;0;0;93;207;82;82;82;82;83;1534;354;960;3.2;25.1;144.5;14.4;5.5;76.6;0.3569;0.0091;-0.0750;0.2000;
639.92;0;0;0;0;93;207;82;83;82;82;83;1532;354;960;3.2;25.1;149.0;14.4;5.5;76.6;0.3882;0.0123;-0.1250;0.2000;
640.17;0;0;0;0;93;207;82;83;82;82;83;1534;354;960;3.2;25.1;187.5;14.4;5.5;76.6;0.4275;0.0157;0.0000;0.6000;
640.42;0;0;0;0;93;207;82;83;82;83;83;1537;354;960;3.2;25.5;202.0;14.4;5.5;76.6;0.4431;0.0189;-0.0250;1.0250;
640.67;0;0;0;0;93;207;82;83;82;83;83;1534;354;960;3.2;25.5;209.0;14.4;5.5;76.6;0.4471;0.0199;-0.0500;1.2000;
640.92;0;0;0;0;93;207;82;83;82;83;83;1537;354;960;3.2;26.1;209.0;14.4;5.5;76.6;0.4471;0.0202;0.0250;0.9250;
641.17;0;0;0;0;93;207;82;83;83;83;83;1542;354;960;3.2;26.9;215.0;14.4;5.5;76.6;0.4588;0.0202;0.0750;1.0000;
641.42;0;0;0;0;93;207;83;83;83;83;83;1542;354;960;3.2;26.9;219.5;14.4;5.5;76.6;0.4627;0.0202;0.1000;1.1250;
641.67;0;0;0;0;93;207;83;83;83;83;83;1542;354;960;3.2;27.1;222.0;14.4;5.5;76.6;0.4627;0.0204;0.0750;1.2000;
641.92;0;0;0;0;93;207;83;84;83;83;83;1549;354;960;3.2;27.1;220.0;14.4;5.5;76.6;0.4627;0.0207;0.1250;1.2000;
642.17;0;0;0;0;93;207;83;84;83;84;84;1553;352;960;3.2;27.8;220.5;14.4;5.5;76.6;0.4627;0.0193;0.2000;1.3000;
642.44;0;0;0;0;93;207;84;84;84;84;84;1554;352;960;3.2;28.6;220.0;14.4;5.5;76.6;0.4588;0.0166;0.2500;1.2250;
642.69;0;0;0;0;93;207;84;84;84;84;84;1556;352;960;3.2;28.6;218.5;14.4;5.5;76.6;0.4588;0.0125;0.1000;0.7250;
642.94;0;0;0;0;93;207;84;84;84;84;84;1562;352;960;3.2;28.5;215.0;14.4;5.5;76.6;0.4510;0.0025;0.1500;0.1750;
643.19;0;0;0;0;93;207;84;84;84;84;84;1566;352;960;3.2;28.5;213.5;14.4;5.5;76.6;0.4510;-0.0001;0.1750;102.3250;
643.44;0;0;0;0;93;207;84;84;84;84;85;1566;352;960;3.2;28.4;209.5;14.4;5.5;76.6;0.4471;-0.0009;0.1250;0.1250;
643.69;0;0;0;0;93;207;85;85;84;85;85;1569;352;960;3.2;28.4;207.5;14.4;5.5;76.6;0.4431;-0.0031;0.1500;0.1750;
643.94;0;0;0;0;93;207;85;85;85;85;85;1575;352;960;3.2;28.2;206.0;14.4;5.5;76.6;0.4392;-0.0092;0.1750;102.1750;
644.19;0;0;0;0;93;207;85;85;85;85;85;1578;352;960;3.2;28.0;204.0;14.4;5.5;76.6;0.4392;-0.0120;0.1500;101.9000;
644.44;0;0;0;0;93;207;85;85;85;85;85;1580;352;960;3.2;28.0;201.5;14.4;5.5;76.6;0.4314;-0.0135;0.1750;101.9000;
644.69;0;0;0;0;93;207;85;85;85;85;85;1582;352;960;3.2;27.7;189.5;14.4;5.5;76.6;0.4118;-0.0170;0.1250;101.5250;
644.94;0;0;0;0;93;207;86;85;86;85;86;1587;352;960;3.2;27.7;185.0;14.4;5.5;76.6;0.4118;-0.0166;0.2000;101.5000;
645.19;0;0;0;0;93;207;86;86;86;86;86;1593;352;960;3.2;26.6;183.0;14.4;5.5;76.6;0.4078;-0.0151;0.2250;101.5250;
645.44;0;0;0;0;93;207;86;85;86;86;86;1593;352;960;3.2;25.6;174.5;14.4;5.5;76.6;0.3843;-0.0153;0.1750;101.6500;
645.69;0;0;0;0;93;207;86;86;86;86;86;1601;352;960;3.2;25.6;166.0;14.4;5.5;76.6;0.3843;-0.0157;0.2000;101.4250;
645.94;0;0;0;0;93;207;86;86;86;86;86;1600;352;960;3.2;25.5;164.0;14.4;5.5;76.6;0.3765;-0.0163;0.1750;101.2750;
646.19;0;0;0;0;93;207;86;86;86;86;87;1599;352;960;3.2;24.5;132.5;14.4;5.5;76.6;0.3098;-0.0164;0.1250;101.3000;
646.44;0;0;0;0;93;207;87;86;87;86;87;1602;352;960;3.2;24.5;102.0;14.4;5.5;76.6;0.2863;-0.0206;0.1250;100.8500;
646.69;0;0;0;0;93;207;87;86;87;86;87;1608;352;960;3.2;23.2;95.0;14.4;5.5;76.6;0.2824;-0.0229;0.1000;100.9250;
646.94;0;0;0;0;93;207;87;86;87;87;87;1612;352;960;3.2;23.2;95.5;14.4;5.5;76.6;0.2863;-0.0229;0.1000;100.8750;
647.19;0;0;0;0;93;207;87;87;87;87;87;1616;352;960;3.2;22.6;99.0;14.4;5.5;76.6;0.2941;-0.0229;0.1000;100.7250;
647.45;0;0;0;0;93;207;87;87;87;87;87;1619;352;960;3.2;22.6;103.0;14.4;5.5;76.6;0.2980;-0.0238;0.1500;100.9000;
647.70;0;0;0;0;93;207;87;87;87;87;87;1622;352;960;3.2;22.1;105.5;14.4;5.5;76.6;0.3020;-0.0217;0.1250;100.5500;
647.95;0;0;0;0;93;207;88;87;88;87;88;1631;352;960;3.2;22.1;114.0;14.4;5.5;76.6;0.3333;-0.0151;0.1750;101.3750;
648.20;0;0;0;0;93;207;88;88;88;88;88;1632;352;960;3.2;21.6;126.0;14.4;5.5;76.6;0.3373;-0.0109;0.2250;101.9750;
648.45;0;0;0;0;93;207;88;88;88;88;88;1638;352;960;3.2;21.4;131.0;14.4;5.5;76.6;0.3373;-0.0067;0.3500;102.0500;
648.70;0;0;0;0;93;207;89;89;89;88;89;1646;352;960;3.2;21.4;131.5;14.4;5.5;76.6;0.3373;-0.0039;0.3500;102.2750;
648.95;0;0;0;0;93;207;89;89;89;89;89;1647;352;960;3.2;21.8;131.0;14.4;5.5;76.6;0.3333;-0.0059;0.2750;102.2250;
649.20;0;0;0;0;93;207;89;89;89;89;89;1656;352;960;3.2;22.4;127.0;14.4;5.5;76.6;0.3294;-0.0099;0.3250;101.7500;
649.45;0;0;0;0;93;207;90;89;89;89;90;1659;352;960;3.2;22.4;125.5;14.4;5.5;76.6;0.3255;-0.0088;0.2500;102.2250;
649.70;0;0;0;0;93;207;90;89;90;90;90;1666;352;960;3.2;22.5;124.5;14.4;5.5;76.6;0.3255;-0.0069;0.2750;101.8250;
649.95;0;0;0;0;93;207;90;90;90;90;90;1668;352;960;3.2;22.5;124.5;14.4;5.5;76.6;0.3255;-0.0064;0.2500;102.2000;
650.20;0;0;0;0;93;207;90;90;90;90;90;1674;352;960;3.2;22.5;123.5;14.4;5.5;76.6;0.3255;-0.0062;0.1750;101.9500;
650.45;0;0;0;0;93;207;91;90;90;90;91;1681;352;960;3.2;23.1;124.5;14.4;5.5;76.6;0.3255;-0.0064;0.2750;102.0000;
650.70;0;0;0;0;93;207;91;91;91;91;91;1685;352;960;3.2;23.1;123.5;14.4;5.5;76.6;0.3255;-0.0080;0.2250;102.1500;
650.95;0;0;0;0;93;207;91;91;91;91;91;1688;352;960;3.2;23.2;122.0;14.4;5.5;76.6;0.3216;-0.0099;0.2000;101.8000;
651.20;0;0;0;0;93;207;91;91;91;91;91;1694;352;960;3.2;23.5;121.5;14.4;5.5;76.6;0.3216;-0.0123;0.2250;101.9000;
651.45;0;0;0;0;93;207;91;91;91;91;92;1693;352;960;3.2;23.5;122.0;14.4;5.5;76.6;0.3216;-0.0130;0.1750;101.5250;
651.70;0;0;0;0;93;207;92;92;92;92;92;1700;352;960;3.2;23.5;122.0;14.4;5.5;76.6;0.3255;-0.0158;0.2250;101.2750;
651.95;0;0;0;0;93;207;92;92;92;92;92;1701;352;960;3.2;23.9;122.0;14.4;5.5;76.6;0.3255;-0.0201;0.1000;100.9750;
652.20;0;0;0;0;93;207;92;91;92;91;92;1702;352;960;3.2;23.8;123.5;14.4;5.5;76.6;0.3255;-0.0191;0.0500;101.2500;
652.46;0;0;0;0;93;207;92;92;92;92;92;1703;352;960;3.2;23.8;125.5;14.4;5.5;76.6;0.3294;-0.0184;0.0250;101.1500;
652.71;0;0;0;0;93;207;92;92;92;92;92;1702;352;960;3.2;23.9;126.5;14.4;5.5;76.6;0.3294;-0.0172;0.0250;101.2750;
652.96;0;0;0;0;93;207;92;92;92;92;92;1701;352;960;3.2;23.5;127.0;14.4;5.5;76.6;0.3294;-0.0157;-0.0250;101.5000;
653.21;0;0;0;0;93;207;92;92;92;92;92;1703;352;960;3.2;23.5;126.5;14.4;5.5;76.6;0.3294;-0.0151;0.0000;101.4000;
653.46;0;0;0;0;93;207;92;92;92;92;92;1705;352;960;3.2;23.0;129.0;14.4;5.5;76.6;0.3373;-0.0132;0.0000;102.0000;
653.71;0;0;0;0;93;207;92;91;92;92;92;1704;352;960;3.2;23.0;133.0;14.4;5.5;76.6;0.3569;-0.0041;0.0000;101.9750;
653.96;0;0;0;0;93;207;92;92;92;91;92;1711;352;960;3.2;23.2;196.0;14.4;5.5;76.6;0.4667;-0.0029;0.0000;102.3250;
654.21;0;0;0;0;93;207;91;92;92;92;92;1704;352;960;3.2;23.4;240.0;14.4;5.5;76.6;0.5216;0.0022;-0.0750;0.0500;
654.46;0;0;0;0;93;207;92;92;92;92;92;1711;352;960;3.2;23.4;271.0;14.4;5.5;76.6;0.5882;0.0025;0.0500;0.1000;
654.71;0;0;0;0;93;207;92;92;92;92;92;1713;352;960;3.2;23.2;285.0;14.4;5.5;76.6;0.6078;0.0066;0.0750;0.2750;
654.96;0;0;0;0;93;207;92;92;92;92;93;1716;352;960;3.2;23.5;289.0;14.4;5.5;76.6;0.6078;0.0074;0.1750;0.3750;
655.21;0;0;0;0;93;207;93;93;93;93;93;1720;352;960;3.2;23.5;284.5;14.4;5.5;76.6;0.5961;0.0072;0.2000;0.4000;
655.46;0;0;0;0;93;207;93;93;93;93;93;1727;352;960;3.2;23.8;284.0;14.4;5.5;76.6;0.6000;0.0072;0.2500;0.5500;
655.71;0;0;0;0;93;207;93;93;93;93;93;1726;352;960;3.2;23.8;284.0;14.4;5.5;76.6;0.5961;0.0044;0.1500;102.3500;
655.96;0;0;0;0;93;207;93;93;93;93;93;1735;352;960;3.2;23.9;283.0;14.4;5.5;76.6;0.6000;0.0022;0.1500;0.1000;
656.21;0;0;0;0;93;207;93;94;93;93;94;1738;352;960;3.2;23.9;282.5;14.4;5.5;76.6;0.5961;-0.0009;0.2000;102.0000;
656.46;0;0;0;0;93;207;93;93;94;94;94;1738;352;960;3.2;24.1;281.5;14.4;5.5;76.6;0.5961;-0.0034;0.1500;102.0750;
656.71;0;0;0;0;93;207;94;94;94;94;94;1743;352;960;3.2;24.1;281.5;14.4;5.5;76.6;0.5961;-0.0049;0.1500;101.8000;
656.96;0;0;0;0;93;207;94;93;94;94;94;1740;352;960;3.2;24.3;281.5;14.4;5.5;76.6;0.5922;-0.0049;0.0250;101.9250;
657.21;0;0;0;0;93;207;94;94;94;94;94;1741;352;960;3.2;24.1;282.5;14.4;5.5;76.6;0.5922;-0.0049;0.0750;101.8500;
657.48;0;0;0;0;93;207;94;94;94;94;94;1745;352;960;3.2;24.1;281.5;14.4;5.5;76.6;0.5961;-0.0047;0.0750;101.9000;
657.73;0;0;0;0;93;207;94;94;94;94;94;1745;352;960;3.2;24.3;283.5;14.4;5.5;76.6;0.6000;0.0009;0.0500;102.0750;
657.98;0;0;0;0;93;207;94;94;94;94;94;1749;352;960;3.2;24.2;286.5;14.4;5.5;76.6;0.6118;0.0041;0.0000;0.0750;
658.23;0;0;0;0;93;207;93;94;94;94;94;1742;352;960;3.2;24.2;292.0;14.4;5.5;76.6;0.6235;0.0082;-0.1250;0.0500;
658.48;0;0;0;0;93;207;93;94;94;94;94;1741;352;960;3.2;23.8;292.5;14.4;5.5;76.6;0.6235;0.0086;-0.0750;102.3750;
658.73;0;0;0;0;93;207;94;94;94;94;94;1743;352;960;3.2;23.8;290.5;14.4;5.5;76.6;0.6118;0.0100;-0.1000;0.2750;
658.98;0;0;0;0;93;207;93;94;93;94;94;1738;352;960;3.2;24.0;289.0;14.4;5.5;76.6;0.6078;0.0123;-0.0750;0.5250;
659.23;0;0;0;0;93;207;94;93;93;94;94;1734;352;960;3.2;24.0;287.5;14.4;5.5;76.6;0.6039;0.0130;-0.1000;0.4250;
659.48;0;0;0;0;93;207;93;93;93;93;94;1731;352;960;3.2;24.0;286.0;14.4;5.5;76.6;0.6039;0.0136;-0.2250;0.5250;
659.73;0;0;0;0;93;207;93;93;93;93;93;1730;352;960;3.2;23.9;285.5;14.4;5.5;76.6;0.6039;0.0138;-0.2250;0.4500;
659.98;0;0;0;0;93;207;93;93;93;93;93;1729;352;960;3.2;23.9;285.5;14.4;5.5;76.6;0.6039;0.0145;-0.1250;0.7000;
660.23;0;0;0;0;93;207;93;93;93;93;93;1726;352;960;3.2;24.1;283.5;14.4;5.5;76.6;0.5961;0.0128;-0.1500;0.6000;
660.48;0;0;0;0;93;207;92;93;93;93;93;1722;352;960;3.2;24.1;283.0;14.4;5.5;76.6;0.5961;0.0114;-0.1750;0.4250;
660.73;0;0;0;0;93;207;92;93;92;93;93;1723;352;960;3.2;24.6;282.0;14.4;5.5;76.6;0.5922;0.0082;-0.1750;0.4000;
660.98;0;0;0;0;93;207;92;92;92;92;93;1714;352;960;3.2;24.6;282.0;14.4;5.5;76.6;0.5922;0.0036;-0.2000;0.2000;
661.23;0;0;0;0;93;207;92;92;92;92;92;1714;352;960;3.2;24.6;282.0;14.4;5.5;76.6;0.5922;0.0026;-0.2000;0.0500;
661.48;0;0;0;0;93;207;92;92;92;92;92;1706;352;960;3.2;25.1;277.5;14.4;5.5;76.6;0.5765;0.0003;-0.2500;102.3000;
661.73;0;0;0;0;93;207;92;92;92;92;92;1705;352;960;3.2;25.1;274.0;14.4;5.5;76.6;0.5725;-0.0016;-0.1750;102.3000;
661.98;0;0;0;0;93;207;92;92;92;92;92;1701;352;960;3.2;24.9;274.5;14.4;5.5;76.6;0.5686;-0.0014;-0.1750;101.8750;
662.23;0;0;0;0;93;207;91;91;91;91;92;1699;352;960;3.2;25.0;270.0;14.4;5.5;76.6;0.5647;-0.0014;-0.2000;102.3000;
662.49;0;0;0;0;93;207;91;91;91;91;92;1695;352;960;3.2;25.0;268.0;14.4;5.5;76.6;0.5569;-0.0014;-0.2000;102.3000;
662.74;0;0;0;0;93;207;91;91;91;91;91;1690;352;960;3.2;25.1;268.5;14.4;5.5;76.6;0.5569;-0.0018;-0.2500;102.1500;
662.99;0;0;0;0;93;207;91;91;91;91;91;1686;352;960;3.2;24.8;261.0;14.4;5.5;76.6;0.5373;-0.0011;-0.2750;102.1250;
663.24;0;0;0;0;93;207;91;91;91;91;91;1685;352;960;3.2;24.8;259.5;14.4;5.5;76.6;0.5373;-0.0011;-0.2500;0.0250;
663.49;0;0;0;0;93;207;90;90;90;90;91;1681;352;958;3.2;24.6;260.5;14.4;5.5;76.6;0.5373;-0.0033;-0.2000;102.2000;
663.74;0;0;0;0;93;207;90;90;90;90;91;1677;352;958;3.2;24.6;262.0;14.4;5.5;76.6;0.5412;-0.0102;-0.2500;102.0250;
663.99;0;0;0;0;94;207;90;90;90;90;90;1676;352;958;3.2;24.5;263.0;14.4;5.5;76.6;0.5451;-0.0141;-0.2000;101.3750;
664.24;0;0;0;0;94;207;90;90;90;90;90;1670;352;958;3.2;24.5;266.0;14.4;5.5;76.6;0.5569;-0.0166;-0.1750;101.4000;
664.49;0;0;0;0;94;207;90;90;90;90;90;1674;352;958;3.2;23.8;272.5;14.4;5.5;76.6;0.5765;-0.0186;-0.1250;101.0000;
664.74;0;0;0;0;94;207;90;89;90;90;90;1665;352;958;3.2;23.8;284.0;14.4;5.5;76.6;0.6078;-0.0238;-0.1750;100.5750;
664.99;0;0;0;0;94;207;90;89;90;90;90;1664;352;958;3.2;23.0;293.5;14.4;5.5;76.6;0.6157;-0.0247;-0.2000;100.6750;
665.24;0;0;0;0;94;207;90;89;90;89;90;1661;352;958;3.2;22.6;293.5;14.4;5.5;76.6;0.6157;-0.0275;-0.1000;100.4000;
665.49;0;0;0;0;94;207;90;89;90;89;90;1663;352;958;3.2;22.6;295.5;14.4;5.5;76.6;0.6235;-0.0272;-0.1000;100.4750;
665.74;0;0;0;0;94;207;89;89;89;89;90;1660;352;958;3.2;21.5;296.5;14.4;5.5;76.6;0.6275;-0.0255;-0.1250;100.9750;
665.99;0;0;0;0;94;207;89;89;89;89;89;1656;352;958;3.2;21.2;299.0;14.4;5.5;76.6;0.6275;-0.0246;-0.1500;101.3250;
666.24;0;0;0;0;94;207;89;88;89;89;89;1654;352;958;3.2;21.2;298.5;14.4;5.5;76.6;0.6275;-0.0257;-0.1500;100.4000;
666.49;0;0;0;0;94;207;89;89;89;89;89;1652;352;958;3.2;20.8;297.0;14.4;5.5;76.6;0.6275;-0.0247;-0.1000;100.7750;
666.74;0;0;0;0;94;207;89;89;89;89;89;1653;352;958;3.2;20.8;296.5;14.4;5.5;76.6;0.6235;-0.0193;-0.1250;100.7250;
666.99;0;0;0;0;94;207;89;89;89;89;89;1647;352;958;3.2;20.0;293.0;14.4;5.5;76.6;0.6118;-0.0172;-0.1250;101.3750;
667.24;0;0;0;0;94;207;89;89;89;89;89;1649;352;958;3.2;19.7;291.0;14.4;5.5;76.6;0.6118;-0.0162;-0.1250;101.5500;
667.50;0;0;0;0;94;207;89;88;89;89;89;1648;352;958;3.2;19.7;290.5;14.4;5.5;76.6;0.6078;-0.0141;-0.1500;101.6250;
667.75;0;0;0;0;94;207;88;88;88;88;89;1643;352;958;3.2;19.7;288.5;14.4;5.5;76.6;0.6039;-0.0136;-0.1500;101.6500;
668.00;0;0;0;0;94;207;88;88;88;88;88;1641;352;958;3.2;19.0;285.0;14.4;5.5;76.6;0.5882;-0.0132;-0.1500;101.8000;
668.25;0;0;0;0;94;207;88;88;88;88;88;1639;352;956;3.2;19.0;273.5;14.4;5.5;76.6;0.5647;-0.0132;-0.1000;101.7250;
668.50;0;0;0;0;94;207;88;88;88;88;88;1636;352;956;3.2;19.0;269.0;14.4;5.5;76.6;0.5451;-0.0140;-0.1250;101.8500;
668.75;0;0;0;0;94;207;88;88;88;88;88;1631;352;956;3.2;19.3;244.0;14.4;5.5;76.6;0.4784;-0.0170;-0.1250;101.5750;
669.00;0;0;0;0;94;207;88;87;88;87;88;1627;352;956;3.2;19.6;206.5;14.4;5.5;76.6;0.4314;-0.0206;-0.2500;101.1750;
669.25;0;0;0;0;94;207;87;87;87;87;87;1618;352;956;3.2;19.6;178.0;14.4;5.5;76.6;0.3882;-0.0236;-0.3750;100.8750;
669.50;0;0;0;0;94;207;87;87;87;87;87;1610;352;956;3.2;19.3;161.5;14.4;5.5;76.6;0.3725;-0.0277;-0.4250;100.8000;
669.75;0;0;0;0;94;207;87;86;87;86;87;1593;352;956;3.2;19.3;123.0;14.4;5.5;76.6;0.2863;-0.0304;-0.4500;100.3750;
670.00;0;0;0;0;94;207;86;85;86;85;86;1570;352;956;3.2;19.9;-2.0;14.4;5.5;76.6;0.0000;-0.0331;-0.5500;99.9750;
670.25;0;0;0;0;94;207;85;84;85;84;85;1567;352;956;3.2;19.8;-18.5;14.4;5.5;76.6;0.1608;-0.0321;-0.8500;100.1500;
670.50;0;0;0;0;94;207;84;84;84;83;84;1607;352;956;3.2;19.8;33.0;14.4;5.5;76.6;0.3412;-0.0307;-1.0500;100.4500;
670.75;0;0;0;0;94;207;83;83;83;83;83;1545;352;956;3.2;19.6;141.0;14.4;5.5;76.6;0.3843;-0.0308;-0.8000;100.2500;
671.00;0;0;0;0;94;207;83;82;83;82;83;1539;352;956;3.2;19.8;178.5;14.4;5.5;76.6;0.4471;-0.0264;-0.7000;100.4000;
671.25;0;0;0;0;95;207;83;82;82;82;83;1530;352;956;3.2;19.8;208.5;14.4;5.5;76.6;0.4471;-0.0236;-0.5250;101.0000;
671.50;0;0;0;0;95;207;82;82;82;82;82;1525;352;956;3.2;19.9;211.5;14.4;5.5;76.6;0.4510;-0.0091;-0.5250;101.5750;
671.75;0;0;0;0;95;207;82;82;82;82;82;1525;352;956;3.2;19.9;220.0;14.4;5.5;76.6;0.4706;0.0069;-0.1500;102.2500;
672.00;0;0;0;0;95;207;81;82;82;82;82;1524;352;956;3.2;19.3;242.5;14.4;5.5;76.6;0.5059;0.0199;-0.2250;0.5000;
672.25;0;0;0;0;95;207;81;82;81;82;82;1519;352;956;3.2;19.9;260.5;14.4;5.5;76.6;0.5451;0.0262;-0.0750;1.7750;
672.52;0;0;0;0;95;207;81;82;81;82;82;1520;352;956;3.2;19.9;269.0;14.4;5.5;76.6;0.5569;0.0321;-0.0250;1.8250;
672.77;0;0;0;0;95;207;82;82;82;82;82;1527;352;956;3.2;21.7;270.5;14.4;5.5;76.6;0.5569;0.0354;0.0250;2.2500;
673.02;0;0;0;0;95;207;82;82;82;82;82;1522;350;956;3.2;21.7;273.0;14.4;5.5;76.6;0.5608;0.0357;0.0750;2.1500;
673.27;0;0;0;0;95;207;82;83;82;82;82;1533;350;956;3.2;22.2;282.5;14.4;5.5;76.6;0.5922;0.0374;0.1000;2.4500;
673.52;0;0;0;0;95;207;82;83;82;83;83;1535;350;956;3.2;22.2;288.5;14.4;5.5;76.6;0.6000;0.0402;0.0750;2.6500;
673.77;0;0;0;0;95;207;82;83;82;83;83;1534;350;956;3.2;23.9;291.5;14.4;5.5;76.6;0.6039;0.0404;0.1250;2.7500;
674.02;0;0;0;0;95;207;83;83;82;83;83;1538;350;956;3.2;25.7;290.5;14.4;5.5;76.6;0.6078;0.0402;0.1500;2.5250;
674.27;0;0;0;0;95;207;82;83;83;83;83;1539;350;956;3.2;25.7;293.0;14.4;5.5;76.6;0.6078;0.0397;0.1000;2.2000;
674.52;0;0;0;0;95;207;82;84;83;83;83;1542;350;956;3.2;27.1;293.0;14.4;5.5;76.6;0.6118;0.0391;0.1250;2.5250;
674.77;0;0;0;0;95;207;83;83;83;83;83;1544;350;956;3.2;28.7;294.0;14.4;5.5;76.6;0.6118;0.0387;0.1250;2.5750;
675.02;0;0;0;0;95;207;83;84;83;84;84;1551;350;956;3.2;28.7;294.0;14.4;5.5;76.6;0.6118;0.0375;0.1500;2.3250;
675.27;0;0;0;0;95;207;83;84;83;84;84;1555;350;956;3.2;30.6;293.5;14.4;5.5;76.6;0.6078;0.0362;0.1500;2.3500;
675.52;0;0;0;0;95;207;83;84;83;84;84;1552;350;956;3.2;30.6;294.0;14.4;5.5;76.6;0.6078;0.0399;0.1750;2.3500;
675.77;0;0;0;0;95;207;83;84;84;84;84;1557;350;956;3.2;31.6;292.5;14.4;5.5;76.6;0.6078;0.0423;0.1250;2.7250;
676.02;0;0;0;0;95;207;84;84;83;84;84;1560;350;956;3.2;33.2;292.0;14.4;5.5;76.6;0.6078;0.0423;0.1500;2.8750;
676.27;0;0;0;0;95;207;84;85;84;85;84;1566;350;956;3.2;33.2;292.0;14.4;5.5;76.6;0.6039;0.0423;0.1000;2.6500;
676.52;0;0;0;0;95;207;84;84;84;84;84;1562;350;956;3.2;34.7;290.0;14.4;5.5;76.6;0.6039;0.0402;0.0750;2.6250;
676.77;0;0;0;0;95;207;84;85;84;85;84;1561;350;956;3.2;34.7;288.5;14.4;5.5;76.6;0.6000;0.0378;0.0750;2.6500;
677.02;0;0;0;0;95;207;84;85;84;84;84;1563;350;956;3.2;33.9;287.5;14.4;5.5;76.6;0.5961;0.0339;0.0500;2.4500;
677.27;0;0;0;0;95;207;84;85;84;84;84;1566;350;956;3.2;33.9;284.5;14.4;5.5;76.6;0.5882;0.0280;-0.0250;1.8750;
677.53;0;0;0;0;95;207;84;85;84;84;84;1560;350;956;3.2;34.3;283.0;14.4;5.5;76.6;0.5843;0.0092;-0.0250;0.9250;
677.78;0;0;0;0;95;207;84;84;84;84;84;1562;350;956;3.2;33.7;280.5;14.4;5.5;76.6;0.5804;0.0014;0.0250;0.4000;
678.03;0;0;0;0;95;207;84;84;84;84;84;1566;350;956;3.2;33.7;276.5;14.4;5.5;76.6;0.5608;-0.0056;-0.0250;102.0500;
678.28;0;0;0;0;95;207;84;84;84;84;84;1563;350;954;3.2;32.1;268.5;14.4;5.5;76.6;0.5490;-0.0157;-0.0250;101.7250;
678.53;0;0;0;0;95;207;84;84;84;84;84;1566;350;954;3.2;32.1;267.5;14.4;5.5;76.6;0.5490;-0.0189;0.0000;101.3750;
678.78;0;0;0;0;95;207;84;84;84;84;84;1560;350;954;3.2;31.0;266.5;14.4;5.5;76.6;0.5451;-0.0280;-0.0750;100.8750;
679.03;0;0;0;0;95;207;84;84;84;84;84;1561;350;954;3.2;29.6;264.5;14.4;5.5;76.6;0.5412;-0.0366;-0.1250;99.9500;
679.28;0;0;0;0;95;207;84;83;84;84;84;1557;350;954;3.2;29.6;264.5;14.4;5.5;76.6;0.5412;-0.0372;-0.1500;99.7000;
679.53;0;0;0;0;95;207;84;83;84;83;84;1558;350;954;3.2;27.5;264.5;14.4;5.5;76.6;0.5451;-0.0428;-0.1250;99.5750;
679.78;0;0;0;0;95;207;84;83;84;83;84;1553;350;954;3.2;25.7;266.0;14.4;5.5;76.6;0.5451;-0.0448;-0.1000;99.3500;
680.03;0;0;0;0;95;207;84;83;84;83;84;1554;350;954;3.2;25.7;266.0;14.4;5.5;76.6;0.5490;-0.0466;-0.1500;99.1250;
680.28;0;0;0;0;95;207;84;83;84;83;84;1551;350;954;3.2;23.8;267.0;14.4;5.5;76.6;0.5490;-0.0476;-0.2000;99.3000;
680.53;0;0;0;0;95;207;84;83;83;83;83;1545;350;954;3.2;23.8;267.5;14.4;5.5;76.6;0.5490;-0.0488;-0.2000;98.8500;
680.78;0;0;0;0;95;207;84;82;83;83;83;1542;350;954;3.2;21.2;267.5;14.4;5.5;76.6;0.5490;-0.0488;-0.2250;99.1500;
681.03;0;0;0;0;95;207;83;82;83;82;83;1545;350;954;3.2;21.2;269.0;14.4;5.5;76.6;0.5569;-0.0470;-0.2000;99.3250;
681.28;0;0;0;0;95;207;83;82;83;83;83;1540;350;954;3.2;19.1;274.5;14.4;5.5;76.6;0.5725;-0.0415;-0.2000;99.8000;
681.53;0;0;0;0;95;207;83;82;83;82;83;1535;350;954;3.2;19.1;283.0;14.4;5.5;76.6;0.6039;-0.0344;-0.1500;99.9750;
681.78;0;0;0;0;95;207;83;82;83;82;83;1538;350;954;3.3;17.4;295.5;14.4;5.5;76.6;0.6157;-0.0318;-0.1500;100.4250;
682.03;0;0;0;0;95;207;83;82;83;82;83;1537;350;954;3.3;16.1;296.0;14.4;5.5;76.6;0.6157;-0.0264;-0.1000;101.0000;
682.28;0;0;0;0;95;207;83;82;83;83;83;1535;350;954;3.3;16.1;295.0;14.4;5.5;76.6;0.6078;-0.0220;-0.0500;101.1000;
682.54;0;0;0;0;95;207;83;83;83;82;83;1535;350;954;3.4;15.6;293.0;14.4;5.5;76.6;0.6078;-0.0087;0.0000;101.8000;
682.79;0;0;0;0;95;207;82;82;83;83;83;1534;350;954;3.4;15.5;292.0;14.4;5.5;76.6;0.6039;-0.0067;-0.1000;102.0750;
683.04;0;0;0;0;95;207;82;82;83;82;83;1535;350;954;3.4;15.5;289.0;14.4;5.5;76.6;0.6000;-0.0062;-0.0500;102.1250;
683.29;0;0;0;0;95;207;82;82;82;83;83;1533;350;954;3.5;15.8;288.0;14.4;5.5;76.6;0.5961;-0.0020;0.0000;102.3500;
683.54;0;0;0;0;96;207;82;83;83;82;83;1537;350;954;3.5;15.8;288.0;14.4;5.5;76.6;0.5922;0.0059;0.0500;0.4000;
683.79;0;0;0;0;96;207;82;82;82;83;83;1538;350;952;3.5;16.2;287.0;14.4;5.5;76.6;0.5922;0.0075;0.0000;0.4750;
684.04;0;0;0;0;96;207;82;82;83;83;83;1535;350;952;3.5;17.3;286.0;14.4;5.5;76.6;0.5922;0.0079;-0.1000;0.7750;
684.29;0;0;0;0;96;207;82;82;82;83;83;1536;350;952;3.5;17.3;281.5;14.4;5.5;76.6;0.5765;0.0075;-0.1000;0.4500;
684.54;0;0;0;0;96;207;82;83;82;82;83;1533;350;952;3.5;18.6;278.5;14.4;5.5;76.6;0.5725;0.0043;-0.0500;0.3500;
684.79;0;0;0;0;96;207;82;82;82;82;83;1530;350;952;3.5;19.4;279.5;14.4;5.5;76.6;0.5725;0.0020;-0.0500;0.2000;
685.04;0;0;0;0;96;207;82;82;82;82;82;1522;350;952;3.5;19.4;275.0;14.4;5.5;76.6;0.5569;-0.0018;-0.1250;102.3500;
685.29;0;0;0;0;96;207;82;82;82;82;82;1530;350;952;3.5;19.4;271.0;14.4;5.5;76.6;0.5569;-0.0038;-0.1000;102.3000;
685.54;0;0;0;0;96;207;82;82;82;82;82;1526;350;952;3.5;20.5;271.0;14.4;5.5;76.6;0.5569;-0.0029;-0.1000;102.3750;
685.79;0;0;0;0;96;207;82;82;82;82;82;1525;350;952;3.4;21.1;269.5;14.4;5.5;76.6;0.5490;0.0003;-0.1250;0.0750;
686.04;0;0;0;0;96;207;82;82;82;82;82;1523;350;952;3.4;21.1;266.5;14.4;5.5;76.6;0.5412;0.0014;-0.1000;0.0750;
686.29;0;0;0;0;96;207;82;82;82;82;82;1518;350;952;3.4;21.6;266.0;14.4;5.5;76.6;0.5373;0.0036;-0.1750;0.2000;
686.54;0;0;0;0;96;207;82;82;82;82;82;1518;350;952;3.4;21.6;260.5;14.4;5.5;76.6;0.5294;0.0031;-0.1000;0.2500;
686.79;0;0;0;0;96;207;82;82;82;82;82;1517;350;952;3.4;22.3;258.0;14.4;5.5;76.6;0.5216;-0.0016;-0.2000;0.0000;
687.04;0;0;0;0;96;207;81;81;81;81;82;1514;350;952;3.3;22.7;256.5;14.4;5.5;76.6;0.5176;-0.0014;-0.1750;0.0500;
687.29;0;0;0;0;96;207;81;81;81;81;81;1510;350;952;3.3;22.7;255.0;14.4;5.5;76.6;0.5176;-0.0018;-0.1750;0.0000;
687.55;0;0;0;0;96;207;81;81;81;81;81;1505;350;952;3.2;22.3;251.0;14.4;5.5;76.6;0.5059;-0.0074;-0.1750;0.0000;
687.80;0;0;0;0;96;207;81;81;81;81;81;1500;350;952;3.2;22.5;244.5;14.4;5.5;76.6;0.4824;-0.0107;-0.2250;102.2750;
688.05;0;0;0;0;96;207;81;80;81;81;81;1496;349;952;3.2;22.5;234.5;14.4;5.5;76.6;0.4784;-0.0125;-0.2500;101.4750;
688.30;0;0;0;0;96;207;80;80;81;80;81;1495;349;952;3.3;22.4;231.5;14.4;5.5;76.6;0.4745;-0.0127;-0.2500;101.5000;
688.55;0;0;0;0;96;207;80;80;80;80;80;1488;349;952;3.3;22.4;225.5;14.4;5.5;76.6;0.4588;-0.0148;-0.2500;101.7500;
688.80;0;0;0;0;96;207;80;80;80;80;80;1489;349;952;3.3;21.4;220.5;14.4;5.5;76.6;0.4627;-0.0164;-0.1500;101.5500;
689.05;0;0;0;0;96;207;80;80;80;80;80;1479;349;952;3.4;21.2;216.0;14.4;5.5;76.6;0.4471;-0.0159;-0.3750;101.8250;
689.30;0;0;0;0;96;207;80;80;80;79;80;1478;349;952;3.4;21.2;209.0;14.4;5.5;76.6;0.4392;-0.0140;-0.2500;101.8000;
689.55;0;0;0;0;96;207;79;79;79;79;79;1469;349;952;3.4;21.2;201.5;14.4;5.5;76.6;0.4196;-0.0114;-0.3750;102.2250;
689.80;0;0;0;0;97;207;79;79;79;79;79;1468;349;952;3.5;21.3;191.0;14.4;5.5;76.6;0.4157;-0.0109;-0.3250;101.9250;
690.05;0;0;0;0;97;207;78;78;78;78;79;1460;349;952;3.7;21.1;190.5;14.4;5.5;76.6;0.4157;-0.0092;-0.3500;101.8250;
690.30;0;0;0;0;97;207;79;78;78;78;79;1456;349;952;3.7;21.1;192.5;14.4;5.5;76.6;0.4235;-0.0046;-0.3500;102.0750;
690.55;0;0;0;0;97;207;78;78;78;78;78;1449;349;952;3.8;21.1;197.0;14.4;5.5;76.6;0.4275;-0.0031;-0.3500;101.9500;
690.80;0;0;0;0;97;207;77;78;78;78;78;1441;349;952;3.8;21.2;198.0;14.4;5.5;76.6;0.4235;0.0025;-0.3250;101.9750;
691.05;0;0;0;0;97;207;77;77;77;77;78;1435;349;952;3.8;21.2;195.5;14.4;5.5;76.6;0.4235;0.0061;-0.3750;0.2250;
691.30;0;0;0;0;97;207;77;77;77;77;77;1433;349;952;4.0;20.9;196.0;14.4;5.5;76.6;0.4235;0.0168;-0.2750;0.6000;
691.55;0;0;0;0;97;207;76;77;76;77;77;1425;349;952;4.0;20.9;194.5;14.4;5.5;76.6;0.4196;0.0222;-0.3250;0.8750;
691.80;0;0;0;0;97;207;76;77;76;77;77;1422;349;952;4.0;21.4;193.5;14.4;5.5;76.6;0.4196;0.0303;-0.4000;1.6000;
692.05;0;0;0;0;97;207;76;77;76;76;76;1414;349;952;4.0;22.5;194.0;14.4;5.5;76.6;0.4196;0.0314;-0.4000;1.6750;
692.30;0;0;0;0;97;207;75;76;76;76;76;1410;349;952;4.0;22.5;194.0;14.4;5.5;76.6;0.4196;0.0357;-0.3500;1.9500;
692.58;0;0;0;0;97;207;75;76;75;76;76;1410;349;952;4.0;23.2;203.5;14.4;5.5;76.6;0.4392;0.0404;-0.2750;2.0750;
692.83;0;0;0;0;97;207;75;76;75;76;76;1405;349;952;4.0;24.5;211.5;14.4;5.5;76.6;0.4588;0.0415;-0.2000;2.6750;
693.08;0;0;0;0;97;207;74;75;75;76;75;1392;349;952;4.0;24.5;255.0;14.4;5.5;76.6;0.5137;0.0420;-0.3750;2.4750;
693.33;0;0;0;0;97;207;75;75;75;75;75;1394;349;952;3.8;25.9;256.5;14.4;5.5;76.6;0.5176;0.0466;-0.2750;2.2750;
693.58;0;0;0;0;97;207;74;75;74;75;75;1383;349;952;3.8;25.9;268.5;14.4;5.5;76.6;0.5490;0.0489;-0.3500;2.4500;
693.83;0;0;0;0;97;207;74;75;74;75;75;1388;349;952;3.7;27.0;272.5;14.4;5.5;76.6;0.5529;0.0493;-0.3250;2.7250;
694.08;0;0;0;0;97;207;74;75;74;75;75;1379;349;952;3.7;27.0;273.5;14.4;5.5;76.6;0.5569;0.0486;-0.2750;2.5000;
694.33;0;0;0;0;97;207;74;75;74;75;74;1381;349;952;3.6;28.4;276.0;14.4;5.5;76.6;0.5569;0.0423;-0.2000;2.1250;
694.58;0;0;0;0;97;207;74;74;74;74;74;1386;349;952;3.5;29.7;275.5;14.4;5.5;76.6;0.5608;0.0423;-0.1500;1.9500;
694.83;0;0;0;0;97;207;74;74;73;74;74;1380;349;950;3.5;29.7;276.5;14.4;5.5;76.6;0.5608;0.0427;-0.1250;2.3000;
695.08;0;0;0;0;97;207;73;74;74;74;74;1377;349;950;3.4;30.2;278.5;14.4;5.5;76.6;0.5569;0.0432;-0.1250;2.2000;
695.33;0;0;0;0;97;207;73;74;74;74;74;1378;349;950;3.4;30.2;274.5;14.4;5.5;76.6;0.5569;0.0480;-0.1000;2.3500;
695.58;0;0;0;0;97;207;73;74;74;74;74;1373;349;950;3.2;31.2;273.5;14.4;5.5;76.6;0.5490;0.0486;-0.1000;2.7500;
695.83;0;0;0;0;97;207;73;74;73;74;74;1375;349;950;3.2;32.2;271.5;14.4;5.5;76.6;0.5451;0.0483;-0.1500;2.2750;
696.08;0;0;0;0;97;207;73;74;73;74;74;1374;349;950;3.2;32.2;268.5;14.4;5.5;76.6;0.5412;0.0459;-0.1000;2.4250;
696.33;0;0;0;0;97;207;73;74;73;74;74;1366;349;950;3.2;32.3;270.0;14.4;5.5;76.6;0.5412;0.0446;-0.0250;2.4000;
696.58;0;0;0;0;97;207;73;74;73;74;74;1374;349;950;3.2;32.3;269.0;14.4;5.5;76.6;0.5373;0.0451;0.0000;2.0750;
696.83;0;0;0;0;97;207;73;74;73;74;74;1366;349;950;3.2;32.3;267.5;14.4;5.5;76.6;0.5373;0.0457;-0.1000;2.4250;
697.08;0;0;0;0;97;207;73;74;73;74;74;1366;349;950;3.2;32.7;268.0;14.4;5.5;76.6;0.5373;0.0459;-0.0500;2.4000;
697.33;0;0;0;0;97;207;73;74;73;74;74;1373;349;950;3.2;32.7;266.0;14.4;5.5;76.6;0.5373;0.0462;-0.1500;1.9500;
697.59;0;0;0;0;97;207;73;74;73;74;74;1363;349;950;3.2;32.4;266.0;14.4;5.5;76.6;0.5333;0.0486;-0.0750;2.4000;
697.84;0;0;0;0;97;207;73;74;73;74;74;1364;349;950;3.2;32.4;266.0;14.4;5.5;76.6;0.5255;0.0486;-0.0750;2.6500;
698.09;0;0;0;0;97;207;73;74;73;74;74;1370;349;950;3.2;32.1;262.0;14.4;5.5;76.6;0.5216;0.0489;-0.0250;2.4500;
698.34;0;0;0;0;97;207;73;74;73;74;73;1361;349;950;3.2;32.1;258.0;14.4;5.5;76.6;0.5059;0.0491;-0.0750;2.5750;
698.59;0;0;0;0;97;207;73;74;73;74;73;1361;349;950;3.2;32.3;253.5;14.4;5.5;76.6;0.5020;0.0494;-0.1500;2.7750;
698.84;0;0;0;0;97;207;73;74;73;73;73;1362;349;950;3.2;32.1;249.0;14.4;5.5;76.6;0.4980;0.0499;-0.0500;2.9250;
699.09;0;0;0;0;97;207;73;74;73;73;73;1363;349;950;3.2;32.1;246.5;14.4;5.5;76.6;0.4902;0.0512;-0.1000;2.7000;
699.34;0;0;0;0;97;207;72;73;72;73;73;1354;349;950;3.2;32.7;235.5;14.4;5.5;76.6;0.4706;0.0507;-0.1750;2.6000;
699.59;0;0;0;0;97;207;72;73;72;73;73;1355;349;950;3.2;33.1;229.0;14.4;5.5;76.6;0.4627;0.0493;-0.1500;2.5750;
699.84;0;0;0;0;97;207;72;73;72;73;73;1351;349;950;3.2;33.1;218.0;14.4;5.5;76.6;0.4471;0.0463;-0.1250;2.3750;
700.09;0;0;0;0;97;207;72;73;72;73;73;1346;349;950;3.2;32.8;206.5;14.4;5.5;76.6;0.4157;0.0443;-0.1750;2.3500;
700.34;0;0;0;0;97;207;72;73;72;73;72;1339;349;950;3.2;32.8;163.0;14.4;5.5;76.6;0.3529;0.0433;-0.2000;2.2750;
700.59;0;0;0;0;97;207;71;72;72;72;72;1334;349;950;3.2;32.8;115.5;14.4;5.5;76.6;0.2941;0.0427;-0.2250;1.9750;
700.84;0;0;0;0;97;207;71;72;71;72;72;1315;349;950;3.2;33.0;-6.0;14.4;5.5;76.6;0.0000;0.0423;-0.4750;1.9250;
701.09;0;0;0;0;97;207;70;71;70;71;71;1309;348;950;3.2;33.0;-20.5;14.4;5.5;76.6;0.0000;0.0391;-0.6000;1.5250;
701.34;0;0;0;0;97;207;69;70;69;70;70;1311;348;950;3.2;33.5;9.0;14.5;5.5;76.6;0.1961;0.0362;-0.8250;1.4750;
701.59;0;0;0;0;97;207;69;70;69;70;70;1288;348;950;3.2;33.4;36.0;14.5;5.5;76.6;0.1961;0.0364;-0.7500;1.6500;
701.84;0;0;0;0;97;207;68;69;68;69;69;1256;348;950;3.2;33.4;-12.5;14.4;5.5;76.6;0.0000;0.0379;-0.7250;1.4500;
702.09;0;0;0;0;97;207;67;68;67;68;68;1254;348;950;3.2;33.4;-23.5;14.4;5.5;76.6;0.0000;0.0387;-0.8000;1.6250;
702.34;0;0;0;0;98;207;67;67;66;67;67;1244;348;950;3.4;33.3;-29.0;14.4;5.5;76.6;0.0000;0.0392;-0.8750;1.6500;
702.61;0;0;0;0;98;207;66;66;66;66;66;1233;348;950;3.4;33.7;-29.5;14.5;5.5;76.6;0.0000;0.0387;-0.8750;1.8000;
702.86;0;0;0;0;98;207;65;66;65;65;65;1210;348;950;3.4;33.7;-29.0;14.5;5.5;76.6;0.0000;0.0375;-0.9000;1.6000;
703.11;0;0;0;0;98;207;64;65;64;65;65;1198;348;950;3.4;33.7;-29.0;14.5;5.5;76.6;0.0000;0.0318;-0.9750;1.6250;
703.36;0;0;0;0;98;207;63;64;63;64;64;1179;348;950;3.5;33.3;-29.0;14.5;5.5;76.6;0.0000;0.0234;-0.9750;0.9750;
703.61;1;0;0;0;98;207;63;63;63;63;63;1162;348;950;3.5;33.3;-29.0;14.5;5.5;76.6;0.0000;0.0150;-0.9750;0.7750;
703.86;1;0;0;0;98;207;62;62;62;62;62;916;348;950;3.6;33.2;-16.5;14.5;5.5;76.6;0.0000;0.0074;-0.9000;0.2750;
704.11;1;0;0;0;98;207;61;61;61;61;62;886;348;950;3.6;33.2;-5.0;14.4;5.5;76.6;0.0000;-0.0049;-0.8500;102.3500;
704.36;1;0;0;0;98;207;61;61;60;60;61;880;348;950;3.8;32.4;-4.0;14.4;5.5;76.6;0.0000;-0.0135;-0.8000;101.9750;
704.61;1;0;0;0;98;207;60;60;60;60;60;1003;348;950;4.0;31.5;-29.0;14.4;5.5;76.6;0.0000;-0.0171;-0.8250;101.9750;
704.86;1;0;0;0;98;207;59;58;59;58;59;1364;348;950;4.0;31.5;-31.0;14.4;5.5;76.6;0.0000;-0.0237;-1.1500;101.6750;
705.11;0;0;0;0;98;207;58;58;58;58;58;1314;348;950;4.1;30.9;-25.5;14.4;5.5;76.6;0.0000;-0.0338;-1.0750;101.1750;
705.36;0;0;0;0;98;207;57;57;57;57;57;1293;348;950;4.3;29.2;-31.0;14.4;5.5;76.6;0.0000;-0.0341;-1.0000;100.9500;
705.61;0;0;0;0;98;207;57;56;57;56;57;1276;348;950;4.3;29.2;-30.5;14.4;5.5;76.6;0.0000;-0.0344;-0.8500;101.6750;
705.86;0;0;0;0;98;207;56;55;56;55;56;1258;348;950;4.5;28.2;-30.0;14.4;5.5;76.6;0.0000;-0.0343;-0.8750;101.2500;
706.11;0;0;0;0;98;207;55;55;55;54;55;1241;348;950;4.5;28.2;-30.0;14.4;5.5;76.6;0.0000;-0.0412;-0.9000;101.3500;
706.36;0;0;0;0;98;207;54;53;54;53;54;1220;348;950;4.6;27.6;-29.5;14.4;5.5;76.6;0.0000;-0.0501;-0.8250;100.7750;
706.61;0;0;0;0;98;207;54;53;54;53;54;1211;348;950;4.6;27.6;-29.5;14.4;5.5;76.6;0.0000;-0.0504;-0.7250;100.4750;
706.86;0;0;0;0;98;207;53;52;53;52;53;1190;348;950;4.8;25.8;-29.0;14.4;5.5;76.6;0.0000;-0.0524;-0.9000;100.6750;
707.11;0;0;0;0;98;207;52;52;52;51;52;1178;348;950;4.8;25.8;-29.0;14.4;5.5;76.6;0.0000;-0.0536;-0.7500;100.6750;
707.36;0;0;0;0;98;207;51;51;52;51;51;1161;348;950;4.9;24.2;-29.0;14.4;5.5;76.6;0.0000;-0.0536;-0.7000;100.7500;
707.62;0;0;0;0;98;207;51;50;51;50;51;1153;348;950;5.1;23.1;-29.0;14.4;5.5;76.6;0.0000;-0.0541;-0.7000;100.9500;
707.87;0;0;0;0;98;207;50;50;50;50;50;1135;348;950;5.1;23.1;-28.5;14.4;5.5;76.6;0.0000;-0.0564;-0.7250;100.7250;
708.12;0;0;0;0;98;207;50;49;50;49;50;1126;348;950;5.2;22.1;-28.5;14.4;5.5;76.6;0.0000;-0.0539;-0.6500;101.1000;
708.37;0;0;0;0;98;207;49;49;49;49;49;1109;348;948;5.2;21.4;-28.5;14.4;5.5;76.6;0.0000;-0.0516;-0.6500;101.1500;
708.62;0;0;0;0;98;207;49;48;49;48;48;1099;348;948;5.2;21.4;-29.0;14.4;5.5;76.6;0.0000;-0.0463;-0.6500;101.3000;
708.87;0;0;0;0;98;207;48;48;48;47;48;1088;348;948;5.3;21.2;-29.0;14.4;5.5;76.6;0.0000;-0.0420;-0.5750;101.6000;
709.12;0;0;0;0;97;207;48;47;48;47;47;1079;348;950;5.3;21.2;-29.0;14.4;5.5;76.6;0.0000;-0.0422;-0.5500;101.4750;
709.37;0;0;0;0;97;207;47;47;47;47;47;1066;348;948;5.4;21.2;-29.5;14.4;5.5;76.6;0.0000;-0.0423;-0.5500;101.4750;
709.62;0;0;0;0;97;207;47;46;47;46;47;1060;348;950;5.4;21.2;-29.5;14.4;5.5;76.6;0.0000;-0.0420;-0.3750;101.3500;
709.87;0;0;0;0;97;207;47;46;47;46;47;1055;348;950;5.4;21.2;-29.5;14.4;5.5;76.6;0.0000;-0.0418;-0.3250;101.8750;
710.12;1;0;0;0;97;207;46;46;46;46;46;1047;348;950;5.4;21.4;-30.0;14.4;5.5;76.6;0.0000;-0.0414;-0.4250;101.8000;
710.37;1;0;0;0;97;207;46;46;46;45;46;879;348;950;5.4;21.4;-2.5;14.4;5.5;76.6;0.0000;-0.0412;-0.4250;101.6750;
710.62;1;0;0;0;97;207;46;45;46;45;46;882;348;950;5.5;21.7;-5.0;14.4;5.5;76.6;0.0000;-0.0410;-0.3250;101.9250;
710.87;1;0;0;0;97;207;46;45;45;45;46;878;348;948;5.5;21.7;-2.5;14.4;5.5;76.6;0.0000;-0.0414;-0.1750;102.1500;
711.12;1;0;0;0;97;207;45;45;45;44;45;1198;346;948;5.5;21.5;-31.0;14.4;5.5;76.6;0.0000;-0.0404;-0.5000;101.9250;
711.37;1;0;0;0;97;207;45;44;45;44;45;1261;346;948;5.5;22.5;-25.5;14.4;5.5;76.6;0.0000;-0.0399;-0.4000;101.8000;
711.62;0;0;0;0;97;207;45;44;44;44;44;1261;346;948;5.5;22.5;-30.0;14.4;5.5;76.6;0.0000;-0.0392;-0.2750;101.9750;
711.87;0;0;0;0;97;207;44;44;44;44;44;1254;346;948;5.6;23.0;-31.0;14.4;5.5;76.6;0.0000;-0.0375;-0.2750;101.9500;
712.12;0;0;0;0;97;207;44;44;44;44;44;1249;346;948;5.6;23.0;-30.5;14.4;5.5;76.6;0.0000;-0.0372;-0.1500;101.6000;
712.37;0;0;0;0;97;207;44;44;44;44;44;1240;346;948;5.6;22.8;-30.0;14.4;5.5;76.6;0.0000;-0.0428;-0.2000;101.6750;
712.63;0;0;0;0;97;207;44;43;44;43;44;1237;346;948;5.7;23.5;-30.0;14.4;5.5;76.6;0.0000;-0.0438;-0.2000;101.7250;
712.88;0;0;0;0;97;207;44;43;44;43;44;1235;346;948;5.7;23.5;-30.0;14.4;5.5;76.6;0.0000;-0.0443;-0.1500;101.8250;
713.13;0;0;0;0;97;207;44;43;44;43;44;1238;346;948;5.7;23.8;-29.5;14.4;5.5;76.6;0.0000;-0.0463;-0.0500;101.0250;
713.38;0;0;0;0;97;207;44;43;44;43;44;1234;346;948;5.7;23.4;-29.5;14.4;5.5;76.6;0.0000;-0.0463;-0.1250;101.5250;
713.63;0;0;0;0;97;207;44;43;44;43;44;1233;346;948;5.7;23.4;-29.5;14.4;5.5;76.6;0.0000;-0.0463;-0.1000;101.6250;
713.88;0;0;0;0;97;207;44;43;44;43;43;1231;346;948;5.7;23.7;-29.5;14.4;5.5;76.6;0.0000;-0.0470;-0.1000;101.3000;
714.13;0;0;0;0;97;207;44;43;44;43;43;1230;346;948;5.7;23.7;-29.5;14.4;5.5;76.6;0.0000;-0.0542;-0.0250;101.5750;
714.38;0;0;0;0;97;207;44;43;44;43;43;1231;346;948;5.7;24.0;-29.5;14.4;5.5;76.6;0.0000;-0.0536;-0.0500;101.4750;
714.63;0;0;0;0;96;207;44;43;44;43;44;1232;346;948;5.7;24.0;-29.5;14.4;5.5;76.6;0.0000;-0.0504;0.0000;101.5250;
714.88;0;0;0;0;96;207;44;44;44;43;44;1237;346;948;5.6;23.4;-29.5;14.4;5.5;76.6;0.0000;-0.0423;0.0750;101.6500;
715.13;0;0;0;0;96;207;44;43;44;43;44;1237;346;948;5.6;23.4;-29.0;14.4;5.5;76.6;0.0000;-0.0387;0.0750;101.8750;
715.38;0;0;0;0;96;207;44;44;44;43;44;1241;346;950;5.7;23.6;-29.0;14.4;5.5;76.6;0.0000;-0.0402;0.1250;101.6000;
715.63;0;0;0;0;96;207;44;44;44;44;44;1245;346;948;5.7;24.1;-29.0;14.4;5.5;76.6;0.0000;-0.0425;0.1250;101.7000;
715.88;0;0;0;0;96;207;44;44;44;44;44;1252;346;948;5.7;24.1;-29.5;14.4;5.5;76.6;0.0000;-0.0443;0.2000;101.6250;
716.13;0;0;0;0;96;207;45;44;45;44;45;1259;346;948;5.6;24.0;-29.5;14.4;5.5;76.6;0.0000;-0.0463;0.1750;101.6500;
716.38;1;0;0;0;96;207;45;44;45;45;45;1208;346;948;5.6;23.8;-29.0;14.4;5.5;76.6;0.0000;-0.0438;0.2250;101.6000;
716.63;1;0;0;0;96;207;46;45;45;45;45;1048;346;948;5.6;23.8;112.0;14.4;5.5;76.6;0.2510;-0.0412;0.3750;101.8500;
716.88;1;0;0;0;96;207;46;45;46;45;46;1689;346;948;5.5;23.9;125.0;14.4;5.5;76.6;0.5804;-0.0412;0.4500;101.7000;
717.13;1;0;0;0;96;207;46;46;46;46;46;2056;346;950;5.5;23.9;-22.0;14.4;5.5;76.6;0.0000;-0.0414;0.4750;101.6000;
717.38;1;0;0;0;96;207;47;46;47;46;46;1789;346;950;5.5;23.9;-24.0;14.4;5.5;76.6;0.0000;-0.0414;0.4750;101.6500;
717.65;0;0;0;0;96;207;47;46;47;46;47;1854;346;948;5.4;23.8;-36.5;14.4;5.5;76.6;0.0000;-0.0414;0.2750;101.7250;
717.90;0;0;0;0;96;207;47;46;47;46;47;1860;346;950;5.4;23.8;-36.5;14.4;5.5;76.6;0.0000;-0.0418;0.1250;101.7000;
718.15;0;0;0;0;96;207;47;46;47;46;47;1861;346;950;5.4;23.8;-36.5;14.4;5.5;76.6;0.0000;-0.0420;0.0750;101.6000;
718.40;0;0;0;0;96;207;47;47;47;47;47;1866;346;950;5.4;24.0;-36.5;14.4;5.5;76.6;0.0000;-0.0451;0.1000;101.3750;
718.65;0;0;0;0;96;207;47;47;47;47;47;1872;346;950;5.4;24.0;-36.5;14.4;5.5;76.6;0.0000;-0.0450;0.1000;101.3500;
718.90;0;0;0;0;96;207;48;47;47;47;47;1872;346;950;5.4;24.0;-36.5;14.4;5.5;76.6;0.0000;-0.0445;0.0750;101.5250;
719.15;0;0;0;0;95;207;48;47;48;47;47;1884;346;950;5.4;24.0;-36.5;14.4;5.5;76.6;0.0000;-0.0423;0.1250;101.6500;
719.40;0;0;0;0;95;207;48;47;48;47;48;1892;346;950;5.4;24.3;-36.5;14.4;5.5;76.6;0.0000;-0.0410;0.1250;101.4750;
719.65;0;0;0;0;95;207;48;47;48;47;48;1892;346;950;5.4;24.3;-36.5;14.4;5.5;76.6;0.0000;-0.0399;0.1250;101.6000;
719.90;0;0;0;0;95;207;48;48;48;48;48;1901;346;950;5.4;23.9;-37.0;14.4;5.5;76.6;0.0000;-0.0380;0.1750;101.3750;
720.15;0;0;0;0;95;207;48;48;48;48;48;1891;346;950;5.4;23.9;-36.5;14.4;5.5;76.6;0.0000;-0.0330;0.0500;101.6500;
720.40;0;0;0;0;95;207;48;48;48;48;48;1898;346;950;5.5;23.9;-37.0;14.4;5.5;76.6;0.0000;-0.0272;0.1250;101.8000;
720.65;0;0;0;0;95;207;48;48;48;48;48;1908;346;950;5.5;24.2;-37.0;14.4;5.5;76.6;0.0000;-0.0246;0.1250;102.0750;
720.90;0;0;0;0;95;207;48;48;48;48;48;1902;346;950;5.5;24.2;-37.0;14.4;5.5;76.6;0.0000;-0.0180;0.1250;102.1750;
721.15;0;0;0;0;94;207;48;48;48;48;48;1910;346;950;5.6;24.3;-37.0;14.4;5.5;76.6;0.0000;-0.0133;0.0500;101.9500;
721.40;0;0;0;0;94;207;48;48;48;48;48;1919;346;950;5.6;24.7;-37.5;14.4;5.5;76.6;0.0000;-0.0079;0.1250;102.2000;
721.65;0;0;0;0;94;207;48;48;48;48;48;1924;346;950;5.6;24.7;-37.5;14.4;5.5;76.6;0.0000;-0.0052;0.1000;0.0500;
721.90;0;0;0;0;94;207;49;49;49;48;49;1925;346;950;5.6;25.1;-37.5;14.4;5.5;76.6;0.0000;-0.0046;0.1000;0.0500;
722.15;0;0;0;0;94;207;49;49;49;49;49;1933;346;950;5.6;25.1;-37.5;14.4;5.5;76.6;0.0000;-0.0041;0.1000;0.0000;
722.40;0;0;0;0;94;207;49;49;49;49;49;1934;346;950;5.6;25.3;-37.5;14.4;5.5;76.6;0.0000;-0.0041;0.1000;102.2250;
722.66;0;0;0;0;94;207;49;49;49;49;49;1945;346;950;5.5;25.6;-38.0;14.4;5.5;76.6;0.0000;-0.0031;0.1250;102.3000;
722.91;0;0;0;0;94;207;49;49;49;49;49;1949;346;950;5.5;25.6;-38.0;14.4;5.5;76.6;0.0000;-0.0001;0.1500;0.0500;
723.16;0;0;0;0;94;207;49;49;49;49;49;1949;346;950;5.4;26.0;-38.0;14.4;5.5;76.6;0.0000;0.0008;0.0500;102.2750;
723.41;0;0;0;0;94;207;49;49;49;49;49;1957;346;950;5.4;26.0;-38.0;14.4;5.5;76.6;0.0000;0.0014;0.0500;0.0250;
723.66;0;0;0;0;94;207;49;49;49;49;49;1961;346;950;5.3;26.4;-38.5;14.4;5.5;76.6;0.0000;0.0020;0.0750;0.0500;
723.91;0;0;0;0;94;207;50;49;49;49;50;1970;346;950;5.3;26.4;-38.5;14.4;5.5;76.6;0.0000;0.0025;0.1250;0.1250;
724.16;0;0;0;0;94;207;49;49;49;50;50;1971;346;950;5.2;26.5;-38.5;14.4;5.5;76.6;0.0000;0.0029;0.0750;102.3250;
724.41;0;0;0;0;94;207;50;49;50;50;50;1971;346;950;5.1;26.9;-38.5;14.4;5.5;76.6;0.0000;0.0033;0.0250;102.1250;
724.66;0;0;0;0;94;207;49;50;50;50;50;1970;346;950;5.1;26.9;-38.5;14.4;5.5;76.6;0.0000;0.0043;0.0500;102.3500;
724.91;0;0;0;0;94;207;50;50;50;50;50;1975;346;950;5.0;27.4;-38.5;14.4;5.5;76.6;0.0000;0.0003;0.0250;102.3250;
725.16;0;0;0;0;93;207;50;50;50;50;50;1973;346;950;4.9;27.5;-38.5;14.4;5.5;76.6;0.0000;0.0003;-0.0500;0.0000;
725.41;0;0;0;0;93;207;49;50;50;50;50;1970;346;950;4.9;27.5;-38.5;14.4;5.5;76.6;0.0000;0.0004;-0.0500;102.2750;
725.66;0;0;0;0;93;207;50;50;50;50;50;1977;346;950;4.8;27.3;-38.5;14.4;5.5;76.6;0.0000;0.0013;0.0250;102.2000;
725.91;0;0;0;0;93;207;50;50;50;50;50;1982;346;950;4.8;27.3;-38.5;14.4;5.5;76.6;0.0000;0.0043;0.0500;102.1500;
726.16;0;0;0;0;93;207;50;50;50;50;50;1985;346;950;4.8;27.5;-38.5;14.4;5.5;76.6;0.0000;0.0061;0.0250;102.2750;
726.41;0;0;0;0;93;207;50;50;50;50;50;1993;346;950;4.8;27.6;-39.0;14.4;5.5;76.6;0.0000;0.0097;0.1250;0.1000;
726.66;0;0;0;0;93;207;50;50;50;50;50;1984;346;950;4.8;27.6;-39.0;14.4;5.5;76.6;0.0000;0.0132;-0.0500;102.2500;
726.91;0;0;0;0;93;207;50;50;50;50;50;1982;346;950;4.8;27.4;-38.5;14.4;5.5;76.6;0.0000;0.0164;-0.0250;0.2500;
727.16;0;0;0;0;93;207;50;50;50;50;50;1988;346;950;4.8;27.4;-38.5;14.4;5.5;76.6;0.0000;0.0189;0.0000;0.2000;
727.41;0;0;0;0;93;207;50;50;50;50;50;1984;346;950;4.8;27.6;-38.5;14.4;5.5;76.6;0.0000;0.0204;-0.0250;0.2250;
727.67;0;0;0;0;93;207;50;50;50;50;50;1983;346;950;4.8;27.6;-38.5;14.4;5.5;76.6;0.0000;0.0222;-0.0500;0.2000;
727.92;0;0;0;0;93;207;50;50;50;50;50;1988;346;950;4.7;27.7;-39.0;14.4;5.5;76.6;0.0000;0.0293;-0.0500;0.3750;
728.17;0;0;0;0;93;207;50;50;50;50;50;1986;346;950;4.7;27.7;-39.0;14.4;5.5;76.6;0.0000;0.0323;-0.0500;0.5000;
728.42;0;0;0;0;93;207;50;50;50;50;50;1988;346;950;4.7;27.7;-39.0;14.4;5.5;76.6;0.0000;0.0367;0.0000;0.7250;
728.67;0;0;0;0;93;207;50;50;50;50;50;1985;346;950;4.6;28.0;-39.0;14.4;5.5;76.6;0.0000;0.0402;-0.0250;0.9000;
728.92;0;0;0;0;93;207;50;50;50;50;50;1985;346;950;4.6;28.0;-39.0;14.4;5.5;76.6;0.0000;0.0404;-0.0250;0.8250;
729.17;0;0;0;0;93;207;50;50;50;50;50;1986;346;950;4.5;28.5;-39.0;14.4;5.5;76.6;0.0000;0.0402;0.0250;0.9250;
729.42;0;0;0;0;93;207;50;50;50;50;50;1992;346;950;4.3;29.0;-39.0;14.4;5.5;76.6;0.0000;0.0396;-0.0250;0.6000;
729.67;0;0;0;0;93;207;49;50;49;50;50;1986;346;950;4.3;29.0;-39.0;14.4;5.5;76.6;0.0000;0.0387;-0.0500;0.8750;
729.92;0;0;0;0;93;207;50;50;50;50;50;1984;346;950;4.2;29.5;-39.0;14.4;5.5;76.6;0.0000;0.0354;-0.0750;1.0250;
730.17;0;0;0;0;93;207;50;50;50;50;50;1983;344;950;4.0;30.1;-39.0;14.4;5.5;76.6;0.0000;0.0290;-0.0500;0.8000;
730.42;0;0;0;0;93;207;50;50;50;50;50;1984;344;950;4.0;30.1;-39.0;14.4;5.5;76.6;0.0000;0.0220;0.0000;0.2750;
730.67;0;0;0;0;93;207;50;50;50;50;50;1979;344;950;4.0;30.4;-39.0;14.4;5.5;76.6;0.0000;0.0181;-0.0750;0.1500;
730.92;1;0;0;0;93;207;50;50;50;50;50;1943;344;950;4.0;30.4;-39.0;14.4;5.5;76.6;0.0000;0.0092;0.0500;0.0250;
731.17;1;0;0;0;93;207;50;50;50;50;50;1692;344;950;3.9;30.2;-34.5;14.4;5.5;76.6;0.0000;0.0092;0.1500;102.2500;
731.42;1;0;0;0;93;207;50;51;50;51;51;1528;344;950;3.9;30.2;-32.0;14.4;5.5;76.6;0.0000;0.0091;0.1750;102.2750;
731.67;1;0;0;0;92;207;51;51;51;51;51;1433;344;950;3.8;30.0;-31.0;14.4;5.5;76.6;0.0000;0.0091;0.1500;102.3250;
731.92;0;0;0;0;92;207;51;51;51;51;51;1436;344;950;3.8;30.0;-31.5;14.4;5.5;76.6;0.0000;0.0086;0.2250;102.3000;
732.17;0;0;0;0;92;207;51;51;51;51;51;1446;344;950;3.8;30.0;-31.5;14.4;5.5;76.6;0.0000;0.0087;0.1500;102.2250;
732.42;0;0;0;0;92;207;51;51;51;51;51;1452;344;950;3.8;29.7;-32.0;14.4;5.5;76.6;0.0000;0.0091;0.2000;0.0000;
732.68;0;0;0;0;92;207;51;52;51;51;51;1455;344;950;3.8;29.7;-32.0;14.4;5.5;76.6;0.0000;0.0086;0.1250;102.2500;
732.93;0;0;0;0;92;207;51;52;52;52;52;1465;344;950;3.8;29.4;-32.0;14.4;5.5;76.6;0.0000;0.0057;0.1500;0.0250;
733.18;0;0;0;0;92;207;52;52;52;52;52;1471;344;950;3.9;29.1;-32.5;14.4;5.5;76.6;0.0000;0.0026;0.1750;102.3000;
733.43;0;0;0;0;92;207;52;52;52;52;52;1473;344;950;3.9;29.1;-32.5;14.4;5.5;76.6;0.0000;-0.0020;0.1750;102.1500;
733.68;0;0;0;0;92;207;53;53;52;52;53;1489;344;950;4.0;28.4;-32.5;14.4;5.5;76.6;0.0000;-0.0029;0.2750;0.0000;
733.93;0;0;0;0;92;207;52;52;52;52;53;1480;344;950;4.0;28.4;-32.5;14.4;5.5;76.6;0.0000;-0.0004;0.1500;102.3750;
734.18;0;0;0;0;92;207;52;52;52;52;52;1479;344;950;4.1;27.9;-32.5;14.4;5.5;76.6;0.0000;0.0004;-0.0500;102.2000;
734.43;0;0;0;0;92;207;52;52;52;52;52;1483;344;950;4.2;27.6;-32.5;14.4;5.5;76.6;0.0000;0.0018;-0.0750;0.0750;
734.68;0;0;0;0;92;207;52;52;52;52;52;1476;344;950;4.2;27.6;-32.5;14.4;5.5;76.6;0.0000;0.0020;-0.0750;102.3750;
734.93;0;0;0;0;93;207;52;52;52;52;52;1468;344;950;4.2;27.0;-32.5;14.4;5.5;76.6;0.0000;0.0020;-0.2250;0.1750;
735.18;0;0;0;0;93;207;51;51;51;51;52;1456;344;950;4.2;27.2;-32.5;14.4;5.5;76.6;0.0000;0.0009;-0.4000;0.0000;
735.43;0;0;0;0;93;207;51;51;51;51;51;1449;344;950;4.2;27.2;-9.5;14.4;5.5;76.6;0.2000;-0.0025;-0.4000;0.0000;
735.68;0;0;0;0;93;207;51;51;51;51;51;1483;344;950;4.2;27.2;31.0;14.4;5.5;76.6;0.2706;-0.0057;-0.2500;102.3000;
735.93;0;0;0;0;93;207;51;51;51;51;51;1450;344;950;4.2;27.5;96.5;14.4;5.5;76.6;0.3412;-0.0074;-0.0500;102.2250;
736.18;0;0;0;0;93;207;51;51;51;51;51;1443;344;950;4.2;26.9;120.5;14.4;5.5;76.6;0.3373;-0.0095;-0.2000;102.2250;
736.43;0;0;0;0;93;207;51;51;51;51;51;1450;344;950;4.2;26.9;126.5;14.4;5.5;76.6;0.3216;-0.0128;-0.0750;102.1500;
736.68;0;0;0;0;93;207;51;51;51;51;51;1446;344;950;4.1;26.7;129.0;14.4;5.5;76.6;0.3255;-0.0163;0.0500;101.8250;
736.93;0;0;0;0;93;207;51;51;51;51;51;1449;344;950;4.1;26.7;125.0;14.4;5.5;76.6;0.3216;-0.0259;-0.1000;101.6750;
737.18;0;0;0;0;93;207;51;51;51;51;51;1444;344;950;4.0;26.3;124.5;14.4;5.5;76.6;0.3216;-0.0265;-0.1250;101.5250;
737.43;0;0;0;0;93;207;51;51;51;51;51;1444;344;950;3.9;25.4;125.0;14.4;5.5;76.6;0.3373;-0.0265;-0.0750;101.7000;
737.70;0;0;0;0;93;207;51;51;51;51;51;1448;344;950;3.9;25.4;133.5;14.4;5.5;76.6;0.3804;-0.0252;-0.0500;101.7000;
737.95;0;0;0;0;93;207;51;51;51;51;51;1448;344;950;3.8;24.7;159.5;14.4;5.5;76.6;0.3765;-0.0238;-0.0250;101.6000;
738.20;0;0;0;0;93;207;51;51;51;51;51;1446;344;950;3.7;24.5;163.0;14.4;5.5;76.6;0.3765;-0.0206;0.0000;101.8500;
738.45;0;0;0;0;93;207;51;51;51;51;51;1451;344;950;3.7;24.5;158.0;14.4;5.5;76.6;0.3686;-0.0175;0.0750;102.1250;
738.70;0;0;0;0;93;207;51;51;51;51;51;1451;344;950;3.6;23.5;158.0;14.4;5.5;76.6;0.3686;-0.0132;0.0500;102.2500;
738.95;0;0;0;0;93;207;51;51;51;51;51;1452;344;950;3.6;23.5;155.5;14.4;5.5;76.6;0.3647;-0.0109;-0.0250;102.0750;
739.20;0;0;0;0;93;207;51;51;51;51;52;1455;344;950;3.5;23.3;155.5;14.4;5.5;76.6;0.3647;-0.0091;0.0750;102.1500;
739.45;0;0;0;0;93;207;51;51;51;51;52;1455;344;950;3.4;22.9;151.5;14.4;5.5;76.6;0.3569;-0.0064;0.0250;0.0750;
739.70;0;0;0;0;93;207;51;51;51;51;52;1455;344;950;3.4;22.9;149.5;14.4;5.5;76.6;0.3569;-0.0009;0.0000;102.3000;
739.95;0;0;0;0;93;207;51;51;51;51;52;1455;344;950;3.3;22.3;148.5;14.4;5.5;76.6;0.3529;0.0011;0.0000;0.2500;
740.20;0;0;0;0;93;207;51;51;51;51;51;1452;344;950;3.3;22.3;147.0;14.4;5.5;76.6;0.3529;0.0022;-0.1000;0.1500;
740.45;0;0;0;0;93;207;51;51;51;51;51;1453;344;950;3.2;22.6;146.0;14.4;5.5;76.6;0.3529;0.0041;-0.0500;0.1750;
740.70;0;0;0;0;93;207;51;51;51;51;51;1452;344;950;3.2;22.6;144.5;14.4;5.5;76.6;0.3490;0.0064;-0.1000;0.1000;
740.95;0;0;0;0;93;207;51;51;51;51;51;1453;344;950;3.2;22.6;145.5;14.4;5.5;76.6;0.3529;0.0066;0.0000;0.2250;
741.20;0;0;0;0;93;207;51;51;51;51;51;1454;344;950;3.2;22.9;145.5;14.4;5.5;76.6;0.3529;0.0066;0.0250;0.2000;
741.45;0;0;0;0;93;207;51;51;51;51;52;1457;344;950;3.2;22.9;146.0;14.4;5.5;76.6;0.3490;0.0064;0.0250;0.2250;
741.70;0;0;0;0;93;207;51;51;51;51;51;1455;344;950;3.2;23.3;144.0;14.4;5.5;76.6;0.3451;0.0014;-0.0250;0.2250;
741.95;0;0;0;0;93;207;51;51;51;51;51;1452;344;950;3.2;23.9;143.0;14.4;5.5;76.6;0.3451;-0.0009;-0.0750;0.1250;
742.20;0;0;0;0;93;207;51;51;51;51;51;1450;344;950;3.2;23.9;142.0;14.4;5.5;76.6;0.3451;-0.0009;-0.0750;0.0750;
742.45;0;0;0;0;93;207;51;51;51;51;51;1450;344;950;3.2;23.9;141.5;14.4;5.5;76.6;0.3451;-0.0009;-0.0750;0.2250;
742.71;0;0;0;0;93;207;51;51;51;51;51;1447;344;950;3.2;23.9;140.5;14.4;5.5;76.6;0.3451;-0.0051;-0.1000;0.0500;
742.96;0;0;0;0;93;207;51;51;51;51;51;1443;344;950;3.2;24.3;140.0;14.4;5.5;76.6;0.3412;-0.0056;-0.1000;0.1500;
743.21;0;0;0;0;93;207;51;51;51;51;51;1443;344;950;3.2;24.6;139.5;14.4;5.5;76.6;0.3412;-0.0054;-0.1000;102.2750;
743.46;0;0;0;0;93;207;51;51;51;51;51;1437;344;950;3.2;24.6;139.5;14.4;5.5;76.6;0.3451;-0.0066;-0.1250;0.1000;
743.71;0;0;0;0;93;207;51;51;51;51;51;1442;344;950;3.2;24.4;141.0;14.4;5.5;76.6;0.3529;-0.0088;-0.1000;0.0500;
743.96;0;0;0;0;93;207;51;50;51;51;51;1432;344;950;3.2;24.4;145.0;14.4;5.5;76.6;0.3529;-0.0092;-0.1250;102.3750;
744.21;0;0;0;0;93;207;51;51;51;50;51;1429;343;950;3.2;24.5;146.5;14.4;5.5;76.6;0.3529;-0.0095;-0.1250;0.1500;
744.46;0;0;0;0;93;207;51;50;50;50;51;1430;343;950;3.2;24.5;145.0;14.4;5.5;76.6;0.3490;-0.0097;-0.1500;102.1750;
744.71;0;0;0;0;93;207;50;50;50;50;50;1425;343;950;3.2;24.4;145.0;14.4;5.5;76.6;0.3529;-0.0095;-0.1000;102.1500;
744.96;0;0;0;0;93;207;50;50;50;50;50;1419;343;950;3.2;24.2;147.5;14.4;5.5;76.6;0.3647;-0.0128;-0.1750;102.3000;
745.21;0;0;0;0;93;207;50;50;50;50;50;1424;343;950;3.2;24.2;154.5;14.4;5.5;76.6;0.3882;-0.0135;-0.1000;102.1500;
745.46;0;0;0;0;93;207;50;50;50;50;50;1420;343;950;3.2;24.1;172.0;14.4;5.5;76.6;0.4039;-0.0132;-0.0500;101.8750;
745.71;0;0;0;0;93;207;50;50;50;50;50;1417;343;950;3.2;24.1;180.0;14.4;5.5;76.6;0.4000;-0.0102;-0.1000;102.0000;
745.96;0;0;0;0;93;207;50;50;50;50;50;1418;343;950;3.2;23.8;177.5;14.4;5.5;76.6;0.3922;-0.0054;-0.0250;0.1000;
746.21;0;0;0;0;93;207;50;50;50;50;50;1421;343;950;3.2;23.5;176.0;14.4;5.5;76.6;0.3922;-0.0022;0.0000;0.4750;
746.46;0;0;0;0;93;207;50;50;50;50;50;1421;343;950;3.2;23.5;174.0;14.4;5.5;76.6;0.3922;-0.0013;0.0250;0.1750;
746.71;0;0;0;0;93;207;50;50;50;50;50;1421;343;950;3.2;23.5;172.5;14.4;5.5;76.6;0.3882;-0.0001;0.0000;0.1750;
746.96;0;0;0;0;93;207;50;50;50;50;50;1419;343;950;3.2;23.6;165.5;14.4;5.5;76.6;0.3686;0.0011;-0.0500;0.2000;
747.21;0;0;0;0;93;207;50;50;50;50;50;1415;343;950;3.2;23.6;158.5;14.4;5.5;76.6;0.3608;0.0020;-0.0750;0.2500;
747.46;0;0;0;0;93;207;50;50;50;50;50;1413;343;950;3.2;23.2;146.5;14.4;5.5;76.6;0.3373;0.0022;-0.1000;0.1250;
747.72;0;0;0;0;93;207;50;50;50;50;50;1409;343;950;3.2;23.2;125.0;14.4;5.5;76.6;0.3176;0.0004;-0.1500;0.1000;
747.97;0;0;0;0;93;207;49;50;50;49;50;1403;343;950;3.2;23.6;117.5;14.4;5.5;76.6;0.3059;-0.0003;-0.1750;0.0000;
748.22;0;0;0;0;93;207;49;49;49;49;50;1400;343;950;3.2;23.6;104.5;14.4;5.5;76.6;0.2588;-0.0025;-0.2250;0.0750;
748.47;0;0;0;0;93;207;49;49;49;49;49;1388;343;950;3.2;23.7;72.5;14.4;5.5;76.6;0.2431;-0.0057;-0.4000;102.1750;
748.72;0;0;0;0;93;207;48;48;48;48;49;1369;343;950;3.2;23.7;56.5;14.4;5.5;76.6;0.1059;-0.0117;-0.5000;102.1750;
748.97;0;0;0;0;93;207;48;48;48;48;48;1330;343;950;3.2;23.7;-15.0;14.4;5.5;76.6;0.0000;-0.0172;-0.7250;101.7000;
749.22;0;0;0;0;93;207;47;46;47;46;47;1316;343;950;3.2;24.1;-27.5;14.4;5.5;76.6;0.0000;-0.0212;-0.9750;101.8500;
749.47;0;0;0;0;93;207;46;45;46;45;46;1298;343;950;3.2;24.1;-30.5;14.4;5.5;76.6;0.0000;-0.0264;-1.0750;101.6750;
749.72;0;0;0;0;93;207;45;44;45;44;45;1270;343;950;3.2;24.3;-29.5;14.4;5.5;76.6;0.0000;-0.0348;-1.1000;101.4750;
749.97;0;0;0;0;93;207;44;44;44;43;44;1238;343;950;3.2;24.4;-29.5;14.4;5.5;76.6;0.0000;-0.0391;-1.1250;101.4250;
750.22;0;0;0;0;93;207;43;42;42;42;43;1213;343;950;3.2;24.4;-29.5;14.4;5.5;76.6;0.0000;-0.0425;-1.2500;101.2500;
750.47;0;0;0;0;93;207;42;41;42;41;42;1176;343;950;3.2;24.5;-29.0;14.4;5.5;76.6;0.0000;-0.0478;-1.1750;101.3000;
750.72;1;0;0;0;93;207;41;40;41;40;40;1109;343;950;3.2;24.5;-29.0;14.4;5.5;76.6;0.0000;-0.0630;-1.3000;100.8750;
750.97;1;0;0;0;93;207;40;39;40;39;40;893;343;950;3.2;24.5;-3.5;14.4;5.5;76.6;0.0000;-0.0669;-1.1750;100.8750;
751.22;1;0;0;0;93;207;39;38;39;38;39;883;343;950;3.2;24.0;-3.0;14.4;5.5;76.6;0.0000;-0.0717;-1.0250;100.9500;
751.47;1;0;0;0;93;207;38;37;38;37;38;934;343;950;3.2;24.0;-29.0;14.4;5.5;76.6;0.0000;-0.0828;-1.1000;100.5750;
751.72;1;0;0;0;93;207;37;36;36;35;36;1085;343;950;3.2;24.0;-20.0;14.4;5.5;76.6;0.0627;-0.1068;-1.2500;100.2750;
751.97;1;0;0;0;93;207;36;34;35;34;35;1467;343;950;3.2;23.6;24.0;14.4;5.5;76.6;0.1686;-0.1103;-1.4250;100.3250;
752.22;1;0;0;0;93;207;35;34;35;34;35;1360;343;950;3.2;23.6;41.0;14.4;5.5;76.6;0.1843;-0.1109;-0.7750;100.4500;
752.47;0;0;0;0;93;207;34;33;34;33;34;1351;343;950;3.2;23.6;44.5;14.4;5.5;76.6;0.2157;-0.1179;-0.8250;100.3000;
752.74;0;0;0;0;93;207;34;33;34;33;33;1330;343;950;3.2;22.7;60.0;14.4;5.5;76.6;0.2667;-0.1332;-0.6750;100.0750;
752.99;0;0;0;0;93;207;33;32;33;32;33;1314;343;950;3.2;22.3;78.5;14.4;5.5;76.6;0.2863;-0.1327;-0.5750;100.3000;
753.24;0;0;0;0;93;207;33;32;33;32;33;1304;343;950;3.2;22.3;100.5;14.4;5.5;76.6;0.3137;-0.1276;-0.4000;101.0750;
753.49;0;0;0;0;93;207;33;32;33;32;32;1294;343;950;3.2;21.4;112.5;14.4;5.5;76.6;0.3176;-0.1019;-0.3500;101.3250;
753.74;0;0;0;0;93;207;32;32;32;32;32;1300;343;950;3.2;21.4;136.0;14.4;5.5;76.6;0.3922;-0.0222;-0.0500;102.1250;
753.99;0;0;0;0;93;207;32;32;32;32;32;1295;343;950;3.2;20.6;159.0;14.4;5.5;76.6;0.3961;0.0260;-0.0250;0.8500;
754.24;0;0;0;0;93;207;32;33;32;33;32;1296;343;950;3.2;20.9;174.5;14.4;5.5;76.6;0.4000;0.0707;0.0250;1.7000;
754.49;0;0;0;0;93;207;32;33;32;33;33;1306;343;950;3.2;20.9;179.5;14.4;5.5;76.6;0.4000;0.0913;0.1500;1.5500;
754.74;0;0;0;0;93;207;32;34;32;33;33;1317;343;948;3.2;21.5;181.5;14.4;5.5;76.6;0.4000;0.1104;0.2000;1.7750;
754.99;0;0;0;0;93;207;33;34;33;34;33;1327;343;950;3.2;21.9;183.0;14.4;5.5;76.6;0.4078;0.1186;0.2250;2.0750;
755.24;0;0;0;0;93;207;33;34;33;34;34;1351;343;950;3.2;21.9;202.0;14.4;5.5;76.6;0.4471;0.1271;0.4000;2.2000;
755.49;0;0;0;0;93;207;33;35;34;35;34;1363;343;948;3.2;22.8;213.0;14.4;5.5;76.6;0.4549;0.1278;0.4250;2.0500;
755.74;0;0;0;0;93;207;34;35;34;35;35;1386;343;948;3.2;22.8;220.0;14.4;5.5;76.6;0.4627;0.1267;0.4750;2.0750;
755.99;0;0;0;0;93;207;34;36;34;36;35;1399;343;950;3.2;23.9;225.0;14.4;5.5;76.6;0.4667;0.1231;0.4750;2.0500;
756.24;0;0;0;0;93;207;35;36;35;36;36;1429;343;950;3.2;24.5;232.5;14.4;5.5;76.6;0.4824;0.1116;0.5500;1.7250;
756.49;0;0;0;0;93;207;36;37;36;37;36;1452;343;948;3.2;24.5;238.0;14.4;5.5;76.6;0.4941;0.0967;0.6750;1.2500;
756.74;0;0;0;0;93;207;37;38;37;37;37;1485;343;948;3.2;24.5;246.5;14.4;5.5;76.6;0.5020;0.0646;0.7250;1.0000;
756.99;0;0;0;0;93;207;38;38;38;38;38;1512;343;948;3.2;25.6;249.5;14.4;5.5;76.6;0.5098;0.0517;0.8000;0.7750;
757.24;0;0;0;0;93;207;39;39;39;39;39;1555;343;948;3.2;26.1;253.0;14.4;5.5;76.6;0.5176;0.0384;0.9250;0.2750;
757.49;0;0;0;0;93;207;40;40;40;40;40;1582;343;948;3.2;26.1;255.0;14.4;5.5;76.6;0.5216;0.0285;0.9250;0.1500;
757.75;0;0;0;0;93;207;41;41;41;41;41;1630;343;948;3.2;26.5;255.0;14.4;5.5;76.6;0.5216;0.0138;1.0750;102.3500;
758.00;0;0;0;0;93;207;41;41;42;42;42;1656;343;948;3.2;26.8;254.5;14.4;5.5;76.6;0.5216;0.0086;0.9750;102.3000;
758.25;0;0;0;0;93;207;43;43;43;43;43;1703;343;948;3.2;26.8;254.0;14.4;5.5;76.6;0.5216;0.0066;1.0750;102.2000;
758.50;0;0;0;0;93;207;43;44;44;44;43;1729;343;948;3.2;26.2;251.5;14.4;5.5;76.6;0.5176;0.0066;1.0250;101.9750;
758.75;0;0;0;0;93;207;45;45;45;45;45;1785;343;948;3.2;25.2;249.0;14.4;5.5;76.6;0.5176;0.0072;1.0500;102.2500;
759.00;0;0;0;0;93;207;46;46;46;46;46;1817;343;948;3.2;25.2;247.5;14.4;5.5;76.6;0.5137;0.0082;1.0500;102.1500;
759.25;0;0;0;0;93;207;46;47;46;46;47;1760;343;948;3.2;24.2;24.5;14.4;5.5;76.6;0.0000;0.0084;0.9750;102.2750;
759.50;1;0;0;0;93;207;46;46;46;46;46;1719;343;948;3.2;24.2;-30.0;14.4;5.5;76.6;0.0000;0.0066;0.1250;0.1000;
759.75;1;0;0;0;93;207;45;45;45;45;45;1453;343;948;3.2;24.0;-30.5;14.4;5.5;76.6;0.0000;0.0057;-0.4750;102.1250;
760.00;1;0;0;0;93;207;45;45;45;45;45;1465;343;948;3.2;23.4;65.5;14.4;5.5;76.6;0.3216;0.0033;-0.6000;102.2250;
760.25;0;0;0;0;93;207;45;45;45;45;45;1282;343;948;3.2;23.4;122.0;14.4;5.5;76.6;0.3294;0.0034;-0.2000;0.6750;
760.50;0;0;0;0;93;207;45;45;45;45;45;1279;343;948;3.2;22.7;128.0;14.4;5.5;76.6;0.3255;0.0104;-0.0750;0.4750;
760.75;0;0;0;0;93;207;45;45;45;45;45;1273;343;948;3.2;22.7;128.5;14.4;5.5;76.6;0.3216;0.0133;-0.0250;0.0000;
761.00;0;0;0;0;93;207;45;45;45;45;45;1275;343;948;3.2;22.5;125.5;14.4;5.5;76.6;0.3176;0.0145;0.0500;102.3750;
761.25;0;0;0;0;93;207;45;45;45;45;45;1277;341;948;3.2;22.5;124.0;14.4;5.5;76.6;0.3137;0.0183;0.0500;0.1250;
761.50;0;0;0;0;93;207;45;45;45;45;45;1278;341;948;3.2;22.4;122.5;14.4;5.5;76.6;0.3137;0.0250;0.0250;0.2250;
761.75;0;0;0;0;93;207;45;45;45;45;45;1279;341;948;3.2;22.8;115.0;14.4;5.5;76.6;0.2863;0.0254;0.0250;0.2500;
762.00;0;0;0;0;93;207;45;45;45;45;45;1276;341;948;3.2;22.8;96.0;14.4;5.5;76.6;0.2667;0.0254;-0.0250;0.4000;
762.25;0;0;0;0;94;207;45;46;45;45;45;1286;341;948;3.2;23.4;88.5;14.4;5.5;76.6;0.2627;0.0277;0.0750;0.4750;
762.50;0;0;0;0;94;207;45;46;45;46;45;1284;341;948;3.2;23.4;73.0;14.4;5.5;76.6;0.2314;0.0382;0.0000;0.6500;
762.76;0;0;0;0;94;207;45;46;45;45;45;1284;341;948;3.2;23.9;62.5;14.4;5.5;76.6;0.2275;0.0387;-0.0750;0.8250;
763.01;0;0;0;0;94;207;45;45;45;45;45;1280;341;948;3.2;25.2;62.5;14.4;5.5;76.6;0.2314;0.0391;-0.1000;1.0000;
763.26;0;0;0;0;94;207;45;45;45;45;45;1275;341;948;3.2;25.2;65.0;14.4;5.5;76.6;0.2314;0.0392;-0.1250;0.5500;
763.51;0;0;0;0;94;207;45;45;44;45;45;1272;341;948;3.2;26.3;64.5;14.4;5.5;76.6;0.2314;0.0367;-0.1500;0.7750;
763.76;0;0;0;0;94;207;45;45;45;45;45;1270;341;948;3.2;26.4;65.0;14.4;5.5;76.6;0.2314;0.0341;-0.1000;0.7250;
764.01;0;0;0;0;94;207;44;45;45;45;45;1272;341;948;3.2;26.4;63.0;14.4;5.5;76.6;0.2314;0.0225;-0.1000;0.8500;
764.26;0;0;0;0;94;207;45;45;44;45;45;1273;341;948;3.2;26.8;63.5;14.4;5.5;76.6;0.2510;0.0107;-0.1000;0.2250;
764.51;0;0;0;0;94;207;45;44;45;45;45;1274;341;948;3.2;26.8;82.5;14.4;5.5;76.6;0.3490;0.0034;-0.1000;102.2250;
764.76;0;0;0;0;94;207;45;45;45;45;45;1274;341;948;3.2;27.1;135.0;14.4;5.5;76.6;0.3725;0.0008;-0.0500;101.9750;
765.01;0;0;0;0;94;207;45;45;45;45;45;1280;341;948;3.2;27.1;155.5;14.4;5.5;76.6;0.3922;-0.0018;0.2250;0.0750;
765.26;0;0;0;0;94;207;46;46;45;46;46;1292;341;948;3.2;26.8;178.5;14.4;5.5;76.6;0.4078;-0.0041;0.4000;0.0500;
765.51;0;0;0;0;94;207;46;46;46;46;46;1304;341;948;3.2;26.8;186.5;14.4;5.5;76.6;0.4078;-0.0022;0.5000;0.2000;
765.76;0;0;0;0;94;207;47;47;46;46;47;1321;341;948;3.2;26.8;187.0;14.4;5.5;76.6;0.4078;-0.0022;0.5500;102.3500;
766.01;0;0;0;0;94;207;47;47;47;47;47;1336;341;948;3.2;26.7;183.5;14.4;5.5;76.6;0.3961;-0.0022;0.5250;0.2000;
766.26;0;0;0;0;94;207;48;48;48;48;48;1350;341;948;3.2;26.7;177.0;14.4;5.5;76.6;0.3922;-0.0036;0.5750;0.2500;
766.51;0;0;0;0;94;207;48;48;48;48;48;1356;341;948;3.2;26.2;175.5;14.4;5.5;76.6;0.3922;-0.0072;0.4500;0.0750;
766.76;0;0;0;0;94;207;49;49;49;49;48;1374;341;948;3.2;26.2;176.0;14.4;5.5;76.6;0.3922;-0.0109;0.4750;102.2750;
767.01;0;0;0;0;94;207;49;49;49;49;49;1385;341;948;3.2;26.2;175.0;14.4;5.5;76.6;0.3922;-0.0130;0.5000;102.2750;
767.26;0;0;0;0;94;207;49;49;49;49;49;1399;341;948;3.2;25.2;174.0;14.4;5.5;76.6;0.3922;-0.0135;0.5000;102.2500;
767.51;0;0;0;0;94;207;50;50;50;50;50;1409;341;948;3.2;25.2;174.0;14.4;5.5;76.6;0.3922;-0.0109;0.4500;0.0000;
767.79;0;0;0;0;94;207;50;50;50;50;50;1423;341;948;3.2;24.4;173.5;14.4;5.5;76.6;0.3922;-0.0107;0.4500;102.3250;
768.04;0;0;0;0;94;207;51;51;51;51;51;1441;341;948;3.2;24.0;171.5;14.4;5.5;76.6;0.3843;-0.0087;0.4750;102.2500;
768.29;0;0;0;0;94;207;51;51;51;51;51;1447;341;948;3.2;24.0;167.5;14.4;5.5;76.6;0.3686;-0.0059;0.4250;0.0250;
768.54;0;0;0;0;94;207;51;51;51;51;52;1425;341;948;3.2;23.2;25.0;14.4;5.5;76.6;0.0745;-0.0038;0.3750;0.0000;
768.79;0;0;0;0;94;207;51;51;51;51;51;1465;341;948;3.2;23.3;59.0;14.4;5.5;76.6;0.2784;-0.0020;0.0500;0.0750;
769.04;0;0;0;0;94;207;51;51;51;51;51;1451;341;948;3.2;23.3;88.0;14.4;5.5;76.6;0.2745;0.0014;0.0000;0.1750;
769.29;0;0;0;0;94;207;51;51;51;51;51;1455;341;948;3.2;23.3;89.5;14.4;5.5;76.6;0.2706;0.0031;0.0250;0.3500;
769.54;0;0;0;0;94;207;51;52;51;51;51;1452;341;948;3.2;23.8;88.5;14.4;5.5;76.6;0.2667;0.0044;0.0500;0.2750;
769.79;0;0;0;0;94;207;51;51;51;51;52;1458;341;948;3.2;23.8;85.5;14.4;5.5;76.6;0.2627;0.0038;0.0500;0.2000;
770.04;0;0;0;0;94;207;51;52;51;51;52;1457;341;948;3.2;23.8;82.0;14.4;5.5;76.6;0.2588;0.0031;0.0250;102.2250;
770.29;0;0;0;0;94;207;51;51;51;51;52;1456;341;948;3.2;23.8;81.0;14.4;5.5;76.6;0.2549;0.0041;-0.0250;0.0000;
770.54;0;0;0;0;94;207;51;52;51;52;52;1461;341;948;3.2;23.8;78.5;14.4;5.5;76.6;0.2510;0.0086;0.0000;0.0750;
770.79;0;0;0;0;94;207;51;52;51;52;52;1459;341;948;3.2;24.2;76.5;14.4;5.5;76.6;0.2471;0.0104;0.0000;0.0750;
771.04;0;0;0;0;94;207;51;52;52;52;52;1460;341;948;3.2;24.1;74.5;14.4;5.5;76.6;0.2431;0.0109;-0.0250;0.3250;
771.29;0;0;0;0;94;207;51;52;51;52;52;1463;341;948;3.2;24.1;72.5;14.4;5.5;76.6;0.2431;0.0118;0.0000;0.1750;
771.54;0;0;0;0;94;207;51;52;51;52;52;1460;341;948;3.2;24.5;70.5;14.4;5.5;76.6;0.2392;0.0206;0.0250;0.3250;
771.79;0;0;0;0;94;207;51;52;51;52;52;1462;341;946;3.2;25.0;69.0;14.4;5.5;76.6;0.2392;0.0222;0.0000;0.3500;
772.04;0;0;0;0;94;207;51;52;51;52;52;1460;341;948;3.2;25.0;67.0;14.4;5.5;76.6;0.2353;0.0270;-0.0250;0.6750;
772.29;0;0;0;0;94;207;51;52;51;52;52;1460;341;946;3.2;25.4;66.0;14.4;5.5;76.6;0.2353;0.0308;-0.0250;0.7500;
772.54;0;0;0;0;94;207;51;52;51;52;52;1460;341;946;3.2;25.4;64.5;14.4;5.5;76.6;0.2353;0.0382;-0.0750;0.9000;
772.80;0;0;0;0;94;207;51;52;51;52;52;1457;341;946;3.2;25.8;65.0;14.4;5.5;76.6;0.2314;0.0410;-0.0250;1.1000;
773.05;0;0;0;0;94;207;51;52;51;52;52;1459;341;946;3.2;26.5;64.5;14.4;5.5;76.6;0.2314;0.0422;-0.0500;1.1250;
773.30;0;0;0;0;94;207;51;52;51;52;52;1457;341;946;3.2;26.5;64.0;14.4;5.5;76.6;0.2314;0.0415;-0.0250;1.2500;
773.55;0;0;0;0;94;207;51;52;51;52;52;1454;341;946;3.2;27.0;64.0;14.4;5.5;76.6;0.2314;0.0405;-0.0750;1.1750;
773.80;0;0;0;0;94;207;51;52;51;52;52;1459;341;946;3.2;27.0;62.5;14.4;5.5;76.6;0.2275;0.0392;-0.0500;0.9750;
774.05;0;0;0;0;94;207;51;52;51;52;52;1456;341;946;3.2;27.3;61.5;14.4;5.5;76.6;0.2275;0.0378;-0.0500;0.9250;
774.30;0;0;0;0;94;207;51;52;51;52;52;1457;341;948;3.2;27.3;61.0;14.4;5.5;76.6;0.2235;0.0336;0.0000;0.7000;
774.55;0;0;0;0;94;207;51;52;51;52;52;1457;341;948;3.2;28.0;59.0;14.4;5.5;76.6;0.2235;0.0296;-0.0500;0.6000;
774.80;0;0;0;0;94;207;51;52;51;52;52;1457;341;946;3.2;28.2;59.0;14.4;5.5;76.6;0.2235;0.0254;0.0250;0.5250;
775.05;0;0;0;0;94;207;51;52;51;52;52;1458;341;946;3.2;28.2;57.5;14.4;5.5;76.6;0.2196;0.0247;0.0000;0.4500;
775.30;0;0;0;0;94;207;51;52;51;52;52;1460;341;946;3.2;28.4;56.0;14.4;5.5;76.6;0.2157;0.0194;0.0250;0.3750;
775.55;0;0;0;0;94;207;51;52;51;52;52;1457;341;946;3.2;28.7;54.0;14.4;5.5;76.6;0.2118;0.0172;0.0000;0.3750;
775.80;0;0;0;0;94;207;52;52;51;52;52;1463;341;946;3.2;28.7;52.0;14.4;5.5;76.6;0.2118;0.0099;0.0250;0.1250;
776.05;0;0;0;0;94;207;51;52;52;52;52;1460;341;946;3.2;28.8;49.5;14.4;5.5;76.6;0.2039;0.0070;0.0000;102.3750;
776.30;0;0;0;0;94;207;52;52;52;52;52;1462;341;946;3.2;28.8;48.0;14.4;5.5;76.6;0.2000;0.0057;0.0250;102.3750;
776.55;0;0;0;0;94;207;52;52;52;52;52;1463;341;946;3.2;28.4;45.5;14.4;5.5;76.6;0.2000;0.0051;-0.0250;0.0500;
776.80;0;0;0;0;94;207;52;52;51;52;52;1459;341;946;3.2;28.3;44.5;14.4;5.5;76.6;0.1961;0.0026;-0.1000;0.0000;
777.05;0;0;0;0;94;207;52;52;52;51;52;1460;341;946;3.2;28.3;44.5;14.4;5.5;76.6;0.1961;0.0004;-0.0500;102.2000;
777.30;0;0;0;0;94;207;52;51;51;52;52;1461;341;946;3.2;27.9;44.0;14.4;5.5;76.6;0.1961;-0.0004;-0.0500;102.0750;
777.55;0;0;0;0;94;207;51;51;51;52;52;1456;341;946;3.2;27.9;43.5;14.4;5.5;76.6;0.1961;-0.0003;-0.0500;102.1250;
777.82;0;0;0;0;94;207;51;51;51;51;52;1459;341;946;3.2;27.1;43.5;14.4;5.5;76.6;0.1961;-0.0001;-0.0500;102.3750;
778.07;0;0;0;0;94;207;51;51;51;51;52;1455;341;946;3.2;27.1;43.5;14.4;5.5;76.6;0.1961;0.0000;0.0000;102.3750;
778.32;0;0;0;0;94;207;51;51;51;51;52;1459;341;946;3.2;26.8;42.5;14.4;5.5;76.6;0.1922;0.0001;-0.0250;102.3750;
778.57;0;0;0;0;94;207;51;51;51;51;52;1458;341;946;3.2;26.6;41.0;14.4;5.5;76.6;0.1922;0.0001;-0.0500;0.0750;
778.82;0;0;0;0;94;207;51;51;51;51;52;1454;341;946;3.2;26.6;40.5;14.4;5.5;76.6;0.1922;0.0003;-0.0250;0.1500;
779.07;0;0;0;0;94;207;51;51;51;51;52;1455;339;946;3.2;26.1;39.0;14.4;5.5;76.6;0.1882;0.0025;-0.0500;0.0500;
779.32;0;0;0;0;94;207;51;51;51;51;52;1454;339;946;3.2;26.1;39.0;14.4;5.5;76.6;0.1882;0.0049;-0.0250;0.2500;
779.57;0;0;0;0;94;207;51;52;51;52;52;1455;339;946;3.2;26.1;38.0;14.4;5.5;76.6;0.1843;0.0046;0.0000;0.0750;
779.82;0;0;0;0;94;207;52;51;52;52;52;1459;339;946;3.2;26.2;36.5;14.4;5.5;76.6;0.1804;0.0033;0.0250;0.4000;
780.07;0;0;0;0;94;207;52;52;52;52;52;1462;339;946;3.2;26.2;33.5;14.4;5.5;76.6;0.1725;0.0029;0.1000;0.3500;
780.32;0;0;0;0;94;207;52;52;52;52;52;1463;339;946;3.2;26.1;31.0;14.4;5.5;76.6;0.1686;0.0025;0.0500;0.2000;
780.57;0;0;0;0;94;207;52;52;52;52;52;1470;339;946;3.2;26.3;26.5;14.4;5.5;76.6;0.1608;-0.0004;0.0750;0.0500;
780.82;0;0;0;0;94;207;52;52;52;52;52;1466;339;946;3.2;26.3;25.0;14.4;5.5;76.6;0.1569;-0.0047;0.0250;0.2000;
781.07;0;0;0;0;94;207;52;52;52;52;52;1469;339;946;3.2;26.6;21.5;14.4;5.5;76.6;0.1490;-0.0077;0.0250;0.0750;
781.32;0;0;0;0;94;207;52;52;52;52;52;1468;339;946;3.2;26.6;19.5;14.4;5.5;76.6;0.1451;-0.0270;-0.0250;101.7250;
781.57;0;0;0;0;94;207;52;52;52;52;52;1468;339;946;3.2;26.4;17.0;14.4;5.5;76.6;0.1412;-0.0357;-0.0250;101.4250;
781.82;0;0;0;0;94;207;52;52;52;52;52;1468;339;946;3.2;26.4;16.0;14.4;5.5;76.6;0.1412;-0.0386;-0.1250;101.0750;
782.07;0;0;0;0;94;207;52;52;52;51;52;1463;339;946;3.2;26.1;16.0;14.4;5.5;76.6;0.1373;-0.0414;-0.0750;100.9500;
782.32;0;0;0;0;94;207;52;52;52;51;52;1470;339;946;3.2;26.1;14.0;14.4;5.5;76.6;0.1373;-0.0428;0.0000;101.0500;
782.57;0;0;0;0;94;207;52;52;52;52;52;1469;339;946;3.2;25.8;13.0;14.4;5.5;76.6;0.1294;-0.0428;-0.0250;100.8500;
782.83;0;0;0;0;94;207;52;52;52;52;52;1474;339;946;3.2;25.1;9.0;14.4;5.5;76.6;0.1176;-0.0410;0.1250;101.1500;
783.08;0;0;0;0;94;207;52;52;52;52;52;1475;339;946;3.2;25.1;5.0;14.4;5.5;76.6;0.1098;-0.0359;0.0500;101.4750;
783.33;0;0;0;0;94;207;52;52;52;52;52;1472;339;946;3.2;24.6;2.0;14.4;5.5;76.6;0.1020;-0.0278;0.0000;101.7000;
783.58;0;0;0;0;94;207;52;52;52;52;52;1473;339;946;3.2;24.7;1.5;14.4;5.5;76.6;0.1020;-0.0249;-0.0750;101.9250;
783.83;0;0;0;0;94;207;52;52;52;52;52;1474;339;946;3.2;24.7;0.0;14.4;5.5;76.6;0.0941;-0.0183;0.0000;102.0250;
784.08;0;0;0;0;94;207;52;52;52;52;52;1472;339;946;3.2;24.3;-1.0;14.4;5.5;76.6;0.0941;-0.0136;-0.0750;102.1500;
784.33;0;0;0;0;94;207;52;52;52;52;52;1473;339;946;3.2;24.3;-2.5;14.4;5.5;76.6;0.0863;-0.0034;-0.0500;0.1750;
784.58;0;0;0;0;94;207;52;52;52;52;52;1471;339;946;3.2;24.2;-4.0;14.4;5.5;76.6;0.0824;-0.0003;-0.0250;0.0500;
784.83;0;0;0;0;94;207;52;52;52;52;52;1465;339;946;3.2;24.5;-5.0;14.4;5.5;76.6;0.0824;-0.0001;-0.0750;0.0000;
785.08;0;0;0;0;94;207;52;51;52;52;52;1466;339;946;3.2;24.5;-5.0;14.4;5.5;76.6;0.0824;0.0004;-0.0750;0.2500;
785.33;0;0;0;0;94;207;52;52;52;52;52;1468;339;946;3.2;24.4;-5.0;14.4;5.5;76.6;0.0824;0.0031;-0.0750;101.6000;
785.58;0;0;0;0;94;207;52;52;52;52;52;1462;339;946;3.2;24.4;-5.0;14.4;5.5;76.6;0.0824;0.0043;-0.0750;102.1250;
785.83;0;0;0;0;94;207;52;52;52;52;52;1472;339;946;3.2;24.4;-6.5;14.4;5.5;76.6;0.0706;0.0070;0.0500;0.4250;
786.08;0;0;0;0;94;207;52;52;52;52;52;1470;339;946;3.2;24.4;-9.0;14.4;5.5;76.6;0.0667;0.0079;-0.0250;0.7750;
786.33;0;0;0;0;94;207;52;52;52;52;52;1466;339;946;3.2;25.1;-11.5;14.4;5.5;76.6;0.0627;0.0095;-0.1250;0.2250;
786.58;0;0;0;0;94;207;52;52;52;52;52;1463;339;946;3.2;26.0;-11.0;14.4;5.5;76.6;0.0627;0.0104;-0.1250;0.2250;
786.83;0;0;0;0;94;207;52;52;52;52;52;1463;339;946;3.2;26.0;-11.0;14.4;5.5;76.6;0.0627;0.0104;-0.1000;0.5000;
787.08;0;0;0;0;94;207;51;51;51;51;52;1456;339;946;3.2;26.5;-9.5;14.4;5.5;76.6;0.0706;0.0104;-0.1500;0.1000;
787.33;0;0;0;0;94;207;51;51;51;51;51;1451;339;946;3.2;26.5;-7.5;14.4;5.5;76.6;0.0784;0.0091;-0.1750;0.1750;
787.58;0;0;0;0;94;207;51;51;51;51;51;1448;339;946;3.2;27.3;-5.5;14.4;5.5;76.6;0.0863;0.0091;-0.2750;0.0500;
787.84;0;0;0;0;94;207;51;51;51;51;51;1447;339;946;3.2;27.7;-2.0;14.4;5.5;76.6;0.0941;0.0091;-0.1250;102.2750;
788.09;0;0;0;0;93;207;51;51;51;51;51;1444;339;946;3.2;27.7;-0.5;14.4;5.5;76.6;0.0980;0.0091;-0.1250;102.2500;
788.34;0;0;0;0;93;207;51;51;51;51;51;1441;339;946;3.2;27.6;0.0;14.4;5.5;76.6;0.1020;0.0091;-0.1500;102.3500;
788.59;0;0;0;0;93;207;51;51;51;51;51;1441;339;946;3.2;27.7;1.5;14.4;5.5;76.6;0.1059;0.0093;-0.1500;102.3000;
788.84;0;0;0;0;93;207;51;51;51;51;51;1442;339;946;3.2;27.7;3.0;14.4;5.5;76.6;0.1098;0.0097;-0.0750;102.2750;
789.09;0;0;0;0;93;207;51;51;51;51;51;1434;339;946;3.2;27.5;4.0;14.4;5.5;76.6;0.1137;0.0107;-0.0750;102.3250;
789.34;0;0;0;0;93;207;50;51;50;51;51;1432;339;946;3.2;27.3;5.5;14.4;5.5;76.6;0.1176;0.0107;-0.1000;102.2250;
789.59;0;0;0;0;93;207;51;51;50;51;51;1432;339;946;3.2;27.3;7.0;14.4;5.5;76.6;0.1255;0.0168;-0.1250;102.3500;
789.84;0;0;0;0;93;207;50;51;50;50;51;1428;339;946;3.2;27.4;10.0;14.4;5.5;76.6;0.1294;0.0194;-0.1000;0.1250;
790.09;0;0;0;0;93;207;50;50;50;50;50;1425;339;946;3.2;27.4;12.0;14.4;5.5;76.6;0.1333;0.0194;-0.1500;0.1250;
790.34;0;0;0;0;93;207;50;50;50;50;50;1422;339;946;3.2;27.5;14.5;14.4;5.5;76.6;0.1412;0.0194;-0.1250;0.1250;
790.59;0;0;0;0;93;207;50;50;50;50;50;1418;339;946;3.2;27.5;17.5;14.4;5.5;76.6;0.1451;0.0189;-0.1250;0.0750;
790.84;0;0;0;0;93;207;50;50;50;50;50;1415;339;946;3.2;27.2;21.0;14.4;5.5;76.6;0.1529;0.0188;-0.1000;0.0250;
791.09;0;0;0;0;93;207;50;50;50;50;50;1414;339;946;3.2;27.2;22.5;14.4;5.5;76.6;0.1569;0.0186;-0.1250;0.0750;
791.34;0;0;0;0;93;207;50;50;50;50;50;1415;339;946;3.2;27.1;24.0;14.4;5.5;76.6;0.1608;0.0164;-0.0250;0.1500;
791.59;0;0;0;0;93;207;50;50;50;50;50;1410;339;946;3.2;27.1;26.0;14.4;5.5;76.6;0.1647;0.0157;-0.0250;0.0000;
791.84;0;0;0;0;93;207;50;50;50;50;50;1408;339;946;3.2;27.1;28.5;14.4;5.5;76.6;0.1725;0.0117;-0.1500;0.0500;
792.09;0;0;0;0;93;207;50;50;50;50;50;1407;339;946;3.2;26.8;31.0;14.4;5.5;76.6;0.1765;0.0102;-0.1000;102.3250;
792.34;0;0;0;0;93;207;50;50;50;50;50;1407;339;946;3.2;26.9;34.0;14.4;5.5;76.6;0.1804;0.0062;-0.0500;102.1750;
792.59;0;0;0;0;93;207;50;50;50;50;50;1407;339;946;3.2;26.9;35.0;14.4;5.5;76.6;0.1804;0.0025;-0.0500;0.0000;
792.85;0;0;0;0;93;207;50;49;50;49;50;1409;339;946;3.2;26.7;36.5;14.4;5.5;76.6;0.1843;-0.0038;-0.0500;101.9500;
793.10;0;0;0;0;93;207;50;50;50;49;50;1404;339;946;3.2;26.7;38.5;14.4;5.5;76.6;0.1843;-0.0051;0.0000;101.8750;
793.35;0;0;0;0;93;207;49;50;50;50;50;1402;339;946;3.2;26.5;39.0;14.4;5.5;76.6;0.1882;-0.0041;-0.0750;101.9750;
793.60;0;0;0;0;93;207;50;49;50;50;50;1408;339;946;3.2;26.2;40.0;14.4;5.5;76.6;0.1922;-0.0038;0.0000;102.2250;
793.85;0;0;0;0;93;207;50;49;50;50;50;1404;339;946;3.2;26.2;42.0;14.4;5.5;76.6;0.1922;-0.0036;0.0000;101.9750;
794.10;0;0;0;0;93;207;50;50;49;50;50;1406;339;946;3.2;26.1;42.0;14.4;5.5;76.6;0.1922;-0.0031;0.0000;102.1750;
794.35;0;0;0;0;93;207;50;50;50;50;50;1407;339;946;3.2;26.1;43.5;14.4;5.5;76.6;0.1961;-0.0016;-0.0750;102.0000;
794.60;0;0;0;0;93;207;50;49;49;49;50;1401;339;946;3.2;25.7;46.5;14.4;5.5;76.6;0.2000;-0.0008;-0.0500;101.9250;
794.85;0;0;0;0;93;207;49;49;49;49;50;1400;339;946;3.2;25.7;47.5;14.4;5.5;76.6;0.2039;-0.0008;-0.0750;102.0500;
795.10;0;0;0;0;93;207;49;49;49;50;50;1402;339;948;3.2;25.4;48.0;14.4;5.5;76.6;0.2078;-0.0009;-0.0500;0.0250;
795.35;0;0;0;0;93;207;49;50;49;49;50;1404;339;946;3.2;25.4;50.0;14.4;5.5;76.6;0.2078;-0.0013;0.0250;102.1500;
795.60;0;0;0;0;93;207;49;50;49;49;50;1402;339;946;3.2;25.4;51.0;14.4;5.5;76.6;0.2078;-0.0018;0.0000;102.2500;
795.85;0;0;0;0;93;207;49;50;50;49;50;1404;339;946;3.2;25.1;52.0;14.4;5.5;76.6;0.2118;-0.0018;0.0000;102.2750;
796.10;0;0;0;0;93;207;49;50;50;50;50;1406;339;946;3.2;25.1;52.0;14.4;5.5;76.6;0.2118;0.0000;0.0250;102.2250;
796.35;0;0;0;0;93;207;50;50;50;50;50;1406;339;946;3.2;24.6;52.0;14.4;5.5;76.6;0.2118;0.0016;0.0250;102.0750;
796.60;0;0;0;0;93;207;50;50;49;50;50;1407;339;946;3.2;24.8;51.5;14.4;5.5;76.6;0.2118;0.0029;0.0000;102.1750;
796.85;0;0;0;0;93;207;50;49;50;50;50;1407;339;946;3.2;24.8;52.0;14.4;5.5;76.6;0.2118;0.0041;0.0000;102.3000;
797.10;0;0;0;0;93;207;50;50;50;50;50;1407;339;946;3.2;24.9;53.0;14.4;5.5;76.6;0.2118;0.0057;-0.0250;102.3750;
797.35;0;0;0;0;93;207;50;50;50;50;50;1409;339;946;3.2;24.6;53.5;14.4;5.5;76.6;0.2118;0.0057;0.0250;0.0750;
797.60;0;0;0;0;93;207;50;50;50;50;50;1413;339;946;3.2;24.6;52.0;14.4;5.5;76.6;0.2118;0.0047;0.0250;102.3750;
797.87;0;0;0;0;93;207;50;50;50;50;50;1412;339;946;3.2;25.2;51.5;14.4;5.5;76.6;0.2078;0.0036;0.0250;102.3250;
798.12;0;0;0;0;93;207;50;50;50;50;50;1408;339;946;3.2;25.2;52.0;14.4;5.5;76.6;0.2118;-0.0009;0.0250;102.1750;
798.37;0;0;0;0;93;207;50;50;50;50;50;1413;339;946;3.2;25.3;51.5;14.4;5.5;76.6;0.2118;-0.0020;0.0000;102.1500;
798.62;0;0;0;0;93;207;50;50;50;50;50;1412;339;946;3.2;25.3;51.5;14.4;5.5;76.6;0.2118;-0.0021;0.0000;102.0750;
798.87;0;0;0;0;93;207;50;50;50;50;50;1411;339;946;3.2;25.1;52.0;14.4;5.5;76.6;0.2118;-0.0021;0.0000;102.0500;
799.12;0;0;0;0;93;207;50;50;50;50;50;1417;337;946;3.2;25.1;52.0;14.4;5.5;76.6;0.2118;-0.0021;0.0250;101.9500;
799.37;0;0;0;0;93;207;50;50;50;50;50;1418;337;946;3.2;25.4;51.5;14.4;5.5;76.6;0.2118;-0.0020;0.0250;101.9750;
799.62;0;0;0;0;93;207;50;50;50;50;50;1416;337;946;3.2;25.4;51.5;14.4;5.5;76.6;0.2078;-0.0013;0.0250;102.1500;
799.87;0;0;0;0;93;207;50;50;50;50;50;1413;337;946;3.2;25.4;51.0;14.4;5.5;76.6;0.2118;-0.0009;-0.0750;102.3500;
800.12;0;0;0;0;93;207;50;50;50;50;50;1412;337;946;3.2;25.2;53.0;14.4;5.5;76.6;0.2157;-0.0016;-0.1000;101.9250;
800.37;0;0;0;0;93;207;50;50;50;50;50;1409;337;946;3.2;25.5;55.0;14.4;5.5;76.6;0.2157;-0.0016;-0.0750;101.9750;
800.62;0;0;0;0;93;207;50;50;50;50;50;1416;337;946;3.2;25.5;55.0;14.4;5.5;76.6;0.2157;-0.0003;0.0250;102.2500;
800.87;0;0;0;0;93;207;50;50;50;50;50;1415;337;946;3.2;25.3;55.0;14.4;5.5;76.6;0.2157;0.0001;0.0250;102.2000;
801.12;0;0;0;0;93;207;50;50;50;50;50;1413;337;946;3.2;25.3;55.5;14.4;5.5;76.6;0.2157;0.0049;0.0000;102.0500;
801.37;0;0;0;0;93;207;50;50;50;50;50;1413;337;946;3.2;25.0;56.0;14.4;5.5;76.6;0.2196;0.0082;-0.0250;0.0250;
801.62;0;0;0;0;93;207;50;50;50;50;50;1416;337;946;3.2;25.2;55.5;14.4;5.5;76.6;0.2196;0.0118;-0.0500;0.0000;
801.87;0;0;0;0;93;207;50;50;50;50;50;1406;337;946;3.2;25.2;30.5;14.4;5.5;76.6;0.1529;0.0207;-0.1000;0.5000;
802.12;0;0;0;0;93;207;50;50;49;50;50;1420;337;946;3.2;25.2;117.0;14.4;5.5;76.6;0.3882;0.0328;-0.1000;0.6500;
802.37;0;0;0;0;93;207;50;51;50;50;50;1423;337;946;3.2;25.3;163.0;14.4;5.5;76.6;0.3922;0.0364;0.1250;0.7750;
802.62;0;0;0;0;93;207;50;51;50;51;51;1430;337;946;3.2;25.3;178.0;14.4;5.5;76.6;0.4039;0.0402;0.4000;1.0750;
802.88;0;0;0;0;93;207;51;51;51;51;51;1449;337;946;3.2;25.3;175.5;14.4;5.5;76.6;0.3922;0.0409;0.4500;1.1250;
803.13;0;0;0;0;93;207;51;52;52;52;52;1468;337;946;3.2;25.7;170.5;14.4;5.5;76.6;0.3843;0.0379;0.5000;0.8750;
803.38;0;0;0;0;93;207;52;53;52;52;52;1479;337;946;3.2;26.2;168.5;14.4;5.5;76.6;0.3843;0.0336;0.5250;0.8000;
803.63;0;0;0;0;93;207;53;53;53;53;53;1495;337;946;3.2;26.2;168.0;14.4;5.5;76.6;0.3843;0.0291;0.5500;0.6000;
803.88;0;0;0;0;93;207;53;53;53;53;53;1508;337;946;3.2;26.2;168.0;14.4;5.5;76.6;0.3843;0.0259;0.5500;0.5000;
804.13;0;0;0;0;93;207;54;54;54;54;54;1526;337;946;3.2;26.2;167.5;14.4;5.5;76.6;0.3882;0.0216;0.5750;0.4000;
804.38;0;0;0;0;93;207;54;55;54;54;54;1539;337;946;3.2;26.3;169.5;14.4;5.5;76.6;0.3922;0.0199;0.5250;0.1750;
804.63;0;0;0;0;93;207;55;55;55;55;55;1554;337;946;3.2;26.4;178.0;14.4;5.5;76.6;0.4078;0.0186;0.5250;0.3250;
804.88;0;0;0;0;93;207;55;55;55;55;55;1570;337;946;3.2;26.4;181.5;14.4;5.5;76.6;0.4118;0.0141;0.5500;0.0000;
805.13;0;0;0;0;93;207;56;56;56;56;56;1586;337;946;3.2;26.3;188.0;14.4;5.5;76.6;0.4196;0.0099;0.5500;102.3500;
805.38;0;0;0;0;93;207;56;57;56;56;56;1597;337;946;3.2;26.3;194.5;14.4;5.5;76.6;0.4314;0.0093;0.5500;0.0000;
805.63;0;0;0;0;93;207;57;57;57;57;57;1621;337;946;3.2;26.3;209.0;14.4;5.5;76.6;0.4549;0.0091;0.6000;0.2000;
805.88;0;0;0;0;93;207;58;58;58;58;58;1633;337;946;3.2;26.0;221.5;14.4;5.5;76.6;0.4784;0.0091;0.6500;0.0500;
806.13;0;0;0;0;93;207;58;58;59;59;59;1659;337;946;3.2;26.0;238.0;14.4;5.5;76.6;0.4980;0.0086;0.7000;0.0000;
806.38;0;0;0;0;93;207;59;59;59;59;59;1675;337;946;3.2;25.6;246.0;14.4;5.5;76.6;0.5294;0.0086;0.6750;102.3250;
806.63;0;0;0;0;93;207;60;60;60;60;60;1706;337;946;3.2;24.9;288.5;14.4;5.5;76.6;0.6627;0.0086;0.8250;0.0250;
806.88;0;0;0;0;93;207;61;61;61;61;61;1731;337;946;3.2;24.9;338.0;14.4;5.5;76.6;0.9961;0.0079;0.8750;102.3750;
807.13;0;0;0;0;93;207;62;62;62;62;63;1769;337;946;3.2;24.9;367.5;14.4;5.5;76.6;0.9961;0.0056;1.2000;0.0500;
807.38;0;0;0;0;93;207;63;64;64;64;64;1797;337;946;3.2;24.5;371.0;14.4;5.5;76.6;0.9961;0.0049;1.3500;102.1250;
807.63;0;0;0;0;93;207;65;65;65;65;65;1847;337;946;3.2;23.5;376.0;14.4;5.5;76.6;0.9961;0.0049;1.4750;102.2250;
807.89;0;0;0;0;93;207;66;67;66;67;66;1887;337;946;3.2;23.5;376.0;14.4;5.5;76.6;0.9961;0.0051;1.6000;102.3000;
808.14;0;0;0;0;93;207;68;68;68;68;68;1932;337;946;3.2;22.8;378.5;14.4;5.5;76.6;0.9961;0.0087;1.5500;102.3000;
808.39;0;0;0;0;93;207;69;70;69;70;70;1967;337;946;3.2;22.3;379.0;14.4;5.5;76.6;0.9961;0.0118;1.6000;102.2000;
808.64;0;0;0;0;93;207;71;72;71;72;71;2021;337;946;3.2;22.3;379.5;14.4;5.5;76.6;0.9961;0.0138;1.6500;0.0250;
808.89;0;0;0;0;93;207;72;72;72;73;73;2048;337;946;3.2;21.9;379.5;14.4;5.5;76.6;0.9961;0.0141;1.5000;102.3750;
809.14;0;0;0;0;93;207;74;74;74;74;74;2100;337;946;3.2;21.4;380.0;14.4;5.5;76.6;0.9961;0.0180;1.6750;0.3750;
809.39;0;0;0;0;93;207;75;76;75;76;76;2142;337;946;3.2;21.4;379.5;14.4;5.5;76.6;0.9961;0.0194;1.6500;0.9250;
809.64;0;0;0;0;93;207;77;77;77;78;78;2186;337;946;3.2;21.4;376.5;14.4;5.5;76.6;0.9961;0.0204;1.4000;0.5750;
809.89;0;0;0;0;93;207;78;78;78;78;78;2209;337;946;3.2;21.4;380.0;14.4;5.5;76.6;0.9882;0.0214;1.4500;0.9250;
810.14;0;0;0;0;93;207;80;80;80;80;80;2260;337;946;3.2;21.7;379.5;14.4;5.5;76.6;0.9922;0.0204;1.4500;0.8500;
810.39;0;0;0;0;93;207;81;81;81;81;81;2281;337;946;3.2;21.8;380.5;14.4;5.5;76.6;0.9843;0.0204;1.4000;1.0000;
810.64;0;0;0;0;93;207;82;83;82;82;83;2326;337;946;3.2;21.8;380.0;14.4;5.5;76.6;0.9686;0.0198;1.4250;1.5000;
810.89;0;0;0;0;93;207;84;84;83;84;84;2357;337;946;3.2;21.9;379.5;14.4;5.5;76.6;0.8314;0.0183;1.4250;1.5250;
811.14;1;0;0;0;93;207;84;84;84;84;84;2330;337;946;3.2;21.9;-39.0;14.4;5.5;76.6;0.0000;0.0069;0.9750;0.6000;
811.39;1;0;0;0;93;207;83;83;83;83;83;2145;337;946;3.2;22.6;-34.0;14.4;5.5;76.6;0.0000;0.0026;0.0000;0.4250;
811.64;1;0;0;0;93;207;83;83;83;83;83;2163;337;946;3.2;22.6;201.5;14.4;5.5;76.6;0.5059;-0.0008;-0.5500;0.0250;
811.89;0;0;0;0;93;207;83;83;83;83;83;1866;337;946;3.2;23.5;248.5;14.4;5.5;76.6;0.5451;-0.0043;-0.2500;101.7500;
812.14;0;0;0;0;92;207;83;83;83;83;83;1892;337;946;3.2;23.7;270.0;14.4;5.5;76.6;0.6275;-0.0135;0.1000;102.0500;
812.39;0;0;0;0;93;207;84;84;84;84;84;1905;337;946;3.2;23.7;328.5;14.4;5.5;76.6;0.8353;-0.0257;0.3500;101.0250;
812.64;0;0;0;0;93;207;84;84;85;84;85;1915;337;946;3.2;23.9;374.0;14.4;5.5;76.6;0.9961;-0.0275;0.5000;100.5250;
812.91;0;0;0;0;93;207;86;85;86;85;86;1929;337;946;3.2;23.9;378.0;14.4;5.5;76.6;0.9961;-0.0334;0.6750;100.1000;
813.16;0;0;0;0;93;207;86;86;86;86;86;1952;337;946;3.2;23.2;377.5;14.4;5.5;76.6;0.9961;-0.0334;0.7750;99.8750;
813.41;0;0;0;0;93;207;88;87;88;87;87;1972;337;946;3.2;22.5;378.5;14.4;5.5;76.6;0.9608;-0.0343;1.0250;99.7750;
813.66;1;0;0;0;93;207;88;87;88;87;88;1951;337;946;3.2;22.5;-37.5;14.4;5.5;76.6;0.0000;-0.0316;0.7500;100.1500;
813.91;1;0;0;0;93;207;87;87;87;87;87;1789;337;946;3.2;21.8;-30.5;14.4;5.5;76.6;0.0000;-0.0308;-0.0250;100.0250;
814.16;1;0;0;0;93;207;87;86;87;86;87;1553;337;946;3.2;21.3;42.5;14.4;5.5;76.6;0.2863;-0.0338;-0.4250;100.0000;
814.41;0;0;0;0;93;207;87;86;87;86;87;1580;337;946;3.2;21.3;235.5;14.4;5.5;76.6;0.5176;-0.0354;-0.3250;99.6750;
814.66;0;0;0;0;93;207;87;86;87;86;87;1613;337;946;3.2;20.6;262.0;14.4;5.5;76.6;0.5451;-0.0354;-0.0750;100.2500;
814.91;0;0;0;0;93;207;88;87;87;87;87;1620;337;946;3.2;20.6;264.0;14.4;5.5;76.6;0.5373;-0.0375;0.1750;99.8750;
815.16;0;0;0;0;93;207;88;87;88;87;88;1625;337;946;3.2;19.9;257.5;14.4;5.5;76.6;0.5255;-0.0378;0.2500;99.5750;
815.41;0;0;0;0;93;207;89;88;88;88;88;1634;337;946;3.2;19.9;254.5;14.4;5.5;76.6;0.5216;-0.0371;0.5000;99.9750;
815.66;0;0;0;0;93;207;89;88;89;88;89;1649;337;946;3.2;18.5;251.5;14.4;5.5;76.6;0.5020;-0.0348;0.4250;100.1500;
815.91;0;0;0;0;94;207;89;89;89;89;89;1646;337;946;3.2;18.5;236.0;14.4;5.5;76.6;0.4667;-0.0331;0.5750;99.9500;
816.16;0;0;0;0;94;207;90;89;90;89;90;1655;337;946;3.2;17.0;205.5;14.4;5.5;76.6;0.4157;-0.0316;0.5000;100.3750;
816.41;0;0;0;0;94;207;90;89;90;89;90;1668;337;946;3.2;16.8;176.0;14.4;5.5;76.6;0.3843;-0.0313;0.3500;100.3000;
816.66;0;0;0;0;94;207;91;90;90;90;90;1671;337;946;3.2;16.8;154.5;14.4;5.5;76.6;0.3686;-0.0304;0.4000;100.4000;
816.91;0;0;0;0;94;207;90;90;91;90;91;1676;337;946;3.2;16.3;152.5;14.4;5.5;76.6;0.3608;-0.0249;0.3750;100.7750;
817.16;0;0;0;0;94;207;90;90;90;90;91;1674;337;946;3.2;16.6;140.5;14.4;5.5;76.6;0.3490;-0.0216;0.2250;101.2250;
817.41;0;0;0;0;94;207;91;90;90;90;91;1680;337;946;3.2;16.6;139.5;14.4;5.5;76.6;0.3490;-0.0199;0.1500;101.0750;
817.66;0;0;0;0;94;207;91;90;91;90;91;1682;337;946;3.2;17.8;138.0;14.4;5.5;76.6;0.3451;-0.0238;0.1250;101.2750;
817.92;0;0;0;0;94;207;91;91;91;90;91;1685;337;946;3.2;17.8;138.5;14.4;5.5;76.6;0.3451;-0.0230;0.0750;101.1000;
818.17;0;0;0;0;94;207;91;90;91;91;91;1685;337;946;3.2;18.0;135.5;14.4;5.5;76.6;0.3412;-0.0196;0.1000;101.4750;
818.42;0;0;0;0;94;207;91;91;91;91;91;1687;337;946;3.2;17.9;136.0;14.4;5.5;76.6;0.3412;-0.0133;0.1250;101.8000;
818.67;0;0;0;0;94;207;91;91;91;91;91;1688;337;946;3.2;17.9;133.5;14.4;5.5;76.6;0.3412;-0.0117;0.0500;102.2250;
818.92;0;0;0;0;94;207;91;91;91;91;91;1692;337;946;3.2;18.4;134.0;14.4;5.5;76.6;0.3412;-0.0093;0.0500;102.1750;
819.17;0;0;0;0;94;207;91;91;91;91;91;1691;335;946;3.2;19.6;134.0;14.4;5.5;76.6;0.3412;-0.0091;0.0250;102.2000;
819.42;0;0;0;0;94;207;91;91;91;91;91;1693;335;946;3.2;19.6;127.0;14.4;5.5;76.6;0.3294;-0.0087;0.0250;101.9000;
819.67;0;0;0;0;94;207;91;91;91;91;91;1687;335;946;3.2;19.6;126.5;14.4;5.5;76.6;0.3255;-0.0057;0.0000;101.9000;
819.92;0;0;0;0;94;207;91;91;91;91;91;1691;335;946;3.2;19.9;122.0;14.4;5.5;76.6;0.3216;-0.0001;0.0250;102.1250;
820.17;0;0;0;0;94;207;91;91;91;91;91;1692;335;946;3.2;20.7;119.0;14.4;5.5;76.6;0.3176;0.0044;-0.0250;0.0250;
820.42;0;0;0;0;94;207;91;91;91;91;91;1690;335;946;3.2;20.7;107.0;14.4;5.5;76.6;0.2902;0.0080;-0.0500;0.2750;
820.67;0;0;0;0;94;207;90;91;91;91;91;1684;335;946;3.2;21.7;99.0;14.4;5.5;76.6;0.2863;0.0122;-0.1750;0.6500;
820.92;0;0;0;0;94;207;90;90;90;91;91;1679;335;946;3.2;21.7;96.0;14.4;5.5;76.6;0.2863;0.0123;-0.2250;0.5500;
821.17;0;0;0;0;94;207;90;90;90;90;91;1675;335;946;3.2;22.6;98.0;14.4;5.5;76.6;0.2863;0.0123;-0.2250;0.6750;
821.42;0;0;0;0;94;207;90;90;90;90;90;1673;335;946;3.2;23.6;95.5;14.4;5.5;76.6;0.2863;0.0125;-0.2750;0.5750;
821.67;0;0;0;0;94;207;89;90;90;90;90;1668;335;946;3.2;23.6;97.0;14.4;5.5;76.6;0.2863;0.0125;-0.2500;0.6500;
821.92;0;0;0;0;95;207;89;90;89;90;90;1666;335;946;3.2;24.1;97.5;14.4;5.5;76.6;0.2863;0.0114;-0.2000;0.4250;
822.17;0;0;0;0;94;207;89;90;89;89;90;1660;335;946;3.2;24.9;97.5;14.4;5.5;76.6;0.2863;0.0117;-0.2000;0.8250;
822.42;0;0;0;0;94;207;89;89;89;89;89;1658;335;946;3.2;24.9;99.0;14.4;5.5;76.6;0.2902;0.0130;-0.2500;0.6000;
822.67;0;0;0;0;94;207;89;89;89;89;89;1651;335;946;3.2;25.9;99.0;14.4;5.5;76.6;0.2863;0.0127;-0.2250;0.5750;
822.93;0;0;0;0;94;207;88;89;89;89;89;1647;335;946;3.2;25.9;99.0;14.4;5.5;76.6;0.2902;0.0117;-0.2750;0.3750;
823.18;0;0;0;0;94;207;88;89;88;89;89;1647;335;946;3.2;26.4;99.0;14.4;5.5;76.6;0.2902;0.0105;-0.2500;0.4750;
823.43;0;0;0;0;95;207;88;89;88;89;89;1644;335;946;3.2;26.4;99.5;14.4;5.5;76.6;0.2902;0.0091;-0.2000;0.3750;
823.68;0;0;0;0;95;207;88;89;88;89;89;1643;335;946;3.2;26.4;101.0;14.4;5.5;76.6;0.2902;0.0051;-0.1000;0.1750;
823.93;0;0;0;0;95;207;88;89;88;89;89;1642;335;946;3.2;26.4;102.5;14.4;5.5;76.6;0.2941;0.0007;-0.1000;102.2500;
824.18;0;0;0;0;95;207;88;89;88;88;89;1644;335;946;3.2;27.3;102.5;14.4;5.5;76.6;0.2941;0.0008;-0.0750;102.2500;
824.43;0;0;0;0;95;207;88;88;88;88;89;1642;335;946;3.2;27.5;101.0;14.4;5.5;76.6;0.2902;0.0007;-0.0250;0.0000;
824.68;0;0;0;0;95;207;88;88;88;88;89;1640;335;946;3.2;27.5;100.0;14.4;5.5;76.6;0.2863;-0.0022;-0.1000;102.0500;
824.93;0;0;0;0;95;207;88;88;88;88;88;1640;335;946;3.2;26.8;98.5;14.4;5.5;76.6;0.2902;-0.0021;-0.0750;102.1500;
825.18;0;0;0;0;95;207;88;88;88;88;89;1644;335;946;3.2;26.8;99.0;14.4;5.5;76.6;0.2863;-0.0038;-0.0500;101.9500;
825.43;0;0;0;0;95;207;88;88;88;88;89;1643;335;946;3.2;26.8;97.0;14.4;5.5;76.6;0.2863;-0.0041;-0.0500;101.9750;
825.68;0;0;0;0;95;207;88;88;88;88;89;1640;335;946;3.2;26.3;97.0;14.4;5.5;76.6;0.2863;-0.0043;0.0250;102.1250;
825.93;0;0;0;0;95;207;88;88;89;88;89;1642;335;946;3.2;26.3;97.0;14.4;5.5;76.6;0.2863;-0.0051;0.0250;101.8000;
826.18;0;0;0;0;94;207;89;88;89;89;89;1645;335;946;3.2;25.7;97.5;14.4;5.5;76.6;0.2863;-0.0049;0.0500;101.9250;
826.43;0;0;0;0;94;207;89;89;89;89;89;1647;335;946;3.2;25.5;97.5;14.4;5.5;76.6;0.2863;-0.0041;0.1250;101.8750;
826.68;0;0;0;0;94;207;89;89;89;89;89;1649;335;946;3.2;25.5;97.5;14.4;5.5;76.6;0.2863;-0.0025;0.1000;102.2250;
826.93;0;0;0;0;94;207;89;89;89;89;89;1658;335;946;3.2;25.0;97.5;14.4;5.5;76.6;0.2863;-0.0008;0.1000;102.2000;
827.18;0;0;0;0;94;207;89;90;89;89;90;1659;335;946;3.2;24.6;99.5;14.4;5.5;76.6;0.2902;-0.0008;0.2250;102.2500;
827.43;0;0;0;0;94;207;90;90;90;90;90;1664;335;946;3.2;24.6;101.0;14.4;5.5;76.6;0.2902;-0.0008;0.2750;102.3000;
827.68;0;0;0;0;95;207;90;90;90;90;90;1673;335;946;3.2;24.5;99.5;14.4;5.5;76.6;0.2902;-0.0008;0.3500;102.3500;
827.95;0;0;0;0;94;207;90;90;90;90;91;1679;335;946;3.2;24.5;100.5;14.4;5.5;76.6;0.2902;-0.0008;0.3500;102.3750;
828.20;0;0;0;0;94;207;90;90;91;91;91;1685;335;946;3.2;24.4;98.5;14.4;5.5;76.6;0.2863;-0.0008;0.3250;0.0000;
828.45;0;0;0;0;94;207;91;91;91;91;91;1694;335;946;3.2;24.4;97.5;14.4;5.5;76.6;0.2863;-0.0008;0.3250;102.2500;
828.70;0;0;0;0;95;207;92;91;91;91;92;1701;335;946;3.2;24.3;97.0;14.4;5.5;76.6;0.2863;-0.0008;0.4250;102.3250;
828.95;0;0;0;0;94;207;92;92;92;92;92;1709;335;946;3.2;24.6;97.5;14.4;5.5;76.6;0.2863;-0.0008;0.4250;102.2000;
829.20;0;0;0;0;94;207;92;92;92;92;93;1719;335;946;3.2;24.6;96.5;14.4;5.5;76.6;0.2863;-0.0008;0.4500;102.2500;
829.45;0;0;0;0;95;207;93;93;93;93;93;1725;335;946;3.2;24.7;98.0;14.4;5.5;76.6;0.2902;-0.0004;0.3750;102.3750;
829.70;0;0;0;0;95;207;93;93;93;93;93;1733;335;946;3.2;24.7;98.5;14.4;5.5;76.6;0.2902;-0.0004;0.4750;0.0250;
829.95;0;0;0;0;95;207;94;94;94;94;94;1742;335;946;3.2;24.8;98.5;14.4;5.5;76.6;0.2863;-0.0004;0.4750;0.0750;
830.20;0;0;0;0;95;207;94;94;94;94;94;1748;335;946;3.2;25.2;95.0;14.4;5.5;76.6;0.2824;-0.0004;0.4500;0.0750;
830.45;0;0;0;0;95;207;94;94;95;95;95;1754;335;946;3.2;25.2;82.0;14.4;5.5;76.6;0.2588;0.0001;0.4500;0.2500;
830.70;0;0;0;0;95;207;95;95;94;95;95;1743;335;946;3.2;25.5;49.0;14.4;5.5;76.6;0.1451;-0.0013;0.2750;0.1250;
830.95;0;0;0;0;95;207;95;95;94;95;95;1741;335;946;3.2;25.6;-14.0;14.4;5.5;76.6;0.0000;-0.0034;0.0250;102.2500;
831.20;0;0;0;0;95;207;95;95;94;94;95;1754;335;946;3.2;25.6;-18.0;14.4;5.5;76.6;0.1569;-0.0059;-0.0750;102.0000;
831.45;0;0;0;0;95;207;94;94;94;94;95;1752;335;946;3.2;26.3;50.0;14.4;5.5;76.6;0.2510;-0.0074;-0.1250;101.9000;
831.70;0;0;0;0;95;207;95;95;95;94;95;1759;335;946;3.2;26.3;67.5;14.4;5.5;76.6;0.2667;-0.0086;0.0250;102.0000;
831.95;0;0;0;0;95;207;95;95;95;95;95;1764;335;946;3.2;26.1;87.5;14.4;5.5;76.6;0.2941;-0.0092;0.0750;102.1250;
832.20;0;0;0;0;95;207;95;95;95;95;95;1765;333;946;3.2;26.1;101.0;14.4;5.5;76.6;0.3098;-0.0109;0.0750;101.9250;
832.45;0;0;0;0;94;207;95;95;95;95;95;1768;333;946;3.2;25.7;109.5;14.4;5.5;76.6;0.3098;-0.0114;0.1250;101.9250;
832.70;0;0;0;0;94;207;95;95;95;95;95;1771;333;946;3.2;25.7;111.5;14.4;5.5;76.6;0.3098;-0.0207;0.1750;101.6750;
832.96;0;0;0;0;94;207;96;95;96;95;96;1774;333;946;3.2;25.9;112.0;14.4;5.5;76.6;0.3098;-0.0230;0.1500;100.7000;
833.21;0;0;0;0;94;207;96;95;96;95;96;1780;333;946;3.2;25.4;112.0;14.4;5.5;76.6;0.3137;-0.0230;0.1500;100.9000;
833.46;0;0;0;0;94;207;96;95;96;96;96;1777;333;946;3.2;25.4;113.0;14.4;5.5;76.6;0.3137;-0.0230;0.0750;101.0250;
833.71;0;0;0;0;94;207;96;96;96;95;96;1777;333;946;3.2;24.7;112.5;14.4;5.5;76.6;0.3098;-0.0206;0.0750;100.5500;
833.96;0;0;0;0;94;207;96;96;96;96;96;1776;333;946;3.2;24.2;113.0;14.4;5.5;76.6;0.3098;-0.0146;0.0250;101.4750;
834.21;0;0;0;0;94;207;96;96;96;96;96;1779;333;946;3.2;24.2;111.0;14.4;5.5;76.6;0.3098;-0.0097;0.0250;102.0000;
834.46;0;0;0;0;94;207;96;96;96;96;96;1781;333;946;3.2;23.9;111.0;14.4;5.5;76.6;0.3098;-0.0080;0.0500;102.0500;
834.71;0;0;0;0;94;207;96;96;96;96;96;1780;333;946;3.2;23.9;111.5;14.4;5.5;76.6;0.3098;-0.0074;0.0500;102.1750;
834.96;0;0;0;0;94;207;96;96;96;96;96;1783;333;946;3.2;23.7;112.0;14.4;5.5;76.6;0.3098;-0.0041;0.0500;102.1750;
835.21;0;0;0;0;94;207;96;96;96;96;96;1781;333;946;3.2;23.6;112.5;14.4;5.5;76.6;0.3098;-0.0011;0.0000;0.1750;
835.46;0;0;0;0;94;207;96;96;96;96;96;1785;333;946;3.2;23.6;112.0;14.4;5.5;76.6;0.3098;0.0000;0.0250;0.2250;
835.71;0;0;0;0;94;207;96;96;96;96;96;1783;333;946;3.2;23.2;112.0;14.4;5.5;76.6;0.3098;0.0014;0.0000;0.2250;
835.96;0;0;0;0;94;207;96;96;96;96;96;1784;333;946;3.2;23.6;110.0;14.4;5.5;76.6;0.3059;-0.0007;-0.0750;0.1750;
836.21;0;0;0;0;94;207;96;96;96;96;96;1780;333;946;3.2;23.6;110.5;14.4;5.5;76.6;0.3059;-0.0016;-0.0500;0.1250;
836.46;0;0;0;0;94;207;96;96;96;96;96;1778;333;946;3.2;23.6;108.5;14.4;5.5;76.6;0.3020;-0.0014;-0.1250;0.0750;
836.71;0;0;0;0;94;207;96;96;96;96;96;1776;333;946;3.2;23.8;108.0;14.4;5.5;76.6;0.3020;-0.0014;-0.0750;0.0250;
836.96;0;0;0;0;94;207;95;96;96;96;96;1776;333;946;3.2;23.7;107.5;14.4;5.5;76.6;0.3020;-0.0008;-0.1000;102.3250;
837.21;0;0;0;0;94;207;96;96;95;95;96;1775;333;946;3.2;23.7;107.5;14.4;5.5;76.6;0.3020;0.0000;-0.1250;102.3250;
837.46;0;0;0;0;94;207;95;96;95;95;96;1773;333;946;3.2;24.3;107.0;14.4;5.5;76.6;0.3020;0.0004;-0.1500;0.1000;
837.71;0;0;0;0;94;207;95;95;95;95;96;1767;333;946;3.2;24.3;108.0;14.4;5.5;76.6;0.3020;0.0003;-0.1500;102.3250;
837.97;0;0;0;0;94;207;95;95;95;95;95;1765;333;946;3.2;25.0;108.0;14.4;5.5;76.6;0.3020;-0.0004;-0.1750;0.0000;
838.22;0;0;0;0;94;207;95;95;95;95;95;1762;333;946;3.2;25.4;107.5;14.4;5.5;76.6;0.3020;-0.0018;-0.2000;0.0000;
838.47;0;0;0;0;94;207;95;95;95;95;95;1757;333;946;3.2;25.4;105.5;14.4;5.5;76.6;0.3020;-0.0021;-0.2000;101.9750;
838.72;0;0;0;0;94;207;94;94;94;94;95;1751;333;946;3.2;25.7;99.0;14.4;5.5;76.6;0.2863;-0.0016;-0.2500;102.2500;
838.97;0;0;0;0;94;207;94;94;94;94;95;1745;333;946;3.2;25.6;92.0;14.4;5.5;76.6;0.2627;-0.0018;-0.3250;102.2000;
839.22;0;0;0;0;94;207;94;94;94;94;94;1743;333;946;3.2;25.6;65.5;14.4;5.5;76.6;0.2353;-0.0008;-0.3250;102.3500;
839.47;0;0;0;0;94;207;94;94;94;94;94;1741;333;946;3.2;25.6;66.0;14.4;5.5;76.6;0.2471;0.0009;-0.3250;102.1750;
839.72;0;0;0;0;94;207;93;93;93;93;94;1732;333;946;3.2;25.6;72.5;14.4;5.5;76.6;0.2588;0.0087;-0.4250;0.1750;
839.97;0;0;0;0;94;207;93;93;93;93;93;1731;333;946;3.2;25.6;80.5;14.4;5.5;76.6;0.2941;0.0104;-0.3750;0.4000;
840.22;0;0;0;0;94;207;93;93;92;93;93;1729;333;946;3.2;25.8;108.5;14.4;5.5;76.6;0.3216;0.0136;-0.2750;0.7250;
840.47;0;0;0;0;94;207;92;93;92;93;93;1720;333;946;3.2;25.8;120.5;14.4;5.5;76.6;0.3373;0.0157;-0.3250;1.1250;
840.72;0;0;0;0;94;207;92;93;92;92;93;1717;333;946;3.2;25.8;139.0;14.4;5.5;76.6;0.3765;0.0209;-0.2250;1.3250;
840.97;0;0;0;0;94;207;92;93;92;92;92;1714;333;946;3.2;26.1;153.5;14.4;5.5;76.6;0.3843;0.0222;-0.2500;1.5500;
841.22;0;0;0;0;94;207;92;93;92;92;92;1709;333;946;3.2;26.7;163.5;14.4;5.5;76.6;0.3922;0.0249;-0.1500;1.6000;
841.47;0;0;0;0;94;207;92;92;92;92;92;1709;333;946;3.2;26.7;168.5;14.4;5.5;76.6;0.3961;0.0247;-0.2250;1.5000;
841.72;0;0;0;0;94;207;92;92;92;92;92;1708;333;946;3.2;27.4;176.5;14.4;5.5;76.6;0.4118;0.0216;-0.1250;1.4250;
841.97;0;0;0;0;94;207;92;92;92;92;92;1708;333;946;3.2;27.7;186.5;14.4;5.5;76.6;0.4235;0.0222;-0.0250;1.5000;
842.22;0;0;0;0;94;207;92;92;92;92;92;1713;333;946;3.2;27.7;192.5;14.4;5.5;76.6;0.4275;0.0225;0.0250;1.4250;
842.47;0;0;0;0;94;207;92;92;92;92;92;1711;333;946;3.2;28.3;203.5;14.4;5.5;76.6;0.4667;0.0247;0.0250;1.5000;
842.72;0;0;0;0;94;207;92;92;92;93;93;1722;333;946;3.2;28.3;250.0;14.4;5.5;76.6;0.5294;0.0246;0.1000;1.4000;
842.99;0;0;0;0;94;207;92;93;93;93;93;1724;333;946;3.2;28.8;258.0;14.4;5.5;76.6;0.5451;0.0255;0.1750;1.4000;
843.24;0;0;0;0;94;207;93;93;93;94;93;1734;332;946;3.2;29.5;340.5;14.4;5.5;76.6;0.9686;0.0268;0.3750;1.8000;
843.49;0;0;0;0;94;207;93;94;94;94;94;1744;332;946;3.2;29.5;365.5;14.4;5.5;76.6;0.9961;0.0270;0.4250;1.9250;
843.74;0;0;0;0;94;207;94;95;95;95;95;1761;332;946;3.2;30.0;369.0;14.4;5.5;76.6;0.9961;0.0252;0.6500;1.7500;
843.99;0;0;0;0;94;207;95;96;95;95;96;1775;332;946;3.2;30.5;369.5;14.4;5.5;76.6;0.9961;0.0209;0.7750;1.5000;
844.24;0;0;0;0;94;207;96;97;96;97;97;1795;332;946;3.2;30.5;371.5;14.4;5.5;76.6;0.9961;0.0186;0.9250;1.1500;
844.49;0;0;0;0;94;207;97;98;97;97;98;1811;332;946;3.2;30.4;372.0;14.4;5.5;76.6;0.9961;0.0181;1.0500;1.0500;
844.74;0;0;0;0;94;207;98;99;98;99;99;1831;332;946;3.2;30.4;374.5;14.4;5.5;76.6;0.9961;0.0157;1.0250;0.7750;
844.99;0;0;0;0;94;207;99;100;99;99;100;1845;332;944;3.2;29.7;376.0;14.4;5.5;76.6;0.9961;0.0070;1.0750;0.5250;
845.24;0;0;0;0;94;207;101;100;101;101;101;1871;332;946;3.2;29.7;376.0;14.4;5.5;76.6;0.9961;0.0043;1.1000;102.3000;
845.49;0;0;0;0;94;207;101;102;101;102;102;1886;332;946;3.2;29.2;376.0;14.4;5.5;76.6;0.9961;0.0028;1.1500;0.0000;
845.74;0;0;0;0;94;207;102;103;103;103;103;1907;332;946;3.2;28.0;378.0;14.4;5.5;76.6;0.9961;0.0018;1.0750;102.2250;
845.99;0;0;0;0;94;207;103;103;103;103;104;1922;332;946;3.2;28.0;377.5;14.4;5.5;76.6;0.9961;0.0014;1.0750;0.0500;
846.24;0;0;0;0;94;207;105;105;105;105;105;1946;332;946;3.2;27.1;378.5;14.4;5.5;76.6;0.9961;0.0014;1.1750;102.2250;
846.49;0;0;0;0;94;207;106;106;106;106;106;1961;332;944;3.2;27.1;379.0;14.4;5.5;76.6;0.9961;0.0003;1.1750;0.1500;
846.74;0;0;0;0;94;207;107;107;107;107;107;1986;332;946;3.2;26.6;379.0;14.4;5.5;76.6;0.9961;-0.0041;1.1750;102.0750;
846.99;0;0;0;0;94;207;108;108;108;108;108;2004;332;946;3.2;25.3;379.0;14.4;5.5;76.6;0.9961;-0.0039;1.1500;101.8750;
847.24;0;0;0;0;94;207;109;109;109;109;109;2027;332;946;3.2;25.3;379.0;14.4;5.5;76.6;0.9961;-0.0029;1.1500;102.0000;
847.49;0;0;0;0;94;207;110;110;110;111;110;2044;332;946;3.2;24.1;379.5;14.4;5.5;76.6;0.9961;-0.0020;1.1750;102.3250;
847.74;0;0;0;0;94;207;111;111;111;111;111;2068;332;944;3.2;23.2;379.0;14.4;5.5;76.6;0.9882;-0.0016;1.1000;102.1500;
848.01;0;0;0;0;94;207;113;113;113;113;113;2083;332;944;3.2;23.2;379.5;14.4;5.5;76.6;0.9922;-0.0014;1.1250;102.3750;
848.26;0;0;0;0;94;207;113;113;114;113;114;2108;332;944;3.2;22.3;379.5;14.4;5.5;76.6;0.9922;-0.0014;1.2000;102.1250;
848.51;0;0;0;0;94;207;114;114;115;115;115;2121;332;946;3.2;22.3;337.0;14.4;5.5;76.6;0.8941;-0.0029;1.1250;102.0000;
848.76;0;0;0;0;94;207;115;115;115;115;115;2111;332;944;3.2;21.9;-5.0;14.4;5.5;76.6;0.0000;-0.0025;0.8250;102.3750;
849.01;0;0;0;0;94;207;115;115;114;115;115;2116;332;946;3.2;21.9;-33.0;14.4;5.5;76.6;0.0000;-0.0013;0.2500;0.3500;
849.26;0;0;0;0;94;207;114;114;114;114;115;2119;332;946;3.2;22.0;-39.0;14.4;5.5;76.6;0.0000;0.0001;-0.1250;0.1000;
849.51;0;0;0;0;94;207;113;114;113;114;114;2103;332;946;3.2;22.0;-38.5;14.4;5.5;76.6;0.0000;0.0004;-0.5250;0.1500;
849.76;0;0;0;0;94;207;113;113;113;113;114;2098;332;946;3.2;22.5;-38.5;14.4;5.5;76.6;0.0000;0.0004;-0.5250;0.1000;
850.01;0;0;0;0;94;207;113;113;113;113;113;2095;332;944;3.2;23.1;-38.5;14.4;5.5;76.6;0.0000;0.0003;-0.4000;0.2500;
850.26;0;0;0;0;94;207;112;112;112;112;113;2082;332;944;3.2;23.1;-38.5;14.4;5.5;76.6;0.0000;0.0001;-0.4500;0.1500;
850.51;0;0;0;0;94;207;112;112;112;112;112;2079;332;944;3.2;23.9;-38.5;14.4;5.5;76.6;0.0000;-0.0008;-0.5500;0.3250;
850.76;0;0;0;0;95;207;111;111;111;111;112;2068;332;944;3.2;24.5;-38.5;14.4;5.5;76.6;0.0000;-0.0008;-0.5250;0.2500;
851.01;0;0;0;0;95;207;111;111;111;111;111;2057;332;944;3.2;24.5;-38.5;14.4;5.5;76.6;0.0000;-0.0014;-0.5250;0.0250;
851.26;0;0;0;0;95;207;111;111;111;111;111;2051;332;946;3.2;25.0;-38.5;14.4;5.5;76.6;0.0000;-0.0020;-0.4750;0.0750;
851.51;0;0;0;0;95;207;110;110;110;110;110;2040;332;946;3.2;25.0;-38.5;14.4;5.5;76.6;0.0000;-0.0066;-0.5000;102.1750;
851.76;0;0;0;0;95;207;110;110;110;110;110;2036;332;944;3.2;26.1;-38.5;14.4;5.5;76.6;0.0000;-0.0091;-0.4500;101.8000;
852.01;0;0;0;0;95;207;110;110;110;109;110;2029;332;946;3.2;26.7;-38.5;14.4;5.5;76.6;0.0000;-0.0088;-0.3500;101.9000;
852.26;0;0;0;0;95;207;109;109;109;109;109;2022;332;946;3.2;26.7;-38.5;14.4;5.5;76.6;0.0000;-0.0086;-0.4000;101.8500;
852.51;0;0;0;0;94;207;109;109;109;109;109;2017;332;946;3.2;26.8;-38.5;14.4;5.5;76.6;0.0000;-0.0128;-0.3500;101.6000;
852.76;0;0;0;0;94;207;109;108;109;108;109;2014;332;944;3.2;27.3;-38.5;14.4;5.5;76.6;0.0000;-0.0127;-0.3500;101.2250;
853.03;0;0;0;0;94;207;108;108;108;108;108;2005;332;946;3.2;27.3;-38.5;14.4;5.5;76.6;0.0000;-0.0114;-0.4500;101.8500;
853.28;0;0;0;0;94;207;108;108;108;108;108;2001;332;946;3.2;27.3;-38.5;14.4;5.5;76.6;0.0000;-0.0095;-0.3750;101.8750;
853.53;0;0;0;0;94;207;108;107;107;107;108;1991;332;944;3.2;27.4;-38.5;14.4;5.5;76.6;0.0000;-0.0088;-0.4000;101.2250;
853.78;0;0;0;0;94;207;107;107;107;107;108;1988;332;946;3.2;26.8;-38.5;14.4;5.5;76.6;0.0000;-0.0086;-0.3750;101.6250;
854.03;0;0;0;0;94;207;107;107;107;107;107;1982;330;944;3.2;26.8;-38.5;14.4;5.5;76.6;0.0000;-0.0069;-0.3500;101.8250;
854.28;0;0;0;0;94;207;106;107;106;106;107;1976;330;946;3.2;27.0;-38.5;14.4;5.5;76.6;0.0000;-0.0069;-0.4000;102.1500;
854.53;0;0;0;0;94;207;106;106;106;106;106;1966;330;944;3.2;27.0;-38.0;14.4;5.5;76.6;0.0000;-0.0077;-0.4500;102.1250;
854.78;0;0;0;0;94;207;106;106;106;106;106;1960;330;946;3.2;26.8;-38.0;14.4;5.5;76.6;0.0000;-0.0087;-0.4500;101.8750;
855.03;0;0;0;0;94;207;105;105;105;105;106;1952;330;946;3.2;26.4;-38.0;14.4;5.5;76.6;0.0000;-0.0084;-0.4250;102.1750;
855.28;0;0;0;0;94;207;105;105;105;105;105;1942;330;944;3.2;26.4;-38.0;14.4;5.5;76.6;0.0000;-0.0084;-0.5250;101.7500;
855.53;0;0;0;0;94;207;105;105;104;104;105;1936;330;946;3.2;26.4;-37.5;14.4;5.5;76.6;0.0000;-0.0097;-0.4250;101.8000;
855.78;0;0;0;0;94;207;104;104;104;104;104;1929;330;946;3.2;26.2;-37.5;14.4;5.5;76.6;0.0000;-0.0104;-0.4500;101.9250;
856.03;0;0;0;0;94;207;104;104;104;103;104;1918;330;944;3.2;26.2;-37.5;14.4;5.5;76.6;0.0000;-0.0104;-0.5500;101.7500;
856.28;0;0;0;0;94;207;103;103;103;103;104;1916;330;946;3.2;25.9;-37.5;14.4;5.5;76.6;0.0000;-0.0104;-0.4500;101.9750;
856.53;0;0;0;0;94;207;103;103;103;103;103;1904;330;946;3.2;25.9;-37.0;14.4;5.5;76.6;0.0000;-0.0087;-0.5250;102.0250;
856.78;0;0;0;0;94;207;102;103;102;102;103;1898;330;946;3.2;26.0;-37.0;14.4;5.5;76.6;0.0000;-0.0075;-0.5500;101.7250;
857.03;0;0;0;0;94;207;102;102;102;102;102;1889;330;946;3.2;26.2;-37.0;14.4;5.5;76.6;0.0000;-0.0074;-0.5250;102.2250;
857.28;0;0;0;0;94;207;101;102;101;101;102;1881;330;946;3.2;26.2;-36.5;14.4;5.5;76.6;0.0000;-0.0074;-0.5000;102.1500;
857.53;0;0;0;0;94;207;101;101;101;101;101;1871;330;946;3.2;26.2;-36.5;14.4;5.5;76.6;0.0000;-0.0082;-0.5500;102.0250;
857.78;0;0;0;0;94;207;101;101;101;100;101;1866;330;946;3.2;26.2;-36.5;14.4;5.5;76.6;0.0000;-0.0088;-0.5250;102.2000;
858.04;0;0;0;0;94;207;100;100;100;100;100;1854;330;946;3.2;26.5;-36.0;14.4;5.5;76.6;0.0000;-0.0088;-0.5500;101.7250;
858.29;0;0;0;0;94;207;99;99;99;99;100;1849;330;944;3.2;26.5;-36.0;14.4;5.5;76.6;0.0000;-0.0086;-0.6000;101.9000;
858.54;0;0;0;0;94;207;99;99;99;99;99;1836;330;946;3.2;26.3;-35.5;14.4;5.5;76.6;0.0000;-0.0075;-0.5000;101.8750;
858.79;0;0;0;0;94;207;98;98;98;98;99;1829;330;946;3.2;26.1;-35.5;14.4;5.5;76.6;0.0000;-0.0069;-0.5250;101.9250;
859.04;0;0;0;0;94;207;98;98;98;98;98;1822;330;946;3.2;26.1;-35.5;14.4;5.5;76.6;0.0000;-0.0062;-0.5250;102.0750;
859.29;0;0;0;0;94;207;98;98;98;97;98;1809;330;946;3.2;26.3;-35.5;14.4;5.5;76.6;0.0000;-0.0041;-0.4750;102.1750;
859.54;0;0;0;0;94;207;97;97;97;97;97;1802;330;946;3.2;26.6;-35.0;14.4;5.5;76.6;0.0000;-0.0041;-0.5750;102.3000;
859.79;0;0;0;0;94;207;97;96;96;96;97;1794;330;946;3.2;26.6;-35.0;14.4;5.5;76.6;0.0000;-0.0041;-0.5250;102.2250;
860.04;0;0;0;0;94;207;96;96;96;96;96;1784;330;946;3.2;26.6;-35.0;14.4;5.5;76.6;0.0000;-0.0021;-0.5750;0.0500;
860.29;0;0;0;0;94;207;96;96;96;95;96;1778;330;946;3.2;26.6;-35.0;14.4;5.5;76.6;0.0000;-0.0025;-0.5000;102.1250;
860.54;0;0;0;0;94;207;95;95;95;95;95;1765;330;946;3.2;26.9;-35.0;14.4;5.5;76.6;0.0000;-0.0135;-0.5750;101.7500;
860.79;0;0;0;0;94;207;95;95;95;94;95;1760;330;946;3.2;27.3;-35.0;14.4;5.5;76.6;0.0000;-0.0135;-0.5250;101.6500;
861.04;0;0;0;0;94;207;94;94;94;94;95;1749;330;946;3.2;27.3;-34.5;14.4;5.5;76.6;0.0000;-0.0157;-0.5000;101.5250;
861.29;0;0;0;0;94;207;94;93;94;93;94;1742;330;946;3.2;26.4;-34.5;14.4;5.5;76.6;0.0000;-0.0184;-0.5500;101.0500;
861.54;0;0;0;0;94;207;93;93;93;93;94;1732;330;946;3.2;26.4;-34.5;14.4;5.5;76.6;0.0000;-0.0207;-0.5750;100.7750;
861.79;0;0;0;0;94;207;93;92;93;93;93;1724;330;946;3.2;26.2;-34.5;14.4;5.5;76.6;0.0000;-0.0211;-0.5500;100.8500;
862.04;0;0;0;0;94;207;92;92;92;92;93;1715;330;946;3.2;26.2;-34.5;14.4;5.5;76.6;0.0000;-0.0209;-0.5250;100.7500;
862.29;0;0;0;0;94;207;92;92;92;92;92;1708;330;946;3.2;25.9;-34.5;14.4;5.5;76.6;0.0000;-0.0198;-0.5000;101.1750;
862.54;0;0;0;0;94;207;91;91;92;91;92;1697;330;944;3.2;25.3;-34.0;14.4;5.5;76.6;0.0000;-0.0194;-0.5250;101.2000;
862.79;0;0;0;0;94;207;91;91;91;91;91;1694;330;946;3.2;25.3;-34.5;14.4;5.5;76.6;0.0000;-0.0196;-0.4750;101.1000;
863.06;0;0;0;0;94;207;91;90;91;91;91;1681;330;946;3.2;25.2;-34.5;14.4;5.5;76.6;0.0000;-0.0198;-0.4750;101.2750;
863.31;0;0;0;0;94;207;90;90;90;90;90;1675;330;946;3.2;25.2;-34.5;14.4;5.5;76.6;0.0000;-0.0196;-0.5750;101.1750;
863.56;0;0;0;0;94;207;90;90;90;90;90;1666;330;946;3.2;24.7;-34.5;14.4;5.5;76.6;0.0000;-0.0186;-0.5250;101.1500;
863.81;0;0;0;0;94;207;90;89;89;89;90;1661;330;946;3.2;24.2;-34.5;14.4;5.5;76.6;0.0000;-0.0141;-0.4500;101.6500;
864.06;0;0;0;0;94;207;89;89;89;89;89;1652;330;946;3.2;24.2;-34.5;14.4;5.5;76.6;0.0000;-0.0114;-0.5000;101.7500;
864.31;0;0;0;0;94;207;89;88;88;88;89;1645;330;946;3.2;24.0;-34.5;14.4;5.5;76.6;0.0000;-0.0087;-0.4750;101.9750;
864.56;0;0;0;0;94;207;88;88;88;88;88;1637;330;944;3.2;24.2;-34.5;14.4;5.5;76.6;0.0000;-0.0067;-0.4250;102.0750;
864.81;0;0;0;0;93;207;87;87;87;87;88;1625;330;944;3.2;24.2;-34.5;14.4;5.5;76.6;0.0000;-0.0051;-0.5500;102.3750;
865.06;0;0;0;0;93;207;87;87;87;87;87;1617;330;944;3.2;23.8;-34.5;14.4;5.5;76.6;0.0000;-0.0039;-0.5500;102.2750;
865.31;0;0;0;0;93;207;87;87;87;86;87;1612;330;946;3.2;23.8;-34.0;14.4;5.5;76.6;0.0000;0.0001;-0.4750;0.1250;
865.56;0;0;0;0;93;207;86;86;86;86;86;1601;330;946;3.2;24.3;-34.0;14.4;5.5;76.6;0.0157;0.0008;-0.5250;0.0250;
865.81;0;0;0;0;93;207;86;86;86;86;86;1598;330;946;3.2;24.3;20.5;14.4;5.5;76.6;0.2196;0.0016;-0.5000;0.0000;
866.06;0;0;0;0;93;207;85;86;86;85;86;1594;330;946;3.2;25.3;52.5;14.4;5.5;76.6;0.2353;0.0025;-0.4250;0.1250;
866.31;0;0;0;0;93;207;85;85;85;85;86;1586;330;944;3.2;25.3;61.5;14.4;5.5;76.6;0.2314;0.0046;-0.3250;0.1750;
866.56;0;0;0;0;93;207;85;86;85;85;86;1585;330;946;3.2;25.6;61.0;14.4;5.5;76.6;0.2275;0.0049;-0.2500;0.3500;
866.81;0;0;0;0;93;207;85;85;85;85;85;1579;330;946;3.2;26.0;57.0;14.4;5.5;76.6;0.2196;0.0051;-0.2000;0.4500;
867.06;0;0;0;0;93;207;85;85;85;85;85;1574;330;944;3.2;26.0;55.5;14.4;5.5;76.6;0.2196;0.0049;-0.1750;0.3250;
867.31;0;0;0;0;93;207;85;85;85;85;85;1579;330;944;3.2;26.8;55.5;14.4;5.5;76.6;0.2196;0.0046;-0.1750;0.4500;
867.56;0;0;0;0;93;207;85;85;84;85;85;1571;330;944;3.2;27.1;56.0;14.4;5.5;76.6;0.2196;0.0046;-0.2000;0.3500;
867.81;0;0;0;0;93;207;84;85;84;84;85;1571;330;944;3.2;27.1;55.5;14.4;5.5;76.6;0.2196;0.0046;-0.2000;0.2750;
868.07;0;0;0;0;93;207;84;84;84;84;85;1562;330;944;3.2;27.4;45.5;14.4;5.5;76.6;0.0706;0.0051;-0.2000;0.3250;
868.32;0;0;0;0;93;207;84;84;84;84;84;1550;330;946;3.2;27.4;-20.0;14.4;5.5;76.6;0.0000;0.0051;-0.2750;0.4250;
868.57;0;0;0;0;93;207;83;84;83;84;84;1544;330;946;3.2;28.0;-31.5;14.4;5.5;76.6;0.0000;0.0049;-0.4250;0.2750;
868.82;0;0;0;0;93;207;83;83;83;83;83;1534;330;944;3.2;28.0;-33.5;14.4;5.5;76.6;0.0000;0.0046;-0.5000;0.3250;
869.07;0;0;0;0;93;207;82;83;82;82;83;1533;330;946;3.2;28.0;-33.0;14.4;5.5;76.6;0.0000;0.0034;-0.5500;0.1250;
869.32;0;0;0;0;93;207;82;82;82;82;82;1525;330;944;3.2;28.3;-33.0;14.4;5.5;76.6;0.0000;0.0020;-0.5000;0.3250;
869.57;0;0;0;0;93;207;81;82;82;82;82;1517;330;946;3.2;28.7;-33.0;14.4;5.5;76.6;0.0000;0.0003;-0.5500;0.2500;
869.82;0;0;0;0;93;207;81;81;81;81;81;1507;330;944;3.2;28.7;-33.0;14.4;5.5;76.6;0.0000;-0.0021;-0.5000;0.0750;
870.07;0;0;0;0;93;207;81;81;81;81;81;1501;330;946;3.2;28.7;-33.0;14.4;5.5;76.6;0.0000;-0.0041;-0.4500;102.1250;
870.32;0;0;0;0;93;207;80;80;80;80;81;1495;330;944;3.2;28.5;-33.0;14.4;5.5;76.6;0.0000;-0.0051;-0.4250;102.2500;
870.57;0;0;0;0;93;207;80;80;80;80;80;1489;330;944;3.2;28.2;-32.5;14.4;5.5;76.6;0.0000;-0.0061;-0.4750;102.2500;
870.82;0;0;0;0;93;207;80;80;80;80;80;1485;330;944;3.2;28.2;-32.5;14.4;5.5;76.6;0.0000;-0.0074;-0.4000;102.3500;
871.07;0;0;0;0;93;207;80;80;80;79;80;1476;328;944;3.2;28.6;-32.5;14.4;5.5;76.6;0.0000;-0.0084;-0.3250;102.2750;
871.32;0;0;0;0;93;207;79;79;79;79;79;1470;328;944;3.2;28.6;-32.5;14.4;5.5;76.6;0.0000;-0.0140;-0.4250;101.9000;
871.57;0;0;0;0;93;207;79;79;79;79;79;1465;328;944;3.2;28.2;-32.5;14.4;5.5;76.6;0.0000;-0.0146;-0.3750;101.9000;
871.82;0;0;0;0;93;207;79;78;79;78;79;1458;328;944;3.2;27.8;-32.5;14.4;5.5;76.6;0.0000;-0.0164;-0.3750;101.4750;
872.07;0;0;0;0;93;207;78;78;78;78;79;1453;328;944;3.2;27.8;-32.0;14.4;5.5;76.6;0.0000;-0.0172;-0.2750;101.8500;
872.32;0;0;0;0;93;207;78;78;78;78;78;1449;328;944;3.2;27.7;-32.0;14.4;5.5;76.6;0.0000;-0.0170;-0.3750;101.9500;
872.57;0;0;0;0;93;207;78;77;78;78;78;1445;328;944;3.2;27.3;-32.0;14.4;5.5;76.6;0.0000;-0.0172;-0.4000;101.6750;
872.82;0;0;0;0;93;207;77;77;77;77;77;1437;328;944;3.2;27.3;-32.0;14.4;5.5;76.6;0.0000;-0.0172;-0.3750;101.6750;
873.09;0;0;0;0;93;207;77;77;77;77;77;1433;328;944;3.2;26.8;-32.0;14.4;5.5;76.6;0.0000;-0.0172;-0.3250;101.8250;
873.34;0;0;0;0;93;207;77;77;77;77;77;1428;328;944;3.2;26.5;-32.0;14.4;5.5;76.6;0.0000;-0.0162;-0.2500;101.7250;
873.59;0;0;0;0;93;207;77;77;77;77;77;1425;328;944;3.2;26.5;-32.0;14.4;5.5;76.6;0.0000;-0.0133;-0.2250;102.3000;
873.84;0;0;0;0;93;207;77;76;77;76;77;1425;328;944;3.2;26.2;-32.0;14.4;5.5;76.6;0.0000;-0.0087;-0.2000;102.2000;
874.09;0;0;0;0;93;207;76;76;76;76;77;1418;328;944;3.2;26.2;-32.0;14.4;5.5;76.6;0.0000;-0.0086;-0.1750;102.3750;
874.34;0;0;0;0;93;207;76;76;76;76;77;1418;328;944;3.2;26.0;-32.0;14.4;5.5;76.6;0.0000;-0.0107;-0.1250;102.0500;
874.59;0;0;0;0;93;207;76;76;76;76;76;1413;328;944;3.2;26.0;-31.5;14.4;5.5;76.6;0.0000;-0.0107;-0.1750;102.0500;
874.84;0;0;0;0;93;207;76;76;76;76;76;1417;328;944;3.2;26.1;-32.0;14.4;5.5;76.6;0.0000;-0.0105;-0.1750;102.0500;
875.09;0;0;0;0;93;207;76;76;76;76;76;1410;328;944;3.2;26.1;-31.5;14.4;5.5;76.6;0.0000;-0.0087;-0.1500;102.0500;
875.34;0;0;0;0;93;207;76;76;76;76;76;1416;328;944;3.2;25.8;-31.5;14.4;5.5;76.6;0.0000;-0.0041;-0.0250;102.2500;
875.59;0;0;0;0;93;207;76;76;76;76;76;1414;328;944;3.2;25.8;-31.5;14.4;5.5;76.6;0.0000;-0.0034;-0.0250;0.0000;
875.84;0;0;0;0;93;207;76;76;76;76;76;1413;328;944;3.2;25.8;-31.5;14.4;5.5;76.6;0.0000;-0.0041;-0.1000;102.3250;
876.09;0;0;0;0;93;207;76;76;76;76;76;1411;328;944;3.2;26.3;-31.5;14.4;5.5;76.6;0.0000;-0.0039;-0.1000;102.1500;
876.34;0;0;0;0;93;207;76;76;76;76;76;1409;328;944;3.2;26.5;-31.5;14.4;5.5;76.6;0.0000;0.0014;0.0000;0.0500;
876.59;0;0;0;0;93;207;76;76;76;76;76;1414;328;944;3.2;26.5;-31.5;14.4;5.5;76.6;0.0000;0.0038;0.0250;0.1750;
876.84;0;0;0;0;93;207;76;76;76;76;76;1407;328;944;3.2;26.6;-31.5;14.4;5.5;76.6;0.0000;0.0036;-0.0750;0.2000;
877.09;0;0;0;0;93;207;76;76;76;76;76;1413;328;944;3.2;26.6;-31.5;14.4;5.5;76.6;0.0000;0.0033;-0.0500;0.1000;
877.34;0;0;0;0;93;207;76;76;76;76;76;1405;328;944;3.2;27.4;-31.5;14.4;5.5;76.6;0.0000;0.0029;-0.0750;0.1500;
877.59;0;0;0;0;93;207;76;76;76;76;76;1410;328;946;3.2;27.8;-31.5;14.4;5.5;76.6;0.0000;0.0029;-0.1000;0.2250;
877.84;0;0;0;0;93;207;76;76;76;76;76;1406;328;946;3.2;27.8;-31.5;14.4;5.5;76.6;0.0000;0.0028;-0.0750;0.1750;
878.10;0;0;0;0;93;207;75;76;75;76;76;1404;328;944;3.2;27.8;-31.5;14.4;5.5;76.6;0.0000;0.0029;-0.0250;0.0000;
878.35;0;0;0;0;93;207;75;76;75;76;76;1405;328;946;3.2;27.8;-31.5;14.4;5.5;76.6;0.0000;0.0029;-0.1000;0.2500;
878.60;0;0;0;0;93;207;76;75;75;75;76;1401;328;946;3.2;28.0;-31.5;14.4;5.5;76.6;0.0000;0.0029;-0.0750;0.1000;
878.85;0;0;0;0;93;207;75;75;75;75;75;1402;328;944;3.2;28.0;-31.5;14.4;5.5;76.6;0.0000;0.0029;-0.1250;0.0500;
879.10;0;0;0;0;93;207;75;75;75;75;75;1400;328;946;3.2;28.2;-31.5;14.4;5.5;76.6;0.0000;0.0029;-0.1250;0.2250;
879.35;0;0;0;0;93;207;75;75;75;75;75;1401;328;946;3.2;28.2;-31.5;14.4;5.5;76.6;0.0000;0.0028;-0.1000;0.4000;
879.60;0;0;0;0;93;207;75;75;75;75;75;1399;328;946;3.2;28.2;-31.5;14.4;5.5;76.6;0.0000;0.0028;-0.1000;0.1500;
879.85;0;0;0;0;93;207;75;75;75;75;75;1393;328;946;3.2;28.4;-31.5;14.4;5.5;76.6;0.0000;0.0028;-0.1750;102.3750;
880.10;0;0;0;0;93;207;75;75;75;75;75;1395;328;946;3.2;28.4;-31.5;14.4;5.5;76.6;0.0000;0.0028;-0.1250;102.3250;
880.35;0;0;0;0;93;207;75;75;75;75;75;1389;328;946;3.2;28.5;-31.5;14.4;5.5;76.6;0.0000;0.0029;-0.1000;0.1000;
880.60;0;0;0;0;93;207;75;75;75;75;75;1393;328;946;3.2;28.3;-31.5;14.4;5.5;76.6;0.0000;0.0029;-0.1000;102.3500;
880.85;0;0;0;0;93;207;75;75;75;75;75;1392;328;946;3.2;28.3;-31.5;14.4;5.5;76.6;0.0000;0.0029;-0.1000;0.0000;
881.10;0;0;0;0;93;207;74;75;74;75;75;1385;328;946;3.2;28.4;-31.5;14.4;5.5;76.6;0.0000;0.0034;-0.1250;102.3000;
881.35;0;0;0;0;93;207;74;74;74;74;75;1385;328;946;3.2;28.0;-31.5;14.4;5.5;76.6;0.0000;0.0036;-0.1750;102.3500;
881.60;0;0;0;0;93;207;74;74;74;74;74;1381;328;946;3.2;28.0;-31.5;14.4;5.5;76.6;0.0000;0.0038;-0.1750;0.0000;
881.85;0;0;0;0;92;207;74;74;74;74;74;1380;328;946;3.2;27.8;-31.5;14.4;5.5;76.6;0.0000;0.0038;-0.1500;102.3750;
882.10;0;0;0;0;92;207;74;74;74;74;74;1378;328;946;3.2;27.8;-31.5;14.4;5.5;76.6;0.0000;0.0041;-0.1750;0.0000;
882.35;0;0;0;0;92;207;74;74;74;74;74;1371;328;946;3.2;28.0;-31.5;14.4;5.5;76.6;0.0000;0.0043;-0.1500;102.3500;
882.60;0;0;0;0;92;207;74;74;74;74;74;1372;328;946;3.2;28.0;-31.0;14.4;5.5;76.6;0.0000;0.0043;-0.1750;102.2250;
882.85;0;0;0;0;92;207;73;74;73;74;74;1367;328;946;3.2;27.7;-31.0;14.4;5.5;76.6;0.0000;0.0044;-0.2000;0.0250;
883.12;0;0;0;0;92;207;73;73;73;73;74;1362;328;946;3.2;27.7;-31.0;14.4;5.5;76.6;0.0000;0.0044;-0.2250;0.0000;
883.37;0;0;0;0;92;207;73;73;73;73;73;1366;328;946;3.2;27.5;-31.0;14.4;5.5;76.6;0.0000;0.0044;-0.1750;102.3000;
883.62;0;0;0;0;92;207;73;73;73;73;73;1357;328;946;3.2;27.8;-31.0;14.4;5.5;76.6;0.0000;0.0041;-0.1750;0.1500;
883.87;0;0;0;0;92;207;73;73;73;73;73;1353;328;946;3.2;27.8;-31.0;14.4;5.5;76.6;0.0000;0.0038;-0.1750;102.2500;
884.12;0;0;0;0;92;207;73;73;73;73;73;1358;328;946;3.2;27.6;-31.0;14.4;5.5;76.6;0.0000;0.0025;-0.1500;102.3000;
884.37;0;0;0;0;92;207;73;73;72;73;73;1354;328;946;3.2;27.3;-31.0;14.4;5.5;76.6;0.0000;0.0025;-0.1250;102.3500;
884.62;0;0;0;0;92;207;72;73;73;73;73;1348;328;946;3.2;27.3;-31.0;14.4;5.5;76.6;0.0000;0.0009;-0.1000;102.3750;
884.87;0;0;0;0;92;207;72;73;72;72;73;1349;328;946;3.2;27.6;-31.0;14.4;5.5;76.6;0.0000;0.0008;-0.1500;102.0500;
885.12;0;0;0;0;92;207;73;73;72;72;73;1347;328;946;3.2;27.6;-31.0;14.4;5.5;76.6;0.0000;-0.0013;-0.1500;102.0750;
885.37;0;0;0;0;92;207;72;72;72;72;73;1342;328;946;3.2;27.5;-31.0;14.4;5.5;76.6;0.0000;-0.0014;-0.1250;102.0750;
885.62;0;0;0;0;92;207;72;72;72;72;72;1344;328;946;3.2;27.1;-31.0;14.4;5.5;76.6;0.0000;-0.0018;-0.1500;101.9250;
885.87;0;0;0;0;92;207;72;72;72;72;72;1342;328;946;3.2;27.1;-31.0;14.4;5.5;76.6;0.0000;-0.0014;-0.1250;101.9250;
886.12;0;0;0;0;92;207;72;72;72;72;72;1337;328;946;3.2;27.3;-31.0;14.4;5.5;76.6;0.0000;-0.0008;-0.1000;102.3000;
886.37;0;0;0;0;92;207;72;72;72;72;72;1338;328;946;3.2;27.2;-31.0;14.4;5.5;76.6;0.0000;-0.0013;-0.1000;102.2750;
886.62;0;0;0;0;92;207;72;72;72;72;72;1339;328;946;3.2;27.2;-31.0;14.4;5.5;76.6;0.0000;-0.0018;-0.1250;102.0500;
886.87;0;0;0;0;92;207;72;72;72;72;72;1335;328;946;3.2;27.2;-31.0;14.4;5.5;76.6;0.0000;-0.0025;-0.1250;102.0500;
887.12;0;0;0;0;92;207;72;72;72;72;72;1332;328;946;3.2;27.0;-31.0;14.4;5.5;76.6;0.0000;-0.0004;-0.0750;102.1500;
887.37;0;0;0;0;92;207;72;72;72;72;72;1336;328;946;3.2;27.0;-31.0;14.4;5.5;76.6;0.0000;0.0014;-0.0750;102.0500;
887.62;0;0;0;0;92;207;72;72;72;72;72;1334;328;946;3.2;27.0;-31.0;14.4;5.5;76.6;0.0000;0.0018;-0.1000;102.1750;
887.87;1;0;0;0;92;207;71;72;72;72;72;1244;328;946;3.2;27.0;-30.0;14.4;5.5;76.6;0.0000;0.0020;-0.0500;102.3000;
888.13;1;0;0;0;92;207;72;72;72;72;72;1153;328;946;3.2;27.0;94.0;14.4;5.5;76.6;0.5843;0.0018;0.0750;0.0000;
888.38;1;0;0;0;92;207;72;72;72;72;72;1624;328;946;3.2;27.0;119.0;14.4;5.5;76.6;0.3529;-0.0021;0.0750;102.1750;
888.63;1;0;0;0;92;207;72;72;72;72;72;1674;328;946;3.2;27.0;-23.5;14.4;5.5;76.6;0.0000;-0.0020;0.1000;102.2000;
888.88;1;0;0;0;92;207;72;72;72;72;72;1618;328;946;3.2;27.0;-34.5;14.4;5.5;76.6;0.0000;-0.0016;0.0500;102.3250;
889.13;0;0;0;0;92;207;72;72;72;72;72;1629;328;946;3.2;26.9;-35.0;14.4;5.5;76.6;0.0000;-0.0014;-0.0500;102.2000;
889.38;0;0;0;0;92;207;72;72;72;72;72;1627;328;946;3.2;26.9;-35.0;14.4;5.5;76.6;0.0000;-0.0011;-0.1000;102.0750;
889.63;0;0;0;0;92;207;72;71;72;72;72;1626;328;946;3.2;26.9;-35.0;14.4;5.5;76.6;0.0000;0.0000;-0.0750;102.0250;
889.88;0;0;0;0;92;207;72;72;72;72;72;1627;328;946;3.2;27.0;-35.0;14.4;5.5;76.6;0.0000;0.0004;-0.0500;102.2250;
890.13;0;0;0;0;92;207;72;72;72;72;72;1624;328;946;3.2;27.2;-35.0;14.4;5.5;76.6;0.0000;0.0007;-0.0500;102.2000;
890.38;0;0;0;0;92;207;72;72;72;72;72;1626;328;946;3.2;27.2;-35.0;14.4;5.5;76.6;0.0000;0.0003;-0.0750;102.1750;
890.63;0;0;0;0;92;207;71;72;72;72;72;1623;328;946;3.2;27.2;-35.0;14.4;5.5;76.6;0.0000;0.0004;-0.0500;102.3500;
890.88;0;0;0;0;92;207;71;72;71;72;72;1620;328;946;3.2;27.2;-35.0;14.4;5.5;76.6;0.0000;0.0013;-0.0250;102.2750;
891.13;0;0;0;0;92;207;71;72;71;71;72;1618;328;946;3.2;27.1;-34.5;14.4;5.5;76.6;0.0000;0.0025;-0.0750;102.1500;
891.38;0;0;0;0;92;207;71;72;71;71;72;1620;328;946;3.2;27.1;-35.0;14.4;5.5;76.6;0.0000;0.0031;-0.0750;0.0000;
891.63;0;0;0;0;92;207;71;72;71;72;72;1621;328;946;3.2;27.4;-35.0;14.4;5.5;76.6;0.0000;0.0033;-0.0250;102.2500;
891.88;0;0;0;0;92;207;72;71;71;71;72;1619;328;946;3.2;27.4;-34.5;14.4;5.5;76.6;0.0000;0.0038;-0.0500;102.3500;
892.13;0;0;0;0;92;207;71;72;71;71;72;1617;328;946;3.2;27.4;-34.5;14.4;5.5;76.6;0.0000;0.0049;-0.0750;0.0000;
892.38;0;0;0;0;92;207;71;71;71;71;72;1616;328;946;3.2;27.2;-34.5;14.4;5.5;76.6;0.0000;0.0046;-0.0750;102.3000;
892.63;1;0;0;0;92;207;71;72;71;71;72;1616;328;946;3.2;27.2;-34.5;14.4;5.5;76.6;0.0000;0.0034;-0.0750;102.2750;
892.88;1;0;0;0;92;207;71;71;71;71;72;1506;328;946;3.2;27.5;-33.5;14.4;5.5;76.6;0.0000;0.0034;-0.0250;0.1250;
893.15;1;0;0;0;92;207;71;72;72;72;72;1650;328;946;3.2;27.6;129.0;14.4;5.5;76.6;0.6824;0.0033;0.0500;102.3000;
893.40;1;0;0;0;91;207;72;72;72;72;72;2220;328;946;3.2;27.6;-20.5;14.4;5.5;76.6;0.0000;0.0036;0.1250;0.1500;
893.65;1;0;0;0;91;207;72;72;72;72;72;1984;328;946;3.2;27.4;-31.0;14.4;5.5;76.6;0.0000;0.0041;0.0750;0.0000;
893.90;0;0;0;0;91;207;72;72;71;72;72;2022;328;946;3.2;27.4;-40.5;14.4;5.5;76.6;0.0000;0.0047;0.0250;0.0000;
894.15;0;0;0;0;91;207;71;71;71;72;72;2021;328;946;3.2;27.7;-40.0;14.4;5.5;76.6;0.0000;0.0061;-0.0250;0.0000;
894.40;0;0;0;0;91;207;72;72;71;71;72;2019;328;946;3.2;27.8;-40.0;14.4;5.5;76.6;0.0000;0.0067;-0.1000;102.3000;
894.65;0;0;0;0;91;207;71;71;71;71;72;2015;328;946;3.2;27.8;-40.0;14.4;5.5;76.6;0.0000;0.0067;-0.1000;0.0750;
894.90;0;0;0;0;91;207;71;72;71;71;72;2015;328;946;3.2;27.8;-40.0;14.4;5.5;76.6;0.0000;0.0086;-0.1250;102.3000;
895.15;0;0;0;0;91;207;71;71;71;71;71;2008;328;946;3.2;27.8;-39.5;14.4;5.5;76.6;0.0000;0.0091;-0.1250;102.0500;
895.40;0;0;0;0;91;207;71;71;71;71;71;2003;328;946;3.2;28.1;-39.5;14.4;5.5;76.6;0.0000;0.0100;-0.1500;0.1750;
895.65;0;0;0;0;91;207;71;71;71;71;71;2001;328;946;3.2;28.1;-39.5;14.4;5.5;76.6;0.0000;0.0100;-0.1500;0.1000;
895.90;0;0;0;0;91;207;71;71;71;71;71;1997;328;946;3.2;28.4;-39.5;14.4;5.5;76.6;0.0000;0.0138;-0.1500;0.3750;
896.15;0;0;0;0;91;207;71;71;70;71;71;1996;328;946;3.2;28.5;-39.5;14.4;5.5;76.6;0.0000;0.0157;-0.0750;0.5250;
896.40;0;0;0;0;91;207;70;71;71;71;71;1994;328;946;3.2;28.5;-39.5;14.4;5.5;76.6;0.0000;0.0157;-0.0750;0.4750;
896.65;0;0;0;0;91;207;70;71;70;71;71;1990;328;946;3.2;28.8;-39.5;14.4;5.5;76.6;0.0000;0.0162;-0.0750;0.5750;
896.90;0;0;0;0;91;207;70;71;70;71;71;1990;328;946;3.2;28.8;-39.5;14.4;5.5;76.6;0.0000;0.0166;-0.0750;0.6000;
897.15;0;0;0;0;91;207;70;71;70;70;71;1987;326;946;3.2;29.4;-39.5;14.4;5.5;76.6;0.0000;0.0166;-0.0500;0.5750;
897.40;0;0;0;0;91;207;70;70;70;70;70;1986;326;946;3.2;29.6;-39.0;14.4;5.5;76.6;0.0000;0.0163;-0.0750;0.2500;
897.65;0;0;0;0;91;207;70;70;70;70;70;1983;326;946;3.2;29.6;-39.0;14.4;5.5;76.6;0.0000;0.0125;-0.1250;0.1750;
897.90;0;0;0;0;91;207;70;69;70;70;70;1980;326;946;3.2;29.9;-39.0;14.4;5.5;76.6;0.0000;0.0080;-0.0750;0.0750;
898.16;0;0;0;0;91;207;70;70;70;70;70;1980;326;946;3.2;30.0;-39.0;14.4;5.5;76.6;0.0000;0.0067;-0.0500;0.0500;
898.41;0;1;0;0;90;207;70;70;70;70;70;1978;326;946;3.2;30.0;-39.5;14.4;5.5;76.6;0.0000;0.0052;0.0500;102.3750;
898.66;0;0;0;0;90;207;70;70;70;70;70;1975;326;946;3.2;29.8;-39.0;14.4;5.5;76.6;0.0000;0.0054;-0.3500;0.0000;
898.91;0;1;0;0;90;207;70;70;70;70;70;1973;326;946;3.2;29.8;-39.0;14.4;5.5;76.6;0.0000;0.0062;-0.2000;0.0250;
899.16;0;1;0;0;90;207;69;69;69;70;70;1961;326;946;3.2;29.7;-39.0;14.4;5.5;76.6;0.0000;0.0069;-0.5250;0.1750;
899.41;0;1;0;0;90;207;69;69;69;69;69;1944;326;946;3.2;29.7;-38.5;14.4;5.5;76.6;0.0000;0.0070;-0.9750;102.3500;
899.66;0;1;0;0;90;207;68;69;68;69;69;1930;326;946;3.2;30.0;-38.5;14.4;5.5;76.6;0.0000;0.0074;-1.1500;0.0500;
899.91;0;1;0;0;90;207;68;68;68;68;68;1906;326;946;3.2;30.0;-38.0;14.4;5.5;76.6;0.0000;0.0056;-0.9750;0.0000;
900.16;0;1;0;0;90;207;67;67;67;67;67;1895;326;946;3.2;30.1;-37.5;14.4;5.5;76.6;0.0000;0.0051;-0.8500;102.3750;
900.41;0;1;0;0;90;207;66;66;66;66;67;1870;326;946;3.2;30.2;-37.0;14.4;5.5;76.6;0.0000;0.0044;-0.9000;102.3500;
900.66;0;1;0;0;90;207;66;66;66;66;66;1855;326;946;3.2;30.2;-37.0;14.4;5.5;76.6;0.0000;0.0041;-0.9250;102.2750;
900.91;0;1;0;0;90;207;65;65;65;65;65;1832;326;946;3.2;30.5;-36.5;14.4;5.5;76.6;0.0000;0.0034;-0.7250;102.3750;
901.16;0;1;0;0;90;207;64;65;64;65;65;1820;326;946;3.2;30.3;-36.5;14.4;5.5;76.6;0.0000;0.0022;-0.6000;102.2750;
901.41;0;1;0;0;90;207;64;64;64;64;64;1799;326;946;3.2;30.3;-36.0;14.4;5.5;76.6;0.0000;0.0004;-0.6000;102.2500;
901.66;0;1;0;0;90;207;63;63;63;63;64;1789;326;946;3.2;30.3;-36.0;14.4;5.5;76.6;0.0000;-0.0009;-0.4500;102.0250;
901.91;0;1;0;0;90;207;63;62;63;63;63;1767;326;946;3.2;30.3;-35.5;14.4;5.5;76.6;0.0000;-0.0018;-0.7750;102.2000;
902.16;0;1;0;0;90;207;62;62;62;62;62;1749;326;946;3.2;30.5;-35.5;14.4;5.5;76.6;0.0000;-0.0016;-0.9000;102.1750;
902.41;0;1;0;0;90;207;61;61;61;61;61;1727;326;946;3.2;30.5;-35.5;14.4;5.5;76.6;0.0000;-0.0018;-0.7250;102.1500;
902.66;0;1;0;0;90;207;61;61;61;61;61;1715;326;946;3.2;30.5;-35.0;14.4;5.5;76.6;0.0000;-0.0020;-0.9000;101.8750;
902.91;0;1;0;0;90;207;60;60;60;60;60;1693;326;946;3.2;30.8;-34.5;14.4;5.5;76.6;0.0000;-0.0031;-0.9750;102.0250;
903.18;0;1;0;0;90;207;59;60;59;59;60;1676;326;946;3.2;31.1;-34.5;14.4;5.5;76.6;0.0000;-0.0022;-0.4250;101.8000;
903.43;0;1;0;0;90;207;59;59;59;59;59;1661;326;946;3.2;31.1;-34.5;14.4;5.5;76.6;0.0000;-0.0022;-0.4250;102.2750;
903.68;0;1;0;0;90;207;59;58;58;58;59;1650;326;946;3.2;31.1;-34.5;14.4;5.5;76.6;0.0000;-0.0025;-0.2500;102.0750;
903.93;0;1;0;0;90;207;58;58;58;58;58;1643;326;946;3.2;31.0;-35.0;14.4;5.5;76.6;0.0000;-0.0028;0.3250;102.0750;
904.18;0;1;0;0;90;207;58;58;58;58;59;1654;326;946;3.2;30.8;-35.0;14.4;5.5;76.6;0.0000;-0.0025;0.2500;0.0000;
904.43;0;1;0;0;90;207;58;58;58;58;59;1649;326;946;3.2;30.8;-35.0;14.4;5.5;76.6;0.0000;-0.0021;0.0000;102.0250;
904.68;0;1;0;0;90;207;58;58;58;58;59;1651;326;946;3.2;30.3;-35.0;14.4;5.5;76.6;0.0000;-0.0013;0.1250;0.0000;
904.93;0;1;0;0;90;207;58;58;58;58;58;1635;326;946;3.2;30.1;-35.0;14.4;5.5;76.6;0.0000;-0.0008;-0.8750;102.3250;
905.18;0;1;0;0;90;207;57;57;57;57;58;1616;326;946;3.2;30.1;-35.0;14.4;5.5;76.6;0.0000;-0.0008;-0.5750;102.1250;
905.43;0;1;0;0;90;207;56;57;56;56;57;1601;326;946;3.2;30.4;-34.5;14.4;5.5;76.6;0.0000;-0.0008;-1.0000;0.0250;
905.68;0;1;0;0;90;207;56;56;56;56;56;1574;326;946;3.2;30.4;-34.5;14.4;5.5;76.6;0.0000;-0.0008;-0.8000;0.0250;
905.93;0;1;0;0;90;207;54;55;55;55;55;1543;326;946;3.2;30.7;-34.0;14.4;5.5;76.6;0.0000;-0.0008;-1.1750;0.0000;
906.18;0;1;0;0;90;207;54;54;54;54;54;1521;326;946;3.2;31.2;-33.5;14.4;5.5;76.6;0.0000;-0.0008;-1.1750;0.1250;
906.43;0;1;0;0;90;207;52;53;52;53;53;1485;326;948;3.2;31.2;-33.0;14.4;5.5;76.6;0.0000;-0.0008;-1.1750;0.1250;
906.68;0;1;0;0;90;207;52;52;52;52;52;1459;326;946;3.2;31.7;-33.0;14.4;5.5;76.6;0.0000;-0.0008;-1.1500;102.3000;
906.93;0;1;0;0;90;207;50;50;50;50;51;1427;326;946;3.2;32.2;-32.5;14.4;5.5;76.6;0.0000;-0.0014;-1.1750;0.0250;
907.18;0;1;0;0;90;207;50;50;50;50;50;1404;326;948;3.2;32.2;-32.5;14.4;5.5;76.6;0.0000;-0.0016;-1.0500;0.1500;
907.43;0;1;0;0;90;207;49;49;49;49;49;1376;326;946;3.2;32.6;-32.0;14.4;5.5;76.6;0.0000;-0.0008;-1.0250;0.0250;
907.68;0;1;0;0;90;207;48;48;48;48;48;1373;326;948;3.2;32.6;-31.5;14.4;5.5;76.6;0.0000;-0.0007;-0.7000;0.0250;
907.93;0;0;0;0;90;207;49;49;49;49;49;1375;326;948;3.2;32.7;-31.5;14.4;5.5;76.6;0.0000;-0.0009;-0.0250;101.9750;
908.19;0;0;0;0;90;207;49;49;49;49;49;1381;326;948;3.2;32.7;-32.0;14.4;5.5;76.6;0.0000;-0.0020;0.1500;0.1500;
908.44;0;0;0;0;90;207;49;49;49;49;49;1394;326;948;3.2;32.4;-32.0;14.4;5.5;76.6;0.0000;-0.0036;0.2750;102.3750;
908.69;0;0;0;0;90;207;49;49;50;49;50;1404;326;948;3.2;32.4;-32.0;14.4;5.5;76.6;0.0000;-0.0051;0.3500;102.2250;
908.94;0;0;0;0;90;207;50;50;50;50;50;1417;326;948;3.2;32.6;-32.0;14.4;5.5;76.6;0.0000;-0.0107;0.3500;101.8750;
909.19;0;0;0;0;90;207;51;50;50;50;50;1418;326;948;3.2;32.4;-32.0;14.4;5.5;76.6;0.0000;-0.0141;0.3750;101.8500;
909.44;0;0;0;0;90;207;51;51;50;50;51;1443;326;948;3.2;32.4;-32.5;14.4;5.5;76.6;0.0000;-0.0172;0.4000;0.0000;
909.69;0;0;0;0;90;207;51;51;51;51;51;1438;326;948;3.2;31.6;-32.5;14.4;5.5;76.6;0.0000;-0.0183;0.2750;101.9500;
909.94;0;0;0;0;90;207;51;51;51;51;51;1452;326;948;3.2;30.9;-32.5;14.4;5.5;76.6;0.0000;-0.0181;0.3250;101.6250;
910.19;0;1;0;0;90;207;52;51;51;51;51;1451;326;948;3.2;30.9;-32.5;14.4;5.5;76.6;0.0000;-0.0175;-0.2500;101.9750;
910.44;0;1;0;0;90;207;51;51;51;51;51;1459;326;948;3.2;29.9;-32.5;14.4;5.5;76.6;0.0000;-0.0172;0.2000;0.0750;
910.69;0;1;0;0;90;207;51;51;51;51;51;1441;326;948;3.2;29.9;-32.5;14.4;5.5;76.6;0.0000;-0.0170;-0.3500;101.7000;
910.94;0;1;0;0;90;207;50;51;51;51;51;1438;326;948;3.2;29.6;-32.5;14.4;5.5;76.6;0.0000;-0.0146;-0.4000;101.6500;
911.19;0;1;0;0;90;207;50;50;50;50;50;1421;326;948;3.2;29.2;-32.5;14.4;5.5;76.6;0.0000;-0.0140;-0.1750;101.9750;
911.44;0;1;0;0;90;207;50;49;50;50;50;1412;326;948;3.2;29.2;-32.0;14.4;5.5;76.6;0.0000;-0.0138;-0.3500;101.9000;
911.69;0;1;0;0;90;207;49;49;49;49;50;1406;326;948;3.2;28.7;-32.0;14.4;5.5;76.6;0.0000;-0.0120;-1.0250;102.0000;
911.94;0;1;0;0;90;207;50;50;49;49;50;1403;326;948;3.2;28.7;-32.0;14.4;5.5;76.6;0.0000;-0.0097;0.2750;102.2000;
912.19;0;0;0;0;90;207;50;50;50;50;50;1413;326;948;3.2;28.7;-32.0;14.4;5.5;76.6;0.0000;-0.0082;0.4250;102.2250;
912.44;0;0;0;0;90;207;50;50;50;50;50;1425;326;948;3.2;28.7;-32.5;14.4;5.5;76.6;0.0000;-0.0066;0.4250;0.1000;
912.69;0;1;0;0;90;207;50;50;50;50;50;1426;326;948;3.2;28.5;-32.5;14.4;5.5;76.6;0.0000;-0.0062;-0.0250;0.1500;
912.94;0;1;0;0;90;207;50;50;50;50;50;1410;326;948;3.2;28.8;-32.0;14.4;5.5;76.6;0.0000;-0.0074;-0.6000;102.3750;
913.21;0;1;0;0;90;207;50;50;50;49;50;1408;326;948;3.2;28.8;-32.0;14.4;5.5;76.6;0.0000;-0.0072;-0.3750;102.3250;
913.46;0;1;0;0;90;207;49;49;49;49;49;1394;326;948;3.2;29.1;-32.0;14.4;5.5;76.6;0.0000;-0.0064;-0.3500;102.2750;
913.71;0;1;0;0;90;207;49;49;49;49;49;1384;326;948;3.2;29.1;-32.0;14.4;5.5;76.6;0.0000;-0.0033;-0.2250;102.2750;
913.96;0;0;0;0;90;207;49;49;49;49;49;1396;326;948;3.2;29.3;-32.0;14.4;5.5;76.6;0.0000;-0.0008;0.1750;102.0250;
914.21;0;0;0;0;90;207;50;50;50;50;50;1405;326;948;3.2;29.5;-32.0;14.4;5.5;76.6;0.0000;0.0025;0.2250;102.0250;
914.46;0;0;0;0;90;207;50;50;50;50;50;1415;326;948;3.2;29.5;-32.0;14.4;5.5;76.6;0.0000;0.0056;0.3750;0.0000;
914.71;0;1;0;0;90;207;50;50;50;50;50;1417;326;948;3.2;29.4;-32.0;14.4;5.5;76.6;0.0000;0.0127;-0.2000;0.0000;
914.96;0;1;0;0;90;207;50;50;50;50;50;1429;326;948;3.2;29.4;-32.5;14.4;5.5;76.6;0.0000;0.0150;0.3500;0.0750;
915.21;0;1;0;0;90;207;50;50;50;50;50;1415;326;948;3.2;29.4;-32.0;14.4;5.5;76.6;0.0000;0.0171;-0.0500;0.1750;
915.46;0;1;0;0;90;207;50;50;50;50;50;1408;326;948;3.2;29.4;-32.0;14.4;5.5;76.6;0.0000;0.0194;-0.3250;0.3500;
915.71;0;1;0;0;90;207;49;49;49;49;50;1400;326;948;3.2;29.4;-32.0;14.4;5.5;76.6;0.0000;0.0257;-0.2750;0.1750;
915.96;0;1;0;0;90;207;49;50;49;50;50;1397;326;948;3.2;29.7;-32.0;14.4;5.5;76.6;0.0000;0.0301;0.4500;0.8500;
916.21;0;0;0;0;90;207;49;50;49;50;50;1410;326;948;3.2;29.7;-32.0;14.4;5.5;76.6;0.0000;0.0334;0.4000;0.7250;
916.46;0;0;0;0;90;207;50;50;50;50;50;1417;326;950;3.2;29.9;-32.0;14.4;5.5;76.6;0.0000;0.0361;0.3250;0.8500;
916.71;0;0;0;0;90;207;50;51;50;51;51;1432;326;948;3.2;29.9;-32.5;14.4;5.5;76.6;0.0000;0.0399;0.3250;0.8750;
916.96;0;0;0;0;90;207;51;51;50;51;51;1438;326;950;3.2;30.3;-32.5;14.4;5.5;76.6;0.0000;0.0412;0.3750;1.0000;
917.21;0;0;0;0;90;207;51;52;51;51;51;1452;326;950;3.2;30.8;-32.5;14.4;5.5;76.6;0.0000;0.0441;0.3500;1.0000;
917.46;0;1;0;0;90;207;51;52;51;52;52;1456;326;950;3.2;30.8;-32.5;14.4;5.5;76.6;0.0000;0.0488;0.5500;1.4000;
917.71;0;1;0;0;90;207;51;52;51;52;51;1452;326;950;3.2;30.9;-32.5;14.4;5.5;76.6;0.0000;0.0512;-0.1000;1.3750;
917.96;0;1;0;0;90;207;51;52;51;52;52;1454;326;950;3.2;31.9;-32.5;14.4;5.5;76.6;0.0000;0.0499;-0.1750;1.9250;
918.23;0;1;0;0;90;207;50;52;51;51;51;1442;326;950;3.2;31.9;-32.5;14.4;5.5;76.6;0.0000;0.0486;-0.1750;1.1250;
918.48;0;1;0;0;90;207;50;51;50;51;51;1441;326;950;3.2;33.2;-32.5;14.4;5.5;76.6;0.0000;0.0462;-0.1750;1.1500;
918.73;0;1;0;0;90;207;51;51;51;51;51;1443;326;950;3.2;33.9;-32.5;14.4;5.5;76.6;0.0000;0.0409;-0.1250;0.7500;
918.98;0;1;0;0;90;207;50;51;51;51;51;1432;326;950;3.2;33.9;-32.5;14.4;5.5;76.6;0.0000;0.0409;0.0750;0.6500;
919.23;0;0;0;0;90;207;51;52;51;51;51;1451;326;950;3.2;34.2;-32.5;14.4;5.5;76.6;0.0000;0.0407;0.2500;0.9250;
919.48;0;0;0;0;90;207;51;52;51;52;52;1458;326;950;3.2;34.2;-32.5;14.4;5.5;76.6;0.0000;0.0405;0.3250;1.0000;
919.73;0;0;0;0;90;207;52;53;52;52;52;1471;326;950;3.2;34.5;-33.0;14.4;5.5;76.6;0.0000;0.0397;0.4000;0.7750;
919.98;0;0;0;0;90;207;52;53;52;53;52;1482;326;950;3.2;34.2;-33.0;14.4;5.5;76.6;0.0000;0.0392;0.0500;1.1250;
920.23;0;1;0;0;90;207;51;53;52;52;52;1475;326;950;3.2;34.2;-33.0;14.4;5.5;76.6;0.0000;0.0391;-0.2000;1.0750;
920.48;0;1;0;0;90;207;52;52;51;52;52;1478;326;950;3.2;34.2;-33.0;14.4;5.5;76.6;0.0000;0.0389;-0.2500;1.1250;
920.73;0;1;0;0;90;207;51;52;51;52;52;1464;326;950;3.2;34.7;-33.0;14.4;5.5;76.6;0.0000;0.0366;-0.3250;0.9250;
920.98;0;1;0;0;90;207;51;51;51;51;51;1452;326;950;3.2;35.4;-32.5;14.4;5.5;76.6;0.0000;0.0351;-0.4500;0.4500;
921.23;0;1;0;0;90;207;51;51;51;51;51;1439;326;950;3.2;35.4;-32.5;14.4;5.5;76.6;0.0000;0.0344;-0.7500;0.5500;
921.48;0;1;0;0;90;207;50;51;50;51;51;1430;326;950;3.2;35.3;-32.5;14.4;5.5;76.6;0.0000;0.0344;-0.2500;0.7750;
921.73;0;1;0;0;90;207;50;51;50;51;51;1424;326;950;3.2;35.7;-32.5;14.4;5.5;76.6;0.0000;0.0343;-0.1000;0.5750;
921.98;0;0;0;0;90;207;50;51;50;51;51;1434;326;950;3.2;35.7;-32.5;14.4;5.5;76.6;0.0000;0.0346;0.0500;0.7750;
922.23;0;0;0;0;90;207;50;51;50;51;51;1433;326;950;3.2;35.0;-32.5;14.4;5.5;76.6;0.0000;0.0348;0.0750;0.7250;
922.48;0;0;0;0;90;207;50;51;50;51;51;1441;326;950;3.2;35.0;-32.5;14.4;5.5;76.6;0.0000;0.0348;0.1500;0.7500;
922.73;0;0;0;0;90;207;51;51;51;51;51;1440;326;950;3.2;33.8;-32.5;14.4;5.5;76.6;0.0000;0.0331;0.1250;0.7750;
922.98;0;1;0;0;90;207;51;51;51;51;51;1447;326;950;3.2;34.0;-32.5;14.4;5.5;76.6;0.0000;0.0300;0.1000;0.4750;
923.25;0;1;0;0;90;207;51;51;50;51;51;1436;326;950;3.2;34.0;-32.5;14.4;5.5;76.6;0.0000;0.0260;-0.0500;0.2250;
923.50;0;1;0;0;90;207;50;50;50;51;51;1428;326;950;3.2;33.9;-32.5;14.4;5.5;76.6;0.0000;0.0224;-0.4000;0.0000;
923.75;0;1;0;0;90;207;50;51;50;51;50;1427;326;950;3.2;33.8;-32.5;14.4;5.5;76.6;0.0000;0.0194;0.3750;0.3500;
924.00;0;0;0;0;90;207;51;51;50;51;51;1437;326;950;3.2;33.8;-32.5;14.4;5.5;76.6;0.0000;0.0172;0.2750;0.0750;
924.25;0;0;0;0;90;207;51;51;51;51;51;1441;326;950;3.2;33.6;-32.5;14.4;5.5;76.6;0.0000;0.0133;0.2500;0.1750;
924.50;0;1;0;0;90;207;51;51;51;51;51;1439;326;950;3.2;33.6;-32.5;14.4;5.5;76.6;0.0000;0.0052;-0.1500;0.0250;
924.75;0;1;0;0;90;207;50;50;50;50;50;1424;326;950;3.2;33.0;-32.5;14.4;5.5;76.6;0.0000;-0.0033;-0.7750;0.0500;
925.00;0;1;0;0;90;207;50;50;50;50;50;1413;326;950;3.2;33.0;-32.5;14.4;5.5;76.6;0.0000;-0.0079;-0.8000;101.9000;
925.25;0;1;0;0;90;207;49;49;49;49;50;1398;326;950;3.2;32.3;-32.0;14.4;5.5;76.6;0.0000;-0.0100;-0.1250;102.0750;
925.50;0;0;0;0;90;207;49;49;49;49;49;1386;326;950;3.2;32.3;-32.0;14.4;5.5;76.6;0.0000;-0.0109;-0.2250;102.1250;
925.75;0;0;0;0;90;207;49;49;49;49;49;1399;326;950;3.2;31.6;-32.0;14.4;5.5;76.6;0.0000;-0.0135;-0.0500;102.0250;
926.00;0;0;0;0;90;207;50;49;50;49;50;1405;326;950;3.2;31.0;-32.0;14.4;5.5;76.6;0.0000;-0.0207;0.0750;101.8250;
926.25;0;0;0;0;90;207;50;50;50;50;50;1408;326;950;3.2;31.0;-32.0;14.4;5.5;76.6;0.0000;-0.0212;0.2250;101.5750;
926.50;0;0;0;0;90;207;50;50;50;50;50;1411;326;950;3.2;30.1;-32.0;14.4;5.5;76.6;0.0000;-0.0212;0.1000;101.6000;
926.75;0;0;0;0;90;207;50;50;50;50;50;1412;326;950;3.2;29.7;-32.0;14.4;5.5;76.6;0.0000;-0.0217;0.1000;102.1750;
927.00;0;0;0;0;90;207;50;49;50;50;50;1412;326;950;3.2;29.7;-32.5;14.4;5.5;76.6;0.0000;-0.0228;0.0500;0.4000;
927.25;0;0;0;0;90;207;50;50;50;49;50;1406;326;950;3.2;29.3;-32.5;14.4;5.5;76.6;0.0000;-0.0304;-0.0750;101.9000;
927.50;0;0;0;0;90;207;50;49;50;49;50;1404;326;950;3.2;29.3;-32.0;14.4;5.5;76.6;0.0000;-0.0351;-0.2000;101.5500;
927.75;0;0;0;0;90;207;49;49;49;49;49;1394;326;950;3.2;28.3;-32.0;14.4;5.5;76.6;0.0000;-0.0351;-0.2500;101.6500;
928.00;0;0;0;0;90;207;49;49;49;49;49;1384;326;950;3.2;27.4;-32.0;14.4;5.5;76.6;0.0000;-0.0348;-0.3250;101.6750;
928.27;0;0;0;0;90;207;49;48;49;48;49;1375;326;950;3.2;27.4;-32.0;14.4;5.5;76.6;0.0000;-0.0346;-0.4000;101.4250;
928.52;0;0;0;0;90;207;48;48;48;48;48;1355;326;950;3.2;27.2;-31.5;14.4;5.5;76.6;0.0000;-0.0346;-0.5000;101.5250;
928.77;0;0;0;0;90;207;48;47;48;47;48;1343;326;950;3.2;27.2;-31.5;14.4;5.5;76.6;0.0000;-0.0303;-0.5750;101.6750;
929.02;0;0;0;0;90;207;47;47;47;47;47;1329;326;950;3.2;26.4;-31.5;14.4;5.5;76.6;0.0000;-0.0293;-0.5250;101.8250;
929.27;0;0;0;0;90;207;47;46;47;46;47;1317;326;950;3.2;26.4;-31.0;14.4;5.5;76.6;0.0000;-0.0288;-0.6000;101.9250;
929.52;0;1;0;0;90;207;46;45;46;46;46;1297;326;950;3.2;25.9;-31.0;14.4;5.5;76.6;0.0000;-0.0280;-0.7250;101.7500;
929.77;0;1;0;0;90;207;45;45;45;45;45;1281;326;950;3.2;26.0;-31.0;14.4;5.5;76.6;0.0000;-0.0280;-0.7750;101.8000;
930.02;0;1;0;0;90;207;45;44;45;44;45;1257;326;950;3.2;26.0;-31.0;14.4;5.5;76.6;0.0000;-0.0303;-0.7750;101.7000;
930.27;0;1;0;0;90;207;44;44;44;44;44;1246;326;950;3.2;25.7;-30.5;14.4;5.5;76.6;0.0000;-0.0307;-0.6750;101.7250;
930.52;0;1;0;0;90;207;43;43;43;43;43;1216;326;950;3.2;25.8;-30.5;14.4;5.5;76.6;0.0000;-0.0314;-1.1500;101.8250;
930.77;0;1;0;0;90;207;43;43;43;42;43;1211;326;950;3.2;25.8;-30.5;14.4;5.5;76.6;0.0000;-0.0288;-0.5250;102.0500;
931.02;0;1;0;0;90;207;42;42;42;42;42;1186;326;950;3.2;26.0;-30.0;14.4;5.5;76.6;0.0000;-0.0272;-1.0500;102.1250;
931.27;0;1;0;0;90;207;42;41;42;41;42;1174;326;950;3.2;26.0;-30.0;14.4;5.5;76.6;0.0000;-0.0272;-0.9250;102.0500;
931.52;0;1;0;0;90;207;40;41;41;41;41;1153;326;950;3.2;25.9;-30.0;14.4;5.5;76.6;0.0000;-0.0250;-0.7250;0.2750;
931.77;0;1;0;0;90;207;40;40;40;40;40;1139;326;950;3.2;26.1;-30.0;14.4;5.5;76.6;0.0000;-0.0246;-1.1750;101.9500;
932.02;0;1;0;0;90;207;40;40;40;39;40;1125;326;950;3.2;26.1;-30.0;14.4;5.5;76.6;0.0000;-0.0238;-0.6500;102.1250;
932.27;0;1;0;0;90;207;39;39;39;39;39;1114;326;950;3.2;26.7;-30.0;14.4;5.5;76.6;0.0000;-0.0219;-0.8250;101.9500;
932.52;0;1;0;0;90;207;38;38;38;38;39;1089;326;950;3.2;26.8;-30.0;14.4;5.5;76.6;0.0000;-0.0206;-1.0000;102.2750;
932.77;0;1;0;0;90;207;38;38;38;38;38;1074;326;950;3.2;26.8;-30.5;14.4;5.5;76.6;0.0000;-0.0207;-1.0500;102.3250;
933.02;0;1;0;0;90;207;37;37;37;37;37;1050;326;950;3.2;26.8;-30.5;14.4;5.5;76.6;0.0000;-0.0207;-0.4000;102.2250;
933.28;0;1;0;0;90;207;36;36;36;36;36;1034;328;950;3.2;27.3;-30.5;14.4;5.5;76.6;0.0000;-0.0202;-0.8500;102.1750;
933.53;1;1;0;0;90;207;36;35;35;35;36;927;328;950;3.2;27.8;-23.0;14.4;5.5;76.6;0.0000;-0.0204;-0.9250;102.3000;
933.78;1;1;0;0;90;207;35;35;35;34;35;877;328;950;3.2;27.8;-0.5;14.4;5.5;76.6;0.0000;-0.0207;-0.5500;102.2250;
934.03;1;1;0;0;90;207;34;34;34;34;34;877;328;950;3.2;28.1;1.5;14.4;5.5;76.6;0.0000;-0.0216;-1.2000;102.2750;
934.28;1;1;0;0;90;207;33;33;33;33;33;982;328;950;3.2;28.1;-31.0;14.4;5.5;76.6;0.0000;-0.0234;-0.8500;102.2750;
934.53;1;1;0;0;90;207;32;32;32;32;32;1238;328;950;3.2;28.2;-32.5;14.4;5.5;76.6;0.0000;-0.0249;-0.9250;0.0750;
934.78;1;1;0;0;90;207;31;31;31;31;31;1242;328;950;3.2;29.0;-23.5;14.4;5.5;76.6;0.0000;-0.0252;-0.9750;102.3000;
935.03;1;1;0;0;90;207;30;30;30;30;31;1214;328;950;3.2;29.0;-32.0;14.4;5.5;76.6;0.0000;-0.0272;-0.8750;102.2500;
935.28;0;1;0;0;90;207;29;29;29;29;29;1181;328;950;3.2;29.2;-31.5;14.4;5.5;76.6;0.0000;-0.0265;-1.1750;0.1500;
935.53;0;1;0;0;90;207;28;28;28;28;28;1129;328;950;3.2;29.3;-31.0;14.4;5.5;76.6;0.0000;-0.0241;-1.3250;102.2250;
935.78;0;1;0;0;90;207;27;27;27;27;27;1102;328;950;3.2;29.3;-30.5;14.4;5.5;76.6;0.0000;-0.0241;-1.0750;0.0000;
936.03;0;1;0;0;90;207;26;26;26;26;26;1042;328;950;3.2;30.1;-30.5;14.4;5.5;76.6;0.0000;-0.0260;-1.2250;0.0250;
936.28;0;1;0;0;90;207;25;24;25;24;25;1011;328;950;3.2;30.1;-30.5;14.4;5.5;76.6;0.0000;-0.0307;-1.3500;0.0000;
936.53;1;1;0;0;90;207;24;23;24;24;24;899;328;950;3.2;30.3;-7.0;14.4;5.5;76.6;0.0000;-0.0402;-1.2250;102.3750;
936.78;1;1;0;0;90;207;22;22;23;22;23;871;328;950;3.2;30.7;0.5;14.4;5.5;76.6;0.0000;-0.0504;-1.1250;102.2250;
937.03;1;1;0;0;90;207;22;22;22;22;22;874;328;950;3.2;30.7;3.5;14.4;5.5;76.6;0.0000;-0.0570;-0.7500;101.9250;
937.28;1;1;0;0;90;207;20;20;20;20;20;952;328;950;3.2;30.7;-30.5;14.4;5.5;76.6;0.0000;-0.0636;-1.7250;0.2500;
937.53;1;1;0;0;90;207;19;18;19;18;19;1207;328;950;3.2;30.9;-32.0;14.4;5.5;76.6;0.0000;-0.0806;-2.0500;102.1250;
937.78;1;1;0;0;90;207;18;17;18;17;18;1149;328;950;3.2;31.4;-22.0;14.4;5.5;76.6;0.0000;-0.1001;-1.0750;102.0500;
938.03;0;1;0;0;89;207;17;16;17;16;17;1068;328;950;3.2;31.4;-31.0;14.4;5.5;76.6;0.0000;-0.1169;-1.3000;102.1500;
938.30;0;1;0;0;90;207;16;15;15;15;15;953;328;950;3.2;31.5;-13.5;14.4;5.5;76.6;0.0000;-0.1385;-1.1250;101.8500;
938.55;0;1;0;0;90;207;15;14;15;14;14;974;328;950;3.2;31.4;8.5;14.4;5.5;76.6;0.0000;-0.1775;-0.8000;102.0500;
938.80;1;1;0;0;90;207;14;13;13;13;13;903;328;950;3.2;31.4;6.0;14.4;5.5;76.6;0.0000;-0.2005;-0.9250;101.8000;
939.05;1;1;0;0;89;207;13;12;13;12;12;892;328;950;3.2;31.1;1.0;14.4;5.5;76.6;0.0000;-0.2330;-1.2250;101.9250;
939.30;1;1;0;0;89;207;11;10;11;10;11;878;328;950;3.2;31.1;5.0;14.4;5.5;76.6;0.0000;-0.2663;-1.6000;101.9500;
939.55;1;1;0;0;89;207;11;9;10;9;10;885;328;950;3.2;31.0;2.0;14.4;5.5;76.6;0.0000;-0.3282;-1.1750;101.9000;
939.80;1;0;0;0;89;207;10;9;10;9;9;878;328;950;3.2;30.9;3.0;14.4;5.5;76.6;0.0000;-0.3427;-0.1750;101.9750;
940.05;1;0;0;0;89;207;10;9;9;8;9;886;328;950;3.2;30.9;0.0;14.4;5.5;76.6;0.0000;-0.3522;-0.2500;101.8500;
940.30;1;0;0;0;89;207;9;8;9;8;8;919;328;950;3.2;30.0;-22.0;14.4;5.5;76.6;0.0157;-0.3688;-0.5250;102.1750;
940.55;1;0;0;0;89;207;8;7;8;7;8;935;328;950;3.2;29.6;2.0;14.4;5.5;76.6;0.1255;-0.3875;-0.7250;101.8500;
940.80;1;0;0;0;89;207;8;7;8;7;7;962;328;950;3.2;29.6;12.0;14.4;5.5;76.6;0.1255;-0.4065;-0.4750;102.3000;
941.05;1;0;0;0;89;207;8;7;8;7;8;907;328;950;3.2;29.1;43.5;14.4;5.5;76.6;0.1804;-0.4302;0.0000;101.8250;
941.30;0;0;0;0;89;207;9;7;8;7;8;972;328;950;3.2;29.1;46.0;14.4;5.5;76.6;0.2000;-0.4504;0.1750;102.0000;
941.55;0;0;0;0;89;207;9;8;9;8;8;997;328;950;3.2;28.2;43.5;14.4;5.5;76.6;0.1961;-0.4527;0.3750;101.7500;
941.80;0;0;0;0;89;207;9;8;9;8;9;1045;328;950;3.2;28.2;43.0;14.4;5.5;76.6;0.1922;-0.4553;0.3250;101.9000;
942.05;0;0;0;0;89;207;10;8;9;8;9;1077;328;950;3.2;27.1;41.0;14.4;5.5;76.6;0.1961;-0.4553;0.3500;102.3750;
942.30;0;0;0;0;89;207;10;9;10;8;9;1126;328;950;3.2;27.1;45.5;14.4;5.5;76.6;0.2039;-0.4551;0.2750;101.8500;
942.55;0;0;0;0;89;207;11;9;10;9;10;1158;328;950;3.2;26.0;46.5;14.4;5.5;76.6;0.2118;-0.4551;0.4250;101.9250;
942.80;0;0;0;0;89;207;11;10;11;9;10;1234;328;950;3.2;25.6;56.0;14.4;5.5;76.6;0.2314;-0.4533;0.4500;102.0250;
943.05;0;0;0;0;89;207;12;10;12;10;11;1298;328;950;3.2;25.6;59.0;14.4;5.5;76.6;0.2353;-0.4533;0.7000;101.4750;
943.31;0;0;0;0;89;207;13;11;12;11;12;1384;328;950;3.2;24.7;77.0;14.4;5.5;76.6;0.2667;-0.4395;0.5500;101.6250;
943.56;0;0;0;0;89;207;13;12;13;11;12;1494;328;950;3.2;24.0;77.5;14.4;5.5;76.6;0.2902;-0.4325;0.9000;101.4250;
943.81;0;0;0;0;89;207;15;13;14;13;14;1659;328;950;3.2;24.0;95.0;14.4;5.5;76.6;0.2941;-0.4057;1.1250;100.7500;
944.06;0;0;0;0;89;207;16;14;15;14;15;1761;328;950;3.2;22.8;98.0;14.4;5.5;76.6;0.2941;-0.3679;1.3250;101.8000;
944.31;0;0;0;0;89;207;17;16;17;16;16;1961;328;950;3.2;22.8;96.0;14.4;5.5;76.6;0.2941;-0.2415;1.3250;102.1250;
944.56;0;0;0;0;89;207;18;17;18;17;17;2072;328;950;3.2;22.1;96.5;14.4;5.5;76.6;0.2941;-0.1942;1.5500;101.7500;
944.81;0;0;0;0;89;207;20;18;19;19;19;2255;328;950;3.2;21.0;96.0;14.4;5.5;76.6;0.2941;-0.1500;1.4250;102.0750;
945.06;0;0;0;0;89;207;20;20;20;20;20;2365;328;950;3.2;21.0;29.0;14.4;5.5;76.6;0.0000;-0.1170;1.5250;102.1250;
945.31;1;0;0;0;89;207;20;20;20;20;20;2207;328;950;3.2;20.5;-32.5;14.4;5.5;76.6;0.0000;-0.0657;0.4750;0.0500;
945.56;1;0;0;0;89;207;20;20;20;20;20;2017;328;950;3.2;20.5;-36.0;14.4;5.5;76.6;0.0000;-0.0625;0.0500;0.0000;
945.81;1;0;0;0;89;207;20;19;20;19;20;1718;328;950;3.2;21.2;-25.5;14.4;5.5;76.6;0.0549;-0.0547;-0.2000;102.2500;
946.06;1;0;0;0;89;207;20;20;20;20;20;1330;328;950;3.2;21.2;24.5;14.4;5.5;76.6;0.1686;-0.0539;0.1250;102.2500;
946.31;1;0;0;0;89;207;20;20;20;20;20;1322;328;950;3.2;21.4;61.5;14.4;5.5;76.6;0.2314;-0.0528;0.1750;102.2750;
946.56;0;0;0;0;89;207;21;21;21;21;21;1373;328;950;3.2;21.8;98.5;14.4;5.5;76.6;0.3490;-0.0496;0.4000;102.1250;
946.81;0;0;0;0;89;207;22;22;22;22;22;1433;328;950;3.2;21.8;129.5;14.4;5.5;76.6;0.3569;-0.0417;0.8750;102.2000;
947.06;0;0;0;0;89;207;23;23;23;23;23;1483;328;950;3.2;21.7;141.5;14.4;5.5;76.6;0.3569;-0.0238;1.1250;0.2750;
947.31;0;0;0;0;89;207;24;24;24;24;24;1581;328;950;3.2;21.5;145.5;14.4;5.5;76.6;0.3569;0.0122;1.3000;0.3250;
947.56;0;0;0;0;89;207;25;25;25;25;25;1640;328;950;3.2;21.5;144.5;14.4;5.5;76.6;0.3529;0.0283;1.3000;0.4000;
947.81;0;0;0;0;89;207;27;27;27;27;27;1742;328;950;3.2;22.0;139.5;14.4;5.5;76.6;0.3490;0.0344;1.3250;0.6500;
948.06;0;0;0;0;89;207;28;28;28;28;28;1802;328;950;3.2;22.0;137.0;14.4;5.5;76.6;0.3451;0.0346;1.3250;0.5500;
948.33;0;0;0;0;89;207;29;29;29;30;29;1900;328;950;3.2;22.5;134.5;14.4;5.5;76.6;0.3451;0.0308;1.3750;0.6500;
948.58;0;0;0;0;89;207;31;31;31;31;30;1964;328;950;3.2;23.0;132.5;14.4;5.5;76.6;0.3412;0.0254;1.3750;0.5000;
948.83;0;0;0;0;89;207;32;32;32;32;32;2060;328;950;3.2;23.0;120.0;14.4;5.5;76.6;0.2784;0.0178;1.3000;0.4000;
949.08;1;0;0;0;89;207;32;33;32;32;33;2020;328;950;3.2;23.7;3.5;14.4;5.5;76.6;0.0000;0.0168;1.1000;0.4250;
949.33;1;0;0;0;89;207;32;32;32;32;32;1829;328;950;3.2;24.5;-33.0;14.4;5.5;76.6;0.0000;0.0170;0.1000;0.4250;
949.58;1;0;0;0;89;207;32;32;32;32;32;1640;328;950;3.2;24.5;-33.0;14.4;5.5;76.6;0.0000;0.0171;-0.1000;0.4000;
949.83;1;0;0;0;89;207;32;32;32;32;32;1178;328;950;3.2;24.5;46.5;14.4;5.5;76.6;0.2275;0.0163;0.0250;0.6000;
950.08;1;0;0;0;89;207;32;33;33;33;32;1281;328;950;3.2;24.7;171.0;14.4;5.5;76.6;0.3922;0.0154;0.1500;0.6500;
950.33;0;0;0;0;89;207;33;33;33;33;33;1344;328;950;3.2;24.5;176.5;14.4;5.5;76.6;0.4000;0.0102;0.6750;0.3250;
950.58;0;0;0;0;89;207;34;35;35;35;34;1375;328;950;3.2;24.5;181.0;14.4;5.5;76.6;0.4039;0.0070;0.8500;0.2500;
950.83;0;0;0;0;89;207;35;35;35;35;35;1411;328;950;3.2;24.5;182.5;14.4;5.5;76.6;0.4039;0.0082;0.9000;0.3500;
951.08;0;0;0;0;89;207;36;36;36;36;36;1442;328;950;3.2;24.5;183.0;14.4;5.5;76.6;0.4039;0.0097;1.0500;0.3500;
951.33;0;0;0;0;89;207;37;37;37;37;37;1488;328;950;3.2;24.6;181.5;14.4;5.5;76.6;0.4039;0.0212;1.0000;0.9000;
951.58;0;0;0;0;89;207;38;38;38;38;38;1516;328;950;3.2;25.2;180.0;14.4;5.5;76.6;0.4000;0.0246;1.0000;0.7500;
951.83;0;0;0;0;89;207;39;39;39;39;39;1559;328;950;3.2;25.2;176.5;14.4;5.5;76.6;0.3922;0.0277;0.9750;0.8000;
952.08;0;0;0;0;90;207;40;40;40;40;40;1587;328;950;3.2;25.1;174.5;14.4;5.5;76.6;0.3922;0.0282;1.0000;0.7750;
952.33;0;0;0;0;90;207;41;41;41;41;41;1629;328;950;3.2;25.6;170.5;14.4;5.5;76.6;0.3922;0.0236;0.9000;1.2000;
952.58;0;0;0;0;90;207;42;42;42;42;42;1654;328;950;3.2;25.6;167.5;14.4;5.5;76.6;0.3843;0.0181;0.9250;0.6000;
952.83;0;0;0;0;90;207;43;43;43;43;43;1699;328;950;3.2;25.7;164.0;14.4;5.5;76.6;0.3765;0.0120;0.9250;0.5250;
953.08;0;0;0;0;90;207;43;44;43;44;43;1723;328;950;3.2;25.7;155.0;14.4;5.5;76.6;0.3176;0.0120;0.8750;0.5750;
953.34;1;0;0;0;90;207;43;44;43;43;44;1656;328;950;3.2;25.6;-34.5;14.4;5.5;76.6;0.0000;0.0093;0.4500;0.3250;
953.59;1;0;0;0;90;207;43;43;43;43;44;1481;328;950;3.2;25.9;-30.5;14.4;5.5;76.6;0.0000;0.0091;0.1500;0.5500;
953.84;1;0;0;0;90;207;43;43;43;43;43;1232;328;950;3.2;25.9;-30.0;14.4;5.5;76.6;0.0000;0.0091;-0.1750;0.6000;
954.09;1;0;0;0;90;207;42;43;43;43;43;1230;328;950;3.2;25.9;-29.5;14.4;5.5;76.6;0.0000;0.0066;-0.4000;0.5750;
954.34;0;0;0;0;90;207;42;42;42;42;43;1203;328;950;3.2;25.9;-30.0;14.4;5.5;76.6;0.0000;0.0087;-0.3750;102.3500;
954.59;0;0;0;0;90;207;42;42;42;42;42;1192;328;950;3.2;26.1;-30.0;14.4;5.5;76.6;0.0000;0.0110;-0.4500;0.7250;
954.84;0;0;0;0;90;207;42;41;41;42;42;1178;328;950;3.2;26.1;-29.5;14.4;5.5;76.6;0.0000;0.0118;-0.4500;0.2500;
955.09;0;0;0;0;90;207;41;41;41;41;41;1170;328;950;3.2;26.8;-29.5;14.4;5.5;76.6;0.0000;0.0178;-0.5500;0.4750;
955.34;0;0;0;0;90;207;41;41;40;41;41;1154;328;950;3.2;27.5;-29.5;14.4;5.5;76.6;0.0000;0.0243;-0.4750;0.8000;
955.59;0;0;0;0;90;207;40;40;40;40;40;1147;328;950;3.2;27.5;-30.0;14.4;5.5;76.6;0.0000;0.0267;-0.4500;0.6500;
955.84;0;0;0;0;90;207;40;40;40;40;40;1131;328;950;3.2;28.1;-29.5;14.4;5.5;76.6;0.0000;0.0280;-0.5000;0.8500;
956.09;0;0;0;0;90;207;39;40;39;39;39;1123;328;950;3.2;28.1;-29.5;14.4;5.5;76.6;0.0000;0.0280;-0.4750;0.7500;
956.34;0;0;0;0;90;207;39;39;39;39;39;1106;328;950;3.2;28.8;-29.5;14.4;5.5;76.6;0.0000;0.0348;-0.4750;0.6750;
956.59;0;0;0;0;90;207;38;39;38;39;38;1096;328;950;3.2;29.2;-30.0;14.4;5.5;76.6;0.0000;0.0392;-0.5750;1.0000;
956.84;0;0;0;0;90;207;38;38;38;38;38;1081;328;950;3.2;29.2;-30.0;14.4;5.5;76.6;0.0000;0.0459;-0.5250;1.3000;
957.09;0;0;0;0;90;207;37;38;37;38;38;1076;328;950;3.2;30.3;-30.0;14.4;5.5;76.6;0.0000;0.0516;-0.5000;1.2500;
957.34;0;0;0;0;90;207;37;37;37;37;37;1057;328;950;3.2;31.4;-30.0;14.4;5.5;76.6;0.0000;0.0521;-0.5250;1.3750;
957.59;0;0;0;0;90;207;36;37;36;37;37;1050;328;950;3.2;31.4;-30.0;14.4;5.5;76.6;0.0000;0.0486;-0.4250;1.0250;
957.84;0;0;0;0;90;207;36;37;36;37;37;1039;328;950;3.2;31.6;-30.0;14.4;5.5;76.6;0.0000;0.0357;-0.3750;0.7500;
958.09;0;0;0;0;90;207;36;36;36;36;36;1028;328;950;3.2;31.6;-30.5;14.4;5.5;76.6;0.0000;0.0225;-0.4750;0.4250;
958.36;0;0;0;0;90;207;36;36;36;36;36;1021;328;950;3.2;31.6;-30.5;14.4;5.5;76.6;0.0000;0.0209;-0.4000;0.6500;
958.61;0;0;0;0;90;207;35;35;35;35;36;1006;328;950;3.2;31.6;-30.5;14.4;5.5;76.6;0.0000;0.0243;-0.4000;0.6750;
958.86;0;0;0;0;90;207;35;35;35;35;35;1002;328;950;3.2;31.8;-30.5;14.4;5.5;76.6;0.0000;0.0267;-0.3750;0.7750;
959.11;0;0;0;0;90;207;35;35;35;35;35;992;328;950;3.2;31.8;-30.5;14.4;5.5;76.6;0.0000;0.0295;-0.3500;0.7000;
959.36;0;0;0;0;90;207;34;35;34;35;35;984;328;950;3.2;32.1;-30.5;14.4;5.5;76.6;0.0000;0.0422;-0.3250;1.1250;
959.61;0;0;0;0;90;207;34;34;34;34;34;973;328;950;3.2;32.4;-30.5;14.4;5.5;76.6;0.0000;0.0519;-0.4000;1.4250;
959.86;0;0;0;0;90;207;34;34;34;34;34;963;328;950;3.2;32.4;-26.5;14.4;5.5;76.6;0.0000;0.0575;-0.4500;1.1750;
960.11;0;0;0;0;90;207;33;34;33;34;33;950;328;950;3.2;32.6;-9.0;14.4;5.5;76.6;0.0000;0.0628;-0.4750;1.1250;
960.36;0;0;0;0;90;207;33;33;33;33;33;947;328;950;3.2;33.0;-0.5;14.4;5.5;76.6;0.0000;0.0628;-0.3250;1.6250;
960.61;0;0;0;0;90;207;32;33;32;33;33;938;328;950;3.2;33.0;13.0;14.4;5.5;76.6;0.0000;0.0618;-0.4500;1.3750;
960.86;0;0;0;0;90;207;32;33;32;33;33;928;328;950;3.2;33.1;18.5;14.4;5.5;76.6;0.0000;0.0580;-0.2750;1.0250;
961.11;0;0;0;0;90;207;32;33;32;33;33;924;328;950;3.2;33.1;22.0;14.4;5.5;76.6;0.0000;0.0555;-0.1500;0.9750;
961.36;1;1;0;0;90;207;32;33;32;33;32;908;328;950;3.2;32.5;-2.0;14.4;5.5;76.6;0.0000;0.0557;0.0750;1.0000;
961.61;1;1;0;0;90;207;32;33;32;32;32;885;328;950;3.2;32.5;-3.0;14.4;5.5;76.6;0.0000;0.0557;-0.4250;1.2000;
961.86;1;1;0;0;90;207;32;32;32;32;32;881;328;950;3.2;32.5;0.0;14.4;5.5;76.6;0.0000;0.0560;-0.4500;1.0500;
962.11;1;1;0;0;90;207;31;32;31;32;32;934;328;950;3.2;32.5;-19.5;14.4;5.5;76.6;0.0000;0.0554;-0.4750;1.0500;
962.36;1;1;0;0;90;207;31;31;31;31;31;1082;328;950;3.2;32.5;-31.5;14.4;5.5;76.6;0.0000;0.0555;-0.8250;1.3250;
962.61;1;1;0;0;90;207;30;30;30;30;30;1203;328;950;3.2;32.7;-24.5;14.4;5.5;76.6;0.0000;0.0555;-0.4000;0.8500;
962.86;1;1;0;0;90;207;29;30;29;30;30;1180;328;950;3.2;32.7;-31.5;14.4;5.5;76.6;0.0000;0.0557;-0.6500;1.1250;
963.11;0;1;0;0;90;207;28;29;28;29;29;1144;328;950;3.2;33.4;-31.0;14.4;5.5;76.6;0.0000;0.0578;-1.0250;0.9750;
963.37;0;1;0;0;90;207;27;27;27;28;28;1104;328;950;3.2;33.7;-30.5;14.4;5.5;76.6;0.0000;0.0585;-1.1500;0.8000;
963.62;1;1;0;0;90;207;26;27;26;27;27;1047;328;950;3.2;33.7;-30.0;14.4;5.5;76.6;0.0000;0.0587;-1.1500;0.7750;
963.87;1;1;0;0;91;207;25;26;25;26;26;891;328;950;3.2;33.9;-4.5;14.4;5.5;76.6;0.0000;0.0587;-0.7500;0.9250;
964.12;1;1;0;0;91;207;24;25;24;25;25;880;328;950;3.2;34.2;-0.5;14.4;5.5;76.6;0.0000;0.0587;-0.7750;0.7250;
964.37;1;1;0;0;91;207;23;24;23;24;24;925;328;950;3.2;34.2;-14.0;14.4;5.5;76.6;0.0000;0.0585;-1.1500;0.5250;
964.62;1;1;0;0;91;207;22;22;22;22;22;1135;328;950;3.2;34.0;-31.0;14.4;5.5;76.6;0.0000;0.0583;-1.3000;0.6000;
964.87;1;1;0;0;91;207;21;21;21;21;21;1239;328;950;3.2;34.0;-32.0;14.4;5.5;76.6;0.0000;0.0580;-1.0250;0.5500;
965.12;1;0;0;0;91;207;20;21;20;20;20;1337;328;950;3.2;34.6;-33.0;14.4;5.5;76.6;0.0000;0.0494;-0.9250;0.4500;
965.37;1;0;0;0;90;207;20;20;20;20;20;1291;328;950;3.2;34.6;-32.0;14.4;5.5;76.6;0.0000;0.0316;-0.7000;0.2750;
965.62;0;0;0;0;90;207;19;19;19;19;20;1255;328;950;3.2;34.6;-31.5;14.4;5.5;76.6;0.0000;0.0031;-0.5750;0.0500;
965.87;0;0;0;0;90;207;19;19;19;19;19;1218;328;950;3.2;34.0;-31.0;14.4;5.5;76.6;0.0000;-0.0415;-0.6000;101.8750;
966.12;0;0;0;0;90;207;19;18;19;18;18;1181;328;950;3.2;33.5;-30.5;14.4;5.5;76.6;0.0000;-0.2086;-0.6500;100.8750;
966.37;0;0;0;0;90;207;19;17;19;17;18;1162;328;950;3.2;33.5;-30.5;14.4;5.5;76.6;0.0000;-0.2821;-0.6750;100.5250;
966.62;0;0;0;0;90;207;18;16;18;16;17;1089;328;950;3.2;33.5;-30.0;14.4;5.5;76.6;0.0039;-0.3312;-0.6500;100.5750;
966.87;0;0;0;0;91;207;18;16;18;16;17;1084;328;950;3.2;32.2;-29.5;14.4;5.5;76.6;0.0549;-0.3631;-0.6500;100.6000;
967.12;0;0;0;0;91;207;18;15;17;15;17;1057;328;950;3.2;30.8;-13.5;14.4;5.5;76.6;0.0784;-0.3804;-0.4750;100.8000;
967.37;0;0;0;0;91;207;17;15;17;15;16;1043;328;950;3.2;30.8;-9.5;14.4;5.5;76.6;0.1020;-0.3900;-0.4250;100.5250;
967.62;0;0;0;0;91;207;17;15;17;15;16;1040;328;950;3.2;29.6;-1.5;14.4;5.5;76.6;0.1216;-0.4118;-0.2500;100.3750;
967.87;0;0;0;0;91;207;17;15;17;14;16;1023;328;950;3.2;29.6;5.5;14.4;5.5;76.6;0.1412;-0.4263;-0.2750;101.2000;
968.12;0;0;0;0;91;207;17;15;17;15;16;1034;330;950;3.2;28.2;15.0;14.4;5.5;76.6;0.1647;-0.4030;-0.1000;101.5500;
968.39;0;0;0;0;91;207;17;15;16;15;16;1020;330;950;3.2;26.6;24.0;14.4;5.5;76.6;0.1686;-0.3600;-0.0250;101.0750;
968.64;0;0;0;0;91;207;17;16;16;15;16;1040;330;950;3.2;26.6;28.0;14.4;5.5;76.6;0.1804;-0.2628;0.0750;102.3500;
968.89;0;0;0;0;91;207;16;15;16;15;16;1027;330;950;3.2;25.6;34.5;14.4;5.5;76.6;0.1804;-0.2075;-0.0250;101.4250;
969.14;0;0;0;0;90;207;16;16;16;16;16;1046;330;950;3.2;24.3;36.0;14.4;5.5;76.6;0.2000;-0.0749;0.0750;0.7250;
969.39;0;0;0;0;90;207;16;16;16;16;16;1045;330;950;3.2;24.3;43.0;14.4;5.5;76.6;0.2039;-0.0140;0.0250;0.9750;
969.64;0;0;0;0;90;207;16;16;16;16;16;1065;330;950;3.2;23.8;47.0;14.4;5.5;76.6;0.2118;0.0414;0.0500;1.0500;
969.89;0;0;0;0;90;207;16;17;16;17;16;1069;330;950;3.2;23.8;50.5;14.4;5.5;76.6;0.2118;0.0844;0.1250;0.7750;
970.14;0;0;0;0;90;207;16;17;17;17;17;1098;330;950;3.2;23.9;49.5;14.4;5.5;76.6;0.2039;0.1103;0.2000;0.7250;
970.39;0;0;0;0;90;207;17;18;17;18;17;1103;330;950;3.2;24.1;47.0;14.4;5.5;76.6;0.2000;0.1231;0.2500;0.7000;
970.64;0;0;0;0;90;207;17;18;17;18;17;1121;330;950;3.2;24.1;46.0;14.4;5.5;76.6;0.1961;0.1311;0.2250;1.2250;
970.89;0;0;0;0;90;207;17;18;17;18;17;1145;330;950;3.2;24.1;42.5;14.4;5.5;76.6;0.1922;0.1350;0.1250;1.0250;
971.14;0;0;0;0;90;207;17;18;17;18;18;1121;330;950;3.2;24.6;0.0;14.4;5.5;76.6;0.0000;0.1386;0.1000;0.2000;
971.39;0;0;0;0;90;207;16;18;17;17;17;1114;330;950;3.2;25.4;-17.0;14.4;5.5;76.6;0.0000;0.1375;-0.2250;0.7500;
971.64;0;0;0;0;90;207;17;17;16;17;17;1095;330;950;3.2;25.4;-20.5;14.4;5.5;76.6;0.0863;0.1373;-0.3750;0.2250;
971.89;0;0;0;0;90;207;16;17;16;17;16;1076;330;950;3.2;26.4;-11.5;14.4;5.5;76.6;0.0902;0.1372;-0.3750;1.0500;
972.14;0;0;0;0;90;207;16;16;16;17;16;1053;330;950;3.2;26.9;-4.0;14.4;5.5;76.6;0.1059;0.1193;-0.3500;0.6000;
972.39;0;0;0;0;90;207;16;16;16;16;16;1050;330;950;3.2;26.9;0.0;14.4;5.5;76.6;0.1216;0.0922;-0.2500;101.6000;
972.64;0;0;0;0;90;207;16;16;16;16;16;1032;330;950;3.2;27.9;6.0;14.4;5.5;76.6;0.1255;0.0775;-0.2750;0.1250;
972.89;0;0;0;0;90;207;16;16;16;16;16;1024;330;950;3.2;27.9;7.0;14.4;5.5;76.6;0.1255;0.0528;-0.2250;102.3500;
973.14;0;0;0;0;90;207;16;16;15;15;15;1019;330;950;3.2;28.4;7.5;14.4;5.5;76.6;0.1294;0.0033;-0.1750;0.0000;
973.40;0;0;0;0;90;207;15;15;16;15;15;1002;330;950;3.2;28.1;11.0;14.4;5.5;76.6;0.1412;-0.0326;-0.1250;102.2250;
973.65;0;0;0;0;90;207;16;15;15;15;15;988;330;950;3.2;28.1;15.5;14.4;5.5;76.6;0.1412;-0.0762;-0.2000;102.1500;
973.90;0;0;0;0;90;207;15;15;15;14;15;975;330;950;3.2;28.4;18.0;14.4;5.5;76.6;0.1529;-0.1438;-0.2000;101.2000;
974.15;0;0;0;0;90;207;15;14;15;15;15;975;330;950;3.2;27.8;19.5;14.4;5.5;76.6;0.1569;-0.1718;-0.1500;101.9500;
974.40;0;0;0;0;90;207;15;14;16;14;15;963;330;950;3.2;27.8;24.0;14.4;5.5;76.6;0.1686;-0.1917;-0.1500;101.3250;
974.65;0;0;0;0;90;207;15;14;15;14;15;970;330;950;3.2;26.8;28.5;14.4;5.5;76.6;0.1804;-0.2173;-0.0750;101.0250;
974.90;0;0;0;0;90;207;16;14;15;14;15;972;330;950;3.2;26.8;35.5;14.4;5.5;76.6;0.1961;-0.2330;-0.0250;101.2000;
975.15;0;0;0;0;90;207;15;14;15;14;15;970;330;950;3.2;26.5;40.0;14.4;5.5;76.6;0.1922;-0.2344;-0.0250;101.0750;
975.40;0;0;0;0;90;207;15;14;16;14;15;973;330;950;3.2;26.5;42.0;14.4;5.5;76.6;0.1961;-0.2383;0.0000;101.1000;
975.65;0;0;0;0;90;207;15;15;15;14;15;972;330;950;3.2;25.4;45.5;14.4;5.5;76.6;0.1961;-0.2404;0.0500;101.0000;
975.90;0;0;0;0;90;207;16;14;16;14;15;989;330;950;3.2;25.4;43.5;14.4;5.5;76.6;0.1961;-0.2389;0.0500;101.5750;
976.15;0;0;0;0;90;207;15;15;15;14;15;987;330;950;3.2;24.2;45.0;14.4;5.5;76.6;0.2039;-0.2292;0.0500;100.6000;
976.40;0;0;0;0;90;207;16;15;16;15;15;997;330;950;3.2;23.7;51.0;14.4;5.5;76.6;0.2157;-0.2270;0.0000;101.2750;
976.65;0;0;0;0;90;207;16;14;16;15;15;1005;330;950;3.2;23.7;53.5;14.4;5.5;76.6;0.2235;-0.2269;0.0500;101.1000;
976.90;0;0;0;0;90;207;16;15;16;15;16;1010;330;950;3.2;22.9;63.0;14.4;5.5;76.6;0.2314;-0.2299;0.1750;101.0250;
977.15;0;0;0;0;90;207;16;15;16;15;16;1027;330;950;3.2;22.2;65.5;14.4;5.5;76.6;0.2314;-0.2282;0.1750;100.9750;
977.40;0;0;0;0;90;207;17;15;16;16;16;1046;330;950;3.2;22.2;67.5;14.4;5.5;76.6;0.2314;-0.2272;0.1750;100.3500;
977.65;0;0;0;0;90;207;16;15;16;16;16;1046;330;950;3.2;21.7;67.5;14.4;5.5;76.6;0.2353;-0.2252;0.1000;100.8000;
977.90;0;0;0;0;90;207;16;15;16;15;16;1027;330;950;3.2;21.7;72.0;14.4;5.5;76.6;0.2471;-0.2199;-0.1000;100.3500;
978.15;0;0;0;0;90;207;17;15;16;15;16;1042;330;950;3.2;21.2;73.5;14.4;5.5;76.6;0.2510;-0.2157;-0.0500;100.8500;
978.42;0;0;0;0;90;207;17;15;16;15;16;1034;330;950;3.2;20.6;80.5;14.4;5.5;76.6;0.2510;-0.2149;-0.0250;100.6000;
978.67;0;0;0;0;90;207;16;15;16;15;16;1036;330;950;3.2;20.6;83.5;14.4;5.5;76.6;0.2510;-0.2128;-0.0250;100.8500;
978.92;0;0;0;0;90;207;16;15;16;15;16;1039;330;950;3.2;20.5;87.5;14.4;5.5;76.6;0.2510;-0.2007;0.0250;100.8500;
979.17;0;0;0;0;90;207;16;16;16;16;16;1041;330;950;3.2;20.5;87.5;14.4;5.5;76.6;0.2471;-0.1859;0.0750;101.6000;
979.42;0;0;0;0;90;207;16;15;16;16;16;1040;330;950;3.2;20.2;86.5;14.4;5.5;76.6;0.2431;-0.1700;0.0000;101.5750;
979.67;0;0;0;0;90;207;16;16;16;16;16;1050;330;950;3.2;20.2;78.0;14.4;5.5;76.6;0.2431;-0.1431;0.1000;101.7500;
979.92;0;0;0;0;90;207;16;16;16;16;16;1047;330;950;3.2;20.2;74.5;14.4;5.5;76.6;0.2431;-0.0672;0.0000;102.0500;
980.17;0;0;0;0;90;207;16;16;16;16;16;1056;330;950;3.2;20.3;73.5;14.4;5.5;76.6;0.2392;-0.0304;0.1250;0.0500;
980.42;0;0;0;0;90;207;16;17;16;16;16;1071;330;950;3.2;20.3;71.0;14.4;5.5;76.6;0.2314;-0.0136;0.1250;0.0250;
980.67;0;0;0;0;90;207;17;17;17;17;17;1072;330;950;3.2;20.4;70.0;14.4;5.5;76.6;0.2314;0.0082;0.1250;102.3750;
980.92;0;0;0;0;90;207;17;17;16;17;17;1099;330;950;3.2;20.7;67.5;14.4;5.5;76.6;0.2275;0.0183;0.2000;102.2750;
981.17;0;0;0;0;90;207;17;18;17;17;17;1110;330;950;3.2;20.7;64.0;14.4;5.5;76.6;0.2118;0.0267;0.2750;101.9250;
981.42;0;0;0;0;90;207;17;17;17;17;17;1091;330;950;3.2;21.0;-13.0;14.4;5.5;76.6;0.0000;0.0303;0.1750;0.9000;
981.67;0;0;0;0;90;207;17;17;17;17;17;1101;330;950;3.2;21.0;-15.0;14.4;5.5;76.6;0.0824;0.0357;-0.0500;102.1750;
981.92;0;0;0;0;91;207;17;17;16;16;17;1082;330;950;3.2;22.3;-6.0;14.4;5.5;76.6;0.1137;0.0415;-0.2000;0.2750;
982.17;0;0;0;0;91;207;16;16;16;16;16;1050;330;950;3.2;22.9;4.5;14.4;5.5;76.6;0.1412;0.0480;-0.4500;0.4500;
982.42;0;0;0;0;91;207;16;16;16;16;16;1056;330;950;3.2;22.9;11.5;14.4;5.5;76.6;0.1529;0.0512;-0.2250;0.1750;
982.67;0;0;0;0;91;207;16;16;16;16;16;1029;330;950;3.2;23.6;18.0;14.4;5.5;76.6;0.1529;0.0552;-0.3250;0.4250;
982.92;0;0;0;0;91;207;15;16;16;16;16;1029;330;950;3.2;24.5;21.0;14.4;5.5;76.6;0.1569;0.0618;-0.1750;102.0250;
983.17;0;0;0;0;91;207;16;16;16;16;16;1030;330;950;3.2;24.5;21.5;14.4;5.5;76.6;0.1569;0.0618;-0.1000;0.4500;
983.43;0;0;0;0;91;207;15;16;15;16;16;1020;330;950;3.2;24.5;23.0;14.4;5.5;76.6;0.1608;0.0648;-0.1250;0.1250;
983.68;0;0;0;0;91;207;15;16;15;16;16;1014;330;950;3.2;25.2;24.0;14.4;5.5;76.6;0.1608;0.0775;-0.1250;102.3750;
983.93;0;0;0;0;91;207;15;16;15;16;16;1017;330;950;3.2;25.9;24.0;14.4;5.5;76.6;0.1608;0.1042;-0.1000;0.5000;
984.18;0;0;0;0;91;207;15;16;15;16;15;1009;330;950;3.2;25.9;24.0;14.4;5.5;76.6;0.1569;0.1113;-0.0250;0.1750;
984.43;0;0;0;0;91;207;15;16;15;15;15;978;330;950;3.2;26.6;-5.5;14.4;5.5;76.6;0.0000;0.1113;-0.1250;0.5000;
984.68;0;0;0;0;91;207;15;15;15;15;15;978;330;950;3.2;26.6;-18.5;14.4;5.5;76.6;0.0000;0.1062;-0.3500;0.5750;
984.93;0;0;0;0;91;207;15;15;14;15;15;955;330;950;3.2;27.1;-14.5;14.4;5.5;76.6;0.0863;0.0854;-0.4000;0.9000;
985.18;0;0;0;0;91;207;14;14;14;14;14;947;330;950;3.2;27.9;-9.0;14.4;5.5;76.6;0.1059;0.0809;-0.3750;0.6750;
985.43;0;0;0;0;91;207;14;14;14;14;14;924;330;950;3.2;27.9;3.0;14.4;5.5;76.6;0.1059;0.0768;-0.3750;0.2250;
985.68;0;0;0;0;91;207;14;14;14;14;14;923;330;950;3.2;28.3;9.5;14.4;5.5;76.6;0.1098;0.0678;-0.2000;0.5000;
985.93;0;0;0;0;91;207;14;14;14;14;14;909;330;950;3.2;27.8;20.0;14.4;5.5;76.6;0.1569;0.0541;-0.0750;0.1000;
986.18;0;0;0;0;91;207;14;14;14;14;14;918;330;950;3.2;27.8;27.5;14.4;5.5;76.6;0.1569;0.0504;0.0500;101.9000;
986.43;0;0;0;0;91;207;14;14;14;14;14;935;330;950;3.2;27.8;24.5;14.4;5.5;76.6;0.1569;0.0420;0.1250;0.3250;
986.68;0;0;0;0;91;207;14;14;14;14;14;941;330;950;3.2;27.8;23.5;14.4;5.5;76.6;0.1490;0.0400;0.1000;0.2500;
986.93;0;0;0;0;91;207;14;14;14;14;15;932;330;950;3.2;28.0;18.0;14.4;5.5;76.6;0.1451;0.0354;0.0500;101.6500;
987.18;0;0;0;0;91;207;14;14;14;14;14;912;330;950;3.2;28.0;22.5;14.4;5.5;76.6;0.1412;0.0283;-0.1750;0.1250;
987.43;0;0;0;0;91;207;14;14;14;14;14;918;330;950;3.2;28.0;16.0;14.4;5.5;76.6;0.0000;0.0290;-0.1250;102.3750;
987.68;0;0;0;0;91;207;14;14;14;14;14;891;330;950;3.2;28.0;19.0;14.4;5.5;76.6;0.0863;0.0191;-0.3250;102.3750;
987.93;0;0;0;0;91;207;14;14;14;14;14;913;330;950;3.2;27.6;18.0;14.4;5.5;76.6;0.1608;0.0067;-0.0500;0.4000;
988.18;0;0;0;0;91;207;14;14;14;14;14;911;330;950;3.2;27.9;26.5;14.4;5.5;76.6;0.2000;-0.0003;0.0500;101.4250;
988.45;0;0;0;0;91;207;14;14;14;14;14;926;330;950;3.2;27.9;58.5;14.4;5.5;76.6;0.2392;0.0014;0.1500;0.1000;
988.70;0;0;0;0;91;207;15;14;14;15;15;957;330;950;3.2;27.5;73.5;14.4;5.5;76.6;0.2431;0.0036;0.4000;0.5000;
988.95;0;0;0;0;91;207;15;15;15;15;15;979;330;950;3.2;26.9;75.5;14.4;5.5;76.6;0.2392;0.0278;0.4750;102.3750;
989.20;0;0;0;0;91;207;16;16;15;16;16;974;330;950;3.2;26.9;24.5;14.4;5.5;76.6;0.0157;0.0517;0.5000;0.5500;
989.45;0;0;0;0;91;207;15;16;16;15;15;1011;330;950;3.2;26.2;-16.0;14.4;5.5;76.6;0.0000;0.0664;0.1750;0.6000;
989.70;0;0;0;0;91;207;15;16;15;15;15;983;330;950;3.2;26.2;-26.0;14.4;5.5;76.6;0.0549;0.0768;-0.0750;102.2750;
989.95;0;0;0;0;91;207;15;15;15;15;15;993;330;950;3.2;26.4;-8.5;14.4;5.5;76.6;0.1412;0.1114;-0.3250;102.1500;
990.20;0;0;0;0;91;207;15;15;15;15;15;1006;330;950;3.2;26.8;9.0;14.4;5.5;76.6;0.1765;0.1475;-0.0250;1.2500;
990.45;0;0;0;0;91;207;15;16;15;15;15;973;330;950;3.2;26.8;29.0;14.4;5.5;76.6;0.1882;0.1796;-0.1000;0.4750;
990.70;0;0;0;0;91;207;15;16;14;16;15;985;330;950;3.2;26.7;36.5;14.4;5.5;76.6;0.1882;0.2061;-0.0250;0.6500;
990.95;0;0;0;0;91;207;15;16;14;16;15;1003;330;950;3.2;27.1;37.0;14.4;5.5;76.6;0.1961;0.2320;0.1250;102.0250;
991.20;0;0;0;0;91;207;15;16;15;16;15;1000;330;950;3.2;27.1;42.0;14.4;5.5;76.6;0.2000;0.2409;0.0000;0.5750;
991.45;0;0;0;0;91;207;15;16;15;16;15;1013;330;950;3.2;26.9;46.0;14.4;5.5;76.6;0.2039;0.2412;0.1000;1.0250;
991.70;0;0;0;0;91;207;15;16;15;16;16;1031;330;950;3.2;26.9;47.0;14.4;5.5;76.6;0.2078;0.2407;0.2000;0.0750;
991.95;0;0;0;0;91;207;15;17;15;17;16;1039;330;950;3.2;27.4;50.0;14.4;5.5;76.6;0.2157;0.2335;0.1500;1.2000;
992.20;0;0;0;0;91;207;15;17;16;17;16;1066;330;950;3.2;27.4;55.0;14.4;5.5;76.6;0.2196;0.2270;0.2500;1.3000;
992.45;0;0;0;0;91;207;16;17;16;17;16;1068;330;950;3.2;27.6;59.5;14.4;5.5;76.6;0.2275;0.2078;0.2000;0.8000;
992.70;0;0;0;0;91;207;17;18;17;18;17;1099;330;950;3.2;27.6;63.0;14.4;5.5;76.6;0.2275;0.1647;0.2750;0.7500;
992.95;0;0;0;0;91;207;17;18;17;18;17;1129;330;950;3.2;27.7;63.0;14.4;5.5;76.6;0.2314;0.1475;0.4250;0.6500;
993.20;0;0;0;0;91;207;17;19;18;18;18;1170;330;950;3.2;28.0;66.5;14.4;5.5;76.6;0.2353;0.1438;0.5000;0.0250;
993.46;0;0;0;0;91;207;18;18;18;18;18;1187;330;950;3.2;28.0;69.0;14.4;5.5;76.6;0.2314;0.1179;0.5000;0.1750;
993.71;0;0;0;0;91;207;19;18;19;19;19;1213;330;950;3.2;28.1;68.0;14.4;5.5;76.6;0.2353;0.0778;0.4500;101.4750;
993.96;0;0;0;0;91;207;19;19;19;19;19;1241;330;950;3.2;27.7;68.0;14.4;5.5;76.6;0.2392;0.0712;0.4000;0.0000;
994.21;0;0;0;0;91;207;19;20;20;20;19;1255;330;950;3.2;27.7;70.0;14.4;5.5;76.6;0.2392;0.0528;0.2750;102.0000;
994.46;0;0;0;0;91;207;20;20;20;20;20;1265;330;950;3.2;27.0;71.5;14.4;5.5;76.6;0.2431;0.0522;0.2250;0.4500;
994.71;0;0;0;0;91;207;20;20;20;20;20;1313;330;950;3.2;26.8;76.0;14.4;5.5;76.6;0.2588;0.0304;0.4500;0.0000;
994.96;0;0;0;0;91;207;21;21;21;21;21;1341;330;950;3.2;26.8;80.0;14.4;5.5;76.6;0.2627;0.0216;0.4250;101.9000;
995.21;0;0;0;0;91;207;21;21;21;22;21;1393;330;950;3.2;26.5;84.0;14.4;5.5;76.6;0.2667;-0.0014;0.6000;101.7250;
995.46;0;0;0;0;91;207;22;22;22;22;22;1426;330;950;3.2;26.5;84.5;14.4;5.5;76.6;0.2667;0.0003;0.6750;0.1000;
995.71;0;0;0;0;91;207;23;23;23;23;23;1472;330;950;3.2;25.9;88.5;14.4;5.5;76.6;0.2824;0.0047;0.7000;101.6750;
995.96;0;0;0;0;91;207;23;24;23;23;23;1506;330;950;3.2;25.9;94.5;14.4;5.5;76.6;0.2863;0.0046;0.7250;102.3500;
996.21;0;0;0;0;91;207;24;24;24;24;24;1573;330;950;3.2;25.8;97.5;14.4;5.5;76.6;0.2863;0.0052;0.8000;102.3250;
996.46;0;0;0;0;91;207;25;25;25;25;25;1607;330;950;3.2;25.8;98.0;14.4;5.5;76.6;0.2863;0.0031;0.7750;0.1250;
996.71;0;0;0;0;91;207;26;26;26;26;26;1677;330;950;3.2;24.7;95.0;14.4;5.5;76.6;0.2824;-0.0074;0.8250;0.0750;
996.96;0;0;0;0;91;207;27;27;27;27;27;1717;330;950;3.2;24.3;92.5;14.4;5.5;76.6;0.2784;-0.0171;0.8750;101.9500;
997.21;0;0;0;0;91;207;28;28;28;28;27;1778;330;950;3.2;24.3;87.0;14.4;5.5;76.6;0.2667;-0.0216;0.8750;102.0000;
997.46;0;0;0;0;91;207;28;28;28;28;28;1816;330;950;3.2;24.1;80.0;14.4;5.5;76.6;0.2510;-0.0216;0.8750;102.3500;
997.71;0;0;0;0;91;207;29;29;29;29;29;1829;330;950;3.2;23.7;25.5;14.4;5.5;76.6;0.0000;-0.0207;0.7750;102.0500;
997.96;1;0;0;0;91;207;29;29;29;29;29;1819;330;950;3.2;23.7;-35.5;14.4;5.5;76.6;0.0000;-0.0193;0.3750;101.8500;
998.21;1;0;0;0;91;207;29;28;29;29;29;1585;330;950;3.2;23.8;-31.0;14.4;5.5;76.6;0.0000;-0.0178;-0.0750;102.1250;
998.49;1;0;0;0;91;207;28;28;28;28;28;1344;330;950;3.2;23.8;-31.0;14.4;5.5;76.6;0.0000;-0.0145;-0.2000;102.3000;
998.74;1;0;0;0;91;207;28;28;28;28;28;1086;330;950;3.2;24.0;-16.0;14.4;5.5;76.6;0.0157;-0.0157;-0.1000;102.3250;
998.99;0;0;0;0;91;207;28;28;28;28;28;1099;330;950;3.2;24.1;-27.0;14.4;5.5;76.6;0.0000;-0.0150;-0.4250;0.4750;
999.24;0;0;0;0;91;207;28;28;28;27;28;1103;330;950;3.2;24.1;-28.0;14.4;5.5;76.6;0.0000;-0.0170;-0.3250;102.0000;
999.49;0;0;0;0;91;207;27;27;27;27;27;1095;330;950;3.2;24.4;-29.0;14.4;5.5;76.6;0.0000;-0.0157;-0.3500;102.3750;
999.74;0;0;0;0;91;207;27;27;27;27;27;1083;330;950;3.2;24.9;-29.5;14.4;5.5;76.6;0.0000;-0.0194;-0.3500;102.2250;
999.99;0;0;0;0;91;207;27;27;27;27;27;1072;330;950;3.2;24.9;-29.5;14.4;5.5;76.6;0.0000;-0.0194;-0.3500;102.1500;
1000.24;0;0;0;0;91;207;27;27;27;27;27;1065;330;950;3.2;24.9;-29.5;14.4;5.5;76.6;0.0000;-0.0191;-0.2750;0.2500;
1000.49;0;0;0;0;91;207;26;26;26;26;26;1054;330;950;3.2;24.8;-30.0;14.4;5.5;76.6;0.0000;-0.0186;-0.2750;102.3000;
1000.74;0;0;0;0;91;207;26;26;26;26;26;1044;330;950;3.2;25.5;-30.0;14.4;5.5;76.6;0.0000;-0.0172;-0.3250;102.3250;
1000.99;0;0;0;0;91;207;26;26;26;26;26;1031;330;950;3.2;25.5;-30.0;14.4;5.5;76.6;0.0000;-0.0172;-0.2750;101.6750;
1001.24;0;0;0;0;91;207;25;25;26;25;26;1023;330;950;3.2;25.9;-30.0;14.4;5.5;76.6;0.0000;-0.0170;-0.2750;101.9750;
1001.49;0;0;0;0;91;207;25;25;25;25;25;1017;330;950;3.2;25.9;-30.0;14.4;5.5;76.6;0.0000;-0.0162;-0.3250;101.8000;
1001.74;0;0;0;0;91;207;25;25;25;25;25;1005;330;950;3.2;26.5;-30.0;14.4;5.5;76.6;0.0000;-0.0130;-0.2750;102.1750;
1001.99;0;0;0;0;91;207;25;24;25;25;25;997;330;950;3.2;26.8;-30.0;14.4;5.5;76.6;0.0000;-0.0136;-0.3250;0.1250;
1002.24;0;0;0;0;91;207;25;25;25;24;25;985;330;950;3.2;26.8;-30.0;14.4;5.5;76.6;0.0000;-0.0178;-0.2250;102.2000;
1002.49;0;0;0;0;91;207;24;24;24;24;24;974;330;950;3.2;27.0;-30.0;14.4;5.5;76.6;0.0000;-0.0171;-0.3250;0.2750;
1002.74;0;0;0;0;91;207;24;24;23;24;24;953;330;950;3.2;27.2;-30.0;14.4;5.5;76.6;0.0000;-0.0175;-0.4250;101.2750;
1002.99;0;0;0;0;91;207;24;24;24;24;24;957;330;950;3.2;27.2;-30.5;14.4;5.5;76.6;0.0000;-0.0172;-0.2250;101.8000;
1003.24;0;0;0;0;91;207;23;23;23;23;23;939;330;950;3.2;27.2;-30.0;14.4;5.5;76.6;0.0000;-0.0172;-0.3500;102.1250;
1003.50;0;0;0;0;91;207;23;23;23;23;23;927;330;950;3.2;27.1;-22.0;14.4;5.5;76.6;0.0000;-0.0171;-0.2750;102.0500;
1003.75;0;0;0;0;91;207;23;23;23;23;23;918;330;950;3.2;27.1;-19.0;14.4;5.5;76.6;0.0000;-0.0157;-0.2500;101.8250;
1004.00;0;0;0;0;91;207;23;23;23;22;23;913;330;950;3.2;27.2;-12.5;14.4;5.5;76.6;0.0000;-0.0154;-0.2250;102.2500;
1004.25;0;0;0;0;91;207;23;22;23;22;23;905;332;950;3.2;27.2;-8.5;14.4;5.5;76.6;0.0000;-0.0141;-0.2000;102.3500;
1004.50;0;0;0;0;91;207;22;22;22;22;22;898;332;950;3.2;27.1;-5.0;14.4;5.5;76.6;0.0000;-0.0237;-0.2000;101.6000;
1004.75;0;0;0;0;91;207;22;22;22;22;22;901;332;950;3.2;27.1;-1.5;14.4;5.5;76.6;0.0000;-0.0252;-0.1000;101.9750;
1005.00;0;0;0;0;91;207;22;22;22;22;22;890;332;950;3.2;27.0;-1.5;14.4;5.5;76.6;0.0000;-0.0247;-0.0750;101.9000;
1005.25;0;0;0;0;91;207;22;22;22;22;22;898;332;950;3.2;27.0;-3.5;14.4;5.5;76.6;0.0000;-0.0238;-0.0500;102.0750;
1005.50;0;0;0;0;91;207;22;22;22;22;22;891;332;950;3.2;26.8;-2.0;14.4;5.5;76.6;0.0000;0.0013;-0.1250;0.0250;
1005.75;0;0;0;0;91;207;22;22;22;22;22;890;332;950;3.2;26.6;-0.5;14.4;5.5;76.6;0.0000;0.0079;-0.1000;101.9250;
1006.00;0;0;0;0;91;207;22;22;22;22;22;884;332;950;3.2;26.6;1.0;14.4;5.5;76.6;0.0000;0.0170;-0.1500;102.3000;
1006.25;0;0;0;0;91;207;22;22;22;21;22;891;332;950;3.2;26.7;5.5;14.4;5.5;76.6;0.0000;0.0293;-0.1750;0.1250;
1006.50;0;0;0;0;91;207;21;22;21;22;22;873;332;950;3.2;26.5;14.0;14.4;5.5;76.6;0.0000;0.0639;-0.1250;102.1500;
1006.75;0;0;0;0;91;207;21;22;22;22;22;881;332;950;3.2;26.5;20.0;14.4;5.5;76.6;0.0000;0.0714;-0.1000;1.0500;
1007.00;0;0;0;0;91;207;21;22;21;22;22;875;332;950;3.2;26.5;26.5;14.4;5.5;76.6;0.0000;0.0707;0.0250;101.2500;
1007.25;1;0;0;0;91;207;22;22;22;22;22;877;332;950;3.2;26.5;24.0;14.4;5.5;76.6;0.0000;0.0755;0.1000;0.0750;
1007.50;1;0;0;0;91;207;21;21;21;22;22;895;332;950;3.2;26.6;-2.5;14.4;5.5;76.6;0.0000;0.0762;-0.1000;1.0750;
1007.75;1;0;0;0;91;207;21;21;21;21;21;883;332;950;3.2;26.7;-1.5;14.4;5.5;76.6;0.0000;0.0781;-0.4750;102.3500;
1008.00;1;0;0;0;91;207;21;21;20;21;21;882;332;950;3.2;26.7;-0.5;14.4;5.5;76.6;0.0000;0.0775;-0.4500;0.5500;
1008.25;1;0;0;0;91;207;20;21;20;21;21;886;332;950;3.2;27.0;-2.5;14.4;5.5;76.6;0.0000;0.0720;-0.2250;0.8000;
1008.52;1;0;0;0;91;207;21;21;20;21;21;972;332;950;3.2;27.0;-20.5;14.4;5.5;76.6;0.0549;0.0536;-0.0750;0.7750;
1008.77;1;0;0;0;91;207;20;20;19;20;20;1155;332;950;3.2;27.4;-9.0;14.4;5.5;76.6;0.0941;0.0494;-0.2750;0.1250;
1009.02;1;0;0;0;91;207;19;20;19;20;19;1272;332;950;3.2;27.4;13.5;14.4;5.5;76.6;0.1176;0.0422;-0.4750;102.2250;
1009.27;1;0;0;0;91;207;19;20;20;20;20;1287;332;950;3.2;27.8;33.5;14.4;5.5;76.6;0.1843;0.0455;0.0500;0.3500;
1009.52;0;0;0;0;91;207;20;20;20;20;20;1302;332;950;3.2;27.6;37.0;14.4;5.5;76.6;0.1882;0.0428;0.2250;101.9000;
1009.77;0;0;0;0;91;207;20;21;20;21;21;1328;332;950;3.2;27.6;36.5;14.4;5.5;76.6;0.1882;0.0428;0.4000;0.0750;
1010.02;0;0;0;0;91;207;21;21;21;21;21;1350;332;950;3.2;27.5;37.0;14.4;5.5;76.6;0.1843;0.0430;0.4000;102.3250;
1010.27;0;0;0;0;91;207;21;21;21;21;21;1364;332;950;3.2;27.5;22.0;14.4;5.5;76.6;0.0157;0.0443;0.3750;101.7500;
1010.52;0;0;0;0;91;207;21;21;21;21;21;1347;332;950;3.2;27.3;-17.0;14.4;5.5;76.6;0.0627;0.0468;0.0250;0.0500;
1010.77;0;0;0;0;91;207;21;21;21;21;21;1346;332;950;3.2;27.4;-8.0;14.4;5.5;76.6;0.1529;0.0471;-0.2250;102.1250;
1011.02;0;0;0;0;91;207;20;20;20;21;21;1341;332;950;3.2;27.4;15.5;14.4;5.5;76.6;0.1725;0.0455;-0.2000;102.3000;
1011.27;0;0;0;0;91;207;21;21;20;20;21;1336;332;950;3.2;27.6;22.0;14.4;5.5;76.6;0.1765;0.0464;-0.1000;102.1500;
1011.52;0;0;0;0;91;207;20;21;20;21;21;1335;332;950;3.2;27.3;28.0;14.4;5.5;76.6;0.1725;0.0466;0.0000;0.1000;
1011.77;0;0;0;0;91;207;20;21;20;21;21;1340;332;950;3.2;27.3;28.5;14.4;5.5;76.6;0.1725;0.0466;0.0500;101.7500;
1012.02;0;0;0;0;91;207;20;20;21;21;21;1338;332;950;3.2;27.2;25.5;14.4;5.5;76.6;0.1529;0.0463;0.0250;101.9500;
1012.27;0;0;0;0;91;207;21;21;21;21;21;1343;332;950;3.2;27.2;21.5;14.4;5.5;76.6;0.1569;0.0448;-0.0250;102.1250;
1012.52;0;0;0;0;91;207;21;21;21;21;21;1344;332;950;3.2;26.8;21.5;14.4;5.5;76.6;0.1529;0.0412;0.0000;0.2250;
1012.77;0;0;0;0;91;207;21;21;21;21;21;1339;332;950;3.2;26.8;22.0;14.4;5.5;76.6;0.1569;0.0318;0.0000;102.0000;
1013.02;0;0;0;0;91;207;21;21;21;21;21;1339;332;950;3.2;26.3;22.5;14.4;5.5;76.6;0.1569;0.0219;-0.0250;102.0750;
1013.27;0;0;0;0;91;207;21;20;21;21;21;1343;332;950;3.2;26.3;22.5;14.4;5.5;76.6;0.1569;0.0127;0.0000;102.0500;
1013.53;0;0;0;0;91;207;21;21;21;21;21;1342;332;950;3.2;26.0;23.0;14.4;5.5;76.6;0.1608;-0.0025;-0.0500;102.3750;
1013.78;0;0;0;0;91;207;21;20;21;21;21;1351;332;950;3.2;26.2;23.5;14.4;5.5;76.6;0.1569;-0.0022;-0.0250;102.0250;
1014.03;0;0;0;0;91;207;21;21;21;21;21;1341;332;950;3.2;26.2;23.5;14.4;5.5;76.6;0.1569;-0.0041;-0.0500;0.1500;
1014.28;0;0;0;0;91;207;21;21;21;21;21;1350;332;950;3.2;26.1;22.5;14.4;5.5;76.6;0.1569;-0.0041;0.0250;101.7250;
1014.53;0;0;0;0;91;207;21;21;21;21;21;1341;332;950;3.2;26.1;23.5;14.4;5.5;76.6;0.1569;-0.0031;-0.0750;102.1500;
1014.78;0;0;0;0;91;207;21;21;21;21;21;1332;332;950;3.2;26.1;23.5;14.4;5.5;76.6;0.1725;-0.0008;-0.0500;101.4750;
1015.03;0;0;0;0;91;207;21;21;21;21;21;1353;332;950;3.2;26.0;28.0;14.4;5.5;76.6;0.1725;0.0007;0.1000;102.0000;
1015.28;0;0;0;0;91;207;21;21;21;21;21;1348;332;950;3.2;26.0;34.5;14.4;5.5;76.6;0.1922;0.0020;-0.0250;102.1500;
1015.53;0;0;0;0;91;207;21;21;21;21;21;1348;332;950;3.2;25.3;35.5;14.4;5.5;76.6;0.1961;0.0016;-0.0250;0.1250;
1015.78;0;0;0;0;91;207;21;21;21;21;21;1352;332;950;3.2;25.4;39.0;14.4;5.5;76.6;0.1961;-0.0028;0.0750;102.1750;
1016.03;0;0;0;0;91;207;21;22;21;21;21;1364;332;950;3.2;25.4;41.0;14.4;5.5;76.6;0.1922;-0.0039;0.1000;101.6250;
1016.28;0;0;0;0;91;207;21;21;21;21;21;1364;332;950;3.2;25.2;41.0;14.4;5.5;76.6;0.1961;-0.0036;0.0750;0.5750;
1016.53;0;0;0;0;91;207;21;21;22;21;21;1378;332;950;3.2;25.0;43.0;14.4;5.5;76.6;0.2039;-0.0028;0.0750;101.7250;
1016.78;0;0;0;0;91;207;22;22;22;22;22;1402;332;950;3.2;25.0;49.0;14.4;5.5;76.6;0.2157;-0.0033;0.1750;0.4000;
1017.03;0;0;0;0;91;207;22;22;22;22;22;1402;332;950;3.2;25.0;52.0;14.4;5.5;76.6;0.2157;-0.0003;0.1000;102.2250;
1017.28;0;0;0;0;91;207;22;22;22;22;22;1423;332;950;3.2;24.8;53.0;14.4;5.5;76.6;0.2157;0.0038;0.2250;0.2000;
1017.53;0;0;0;0;91;207;22;22;22;22;22;1438;332;950;3.2;24.6;53.0;14.4;5.5;76.6;0.2157;-0.0016;0.2250;0.2500;
1017.78;0;0;0;0;91;207;22;23;22;22;23;1458;332;950;3.2;24.6;54.0;14.4;5.5;76.6;0.2275;-0.0013;0.2500;101.3000;
1018.03;0;0;0;0;91;207;22;23;23;23;23;1468;332;950;3.2;24.6;59.5;14.4;5.5;76.6;0.2471;-0.0021;0.2250;101.6750;
1018.28;0;0;0;0;91;207;23;23;23;23;23;1504;332;950;3.2;24.6;82.0;14.4;5.5;76.6;0.3059;0.0025;0.2750;101.9750;
1018.55;0;0;0;0;91;207;24;24;24;24;24;1549;332;950;3.2;24.5;99.0;14.4;5.5;76.6;0.3216;0.0044;0.5000;101.4750;
1018.80;0;0;0;0;91;207;25;25;25;25;25;1605;332;950;3.2;24.3;119.5;14.4;5.5;76.6;0.3373;0.0047;0.8000;0.2500;
1019.05;0;0;0;0;91;207;26;26;26;26;26;1661;332;950;3.2;24.3;126.5;14.4;5.5;76.6;0.3373;0.0046;0.9250;102.2000;
1019.30;0;0;0;0;91;207;27;27;27;27;27;1751;332;950;3.2;24.0;128.0;14.4;5.5;76.6;0.3373;0.0000;1.1750;102.2750;
1019.55;0;0;0;0;91;207;28;28;28;28;28;1808;332;950;3.2;23.7;128.5;14.4;5.5;76.6;0.3333;-0.0132;1.2500;101.9750;
1019.80;0;0;0;0;91;207;29;29;30;29;29;1894;332;950;3.2;23.7;120.0;14.4;5.5;76.6;0.3176;-0.0186;1.3000;102.1500;
1020.05;0;0;0;0;91;207;30;30;30;30;30;1955;332;950;3.2;23.6;115.0;14.4;5.5;76.6;0.3137;-0.0206;1.2000;102.2500;
1020.30;0;0;0;0;91;207;32;32;32;32;32;2034;332;950;3.2;23.6;107.0;14.4;5.5;76.6;0.2980;-0.0229;1.1750;102.2750;
1020.55;0;0;0;0;91;207;32;32;32;32;32;2077;332;950;3.2;23.1;98.5;14.4;5.5;76.6;0.2824;-0.0249;1.0750;0.0500;
1020.80;1;0;0;0;90;207;33;33;33;33;33;2075;332;950;3.2;22.9;-39.5;14.4;5.5;76.6;0.0000;-0.0264;0.8000;0.0250;
1021.05;1;0;0;0;90;207;33;33;33;33;33;1938;332;950;3.2;22.9;-34.0;14.4;5.5;76.6;0.0000;-0.0265;0.2250;101.6250;
1021.30;1;0;0;0;90;207;32;32;32;32;32;1668;332;950;3.2;22.9;-33.5;14.4;5.5;76.6;0.0000;-0.0260;-0.3500;102.3000;
1021.55;1;0;0;0;90;207;32;32;32;32;32;1558;332;950;3.2;23.3;12.5;14.4;5.5;76.6;0.1765;-0.0249;-0.2250;102.1500;
1021.80;0;0;0;0;90;207;33;32;33;32;33;1325;332;950;3.2;23.6;34.5;14.4;5.5;76.6;0.2157;-0.0237;0.0500;102.3250;
1022.05;0;0;0;0;90;207;33;33;33;33;33;1277;332;950;3.2;23.6;2.5;14.4;5.5;76.6;0.0000;-0.0207;0.1000;0.0250;
1022.30;0;0;0;0;90;207;32;32;32;32;32;1284;332;950;3.2;23.4;-24.0;14.4;5.5;76.6;0.0000;-0.0087;-0.1750;0.3750;
1022.55;0;0;0;0;90;207;32;32;32;32;32;1261;332;950;3.2;24.1;-30.0;14.4;5.5;76.6;0.0000;-0.0052;-0.4000;0.2000;
1022.80;0;0;0;0;90;207;31;31;31;31;32;1253;332;950;3.2;24.1;-19.0;14.4;5.5;76.6;0.0824;-0.0051;-0.4750;0.6750;
1023.05;0;0;0;0;90;207;31;31;31;31;31;1226;332;950;3.2;24.6;-8.0;14.4;5.5;76.6;0.1255;-0.0034;-0.6750;0.5000;
1023.30;0;0;0;0;90;207;30;30;31;30;31;1227;332;950;3.2;24.6;3.0;14.4;5.5;76.6;0.1255;-0.0041;-0.4500;0.4500;
1023.56;0;0;0;0;90;207;30;30;30;30;30;1207;332;950;3.2;25.0;7.0;14.4;5.5;76.6;0.1255;-0.0011;-0.4000;0.5500;
1023.81;0;0;0;0;90;207;30;30;30;30;30;1189;332;950;3.2;25.9;6.5;14.4;5.5;76.6;0.1294;-0.0001;-0.4750;1.1500;
1024.06;0;0;0;0;90;207;30;30;29;29;30;1184;332;950;3.2;25.9;8.0;14.4;5.5;76.6;0.1412;-0.0003;-0.3250;102.3750;
1024.31;0;0;0;0;90;207;29;29;29;29;29;1171;332;950;3.2;26.4;25.5;14.4;5.5;76.6;0.2275;0.0025;-0.3250;0.3250;
1024.56;0;0;0;0;90;207;29;29;29;29;29;1170;332;950;3.2;26.9;47.5;14.4;5.5;76.6;0.2510;0.0028;-0.2250;0.4500;
1024.81;0;0;0;0;90;207;29;29;29;29;29;1171;332;950;3.2;26.9;71.0;14.4;5.5;76.6;0.2588;0.0041;0.0000;0.1750;
1025.06;0;0;0;0;90;207;29;29;29;29;29;1175;332;950;3.2;27.3;78.5;14.4;5.5;76.6;0.2588;0.0044;0.0500;0.3250;
1025.31;0;0;0;0;90;207;29;29;29;29;30;1178;332;950;3.2;27.3;79.5;14.4;5.5;76.6;0.2510;0.0007;0.1250;1.2000;
1025.56;0;0;0;0;90;207;30;30;30;30;30;1203;332;950;3.2;27.1;78.5;14.4;5.5;76.6;0.2510;0.0013;0.3250;0.0250;
1025.81;0;0;0;0;90;207;30;30;30;30;30;1187;332;950;3.2;27.1;72.5;14.4;5.5;76.6;0.2353;0.0020;0.1250;102.2500;
1026.06;0;0;0;0;90;207;30;30;30;30;30;1201;332;950;3.2;27.0;66.5;14.4;5.5;76.6;0.2275;0.0022;0.0500;0.2750;
1026.31;0;0;0;0;90;207;30;30;30;30;30;1203;332;950;3.2;27.0;57.5;14.4;5.5;76.6;0.2000;0.0029;0.1250;0.1000;
1026.56;0;0;0;0;90;207;30;30;30;30;30;1201;332;950;3.2;27.0;43.0;14.4;5.5;76.6;0.1922;0.0029;0.0000;0.0000;
1026.81;0;0;0;0;90;207;30;30;30;30;30;1200;332;950;3.2;26.7;29.5;14.4;5.5;76.6;0.1686;0.0025;-0.0750;0.0250;
1027.06;0;0;0;0;90;207;30;30;30;29;30;1192;332;950;3.2;26.7;21.5;14.4;5.5;76.6;0.1529;0.0031;-0.1000;0.1000;
1027.31;0;0;0;0;91;207;29;29;29;29;30;1177;332;950;3.2;26.8;22.5;14.4;5.5;76.6;0.1569;0.0092;-0.2250;102.1500;
1027.56;0;0;0;0;91;207;29;29;29;29;29;1163;332;950;3.2;26.6;24.5;14.4;5.5;76.6;0.1647;0.0110;-0.3750;0.1750;
1027.81;0;0;0;0;91;207;29;29;29;29;29;1159;332;950;3.2;26.6;30.5;14.4;5.5;76.6;0.1843;0.0112;-0.2500;0.4750;
1028.06;0;0;0;0;91;207;29;28;29;29;29;1152;332;950;3.2;26.5;36.0;14.4;5.5;76.6;0.2118;0.0110;-0.2250;0.0500;
1028.31;0;0;0;0;91;207;29;29;29;29;29;1169;332;950;3.2;26.6;50.5;14.4;5.5;76.6;0.2196;0.0084;0.0000;102.2500;
1028.58;0;0;0;0;91;207;29;29;29;29;29;1157;332;950;3.2;26.6;55.5;14.4;5.5;76.6;0.2118;0.0079;-0.0500;0.1750;
1028.83;0;0;0;0;91;207;29;28;29;29;29;1140;332;950;3.2;26.6;53.0;14.4;5.5;76.6;0.2157;0.0086;-0.3250;102.2500;
1029.08;0;0;0;0;91;207;29;29;29;28;29;1148;332;950;3.2;26.6;52.0;14.4;5.5;76.6;0.2078;0.0052;-0.0250;0.3250;
1029.33;0;0;0;0;91;207;28;28;29;29;29;1146;332;950;3.2;26.9;50.0;14.4;5.5;76.6;0.2078;0.0051;-0.1000;0.3500;
1029.58;0;0;0;0;91;207;28;28;28;28;28;1138;332;950;3.2;26.9;47.5;14.4;5.5;76.6;0.1216;0.0044;-0.1500;0.0250;
1029.83;0;0;0;0;91;207;28;28;28;28;28;1112;332;950;3.2;26.8;-18.5;14.4;5.5;76.6;0.0000;0.0026;-0.3250;0.5500;
1030.08;0;0;0;0;91;207;27;27;28;27;27;1096;332;950;3.2;26.8;-27.0;14.4;5.5;76.6;0.0000;-0.0025;-0.5500;102.2000;
1030.33;1;0;0;0;91;207;27;27;27;27;27;946;332;950;3.2;26.9;-25.5;14.4;5.5;76.6;0.0000;-0.0036;-0.6000;0.2500;
1030.58;1;0;0;0;91;207;26;26;26;26;26;896;332;950;3.2;27.6;-9.5;14.4;5.5;76.6;0.0000;-0.0036;-0.5750;102.2250;
1030.83;1;0;0;0;91;207;26;26;26;26;26;877;332;950;3.2;27.6;-2.0;14.4;5.5;76.6;0.0000;-0.0043;-0.5000;0.4500;
1031.08;1;0;0;0;91;207;25;25;25;25;26;874;332;950;3.2;27.4;0.5;14.4;5.5;76.6;0.0000;-0.0072;-0.5000;102.2750;
1031.33;1;0;0;0;91;207;25;25;25;25;25;927;332;950;3.2;27.5;-15.0;14.4;5.5;76.6;0.0039;-0.0066;-0.5750;0.0000;
1031.58;1;0;0;0;91;207;24;24;24;24;24;947;332;950;3.2;27.5;-21.0;14.4;5.5;76.6;0.0314;-0.0066;-0.8250;102.2500;
1031.83;1;0;0;0;91;207;23;23;23;23;23;1025;332;950;3.2;28.0;-18.5;14.4;5.5;76.6;0.0392;-0.0041;-0.8750;0.0500;
1032.08;1;0;0;0;91;207;22;22;22;22;22;1131;332;950;3.2;28.0;-16.0;14.4;5.5;76.6;0.0549;-0.0029;-1.1000;0.1500;
1032.33;1;0;0;0;91;207;22;21;21;21;22;1361;332;950;3.2;28.1;-15.0;14.4;5.5;76.6;0.0627;0.0007;-1.0000;0.5500;
1032.58;1;0;0;0;91;207;21;21;21;21;21;1369;332;950;3.2;28.2;-5.5;14.4;5.5;76.6;0.0549;0.0018;-0.7250;0.1750;
1032.83;1;0;0;0;91;207;20;20;21;20;21;1309;332;950;3.2;28.2;-10.5;14.4;5.5;76.6;0.0627;0.0013;-0.6000;102.2000;
1033.08;0;0;0;0;91;207;20;20;20;20;20;1302;332;950;3.2;28.3;-8.5;14.4;5.5;76.6;0.1059;0.0011;-0.6750;0.3500;
1033.33;0;0;0;0;91;207;19;20;20;20;20;1261;332;950;3.2;28.1;-10.5;14.4;5.5;76.6;0.0000;-0.0003;-0.4750;102.2250;
1033.59;0;0;0;0;91;207;19;19;19;19;19;1227;332;950;3.2;28.1;-16.0;14.4;5.5;76.6;0.0941;-0.0009;-0.5500;0.4500;
1033.84;0;0;0;0;91;207;18;19;18;18;19;1190;332;950;3.2;28.1;-7.5;14.4;5.5;76.6;0.1176;-0.0020;-0.6750;0.0750;
1034.09;0;0;0;0;91;207;18;18;18;18;18;1180;332;950;3.2;28.5;8.5;14.4;5.5;76.6;0.1882;-0.0020;-0.5250;0.1250;
1034.34;0;0;0;0;91;207;18;18;18;18;18;1166;332;950;3.2;28.4;26.0;14.4;5.5;76.6;0.2078;-0.0013;-0.4250;0.8250;
1034.59;0;0;0;0;91;207;18;18;17;18;18;1165;332;950;3.2;28.4;56.0;14.4;5.5;76.6;0.2667;-0.0009;-0.1750;102.2750;
1034.84;0;0;0;0;91;207;18;18;18;18;18;1162;332;950;3.2;28.0;74.0;14.4;5.5;76.6;0.2667;0.0029;0.0250;0.6000;
1035.09;0;0;0;0;91;207;18;18;18;18;18;1177;332;950;3.2;28.0;84.5;14.4;5.5;76.6;0.2627;-0.0003;0.2000;0.1250;
1035.34;0;0;0;0;91;207;19;19;19;19;19;1212;332;950;3.2;27.8;84.5;14.4;5.5;76.6;0.2588;0.0011;0.4250;0.3500;
1035.59;0;0;0;0;91;207;19;19;19;19;19;1216;332;950;3.2;27.7;62.0;14.4;5.5;76.6;0.1922;0.0059;0.3500;0.2500;
1035.84;0;0;0;0;91;207;19;19;19;19;19;1223;332;950;3.2;27.7;37.5;14.4;5.5;76.6;0.1765;0.0074;0.1000;102.1250;
1036.09;0;0;0;0;91;207;18;19;19;19;19;1201;332;950;3.2;27.0;20.0;14.4;5.5;76.6;0.1490;0.0057;-0.1750;101.9500;
1036.34;0;0;0;0;91;207;18;18;18;18;18;1196;332;950;3.2;26.9;21.0;14.4;5.5;76.6;0.1686;-0.0003;-0.2250;101.9000;
1036.59;0;0;0;0;91;207;19;18;18;18;18;1192;332;950;3.2;26.9;25.0;14.4;5.5;76.6;0.1647;-0.0049;-0.0500;101.8000;
1036.84;0;0;0;0;91;207;18;18;18;18;18;1156;332;950;3.2;26.5;30.0;14.4;5.5;76.6;0.1804;-0.0021;-0.3250;0.4750;
1037.09;0;0;0;0;91;207;18;18;18;18;18;1161;332;950;3.2;26.5;37.5;14.4;5.5;76.6;0.2275;-0.0001;-0.2000;0.1000;
1037.34;0;0;0;0;91;207;18;18;18;18;18;1171;332;950;3.2;26.0;50.0;14.4;5.5;76.6;0.2314;0.0014;-0.1000;0.2500;
1037.59;0;0;0;0;91;207;18;18;18;18;18;1185;332;950;3.2;25.9;61.0;14.4;5.5;76.6;0.2314;0.0038;0.0750;0.4250;
1037.84;0;0;0;0;91;207;18;18;18;18;18;1195;332;950;3.2;25.9;64.5;14.4;5.5;76.6;0.2314;0.0038;0.2000;0.2250;
1038.09;0;0;0;0;91;207;19;19;19;19;19;1224;332;950;3.2;25.9;65.5;14.4;5.5;76.6;0.2314;0.0059;0.4250;102.0250;
1038.34;0;0;0;0;91;207;19;19;19;19;19;1245;332;950;3.2;25.7;65.0;14.4;5.5;76.6;0.2275;0.0051;0.4250;0.6000;
1038.61;0;0;0;0;91;207;19;20;19;19;19;1270;332;950;3.2;25.4;55.0;14.4;5.5;76.6;0.2118;0.0057;0.3500;101.9000;
1038.86;0;0;0;0;91;207;20;19;20;20;20;1263;332;950;3.2;25.4;50.0;14.4;5.5;76.6;0.1961;0.0084;0.1750;0.8000;
1039.11;0;0;0;0;91;207;20;20;20;20;20;1282;332;950;3.2;25.2;39.0;14.4;5.5;76.6;0.1804;0.0095;0.1750;102.3000;
1039.36;0;0;0;0;91;207;20;20;20;20;20;1290;332;950;3.2;25.9;36.0;14.4;5.5;76.6;0.1804;0.0095;0.1500;0.4750;
1039.61;0;0;0;0;91;207;20;20;20;20;20;1291;332;950;3.2;25.9;32.0;14.4;5.5;76.6;0.1765;0.0102;0.0000;0.6500;
1039.86;0;0;0;0;91;207;20;20;20;20;20;1288;332;950;3.2;25.9;32.0;14.4;5.5;76.6;0.1882;0.0105;-0.0250;1.0000;
1040.11;0;0;0;0;91;207;20;20;20;20;20;1294;332;950;3.2;26.3;38.0;14.4;5.5;76.6;0.2157;0.0107;0.0000;0.8000;
1040.36;0;0;0;0;91;207;20;20;20;20;20;1285;332;950;3.2;26.3;50.0;14.4;5.5;76.6;0.2314;0.0102;-0.0250;0.2500;
1040.61;0;0;0;0;91;207;20;20;20;20;20;1281;332;950;3.2;26.4;62.5;14.4;5.5;76.6;0.2353;0.0095;-0.0750;0.9250;
1040.86;0;0;0;0;91;207;20;20;20;20;20;1301;332;950;3.2;26.4;65.0;14.4;5.5;76.6;0.2353;0.0097;0.0250;0.1000;
1041.11;0;0;0;0;91;207;20;21;20;20;20;1315;332;950;3.2;26.2;68.0;14.4;5.5;76.6;0.2353;0.0107;0.1500;0.8750;
1041.36;0;0;0;0;91;207;20;20;20;20;20;1315;332;950;3.2;26.6;68.5;14.4;5.5;76.6;0.2314;0.0107;0.0500;0.3750;
1041.61;0;0;0;0;91;207;21;21;21;21;21;1343;332;950;3.2;26.6;63.5;14.4;5.5;76.6;0.2275;0.0114;0.1750;0.0250;
1041.86;0;0;0;0;91;207;21;21;21;21;21;1356;332;950;3.2;26.5;59.5;14.4;5.5;76.6;0.2157;0.0105;0.2250;0.4000;
1042.11;0;0;0;0;91;207;21;21;21;21;21;1348;332;950;3.2;26.5;55.0;14.4;5.5;76.6;0.2157;0.0109;0.0750;0.6500;
1042.36;0;0;0;0;91;207;21;21;21;21;21;1356;332;950;3.2;26.3;54.0;14.4;5.5;76.6;0.2157;0.0109;0.0750;0.1750;
1042.61;0;0;0;0;91;207;21;21;21;21;21;1357;332;950;3.2;26.3;52.5;14.4;5.5;76.6;0.2157;0.0114;0.0250;102.3750;
1042.86;0;0;0;0;91;207;21;21;21;21;21;1366;332;950;3.2;26.5;51.0;14.4;5.5;76.6;0.2157;0.0069;0.0500;0.0250;
1043.11;0;0;0;0;91;207;21;21;21;21;21;1381;330;950;3.2;26.7;50.5;14.4;5.5;76.6;0.2157;-0.0008;0.1250;102.3250;
1043.36;0;0;0;0;91;207;21;21;21;21;21;1374;330;950;3.2;26.7;54.0;14.4;5.5;76.6;0.2157;-0.0029;0.0750;0.1500;
1043.62;0;0;0;0;91;207;21;21;21;21;21;1369;330;950;3.2;25.8;55.0;14.4;5.5;76.5;0.2196;-0.0022;0.0000;1.1250;
1043.87;0;0;0;0;91;207;21;21;21;21;21;1378;330;950;3.2;25.8;57.5;14.4;5.5;76.5;0.2235;-0.0021;0.0750;102.2750;
1044.12;0;0;0;0;91;207;21;21;21;21;21;1383;330;950;3.2;25.4;60.0;14.4;5.5;76.5;0.2235;0.0003;0.0250;0.0500;
1044.37;0;0;0;0;91;207;22;22;22;21;21;1389;330;950;3.2;25.4;58.0;14.4;5.5;76.5;0.2235;0.0004;0.0750;0.7750;
1044.62;0;0;0;0;91;207;22;22;22;22;22;1398;330;950;3.2;25.4;58.5;14.4;5.5;76.5;0.2235;0.0007;0.1000;0.1750;
1044.87;0;0;0;0;91;207;22;22;22;22;22;1413;330;950;3.2;24.8;58.0;14.4;5.5;76.5;0.2235;0.0004;0.1250;0.0500;
1045.12;0;0;0;0;91;207;22;22;22;22;22;1410;330;950;3.2;25.0;59.5;14.4;5.5;76.5;0.2275;-0.0041;0.0500;102.1250;
1045.37;0;0;0;0;91;207;22;22;22;22;22;1435;330;950;3.2;25.0;60.0;14.4;5.5;76.5;0.2353;-0.0041;0.2500;102.2500;
1045.62;0;0;0;0;91;207;22;22;22;22;22;1442;330;950;3.2;24.9;66.5;14.4;5.5;76.5;0.2353;-0.0047;0.1000;102.3500;
1045.87;0;0;0;0;91;207;22;22;23;23;22;1451;330;950;3.2;24.9;66.0;14.4;5.5;76.5;0.2431;-0.0043;0.1250;102.3750;
1046.12;0;0;0;0;91;207;23;23;23;23;23;1471;330;950;3.2;24.5;71.5;14.4;5.5;76.5;0.2510;-0.0087;0.2000;102.2000;
1046.37;0;0;0;0;91;207;23;23;23;23;23;1478;330;950;3.2;24.5;74.0;14.4;5.5;76.5;0.2588;-0.0062;0.3500;0.0750;
1046.62;0;0;0;0;91;207;23;23;23;23;23;1503;330;950;3.2;24.8;85.0;14.4;5.5;76.5;0.2706;-0.0008;0.2750;0.3500;
1046.87;0;0;0;0;91;207;24;24;24;24;24;1522;330;950;3.2;24.8;95.5;14.4;5.5;76.5;0.3176;0.0092;0.4500;1.5250;
1047.12;0;0;0;0;91;207;24;25;24;24;25;1597;330;950;3.2;24.6;118.0;14.4;5.5;76.5;0.3412;0.0141;0.6000;0.7500;
1047.37;0;0;0;0;91;207;25;25;25;25;25;1628;330;950;3.2;24.1;125.0;14.4;5.5;76.5;0.3490;0.0117;0.6000;102.3500;
1047.62;0;0;0;0;91;207;26;27;26;26;26;1711;330;950;3.2;24.1;136.0;14.4;5.5;76.5;0.3569;0.0110;0.9750;102.0750;
1047.87;0;0;0;0;91;207;27;27;27;27;27;1735;330;950;3.2;24.4;141.0;14.4;5.5;76.5;0.3569;0.0091;0.9000;0.3750;
1048.12;0;0;0;0;91;207;28;28;28;28;28;1824;330;950;3.2;24.5;141.5;14.4;5.5;76.5;0.3608;0.0001;1.1500;0.4000;
1048.37;0;0;0;0;91;207;29;29;29;29;29;1872;330;950;3.2;24.5;144.0;14.4;5.5;76.5;0.3686;0.0004;1.0750;0.6750;
1048.64;0;0;0;0;91;207;30;30;30;30;30;1953;330;950;3.2;23.7;153.0;14.4;5.5;76.5;0.3843;0.0016;1.1250;0.2250;
1048.89;0;0;0;0;91;207;32;32;32;32;32;2035;330;950;3.2;23.7;152.0;14.4;5.5;76.5;0.3490;0.0038;1.1250;0.4250;
1049.14;1;0;0;0;91;207;32;32;32;32;32;1975;330;950;3.2;23.7;8.5;14.4;5.5;76.5;0.0000;0.0047;0.9750;0.2000;
1049.39;1;0;0;0;91;207;31;31;31;31;32;1761;330;950;3.2;23.6;-31.0;14.4;5.5;76.5;0.0000;0.0047;-0.1250;0.2750;
1049.64;1;0;0;0;91;207;31;31;31;31;31;1566;330;950;3.2;23.6;-32.0;14.4;5.5;76.5;0.0000;0.0041;-0.3750;102.3250;
1049.89;1;0;0;0;91;207;31;31;31;31;31;1186;330;950;3.2;24.1;76.0;14.4;5.5;76.5;0.2627;0.0031;-0.3750;0.3500;
1050.14;0;0;0;0;91;207;31;31;31;31;31;1220;330;950;3.2;24.5;111.0;14.4;5.5;76.5;0.3098;0.0028;-0.2500;0.5500;
1050.39;0;0;0;0;91;207;31;31;31;31;31;1251;330;950;3.2;24.5;117.5;14.4;5.5;76.5;0.3176;0.0020;0.0500;0.4250;
1050.64;0;0;0;0;91;207;31;32;31;31;31;1253;330;950;3.2;24.5;120.5;14.4;5.5;76.5;0.3137;-0.0014;0.1750;102.3250;
1050.89;0;0;0;0;91;207;32;32;32;32;32;1269;330;950;3.2;24.3;119.0;14.4;5.5;76.5;0.3059;-0.0052;0.2250;0.1500;
1051.14;0;0;0;0;91;207;32;32;32;32;32;1279;330;950;3.2;24.3;116.5;14.4;5.5;76.5;0.3020;-0.0051;0.2750;0.0000;
1051.39;0;0;0;0;91;207;32;32;32;32;32;1283;330;950;3.2;24.3;115.0;14.4;5.5;76.5;0.3020;-0.0041;0.1500;0.4000;
1051.64;0;0;0;0;91;207;32;32;32;32;32;1291;330;950;3.2;24.6;113.0;14.4;5.5;76.5;0.3059;-0.0041;0.1500;0.4250;
1051.89;0;0;0;0;91;207;32;32;32;33;33;1298;330;950;3.2;24.6;116.5;14.4;5.5;76.5;0.3137;-0.0034;0.2000;0.7250;
1052.14;0;0;0;0;91;207;33;33;33;33;33;1307;330;950;3.2;24.8;118.0;14.4;5.5;76.5;0.3137;0.0004;0.1500;0.1500;
1052.39;0;0;0;0;91;207;33;33;33;33;33;1319;330;950;3.2;24.5;117.0;14.4;5.5;76.5;0.3098;0.0028;0.2250;0.2500;
1052.64;0;0;0;0;91;207;33;34;33;33;33;1340;330;950;3.2;24.5;115.5;14.4;5.5;76.5;0.3020;0.0031;0.4000;102.3000;
1052.89;0;0;0;0;91;207;33;33;34;34;33;1329;330;950;3.2;25.3;113.0;14.4;5.5;76.5;0.3020;0.0025;0.1000;102.3250;
1053.14;0;0;0;0;91;207;34;34;34;34;34;1350;330;950;3.2;25.6;112.5;14.4;5.5;76.5;0.3020;0.0020;0.2500;0.2750;
1053.39;0;0;0;0;91;207;34;34;34;34;34;1368;330;950;3.2;25.6;109.5;14.4;5.5;76.5;0.2980;0.0022;0.2500;102.2750;
1053.65;0;0;0;0;91;207;34;34;34;35;34;1374;330;950;3.2;25.6;107.5;14.4;5.5;76.5;0.2902;0.0022;0.2750;0.4750;
1053.90;0;0;0;0;91;207;34;35;35;35;35;1380;330;950;3.2;25.0;101.0;14.4;5.5;76.5;0.2745;0.0022;0.2250;0.4500;
1054.15;0;0;0;0;91;207;35;35;35;35;35;1384;330;950;3.2;25.0;95.5;14.4;5.5;76.5;0.2667;0.0028;0.1500;102.2000;
1054.40;0;0;0;0;91;207;35;35;35;35;35;1391;330;950;3.2;25.2;82.0;14.4;5.5;76.5;0.2510;0.0036;0.1500;0.0500;
1054.65;0;0;0;0;91;207;35;35;35;35;35;1396;330;950;3.2;25.2;77.5;14.4;5.5;76.5;0.2471;0.0044;0.1500;0.0250;
1054.90;0;0;0;0;91;207;35;35;35;35;35;1400;330;950;3.2;25.1;75.0;14.4;5.5;76.5;0.2471;0.0079;0.0750;0.4500;
1055.15;0;0;0;0;91;207;35;35;35;35;35;1398;330;950;3.2;25.1;75.0;14.4;5.5;76.5;0.2510;0.0095;-0.0250;0.5250;
1055.40;0;0;0;0;91;207;35;35;35;35;35;1397;330;950;3.2;25.5;80.5;14.4;5.5;76.5;0.2627;0.0132;0.0250;0.4250;
1055.65;0;0;0;0;91;207;35;35;35;35;35;1398;330;950;3.2;25.5;85.5;14.4;5.5;76.5;0.2745;0.0145;0.0500;0.4500;
1055.90;0;0;0;0;91;207;35;35;35;35;35;1407;330;950;3.2;25.8;91.5;14.4;5.5;76.5;0.2784;0.0128;0.0500;0.3250;
1056.15;0;0;0;0;91;207;35;35;35;35;36;1413;330;950;3.2;25.5;94.0;14.4;5.5;76.5;0.2863;0.0114;0.0750;102.1250;
1056.40;0;0;0;0;91;207;35;35;35;35;36;1414;330;950;3.2;25.5;99.5;14.4;5.5;76.5;0.2863;0.0072;0.0500;0.1000;
1056.65;0;0;0;0;91;207;36;36;36;36;36;1424;330;950;3.2;26.0;99.5;14.4;5.5;76.5;0.2863;-0.0041;0.1250;102.2250;
1056.90;0;0;0;0;91;207;36;36;36;36;36;1430;330;950;3.2;26.0;96.0;14.4;5.5;76.5;0.2745;-0.0008;0.2000;102.3250;
1057.15;0;0;0;0;91;207;36;36;36;36;36;1435;330;950;3.2;26.0;93.0;14.4;5.5;76.5;0.2706;0.0020;0.1500;0.2250;
1057.40;0;0;0;0;91;207;36;36;36;36;36;1442;330;950;3.2;25.6;89.0;14.4;5.5;76.5;0.2667;0.0056;0.1500;1.0000;
1057.65;0;0;0;0;92;207;36;36;36;36;36;1451;330;950;3.2;25.6;86.5;14.4;5.5;76.5;0.2627;0.0092;0.1250;0.3750;
1057.90;0;0;0;0;92;207;36;36;36;36;36;1440;330;950;3.2;25.8;79.0;14.4;5.5;76.5;0.2431;0.0092;-0.0750;0.5250;
1058.15;0;0;0;0;92;207;36;36;36;37;36;1440;330;950;3.2;26.1;73.5;14.4;5.5;76.5;0.2353;0.0104;-0.0500;0.4500;
1058.40;0;0;0;0;92;207;36;36;36;36;36;1440;330;950;3.2;26.1;67.0;14.4;5.5;76.5;0.2314;0.0102;-0.1000;0.5500;
1058.67;0;0;0;0;92;207;36;36;36;36;36;1442;330;950;3.2;26.0;64.5;14.4;5.5;76.5;0.2314;0.0104;-0.1750;0.5750;
1058.92;0;0;0;0;92;207;36;36;36;36;36;1429;330;950;3.2;26.0;61.5;14.4;5.5;76.5;0.2314;0.0097;-0.1250;0.7500;
1059.17;0;0;0;0;92;207;36;36;36;36;36;1428;330;950;3.2;26.5;64.0;14.4;5.5;76.5;0.2314;0.0087;-0.1500;0.2250;
1059.42;0;0;0;0;92;207;35;36;35;35;36;1415;330;950;3.2;26.5;64.0;14.4;5.5;76.5;0.2314;0.0074;-0.2000;0.0000;
1059.67;0;0;0;0;92;207;35;35;35;35;36;1417;330;950;3.2;26.5;64.0;14.4;5.5;76.5;0.2235;0.0059;-0.2000;0.5250;
1059.92;0;0;0;0;92;207;35;35;35;35;35;1412;330;950;3.2;26.2;59.0;14.4;5.5;76.5;0.2275;-0.0008;-0.1750;0.3250;
1060.17;0;0;0;0;92;207;35;35;35;35;35;1415;330;950;3.2;26.2;59.5;14.4;5.5;76.5;0.2235;0.0011;-0.2000;0.0750;
1060.42;0;0;0;0;92;207;35;35;35;35;35;1391;330;948;3.2;26.6;60.0;14.4;5.5;76.5;0.2235;0.0016;-0.2250;0.6750;
1060.67;0;0;0;0;92;207;35;35;35;35;35;1384;330;950;3.2;26.6;59.0;14.4;5.5;76.5;0.2196;0.0008;-0.1250;0.1750;
1060.92;0;0;0;0;92;207;35;34;35;35;35;1369;330;950;3.2;26.6;28.0;14.4;5.5;76.5;0.0667;0.0007;-0.1750;0.2250;
1061.17;0;0;0;0;92;207;34;34;34;34;34;1347;330;950;3.2;26.5;-13.5;14.4;5.5;76.5;0.0000;-0.0025;-0.5250;0.4750;
1061.42;0;0;0;0;92;207;33;33;33;33;33;1321;330;950;3.2;26.5;-10.0;14.4;5.5;76.5;0.1412;-0.0031;-0.7500;0.4750;
1061.67;0;0;0;0;92;207;32;33;32;32;33;1318;330;950;3.2;27.5;1.0;14.4;5.5;76.5;0.1412;-0.0022;-0.7500;0.0000;
1061.92;0;0;0;0;92;207;32;32;32;32;32;1281;330;950;3.2;27.5;12.0;14.4;5.5;76.5;0.1451;0.0000;-0.6750;102.3500;
1062.17;0;0;0;0;92;207;31;31;31;31;31;1250;330;950;3.2;27.5;-3.0;14.4;5.5;76.5;0.0000;0.0025;-0.7500;0.0750;
1062.42;1;0;0;0;92;207;30;31;30;30;31;1165;330;948;3.2;27.2;-28.0;14.4;5.5;76.5;0.0000;0.0038;-0.7750;0.4250;
1062.67;1;0;0;0;92;207;30;30;30;30;30;1013;330;948;3.2;27.2;-26.0;14.4;5.5;76.5;0.0000;0.0091;-0.7250;0.7250;
1062.92;1;0;0;0;92;207;29;29;29;29;29;900;330;950;3.2;27.9;-8.0;14.4;5.5;76.5;0.0000;0.0102;-0.5500;0.8250;
1063.17;1;0;0;0;92;207;28;27;28;28;28;883;330;948;3.2;27.9;-5.5;14.4;5.5;76.5;0.0000;0.0109;-1.2000;1.1500;
1063.42;1;0;0;0;92;207;28;28;28;28;28;875;330;950;3.2;27.7;0.0;14.4;5.5;76.5;0.0000;0.0109;-0.8000;1.1000;
1063.68;1;0;0;0;92;207;26;26;27;26;27;939;330;948;3.2;27.7;-29.0;14.4;5.5;76.5;0.0000;0.0109;-0.8500;0.5750;
1063.93;1;0;0;0;92;207;25;25;25;25;25;1055;330;948;3.2;27.6;-25.0;14.4;5.5;76.5;0.0235;0.0092;-1.3750;0.8750;
1064.18;1;0;0;0;92;207;24;24;24;24;24;1277;330;948;3.2;28.6;-18.5;14.4;5.5;76.5;0.0549;0.0097;-1.4000;0.5750;
1064.43;1;0;0;0;92;207;23;22;23;23;23;1466;330;948;3.2;28.6;-8.0;14.4;5.5;76.5;0.0824;0.0107;-1.4000;102.2500;
1064.68;1;0;0;0;92;207;22;22;22;22;22;1403;330;948;3.2;29.1;-1.0;14.4;5.5;76.5;0.0824;0.0118;-1.1250;0.7750;
1064.93;0;0;0;0;92;207;21;21;21;21;21;1373;330;948;3.2;29.0;-2.5;14.4;5.5;76.5;0.0980;0.0172;-0.9000;0.4750;
1065.18;0;0;0;0;92;207;21;21;20;21;21;1324;330;948;3.2;29.0;0.0;14.4;5.5;76.5;0.1020;0.0189;-0.8000;102.1250;
1065.43;0;0;0;0;92;207;20;20;20;20;20;1278;330;948;3.2;29.5;0.5;14.4;5.5;76.5;0.0000;0.0264;-0.8500;0.3750;
1065.68;0;0;0;0;92;207;19;19;19;19;19;1222;330;948;3.2;29.5;-13.5;14.4;5.5;76.5;0.0000;0.0321;-0.7750;0.2750;
1065.93;0;0;0;0;92;207;18;18;18;18;18;1179;330;948;3.2;29.4;-25.0;14.4;5.5;76.5;0.0000;0.0804;-0.8750;0.8750;
1066.18;0;0;0;0;92;207;17;17;17;17;17;1093;330;948;3.2;29.4;-27.5;14.4;5.5;76.5;0.0549;0.1249;-1.1750;1.1000;
1066.43;0;0;0;0;92;207;16;17;16;17;16;1068;330;948;3.2;29.4;-16.0;14.4;5.5;76.5;0.0980;0.1680;-1.1500;1.5000;
1066.68;0;0;0;0;92;207;15;16;15;16;15;1006;330;948;3.2;30.6;3.5;14.4;5.5;76.5;0.0902;0.2069;-1.0000;1.9750;
1066.93;0;0;0;0;92;207;14;15;14;15;15;980;330;948;3.2;30.9;29.5;14.4;5.5;76.5;0.0000;0.3326;-0.9000;1.9250;
1067.18;0;0;0;0;92;207;14;15;13;15;14;910;330;948;3.2;30.9;69.0;14.4;5.5;76.5;0.0000;0.3886;-0.5500;1.8750;
1067.43;0;0;0;0;92;207;13;16;13;15;14;912;330;948;3.2;30.9;68.5;14.4;5.5;76.5;0.0000;0.4350;-0.4750;1.4750;
1067.68;0;0;0;0;92;207;13;16;13;15;14;901;330;948;3.2;31.1;73.0;14.4;5.5;76.5;0.0000;0.4992;-0.2000;2.5000;
1067.93;0;0;0;0;92;207;13;16;12;15;14;899;330;948;3.2;31.6;66.5;14.4;5.5;76.5;0.0000;0.6109;-0.1000;1.9500;
1068.18;0;0;0;0;92;207;14;16;13;16;14;910;330;948;3.2;31.6;39.0;14.4;5.5;76.5;0.0000;0.6002;0.1000;1.3250;
1068.43;0;0;0;0;92;207;14;16;13;16;15;923;330;948;3.2;31.7;18.0;14.4;5.5;76.5;0.0000;0.5577;0.2000;1.4750;
1068.69;0;0;0;0;92;207;14;16;13;16;15;932;330;948;3.2;31.4;-7.5;14.4;5.5;76.5;0.0000;0.5162;0.2500;1.1000;
1068.94;0;0;0;0;92;207;14;16;14;16;15;935;330;948;3.2;31.4;-18.0;14.4;5.5;76.5;0.0000;0.4941;0.1250;0.4750;
1069.19;0;0;0;0;92;207;14;16;14;15;15;959;330;948;3.2;31.8;-30.5;14.4;5.5;76.5;0.0000;0.4822;0.0000;0.3500;
1069.44;0;0;0;0;92;207;14;16;13;16;15;922;330;948;3.2;31.8;-24.5;14.4;5.5;76.5;0.0000;0.4721;0.0000;0.2000;
1069.69;0;0;0;0;92;207;14;16;14;16;15;947;330;948;3.2;32.2;-27.0;14.4;5.5;76.5;0.0000;0.4499;0.0500;0.0250;
1069.94;0;0;0;0;92;207;14;16;14;16;15;994;330;948;3.2;33.0;-30.5;14.4;5.5;76.5;0.0000;0.2993;0.2000;0.2500;
1070.19;0;0;0;0;92;207;15;16;15;16;15;998;330;948;3.2;33.0;-30.5;14.4;5.5;76.5;0.0000;0.2544;0.2500;0.7250;
1070.44;0;0;0;0;92;207;15;16;15;16;15;1018;330;948;3.2;32.9;-31.0;14.4;5.5;76.5;0.0000;0.2000;0.2500;0.1500;
1070.69;0;0;0;0;92;207;16;16;16;16;16;1036;330;948;3.2;32.3;-31.0;14.4;5.5;76.5;0.0000;0.1550;0.3250;0.0000;
1070.94;0;0;0;0;92;207;16;16;16;16;16;1049;330;948;3.2;32.3;-31.0;14.4;5.5;76.5;0.0000;0.0441;0.2500;102.0250;
1071.19;0;0;0;0;92;207;16;16;16;16;16;1066;330;948;3.2;31.9;-31.0;14.4;5.5;76.5;0.0000;0.0331;0.2500;102.3500;
1071.44;0;0;0;0;92;207;17;17;16;17;17;1089;330;948;3.2;31.9;-31.0;14.4;5.5;76.5;0.0000;0.0331;0.3500;102.3250;
1071.69;0;0;0;0;92;207;17;17;17;17;17;1109;330;948;3.2;31.5;-31.0;14.4;5.5;76.5;0.0000;0.0331;0.3250;0.0000;
1071.94;0;0;0;0;92;207;17;17;17;17;17;1123;330;948;3.2;31.5;-31.0;14.4;5.5;76.5;0.0000;0.0375;0.3250;0.0750;
1072.19;0;0;0;0;92;207;17;18;18;18;18;1152;329;948;3.2;31.2;-31.0;14.4;5.5;76.5;0.0000;0.0384;0.3250;0.0500;
1072.44;0;0;0;0;92;207;18;18;18;18;18;1163;329;948;3.2;31.2;-31.0;14.4;5.5;76.5;0.0000;0.0382;0.3250;0.0500;
1072.69;0;0;0;0;92;207;18;18;18;18;18;1188;329;948;3.2;31.0;-30.5;14.4;5.5;76.5;0.0000;0.0379;0.3750;0.1750;
1072.94;0;0;0;0;92;207;19;19;18;19;19;1216;329;948;3.2;30.6;-31.0;14.4;5.5;76.5;0.0000;0.0392;0.3750;0.2250;
1073.19;0;0;0;0;92;207;19;19;19;19;19;1243;329;948;3.2;30.6;-31.0;14.4;5.5;76.5;0.0000;0.0387;0.3750;0.2750;
1073.44;0;0;0;0;92;207;19;19;19;19;19;1260;329;948;3.2;30.7;-31.0;14.4;5.5;76.5;0.0000;0.0379;0.3500;0.3500;
1073.72;0;0;0;0;92;207;20;20;20;20;20;1286;329;948;3.2;30.6;-31.0;14.4;5.5;76.5;0.0000;0.0217;0.3500;0.2500;
1073.97;0;0;0;0;92;207;20;20;20;20;20;1304;329;948;3.2;30.6;-31.0;14.4;5.5;76.5;0.0000;0.0008;0.3750;102.3250;
1074.22;0;0;0;0;92;207;21;21;21;21;20;1332;329;948;3.2;29.5;-31.5;14.4;5.5;76.5;0.0000;-0.0084;0.3750;0.1500;
1074.47;0;0;0;0;92;207;21;21;21;21;21;1343;329;948;3.2;29.5;-31.5;14.4;5.5;76.5;0.0000;-0.0125;0.3250;0.0000;
1074.72;0;0;0;0;92;207;21;21;21;21;21;1368;329;948;3.2;29.7;-31.5;14.4;5.5;76.5;0.0000;-0.0323;0.3500;102.3500;
1074.97;0;0;0;0;92;207;22;21;22;21;21;1386;329;948;3.2;29.9;-31.5;14.4;5.5;76.5;0.0000;-0.0323;0.3250;0.1000;
1075.22;0;0;0;0;92;207;22;22;22;22;22;1400;329;948;3.2;29.9;-32.0;14.4;5.5;76.5;0.0000;-0.0328;0.2250;102.3250;
1075.47;0;0;0;0;92;207;22;22;22;22;22;1412;329;948;3.2;29.3;-32.0;14.4;5.5;76.5;0.0000;-0.0334;0.2500;0.1250;
1075.72;0;0;0;0;92;207;22;22;22;22;22;1428;329;948;3.2;29.3;-32.5;14.4;5.5;76.5;0.0000;-0.0333;0.2500;102.3250;
1075.97;0;1;0;0;92;207;22;22;22;22;22;1438;329;948;3.2;29.8;-32.5;14.4;5.5;76.5;0.0000;-0.0331;-0.0500;0.0000;
1076.22;0;1;0;0;92;207;22;22;22;22;22;1432;329;948;3.2;29.8;-32.0;14.4;5.5;76.5;0.0000;-0.0330;-0.4500;102.3000;
1076.47;0;1;0;0;92;207;22;22;22;22;22;1418;329;948;3.2;30.0;-32.0;14.4;5.5;76.5;0.0000;-0.0325;-0.3750;0.0000;
1076.72;0;1;0;0;92;207;22;21;21;21;22;1385;329;948;3.2;29.7;-31.5;14.4;5.5;76.5;0.0000;-0.0286;-0.4000;0.0250;
1076.97;0;1;0;0;92;207;21;21;21;21;21;1360;329;950;3.2;29.7;-31.0;14.4;5.5;76.5;0.0000;-0.0228;-0.1750;0.1500;
1077.22;0;1;0;0;92;207;21;21;21;21;21;1336;329;948;3.2;30.1;-31.0;14.4;5.5;76.5;0.0000;-0.0204;-0.6750;0.0250;
1077.47;0;1;0;0;92;207;20;20;20;20;20;1304;329;950;3.2;30.1;-30.5;14.4;5.5;76.5;0.0000;-0.0180;-0.6500;0.1500;
1077.72;0;1;0;0;92;207;20;20;20;20;20;1282;329;948;3.2;30.5;-30.5;14.4;5.5;76.5;0.0000;-0.0135;-0.1500;0.1250;
1077.97;0;1;0;0;92;207;19;19;19;19;19;1246;329;948;3.2;30.3;-30.0;14.4;5.5;76.5;0.0000;-0.0127;-0.4000;0.2000;
1078.22;0;1;0;0;92;207;19;19;19;19;19;1223;329;948;3.2;30.3;-30.0;14.4;5.5;76.5;0.0000;-0.0183;-0.4500;0.2000;
1078.47;0;0;0;0;92;207;19;19;19;18;19;1208;329;948;3.2;30.8;-30.0;14.4;5.5;76.5;0.0000;-0.0270;-0.2250;0.1250;
1078.73;0;0;0;0;91;207;19;18;19;18;19;1205;329;948;3.2;31.0;-30.0;14.4;5.5;76.5;0.0000;-0.0499;-0.1750;102.2500;
1078.98;0;0;0;0;91;207;19;18;19;18;19;1202;329;948;3.2;31.0;-30.0;14.4;5.5;76.5;0.0000;-0.0773;-0.0750;101.9750;
1079.23;0;0;0;0;91;207;19;18;19;18;18;1202;329;950;3.2;30.6;-30.0;14.4;5.5;76.5;0.0000;-0.1162;-0.1000;101.5250;
1079.48;0;0;0;0;91;207;19;18;19;18;18;1189;329;948;3.2;30.6;-30.0;14.4;5.5;76.5;0.0000;-0.1581;-0.1250;101.1000;
1079.73;0;0;0;0;91;207;19;17;19;17;18;1174;329;948;3.2;30.6;-30.0;14.4;5.5;76.5;0.0000;-0.2593;-0.2000;100.8500;
1079.98;0;0;0;0;91;207;19;17;19;17;18;1154;329;950;3.2;30.6;-30.0;14.4;5.5;76.5;0.0000;-0.3016;-0.2500;100.7000;
1080.23;0;0;0;0;91;207;19;17;19;17;18;1113;329;950;3.2;30.3;-29.5;14.4;5.5;76.5;0.0000;-0.3280;-0.2250;100.6750;
1080.48;0;0;0;0;91;207;19;17;18;16;18;1138;329;950;3.2;30.3;-30.0;14.4;5.5;76.5;0.0000;-0.3569;-0.2500;100.4750;
1080.73;0;0;0;0;91;207;19;17;18;16;18;1128;329;950;3.2;29.3;-27.0;14.4;5.5;76.5;0.1059;-0.3930;-0.2000;100.4500;
1080.98;0;0;0;0;91;207;19;17;18;16;18;1127;329;948;3.2;28.6;4.5;14.4;5.5;76.5;0.1882;-0.3936;-0.0500;100.1500;
1081.23;0;0;0;0;91;207;19;17;19;16;18;1186;329;948;3.2;28.6;20.5;14.4;5.5;76.5;0.2039;-0.3999;0.0750;100.6000;
1081.48;0;0;0;0;91;207;19;17;19;17;18;1165;329;950;3.2;27.7;51.5;14.4;5.5;76.5;0.2706;-0.4041;0.2250;100.3250;
1081.73;0;0;0;0;91;207;20;18;20;17;19;1212;329;950;3.2;26.1;89.0;14.4;5.5;76.5;0.3882;-0.4025;0.4250;100.6750;
1081.98;0;0;0;0;91;207;21;19;21;18;20;1289;329;950;3.2;26.1;159.0;14.4;5.5;76.5;0.4196;-0.3909;0.9000;100.0000;
1082.23;0;0;0;0;91;207;22;20;22;20;21;1350;329;950;3.2;24.5;174.5;14.4;5.5;76.5;0.4392;-0.3661;1.1000;100.3750;
1082.48;0;0;0;0;91;207;23;21;23;21;22;1447;329;950;3.2;24.5;192.5;14.4;5.5;76.5;0.4588;-0.3267;1.3000;100.4250;
1082.73;0;0;0;0;91;207;24;23;24;23;23;1527;329;950;3.2;22.7;208.0;14.4;5.5;76.5;0.5725;-0.1833;1.5250;101.3250;
1082.98;0;0;0;0;91;207;26;25;26;25;25;1651;329;950;3.2;21.1;235.0;14.4;5.5;76.5;0.6588;-0.1320;1.7000;101.5750;
1083.23;0;0;0;0;91;207;28;27;28;27;27;1758;329;950;3.2;21.1;263.0;14.4;5.5;76.5;0.9098;-0.0953;1.9250;101.8750;
1083.48;0;0;0;0;91;207;30;29;30;29;29;1910;329;950;3.2;20.1;322.0;14.4;5.5;76.5;0.9961;-0.0801;2.1000;101.8750;
1083.75;0;0;0;0;91;207;32;31;32;31;31;2039;329;950;3.2;19.4;347.0;14.4;5.5;76.5;0.9961;-0.0470;2.4000;102.0000;
1084.00;0;0;0;0;91;207;35;35;36;35;35;2283;329;950;3.2;19.4;348.0;14.4;5.5;76.5;0.9961;-0.0163;3.1500;0.3500;
1084.25;0;0;0;0;91;207;38;38;38;38;38;2437;329;950;3.2;19.4;349.5;14.4;5.5;76.5;0.9961;-0.0057;3.3250;0.1000;
1084.50;0;0;0;0;91;207;42;42;42;42;42;2696;329;950;3.2;18.2;348.5;14.4;5.5;76.5;0.9961;-0.0049;3.7250;102.3500;
1084.75;0;0;0;0;91;207;45;45;45;45;44;2862;329;950;3.2;18.0;349.0;14.4;5.5;76.5;0.9961;-0.0047;3.6500;0.1500;
1085.00;0;0;0;0;91;207;48;48;48;48;48;2989;329;950;3.2;18.0;129.5;14.4;5.5;76.5;0.0000;-0.0059;3.5250;102.2000;
1085.25;1;0;0;0;91;207;48;48;48;48;49;2883;329;950;3.2;17.4;-34.5;14.4;5.5;76.5;0.0000;-0.0079;2.5000;102.1250;
1085.50;1;0;0;0;91;207;48;48;48;47;48;2497;329;950;3.2;17.4;-36.0;14.4;5.5;76.5;0.0000;-0.0114;0.4000;102.1500;
1085.75;1;0;0;0;91;207;47;47;47;47;47;2296;329;950;3.2;17.4;5.0;14.4;5.5;76.5;0.1529;-0.0130;-0.4750;102.2000;
1086.00;1;0;0;0;91;207;47;47;48;47;47;1937;329;950;3.2;18.2;166.0;14.4;5.5;76.5;0.4431;-0.0132;-0.1500;101.9500;
1086.25;0;0;0;0;91;207;48;48;48;48;48;1908;329;950;3.2;18.2;189.0;14.4;5.5;76.5;0.4275;-0.0128;0.2500;102.1750;
1086.50;0;0;0;0;91;207;49;49;49;49;49;1931;329;950;3.2;18.6;153.0;14.4;5.5;76.5;0.3686;-0.0118;0.4750;0.0750;
1086.75;0;0;0;0;90;207;49;49;49;49;49;1948;329;950;3.2;19.4;145.0;14.4;5.5;76.5;0.3569;-0.0114;0.5250;0.0750;
1087.00;0;0;0;0;90;207;49;49;49;49;49;1925;329;950;3.2;19.4;-19.5;14.4;5.5;76.5;0.0000;-0.0087;0.0250;102.2250;
1087.25;0;0;0;0;90;207;48;48;48;48;48;1907;329;948;3.2;20.2;-29.5;14.4;5.5;76.5;0.0000;-0.0029;-0.4000;0.1750;
1087.50;0;0;0;0;90;207;47;47;47;47;47;1871;329;950;3.2;21.6;-36.5;14.4;5.5;76.5;0.0000;-0.0009;-0.8000;0.1000;
1087.75;0;0;0;0;90;207;46;46;46;46;47;1839;329;950;3.2;21.6;-36.0;14.4;5.5;76.5;0.0000;0.0001;-0.9750;0.1000;
1088.00;0;0;0;0;90;207;45;45;45;45;45;1799;329;950;3.2;22.8;-36.0;14.4;5.5;76.5;0.0000;0.0013;-1.0250;0.1250;
1088.25;0;0;0;0;90;207;45;45;44;44;45;1770;329;950;3.2;22.8;-35.5;14.4;5.5;76.5;0.0000;0.0014;-1.0250;0.2000;
1088.50;0;0;0;0;90;207;44;44;43;43;44;1730;329;950;3.2;24.2;-35.0;14.4;5.5;76.5;0.0000;0.0036;-1.0250;0.1500;
1088.77;0;0;0;0;90;207;42;42;42;42;43;1699;329;950;3.2;24.2;-34.5;14.4;5.5;76.5;0.0000;0.0038;-1.0000;0.3750;
1089.02;0;0;0;0;90;207;42;42;42;42;42;1659;329;948;3.2;25.3;-34.5;14.4;5.5;76.5;0.0000;0.0036;-1.0500;0.3500;
1089.27;0;0;0;0;90;207;41;41;41;41;41;1631;329;950;3.2;25.3;-34.0;14.4;5.5;76.5;0.0000;0.0031;-0.9250;0.1750;
1089.52;0;0;0;0;90;207;40;40;40;40;40;1595;329;948;3.2;26.4;-34.0;14.4;5.5;76.5;0.0000;0.0036;-0.9250;0.0000;
1089.77;0;0;0;0;91;207;39;39;39;39;39;1559;329;948;3.2;27.0;-33.5;14.4;5.5;76.5;0.0000;0.0034;-0.9250;0.1500;
1090.02;0;0;0;0;91;207;38;38;38;38;38;1522;329;948;3.2;27.0;-33.5;14.4;5.5;76.5;0.0000;0.0034;-1.0000;0.3250;
1090.27;0;0;0;0;91;207;37;37;37;37;37;1499;329;948;3.2;27.0;-33.0;14.4;5.5;76.5;0.0000;0.0034;-1.0250;102.3750;
1090.52;0;0;0;0;91;207;37;37;36;37;37;1455;329;948;3.2;27.8;-32.5;14.4;5.5;76.5;0.0000;0.0036;-0.9250;0.0250;
1090.77;0;0;0;0;91;207;36;36;35;35;36;1430;329;948;3.2;27.8;-32.5;14.4;5.5;76.5;0.0000;0.0036;-0.9250;0.0750;
1091.02;0;0;0;0;91;207;35;35;35;35;35;1390;329;948;3.2;28.5;-19.0;14.4;5.5;76.5;0.1529;0.0038;-0.9750;0.0250;
1091.27;0;0;0;0;91;207;34;34;34;34;34;1386;329;948;3.2;28.5;4.0;14.4;5.5;76.5;0.2078;0.0041;-0.7500;0.1500;
1091.52;0;0;0;0;91;207;34;34;34;34;34;1353;329;948;3.2;28.7;49.0;14.4;5.5;76.5;0.2471;0.0034;-0.5750;0.0500;
1091.77;0;0;0;0;91;207;33;34;33;33;34;1342;329;948;3.2;28.1;63.0;14.4;5.5;76.5;0.2588;0.0044;-0.4250;0.2000;
1092.02;0;0;0;0;91;207;33;34;33;33;34;1341;329;948;3.2;28.1;78.5;14.4;5.5;76.5;0.2667;0.0052;-0.2250;0.0750;
1092.27;0;0;0;0;91;207;33;33;33;33;34;1336;329;948;3.2;27.8;85.0;14.4;5.5;76.5;0.2667;0.0066;-0.1000;0.2500;
1092.52;0;0;0;0;91;207;33;33;33;33;33;1336;329;948;3.2;27.8;87.5;14.4;5.5;76.5;0.2627;0.0080;-0.0500;0.2250;
1092.77;0;0;0;0;91;207;33;34;33;33;33;1337;329;948;3.2;27.5;84.0;14.4;5.5;76.5;0.2510;0.0079;-0.0500;0.1500;
1093.02;0;0;0;0;91;207;33;33;33;33;33;1332;329;948;3.2;27.5;69.0;14.4;5.5;76.5;0.2118;0.0070;-0.1000;0.2500;
1093.27;0;0;0;0;91;207;33;33;33;33;33;1326;329;948;3.2;27.1;47.5;14.4;5.5;76.5;0.2000;0.0064;-0.2000;0.3250;
1093.52;0;0;0;0;91;207;33;33;33;33;33;1307;329;948;3.2;26.9;43.5;14.4;5.5;76.5;0.1961;0.0025;-0.3250;0.2000;
1093.78;0;0;0;0;91;207;32;33;32;32;33;1298;329;948;3.2;26.9;41.0;14.4;5.5;76.5;0.1922;0.0013;-0.3250;0.1000;
1094.03;0;0;0;0;91;207;32;32;32;32;32;1290;329;948;3.2;26.6;39.5;14.4;5.5;76.5;0.1922;-0.0003;-0.3250;0.1000;
1094.28;0;0;0;0;91;207;32;32;32;32;32;1267;329;948;3.2;26.6;36.0;14.4;5.5;76.5;0.1804;-0.0014;-0.4000;0.0750;
1094.53;0;0;0;0;91;207;32;31;32;31;32;1259;329;948;3.2;26.6;34.0;14.4;5.5;76.5;0.1804;-0.0043;-0.4000;0.1500;
1094.78;0;0;0;0;92;207;31;31;31;31;31;1241;329;948;3.2;26.5;33.5;14.4;5.5;76.5;0.1765;-0.0057;-0.4750;0.2000;
1095.03;0;0;0;0;92;207;31;31;31;31;31;1225;329;948;3.2;26.5;32.5;14.4;5.5;76.5;0.1765;-0.0074;-0.4500;0.0750;
1095.28;0;0;0;0;92;207;30;30;30;30;30;1209;329;948;3.2;26.1;31.0;14.4;5.5;76.5;0.1725;-0.0120;-0.4250;0.0000;
1095.53;0;0;0;0;92;207;30;30;30;30;30;1198;329;948;3.2;26.2;31.0;14.4;5.5;76.5;0.1725;-0.0175;-0.4750;0.1500;
1095.78;0;0;0;0;92;207;29;29;29;29;30;1174;329;948;3.2;26.2;31.5;14.4;5.5;76.5;0.1725;-0.0204;-0.4750;102.3250;
1096.03;0;0;0;0;92;207;29;29;29;29;29;1169;329;948;3.2;26.3;32.0;14.4;5.5;76.5;0.1765;-0.0199;-0.4500;102.3000;
1096.28;0;0;0;0;92;207;29;29;29;29;29;1152;329;948;3.2;26.3;34.5;14.4;5.5;76.5;0.1804;-0.0193;-0.3750;102.3000;
1096.53;0;0;0;0;92;207;28;28;28;28;28;1136;329;948;3.2;26.1;34.5;14.4;5.5;76.5;0.1804;-0.0172;-0.4500;0.0000;
1096.78;0;0;0;0;92;207;28;28;28;28;28;1121;329;948;3.2;26.1;34.0;14.4;5.5;76.5;0.1804;-0.0168;-0.4250;0.1500;
1097.03;0;0;0;0;92;207;28;28;28;28;28;1110;329;948;3.2;26.4;35.0;14.4;5.5;76.5;0.1804;-0.0164;-0.4250;0.1750;
1097.28;0;0;0;0;92;207;27;27;27;27;27;1089;329;948;3.2;26.4;35.0;14.4;5.5;76.5;0.1804;-0.0150;-0.4000;0.1250;
1097.53;0;0;0;0;92;207;27;27;27;27;27;1081;329;948;3.2;26.5;35.0;14.4;5.5;76.5;0.1804;-0.0125;-0.4250;0.2750;
1097.78;0;0;0;0;92;207;26;26;26;27;26;1058;329;948;3.2;26.5;36.5;14.4;5.5;76.5;0.1843;-0.0080;-0.5000;0.1250;
1098.03;0;0;0;0;92;207;26;26;26;26;26;1042;329;948;3.2;26.5;40.5;14.4;5.5;76.5;0.2118;-0.0080;-0.4750;0.5750;
1098.28;0;0;0;0;92;207;26;26;26;26;26;1033;329;948;3.2;26.6;53.0;14.4;5.5;76.5;0.2235;-0.0079;-0.4000;0.1250;
1098.53;0;0;0;0;92;207;25;25;25;25;25;1018;329;948;3.2;26.5;58.5;14.4;5.5;76.5;0.2275;-0.0080;-0.3750;0.0250;
1098.80;0;0;0;0;92;207;25;25;25;25;25;1013;329;948;3.2;26.5;65.0;14.4;5.5;76.5;0.2353;-0.0086;-0.2500;0.1250;
1099.05;0;0;0;0;92;207;25;25;25;25;25;1007;329;948;3.2;26.3;73.5;14.4;5.5;76.5;0.2392;-0.0084;-0.2500;0.1500;
1099.30;0;0;0;0;92;207;25;25;25;25;25;1003;329;948;3.2;26.3;86.5;14.4;5.5;76.5;0.2392;-0.0109;-0.1500;0.0000;
1099.55;0;0;0;0;92;207;25;25;25;25;25;1002;329;948;3.2;26.3;90.5;14.4;5.5;76.5;0.2431;-0.0175;-0.1000;102.3500;
1099.80;0;0;0;0;92;207;25;25;25;25;25;1000;329;948;3.2;26.1;92.0;14.4;5.5;76.5;0.2392;-0.0217;-0.1000;0.0250;
1100.05;0;0;0;0;92;207;25;25;25;25;25;1000;329;948;3.2;26.1;91.5;14.4;5.5;76.5;0.2392;-0.0285;-0.0500;102.3000;
1100.30;0;0;0;0;92;207;25;25;25;25;25;1002;329;948;3.2;25.8;82.5;14.4;5.5;76.5;0.2314;-0.0380;0.0750;101.8750;
1100.55;0;0;0;0;92;207;25;25;25;25;25;1001;329;948;3.2;25.6;73.0;14.4;5.5;76.5;0.2275;-0.0692;-0.0750;101.8000;
1100.80;0;0;0;0;92;207;25;24;25;24;25;996;329;948;3.2;25.6;71.5;14.4;5.5;76.5;0.2157;-0.0696;-0.1500;101.8750;
1101.05;0;0;0;0;92;207;25;24;25;24;25;975;329;948;3.2;25.6;21.0;14.4;5.5;76.5;0.0000;-0.0692;-0.1750;101.9500;
1101.30;1;0;0;0;92;207;24;24;24;24;24;929;329;948;3.2;25.1;-15.0;14.4;5.5;76.5;0.0000;-0.0630;-0.5250;102.3000;
1101.55;1;0;0;0;92;207;23;23;24;23;24;895;329;948;3.2;25.0;-8.0;14.4;5.5;76.5;0.0000;-0.0354;-0.5750;102.3750;
1101.80;1;0;0;0;92;207;23;23;23;23;23;880;329;948;3.2;25.0;-6.0;14.4;5.5;76.5;0.0000;-0.0204;-0.7000;0.2000;
1102.05;1;0;0;0;92;207;22;22;22;22;22;878;329;948;3.2;25.2;-4.0;14.4;5.5;76.5;0.0000;-0.0020;-0.6750;0.3750;
1102.30;1;0;0;0;92;207;21;21;21;21;22;951;329;948;3.2;25.2;-30.5;14.4;5.5;76.5;0.0000;0.0125;-0.7250;0.4500;
1102.55;1;0;0;0;92;207;20;21;20;20;21;984;329;948;3.2;25.2;-21.0;14.4;5.5;76.5;0.0549;0.0206;-1.0250;0.4000;
1102.80;1;0;0;0;92;207;19;19;19;19;19;1222;329;948;3.2;25.8;-4.0;14.4;5.5;76.5;0.1059;0.0234;-1.0750;0.5750;
1103.05;1;0;0;0;92;207;19;19;19;19;19;1235;329;948;3.2;25.8;14.5;14.4;5.5;76.5;0.1098;0.0270;-1.0000;0.4000;
1103.30;1;0;0;0;92;207;18;18;18;18;18;1197;329;948;3.2;26.5;20.5;14.4;5.5;76.5;0.1608;0.0433;-0.6000;0.8500;
1103.55;0;0;0;0;92;207;18;18;18;18;18;1177;329;948;3.2;26.4;30.0;14.4;5.5;76.5;0.1922;0.0600;-0.4250;0.6750;
1103.81;0;0;0;0;92;207;18;18;18;18;18;1161;329;948;3.2;26.4;37.0;14.4;5.5;76.5;0.2000;0.0686;-0.3250;0.7500;
1104.06;0;0;0;0;92;207;17;18;17;18;18;1149;329;948;3.2;27.0;43.5;14.4;5.5;76.5;0.2118;0.0723;-0.2250;0.6750;
1104.31;0;0;0;0;92;207;17;18;17;18;18;1143;329;948;3.2;27.2;48.5;14.4;5.5;76.5;0.2039;0.0743;-0.1750;0.7500;
1104.56;0;0;0;0;92;207;17;18;17;17;18;1132;329;948;3.2;27.2;46.0;14.4;5.5;76.5;0.1686;0.0743;-0.1750;0.5500;
1104.81;1;0;0;0;92;207;17;17;17;17;17;1035;329;948;3.2;27.7;-26.0;14.4;5.5;76.5;0.0000;0.0723;-0.4250;0.4000;
1105.06;1;0;0;0;92;207;16;16;16;16;16;908;329;948;3.2;27.7;-5.0;14.4;5.5;76.5;0.0000;0.0715;-0.6500;0.4250;
1105.31;1;0;0;0;92;207;15;16;15;16;16;882;329;948;3.2;28.6;-3.5;14.4;5.5;76.5;0.0000;0.0728;-0.7750;0.5500;
1105.56;1;0;0;0;92;207;14;15;15;15;15;876;329;948;3.2;28.6;-1.0;14.4;5.5;76.5;0.0000;0.0725;-0.7750;0.4250;
1105.81;1;0;0;0;92;207;14;14;14;14;14;875;329;948;3.2;28.8;-1.5;14.4;5.5;76.5;0.0000;0.0715;-0.7750;0.4250;
1106.06;1;0;0;0;92;207;13;13;13;13;13;877;329;948;3.2;28.8;1.0;14.4;5.5;76.5;0.0000;0.0662;-0.7750;0.2500;
1106.31;1;0;0;0;92;207;13;13;13;13;13;883;329;948;3.2;28.8;-1.0;14.4;5.5;76.5;0.0000;0.0136;-0.8000;0.0250;
1106.56;1;0;0;0;92;207;12;12;12;12;12;872;329;948;3.2;28.9;5.0;14.4;5.5;76.5;0.0000;-0.0371;-0.7750;102.2000;
1106.81;1;0;0;0;92;207;11;11;11;11;11;878;329;948;3.2;28.9;4.0;14.4;5.5;76.5;0.0000;-0.0696;-0.7750;102.1500;
1107.06;1;0;0;0;92;207;11;10;11;10;11;881;329;948;3.2;28.4;3.0;14.4;5.5;76.5;0.0000;-0.1028;-0.7750;102.0750;
1107.31;1;0;0;0;92;207;10;10;10;10;10;878;329;948;3.2;27.7;3.0;14.4;5.5;76.5;0.0000;-0.1672;-0.8000;102.0500;
1107.56;1;0;0;0;92;207;10;9;9;9;9;880;329;948;3.2;27.7;3.5;14.4;5.5;76.5;0.0000;-0.2110;-0.8000;101.9500;
1107.81;1;1;0;0;92;207;9;8;9;8;9;882;329;948;3.2;28.0;4.0;14.4;5.5;76.5;0.0000;-0.2684;-0.8000;101.9500;
1108.06;1;1;0;0;92;207;8;7;8;7;8;880;329;948;3.2;28.0;4.0;14.4;5.5;76.5;0.0000;-0.3075;-1.1500;102.1500;
1108.31;1;1;0;0;92;207;7;6;7;6;7;883;329;948;3.2;27.5;2.5;14.4;5.5;76.5;0.0000;-0.3658;-1.1250;102.2250;
1108.56;1;1;0;0;92;207;6;5;6;5;6;881;329;948;3.2;27.5;3.0;14.4;5.5;76.5;0.0000;-0.3813;-1.3750;0.0250;
1108.82;1;1;0;0;92;207;5;4;5;4;5;884;329;948;3.2;27.5;0.0;14.4;5.5;76.5;0.0000;-0.3844;-0.8250;0.1250;
1109.07;1;0;0;0;92;207;4;4;4;4;4;879;329;948;3.2;27.9;2.5;14.4;5.5;76.5;0.0000;-0.3867;-0.6750;0.0750;
1109.32;1;0;0;0;92;207;4;3;4;3;3;928;329;948;3.2;27.9;24.0;14.4;5.5;76.5;0.0000;-0.4111;-0.6750;0.1500;
1109.57;1;0;0;0;92;207;3;3;3;3;3;944;329;948;3.2;27.4;8.0;14.4;5.5;76.5;0.0000;-0.4113;-0.5500;0.3750;
1109.82;1;0;0;0;91;207;3;3;3;3;3;934;329;948;3.2;27.4;16.5;14.4;5.5;76.5;0.0000;-0.4113;-0.4000;0.3250;
1110.07;1;0;0;0;92;207;3;2;3;2;3;933;329;948;3.2;27.0;24.5;14.4;5.5;76.5;0.0039;-0.4111;-0.2000;0.3250;
1110.32;1;0;0;0;92;207;3;3;3;2;3;944;329;948;3.2;27.1;26.5;14.4;5.5;76.5;0.0078;-0.4111;-0.0750;0.4000;
1110.57;1;0;0;0;92;207;3;2;3;2;3;954;329;948;3.2;27.1;26.0;14.4;5.5;76.5;0.0157;-0.4109;-0.1250;0.4750;
1110.82;1;0;0;0;92;207;3;2;2;2;2;962;329;948;3.2;26.9;27.0;14.4;5.5;76.5;0.0510;-0.4111;-0.1750;0.4500;
1111.07;1;0;0;0;92;207;2;2;2;2;2;957;329;948;3.2;26.9;39.0;14.4;5.5;76.5;0.0863;-0.4111;-0.1500;0.4500;
1111.32;1;0;0;0;92;207;2;2;2;2;2;967;329;948;3.2;26.8;45.0;14.4;5.5;76.5;0.0980;-0.4126;-0.1000;0.2000;
1111.57;1;0;0;0;92;207;2;2;2;2;2;984;329;948;3.2;26.9;42.0;14.4;5.5;76.5;0.0980;-0.4128;-0.0250;0.0750;
1111.82;1;0;0;0;92;207;2;2;2;2;2;986;329;948;3.2;26.9;41.5;14.4;5.5;76.5;0.0980;-0.4126;-0.0250;0.1000;
1112.07;1;0;0;0;92;207;2;2;2;2;2;984;329;948;3.2;26.7;40.0;14.4;5.5;76.5;0.0902;-0.4118;-0.0250;102.3750;
1112.32;1;0;0;0;92;207;3;2;2;2;2;1019;329;948;3.2;26.2;25.0;14.4;5.5;76.5;0.0902;-0.4113;0.0750;102.3250;
1112.57;1;0;0;0;92;207;2;2;2;2;2;1054;329;946;3.2;26.2;6.0;14.4;5.5;76.5;0.0902;-0.4121;-0.2250;0.3250;
1112.82;1;0;0;0;92;207;2;1;2;2;2;991;329;946;3.2;26.4;9.5;14.4;5.5;76.5;0.0941;-0.4128;-0.3500;102.2250;
1113.07;1;0;0;0;92;207;2;1;2;2;1;967;329;948;3.2;26.4;57.5;14.4;5.5;76.5;0.1333;-0.4128;-0.2000;0.0000;
1113.32;1;0;0;0;92;207;2;2;2;8;3;1007;329;948;3.2;26.1;55.5;14.4;5.5;76.5;0.1569;-0.4111;0.2000;101.8000;
1113.57;1;0;0;0;92;207;2;2;2;2;2;1051;329;948;3.2;26.1;70.0;14.4;5.5;76.5;0.1961;-0.4101;0.0250;102.2750;
1113.84;1;0;0;0;91;207;2;2;2;2;2;1099;329;948;3.2;25.2;76.5;14.3;5.5;76.5;0.2118;-0.4093;0.0500;101.9750;
1114.09;1;0;0;0;92;207;3;3;3;2;3;1095;329;948;3.2;25.1;76.0;14.3;5.5;76.5;0.2000;-0.4091;0.3750;101.9500;
1114.34;1;0;0;0;92;207;4;3;3;3;3;1088;329;946;3.2;25.1;80.0;14.4;5.5;76.5;0.2000;-0.4096;0.5000;102.0500;
1114.59;1;0;0;0;92;207;4;4;4;3;4;1090;329;948;3.2;24.2;83.0;14.4;5.5;76.5;0.2000;-0.4113;0.5250;101.8750;
1114.84;1;0;0;0;92;207;5;4;5;4;4;1087;329;948;3.2;24.2;82.5;14.4;5.5;76.5;0.2000;-0.4116;0.5250;101.9250;
1115.09;1;0;0;0;92;207;6;5;6;5;5;1083;329;948;3.2;23.4;85.5;14.4;5.5;76.5;0.2000;-0.4129;0.6000;101.7250;
1115.34;1;0;0;0;92;207;6;5;6;5;6;1074;329;946;3.2;22.6;91.0;14.4;5.5;76.5;0.2000;-0.4360;0.8250;101.2750;
1115.59;1;0;0;0;92;207;7;6;7;6;6;1081;329;948;3.2;22.6;101.5;14.4;5.5;76.5;0.2078;-0.4478;0.6000;100.6500;
1115.84;1;0;0;0;92;207;8;7;7;7;7;1092;329;948;3.2;22.0;100.5;14.4;5.5;76.5;0.2118;-0.4527;0.5500;101.6000;
1116.09;1;0;0;0;92;207;9;7;8;7;8;1089;329;948;3.2;21.0;108.0;14.4;5.5;76.5;0.2078;-0.4630;0.6750;101.5000;
1116.34;1;0;0;0;92;207;9;8;9;8;8;1091;329;948;3.2;21.0;109.5;14.4;5.5;76.5;0.2078;-0.4851;0.7750;101.3000;
1116.59;1;0;0;0;92;207;10;9;10;9;9;1122;329;948;3.2;20.9;96.0;14.4;5.5;76.5;0.2118;-0.4864;0.8250;101.1500;
1116.84;1;0;0;0;92;207;11;9;11;9;10;1166;329;948;3.2;20.9;70.5;14.4;5.5;76.5;0.2235;-0.4864;0.6500;101.3750;
1117.09;1;0;0;0;92;207;11;10;11;9;10;1247;328;948;3.2;19.6;79.0;14.4;5.5;76.5;0.2549;-0.4807;0.2750;101.7250;
1117.34;0;0;0;0;92;207;11;10;11;10;10;1256;328;948;3.2;18.8;83.5;14.4;5.5;76.5;0.2588;-0.4125;0.5000;101.7000;
1117.59;0;0;0;0;92;207;12;11;12;10;11;1353;328;948;3.2;18.8;80.5;14.4;5.5;76.5;0.2588;-0.3590;0.4750;102.1250;
1117.84;0;0;0;0;92;207;12;11;12;11;11;1382;328;948;3.2;18.8;83.5;14.4;5.5;76.5;0.2588;-0.3038;0.5500;102.0750;
1118.09;0;0;0;0;92;207;13;12;12;12;12;1465;328;948;3.2;19.0;81.5;14.4;5.5;76.5;0.2549;-0.2547;0.5750;102.0750;
1118.34;0;0;0;0;92;207;13;12;13;12;12;1511;328;948;3.2;18.6;77.5;14.4;5.5;76.5;0.2510;-0.1641;0.5750;102.3000;
1118.59;0;0;0;0;92;207;13;13;13;13;13;1580;328;948;3.2;18.6;68.0;14.4;5.5;76.5;0.2235;-0.1342;0.5500;102.3750;
1118.85;0;0;0;0;92;207;14;13;14;13;13;1611;328;948;3.2;18.6;60.0;14.4;5.5;76.5;0.2157;-0.1094;0.3750;102.3250;
1119.10;0;0;0;0;92;207;14;14;14;14;14;1641;328;946;3.2;18.9;43.0;14.4;5.5;76.5;0.1804;-0.0812;0.3250;102.3500;
1119.35;0;0;0;0;92;207;14;13;14;13;14;1631;328;946;3.2;18.9;29.0;14.4;5.5;76.5;0.1569;-0.0644;0.0250;0.1250;
1119.60;0;0;0;0;92;207;13;13;13;13;13;1586;328;948;3.2;19.4;10.5;14.4;5.5;76.5;0.1137;-0.0410;-0.2500;0.2750;
1119.85;0;0;0;0;92;207;13;13;13;13;13;1544;328;948;3.2;19.4;7.5;14.4;5.5;76.5;0.1137;-0.0236;-0.5000;0.2750;
1120.10;0;0;0;0;92;207;12;12;12;12;12;1470;328;946;3.2;20.2;6.5;14.4;5.5;76.5;0.1255;-0.0059;-0.5750;0.2500;
1120.35;0;0;0;0;92;207;12;12;12;12;12;1420;328;948;3.2;21.3;9.0;14.4;5.5;76.5;0.1412;-0.0007;-0.5750;0.3500;
1120.60;0;0;0;0;92;207;11;11;11;11;11;1353;328;946;3.2;21.3;17.5;14.4;5.5;76.5;0.1608;0.0007;-0.5500;0.2750;
1120.85;0;0;0;0;92;207;11;11;11;11;11;1316;328;946;3.2;21.7;21.5;14.4;5.5;76.5;0.1608;0.0049;-0.4500;0.3500;
1121.10;0;0;0;0;92;207;10;11;10;10;10;1265;328;948;3.2;22.6;23.0;14.4;5.5;76.5;0.1608;0.0582;-0.4250;0.4500;
1121.35;0;0;0;0;92;207;10;10;10;10;10;1227;328;946;3.2;22.6;24.5;14.4;5.5;76.5;0.1608;0.0785;-0.4000;0.4500;
1121.60;0;0;0;0;92;207;10;10;10;10;10;1189;328;948;3.2;23.5;31.5;14.4;5.5;76.5;0.2000;0.0733;-0.4500;0.3750;
1121.85;0;0;0;0;92;207;9;10;9;10;10;1173;328;946;3.2;23.5;36.5;14.4;5.5;76.5;0.2000;0.0664;-0.2500;0.3750;
1122.10;0;0;0;0;92;207;9;9;9;9;10;1158;328;946;3.2;24.0;39.5;14.4;5.5;76.5;0.1961;-0.0268;-0.1750;102.3750;
1122.35;0;0;0;0;92;207;10;9;10;9;9;1150;328;948;3.2;24.0;40.0;14.4;5.5;76.5;0.1961;-0.1222;-0.1500;102.0750;
1122.60;0;0;0;0;92;207;10;9;10;9;9;1105;328;946;3.2;24.3;6.5;14.4;5.5;76.5;0.0000;-0.2308;-0.1750;101.9000;
1122.85;1;0;0;0;92;207;9;8;9;8;8;984;328;946;3.2;24.3;-23.0;14.4;5.5;76.5;0.0000;-0.3064;-0.7750;102.2250;
1123.10;1;0;0;0;92;207;8;7;8;7;8;890;328;948;3.2;25.0;-3.0;14.4;5.5;76.5;0.0000;-0.4187;-0.9750;102.2000;
1123.35;1;0;0;0;92;207;7;6;7;6;6;873;328;946;3.2;25.3;3.0;14.4;5.5;76.5;0.0000;-0.5072;-1.0750;102.2750;
1123.60;1;0;0;0;92;207;6;5;6;5;6;875;328;946;3.2;25.3;4.5;14.4;5.5;76.5;0.0000;-0.5884;-1.1750;0.0000;
1123.87;1;0;0;0;92;207;5;4;5;4;5;879;328;946;3.2;25.9;4.0;14.4;5.5;76.5;0.0000;-0.6604;-1.0500;0.3750;
1124.12;1;0;0;0;92;207;5;4;4;3;4;921;328;946;3.2;26.2;25.5;14.4;5.5;76.5;0.0000;-0.7425;-0.8750;0.4500;
1124.37;1;0;0;0;92;207;4;3;4;3;3;945;328;948;3.2;26.2;10.0;14.4;5.5;76.5;0.0000;-0.7824;-0.6750;0.5500;
1124.62;1;0;0;0;92;207;4;3;3;2;3;939;328;946;3.2;26.1;15.5;14.4;5.5;76.5;0.0000;-0.8185;-0.5500;0.4500;
1124.87;1;0;0;0;92;207;3;3;3;2;3;940;328;946;3.2;26.1;23.0;14.4;5.5;76.5;0.0000;-0.8561;-0.4000;0.5000;
1125.12;1;0;0;0;92;207;3;2;3;2;3;936;328;946;3.2;26.3;28.0;14.4;5.5;76.5;0.0000;-0.9114;-0.2500;0.5000;
1125.37;1;0;0;0;92;207;3;2;3;2;3;953;328;948;3.2;26.6;25.0;14.4;5.5;76.5;0.0000;-0.9325;-0.1250;0.5750;
1125.62;1;0;0;0;92;207;3;2;3;2;3;991;328;946;3.2;26.6;0.0;14.4;5.5;76.5;0.0000;-0.9408;-0.2000;0.7250;
1125.87;1;0;0;0;92;207;3;2;2;1;2;946;328;946;3.2;26.5;10.0;14.4;5.5;76.5;0.0000;-0.9444;-0.2750;0.7000;
1126.12;1;0;0;0;92;207;2;2;2;1;2;944;328;946;3.2;26.5;14.0;14.4;5.5;76.5;0.0000;-0.9416;-0.2250;0.7500;
1126.37;1;0;0;0;92;207;2;2;2;1;2;948;328;946;3.2;26.9;13.5;14.4;5.5;76.5;0.0000;-0.9367;-0.0750;0.7500;
1126.62;1;0;0;0;92;207;2;2;2;1;2;943;328;948;3.2;26.9;16.5;14.4;5.5;76.5;0.0000;-0.9309;-0.1000;0.7250;
1126.87;1;0;0;0;92;207;3;2;2;1;2;941;328;946;3.2;27.4;22.0;14.4;5.5;76.5;0.0000;-0.9167;0.1000;0.7500;
1127.12;1;0;0;0;92;207;3;2;3;2;2;944;328;946;3.2;27.4;23.0;14.4;5.5;76.5;0.0000;-0.8604;0.2000;0.9250;
1127.37;1;0;0;0;92;207;3;2;2;2;2;954;328;946;3.2;27.4;17.0;14.4;5.5;76.5;0.0000;-0.8622;0.0250;1.0250;
1127.62;1;0;0;0;92;207;2;2;2;1;2;948;328;946;3.2;27.6;19.5;14.4;5.5;76.5;0.0000;-0.8619;-0.1250;0.7750;
1127.87;1;0;0;0;92;207;3;2;2;2;2;941;328;946;3.2;27.6;24.5;14.4;5.5;76.5;0.0000;-0.8492;-0.0500;0.7750;
1128.12;1;0;0;0;92;207;3;2;2;2;2;941;328;948;3.2;27.9;27.5;14.4;5.5;76.5;0.0000;-0.7517;0.1500;0.5750;
1128.37;1;0;0;0;92;207;3;2;2;2;2;959;328;946;3.2;27.3;20.5;14.4;5.5;76.5;0.0000;-0.7476;0.0500;101.9000;
1128.62;1;0;0;0;92;207;2;2;2;2;2;946;328;946;3.2;27.3;23.5;14.4;5.5;76.5;0.0000;-0.7338;-0.0750;1.3750;
1128.88;1;0;0;0;92;207;3;2;2;2;2;948;328;946;3.2;27.7;25.0;14.4;5.5;76.5;0.0000;-0.7316;-0.0750;0.6750;
1129.13;1;0;0;0;92;207;3;2;2;2;2;946;328;946;3.2;27.7;26.5;14.4;5.5;76.5;0.0000;-0.7230;-0.0250;0.6000;
1129.38;1;0;0;0;92;207;3;2;3;2;2;952;328;946;3.2;27.7;26.0;14.4;5.5;76.5;0.0000;-0.7144;0.0500;0.5750;
1129.63;1;0;0;0;92;207;3;2;3;2;3;957;328;946;3.2;27.4;23.5;14.4;5.5;76.5;0.0000;-0.6924;0.1750;0.7000;
1129.88;1;0;0;0;92;207;3;2;3;2;3;921;328;946;3.2;27.7;-12.0;14.4;5.5;76.5;0.0000;-0.6452;0.0500;0.7750;
1130.13;1;0;0;0;92;207;3;3;3;2;3;893;328;946;3.2;27.7;0.5;14.4;5.5;76.5;0.0000;-0.5485;0.1250;1.1500;
1130.38;1;0;0;0;92;207;4;3;4;3;3;886;328;946;3.2;27.7;-2.5;14.4;5.5;76.5;0.0000;-0.5244;0.4000;1.1250;
1130.63;1;0;0;0;92;207;4;3;4;3;3;878;328;946;3.2;27.4;0.5;14.4;5.5;76.5;0.0000;-0.5115;0.3500;1.4000;
1130.88;1;0;0;0;92;207;4;4;4;3;4;881;328;946;3.2;27.8;0.0;14.4;5.5;76.5;0.0000;-0.4868;0.3750;0.4750;
1131.13;1;0;0;0;92;207;4;4;4;3;4;884;328;946;3.2;27.8;0.0;14.4;5.5;76.5;0.0000;-0.3991;0.1750;0.2000;
1131.38;1;0;0;0;92;207;4;4;4;4;4;882;328;946;3.2;27.9;-0.5;14.4;5.5;76.5;0.0000;-0.3676;0.1500;0.7250;
1131.63;1;1;0;0;92;207;4;4;4;4;4;882;328;946;3.2;27.9;-1.0;14.4;5.5;76.5;0.0000;-0.3670;-0.2750;0.4500;
1131.88;1;1;0;0;92;207;4;3;4;3;4;876;328;946;3.2;28.0;0.0;14.4;5.5;76.5;0.0000;-0.3743;-0.4500;0.5000;
1132.13;1;1;0;0;92;207;4;3;4;3;3;875;328;946;3.2;28.8;2.0;14.4;5.5;76.5;0.0000;-0.4480;-0.0250;0.3750;
1132.38;1;1;0;0;92;207;3;3;3;3;3;881;328;946;3.2;28.8;1.0;14.4;5.5;76.5;0.0000;-0.4922;-0.6000;0.6000;
1132.63;1;1;0;0;92;207;3;2;3;2;2;883;328;946;3.2;30.0;1.5;14.4;5.5;76.5;0.0000;-0.5008;-0.5750;0.7500;
1132.88;1;1;0;0;92;207;2;2;2;2;2;883;328;946;3.2;30.4;-0.5;14.4;5.5;76.5;0.0000;-0.4946;-0.3250;0.7500;
1133.13;1;1;0;0;92;207;2;2;2;2;2;881;328;946;3.2;30.4;0.0;14.4;5.5;76.5;0.0000;-0.4939;-0.1250;0.5000;
1133.38;1;1;0;0;92;207;2;1;2;1;1;879;328;946;3.2;31.4;-0.5;14.4;5.5;76.5;0.0000;-0.4934;-0.4500;0.4000;
1133.63;1;1;0;0;92;207;1;1;1;1;1;834;328;946;3.2;31.4;-2.0;14.4;5.5;76.5;0.0000;-0.4934;-0.5000;0.6750;
1133.90;1;1;0;0;92;207;0;0;0;0;0;834;328;946;3.2;32.7;-1.0;14.4;5.5;76.5;0.0000;-0.4904;-0.6500;0.5500;
1134.15;1;1;0;0;92;207;0;0;0;0;0;832;327;946;3.2;33.4;-2.0;14.4;5.5;76.5;0.0000;-0.4849;-0.1250;0.5250;
1134.40;1;1;0;0;92;207;0;0;0;0;0;830;327;946;3.2;33.4;-2.5;14.4;5.5;76.5;0.0000;-0.4746;-0.2000;0.5000;
1134.65;1;1;0;0;92;207;0;0;0;0;0;832;327;946;3.2;33.4;-2.0;14.4;5.5;76.5;0.0000;-0.4705;-0.2000;0.5000;
1134.90;1;1;0;0;92;207;0;0;0;0;0;830;327;946;3.2;33.9;-2.0;14.4;5.5;76.5;0.0000;-0.4703;-0.0500;0.4750;
1135.15;1;1;0;0;92;207;0;0;0;0;0;832;327;946;3.2;34.4;-2.5;14.4;5.5;76.5;0.0000;-0.4701;-0.0500;0.4750;
1135.40;1;1;0;0;92;207;0;0;0;0;0;830;327;946;3.2;34.4;-2.5;14.4;5.5;76.5;0.0000;-0.4701;-0.0250;0.4750;
1135.65;1;1;0;0;92;207;0;0;0;0;0;830;327;946;3.2;34.8;-1.5;14.4;5.5;76.5;0.0000;-0.4701;0.0000;0.4750;
1135.90;1;1;0;0;92;207;0;0;0;0;0;831;327;946;3.2;35.4;-2.5;14.4;5.5;76.5;0.0000;-0.4700;-0.0250;0.4750;
1136.15;1;1;0;0;92;207;0;0;0;0;0;830;327;946;3.2;35.4;-1.5;14.4;5.5;76.5;0.0000;-0.4700;0.0000;0.4250;
1136.40;1;1;0;0;92;207;0;0;0;0;0;831;327;946;3.2;34.9;-2.0;14.4;5.5;76.5;0.0000;-0.4699;0.0000;0.5250;
1136.65;1;1;0;0;92;207;0;0;0;0;0;830;327;946;3.2;34.9;-2.0;14.4;5.5;76.5;0.0000;-0.4699;0.0000;0.4750;
1136.90;1;0;0;0;92;207;0;0;0;0;0;831;327;946;3.2;34.5;-2.5;14.4;5.5;76.5;0.0000;-0.4699;0.0000;0.4500;
1137.15;1;0;0;0;92;207;0;0;0;0;0;831;327;946;3.2;34.8;-2.0;14.4;5.5;76.5;0.0000;-0.4699;0.0000;0.4750;
1137.40;1;0;0;0;92;207;0;0;0;0;0;830;327;946;3.2;34.8;-2.0;14.4;5.5;76.5;0.0000;-0.4699;0.0000;0.4250;
1137.65;1;0;0;0;92;207;0;0;0;0;0;829;327;946;3.2;34.4;-2.5;14.4;5.5;76.5;0.0000;-0.4699;0.0000;0.4250;
1137.90;1;0;0;0;92;207;0;0;0;0;0;831;327;946;3.2;33.8;-2.0;14.4;5.5;76.5;0.0000;-0.4699;0.0000;0.4500;
1138.15;1;0;0;0;92;207;0;0;0;0;0;830;327;946;3.2;33.8;-2.0;14.4;5.5;76.5;0.0000;-0.4699;0.0000;0.4250;
1138.40;1;0;0;0;92;207;0;0;0;0;0;829;327;946;3.2;33.9;-2.0;14.4;5.5;76.5;0.0000;-0.4699;0.0000;0.4500;
1138.65;1;0;0;0;92;207;0;0;0;0;0;831;327;946;3.2;33.9;-2.0;14.4;5.5;76.5;0.0000;-0.4699;0.0000;0.4750;
