time(s);clutchPressed;brakePressed;steeringWheelButtons;gearAct;engineTemp;oilTemp;wheel1;wheel2;wheel3;wheel4;speed;engineRpm;range;airPressEngine;fuelLevel1;fuelLevel2;engineTorque;batteryVoltage;avgCons;avgSpeed;throttlePercent;steeringPos;accelLong;accelCross;
0.55;0;0;0;0;0;0;0;0;0;0;0;262;0;0;0.0;0.0;0.0;0.0;0.0;0.0;0.0000;0.0000;0.0000;0.0000;
0.80;1;0;0;0;1;CF;0;0;0;0;0;4CB;0;3B4;3.2;36.0;86.0;0.0;0.0;0.0;0.0000;-0.2049;0.0000;0.3250;
1.05;1;0;0;0;1;CF;0;0;0;0;0;4E1;0;3B4;3.2;36.0;38.5;0.0;0.0;0.0;0.0000;-0.2049;0.0000;0.4000;
1.30;1;0;0;0;1;CF;0;0;0;0;0;4AF;0;3B4;3.2;36.0;44.5;0.0;0.0;0.0;0.0000;-0.2049;0.0000;0.3750;
1.55;1;0;0;0;1;CF;0;0;0;0;0;484;0;3B4;3.2;36.0;46.5;0.0;0.0;0.0;0.0000;-0.2049;0.0000;0.3500;
1.80;1;0;0;0;1;CF;0;0;0;0;0;46F;0;3B4;3.2;36.0;45.5;11.5;0.0;0.0;0.0000;-0.2049;0.0000;0.4250;
2.05;1;0;0;0;1;CF;0;0;0;0;0;446;0;3B4;3.2;36.0;44.5;11.5;0.0;0.0;0.0000;-0.2049;0.0000;0.4750;
2.30;1;0;0;0;1;CF;0;0;0;0;0;444;0;3B4;3.2;36.0;40.5;11.5;0.0;0.0;0.0000;-0.2049;0.0000;0.4750;
2.55;1;0;0;0;1;CF;0;0;0;0;0;41F;0;3B4;3.2;36.0;42.0;11.5;0.0;0.0;0.0000;-0.2049;0.0000;0.4750;
2.80;1;0;0;0;1;CF;0;0;0;0;0;40A;0;3B4;3.2;36.0;42.5;11.5;0.0;0.0;0.0000;-0.2049;0.0000;0.4250;
3.05;1;0;0;0;1;CF;0;0;0;0;0;3EC;0;3B4;3.2;36.0;41.5;11.7;0.0;0.0;0.0000;-0.2049;0.0000;0.4750;
3.30;1;0;0;0;1;CF;0;0;0;0;0;3DD;0;3B4;3.2;35.9;47.0;11.7;0.0;0.0;0.0000;-0.2049;0.0000;0.4000;
3.55;1;0;0;0;1;CF;0;0;0;0;0;3D5;0;3B4;3.2;35.9;47.0;12.0;0.0;0.0;0.0000;-0.2049;0.0000;0.4000;
3.80;1;0;0;0;1;CF;0;0;0;0;0;3E3;0;3B4;3.2;35.9;47.0;12.0;0.0;0.0;0.0000;-0.2049;0.0000;0.4500;
4.05;1;0;0;0;1;CF;0;0;0;0;0;3DB;0;3B4;3.2;35.9;42.5;12.0;0.0;0.0;0.0000;-0.2049;0.0000;0.4000;
4.30;1;0;0;0;1;CF;0;0;0;0;0;3E9;0;3B4;3.2;35.9;39.0;12.0;0.0;0.0;0.0000;-0.2049;0.0000;0.4500;
4.55;1;0;0;0;1;CF;0;0;0;0;0;3E6;162;3B4;3.2;35.9;36.0;14.4;0.0;0.0;0.0000;-0.2049;0.0000;0.4250;
4.80;1;0;0;0;1;CF;0;0;0;0;0;3EB;162;3B4;3.2;35.9;31.0;14.6;0.0;0.0;0.0000;-0.2049;0.0000;0.4250;
5.05;1;0;0;0;1;CF;0;0;0;0;0;3DD;162;3B4;3.2;35.9;33.0;14.6;0.0;0.0;0.0000;-0.2049;0.0000;0.4750;
5.30;1;0;0;0;1;CF;0;0;0;0;0;3DA;162;3B4;3.2;35.9;32.0;14.6;0.0;0.0;0.0000;-0.2049;0.0000;0.4500;
5.57;1;0;0;0;1;CF;0;0;0;0;0;3E3;162;3B4;3.2;35.9;29.5;14.6;5.5;76.8;0.0000;-0.2049;0.0000;0.4500;
5.82;1;0;0;0;1;CF;0;0;0;0;0;3DE;162;3B4;3.2;35.9;28.5;14.6;5.5;76.8;0.0000;-0.2049;0.0000;0.4250;
6.07;1;0;0;0;1;CF;0;0;0;0;0;3DE;162;3B4;3.2;35.9;28.0;14.6;5.5;76.8;0.0000;-0.2049;0.0000;0.4000;
6.32;1;0;0;0;1;CF;0;0;0;0;0;3DC;162;3B4;3.2;35.9;28.0;14.6;5.5;76.8;0.0000;-0.2049;0.0000;0.4750;
6.57;1;0;0;0;1;CF;0;0;0;0;0;3E0;162;3B4;3.2;35.9;26.5;14.6;5.5;76.8;0.0000;-0.2049;0.0000;0.4250;
6.82;1;0;0;0;1;CF;0;0;0;0;0;3DE;162;3B4;3.2;35.9;25.0;14.6;5.5;76.8;0.0000;-0.2049;0.0000;0.4250;
7.07;1;0;0;0;1;CF;0;0;0;0;0;3D7;162;3B4;3.2;35.9;27.0;14.6;5.5;76.8;0.0000;-0.2049;0.0000;0.4250;
7.32;1;0;0;0;1;CF;0;0;0;0;0;3DA;162;3B4;3.2;35.9;27.5;14.6;5.5;76.8;0.0000;-0.2049;0.0000;0.4250;
7.57;1;0;0;0;1;CF;0;0;0;0;0;3DA;162;3B4;3.2;35.9;27.5;14.5;5.5;76.8;0.0000;-0.2049;0.0000;0.4750;
7.82;1;0;0;0;1;CF;0;0;0;0;0;3DD;162;3B4;3.2;35.9;25.5;14.5;5.5;76.8;0.0000;-0.2049;0.0000;0.4250;
8.07;1;0;0;0;1;CF;0;0;0;0;0;3DC;162;3B4;3.2;35.9;25.5;14.5;5.5;76.8;0.0000;-0.2049;0.0000;0.4500;
8.32;1;0;0;0;1;CF;0;0;0;0;0;3DC;162;3B4;3.2;35.9;25.5;14.5;5.5;76.8;0.0000;-0.2049;0.0000;0.4250;
8.57;1;0;0;0;1;CF;0;0;0;0;0;3DB;162;3B4;3.2;35.9;25.5;14.5;5.5;76.8;0.0000;-0.2049;0.0000;0.4500;
8.82;1;0;0;0;1;CF;0;0;0;0;0;3DA;162;3B4;3.2;35.9;25.0;14.5;5.5;76.8;0.0000;-0.2049;0.0000;0.4250;
9.07;1;0;0;0;1;CF;0;0;0;0;0;3DD;162;3B4;3.2;35.9;23.5;14.5;5.5;76.8;0.0000;-0.2049;0.0000;0.4250;
9.32;1;0;0;0;1;CF;0;0;0;0;0;3D3;162;3B4;3.2;35.9;25.5;14.5;5.5;76.8;0.0000;-0.2049;0.0000;0.4250;
9.57;1;0;0;0;1;CF;0;0;0;0;0;3DD;162;3B4;3.2;35.9;24.0;14.5;5.5;76.8;0.0000;-0.2049;0.0000;0.4500;
9.82;1;0;0;0;1;CF;0;0;0;0;0;3DD;162;3B4;3.2;35.9;22.5;14.5;5.5;76.8;0.0000;-0.2049;0.0000;0.4750;
10.07;1;0;0;0;1;CF;0;0;0;0;0;3D9;162;3B4;3.2;35.9;23.0;14.5;5.5;76.8;0.0000;-0.2049;0.0000;0.4000;
10.32;1;0;0;0;1;CF;0;0;0;0;0;3DB;162;3B4;3.2;35.9;23.0;14.5;5.5;76.8;0.0000;-0.2049;0.0000;0.4250;
10.59;1;0;0;0;1;CF;0;0;0;0;0;3DF;162;3B4;3.2;35.9;21.0;14.5;5.5;76.8;0.0000;-0.2049;0.0000;0.4500;
10.84;1;0;0;0;2;CF;0;0;0;0;0;3D8;162;3B4;3.2;35.9;21.0;14.5;5.5;76.8;0.0000;-0.2049;0.0000;0.4250;
11.09;1;0;0;0;2;CF;0;0;0;0;0;3D6;162;3B4;3.2;35.9;22.5;14.5;5.5;76.8;0.0000;-0.2049;0.0000;0.4500;
11.34;1;0;0;0;2;CF;0;0;0;0;0;3D9;162;3B4;3.2;35.9;21.0;14.5;5.5;76.8;0.0000;-0.2049;0.0000;0.4250;
11.59;1;0;0;0;2;CF;0;0;0;0;0;3DD;162;3B4;3.2;35.9;20.5;14.5;5.5;76.8;0.0000;-0.2049;0.0000;0.4500;
11.84;1;0;0;0;2;CF;0;0;0;0;0;3DB;162;3B4;3.2;35.9;18.5;14.5;5.5;76.8;0.0000;-0.2049;0.0000;0.4500;
12.09;1;0;0;0;2;CF;0;0;0;0;0;3D4;162;3B4;3.2;35.9;22.0;14.5;5.5;76.8;0.0000;-0.2049;0.0000;0.4250;
12.34;1;0;0;0;2;CF;0;0;0;0;0;3D9;162;3B4;3.2;35.9;20.0;14.5;5.5;76.8;0.0000;-0.2049;0.0000;0.4500;
12.59;1;0;0;0;2;CF;0;0;0;0;0;3D9;162;3B4;3.2;35.9;20.0;14.5;5.5;76.8;0.0000;-0.2049;0.0000;0.4500;
12.84;1;0;0;0;2;CF;0;0;0;0;0;3D7;162;3B4;3.2;35.9;19.5;14.5;5.5;76.8;0.0000;-0.2049;0.0000;0.4250;
13.09;1;0;0;0;2;CF;0;0;0;0;0;3D5;162;3B4;3.2;35.9;21.5;14.5;5.5;76.8;0.0000;-0.2049;0.0000;0.4500;
13.34;1;0;0;0;2;CF;0;0;0;0;0;3D9;162;3B4;3.2;35.9;20.5;14.5;5.5;76.8;0.0000;-0.2049;0.0000;0.4250;
13.59;1;0;0;0;2;CF;0;0;0;0;0;3DC;162;3B4;3.2;35.9;18.5;14.5;5.5;76.8;0.0000;-0.2049;0.0000;0.4250;
13.84;1;0;0;0;2;CF;0;0;0;0;0;3D5;162;3B4;3.2;35.9;20.0;14.5;5.5;76.8;0.0000;-0.2049;0.0000;0.4500;
14.09;1;0;0;0;2;CF;0;0;0;0;0;3D9;162;3B4;3.2;35.9;20.0;14.5;5.5;76.8;0.0000;-0.2049;0.0000;0.4250;
14.34;1;0;0;0;2;CF;0;0;0;0;0;3D9;162;3B4;3.2;35.9;18.0;14.5;5.5;76.8;0.0000;-0.2049;0.0000;0.4750;
14.59;1;0;0;0;2;CF;0;0;0;0;0;3D5;162;3B4;3.2;35.9;18.5;14.5;5.5;76.8;0.0000;-0.2049;0.0000;0.4500;
14.84;1;0;0;0;2;CF;0;0;0;0;0;3DD;162;3B4;3.2;35.9;16.5;14.5;5.5;76.8;0.0000;-0.2049;0.0000;0.4500;
15.09;1;0;0;0;2;CF;0;0;0;0;0;3D3;162;3B4;3.2;35.9;18.0;14.5;5.5;76.8;0.0000;-0.2049;0.0000;0.4500;
15.34;1;0;0;0;2;CF;0;0;0;0;0;3D8;162;3B4;3.2;35.9;18.0;14.5;5.5;76.8;0.0000;-0.2049;0.0000;0.4500;
15.60;1;0;0;0;2;CF;0;0;0;0;0;3D9;162;3B4;3.2;35.9;17.0;14.5;5.5;76.8;0.0000;-0.2049;0.0000;0.4250;
15.85;1;0;0;0;2;CF;0;0;0;0;0;3D6;162;3B4;3.2;35.9;16.5;14.5;5.5;76.8;0.0000;-0.2049;0.0000;0.4250;
16.10;1;0;0;0;2;CF;0;0;0;0;0;3D1;162;3B4;3.2;35.9;19.0;14.6;5.5;76.8;0.0000;-0.2049;0.0000;0.4250;
16.35;1;0;0;0;2;CF;0;0;0;0;0;3D8;162;3B4;3.2;36.0;16.0;14.6;5.5;76.8;0.0000;-0.2049;0.0000;0.4500;
16.60;1;0;0;0;2;CF;0;0;0;0;0;3D5;162;3B4;3.2;36.0;18.5;14.6;5.5;76.8;0.0000;-0.2049;0.0000;0.4250;
16.85;1;0;0;0;2;CF;0;0;0;0;0;3DA;162;3B4;3.2;35.9;15.0;14.6;5.5;76.8;0.0000;-0.2049;0.0000;0.4500;
17.10;1;0;0;0;2;CF;0;0;0;0;0;3D8;162;3B4;3.2;35.9;15.5;14.6;5.5;76.8;0.0000;-0.2049;0.0000;0.4250;
17.35;1;0;0;0;2;CF;0;0;0;0;0;3D6;162;3B4;3.2;35.9;15.5;14.6;5.5;76.8;0.0000;-0.2049;0.0000;0.4500;
17.60;1;0;0;0;2;CF;0;0;0;0;0;3D7;162;3B4;3.2;35.9;15.0;14.6;5.5;76.8;0.0000;-0.2049;0.0000;0.4500;
17.85;1;0;0;0;2;CF;0;0;0;0;0;3D6;162;3B4;3.2;35.9;13.0;14.6;5.5;76.8;0.0000;-0.2049;0.0000;0.4250;
18.10;1;0;0;0;2;CF;0;0;0;0;0;3D3;162;3B4;3.2;35.9;14.0;14.6;5.5;76.8;0.0000;-0.2049;0.0000;0.4250;
18.35;1;0;0;0;2;CF;0;0;0;0;0;3D4;162;3B4;3.2;35.9;14.5;14.6;5.5;76.8;0.0000;-0.2049;0.0000;0.4500;
18.60;1;0;0;0;2;CF;0;0;0;0;0;3D9;162;3B4;3.2;35.9;14.0;14.6;5.5;76.8;0.0000;-0.2049;0.0000;0.4250;
18.85;1;0;0;0;2;CF;0;0;0;0;0;3D5;162;3B4;3.2;35.9;12.5;14.6;5.5;76.8;0.0000;-0.2049;0.0000;0.4250;
19.10;1;0;0;0;2;CF;0;0;0;0;0;3D7;162;3B4;3.2;35.9;12.5;14.6;5.5;76.8;0.0000;-0.2049;0.0000;0.4500;
19.35;1;0;0;0;2;CF;0;0;0;0;0;3D4;162;3B4;3.2;35.9;13.0;14.6;5.5;76.8;0.0000;-0.2049;0.0000;0.4500;
19.60;1;0;0;0;2;CF;0;0;0;0;0;3D3;162;3B4;3.2;35.9;13.0;14.6;5.5;76.8;0.0000;-0.2049;0.0000;0.4250;
19.85;1;0;0;0;2;CF;0;0;0;0;0;3D8;162;3B4;3.2;35.9;11.5;14.6;5.5;76.8;0.0000;-0.2049;0.0000;0.4500;
20.10;1;0;0;0;2;CF;0;0;0;0;0;3CE;162;3B4;3.2;35.9;12.0;14.6;5.5;76.8;0.0000;-0.2049;0.0000;0.4500;
20.35;1;0;0;0;3;CF;0;0;0;0;0;3D5;162;3B4;3.2;35.9;12.5;14.6;5.5;76.8;0.0000;-0.2049;0.0000;0.4500;
20.62;1;0;0;0;3;CF;0;0;0;0;0;3D5;162;3B4;3.2;35.9;10.5;14.6;5.5;76.8;0.0000;-0.2049;0.0000;0.4500;
20.87;1;0;0;0;3;CF;0;0;0;0;0;3D3;162;3B4;3.2;35.9;9.5;14.6;5.5;76.8;0.0000;-0.2049;0.0000;0.4500;
21.12;1;0;0;0;3;CF;0;0;0;0;0;3CF;162;3B4;3.2;35.9;10.0;14.7;5.5;76.8;0.0000;-0.2049;0.0000;0.4250;
21.37;1;0;0;0;3;CF;0;0;0;0;0;3CD;162;3B4;3.2;35.9;12.0;14.7;5.5;76.8;0.0000;-0.2049;0.0000;0.4500;
21.62;1;0;0;0;3;CF;0;0;0;0;0;3D5;162;3B4;3.2;35.9;9.0;14.7;5.5;76.8;0.0000;-0.2049;0.0000;0.4250;
21.87;1;0;0;0;3;CF;0;0;0;0;0;3D0;162;3B4;3.2;35.9;10.5;14.7;5.5;76.8;0.0000;-0.2049;0.0000;0.4250;
22.12;1;0;0;0;3;CF;0;0;0;0;0;3CF;162;3B4;3.2;35.9;11.0;14.7;5.5;76.8;0.0000;-0.2049;0.0000;0.4250;
22.37;1;0;0;0;3;CF;0;0;0;0;0;3D1;162;3B4;3.2;35.9;11.0;14.7;5.5;76.8;0.0000;-0.2049;0.0000;0.4250;
22.62;1;0;0;0;3;CF;0;0;0;0;0;3D2;162;3B4;3.2;35.9;10.0;14.7;5.5;76.8;0.0000;-0.2049;0.0000;0.4250;
22.87;1;0;0;0;3;CF;0;0;0;0;0;3D2;162;3B4;3.2;35.9;10.0;14.7;5.5;76.8;0.0000;-0.2049;0.0000;0.4250;
23.12;1;0;0;0;3;CF;0;0;0;0;0;3CF;162;3B4;3.2;35.9;10.5;14.7;5.5;76.8;0.0000;-0.2049;0.0000;0.4250;
23.37;1;0;0;0;3;CF;0;0;0;0;0;3CF;162;3B4;3.2;35.9;11.0;14.7;5.5;76.8;0.0000;-0.2049;0.0000;0.4250;
23.62;1;0;0;0;3;CF;0;0;0;0;0;3D3;162;3B4;3.2;35.9;10.0;14.7;5.5;76.8;0.0000;-0.2049;0.0000;0.4250;
23.87;1;0;0;0;3;CF;0;0;0;0;0;3D0;162;3B4;3.2;35.9;10.0;14.7;5.5;76.8;0.0000;-0.2049;0.0000;0.4500;
24.12;1;0;0;0;3;CF;0;0;0;0;0;3D3;162;3B4;3.2;35.9;9.0;14.7;5.5;76.8;0.0000;-0.2049;0.0000;0.4500;
24.37;1;0;0;0;3;CF;0;0;0;0;0;3CA;162;3B4;3.2;35.9;10.0;14.7;5.5;76.8;0.0000;-0.2049;0.0000;0.4250;
24.62;1;0;0;0;3;CF;0;0;0;0;0;3D2;162;3B4;3.2;35.9;10.0;14.7;5.5;76.8;0.0000;-0.2049;0.0000;0.4500;
24.87;1;0;0;0;3;CF;0;0;0;0;0;3CE;162;3B4;3.2;35.9;9.0;14.7;5.5;76.8;0.0000;-0.2049;0.0000;0.4250;
25.12;1;0;0;0;3;CF;0;0;0;0;0;3CB;162;3B4;3.2;35.9;10.5;14.7;5.5;76.8;0.0000;-0.2049;0.0000;0.4000;
25.37;1;0;0;0;3;CF;0;0;0;0;0;3CA;162;3B4;3.2;35.9;11.0;14.7;5.5;76.8;0.0000;-0.2049;0.0000;0.4500;
25.63;1;0;0;0;3;CF;0;0;0;0;0;3CF;162;3B4;3.2;35.9;10.0;14.7;5.5;76.8;0.0000;-0.2049;0.0000;0.4500;
25.88;1;0;0;0;3;CF;0;0;0;0;0;3CD;162;3B4;3.2;35.9;9.5;14.7;5.5;76.8;0.0000;-0.2049;0.0000;0.4500;
26.13;1;0;0;0;3;CF;0;0;0;0;0;3CB;162;3B4;3.2;35.9;9.5;14.7;5.5;76.8;0.0000;-0.2049;0.0000;0.4250;
26.38;1;0;0;0;3;CF;0;0;0;0;0;3CA;162;3B4;3.2;35.9;11.5;14.7;5.5;76.8;0.0000;-0.2049;0.0000;0.4250;
26.63;1;0;0;0;3;CF;0;0;0;0;0;3D0;162;3B4;3.2;35.9;10.0;14.7;5.5;76.8;0.0000;-0.2049;0.0000;0.4500;
26.88;1;0;0;0;3;CF;0;0;0;0;0;3CD;162;3B4;3.2;35.9;9.0;14.7;5.5;76.8;0.0000;-0.2049;0.0000;0.4250;
27.13;1;0;0;0;3;CF;0;0;0;0;0;3C8;162;3B4;3.2;35.9;11.5;14.7;5.5;76.8;0.0000;-0.2049;0.0000;0.4250;
27.38;1;0;0;0;3;CF;0;0;0;0;0;3CD;162;3B4;3.2;35.9;10.5;14.7;5.5;76.8;0.0000;-0.2049;0.0000;0.5000;
27.63;1;0;0;0;3;CF;0;0;0;0;0;3D1;162;3B4;3.2;35.9;9.0;14.7;5.5;76.8;0.0000;-0.2049;0.0000;0.4500;
27.88;1;0;0;0;3;CF;0;0;0;0;0;3C8;162;3B4;3.2;36.0;10.5;14.7;5.5;76.8;0.0000;-0.2049;0.0000;0.4500;
28.13;1;0;0;0;4;CF;0;0;0;0;0;3C9;162;3B4;3.2;35.9;11.5;14.7;5.5;76.8;0.0000;-0.2049;0.0000;0.4250;
28.38;1;0;0;0;4;CF;0;0;0;0;0;3CC;162;3B4;3.2;35.9;10.5;14.7;5.5;76.8;0.0000;-0.2049;0.0000;0.4500;
28.63;1;0;0;0;4;CF;0;0;0;0;0;3CD;162;3B4;3.2;35.9;9.5;14.7;5.5;76.8;0.0000;-0.2049;0.0000;0.4500;
28.88;1;0;0;0;4;CF;0;0;0;0;0;3CD;162;3B4;3.2;35.9;8.5;14.7;5.5;76.8;0.0000;-0.2049;0.0000;0.4250;
29.13;1;0;0;0;4;CF;0;0;0;0;0;3C8;162;3B4;3.2;35.9;11.5;14.7;5.5;76.8;0.0000;-0.2049;0.0000;0.4750;
29.38;1;0;0;0;4;CF;0;0;0;0;0;3C9;162;3B4;3.2;35.9;10.0;14.7;5.5;76.8;0.0000;-0.2049;0.0000;0.4000;
29.63;1;0;0;0;4;CF;0;0;0;0;0;3CD;162;3B4;3.2;35.9;9.5;14.7;5.5;76.8;0.0000;-0.2049;0.0000;0.4500;
29.88;1;0;0;0;4;CF;0;0;0;0;0;3C8;162;3B4;3.2;35.9;9.0;14.7;5.5;76.8;0.0000;-0.2049;0.0000;0.4500;
30.13;1;0;0;0;4;CF;0;0;0;0;0;3C7;162;3B4;3.2;35.9;10.5;14.7;5.5;76.8;0.0000;-0.2049;0.0000;0.4750;
30.38;1;0;0;0;4;CF;0;0;0;0;0;3C6;162;3B4;3.2;35.9;10.0;14.7;5.5;76.8;0.0000;-0.2049;0.0000;0.4500;
30.65;1;0;0;0;4;CF;0;0;0;0;0;3CB;162;3B4;3.2;35.9;9.5;14.7;5.5;76.8;0.0000;-0.2049;0.0000;0.4250;
30.90;1;0;0;0;4;CF;0;0;0;0;0;3C6;162;3B4;3.2;35.9;10.0;14.7;5.5;76.8;0.0000;-0.2049;0.0000;0.4250;
31.15;1;0;0;0;4;CF;0;0;0;0;0;3C6;162;3B4;3.2;35.9;10.0;14.7;5.5;76.8;0.0000;-0.2049;0.0000;0.4250;
31.40;1;0;0;0;4;CF;0;0;0;0;0;3C6;162;3B4;3.2;35.9;10.0;14.7;5.5;76.8;0.0000;-0.2049;0.0000;0.4500;
31.65;1;0;0;0;4;CF;0;0;0;0;0;3C9;162;3B4;3.2;35.9;8.5;14.7;5.5;76.8;0.0000;-0.2049;0.0000;0.4500;
31.90;1;0;0;0;4;CF;0;0;0;0;0;3C7;162;3B4;3.2;35.9;9.0;14.7;5.5;76.8;0.0000;-0.2049;0.0000;0.4500;
32.15;1;0;0;0;4;CF;0;0;0;0;0;3C4;162;3B4;3.2;35.9;10.0;14.7;5.5;76.8;0.0000;-0.2049;0.0000;0.4750;
32.40;1;0;0;0;4;CF;0;0;0;0;0;3C3;162;3B4;3.2;35.9;11.5;14.7;5.5;76.8;0.0000;-0.2049;0.0000;0.4250;
32.65;1;0;0;0;4;CF;0;0;0;0;0;3C6;162;3B4;3.2;35.9;9.5;14.7;5.5;76.8;0.0000;-0.2049;0.0000;0.4500;
32.90;1;0;0;0;4;CF;0;0;0;0;0;3C6;162;3B4;3.2;35.9;9.5;14.7;5.5;76.8;0.0000;-0.2049;0.0000;0.4250;
33.15;1;0;0;0;4;CF;0;0;0;0;0;3C4;162;3B4;3.2;35.9;9.5;14.7;5.5;76.8;0.0000;-0.2049;0.0000;0.4500;
33.40;1;0;0;0;4;CF;0;0;0;0;0;3C5;162;3B4;3.2;35.9;10.5;14.7;5.5;76.8;0.0000;-0.2049;0.0000;0.4500;
33.65;1;0;0;0;4;CF;0;0;0;0;0;3C6;162;3B4;3.2;35.9;9.0;14.7;5.5;76.8;0.0000;-0.2049;0.0000;0.4500;
33.90;1;0;0;0;4;CF;0;0;0;0;0;3C5;162;3B4;3.2;35.9;9.5;14.7;5.5;76.8;0.0000;-0.2049;0.0000;0.4250;
34.15;1;0;0;0;4;CF;0;0;0;0;0;3C2;162;3B4;3.2;35.9;9.5;14.7;5.5;76.8;0.0000;-0.2049;0.0000;0.4250;
34.40;1;0;0;0;4;CF;0;0;0;0;0;3C1;162;3B4;3.2;35.9;10.5;14.7;5.5;76.8;0.0000;-0.2049;0.0000;0.4500;
34.65;1;0;0;0;4;CF;0;0;0;0;0;3C5;162;3B4;3.2;35.9;9.0;14.7;5.5;76.8;0.0000;-0.2049;0.0000;0.4250;
34.90;1;0;0;0;4;CF;0;0;0;0;0;3C5;162;3B4;3.2;35.9;9.0;14.7;5.5;76.8;0.0000;-0.2049;0.0000;0.4250;
35.15;1;0;0;0;4;CF;0;0;0;0;0;3C0;162;3B4;3.2;35.9;10.5;14.7;5.5;76.8;0.0000;-0.2049;0.0000;0.4250;
35.40;1;0;0;0;4;CF;0;0;0;0;0;3C3;162;3B4;3.2;35.9;10.5;14.7;5.5;76.8;0.0000;-0.2049;0.0000;0.4500;
35.66;1;0;0;0;5;CF;0;0;0;0;0;3C3;162;3B4;3.2;35.9;9.5;14.7;5.5;76.8;0.0000;-0.2049;0.0000;0.4250;
35.91;1;0;0;0;5;CF;0;0;0;0;0;3C3;162;3B4;3.2;35.9;9.0;14.7;5.5;76.8;0.0000;-0.2049;0.0000;0.4750;
36.16;1;0;0;0;5;CF;0;0;0;0;0;3C1;162;3B4;3.2;35.9;9.0;14.7;5.5;76.8;0.0000;-0.2049;0.0000;0.4500;
36.41;1;0;0;0;5;CF;0;0;0;0;0;3C0;162;3B4;3.2;35.9;10.0;14.7;5.5;76.8;0.0000;-0.2049;0.0000;0.4500;
36.66;1;0;0;0;5;CF;0;0;0;0;0;3C3;162;3B4;3.2;35.9;9.5;14.7;5.5;76.8;0.0000;-0.2049;0.0000;0.4250;
36.91;1;0;0;0;5;CF;0;0;0;0;0;3C0;162;3B4;3.2;35.9;10.0;14.7;5.5;76.8;0.0000;-0.2049;0.0000;0.4250;
37.16;1;0;0;0;5;CF;0;0;0;0;0;3C1;162;3B4;3.2;35.9;9.0;14.7;5.5;76.8;0.0000;-0.2049;0.0000;0.4750;
37.41;1;0;0;0;5;CF;0;0;0;0;0;3C0;162;3B4;3.2;35.9;10.0;14.7;5.5;76.8;0.0000;-0.2049;0.0000;0.4250;
37.66;1;0;0;0;5;CF;0;0;0;0;0;3C3;162;3B4;3.2;35.9;8.5;14.7;5.5;76.8;0.0000;-0.2049;0.0000;0.4750;
37.91;1;0;0;0;5;CF;0;0;0;0;0;3C6;162;3B4;3.2;35.9;9.0;14.7;5.5;76.8;0.0000;-0.2049;0.0000;0.4000;
38.16;1;0;0;0;5;CF;0;0;0;0;0;3BE;162;3B4;3.2;35.9;11.0;14.7;5.5;76.8;0.0000;-0.2049;0.0000;0.4500;
38.41;1;0;0;0;5;CF;0;0;0;0;0;3C3;162;3B4;3.2;35.9;9.5;14.7;5.5;76.8;0.0000;-0.2049;0.0000;0.4250;
38.66;1;0;0;0;5;CF;0;0;0;0;0;3C4;162;3B4;3.2;35.9;8.5;14.7;5.5;76.8;0.0000;-0.2049;0.0000;0.4250;
38.91;1;0;0;0;5;CF;0;0;0;0;0;3C2;162;3B4;3.2;35.9;9.5;14.7;5.5;76.8;0.0000;-0.2049;0.0000;0.4500;
39.16;1;0;0;0;5;CF;0;0;0;0;0;3BF;162;3B4;3.2;35.9;10.5;14.7;5.5;76.8;0.0000;-0.2049;0.0000;0.4250;
39.41;1;0;0;0;5;CF;0;0;0;0;0;3BF;162;3B4;3.2;35.9;9.5;14.7;5.5;76.8;0.0000;-0.2049;0.0000;0.4750;
39.66;1;0;0;0;5;CF;0;0;0;0;0;3C6;162;3B4;3.2;35.9;7.5;14.6;5.5;76.8;0.0000;-0.2049;0.0000;0.4250;
39.91;1;0;0;0;5;CF;0;0;0;0;0;3BC;162;3B4;3.2;35.9;22.5;14.6;5.5;76.8;0.0275;-0.2049;0.0000;0.4250;
40.16;1;0;0;0;5;CF;0;0;0;0;0;404;162;3B4;3.2;35.9;19.5;14.7;5.5;76.8;0.1137;-0.2049;0.0000;0.4750;
40.41;1;0;0;0;5;CF;0;0;0;0;0;41D;162;3B4;3.2;35.9;15.0;14.7;5.5;76.8;0.1098;-0.2049;0.0000;0.4250;
40.68;1;0;0;0;5;CF;0;0;0;0;0;424;162;3B4;3.2;35.9;15.0;14.7;5.5;76.8;0.1098;-0.2049;0.0000;0.4250;
40.93;1;0;0;0;5;CF;0;0;0;0;0;419;162;3B4;3.2;35.9;12.5;14.7;5.5;76.8;0.1059;-0.2049;0.0000;0.4250;
41.18;1;0;0;0;5;CF;0;0;0;0;0;41A;162;3B4;3.2;35.9;16.0;14.6;5.5;76.8;0.1137;-0.2049;0.0000;0.4500;
41.43;1;0;0;0;5;CF;0;0;0;0;0;42A;162;3B4;3.2;35.9;18.0;14.6;5.5;76.8;0.1216;-0.2049;0.0000;0.4500;
41.68;1;0;0;0;5;CF;0;0;0;0;0;433;162;3B4;3.2;35.9;19.0;14.6;5.5;76.8;0.1255;-0.2049;0.0000;0.4500;
41.93;1;0;0;0;5;CF;0;0;0;0;0;451;162;3B4;3.2;35.9;23.5;14.5;5.5;76.7;0.1373;-0.2049;0.0000;0.4250;
42.18;1;0;0;0;5;CF;0;0;0;0;0;461;162;3B4;3.2;35.9;22.5;14.5;5.5;76.7;0.1373;-0.2049;0.0000;0.4750;
42.43;1;0;0;0;5;CF;0;0;0;0;0;46D;162;3B4;3.2;35.9;22.5;14.5;5.5;76.7;0.1373;-0.2049;0.0000;0.4750;
42.68;1;0;0;0;5;CF;0;0;0;0;0;471;162;3B4;3.2;35.9;22.0;14.5;5.5;76.7;0.1373;-0.2049;0.0000;0.4250;
42.93;1;0;0;0;5;CF;0;0;0;0;0;46E;162;3B4;3.2;35.9;22.0;14.5;5.5;76.7;0.1373;-0.2049;0.0000;0.4250;
43.18;1;0;0;0;5;CF;0;0;0;0;0;450;162;3B4;3.2;35.9;23.0;14.5;5.5;76.7;0.1373;-0.2049;0.0000;0.4750;
43.43;1;0;0;0;6;CF;0;0;0;0;0;436;162;3B4;3.2;35.9;24.0;14.5;5.5;76.7;0.1373;-0.2049;0.0000;0.4500;
43.68;1;0;0;0;6;CF;0;0;0;0;0;429;162;3B4;3.2;35.9;25.0;14.5;5.5;76.7;0.1412;-0.2049;0.0000;0.4250;
43.93;1;0;0;0;6;CF;0;0;0;0;0;424;162;3B4;3.2;35.9;26.5;14.5;5.5;76.7;0.1412;-0.2049;0.0000;0.4250;
44.18;1;0;0;0;6;CF;0;0;0;0;0;424;162;3B4;3.2;35.9;27.0;14.5;5.5;76.7;0.1412;-0.2049;0.0000;0.4500;
44.43;1;0;0;0;6;CF;0;0;0;0;0;423;162;3B4;3.2;35.9;27.0;14.5;5.5;76.7;0.1412;-0.2049;0.0000;0.4250;
44.68;1;0;0;0;6;CF;0;0;0;0;0;422;162;3B4;3.2;35.9;27.0;14.5;5.5;76.7;0.1412;-0.2049;0.0000;0.4250;
44.93;1;0;0;0;6;CF;0;0;0;0;0;41D;162;3B4;3.2;35.9;29.0;14.5;5.5;76.7;0.1412;-0.2049;0.0000;0.4250;
45.18;1;0;0;0;6;CF;0;0;0;0;0;421;162;3B4;3.2;35.9;28.0;14.5;5.5;76.7;0.1412;-0.2049;0.0000;0.4250;
45.43;1;0;0;0;6;CF;0;0;0;0;0;420;162;3B4;3.2;35.9;29.5;14.5;5.5;76.7;0.1412;-0.2049;0.0000;0.4250;
45.69;1;0;0;0;6;CF;0;0;0;0;0;41F;162;3B4;3.2;35.9;28.0;14.5;5.5;76.7;0.1412;-0.2049;0.0000;0.4500;
45.94;1;0;0;0;6;CF;0;0;0;0;0;425;162;3B4;3.2;35.9;27.5;14.5;5.5;76.7;0.1412;-0.2049;0.0000;0.4500;
46.19;1;0;0;0;6;CF;0;0;0;0;0;426;162;3B4;3.2;35.9;27.5;14.5;5.5;76.7;0.1412;-0.2049;0.0000;0.4250;
46.44;1;0;0;0;6;CF;0;0;0;0;0;41F;162;3B4;3.2;35.9;29.5;14.5;5.5;76.7;0.1412;-0.2049;0.0000;0.4250;
46.69;1;0;0;0;6;CF;0;0;0;0;0;42A;162;3B4;3.2;35.9;28.5;14.5;5.5;76.7;0.1412;-0.2049;0.0000;0.4750;
46.94;1;0;0;0;6;CF;0;0;0;0;0;429;162;3B4;3.2;35.9;28.5;14.5;5.5;76.7;0.1412;-0.2049;0.0000;0.4500;
47.19;1;0;0;0;6;CF;0;0;0;0;0;42C;162;3B4;3.2;35.9;28.0;14.5;5.5;76.7;0.1412;-0.2049;0.0000;0.4500;
47.44;1;0;0;0;6;CF;0;0;0;0;0;427;162;3B4;3.2;35.9;28.5;14.5;5.5;76.7;0.1412;-0.2049;0.0000;0.4750;
47.69;1;0;0;0;6;CF;0;0;0;0;0;42D;162;3B4;3.2;35.9;29.5;14.5;5.5;76.7;0.1412;-0.2049;0.0000;0.4500;
47.94;1;0;0;0;6;CF;0;0;0;0;0;432;162;3B4;3.2;35.9;29.5;14.5;5.5;76.7;0.1451;-0.2049;0.0000;0.4500;
48.19;1;0;0;0;6;CF;0;0;0;0;0;438;162;3B4;3.2;35.9;29.5;14.5;5.5;76.7;0.1451;-0.2049;0.0000;0.4250;
48.44;1;0;0;0;6;CF;0;0;0;0;0;43D;162;3B4;3.2;35.9;29.0;14.5;5.5;76.7;0.1451;-0.2049;0.0000;0.4750;
48.69;1;0;0;0;6;CF;0;0;0;0;0;444;162;3B4;3.2;35.9;30.0;14.5;5.5;76.7;0.1490;-0.2049;0.0000;0.4500;
48.94;1;0;0;0;6;CF;0;0;0;0;0;44B;162;3B4;3.2;35.9;30.0;14.5;5.5;76.7;0.1490;-0.2049;0.0000;0.4750;
49.19;1;0;0;0;6;CF;0;0;0;0;0;44D;162;3B4;3.2;35.9;28.5;14.5;5.5;76.7;0.1451;-0.2049;0.0000;0.4500;
49.44;1;0;0;0;6;CF;0;0;0;0;0;44B;162;3B4;3.2;35.9;28.5;14.5;5.5;76.7;0.1490;-0.2049;0.0000;0.4250;
49.69;1;0;0;0;6;CF;0;0;0;0;0;452;162;3B4;3.2;35.9;29.5;14.5;5.5;76.7;0.1490;-0.2049;0.0000;0.4500;
49.94;1;0;0;0;6;CF;0;0;0;0;0;458;162;3B4;3.2;35.9;32.0;14.5;5.5;76.7;0.1608;-0.2049;0.0000;0.4500;
50.19;1;0;0;0;6;CF;0;0;0;0;0;433;162;3B4;3.2;35.9;40.5;14.5;5.5;76.7;0.1725;-0.2049;0.0000;0.4250;
50.44;1;0;0;0;6;CF;0;0;0;0;0;447;162;3B4;3.2;35.9;54.0;14.5;5.5;76.7;0.1804;-0.2049;0.0000;0.4250;
50.71;1;0;0;0;6;CF;0;0;0;0;0;452;162;3B4;3.2;35.9;63.0;14.5;5.5;76.7;0.2000;-0.2049;0.0000;0.4500;
50.96;1;0;0;0;6;CF;0;0;0;0;0;475;162;3B4;3.2;35.9;63.0;14.5;5.5;76.7;0.2118;-0.2049;0.0000;0.4500;
51.21;1;0;0;0;7;CF;0;0;0;0;0;48D;162;3B4;3.2;35.9;66.5;14.5;5.5;76.7;0.2196;-0.2049;0.0000;0.4750;
51.46;1;0;0;0;7;CF;0;0;0;0;0;4B5;162;3B4;3.2;35.9;67.0;14.5;5.5;76.7;0.2275;-0.2049;0.0000;0.4250;
51.71;1;0;0;0;7;CF;0;0;0;0;0;4CF;162;3B4;3.2;35.9;69.0;14.5;5.5;76.7;0.2314;-0.2049;0.0000;0.5000;
51.96;1;0;0;0;7;CF;0;0;0;0;0;490;162;3B4;3.2;35.9;88.0;14.5;5.5;76.7;0.2314;-0.2049;0.0000;0.4750;
52.21;1;0;0;0;7;CF;0;0;0;0;0;4A0;162;3B4;3.2;36.0;88.0;14.5;5.5;76.7;0.2314;-0.2049;0.0000;0.4250;
52.46;1;0;0;0;7;CF;0;0;0;0;0;4A2;162;3B4;3.2;36.0;93.5;14.5;5.5;76.7;0.2314;-0.2043;0.0000;0.4250;
52.71;1;0;0;0;7;CF;0;0;0;0;0;4AB;162;3B4;3.2;36.0;93.0;14.5;5.5;76.7;0.2314;-0.2041;0.0000;0.4500;
52.96;1;0;0;0;7;CF;0;0;0;0;0;4B5;162;3B4;3.2;36.0;91.5;14.5;5.5;76.7;0.2314;-0.2036;0.0000;0.5000;
53.21;1;0;0;0;7;CF;0;0;0;0;0;4B2;162;3B4;3.2;36.0;95.0;14.5;5.5;76.7;0.2314;-0.2036;0.0250;0.4750;
53.46;1;0;0;0;7;CF;0;0;0;0;0;4B2;162;3B4;3.2;36.1;99.0;14.5;5.5;76.7;0.2353;-0.2036;0.0500;0.5250;
53.71;1;0;0;0;7;CF;0;0;0;0;0;4BA;162;3B4;3.2;36.2;97.0;14.5;5.5;76.7;0.2392;-0.2036;0.0000;0.5250;
53.96;1;0;0;0;7;CF;0;0;0;0;0;4C2;162;3B4;3.2;36.2;97.0;14.5;5.5;76.7;0.2392;-0.2026;0.1250;0.5000;
54.21;1;0;0;0;7;CF;0;0;0;0;0;4C1;162;3B4;3.2;36.3;98.5;14.5;5.5;76.7;0.2353;-0.2017;0.1500;0.5250;
54.46;1;0;0;0;7;CF;0;0;0;0;0;4C3;162;3B4;3.2;36.5;96.5;14.5;5.5;76.7;0.2353;-0.2009;0.1250;0.5250;
54.71;1;0;0;0;7;CF;0;0;0;0;0;4C0;162;3B4;3.2;36.5;93.5;14.5;5.5;76.7;0.2314;-0.1990;0.0250;0.5750;
54.96;1;0;0;0;7;CF;0;0;0;0;0;4B3;162;3B4;3.2;36.5;97.0;14.5;5.5;76.7;0.2314;-0.1467;0.0000;0.5000;
55.21;1;0;0;0;7;CF;FFFF;0;0;0;0;4A5;162;3B4;3.2;36.5;99.5;14.5;5.5;76.7;0.2235;-0.0689;0.0250;0.4750;
55.46;1;0;0;0;7;CF;FFFF;0;FFFF;FFFF;0;495;162;3B4;3.2;36.7;101.0;14.5;5.5;76.7;0.2157;0.0326;0.0250;0.5000;
55.72;1;0;0;0;7;CF;FFFF;FFFF;FFFF;FFFF;1;49D;162;3B4;3.2;36.7;98.0;14.5;5.5;76.7;0.2157;0.1343;0.0250;0.4750;
55.97;1;0;0;0;7;CF;FFFF;FFFF;FFFF;FFFF;1;49C;162;3B4;3.2;36.7;98.5;14.5;5.5;76.7;0.2157;0.3016;0.0750;0.5500;
56.22;1;0;0;0;7;CF;FFFF;FFFF;FFFF;FFFF;1;490;162;3B4;3.2;36.7;80.0;14.5;5.5;76.7;0.1882;0.3742;0.0000;0.5750;
56.47;1;0;0;0;7;CF;0;FFFF;0;FFFF;0;46C;162;3B4;3.2;36.8;84.5;14.5;5.5;76.7;0.1882;0.4530;-0.1000;0.6000;
56.72;1;0;0;0;7;CF;0;0;0;0;0;473;162;3B4;3.2;36.7;89.5;14.5;5.5;76.7;0.2000;0.4982;-0.1500;0.6000;
56.97;1;0;0;0;7;CF;0;0;0;0;0;474;162;3B4;3.2;36.7;97.5;14.5;5.5;76.7;0.2118;0.6031;-0.0500;0.4750;
57.22;1;0;0;0;8;CF;0;FFFF;0;FFFF;0;48B;162;3B4;3.2;36.7;96.0;14.5;5.5;76.7;0.2157;0.6455;-0.0250;0.5000;
57.47;1;0;0;0;8;CF;FFFF;FFFF;FFFF;FFFF;1;48D;162;3B4;3.2;37.0;92.5;14.5;5.5;76.7;0.2078;0.6851;0.1500;0.4000;
57.72;1;0;0;0;8;CF;FFFF;FFFF;FFFF;FFFF;1;4B9;162;3B4;3.2;37.0;23.0;14.5;5.5;76.7;0.1451;0.7273;0.2750;0.8750;
57.97;1;0;0;0;8;CF;0;0;0;0;0;452;162;3B4;3.2;36.8;39.0;14.5;5.5;76.7;0.1608;0.7764;-0.3500;1.0000;
58.22;1;0;0;0;8;CF;0;0;0;0;0;477;162;3B4;3.2;36.8;90.5;14.5;5.5;76.7;0.2471;0.7762;-0.5000;0.8750;
58.47;1;0;0;0;8;CF;0;0;0;0;0;4DA;162;3B4;3.2;36.0;78.0;14.5;5.5;76.7;0.2431;0.7715;-0.0750;0.8000;
58.72;1;0;0;0;8;CF;0;0;0;0;0;520;162;3B4;3.2;36.0;79.5;14.5;5.5;76.7;0.2510;0.7704;0.0750;0.2500;
58.97;1;0;0;0;8;CF;0;0;0;0;0;52C;162;3B4;3.2;36.0;84.5;14.5;5.5;76.7;0.2667;0.7704;-0.1500;0.3750;
59.22;1;0;0;0;8;CF;0;0;0;0;0;561;162;3B4;3.2;36.6;97.0;14.5;5.5;76.7;0.2784;0.7705;-0.1750;0.5000;
59.47;1;0;0;0;8;CF;0;0;0;0;0;549;162;3B4;3.2;36.2;95.0;14.5;5.5;76.7;0.2745;0.7717;0.1500;0.8000;
59.72;1;0;0;0;8;CF;0;0;0;0;0;4F1;162;3B4;3.2;36.2;125.0;14.5;5.5;76.7;0.2824;0.7727;-0.0250;0.5750;
59.97;1;0;0;0;8;CF;0;0;0;0;0;508;162;3B4;3.2;36.2;125.0;14.5;5.5;76.7;0.2824;0.7727;-0.0500;0.5250;
60.22;1;0;0;0;8;CF;0;FFFF;0;FFFF;0;51D;162;3B4;3.2;36.4;119.5;14.5;5.5;76.7;0.2588;0.7730;0.2000;0.3750;
60.47;1;0;0;0;8;CF;FFFF;FFFF;FFFF;FFFF;1;4B7;162;3B4;3.2;36.8;21.5;14.5;5.5;76.7;0.0000;0.7807;0.4500;0.7750;
60.74;1;0;0;0;8;CF;FFFF;FFFF;FFFF;FFFF;1;412;162;3B4;3.2;36.8;39.0;14.5;5.5;76.7;0.0000;0.8185;0.1250;0.6500;
60.99;1;0;0;0;8;CF;FFFF;FFFF;0;FFFF;1;3EE;162;3B4;3.2;36.7;33.5;14.5;5.5;76.7;0.0000;0.9495;-0.1250;0.9250;
61.24;1;0;0;0;8;CF;0;FFFF;0;FFFF;0;388;162;3B4;3.2;36.7;67.0;14.5;5.5;76.7;0.0000;0.9820;-0.2500;0.8000;
61.49;1;0;0;0;8;CF;0;0;0;0;0;3A3;162;3B4;3.2;36.5;85.0;14.5;5.5;76.7;0.0549;0.9800;-0.2500;0.8000;
61.74;1;0;0;0;8;CF;0;FFFF;0;0;0;3F0;162;3B4;3.2;36.1;79.0;14.5;5.5;76.7;0.0902;0.9787;-0.1000;0.5500;
61.99;1;0;0;0;8;CF;FFFF;FFFF;0;FFFF;1;3FD;162;3B4;3.2;36.1;62.0;14.5;5.5;76.7;0.0941;0.9787;0.1750;0.7250;
62.24;1;0;0;0;9;CF;FFFF;FFFF;FFFF;FFFF;1;3ED;162;3B4;3.2;36.2;63.5;14.5;5.5;76.7;0.0157;0.9782;0.2750;0.6500;
62.49;1;0;0;0;9;CF;FFFF;FFFE;FFFF;FFFF;1;3E4;162;3B4;3.2;37.1;54.5;13.6;5.5;76.7;0.0000;0.9782;0.2000;0.8500;
62.74;1;0;0;0;9;CF;FFFF;FFFF;FFFF;FFFF;1;3F0;162;3B4;3.2;37.1;27.5;12.3;5.5;76.7;0.0000;0.9775;0.0250;0.8250;
62.99;1;0;0;0;9;CF;FFFF;FFFF;FFFF;FFFF;1;3B5;162;3B4;3.2;36.6;35.5;12.3;5.5;76.7;0.0118;0.9754;-0.0750;0.7250;
63.24;1;0;0;0;9;CF;FFFF;FFFE;FFFF;FFFF;1;3AF;162;3B4;3.2;36.6;56.0;12.2;5.5;76.7;0.0157;0.9754;-0.0250;0.7500;
63.49;1;0;0;0;9;CF;FFFF;FFFE;FFFF;FFFF;1;3B7;162;3B4;3.2;35.9;55.0;12.2;5.5;76.7;0.0157;0.9754;0.0750;0.7250;
63.74;1;0;0;0;9;CF;FFFF;FFFE;FFFF;FFFE;1;3BC;162;3B4;3.2;36.2;57.5;12.2;5.5;76.7;0.0196;0.9754;0.1500;0.7500;
63.99;1;0;0;0;9;CF;FFFF;FFFE;FFFF;FFFE;1;3C0;162;3B4;3.2;36.2;57.0;12.2;5.5;76.7;0.0275;0.9751;0.0500;1.0500;
64.24;1;0;0;0;9;CF;FFFF;FFFF;FFFF;FFFF;1;3BB;162;3B4;3.2;36.2;81.5;12.2;5.5;76.7;0.1137;0.9749;-0.1750;0.7250;
64.49;1;0;0;0;9;CF;FFFF;FFFF;0;FFFF;1;3DB;162;3B4;3.2;35.6;97.0;12.2;5.5;76.7;0.1373;0.9749;-0.1500;0.8250;
64.74;1;0;0;0;9;CF;FFFF;FFFF;FFFF;FFFF;1;3F8;162;3B4;3.2;34.9;101.0;12.2;5.5;76.7;0.1412;0.9751;-0.1000;0.5250;
64.99;1;0;0;0;9;CF;FFFF;FFFE;FFFF;FFFF;1;406;162;3B4;3.2;34.9;109.5;12.2;5.5;76.7;0.1490;0.9752;0.0250;0.2750;
65.24;1;0;0;0;9;CF;FFFE;FFFE;FFFF;FFFE;2;42F;162;3B4;3.2;34.6;111.5;12.2;5.5;76.7;0.1647;0.9752;0.4000;102.2000;
65.49;1;0;0;0;9;CF;FFFE;FFFD;FFFF;FFFE;2;43C;162;3B4;3.2;34.8;117.0;12.1;5.5;76.7;0.1765;0.9754;0.2750;1.0500;
65.75;1;0;0;0;9;CF;FFFE;FFFD;FFFF;FFFE;2;44C;162;3B4;3.2;34.8;115.0;12.1;5.5;76.7;0.1765;0.9754;0.1250;0.5250;
66.00;1;0;0;0;9;CF;FFFD;FFFC;FFFE;FFFD;3;446;162;3B4;3.2;34.6;115.0;12.1;5.5;76.7;0.1765;0.9754;0.4500;0.7250;
66.25;1;0;0;0;9;CF;FFFD;FFFC;FFFE;FFFC;3;44E;162;3B4;3.2;34.9;111.0;12.1;5.5;76.7;0.1725;0.9754;0.5500;0.9750;
66.50;1;0;0;0;9;CF;FFFC;FFFB;FFFD;FFFC;4;442;162;3B4;3.2;34.9;63.0;12.0;5.5;76.7;0.0000;0.9754;0.5000;1.1750;
66.75;1;0;0;0;9;CF;FFFC;FFFB;FFFD;FFFC;4;425;162;3B4;3.2;35.2;40.0;12.0;5.5;76.7;0.0000;0.9759;0.2750;1.1750;
67.00;1;0;0;0;A;CF;FFFD;FFFC;FFFE;FFFD;3;3F7;162;3B4;3.2;35.2;35.5;12.0;5.5;76.7;0.0000;0.9759;-0.0500;1.7250;
67.25;1;0;0;0;A;CF;FFFE;FFFD;FFFE;FFFD;3;3B7;162;3B4;3.2;35.5;53.0;12.0;5.5;76.7;0.0863;0.9761;-0.4750;0.3250;
67.50;1;0;0;0;A;CF;FFFD;FFFD;FFFE;FFFD;3;3AF;162;3B4;3.2;35.1;105.5;12.0;5.5;76.7;0.1294;0.9761;-0.1750;0.5500;
67.75;1;0;0;0;A;CF;FFFD;FFFC;FFFE;FFFD;3;41D;162;3B4;3.2;35.1;105.0;12.0;5.5;76.7;0.1882;0.9761;0.0000;0.0750;
68.00;1;0;0;0;A;CF;FFFD;FFFC;FFFE;FFFD;3;443;162;3B4;3.2;35.2;100.0;12.0;5.5;76.7;0.1961;0.9761;0.0500;0.3750;
68.25;1;0;0;0;A;CF;FFFD;FFFC;FFFE;FFFD;3;440;162;3B4;3.2;35.2;111.5;12.1;5.5;76.7;0.1961;0.9759;-0.1250;0.3250;
68.50;1;0;0;0;A;CF;FFFD;FFFC;FFFE;FFFD;3;451;162;3B4;3.2;35.3;114.5;12.1;5.5;76.7;0.1961;0.9759;-0.0750;0.2750;
68.75;1;0;0;0;A;CF;FFFD;FFFC;FFFE;FFFD;3;459;162;3B4;3.2;35.3;117.0;12.2;5.5;76.7;0.1961;0.9759;-0.0250;0.2000;
69.00;1;0;0;0;A;CF;FFFD;FFFC;FFFE;FFFD;3;45B;162;3B4;3.2;35.3;118.5;12.2;5.5;76.7;0.1961;0.9759;0.1500;0.0500;
69.25;1;0;0;0;A;CF;FFFD;FFFC;FFFE;FFFC;3;45F;162;3B4;3.2;35.6;122.5;12.3;5.5;76.7;0.1961;0.9759;0.1500;0.0250;
69.50;1;0;0;0;A;CF;FFFD;FFFC;FFFD;FFFC;3;45E;162;3B4;3.2;35.6;124.0;12.7;5.5;76.7;0.1961;0.9759;0.1750;0.0500;
69.75;1;0;0;0;A;CF;FFFC;FFFB;FFFD;FFFC;4;461;162;3B4;3.2;35.5;103.5;12.7;5.5;76.7;0.1176;0.9739;0.2000;0.0000;
70.00;1;0;0;0;A;CF;FFFD;FFFC;FFFE;FFFD;3;496;162;3B4;3.2;35.5;24.0;13.5;5.5;76.7;0.0000;0.9152;-0.2250;0.8250;
70.25;1;0;0;0;A;CF;FFFE;FFFD;FFFE;FFFE;2;412;162;3B4;3.2;35.6;-1.5;13.5;5.5;76.7;0.0000;0.7334;-0.7750;0.4500;
70.50;1;0;0;0;A;CF;FFFF;FFFF;FFFF;FFFF;1;3CC;162;3B4;3.2;34.1;10.5;14.4;5.5;76.7;0.0000;0.6488;-0.9750;102.3000;
70.77;1;0;0;0;A;CF;FFFF;FFFF;0;FFFF;1;3A7;162;3B4;3.2;34.1;13.0;14.4;5.5;76.7;0.0000;0.5318;-0.9000;102.3750;
71.02;1;0;0;0;A;CF;0;0;0;0;0;38D;162;3B4;3.2;33.0;22.5;14.4;5.5;76.7;0.0000;0.3712;-0.7250;102.2000;
71.27;1;0;0;0;A;CF;0;0;0;0;0;39B;162;3B4;3.2;31.9;21.5;14.4;5.5;76.7;0.0000;0.2159;-0.2500;102.0500;
71.52;1;0;0;0;A;CF;1;1;1;1;1;39B;162;3B4;3.2;31.9;17.5;14.4;5.5;76.7;0.0000;0.1288;0.4000;102.0250;
71.77;1;0;0;0;A;CF;1;1;1;1;1;39C;162;3B4;3.2;31.6;18.0;14.4;5.5;76.7;0.0000;-0.1157;0.6000;101.9000;
72.02;1;0;0;0;A;CF;2;2;2;2;2;39F;162;3B4;3.2;31.6;15.0;14.6;5.5;76.7;0.0000;-0.1925;0.6750;101.9000;
72.27;1;0;0;0;B;CF;3;3;3;3;3;3AC;162;3B4;3.2;30.7;10.0;14.6;5.5;76.7;0.0000;-0.1973;0.6500;102.0000;
72.52;1;0;0;0;B;CF;4;3;3;3;3;39E;162;3B4;3.2;30.7;8.5;14.6;5.5;76.7;0.0000;-0.1893;0.6500;101.9500;
72.77;1;0;0;0;B;CF;4;4;4;4;4;390;162;3B4;3.2;30.0;12.0;14.6;5.5;76.7;0.0000;-0.2178;0.6500;101.8500;
73.02;1;0;0;0;B;CF;5;4;5;4;4;393;162;3B4;3.2;30.0;11.5;14.6;5.5;76.7;0.0000;-0.2498;0.5750;101.6750;
73.27;1;0;0;0;B;CF;5;5;5;5;5;391;162;3B4;3.2;29.7;12.0;14.6;5.5;76.7;0.0000;-0.2760;0.5500;101.6750;
73.52;1;0;0;0;B;CF;6;5;6;5;6;39E;162;3B4;3.2;28.7;8.0;14.6;5.5;76.7;0.0000;-0.2801;0.5500;101.6750;
73.77;1;0;0;0;B;CF;6;6;6;6;6;39B;162;3B4;3.2;28.7;7.0;14.5;5.5;76.7;0.0000;-0.1744;0.5250;101.8750;
74.02;1;1;0;0;B;CF;7;7;7;7;7;390;162;3B4;3.2;27.8;9.5;14.5;5.5;76.7;0.0000;-0.0913;0.7000;101.9500;
74.27;1;1;0;0;B;CF;7;7;7;7;7;394;162;3B4;3.2;27.1;7.5;14.5;5.5;76.7;0.0000;-0.0278;0.4250;102.0000;
74.52;1;1;0;0;B;CF;8;8;8;8;8;393;162;3B4;3.2;27.1;8.5;14.5;5.5;76.7;0.0000;0.0159;0.4750;102.0750;
74.77;1;1;0;0;B;CF;8;8;8;8;8;393;162;3B4;3.2;27.4;8.0;14.6;5.5;76.7;0.0000;0.0638;0.2250;102.0500;
75.02;1;1;0;0;B;CF;8;8;8;8;8;393;162;3B4;3.2;27.4;8.0;14.6;5.5;76.7;0.0000;0.0628;0.0500;101.9750;
75.27;1;1;0;0;B;CF;8;8;8;8;8;392;162;3B4;3.2;27.3;8.0;14.6;5.5;76.7;0.0000;0.0628;-0.3250;101.9500;
75.52;1;1;0;0;B;CF;8;8;8;8;8;391;162;3B4;3.2;28.0;6.0;14.6;5.5;76.7;0.0000;0.0599;-0.3750;101.9750;
75.78;1;1;0;0;B;CF;7;8;8;8;8;38E;162;3B4;3.2;28.0;7.5;14.6;5.5;76.7;0.0000;0.0441;-0.4000;102.0250;
76.03;1;1;0;0;B;CF;7;8;7;7;7;394;162;3B4;3.2;28.3;6.5;14.6;5.5;76.7;0.0000;0.0420;-0.1000;101.9750;
76.28;1;1;0;0;B;CF;7;8;7;8;7;390;162;3B4;3.2;28.4;7.0;14.6;5.5;76.7;0.0000;0.0524;0.1000;102.0750;
76.53;1;0;0;0;B;CF;8;8;8;8;8;38D;162;3B4;3.2;28.4;9.0;14.6;5.5;76.7;0.0000;0.0687;0.4250;102.0750;
76.78;1;0;0;0;B;CF;8;9;8;8;8;391;162;3B4;3.2;28.4;6.5;14.6;5.5;76.7;0.0000;0.0817;0.4750;102.2750;
77.03;1;1;0;0;B;CF;9;9;9;9;9;38C;162;3B4;3.2;28.7;8.5;14.6;5.5;76.7;0.0000;0.0846;0.6500;102.2000;
77.28;1;1;0;0;B;CF;9;9;9;9;9;390;162;3B4;3.2;28.6;8.5;14.6;5.5;76.7;0.0000;0.0862;-0.0500;102.1500;
77.53;1;1;0;0;B;CF;9;9;9;9;9;38D;162;3B4;3.2;28.6;8.5;14.6;5.5;76.7;0.0000;0.0867;0.3750;102.2500;
77.78;1;1;0;0;B;CF;9;9;9;9;9;390;162;3B4;3.2;29.1;9.0;14.6;5.5;76.7;0.0000;0.0860;-0.1000;102.2250;
78.03;1;1;0;0;B;CF;9;9;9;9;9;38D;162;3B4;3.2;29.1;8.5;14.6;5.5;76.7;0.0000;0.0854;-0.1250;102.1500;
78.28;1;1;0;0;C;CF;9;9;9;9;9;389;162;3B4;3.2;29.8;10.0;14.6;5.5;76.7;0.0000;0.0837;-0.2250;102.2750;
78.53;1;1;0;0;C;CF;9;9;9;9;9;38C;162;3B4;3.2;30.3;10.5;14.5;5.5;76.7;0.0000;0.0751;-0.1250;102.2000;
78.78;1;1;0;0;C;CF;9;9;9;9;9;392;162;3B4;3.2;30.3;8.5;14.5;5.5;76.7;0.0000;0.0488;-0.2000;102.0250;
79.03;1;1;0;0;C;CF;8;9;8;9;9;387;162;3B4;3.2;30.5;10.5;14.5;5.5;76.7;0.0000;0.0362;-0.0500;102.0500;
79.28;1;1;0;0;C;CF;8;9;8;8;9;38B;162;3B4;3.2;31.1;11.0;14.5;5.5;76.7;0.0000;0.0364;-0.1000;102.2000;
79.53;1;1;0;0;C;CF;8;8;8;8;8;38D;162;3B4;3.2;31.1;10.5;14.5;5.5;76.7;0.0000;0.0366;-0.1750;102.0750;
79.78;1;1;0;0;C;CF;8;8;8;8;8;390;162;3B4;3.2;31.1;10.0;14.5;5.5;76.7;0.0000;0.0392;-0.1500;102.2000;
80.03;1;1;0;0;C;CF;8;8;8;8;8;38D;162;3B4;3.2;31.1;9.5;14.5;5.5;76.7;0.0000;0.0437;-0.1000;102.3250;
80.28;1;1;0;0;C;CF;8;8;8;8;8;389;162;3B4;3.2;30.9;11.5;14.5;5.5;76.7;0.0000;0.0453;-0.2750;102.2250;
80.53;1;1;0;0;C;CF;8;8;8;8;8;38E;162;3B4;3.2;31.4;10.0;14.5;5.5;76.7;0.0000;0.0493;-0.2250;102.3750;
80.80;1;1;0;0;C;CF;7;8;7;7;7;38B;162;3B4;3.2;31.4;10.0;14.5;5.5;76.7;0.0000;0.0707;-0.2000;102.3000;
81.05;1;1;0;0;C;CF;7;7;7;7;7;387;162;3B4;3.2;31.8;13.5;14.5;5.5;76.7;0.0000;0.0842;-0.2750;102.3000;
81.30;1;1;0;0;C;CF;7;7;7;7;7;38E;162;3B4;3.2;31.8;11.5;14.5;5.5;76.7;0.0000;0.0980;-0.4000;102.3000;
81.55;1;1;0;0;C;CF;6;7;6;7;7;389;162;3B4;3.2;32.1;12.5;14.4;5.5;76.7;0.0000;0.1075;-0.3500;102.2750;
81.80;1;1;0;0;C;CF;6;6;6;6;6;38F;162;3B4;3.2;32.1;10.0;14.4;5.5;76.7;0.0000;0.1080;-0.5000;102.2500;
82.05;1;1;0;0;C;CF;6;6;6;6;6;388;162;3B4;3.2;32.6;12.5;14.4;5.5;76.7;0.0000;0.1080;-0.4750;102.1750;
82.30;1;1;0;0;C;CF;5;5;5;5;5;38A;162;3B4;3.2;32.7;12.5;14.5;5.5;76.7;0.0000;0.1080;-0.3750;102.1750;
82.55;1;1;0;0;C;CF;5;5;5;5;5;387;162;3B4;3.2;32.7;12.0;14.5;5.5;76.7;0.0000;0.1083;-0.4250;102.2000;
82.80;1;1;0;0;C;CF;4;5;4;4;4;38C;162;3B4;3.2;32.8;11.0;14.5;5.5;76.7;0.0000;0.1325;-0.4250;102.2000;
83.05;1;1;0;0;C;CF;4;4;4;4;4;383;162;3B4;3.2;33.1;15.0;14.5;5.5;76.7;0.0000;0.1575;-0.5250;102.1500;
83.30;1;1;0;0;C;CF;4;4;4;4;4;387;162;3B4;3.2;33.1;14.5;14.5;5.5;76.7;0.0000;0.1820;-0.3750;102.2500;
83.55;1;1;0;0;C;CF;4;4;4;4;4;385;162;3B4;3.2;33.2;15.0;14.5;5.5;76.7;0.0000;0.2128;-0.1500;102.2250;
83.80;1;1;0;0;C;CF;3;4;3;4;3;38F;162;3B4;3.2;33.2;11.0;14.5;5.5;76.7;0.0000;0.2237;-0.1000;102.1750;
84.05;1;1;0;0;C;CF;3;3;3;3;3;38E;162;3B4;3.2;33.3;10.5;14.4;5.5;76.7;0.0000;0.2229;-0.1750;102.1250;
84.30;1;1;0;0;C;CF;3;3;3;3;3;386;162;3B4;3.2;33.6;13.0;14.4;5.5;76.7;0.0000;0.2224;-0.2250;102.1500;
84.55;1;1;0;0;C;CF;3;3;3;3;3;387;162;3B4;3.2;33.6;12.0;14.4;5.5;76.7;0.0000;0.2216;-0.3500;102.1250;
84.80;1;1;0;0;C;CF;2;2;2;2;2;38A;162;3B4;3.2;33.6;11.0;14.4;5.5;76.7;0.0000;0.2214;-0.2250;102.0500;
85.05;1;1;0;0;C;CF;2;2;2;2;2;384;162;3B4;3.2;33.6;13.0;14.4;5.5;76.7;0.0000;0.2214;-0.5750;102.0750;
85.30;1;1;0;0;C;CF;1;2;1;2;2;388;162;3B4;3.2;33.6;13.0;14.5;5.5;76.7;0.0000;0.2212;-0.4750;102.1500;
85.55;1;1;0;0;C;CF;1;1;1;1;1;38B;162;3B4;3.2;33.6;11.0;14.5;5.5;76.7;0.0000;0.2211;-0.6000;102.1250;
85.82;1;1;0;0;C;CF;1;1;1;1;1;387;162;3B4;3.2;33.8;10.0;14.5;5.5;76.7;0.0000;0.2206;-0.4250;102.1250;
86.07;1;1;0;0;C;CF;1;1;1;1;1;387;162;3B4;3.2;33.7;13.0;14.5;5.5;76.7;0.0000;0.2204;-0.1500;102.1500;
86.32;1;1;0;0;D;CF;0;1;0;1;0;384;162;3B4;3.2;33.7;10.0;14.5;5.5;76.7;0.0000;0.2203;-0.0250;102.2000;
86.57;1;1;0;0;D;CF;1;1;1;1;1;387;162;3B4;3.2;33.4;10.0;14.5;5.5;76.7;0.0000;0.2188;0.0750;102.2000;
86.82;1;1;0;0;D;CF;1;1;1;1;1;385;162;3B4;3.2;33.4;9.0;14.5;5.5;76.7;0.0000;0.2183;0.1000;102.2000;
87.07;1;1;0;0;D;CF;1;1;1;1;1;385;162;3B4;3.2;32.9;10.0;14.5;5.5;76.7;0.0000;0.2168;0.4500;102.2250;
87.32;1;1;0;0;D;CF;2;2;2;2;2;389;162;3B4;3.2;32.9;9.5;14.5;5.5;76.7;0.0000;0.2145;0.7250;102.2750;
87.57;1;1;0;0;D;CF;2;3;2;2;2;389;162;3B4;3.2;32.9;8.0;14.5;5.5;76.7;0.0000;0.2151;0.7750;102.2250;
87.82;1;1;0;0;D;CF;3;3;3;3;3;385;162;3B4;3.2;32.2;9.0;14.5;5.5;76.7;0.0000;0.2180;0.5000;102.3500;
88.07;1;1;0;0;D;CF;3;4;3;4;3;384;162;3B4;3.2;32.1;10.0;14.5;5.5;76.7;0.0000;0.2196;0.4500;102.2750;
88.32;1;1;0;0;D;CF;4;4;4;4;4;384;162;3B4;3.2;32.1;10.5;14.5;5.5;76.7;0.0000;0.2214;0.1500;102.3250;
88.57;1;1;0;0;D;CF;4;4;4;4;4;38A;162;3B4;3.2;31.9;8.5;14.5;5.5;76.7;0.0000;0.2305;0.1750;102.3000;
88.82;1;1;0;0;D;CF;3;4;3;4;4;382;162;3B4;3.2;31.9;9.5;14.5;5.5;76.7;0.0000;0.2353;-0.5250;102.2000;
89.07;1;1;0;0;D;CF;3;3;3;3;3;381;162;3B4;3.2;31.9;10.0;14.5;5.5;76.7;0.0000;0.2428;-0.5500;102.2750;
89.32;1;1;0;0;D;CF;3;3;3;3;3;38A;162;3B4;3.2;31.9;8.5;14.5;5.5;76.7;0.0000;0.2464;-0.4750;102.2250;
89.57;1;1;0;0;D;CF;2;3;2;3;3;389;162;3B4;3.2;32.4;6.0;14.5;5.5;76.7;0.0000;0.2437;-0.2750;102.2500;
89.82;1;1;0;0;D;CF;2;2;2;2;2;37F;162;3B4;3.2;32.4;7.0;14.5;5.5;76.7;0.0000;0.2455;-0.1500;102.3750;
90.07;1;1;0;0;D;CF;2;2;2;2;2;374;162;3B4;3.2;32.2;13.5;14.5;5.5;76.7;0.0000;0.2788;-0.1500;102.3750;
90.32;1;1;0;0;D;CF;2;2;2;2;2;386;162;3B4;3.2;32.2;10.5;14.5;5.5;76.7;0.0000;0.3122;0.3500;0.0000;
90.57;1;1;0;0;D;CF;3;3;2;3;3;388;162;3B4;3.2;32.2;8.5;14.5;5.5;76.7;0.0000;0.3292;0.7250;0.0750;
90.84;1;1;0;0;D;CF;3;4;3;4;3;384;162;3B4;3.2;32.3;8.5;14.5;5.5;76.7;0.0000;0.3420;0.7750;102.3750;
91.09;1;1;0;0;D;CF;4;4;4;4;4;381;162;3B4;3.2;32.4;8.5;14.5;5.5;76.7;0.0000;0.3457;0.3750;0.2750;
91.34;1;1;0;0;D;CF;4;4;3;4;4;377;162;3B4;3.2;32.4;14.5;14.5;5.5;76.7;0.0000;0.3643;-0.0250;0.1750;
91.59;1;1;0;0;D;CF;4;4;4;4;4;385;162;3B4;3.2;32.9;12.5;14.5;5.5;76.7;0.0000;0.3659;0.3250;101.5250;
91.84;1;0;0;0;D;CF;4;5;4;5;4;38D;162;3B4;3.2;33.0;5.0;14.5;5.5;76.7;0.0000;0.3654;0.3500;102.3250;
92.09;1;0;0;0;D;CF;5;6;5;5;5;385;162;3B4;3.2;33.0;6.5;14.6;5.5;76.7;0.0000;0.3641;0.5250;102.2250;
92.34;1;0;0;0;D;CF;5;6;5;6;5;37C;162;3B4;3.2;32.6;9.5;14.6;5.5;76.7;0.0000;0.3646;0.5250;102.3750;
92.59;1;0;0;0;D;CF;6;6;5;6;6;382;162;3B4;3.2;32.6;9.5;14.5;5.5;76.7;0.0000;0.3696;0.4250;0.2250;
92.84;1;0;0;0;D;CF;6;7;6;7;6;380;162;3B4;3.2;32.5;8.0;14.5;5.5;76.7;0.0000;0.3714;0.4500;0.1000;
93.09;1;0;0;0;D;CF;6;7;6;7;6;37B;162;3B4;3.2;32.2;11.5;14.6;5.5;76.7;0.0000;0.3869;0.2000;0.2750;
93.34;1;0;0;0;D;CF;6;7;6;7;7;37F;162;3B4;3.2;32.2;11.0;14.6;5.5;76.7;0.0000;0.4288;0.2250;102.2250;
93.59;1;0;0;0;D;CF;7;8;6;7;7;37E;162;3B4;3.2;32.2;11.5;14.6;5.5;76.7;0.0000;0.5104;0.2250;0.2500;
93.84;1;0;0;0;D;CF;7;8;6;8;7;388;162;3B4;3.2;31.4;10.0;14.6;5.5;76.7;0.0000;0.5196;0.1500;102.2000;
94.09;1;0;0;0;D;CF;7;8;6;8;7;385;162;3B4;3.2;30.7;9.0;14.6;5.5;76.7;0.0000;0.5246;0.1500;0.5750;
94.34;1;0;0;0;D;CF;7;8;7;8;7;382;162;3B4;3.2;30.7;8.0;14.6;5.5;76.7;0.0000;0.5309;0.1250;0.2500;
94.59;1;0;0;0;D;CF;7;9;7;8;8;381;162;3B4;3.2;30.5;9.0;14.6;5.5;76.7;0.0000;0.5325;0.2000;0.1750;
94.84;1;0;0;0;D;CF;7;9;7;9;8;39D;162;3B4;3.2;30.4;24.5;14.6;5.5;76.7;0.0000;0.5267;0.1750;0.2750;
95.09;1;0;0;0;D;CF;8;9;7;9;8;3B9;162;3B4;3.2;30.4;8.5;14.6;5.5;76.7;0.0000;0.5194;0.2250;0.4750;
95.34;1;0;0;0;D;CF;8;A;8;9;9;3B5;162;3B4;3.2;30.4;9.0;14.6;5.5;76.7;0.0000;0.4965;0.2750;0.3500;
95.59;1;0;0;0;D;CF;8;A;8;A;9;3AC;162;3B4;3.2;30.4;14.0;14.6;5.5;76.7;0.0000;0.4667;0.4000;0.4750;
95.85;1;0;0;0;D;CF;9;A;8;A;9;3A3;162;3B4;3.2;30.1;21.5;14.6;5.5;76.7;0.0000;0.4515;0.4250;0.4250;
96.10;1;0;0;0;E;CF;A;B;9;B;A;3AD;162;3B4;3.2;30.3;23.5;14.6;5.5;76.7;0.0000;0.4148;0.5250;0.2500;
96.35;1;0;0;0;E;CF;A;B;A;B;A;3B1;162;3B4;3.2;30.3;20.0;14.6;5.5;76.7;0.0118;0.3145;0.5250;0.2500;
96.60;1;0;0;0;E;CF;A;C;A;B;B;3B2;162;3B4;3.2;30.7;22.0;14.6;5.5;76.7;0.0235;0.2649;0.5000;0.2500;
96.85;1;0;0;0;E;CF;B;C;B;C;B;3A4;162;3B4;3.2;30.4;32.0;14.6;5.5;76.7;0.0235;0.2028;0.6000;0.0250;
97.10;1;0;0;0;E;CF;C;C;C;C;C;3A6;162;3B4;3.2;30.4;33.5;14.6;5.5;76.7;0.0353;0.1289;0.6500;102.2250;
97.35;1;0;0;0;E;CF;D;D;D;D;D;399;162;3B4;3.2;30.4;47.5;14.6;5.5;76.7;0.0549;-0.0070;0.7000;102.0000;
97.60;1;0;0;0;E;CF;E;E;E;E;E;3A5;162;3B4;3.2;30.4;58.5;14.6;5.5;76.7;0.0588;-0.0359;0.7750;101.9500;
97.85;1;0;0;0;E;CF;E;E;F;E;E;3B2;162;3B4;3.2;29.8;60.5;14.6;5.5;76.7;0.0824;-0.0470;0.8250;102.0250;
98.10;0;0;0;0;E;CF;F;F;F;F;F;3D1;162;3B4;3.2;29.8;36.5;14.6;5.5;76.7;0.0941;-0.0475;0.7250;102.1500;
98.35;0;0;0;0;E;CF;10;F;10;F;F;3E9;162;3B4;3.2;29.9;8.5;14.5;5.5;76.7;0.2000;-0.0524;0.4750;102.0500;
98.60;0;0;0;0;E;CF;10;10;10;10;10;419;162;3B4;3.2;29.9;26.5;14.5;5.5;76.7;0.2157;-0.0601;0.3500;101.8500;
98.85;0;0;0;0;E;CF;10;10;10;10;10;42B;162;3B4;3.2;29.9;45.5;14.5;5.5;76.7;0.2157;-0.0710;0.4500;101.6500;
99.10;0;0;0;0;E;CF;11;11;11;11;11;446;162;3B4;3.2;29.2;53.0;14.5;5.5;76.7;0.2431;-0.0826;0.5500;101.5750;
99.35;0;0;0;0;E;CF;12;11;12;11;12;47B;162;3B4;3.2;29.2;68.5;14.5;5.5;76.7;0.2471;-0.0994;0.7000;101.6250;
99.60;0;0;0;0;E;CF;13;12;13;12;12;4A3;162;3B4;3.2;28.7;73.0;14.5;5.5;76.7;0.2471;-0.0997;0.7750;101.7250;
99.85;0;0;0;0;E;CF;13;13;13;13;13;4DB;162;3B4;3.2;27.8;75.0;14.5;5.5;76.7;0.2471;-0.0999;0.8250;101.4750;
100.10;0;0;0;0;E;CF;14;13;14;14;14;4FD;162;3B4;3.2;27.8;76.0;14.5;5.5;76.7;0.2471;-0.0996;0.7750;101.5500;
100.35;0;0;0;0;E;CF;15;14;15;14;14;52E;162;3B4;3.2;27.1;76.0;14.5;5.5;76.7;0.2471;-0.0753;0.7500;101.6750;
100.60;0;0;0;0;E;CF;15;15;16;15;15;55C;162;3B4;3.2;27.1;74.5;14.5;5.5;76.7;0.2471;-0.0626;0.7750;101.8250;
100.86;0;0;0;0;E;CF;16;16;16;16;16;588;162;3B4;3.2;26.6;74.0;14.5;5.5;76.7;0.2471;-0.0418;0.7250;101.8000;
101.11;0;0;0;0;E;CF;16;17;17;17;17;5BB;162;3B4;3.2;26.1;68.0;14.5;5.5;76.7;0.2353;-0.0095;0.7000;0.0500;
101.36;0;0;0;0;E;CF;17;17;17;17;17;5C7;162;3B4;3.2;26.1;69.5;14.5;5.5;76.7;0.2314;0.0320;0.7000;102.3500;
101.61;0;0;0;0;E;CF;18;18;18;18;18;604;162;3B4;3.2;25.9;65.5;14.5;5.5;76.7;0.2314;0.0464;0.6500;0.2250;
101.86;0;0;0;0;E;CF;18;19;18;18;18;62D;162;3B4;3.2;25.9;63.0;14.5;5.5;76.7;0.2314;0.0534;0.7000;0.2250;
102.11;0;0;0;0;E;CF;19;19;19;19;19;661;162;3B4;3.2;26.3;61.5;14.5;5.5;76.7;0.2314;0.0541;0.7250;0.2750;
102.36;0;0;0;0;E;CF;19;1A;19;1A;1A;681;162;3B4;3.2;26.3;60.5;14.5;5.5;76.7;0.2157;0.0533;0.7250;0.3500;
102.61;1;0;0;0;E;CF;1A;1B;1A;1A;1A;672;162;3B4;3.2;26.7;-68.0;14.5;5.5;76.7;0.0000;0.0491;0.5250;0.2000;
102.86;1;0;0;0;E;CF;1A;1B;1A;1B;1A;542;162;3B4;3.2;26.5;-57.0;14.5;5.5;76.7;0.0000;0.0384;0.2500;0.1250;
103.11;1;0;0;0;E;CF;1B;1B;1B;1B;1B;398;162;3B4;3.2;26.5;-12.0;14.5;5.5;76.7;0.0000;0.0321;0.2750;0.0750;
103.36;1;0;0;0;E;CF;1B;1B;1B;1B;1B;35F;162;3B4;3.2;27.5;18.0;14.5;5.5;76.7;0.0000;0.0275;0.2000;0.0000;
103.61;1;0;0;0;E;CF;1B;1B;1B;1B;1B;38E;162;3B4;3.2;27.5;4.5;14.5;5.5;76.7;0.0706;0.0267;0.2500;102.3000;
103.86;1;0;0;0;E;CF;1B;1B;1B;1B;1B;42E;162;3B4;3.2;27.8;-0.5;14.5;5.5;76.7;0.1255;0.0252;0.1000;0.0250;
104.11;0;0;0;0;E;CF;1B;1B;1B;1B;1B;446;162;3B4;3.2;28.3;22.0;14.5;5.5;76.7;0.1529;0.0232;0.1500;0.0750;
104.36;0;0;0;0;E;CF;1C;1C;1B;1C;1C;457;162;3B4;3.2;28.3;20.0;14.5;5.5;76.7;0.1529;0.0091;0.2000;102.3250;
104.61;0;0;0;0;E;CF;1C;1C;1C;1C;1C;463;162;3B4;3.2;29.1;21.5;14.5;5.5;76.7;0.1294;0.0026;0.3500;102.2000;
104.86;0;0;0;0;E;CF;1C;1C;1C;1C;1C;440;162;3B4;3.2;29.3;-20.0;14.5;5.5;76.7;0.0000;0.0004;0.2750;102.2250;
105.11;0;0;0;0;E;CF;1C;1C;1C;1C;1C;458;162;3B4;3.2;29.3;-58.5;14.5;5.5;76.7;0.0000;0.0004;0.0500;102.1500;
105.36;0;0;0;0;F;CF;1C;1C;1C;1C;1C;459;162;3B4;3.2;29.9;-65.0;14.5;5.5;76.7;0.0000;0.0020;-0.1000;0.1000;
105.61;0;0;0;0;F;CF;1C;1B;1B;1C;1C;456;162;3B4;3.2;29.9;-67.0;14.5;5.5;76.7;0.0000;0.0003;-0.1500;0.6500;
105.88;0;0;0;0;F;CF;1B;1B;1B;1B;1B;44C;162;3B4;3.2;30.3;-66.5;14.5;5.5;76.7;0.0000;-0.0009;-0.2500;102.2250;
106.13;0;0;0;0;F;CF;1B;1B;1B;1B;1B;43D;162;3B4;3.2;30.3;-66.5;14.5;5.5;76.7;0.0000;-0.0013;-0.2500;102.0000;
106.38;0;0;0;0;F;CF;1B;1B;1B;1B;1B;41D;162;3B4;3.2;30.5;-66.5;14.5;5.5;76.7;0.0000;-0.0009;-0.2500;101.9500;
106.63;0;0;0;0;F;CF;1B;1A;1B;1A;1B;424;162;3B4;3.2;30.5;-66.5;14.5;5.5;76.7;0.0000;-0.0011;-0.3250;102.0000;
106.88;0;0;0;0;F;CF;1A;1A;1A;1A;1B;424;162;3B4;3.2;30.4;-66.5;14.5;5.5;76.7;0.0000;-0.0008;-0.2000;102.1750;
107.13;0;0;0;0;F;CF;1A;1A;1A;1A;1A;414;162;3B4;3.2;30.6;-66.5;14.5;5.5;76.7;0.0000;0.0001;-0.2750;102.1750;
107.38;0;0;0;0;F;CF;1A;1A;1A;1A;1A;40F;162;3B4;3.2;30.6;-66.5;14.5;5.5;76.7;0.0000;-0.0003;-0.2750;102.0750;
107.63;0;0;0;0;F;CF;1A;1A;19;19;1A;401;162;3B6;3.2;30.4;-66.5;14.5;5.5;76.7;0.0000;-0.0003;-0.2750;101.9750;
107.88;0;0;0;0;F;CF;19;19;19;19;1A;400;162;3B6;3.2;30.3;-66.5;14.5;5.5;76.7;0.0000;-0.0001;-0.2500;102.2250;
108.13;0;0;0;0;F;CF;19;19;19;19;19;3F3;162;3B4;3.2;30.3;-66.5;14.5;5.5;76.7;0.0000;0.0020;-0.2500;102.1500;
108.38;0;0;0;0;F;CF;19;19;19;19;19;3EB;162;3B4;3.2;30.5;-67.0;14.5;5.5;76.7;0.0000;0.0064;-0.3250;102.2500;
108.63;0;0;0;0;F;CF;19;19;19;19;19;3E2;162;3B4;3.2;30.5;-67.0;14.5;5.5;76.7;0.0000;0.0107;-0.2750;102.2000;
108.88;0;0;0;0;F;CF;18;19;18;18;19;3D8;162;3B6;3.2;30.6;-67.0;14.5;5.5;76.7;0.0000;0.0159;-0.2750;102.2000;
109.13;0;0;0;0;F;CF;18;19;18;18;18;3CF;162;3B6;3.2;30.7;-67.0;14.5;5.5;76.7;0.0000;0.0249;-0.2750;0.0500;
109.38;0;0;0;0;F;CF;18;18;18;18;18;3C6;162;3B6;3.2;30.7;-62.5;14.5;5.5;76.7;0.0000;0.0255;-0.2500;102.3000;
109.63;0;0;0;0;F;CF;18;18;18;18;18;3BF;162;3B4;3.2;30.9;-59.5;14.5;5.5;76.7;0.0000;0.0257;-0.2250;0.2500;
109.88;0;0;0;0;F;CF;18;18;17;18;18;3BA;162;3B4;3.2;30.9;-56.5;14.5;5.5;76.7;0.0000;0.0257;-0.2500;102.3000;
110.13;0;0;0;0;F;CF;17;17;17;18;18;3B0;162;3B6;3.2;30.9;-45.5;14.5;5.5;76.7;0.0000;0.0259;-0.2250;0.0000;
110.38;0;0;0;0;F;CF;17;18;17;17;17;3B3;162;3B4;3.2;30.9;-41.5;14.5;5.5;76.7;0.0000;0.0259;-0.1250;102.3500;
110.63;0;0;0;0;F;CF;17;18;17;17;17;3AB;162;3B4;3.1;30.9;-45.0;14.5;5.5;76.7;0.0000;0.0259;-0.0750;102.3000;
110.89;0;0;0;0;F;CF;17;17;17;17;17;3A9;162;3B6;3.1;31.2;-48.5;14.5;5.5;76.7;0.0000;0.0259;-0.0750;102.2500;
111.14;0;0;0;0;F;CF;17;17;17;17;17;3A3;162;3B4;3.1;31.2;-50.5;14.5;5.5;76.7;0.0000;0.0259;-0.1500;0.0250;
111.39;0;0;0;0;F;CF;17;17;17;17;17;39E;162;3B4;3.2;31.1;-49.5;14.5;5.5;76.7;0.0000;0.0259;-0.1750;0.0500;
111.64;0;0;0;0;F;CF;17;17;17;17;17;399;162;3B4;3.1;31.1;-49.0;14.5;5.5;76.7;0.0000;-0.0022;-0.1250;102.0750;
111.89;0;0;0;0;F;CF;17;17;17;17;17;398;162;3B4;3.1;31.1;-49.5;14.5;5.5;76.7;0.0000;-0.0162;-0.1500;102.2500;
112.14;0;0;0;0;F;CF;17;17;17;17;17;394;162;3B6;3.1;31.4;-42.5;14.5;5.5;76.7;0.0000;-0.0181;-0.1500;102.2500;
112.39;0;0;0;0;F;CF;17;17;17;16;17;38E;162;3B6;3.1;31.4;-40.5;14.5;5.5;76.7;0.0000;-0.0217;-0.1000;102.0000;
112.64;0;0;0;0;F;CF;17;16;17;16;17;38E;162;3B6;3.2;31.0;-37.5;14.5;5.5;76.7;0.0000;-0.0217;-0.1000;101.9250;
112.89;0;0;0;0;F;CF;17;16;16;16;17;387;162;3B6;3.2;30.8;-37.5;14.5;5.5;76.7;0.0000;-0.0217;-0.1000;102.2250;
113.14;0;0;0;0;F;CF;17;16;17;16;17;385;162;3B4;3.2;30.8;-37.0;14.5;5.5;76.7;0.0000;-0.0217;-0.0500;102.0750;
113.39;0;0;0;0;F;CF;17;16;17;16;17;38C;162;3B6;3.2;31.1;-40.0;14.5;5.5;76.7;0.0000;-0.0217;-0.0250;102.1750;
113.64;0;0;0;0;F;CF;17;16;16;16;16;388;162;3B6;3.2;30.7;-42.5;14.5;5.5;76.7;0.0000;-0.0216;-0.0500;102.0750;
113.89;0;0;0;0;F;CF;16;16;16;16;16;383;162;3B6;3.2;30.7;-38.0;14.5;5.5;76.7;0.0000;-0.0214;-0.1000;102.0750;
114.14;0;0;0;0;F;CF;16;16;16;16;16;382;162;3B6;3.2;30.5;-32.5;14.5;5.5;76.7;0.0000;-0.0212;-0.1000;102.0500;
114.39;0;0;0;0;F;CF;16;16;16;16;16;37D;162;3B6;3.2;30.5;-32.0;14.5;5.5;76.7;0.0000;-0.0214;-0.0750;102.0750;
114.64;0;0;0;0;F;CF;16;16;16;16;16;37D;162;3B6;3.2;30.5;-35.5;14.5;5.5;76.7;0.0000;-0.0209;-0.0250;102.1500;
114.89;0;0;0;0;F;CF;16;16;16;16;16;37F;162;3B6;3.2;30.5;-37.5;14.5;5.5;76.7;0.0000;-0.0198;-0.0750;102.1500;
115.14;0;0;0;0;F;CF;16;16;16;16;16;37D;162;3B6;3.2;30.0;-33.5;14.5;5.5;76.7;0.0000;-0.0184;-0.0750;102.0500;
115.39;0;0;0;0;F;CF;16;16;16;16;16;37C;162;3B6;3.2;30.0;-33.0;14.5;5.5;76.7;0.0000;-0.0122;-0.0250;102.2000;
115.64;0;0;0;0;F;CF;16;16;16;16;16;37B;162;3B6;3.2;30.0;-34.5;14.5;5.5;76.7;0.0000;-0.0088;-0.0500;102.2000;
115.90;0;0;0;0;F;CF;16;16;16;16;16;378;162;3B6;3.2;30.1;-32.5;14.5;5.5;76.7;0.0000;-0.0061;-0.0250;102.1500;
116.15;0;0;0;0;F;CF;16;16;16;16;16;377;162;3B6;3.2;30.1;-36.0;14.5;5.5;76.7;0.0000;-0.0038;0.0000;102.2750;
116.40;0;0;0;0;F;CF;16;16;16;16;16;377;162;3B6;3.2;29.9;-36.5;14.5;5.5;76.7;0.0000;-0.0041;-0.0500;102.1250;
116.65;0;0;0;0;F;CF;16;16;16;16;16;376;162;3B6;3.2;30.1;-36.0;14.5;5.5;76.7;0.0000;-0.0038;-0.0500;102.1500;
116.90;0;0;0;0;F;CF;16;16;16;16;16;376;162;3B6;3.2;30.1;-29.5;14.5;5.5;76.7;0.0000;-0.0029;-0.1500;101.9500;
117.15;0;0;0;0;F;CF;16;16;16;16;16;370;162;3B6;3.2;30.2;-22.5;14.5;5.5;76.7;0.0000;0.0016;-0.1250;102.0250;
117.40;0;0;0;0;F;CF;16;16;16;16;16;372;162;3B6;3.2;30.2;-19.0;14.5;5.5;76.7;0.0000;0.0036;0.0000;102.0750;
117.65;0;0;0;0;F;CF;16;16;16;16;16;371;162;3B6;3.2;29.9;-25.0;14.5;5.5;76.7;0.0000;0.0087;0.0500;102.1500;
117.90;0;0;0;0;F;CF;16;16;16;16;16;372;162;3B6;3.2;29.9;-32.0;14.5;5.5;76.7;0.0000;0.0146;0.0500;102.1500;
118.15;0;0;0;0;10;CF;16;16;16;16;16;375;162;3B6;3.2;29.9;-34.5;14.5;5.5;76.7;0.0000;0.0242;0.0000;102.1250;
118.40;0;0;0;0;10;CF;16;16;16;16;16;377;162;3B6;3.2;30.1;-36.0;14.5;5.5;76.7;0.0000;0.0243;-0.0500;102.1750;
118.65;0;0;0;0;10;CF;16;16;16;16;16;375;162;3B6;3.2;30.1;-39.5;14.5;5.5;76.7;0.0000;0.0246;0.0250;102.1500;
118.90;0;0;0;0;10;CF;16;16;16;16;16;372;162;3B6;3.2;30.0;-34.5;14.5;5.5;76.7;0.0000;0.0246;-0.1000;0.0750;
119.15;0;0;0;0;10;CF;16;16;16;16;16;374;162;3B6;3.2;30.0;-31.0;14.5;5.5;76.7;0.0000;0.0249;-0.0500;0.0000;
119.40;0;0;0;0;10;CF;16;16;16;16;16;36E;162;3B6;3.2;30.3;-28.0;14.5;5.5;76.7;0.0000;0.0249;-0.0250;102.3000;
119.65;0;0;0;0;10;CF;16;16;16;16;16;373;162;3B6;3.2;30.2;-25.5;14.5;5.5;76.7;0.0000;0.0249;0.0000;102.2500;
119.90;0;0;0;0;10;CF;16;16;16;16;16;370;162;3B6;3.2;30.2;-29.0;14.5;5.5;76.7;0.0000;0.0249;0.0000;102.3000;
120.15;0;0;0;0;10;CF;16;16;16;16;16;36F;162;3B6;3.2;30.0;-33.0;14.5;5.5;76.7;0.0000;0.0246;-0.0250;102.3250;
120.40;0;0;0;0;10;CF;16;16;16;16;16;374;162;3B6;3.2;30.0;-30.5;14.5;5.5;76.7;0.0000;0.0236;-0.0250;102.2500;
120.65;0;0;0;0;10;CF;16;16;16;16;16;376;162;3B6;3.2;30.1;-30.0;14.5;5.5;76.7;0.0000;0.0224;0.0000;102.3500;
120.92;0;0;0;0;10;CF;16;16;16;16;16;374;162;3B6;3.2;30.2;-32.0;14.5;5.5;76.7;0.0000;0.0202;-0.0500;102.2750;
121.17;0;0;0;0;10;CF;16;16;16;16;16;371;162;3B6;3.2;30.2;-34.0;14.5;5.5;76.7;0.0000;0.0158;-0.0250;102.2500;
121.42;0;0;0;0;10;CF;16;16;16;16;16;36F;162;3B6;3.2;30.1;-33.5;14.5;5.5;76.7;0.0000;0.0112;-0.0750;102.2250;
121.67;0;0;0;0;10;CF;16;16;16;16;16;36D;162;3B6;3.2;30.3;-32.0;14.5;5.5;76.7;0.0000;0.0091;-0.0750;102.0500;
121.92;0;0;0;0;10;CF;16;16;16;16;16;372;162;3B6;3.2;30.3;-32.5;14.5;5.5;76.7;0.0000;0.0069;0.0000;102.1250;
122.17;0;0;0;0;10;CF;16;16;16;16;16;371;162;3B6;3.2;30.4;-31.0;14.5;5.5;76.7;0.0000;0.0025;-0.0500;102.1250;
122.42;0;0;0;0;10;CF;16;16;16;16;16;36D;162;3B6;3.2;30.4;-24.5;14.5;5.5;76.7;0.0000;0.0007;-0.0750;102.1500;
122.67;0;0;0;0;10;CF;16;16;16;16;16;370;162;3B6;3.2;30.2;-23.5;14.5;5.5;76.7;0.0000;-0.0004;0.0000;102.2250;
122.92;0;0;0;0;10;CF;16;16;16;16;16;370;162;3B6;3.2;30.2;-27.5;14.5;5.5;76.7;0.0000;-0.0008;0.0250;102.1500;
123.17;0;0;0;0;10;CF;16;16;16;16;16;370;162;3B6;3.2;30.1;-30.0;14.5;5.5;76.7;0.0000;-0.0018;0.0250;101.9250;
123.42;0;0;0;0;10;CF;16;16;16;16;16;370;162;3B6;3.2;30.1;-29.0;14.5;5.5;76.7;0.0000;-0.0004;-0.0250;102.1250;
123.67;0;0;0;0;10;CF;16;16;16;16;16;36F;162;3B6;3.2;30.1;-27.5;14.5;5.5;76.7;0.0000;0.0001;-0.0750;102.0750;
123.92;0;0;0;0;10;CF;16;16;16;16;16;36F;162;3B6;3.2;30.0;-25.0;14.5;5.5;76.7;0.0000;0.0034;-0.0500;102.0500;
124.17;0;0;0;0;10;CF;16;16;16;16;16;36D;162;3B6;3.2;30.0;-23.5;14.5;5.5;76.7;0.0000;0.0097;0.0000;102.2500;
124.42;0;0;0;0;10;CF;16;16;16;16;16;36F;162;3B6;3.2;29.9;-22.5;14.5;5.5;76.7;0.0000;0.0153;0.0000;102.3000;
124.67;0;0;0;0;10;CF;16;16;16;16;16;372;162;3B6;3.2;29.9;-26.0;14.5;5.5;76.7;0.0000;0.0168;0.0250;102.3250;
124.92;0;0;0;0;10;CF;16;16;16;16;16;375;162;3B6;3.2;29.9;-37.0;14.5;5.5;76.7;0.0000;0.0184;0.0750;102.3750;
125.17;0;0;0;0;10;CF;16;16;16;16;16;373;162;3B6;3.2;29.8;-42.5;14.5;5.5;76.7;0.0000;0.0180;-0.0500;102.1500;
125.42;0;0;0;0;10;CF;16;16;16;16;16;36C;162;3B6;3.2;29.8;-29.5;14.5;5.5;76.7;0.0000;0.0136;-0.1750;0.1000;
125.67;0;0;0;0;10;CF;16;16;16;16;16;368;162;3B6;3.2;30.0;-20.5;14.5;5.5;76.7;0.0000;0.0091;-0.0500;102.3000;
125.93;0;0;0;0;10;CF;16;16;16;16;16;36D;162;3B6;3.2;30.1;-15.5;14.5;5.5;76.7;0.0000;0.0066;-0.0500;102.3750;
126.18;0;0;0;0;10;CF;16;16;16;16;16;36B;162;3B6;3.2;30.1;-11.0;14.5;5.5;76.7;0.0000;0.0057;0.0000;102.0250;
126.43;0;0;0;0;10;CF;16;16;16;16;16;36E;162;3B6;3.2;29.9;-11.0;14.5;5.5;76.7;0.0000;0.0057;0.0000;102.3500;
126.68;0;0;0;0;10;CF;16;16;16;16;16;36E;162;3B6;3.2;30.0;-12.5;14.5;5.5;76.7;0.0000;0.0057;0.0000;102.1750;
126.93;0;0;0;0;10;CF;16;16;16;16;16;36A;162;3B6;3.2;30.0;-9.0;14.5;5.5;76.7;0.0000;0.0047;-0.1000;102.3000;
127.18;1;0;0;0;10;CF;16;15;15;16;16;36B;162;3B6;3.2;30.0;-2.5;14.5;5.5;76.7;0.0000;0.0026;-0.0750;102.1750;
127.43;1;0;0;0;10;CF;16;16;16;16;16;35E;162;3B6;3.2;30.1;11.5;14.5;5.5;76.7;0.0000;0.0046;-0.0250;102.2500;
127.68;1;0;0;0;10;CF;16;16;15;16;16;36D;162;3B6;3.2;29.8;9.0;14.5;5.5;76.7;0.0000;0.0046;-0.0500;102.1750;
127.93;1;0;0;0;10;CF;16;16;15;15;16;36E;162;3B6;3.2;29.8;9.5;14.5;5.5;76.7;0.0000;0.0052;-0.0750;102.2500;
128.18;1;0;0;0;10;CF;15;15;15;15;15;36E;162;3B6;3.2;29.8;10.0;14.5;5.5;76.7;0.0000;0.0189;-0.1000;102.2750;
128.43;1;0;0;0;10;CF;15;15;15;15;15;3BB;162;3B6;3.2;29.8;-24.0;14.5;5.5;76.7;0.0000;0.0326;-0.2250;102.2000;
128.68;1;0;0;0;10;CF;14;14;14;15;15;3BE;162;3B6;3.2;29.9;-44.5;14.5;5.5;76.7;0.0196;0.0400;-0.4500;102.2250;
128.93;1;0;0;0;10;CF;14;14;14;14;14;3B0;162;3B6;3.2;29.9;-23.5;14.5;5.5;76.7;0.0706;0.0524;-0.5500;0.2250;
129.18;1;0;0;0;10;CF;12;13;12;13;13;3FB;162;3B6;3.2;29.9;-19.5;14.5;5.5;76.7;0.0824;0.1465;-0.8000;0.9000;
129.43;1;0;0;0;10;CF;12;13;12;13;12;4D3;162;3B6;3.2;30.3;8.5;14.5;5.5;76.7;0.1294;0.1946;-0.9750;1.1000;
129.68;1;0;0;0;10;CF;12;13;11;13;12;49E;162;3B6;3.2;30.9;15.0;14.5;5.5;76.7;0.1373;0.2328;-0.3750;1.4500;
129.93;0;0;0;0;10;CF;11;13;11;13;12;47F;162;3B6;3.2;30.9;36.5;14.5;5.5;76.7;0.1765;0.2847;-0.2250;1.9500;
130.18;0;0;0;0;10;CF;11;14;11;13;12;49D;162;3B6;3.2;31.2;30.5;14.5;5.5;76.7;0.1765;0.3593;-0.1000;2.4000;
130.43;0;0;0;0;10;CF;11;14;11;13;12;497;162;3B6;3.2;31.2;35.0;14.5;5.5;76.7;0.2353;0.3751;-0.0750;1.9250;
130.68;0;0;0;0;10;CF;11;13;11;13;12;4A1;162;3B6;3.2;32.4;55.0;14.5;5.5;76.7;0.2549;0.3751;0.0250;1.7500;
130.94;0;0;0;0;10;CF;11;14;11;13;12;49B;162;3B6;3.2;33.1;74.0;14.5;5.5;76.7;0.2588;0.3795;0.0000;1.8000;
131.19;0;0;0;0;10;CF;11;14;11;13;12;4A3;162;3B6;3.2;33.1;81.0;14.5;5.5;76.7;0.3020;0.3864;0.0750;2.2500;
131.44;0;0;0;0;10;CF;12;14;11;14;13;4B1;162;3B6;3.2;33.5;103.0;14.5;5.5;76.7;0.3020;0.3864;0.1750;1.8250;
131.69;0;0;0;0;10;CF;12;14;12;14;13;4C6;164;3B6;3.2;33.5;108.0;14.5;5.5;76.7;0.3020;0.3864;0.1750;2.3500;
131.94;0;0;0;0;10;CF;12;14;12;14;13;4D4;164;3B6;3.2;34.6;114.0;14.5;5.5;76.7;0.3098;0.3846;0.2750;1.8500;
132.19;0;0;0;0;10;CF;13;15;12;14;14;4E7;164;3B6;3.2;34.6;116.0;14.5;5.5;76.7;0.3137;0.3362;0.3750;1.6500;
132.44;0;0;0;0;10;CF;13;15;13;15;14;50E;164;3B6;3.2;35.3;121.5;14.5;5.5;76.7;0.3255;0.2633;0.4500;0.9750;
132.69;0;0;0;0;10;CF;14;15;14;15;14;527;164;3B6;3.2;35.6;127.5;14.5;5.5;76.7;0.3412;0.2020;0.5500;0.8000;
132.94;0;0;0;0;10;CF;14;15;14;15;15;551;164;3B6;3.2;35.6;139.5;14.5;5.5;76.7;0.3569;0.1564;0.5500;0.6750;
133.19;0;0;0;0;10;CF;15;16;15;16;15;56B;164;3B6;3.2;35.1;144.5;14.5;5.5;76.7;0.3569;0.1073;0.5500;0.4500;
133.44;0;0;0;0;10;CF;16;16;16;16;16;595;164;3B6;3.2;34.5;147.5;14.5;5.5;76.7;0.3569;0.0824;0.5250;0.0500;
133.69;0;0;0;0;10;CF;16;17;16;17;16;5A4;164;3B6;3.2;34.5;148.5;14.5;5.5;76.7;0.3608;0.0644;0.5500;0.1000;
133.94;0;0;0;0;10;CF;17;17;17;17;17;5CF;164;3B6;3.2;33.3;152.0;14.5;5.5;76.7;0.3608;0.0506;0.5250;102.3500;
134.19;0;0;0;0;10;CF;17;17;17;18;17;5E2;164;3B6;3.2;33.3;151.5;14.5;5.5;76.7;0.3647;0.0242;0.5250;102.2750;
134.44;0;0;0;0;10;CF;18;18;18;18;18;602;164;3B6;3.2;32.4;152.5;14.5;5.5;76.7;0.3647;0.0122;0.5000;102.2250;
134.69;0;0;0;0;10;CF;18;18;18;18;18;61B;164;3B6;3.2;30.8;153.5;14.5;5.5;76.7;0.3647;0.0095;0.4750;102.1500;
134.94;0;0;0;0;10;CF;18;19;18;18;18;62E;164;3B6;3.2;30.8;149.0;14.5;5.5;76.7;0.3490;0.0091;0.4000;102.3000;
135.19;0;0;0;0;10;CF;19;19;19;19;19;63F;164;3B6;3.2;29.5;139.0;14.5;5.5;76.7;0.3373;0.0062;0.2500;102.2250;
135.44;0;0;0;0;10;CF;19;19;19;19;19;644;164;3B6;3.2;29.5;111.0;14.5;5.5;76.7;0.2941;0.0057;0.2000;102.2500;
135.69;0;0;0;0;10;CF;19;19;19;19;19;642;164;3B6;3.2;28.5;96.0;14.5;5.5;76.7;0.2784;0.0046;-0.0750;102.2750;
135.96;0;0;0;0;11;CF;19;19;19;19;19;63D;164;3B6;3.2;28.5;93.0;14.5;5.5;76.7;0.2863;0.0056;-0.1000;102.3000;
136.21;0;0;0;0;11;CF;18;18;18;18;19;629;164;3B6;3.2;27.3;98.5;14.5;5.5;76.7;0.2980;0.0070;-0.2500;102.2250;
136.46;0;0;0;0;11;CF;18;18;18;18;18;619;164;3B6;3.2;26.1;102.5;14.5;5.5;76.7;0.2941;0.0072;-0.2250;102.2500;
136.71;0;0;0;0;11;CF;18;18;18;18;18;612;164;3B6;3.2;26.1;103.5;14.5;5.5;76.7;0.2902;0.0091;-0.1500;102.2250;
136.96;0;0;0;0;11;CF;18;18;18;18;18;606;164;3B6;3.2;25.5;100.5;14.5;5.5;76.7;0.2863;0.0102;-0.1750;0.0250;
137.21;0;0;0;0;11;CF;18;18;18;18;18;5F1;164;3B6;3.2;25.5;98.5;14.5;5.5;76.7;0.2824;0.0104;-0.2500;102.1750;
137.46;0;0;0;0;11;CF;17;17;17;17;17;5E2;164;3B6;3.2;25.4;95.5;14.5;5.5;76.7;0.2745;0.0107;-0.3250;102.2000;
137.71;0;0;0;0;11;CF;17;17;17;17;17;5C5;164;3B6;3.2;25.3;81.5;14.5;5.5;76.7;0.2431;0.0107;-0.3500;0.0750;
137.96;0;0;0;0;11;CF;17;16;17;17;17;5B4;164;3B6;3.2;25.3;71.0;14.5;5.5;76.7;0.2314;0.0107;-0.4500;0.0750;
138.21;0;0;0;0;11;CF;16;16;16;16;16;58E;164;3B6;3.2;25.4;67.0;14.5;5.5;76.7;0.2314;0.0105;-0.5000;102.2750;
138.46;0;0;0;0;11;CF;16;16;16;16;16;57C;164;3B6;3.2;25.5;63.5;14.5;5.5;76.7;0.2275;0.0072;-0.5500;102.3750;
138.71;0;0;0;0;11;CF;15;15;15;15;15;54F;164;3B6;3.2;25.5;45.0;14.5;5.5;76.7;0.1843;0.0020;-0.5250;102.3500;
138.96;0;0;0;0;11;CF;15;15;15;15;15;52F;164;3B6;3.2;25.9;32.0;14.5;5.5;76.7;0.1451;-0.0151;-0.6500;102.3250;
139.21;0;0;0;0;11;CF;14;14;14;14;14;4E5;164;3B6;3.2;25.9;-6.0;14.5;5.5;76.7;0.0196;-0.0168;-0.9000;102.2750;
139.46;0;0;0;0;11;CF;13;13;13;13;13;4AE;164;3B6;3.2;26.1;-29.0;14.5;5.5;76.7;0.0000;-0.0212;-1.1500;102.2500;
139.71;0;0;0;0;11;CF;11;11;11;11;11;453;164;3B6;3.2;26.1;-12.0;14.5;5.5;76.7;0.1843;-0.0288;-1.4500;102.2250;
139.96;0;0;0;0;11;CF;10;10;10;10;10;43D;164;3B6;3.2;26.8;25.0;14.5;5.5;76.7;0.1608;-0.0391;-1.3000;102.2750;
140.21;1;0;0;0;11;CF;F;F;10;F;F;3AC;164;3B6;3.2;26.8;-19.5;14.5;5.5;76.7;0.0000;-0.0466;-0.8500;102.3500;
140.46;1;0;0;0;11;CF;F;F;F;E;F;371;164;3B6;3.2;27.1;6.5;14.5;5.5;76.7;0.0000;-0.0562;-0.9000;0.0000;
140.71;1;0;0;0;11;CF;E;D;E;D;E;36C;164;3B6;3.2;27.3;14.0;14.5;5.5;76.7;0.0000;-0.0783;-1.0250;102.1500;
140.97;1;1;0;0;11;CF;D;C;D;C;D;367;164;3B6;3.2;27.3;13.0;14.5;5.5;76.7;0.0000;-0.1343;-1.1250;102.3250;
141.22;1;1;0;0;11;CF;B;A;B;A;B;372;164;3B6;3.2;27.9;12.5;14.5;5.5;76.7;0.0000;-0.1722;-2.1250;102.3000;
141.47;1;1;0;0;11;CF;A;9;A;9;A;377;164;3B6;3.2;28.5;9.5;14.5;5.5;76.7;0.0000;-0.2056;-1.3750;0.5250;
141.72;1;1;0;0;11;CF;9;8;8;8;8;373;164;3B6;3.2;28.5;10.0;14.5;5.5;76.7;0.0000;-0.2486;-1.1750;102.3750;
141.97;1;0;0;0;11;CF;8;7;8;7;8;36E;164;3B6;3.2;29.1;11.5;14.5;5.5;76.7;0.0000;-0.3427;-1.1500;0.0750;
142.22;1;0;0;0;11;CF;7;6;7;6;7;36F;164;3B6;3.2;29.1;13.5;14.5;5.5;76.7;0.0000;-0.3825;-0.9750;0.1000;
142.47;1;0;0;0;11;CF;6;6;6;6;6;372;164;3B6;3.2;29.3;9.5;14.5;5.5;76.7;0.0000;-0.3981;-0.8500;0.5250;
142.72;1;0;0;0;11;CF;6;5;6;5;6;360;164;3B6;3.2;29.8;23.0;14.5;5.5;76.7;0.0157;-0.4191;-0.5500;0.2750;
142.97;1;0;0;0;11;CF;6;5;6;5;5;34D;164;3B6;3.2;29.8;47.5;14.5;5.5;76.7;0.0275;-0.4695;-0.3500;0.3750;
143.22;1;0;0;0;11;CF;6;5;6;5;6;35F;164;3B6;3.2;29.9;56.5;14.5;5.5;76.7;0.0353;-0.4990;0.1000;102.3750;
143.47;1;0;0;0;12;CF;7;6;6;5;6;373;164;3B6;3.2;29.8;49.5;14.5;5.5;76.7;0.0627;-0.4688;0.2000;0.6750;
143.72;1;0;0;0;12;CF;7;6;7;6;6;357;164;3B6;3.2;29.8;67.5;14.5;5.5;76.7;0.0667;-0.4581;0.4500;0.4000;
143.97;1;0;0;0;12;CF;8;7;7;6;7;35E;164;3B6;3.2;29.8;68.5;14.5;5.5;76.7;0.0706;-0.4962;0.5250;0.1000;
144.22;1;0;0;0;12;CF;9;7;8;7;8;392;164;3B6;3.2;29.8;51.5;14.5;5.5;76.7;0.0902;-0.5318;0.5250;0.1000;
144.47;1;0;0;0;12;CF;9;8;8;7;8;3B6;164;3B6;3.2;29.5;34.0;14.5;5.5;76.7;0.1333;-0.5767;0.5000;0.4000;
144.72;0;0;0;0;12;CF;9;8;9;7;8;3C6;164;3B6;3.2;29.5;40.5;14.5;5.5;76.7;0.1961;-0.6248;0.0750;101.9000;
144.97;0;0;0;0;12;CF;A;8;9;7;9;3F1;164;3B6;3.2;29.5;44.0;14.5;5.5;76.7;0.2471;-0.6676;0.2750;0.0750;
145.22;0;0;0;0;12;CF;A;8;A;8;9;43E;164;3B6;3.2;29.5;62.5;14.5;5.5;76.7;0.2471;-0.6703;0.3750;102.1250;
145.47;0;0;0;0;12;CF;B;9;A;8;A;475;164;3B6;3.2;28.8;69.0;14.5;5.5;76.7;0.2471;-0.6734;0.7000;101.8750;
145.72;0;0;0;0;12;CF;C;A;C;9;B;4FC;164;3B6;3.2;28.5;71.0;14.5;5.5;76.7;0.2392;-0.6711;0.8750;101.6000;
145.98;0;0;0;0;12;CF;D;B;D;B;C;54B;164;3B4;3.2;28.5;70.0;14.5;5.5;76.7;0.2392;-0.5742;1.0750;101.3250;
146.23;0;0;0;0;12;CF;E;C;D;B;D;5AC;164;3B6;3.2;27.2;3.0;14.5;5.5;76.7;0.0000;-0.5056;1.0750;101.5750;
146.48;1;0;0;0;12;CF;E;C;E;C;D;508;164;3B6;3.2;26.8;-54.0;14.5;5.5;76.7;0.0000;-0.4428;0.6000;101.8000;
146.73;1;0;0;0;12;CF;E;D;E;D;D;392;164;3B6;3.2;26.8;-9.0;14.5;5.5;76.7;0.0000;-0.3508;0.5250;102.1250;
146.98;1;0;0;0;12;CF;E;E;E;D;E;35F;164;3B6;3.2;26.4;8.5;14.5;5.5;76.7;0.0000;-0.1840;0.5250;0.5000;
147.23;1;0;0;0;12;CF;F;E;E;E;E;36B;164;3B6;3.2;26.4;12.0;14.5;5.5;76.7;0.0902;-0.1365;0.4750;101.8750;
147.48;1;0;0;0;12;CF;F;E;F;E;E;3B9;164;3B6;3.2;26.0;24.0;14.5;5.5;76.7;0.1804;-0.1040;0.3250;102.1250;
147.73;1;0;0;0;12;CF;F;F;F;F;F;3C9;164;3B6;3.2;26.5;50.0;14.5;5.5;76.7;0.2000;-0.0856;0.5750;102.0250;
147.98;0;0;0;0;12;CF;10;10;10;10;10;413;164;3B4;3.2;26.5;59.0;14.5;5.5;76.7;0.2353;-0.0241;0.8250;0.2750;
148.23;0;0;0;0;12;CF;11;11;11;11;11;453;164;3B6;3.2;26.5;65.0;14.5;5.5;76.7;0.2353;-0.0087;0.8500;0.4000;
148.48;0;0;0;0;12;CF;12;12;12;12;12;47A;164;3B6;3.2;25.8;68.0;14.5;5.5;76.7;0.2392;0.0052;0.9250;102.2750;
148.73;0;0;0;0;12;CF;13;13;13;13;13;4C1;164;3B6;3.2;26.2;72.0;14.5;5.5;76.7;0.2471;0.0130;1.0000;0.2500;
148.98;0;0;0;0;13;CF;14;14;14;14;14;4F2;164;3B6;3.2;26.2;74.0;14.5;5.5;76.7;0.2510;0.0262;1.0250;0.4250;
149.23;0;0;0;0;13;CF;15;15;15;15;14;539;164;3B6;3.2;26.3;76.0;14.5;5.5;76.7;0.2510;0.0260;1.0000;0.1250;
149.48;0;0;0;0;13;CF;15;16;15;16;15;556;164;3B6;3.2;26.6;78.5;14.5;5.5;76.7;0.2510;0.0222;0.9250;0.5500;
149.73;0;0;0;0;13;CF;16;17;16;16;16;5A4;164;3B6;3.2;26.6;77.0;14.5;5.5;76.7;0.2471;0.0112;1.0500;101.9250;
149.98;0;0;0;0;13;CF;17;18;17;17;17;5DC;164;3B6;3.2;26.8;73.0;14.5;5.5;76.7;0.2392;0.0061;0.9750;102.3750;
150.23;0;0;0;0;13;CF;18;18;18;18;18;613;164;3B6;3.2;26.8;70.5;14.5;5.5;76.7;0.2392;0.0057;0.9000;0.1750;
150.48;0;0;0;0;13;CF;19;19;19;19;19;605;164;3B6;3.2;27.5;1.0;14.5;5.5;76.7;0.0000;0.0025;0.7500;101.8000;
150.73;1;0;0;0;13;CF;19;19;19;19;19;505;164;3B6;3.2;28.0;-52.5;14.5;5.5;76.7;0.0000;0.0011;0.5000;102.3000;
150.99;1;0;0;0;13;CF;19;19;19;19;19;3D6;164;3B6;3.2;28.0;-30.0;14.5;5.5;76.7;0.0000;-0.0029;0.4500;0.1750;
151.24;1;0;0;0;13;CF;1A;19;1A;1A;19;358;164;3B6;3.2;28.4;18.5;14.5;5.5;76.7;0.0706;-0.0036;0.3500;0.5250;
151.49;1;0;0;0;13;CF;1A;1A;1A;1A;1A;3AF;164;3B6;3.2;29.0;43.5;14.5;5.5;76.7;0.1961;-0.0057;0.4000;101.7500;
151.74;1;0;0;0;13;CF;1A;1A;1A;1A;1A;42B;164;3B6;3.2;29.0;52.5;14.5;5.5;76.7;0.2039;-0.0020;0.3500;102.3500;
151.99;0;0;0;0;13;CF;1B;1B;1B;1B;1B;43D;164;3B6;3.2;29.0;50.5;14.5;5.5;76.7;0.2157;0.0141;0.5750;0.6750;
152.24;0;0;0;0;13;CF;1B;1C;1B;1C;1B;450;164;3B6;3.2;29.0;51.5;14.5;5.5;76.7;0.2078;0.0146;0.5500;102.1500;
152.49;0;0;0;0;13;CF;1C;1C;1C;1C;1C;466;164;3B6;3.2;29.5;49.0;14.5;5.5;76.7;0.2000;0.0157;0.5500;0.2750;
152.74;0;0;0;0;13;CF;1C;1D;1C;1D;1D;47E;164;3B6;3.2;29.5;45.0;14.5;5.5;76.7;0.1961;0.0157;0.5750;0.5250;
152.99;0;0;0;0;13;CF;1D;1D;1D;1D;1D;494;164;3B6;3.2;29.6;44.0;14.5;5.5;76.7;0.1961;0.0150;0.5250;0.7750;
153.24;0;0;0;0;13;CF;1E;1E;1E;1E;1E;4A4;164;3B6;3.2;29.9;41.0;14.5;5.5;76.7;0.1843;0.0145;0.5750;0.0750;
153.49;0;0;0;0;13;CF;1E;1E;1E;1E;1E;4B4;164;3B6;3.2;29.9;39.0;14.5;5.5;76.7;0.1804;0.0099;0.5000;0.1750;
153.74;0;0;0;0;13;CF;1F;1F;1E;1E;1E;4B7;164;3B6;3.2;30.3;11.5;14.5;5.5;76.7;0.0000;0.0057;0.4750;0.3250;
153.99;0;0;0;0;13;CF;1E;1E;1F;1F;1F;4BF;164;3B6;3.2;30.3;-33.0;14.5;5.5;76.7;0.0000;-0.0057;0.1250;0.7000;
154.24;0;0;0;0;13;CF;1F;1F;1F;1F;1F;4D3;164;3B6;3.2;30.4;-26.5;14.5;5.5;76.7;0.1490;-0.0115;0.1500;101.7000;
154.49;0;0;0;0;14;CF;1E;1E;1E;1F;1F;4C5;164;3B6;3.2;30.8;0.0;14.5;5.5;76.7;0.1529;-0.0107;-0.1250;0.2750;
154.74;0;0;0;0;14;CF;1F;1F;1F;1F;1F;4D6;164;3B6;3.2;30.8;4.0;14.5;5.5;76.7;0.1137;-0.0079;0.1000;102.3500;
154.99;0;0;0;0;14;CF;1F;1F;1F;1F;1F;4D1;164;3B6;3.2;30.9;5.0;14.5;5.5;76.7;0.1098;-0.0059;0.1750;0.0250;
155.24;0;0;0;0;14;CF;1F;1F;1F;1F;1F;4E0;164;3B6;3.2;31.0;3.0;14.5;5.5;76.7;0.1020;-0.0026;0.2250;102.3750;
155.49;0;0;0;0;14;CF;1F;1F;1F;20;20;4E8;164;3B6;3.2;31.0;1.0;14.5;5.5;76.7;0.0980;-0.0003;0.2000;102.0250;
155.74;0;0;0;0;14;CF;1F;1F;1F;20;20;4DD;164;3B6;3.2;31.0;-2.0;14.5;5.5;76.7;0.0314;0.0007;0.1000;102.3500;
156.01;0;0;0;0;14;CF;20;20;1F;20;20;4E3;164;3B6;3.2;31.0;-38.0;14.5;5.5;76.7;0.0000;0.0014;0.0250;0.0250;
156.26;0;0;0;0;14;CF;20;1F;1F;1F;1F;4DD;164;3B6;3.2;30.8;-58.5;14.5;5.5;76.7;0.0000;0.0018;-0.0750;0.1500;
156.51;0;0;0;0;14;CF;1F;1F;1F;1F;1F;4DB;164;3B6;3.2;30.8;-60.0;14.5;5.5;76.7;0.0000;0.0022;-0.1500;0.3500;
156.76;0;0;0;0;14;CF;1F;1F;1F;1F;1F;4D5;164;3B6;3.2;31.4;-60.0;14.5;5.5;76.7;0.0000;0.0029;-0.2000;0.2000;
157.01;0;0;0;0;14;CF;1F;1F;1F;1F;1F;4D0;164;3B6;3.2;31.4;-60.0;14.5;5.5;76.7;0.0000;0.0057;-0.2000;0.2750;
157.26;0;0;0;0;14;CF;1E;1F;1E;1E;1F;4BC;164;3B6;3.2;31.2;-60.0;14.5;5.5;76.7;0.0000;0.0066;-0.2750;102.3500;
157.51;0;0;0;0;14;CF;1E;1E;1E;1E;1E;4B1;164;3B6;3.2;31.4;-59.5;14.5;5.5;76.7;0.0000;0.0059;-0.3750;102.2750;
157.76;0;0;0;0;14;CF;1E;1E;1E;1E;1E;4AA;164;3B6;3.2;31.4;-59.5;14.5;5.5;76.7;0.0000;0.0067;-0.2500;0.0250;
158.01;0;0;0;0;14;CF;1E;1D;1E;1E;1E;4A0;164;3B6;3.2;31.6;-59.5;14.5;5.5;76.7;0.0000;0.0062;-0.3500;0.2250;
158.26;0;0;0;0;14;CF;1E;1D;1D;1E;1E;497;164;3B6;3.2;31.7;-59.5;14.5;5.5;76.7;0.0000;0.0057;-0.2500;102.3250;
158.51;0;0;0;0;14;CF;1D;1D;1D;1D;1D;491;164;3B6;3.2;31.7;-59.5;14.5;5.5;76.7;0.0000;0.0049;-0.2500;101.9000;
158.76;0;0;0;0;14;CF;1D;1D;1D;1D;1D;485;164;3B6;3.2;31.9;-59.5;14.5;5.5;76.7;0.0000;-0.0008;-0.2500;102.1750;
159.01;0;0;0;0;14;CF;1D;1D;1C;1D;1D;477;164;3B6;3.2;31.9;-59.5;14.5;5.5;76.7;0.0000;-0.0007;-0.3250;0.1250;
159.26;0;0;0;0;14;CF;1C;1C;1C;1C;1C;46E;164;3B6;3.2;32.0;-59.5;14.5;5.5;76.7;0.0000;0.0000;-0.3250;102.1250;
159.51;0;0;0;0;14;CF;1C;1C;1C;1C;1C;465;164;3B6;3.2;31.9;-59.5;14.5;5.5;76.7;0.0000;0.0018;-0.2750;102.2000;
159.76;0;0;0;0;14;CF;1C;1C;1C;1C;1C;45A;164;3B6;3.2;31.9;-59.5;14.5;5.5;76.7;0.0000;-0.0031;-0.3250;101.9250;
160.01;0;0;0;0;14;CF;1C;1C;1C;1C;1C;451;164;3B6;3.2;32.2;-60.0;14.5;5.5;76.7;0.0000;-0.0039;-0.2750;102.0500;
160.26;0;0;0;0;14;CF;1C;1C;1B;1B;1B;447;164;3B6;3.2;32.1;-60.0;14.5;5.5;76.7;0.0000;-0.0072;-0.2750;0.1500;
160.51;0;0;0;0;14;CF;1C;1B;1B;1B;1B;440;164;3B6;3.2;32.1;-60.5;14.5;5.5;76.7;0.0000;-0.0070;-0.3250;101.5000;
160.76;0;0;0;0;14;CF;1B;1B;1B;1B;1B;430;164;3B6;3.2;32.1;-60.5;14.5;5.5;76.7;0.0000;-0.0069;-0.2750;101.5000;
161.04;0;0;0;0;14;CF;1A;1A;1A;1A;1A;41E;164;3B6;3.2;31.9;-60.5;14.5;5.5;76.7;0.0000;-0.0069;-0.4000;102.0750;
161.29;0;0;0;0;14;CF;1A;1A;1A;1A;1A;417;164;3B6;3.2;31.9;-60.5;14.5;5.5;76.7;0.0000;-0.0072;-0.3500;101.9000;
161.54;0;0;0;0;14;CF;1A;1A;1A;1A;1A;40C;164;3B6;3.2;31.9;-61.0;14.5;5.5;76.7;0.0000;-0.0140;-0.3250;101.7250;
161.79;0;0;0;0;14;CF;1A;1A;19;19;1A;404;164;3B6;3.2;31.7;-61.0;14.5;5.5;76.7;0.0000;-0.0277;-0.2250;101.9750;
162.04;0;0;0;0;14;CF;19;19;19;19;19;3F9;164;3B6;3.2;31.3;-61.0;14.5;5.5;76.7;0.0000;-0.0278;-0.2250;100.7250;
162.29;0;0;0;0;14;CF;19;19;19;19;19;3EC;164;3B6;3.2;31.3;-61.5;14.5;5.5;76.7;0.0000;-0.0308;-0.3250;102.2750;
162.54;0;0;0;0;14;CF;19;19;19;19;19;3E0;164;3B6;3.2;30.7;-60.0;14.5;5.5;76.7;0.0000;-0.0308;-0.3750;101.9250;
162.79;0;0;0;0;14;CF;19;18;18;18;19;3DA;164;3B6;3.2;30.7;-61.0;14.5;5.5;76.7;0.0000;-0.0318;-0.3500;101.8500;
163.04;0;0;0;0;14;CF;18;18;18;18;18;3C4;164;3B6;3.2;30.6;-58.5;14.5;5.5;76.7;0.0000;-0.0314;-0.4000;0.3500;
163.29;0;0;0;0;14;CF;18;18;18;18;18;3C4;164;3B6;3.2;30.2;-47.5;14.5;5.5;76.7;0.0000;-0.0241;-0.2500;101.6750;
163.54;0;0;0;0;14;CF;18;18;18;18;18;3B7;164;3B6;3.2;30.2;-51.0;14.5;5.5;76.7;0.0000;-0.0209;-0.1250;101.7250;
163.79;0;0;0;0;14;CF;18;17;18;17;18;3BC;164;3B6;3.2;30.0;-46.0;14.5;5.5;76.7;0.0000;-0.0175;-0.2250;102.0750;
164.04;0;0;0;0;14;CF;18;17;18;18;18;3B6;164;3B6;3.2;29.8;-45.5;14.5;5.5;76.7;0.0000;-0.0172;-0.1250;0.0750;
164.29;0;0;0;0;14;CF;17;18;17;17;17;3AD;164;3B6;3.2;29.8;-48.5;14.5;5.5;76.7;0.0000;-0.0145;-0.1750;102.1750;
164.54;0;0;0;0;14;CF;17;17;17;17;17;3A9;164;3B6;3.2;29.7;-52.5;14.5;5.5;76.7;0.0000;-0.0095;-0.1000;102.0250;
164.79;0;0;0;0;14;CF;17;17;17;17;17;3A3;164;3B6;3.2;29.7;-50.5;14.5;5.5;76.7;0.0000;-0.0036;-0.2000;0.2000;
165.04;0;0;0;0;14;CF;17;17;17;17;17;3A5;164;3B6;3.2;29.9;-44.0;14.5;5.5;76.7;0.0000;0.0038;-0.1250;101.9750;
165.29;0;0;0;0;14;CF;17;17;17;17;17;39F;164;3B6;3.2;29.9;-46.5;14.5;5.5;76.7;0.0000;0.0057;-0.1000;0.1500;
165.54;0;0;0;0;15;CF;17;17;17;17;17;397;166;3B6;3.2;30.1;-48.0;14.5;5.5;76.7;0.0000;0.0097;-0.1500;0.0500;
165.79;0;0;0;0;15;CF;17;17;17;17;17;396;166;3B6;3.2;30.1;-39.0;14.5;5.5;76.7;0.0000;0.0184;-0.1250;0.0500;
166.05;0;0;0;0;15;CF;17;17;16;17;17;392;166;3B6;3.2;30.0;-36.0;14.5;5.5;76.7;0.0549;0.0214;-0.1250;0.5750;
166.30;0;0;0;0;15;CF;17;17;17;17;17;395;166;3B6;3.2;30.4;-10.5;14.5;5.5;76.7;0.1255;0.0229;-0.0500;0.2500;
166.55;0;0;0;0;15;CF;17;17;17;17;17;397;166;3B6;3.2;30.4;0.5;14.5;5.5;76.7;0.0941;0.0246;0.0500;0.5750;
166.80;0;0;0;0;15;CF;17;17;17;17;17;390;166;3B6;3.2;31.0;-29.5;14.5;5.5;76.7;0.0000;0.0257;0.0500;0.2250;
167.05;0;0;0;0;15;CF;17;17;17;17;17;396;166;3B6;3.2;31.1;-35.5;14.5;5.5;76.7;0.0000;0.0268;-0.0250;0.2500;
167.30;0;0;0;0;15;CF;17;17;17;17;17;393;166;3B6;3.2;31.1;-46.5;14.5;5.5;76.7;0.0000;0.0268;-0.0750;0.4250;
167.55;0;0;0;0;15;CF;17;17;17;17;17;38F;166;3B6;3.2;31.8;-48.5;14.5;5.5;76.7;0.0000;0.0265;-0.1000;0.2250;
167.80;0;0;0;0;15;CF;16;17;16;17;17;389;166;3B6;3.2;31.8;-36.0;14.5;5.5;76.7;0.0000;0.0193;-0.1750;0.2500;
168.05;0;0;0;0;15;CF;16;17;16;17;17;388;166;3B6;3.2;32.4;-34.5;14.5;5.5;76.7;0.0000;0.0159;-0.0750;0.3250;
168.30;0;0;0;0;15;CF;16;17;16;16;16;384;166;3B6;3.2;32.3;-32.5;14.5;5.5;76.7;0.0000;0.0157;-0.0750;0.4500;
168.55;0;0;0;0;15;CF;16;17;16;16;16;385;166;3B6;3.2;32.3;-33.0;14.5;5.5;76.7;0.0000;0.0151;-0.0500;0.3500;
168.80;0;0;0;0;15;CF;16;16;16;16;16;381;166;3B6;3.2;32.7;-34.0;14.5;5.5;76.7;0.0000;0.0141;-0.0750;0.1250;
169.05;0;0;0;0;15;CF;16;16;16;16;16;386;166;3B6;3.2;32.7;-33.0;14.5;5.5;76.7;0.0000;0.0109;-0.0500;0.2750;
169.30;0;0;0;0;15;CF;16;16;16;16;16;380;166;3B6;3.2;32.9;-40.5;14.5;5.5;76.7;0.0000;0.0091;-0.0750;0.5250;
169.55;0;0;0;0;15;CF;16;16;16;16;16;380;166;3B6;3.2;32.9;-32.0;14.5;5.5;76.7;0.0000;0.0047;-0.1000;0.1000;
169.80;0;0;0;0;15;CF;16;16;16;16;16;37F;166;3B6;3.2;32.7;-32.5;14.5;5.5;76.7;0.0000;-0.0028;0.0250;0.0000;
170.05;0;0;0;0;15;CF;16;16;16;16;16;37F;166;3B6;3.2;32.8;-37.0;14.5;5.5;76.7;0.0000;-0.0029;0.0000;0.2250;
170.30;0;0;0;0;15;CF;16;16;16;16;16;37A;166;3B6;3.2;32.8;-29.5;14.5;5.5;76.7;0.0000;-0.0022;-0.1500;0.8000;
170.55;0;0;0;0;15;CF;16;16;16;16;16;379;166;3B6;3.2;32.9;-20.5;14.5;5.5;76.7;0.0000;-0.0031;-0.1250;0.3750;
170.80;0;0;0;0;15;CF;16;16;16;16;16;37E;166;3B6;3.2;32.9;-29.5;14.5;5.5;76.7;0.0000;-0.0031;0.1500;0.3250;
171.06;0;0;0;0;15;CF;16;16;16;16;16;37B;166;3B6;3.2;32.8;-40.0;14.5;5.5;76.7;0.0000;-0.0025;0.1000;0.1250;
171.31;0;0;0;0;15;CF;16;16;16;16;16;372;166;3B6;3.2;32.9;-24.5;14.5;5.5;76.7;0.0000;-0.0008;-0.2750;0.9000;
171.56;0;0;0;0;15;CF;16;17;16;16;16;37F;166;3B6;3.2;32.9;-19.0;14.5;5.5;76.7;0.0000;0.0064;0.0500;102.1500;
171.81;0;0;0;0;15;CF;16;16;16;16;16;372;166;3B6;3.2;32.8;-21.5;14.5;5.5;76.7;0.0000;0.0062;-0.1250;0.0250;
172.06;1;0;0;0;15;CF;16;16;16;16;16;373;166;3B6;3.2;32.3;-13.5;14.5;5.5;76.7;0.0000;0.0133;-0.1250;0.5500;
172.31;1;0;0;0;15;CF;16;16;16;16;16;356;166;3B6;3.2;32.3;13.5;14.5;5.5;76.7;0.0000;0.0118;0.1750;0.0000;
172.56;1;0;0;0;15;CF;16;16;16;17;16;367;166;3B6;3.2;32.5;14.0;14.5;5.5;76.7;0.0000;0.0093;0.0500;0.7250;
172.81;1;0;0;0;15;CF;16;16;16;16;16;372;166;3B6;3.2;32.5;8.5;14.5;5.5;76.7;0.0000;0.0110;0.0750;0.6750;
173.06;1;0;0;0;15;CF;17;17;17;17;17;374;166;3B6;3.2;32.4;8.0;14.5;5.5;76.7;0.0000;0.0092;0.2250;0.7250;
173.31;1;0;0;0;15;CF;17;17;16;17;17;397;166;3B6;3.2;32.4;-12.0;14.5;5.5;76.7;0.0000;0.0079;-0.0500;102.1500;
173.56;1;0;0;0;15;CF;16;16;17;16;17;3C1;166;3B6;3.2;32.1;-38.5;14.5;5.5;76.7;0.0000;0.0066;-0.0500;0.4750;
173.81;1;0;0;0;15;CF;16;16;16;16;16;3B7;166;3B6;3.2;32.1;-61.5;14.5;5.5;76.7;0.0000;0.0064;-0.5000;102.3000;
174.06;1;0;0;0;15;CF;15;15;15;15;15;3BC;166;3B6;3.2;32.6;-63.0;14.5;5.5;76.7;0.0000;0.0061;-0.5750;0.0000;
174.31;1;0;0;0;15;CF;15;15;15;15;15;3E2;166;3B6;3.2;33.1;-63.0;14.5;5.5;76.7;0.0000;0.0059;-0.6500;0.8000;
174.56;1;0;0;0;15;CF;14;14;14;14;14;436;166;3B6;3.2;33.1;-63.5;14.5;5.5;76.7;0.0000;0.0057;-0.6750;102.3250;
174.81;1;0;0;0;15;CF;13;13;13;13;14;4D0;166;3B6;3.2;33.3;-63.5;14.5;5.5;76.7;0.0000;0.0000;-0.7000;0.6500;
175.06;1;0;0;0;15;CF;13;13;13;13;13;4B0;166;3B6;3.2;34.0;-63.0;14.5;5.5;76.7;0.0000;0.0001;-0.8750;102.3250;
175.31;1;0;0;0;15;CF;12;12;12;12;12;484;166;3B6;3.2;34.0;-62.0;14.5;5.5;76.7;0.0000;0.0009;-0.7000;0.6000;
175.56;0;0;0;0;15;CF;12;12;12;12;12;48A;166;3B6;3.2;33.9;-61.5;14.5;5.5;76.7;0.0000;-0.0067;-0.6750;101.7500;
175.81;0;0;0;0;15;CF;11;11;11;11;11;454;166;3B6;3.2;33.9;-61.0;14.5;5.5;76.7;0.0000;-0.0064;-0.5500;1.1250;
176.08;0;0;0;0;15;CF;10;11;11;10;11;435;166;3B6;3.2;34.2;-61.0;14.5;5.5;76.7;0.0000;-0.0066;-0.5500;102.0500;
176.33;0;0;0;0;15;CF;10;10;10;10;10;415;166;3B6;3.2;34.6;-49.0;14.5;5.5;76.7;0.1255;-0.0014;-0.5000;0.5250;
176.58;0;0;0;0;15;CF;10;10;10;10;10;40C;166;3B6;3.2;34.6;-15.0;14.5;5.5;76.7;0.1961;-0.0021;-0.4000;101.9500;
176.83;0;0;0;0;15;CF;10;10;10;10;10;42C;166;3B6;3.2;34.6;34.0;14.5;5.5;76.7;0.2627;0.0033;-0.0750;102.1500;
177.08;0;0;0;0;15;CF;10;10;10;11;10;428;166;3B6;3.2;34.3;65.0;14.5;5.5;76.7;0.2824;0.0079;0.3500;0.6750;
177.33;0;0;0;0;15;CF;11;11;11;11;11;45C;166;3B6;3.2;34.3;84.0;14.5;5.5;76.7;0.2627;0.0184;0.5250;0.4250;
177.58;0;0;0;0;15;CF;12;12;12;12;12;482;166;3B6;3.2;34.3;83.0;14.5;5.5;76.7;0.2510;0.0288;0.6500;0.2750;
177.83;0;0;0;0;15;CF;13;13;12;13;12;4B8;166;3B6;3.2;34.0;68.5;14.5;5.5;76.7;0.2196;0.0288;0.7750;0.7250;
178.08;0;0;0;0;15;CF;13;13;13;13;13;4D3;166;3B6;3.2;33.3;45.5;14.5;5.5;76.7;0.1922;0.0295;0.6000;0.2000;
178.33;0;0;0;0;15;CF;14;14;13;14;14;4FA;166;3B6;3.2;33.3;42.0;14.5;5.5;76.7;0.1922;0.0298;0.6500;0.4500;
178.58;0;0;0;0;15;CF;14;14;14;14;14;4EC;166;3B6;3.2;32.5;1.5;14.5;5.5;76.7;0.0000;0.0301;0.3750;102.3750;
178.83;0;0;0;0;15;CF;14;14;14;14;14;4F0;166;3B6;3.2;32.5;-28.5;14.5;5.5;76.7;0.1216;0.0303;0.0000;0.7250;
179.08;0;0;0;0;15;CF;13;14;13;14;13;4F5;166;3B6;3.2;31.9;-7.0;14.5;5.5;76.7;0.1412;0.0338;-0.1750;0.4000;
179.33;0;0;0;0;15;CF;13;14;13;13;13;4EA;166;3B6;3.2;31.5;10.0;14.5;5.5;76.7;0.1725;0.0344;-0.1500;0.4750;
179.58;0;0;0;0;15;CF;13;14;13;13;13;4FF;166;3B6;3.2;31.5;21.0;14.5;5.5;76.7;0.1843;0.0349;0.0250;102.1250;
179.83;0;0;0;0;15;CF;13;14;13;14;13;4ED;166;3B6;3.2;31.1;33.5;14.5;5.5;76.7;0.1843;0.0346;-0.0500;102.2500;
180.08;0;0;0;0;15;CF;14;14;14;14;14;51B;166;3B6;3.2;30.8;31.5;14.5;5.5;76.7;0.1843;0.0326;0.3500;0.2000;
180.33;0;0;0;0;15;CF;14;15;14;14;14;52D;166;3B6;3.2;30.8;37.5;14.5;5.5;76.7;0.1882;0.0093;0.4250;0.1000;
180.58;0;0;0;0;15;CF;15;14;15;15;15;537;166;3B6;3.2;30.2;40.5;14.5;5.5;76.7;0.2314;-0.0016;0.3250;0.6750;
180.83;0;0;0;0;15;CF;15;15;15;15;15;566;166;3B6;3.2;30.2;56.5;14.5;5.5;76.7;0.2314;-0.0022;0.4500;0.4000;
181.09;0;0;0;0;15;CF;16;16;16;16;16;57F;166;3B6;3.2;29.7;64.5;14.5;5.5;76.7;0.2510;-0.0018;0.5500;0.0500;
181.34;0;0;0;0;15;CF;17;16;16;17;16;5B8;166;3B6;3.2;29.9;71.0;14.5;5.5;76.7;0.2471;-0.0020;0.7000;0.5250;
181.59;0;0;0;0;15;CF;17;17;17;17;17;5E9;166;3B6;3.2;29.9;71.0;14.5;5.5;76.7;0.2510;-0.0016;0.7250;101.9000;
181.84;0;0;0;0;15;CF;18;18;18;18;18;603;166;3B6;3.2;29.7;74.0;14.5;5.5;76.7;0.2510;-0.0016;0.5500;0.8000;
182.09;0;0;0;0;15;CF;19;19;19;19;19;61F;166;3B6;3.2;29.7;75.0;14.5;5.5;76.7;0.2549;-0.0014;0.7500;0.0250;
182.34;0;0;0;0;15;CF;19;19;19;19;19;66F;166;3B6;3.2;29.6;79.5;14.5;5.5;76.7;0.2588;-0.0059;0.9250;102.0250;
182.59;0;0;0;0;15;CF;1A;1A;1A;1B;1A;695;166;3B6;3.2;29.6;80.5;14.5;5.5;76.7;0.2588;-0.0146;0.9000;101.6000;
182.84;0;0;0;0;15;CF;1B;1B;1B;1B;1B;6CF;166;3B6;3.2;29.3;79.5;14.5;5.5;76.7;0.2588;-0.0159;0.8250;102.0500;
183.09;0;0;0;0;15;CF;1C;1C;1C;1C;1C;704;166;3B6;3.2;28.9;77.0;14.5;5.5;76.7;0.2549;-0.0175;0.9250;102.2000;
183.34;0;0;0;0;15;CF;1D;1D;1D;1C;1D;6FA;166;3B6;3.2;28.9;9.0;14.5;5.5;76.7;0.0000;-0.0250;0.8250;101.5000;
183.59;1;0;0;0;15;CF;1D;1D;1C;1D;1D;667;166;3B6;3.2;28.0;-50.0;14.5;5.5;76.7;0.0000;-0.0257;0.2000;101.6750;
183.84;1;0;0;0;15;CF;1D;1D;1D;1D;1D;498;166;3B6;3.2;28.5;-52.5;14.5;5.5;76.7;0.0000;-0.0282;0.2250;101.8500;
184.09;1;0;0;0;15;CF;1D;1C;1D;1D;1D;394;166;3B6;3.2;28.5;-6.5;14.5;5.5;76.7;0.2118;-0.0362;-0.0750;101.2250;
184.34;1;0;0;0;15;CF;1D;1C;1D;1D;1D;4D9;166;3B6;3.2;27.6;86.5;14.5;5.5;76.7;0.2941;-0.0369;0.0250;101.9750;
184.59;0;0;0;0;15;CF;1E;1D;1E;1D;1D;49B;166;3B6;3.2;27.6;110.0;14.5;5.5;76.7;0.2902;-0.0367;0.4250;102.1500;
184.84;0;0;0;0;15;CF;1E;1E;1E;1E;1E;4B5;166;3B6;3.2;27.0;100.0;14.5;5.5;76.7;0.2784;-0.0357;0.4750;101.8500;
185.09;0;0;0;0;15;CF;1F;1E;1F;1E;1F;4CB;166;3B6;3.2;27.0;97.0;14.5;5.5;76.7;0.2706;-0.0316;0.6500;102.0500;
185.34;0;0;0;0;15;CF;1F;1F;1F;1F;1F;4E4;166;3B6;3.2;27.0;88.0;14.5;5.5;76.7;0.2549;-0.0265;0.5750;101.7250;
185.59;0;0;0;0;15;CF;20;20;20;20;20;4F2;166;3B6;3.2;26.3;74.5;14.5;5.5;76.7;0.2275;-0.0074;0.5500;0.0000;
185.84;0;0;0;0;15;CF;20;20;20;20;20;4D0;166;3B6;3.2;26.3;-6.0;14.5;5.5;76.7;0.0000;-0.0022;0.4000;101.8000;
186.10;0;0;0;0;15;CF;20;20;20;20;20;4F5;166;3B6;3.2;26.4;-31.5;14.5;5.5;76.7;0.1373;-0.0004;-0.0250;101.9750;
186.35;0;0;0;0;15;CF;20;1F;20;20;20;4FA;166;3B6;3.2;26.4;-5.5;14.5;5.5;76.7;0.1804;0.0022;-0.0750;0.1000;
186.60;0;0;0;0;15;CF;20;20;20;20;20;4FD;166;3B6;3.2;27.0;21.5;14.5;5.5;76.7;0.1804;0.0100;-0.0750;0.0500;
186.85;0;0;0;0;15;CF;20;20;20;20;20;4FA;166;3B6;3.2;27.2;28.0;14.5;5.5;76.7;0.1804;0.0029;-0.0500;0.5500;
187.10;0;0;0;0;15;CF;20;20;20;20;20;4D5;166;3B6;3.2;27.2;-18.5;14.5;5.5;76.7;0.0000;0.0046;0.0750;0.7000;
187.35;0;0;0;0;15;CF;20;20;20;20;20;4EE;166;3B6;3.2;27.2;-37.0;14.5;5.5;76.7;0.0627;0.0007;0.0000;102.1500;
187.60;0;0;0;0;15;CF;1F;20;1F;20;20;4EE;166;3B6;3.2;27.2;-8.5;14.5;5.5;76.7;0.1373;0.0026;-0.2250;102.3500;
187.85;0;0;0;0;15;CF;20;20;20;20;20;4F3;166;3B6;3.2;28.5;3.5;14.5;5.5;76.7;0.1333;0.0057;-0.0500;0.0750;
188.10;0;0;0;0;15;CF;20;20;1F;20;20;4E9;166;3B6;3.2;27.8;11.5;14.5;5.5;76.7;0.1373;0.0181;-0.1500;0.3250;
188.35;0;0;0;0;16;CF;20;20;1F;20;20;4EE;166;3B6;3.2;27.8;11.0;14.5;5.5;76.7;0.1373;0.0175;-0.0750;1.0500;
188.60;0;0;0;0;16;CF;20;20;1F;1F;20;4EB;166;3B6;3.2;28.4;10.0;14.5;5.5;76.7;0.1255;0.0153;-0.1000;1.0250;
188.85;0;0;0;0;16;CF;1F;20;20;20;20;4E2;166;3B6;3.2;29.6;8.5;14.5;5.5;76.7;0.1255;0.0136;-0.0500;0.0000;
189.10;0;0;0;0;16;CF;20;20;20;20;20;4F2;166;3B6;3.2;29.6;8.0;14.5;5.5;76.7;0.1255;0.0123;0.0000;0.4250;
189.35;0;0;0;0;16;CF;20;20;1F;20;20;4E9;166;3B6;3.2;29.8;8.5;14.5;5.5;76.7;0.1255;0.0100;0.0250;102.0000;
189.60;0;0;0;0;16;CF;1F;20;1F;1F;20;4ED;166;3B6;3.2;29.8;7.5;14.5;5.5;76.7;0.1176;0.0079;-0.0500;0.1500;
189.85;0;0;0;0;16;CF;1F;20;20;20;20;4F3;166;3B6;3.2;30.2;6.5;14.5;5.5;76.7;0.1216;0.0043;0.0500;101.7250;
190.10;0;0;0;0;16;CF;1F;1F;20;1F;20;4E2;166;3B6;3.2;30.2;8.0;14.5;5.5;76.7;0.1294;-0.0013;-0.2000;102.0000;
190.35;0;0;0;0;16;CF;1F;1F;20;1F;20;4ED;166;3B6;3.2;30.6;7.5;14.5;5.5;76.7;0.1333;0.0004;-0.0500;0.0500;
190.60;0;0;0;0;16;CF;20;20;20;20;20;4FA;166;3B6;3.2;30.6;12.5;14.5;5.5;76.7;0.1412;0.0011;0.0250;101.6250;
190.85;0;0;0;0;16;CF;1F;1F;1F;1F;1F;4DE;166;3B6;3.2;30.1;16.5;14.5;5.5;76.7;0.1529;-0.0033;-0.1750;0.1000;
191.12;0;0;0;0;16;CF;20;20;1F;1F;20;4E9;166;3B6;3.2;30.4;19.5;14.5;5.5;76.7;0.1529;0.0020;0.0500;0.0500;
191.37;0;0;0;0;16;CF;20;1F;1F;1F;20;4EC;166;3B6;3.2;30.4;20.5;14.5;5.5;76.7;0.1608;0.0014;0.0250;0.0250;
191.62;0;0;0;0;16;CF;20;20;20;20;20;4ED;166;3B6;3.2;31.0;25.5;14.5;5.5;76.7;0.1882;0.0022;0.0500;0.0000;
191.87;0;0;0;0;16;CF;20;20;20;20;20;4F6;166;3B6;3.2;30.1;35.0;14.5;5.5;76.7;0.2118;0.0031;0.0750;0.3250;
192.12;0;0;0;0;16;CF;20;20;20;20;20;4FD;166;3B6;3.2;30.1;50.0;14.5;5.5;76.7;0.2196;0.0049;0.1500;102.3500;
192.37;0;0;0;0;16;CF;20;20;20;20;20;50A;166;3B6;3.2;30.2;51.5;14.5;5.5;76.7;0.2157;0.0118;0.2000;0.9250;
192.62;0;0;0;0;16;CF;20;21;20;21;20;514;166;3B6;3.2;30.2;54.5;14.5;5.5;76.7;0.2235;0.0145;0.2250;0.7250;
192.87;0;0;0;0;16;CF;21;21;21;21;21;51C;166;3B6;3.2;30.4;56.0;14.5;5.5;76.7;0.2157;0.0136;0.3250;0.4000;
193.12;0;0;0;0;16;CF;21;21;21;21;21;52B;166;3B6;3.2;29.6;54.0;14.5;5.5;76.7;0.2118;0.0168;0.3250;0.6000;
193.37;0;0;0;0;16;CF;21;21;21;21;21;533;166;3B6;3.2;29.6;48.5;14.5;5.5;76.7;0.1882;0.0180;0.2750;0.5000;
193.62;0;0;0;0;16;CF;21;21;21;21;21;51E;166;3B6;3.2;29.8;-31.5;14.5;5.5;76.7;0.0000;0.0183;0.0000;0.1500;
193.87;0;0;0;0;16;CF;21;21;21;21;21;511;166;3B6;3.2;30.6;-50.0;14.5;5.5;76.7;0.0549;0.0189;-0.2750;0.4500;
194.12;0;0;0;0;16;CF;20;21;20;20;21;516;166;3B6;3.2;30.6;1.0;14.5;5.5;76.7;0.1882;0.0222;-0.2750;0.2000;
194.37;0;0;0;0;16;CF;20;21;20;20;20;525;166;3B6;3.2;30.6;20.5;14.5;5.5;76.7;0.1922;0.0307;-0.3250;1.0250;
194.62;0;0;0;0;16;CF;20;20;20;20;20;50C;166;3B6;3.2;30.6;35.0;14.5;5.5;76.7;0.1922;0.0321;-0.1000;0.7500;
194.87;0;0;0;0;16;CF;20;21;20;21;20;511;166;3B6;3.2;30.7;37.5;14.5;5.5;76.7;0.1882;0.0321;-0.0250;0.7000;
195.12;0;0;0;0;16;CF;20;20;20;20;20;4EC;166;3B6;3.2;30.7;-18.5;14.5;5.5;76.7;0.0000;0.0321;-0.0500;0.3750;
195.37;0;0;0;0;16;CF;20;20;20;20;20;4F5;166;3B6;3.2;31.4;-40.0;14.5;5.5;76.7;0.0000;0.0183;-0.2250;0.4000;
195.62;0;0;0;0;16;CF;1F;1F;1F;1F;20;4E2;166;3B6;3.2;31.4;-56.5;14.5;5.5;76.7;0.0000;0.0157;-0.4500;0.2250;
195.87;0;0;0;0;16;CF;1F;1F;1F;1F;1F;4D3;166;3B6;3.2;31.4;-56.5;14.5;5.5;76.7;0.0000;0.0143;-0.5250;0.4000;
196.13;0;0;0;0;16;CF;1E;1E;1E;1E;1E;4BA;166;3B6;3.2;31.8;-57.0;14.5;5.5;76.7;0.0000;0.0125;-0.5750;0.0250;
196.38;0;0;0;0;17;CF;1E;1E;1E;1E;1E;4AF;166;3B6;3.2;31.8;-57.0;14.5;5.5;76.7;0.0000;0.0039;-0.5500;0.6000;
196.63;0;0;0;0;17;CF;1D;1D;1D;1D;1D;489;166;3B6;3.2;32.6;-45.0;14.5;5.5;76.7;0.1059;0.0070;-0.5250;0.4750;
196.88;0;0;0;0;17;CF;1D;1D;1D;1D;1D;48E;166;3B6;3.2;32.5;-21.0;14.5;5.5;76.7;0.0000;0.0054;-0.4000;0.6750;
197.13;0;0;0;0;17;CF;1C;1D;1C;1C;1D;472;166;3B6;3.2;32.5;-32.0;14.5;5.5;76.7;0.0000;0.0172;-0.4250;0.5000;
197.38;0;0;0;0;17;CF;1C;1C;1C;1C;1C;46B;166;3B6;3.2;32.7;-55.5;14.5;5.5;76.7;0.0000;0.0216;-0.4000;0.7750;
197.63;0;0;0;0;17;CF;1B;1B;1C;1C;1C;446;166;3B6;3.2;33.1;-56.0;14.5;5.5;76.7;0.0000;0.0207;-0.5500;0.0500;
197.88;0;0;0;0;17;CF;1B;1B;1B;1B;1B;43D;166;3B6;3.2;33.1;-57.5;14.5;5.5;76.7;0.0000;0.0207;-0.5000;102.1250;
198.13;0;0;0;0;17;CF;1B;1B;1A;1B;1B;426;166;3B6;3.2;32.8;-57.5;14.5;5.5;76.7;0.0000;0.0211;-0.4250;0.7000;
198.38;0;0;0;0;17;CF;1A;1A;1A;1A;1A;41A;166;3B6;3.2;32.8;-57.5;14.5;5.5;76.7;0.0000;0.0184;-0.5500;0.3250;
198.63;0;0;0;0;17;CF;1A;1A;19;1A;1A;408;166;3B6;3.2;32.6;-58.0;14.5;5.5;76.7;0.0000;0.0118;-0.5000;102.3500;
198.88;0;0;0;0;17;CF;19;19;19;19;19;3F7;166;3B6;3.2;32.6;-58.0;14.5;5.5;76.7;0.0000;0.0025;-0.5500;0.1000;
199.13;0;0;0;0;17;CF;18;19;19;19;19;3E3;166;3B6;3.2;33.0;-52.0;14.5;5.5;76.7;0.0000;-0.0041;-0.4750;101.6000;
199.38;0;0;0;0;17;CF;18;18;18;18;18;3D5;166;3B6;3.2;33.0;-45.5;14.5;5.5;76.7;0.0000;-0.0029;-0.4750;101.5250;
199.63;0;0;0;0;17;CF;18;18;18;18;18;3CB;168;3B6;3.2;32.2;-23.0;14.5;5.5;76.7;0.0000;-0.0041;-0.4250;0.1250;
199.88;0;0;0;0;17;CF;18;18;18;18;18;3C2;168;3B6;3.2;31.8;-12.0;14.5;5.5;76.7;0.0000;-0.0022;-0.2250;102.3250;
200.13;0;0;0;0;17;CF;17;17;18;18;18;3B5;168;3B6;3.2;31.8;-4.5;14.5;5.5;76.7;0.0000;-0.0041;-0.2750;102.1750;
200.38;0;0;0;0;17;CF;17;17;17;17;17;3B1;168;3B6;3.2;31.6;-3.0;14.5;5.5;76.7;0.0000;-0.0049;-0.2000;101.8500;
200.63;0;0;0;0;17;CF;17;17;17;17;17;3A7;168;3B6;3.2;30.7;8.5;14.5;5.5;76.7;0.0706;-0.0061;-0.4250;100.8750;
200.88;0;0;0;0;17;CF;17;17;17;17;17;3AD;168;3B6;3.2;30.7;20.5;14.5;5.5;76.7;0.0000;-0.0066;-0.1500;102.1250;
201.14;0;0;0;0;17;CF;17;17;17;17;17;3A5;168;3B6;3.2;30.2;14.5;14.5;5.5;76.7;0.0314;-0.0095;-0.1250;102.2500;
201.39;0;0;0;0;17;CF;17;17;17;17;17;399;168;3B6;3.2;30.2;13.5;14.5;5.5;76.7;0.1608;-0.0132;-0.1000;102.3000;
201.64;0;0;0;0;17;CF;17;17;17;17;17;3A0;168;3B6;3.2;30.1;39.5;14.5;5.5;76.7;0.2235;-0.0157;-0.1000;101.7250;
201.89;0;0;0;0;17;CF;17;17;17;17;17;3AD;168;3B6;3.2;29.5;68.0;14.5;5.5;76.7;0.2235;-0.0199;0.0500;101.8750;
202.14;0;0;0;0;17;CF;17;17;17;17;17;3A8;168;3B6;3.2;29.5;40.0;14.5;5.5;76.7;0.0000;-0.0214;0.1750;101.8250;
202.39;0;0;0;0;17;CF;18;17;18;17;17;3A6;168;3B6;3.2;28.4;16.5;14.5;5.5;76.7;0.0000;-0.0282;0.1000;101.6500;
202.64;0;0;0;0;17;CF;17;17;18;17;17;3A8;168;3B6;3.2;28.4;0.0;14.5;5.5;76.7;0.0000;-0.0407;-0.0750;101.9250;
202.89;0;0;0;0;17;CF;17;17;17;17;17;3A1;168;3B6;3.2;28.4;3.5;14.5;5.5;76.7;0.0000;-0.0478;-0.1750;101.5500;
203.14;1;0;0;0;17;CF;17;17;17;17;17;39B;168;3B6;3.2;28.4;0.0;14.5;5.5;76.7;0.0000;-0.0522;-0.1250;101.6000;
203.39;1;0;0;0;17;CF;17;17;17;17;17;36D;168;3B6;3.2;27.7;7.5;14.5;5.5;76.7;0.0000;-0.0522;-0.1500;101.6000;
203.64;1;0;0;0;17;CF;17;17;17;16;17;369;168;3B6;3.2;27.4;11.0;14.5;5.5;76.7;0.0000;-0.0521;-0.2250;101.5250;
203.89;1;0;0;0;17;CF;16;16;17;16;16;372;168;3B6;3.2;27.4;9.0;14.5;5.5;76.7;0.0000;-0.0521;-0.2500;101.3000;
204.14;1;0;0;0;17;CF;16;16;17;16;16;37B;168;3B6;3.2;27.6;7.5;14.5;5.5;76.7;0.0000;-0.0519;-0.2250;101.7250;
204.39;1;0;0;0;17;CF;15;15;16;15;16;3B7;168;3B6;3.2;27.6;-20.5;14.5;5.5;76.7;0.0000;-0.0514;-0.4750;101.5750;
204.64;1;0;0;0;17;CF;15;14;15;15;15;3DC;168;3B6;3.2;27.1;-60.0;14.5;5.5;76.7;0.0000;-0.0514;-0.7000;101.3250;
204.89;1;0;0;0;17;CF;14;13;14;14;14;3E6;168;3B6;3.2;27.3;-60.5;14.5;5.5;76.7;0.0000;-0.0529;-1.1500;102.1500;
205.14;1;0;0;0;17;CF;13;12;13;12;13;45F;168;3B6;3.2;27.3;-23.5;14.5;5.5;76.7;0.0745;-0.0564;-1.2500;101.6750;
205.39;1;0;0;0;17;CF;12;12;12;12;12;4B7;168;3B6;3.2;27.9;3.0;14.5;5.5;76.7;0.1020;-0.0562;-0.9000;102.0750;
205.64;1;0;0;0;17;CF;12;11;12;11;12;467;168;3B6;3.2;27.8;7.5;14.5;5.5;76.7;0.1255;-0.0560;-0.6000;101.6500;
205.89;0;0;0;0;17;CF;11;11;11;11;11;45B;168;3B6;3.2;27.8;8.5;14.5;5.5;76.7;0.1333;-0.0559;-0.5000;101.7000;
206.15;0;0;0;0;17;CF;11;11;11;11;11;450;168;3B6;3.2;27.7;12.0;14.5;5.5;76.7;0.1451;-0.0512;-0.2750;101.3500;
206.40;0;0;0;0;17;CF;11;10;11;11;11;433;168;3B6;3.2;27.7;24.0;14.5;5.5;76.7;0.1765;-0.0471;-0.4000;102.0750;
206.65;0;0;0;0;17;CF;10;10;10;10;10;42A;168;3B6;3.2;28.3;27.5;14.5;5.5;76.7;0.1804;-0.0272;-0.4250;0.5500;
206.90;0;0;0;0;17;CF;10;10;10;10;10;406;168;3B6;3.2;28.3;33.5;14.5;5.5;76.7;0.1804;-0.0250;-0.4250;102.1500;
207.15;0;0;0;0;17;CF;10;F;10;10;10;418;168;3B6;3.2;27.8;34.5;14.5;5.5;76.7;0.1882;-0.0247;-0.1750;102.2000;
207.40;0;0;0;0;17;CF;11;10;10;10;10;429;168;3B6;3.2;27.8;43.5;14.5;5.5;76.7;0.2353;-0.0330;0.1750;101.3250;
207.65;0;0;0;0;17;CF;10;10;11;11;11;43F;168;3B6;3.2;28.0;58.0;14.5;5.5;76.7;0.2863;-0.0369;0.2250;0.0000;
207.90;0;0;0;0;17;CF;11;11;11;11;11;463;168;3B6;3.2;28.0;93.0;14.5;5.5;76.7;0.3020;-0.0397;0.4250;101.5250;
208.15;0;0;0;0;17;CF;12;11;11;12;12;483;168;3B6;3.2;28.0;101.5;14.5;5.5;76.7;0.2902;-0.0410;0.4750;102.0750;
208.40;0;0;0;0;17;CF;12;12;12;12;12;4AE;168;3B6;3.2;27.3;104.0;14.5;5.5;76.7;0.2941;-0.0473;0.4750;101.4250;
208.65;0;0;0;0;17;CF;13;13;13;13;13;4D0;168;3B6;3.2;27.0;107.0;14.5;5.5;76.7;0.2902;-0.0519;0.6500;100.8500;
208.90;0;0;0;0;17;CF;14;14;14;14;14;502;168;3B6;3.2;27.0;105.5;14.5;5.5;76.7;0.2902;-0.0509;0.7000;101.5000;
209.15;0;0;0;0;17;CF;14;14;14;14;14;523;168;3B6;3.2;26.5;106.0;14.5;5.5;76.7;0.2863;-0.0501;0.7500;101.4750;
209.40;0;0;0;0;17;CF;15;15;15;15;15;550;168;3B6;3.2;26.5;103.5;14.5;5.5;76.7;0.2863;-0.0468;0.6750;101.9750;
209.65;0;0;0;0;17;CF;16;15;16;15;15;576;168;3B6;3.2;25.6;102.0;14.5;5.5;76.7;0.2863;-0.0307;0.6500;102.2250;
209.90;0;0;0;0;17;CF;16;15;16;16;16;549;168;3B6;3.2;25.3;-8.0;14.5;5.5;76.7;0.0000;-0.0295;0.4500;101.6500;
210.15;0;0;0;0;17;CF;15;15;15;15;15;566;168;3B6;3.2;25.3;-12.0;14.5;5.5;76.7;0.1686;-0.0168;-0.2250;102.1500;
210.40;0;0;0;0;17;CF;15;15;15;15;15;568;168;3B6;3.2;25.5;20.5;14.5;5.5;76.7;0.1961;-0.0132;-0.3500;102.1250;
210.65;0;0;0;0;18;CF;15;15;15;15;15;549;168;3B6;3.2;25.4;34.0;14.5;5.5;76.7;0.1961;-0.0049;-0.2500;102.0250;
210.90;0;0;0;0;18;CF;15;15;15;15;15;54C;168;3B6;3.2;25.4;36.5;14.5;5.5;76.7;0.1882;-0.0041;-0.0500;102.3500;
211.17;0;0;0;0;18;CF;15;15;15;15;15;552;168;3B6;3.2;25.4;38.5;14.5;5.5;76.7;0.1882;0.0118;0.0250;0.2250;
211.42;0;0;0;0;18;CF;15;15;15;15;15;55A;168;3B6;3.2;25.5;38.0;14.5;5.5;76.7;0.1922;0.0138;0.0500;102.2500;
211.67;0;0;0;0;18;CF;15;15;15;15;15;559;168;3B6;3.2;25.6;37.5;14.5;5.5;76.7;0.1882;0.0268;0.0250;0.2250;
211.92;0;0;0;0;18;CF;15;15;15;16;15;562;168;3B6;3.2;25.6;39.0;14.5;5.5;76.7;0.1961;0.0296;0.0500;102.0250;
212.17;0;0;0;0;18;CF;15;16;15;15;15;56C;168;3B6;3.2;25.3;41.5;14.5;5.5;76.7;0.2039;0.0446;0.1000;102.3500;
212.42;0;0;0;0;18;CF;15;16;15;16;16;574;168;3B6;3.2;25.3;53.0;14.5;5.5;76.7;0.2314;0.0440;0.1000;101.6500;
212.67;0;0;0;0;18;CF;16;16;16;16;16;57E;168;3B6;3.2;26.1;61.0;14.5;5.5;76.7;0.2353;0.0425;0.2000;0.4500;
212.92;0;0;0;0;18;CF;16;16;16;16;16;591;168;3B6;3.2;26.6;66.5;14.5;5.5;76.7;0.2431;0.0361;0.2250;102.2500;
213.17;0;0;0;0;18;CF;16;16;16;16;16;5A9;168;3B6;3.2;26.6;69.5;14.5;5.5;76.7;0.2431;0.0046;0.3250;102.3000;
213.42;0;0;0;0;18;CF;17;17;17;17;17;5B6;168;3B6;3.2;26.8;76.0;14.5;5.5;76.7;0.2667;-0.0034;0.2250;101.7250;
213.67;0;0;0;0;18;CF;17;17;17;17;17;5D5;168;3B6;3.2;26.9;86.0;14.5;5.5;76.7;0.2902;-0.0084;0.3500;102.1250;
213.92;0;0;0;0;18;CF;17;18;17;18;17;5EB;168;3B6;3.2;26.9;104.0;14.5;5.5;76.7;0.3137;-0.0084;0.3500;102.1250;
214.17;0;0;0;0;18;CF;18;18;18;18;18;611;168;3B6;3.2;26.9;112.0;14.5;5.5;76.7;0.3176;-0.0064;0.4500;102.3750;
214.42;0;0;0;0;18;CF;18;19;19;19;19;62E;168;3B6;3.2;26.9;119.0;14.5;5.5;76.7;0.3176;-0.0041;0.5500;101.4000;
214.67;0;0;0;0;18;CF;19;1A;19;1A;19;667;168;3B6;3.2;26.6;116.0;14.5;5.5;76.7;0.3137;-0.0014;0.6750;0.1250;
214.92;0;0;0;0;18;CF;1A;1A;1A;1A;1A;698;168;3B6;3.2;26.4;115.5;14.5;5.5;76.7;0.3137;-0.0001;0.7500;102.3000;
215.17;0;0;0;0;18;CF;1B;1B;1B;1B;1B;6B3;168;3B6;3.2;26.4;114.0;14.5;5.5;76.7;0.3059;0.0020;0.7500;102.3000;
215.42;0;0;0;0;18;CF;1B;1C;1B;1B;1B;6EC;168;3B6;3.2;26.4;105.5;14.5;5.5;76.7;0.2941;0.0025;0.7500;0.0000;
215.67;0;0;0;0;18;CF;1C;1C;1C;1C;1C;70A;168;3B6;3.2;26.4;90.0;14.5;5.5;76.7;0.1647;0.0025;0.7500;102.1500;
215.92;1;0;0;0;18;CF;1C;1C;1C;1C;1C;636;168;3B6;3.2;26.0;-47.0;14.5;5.5;76.7;0.0000;0.0025;0.1250;0.0250;
216.18;1;0;0;0;18;CF;1B;1B;1B;1C;1B;511;168;3B6;3.2;26.0;-49.5;14.5;5.5;76.7;0.0000;0.0029;-0.1750;0.2250;
216.43;1;0;0;0;18;CF;1B;1B;1B;1B;1B;38A;168;3B6;3.2;26.8;-4.0;14.5;5.5;76.7;0.1647;0.0057;-0.2250;0.3750;
216.68;1;0;0;0;18;CF;1B;1B;1B;1B;1B;47B;168;3B6;3.2;26.6;39.0;14.5;5.5;76.7;0.2392;0.0057;-0.4000;0.3750;
216.93;0;0;0;0;18;CF;1B;1B;1B;1B;1B;42E;168;3B6;3.2;26.6;75.5;14.5;5.5;76.7;0.1922;0.0075;-0.0500;102.2250;
217.18;0;0;0;0;18;CF;1B;1B;1B;1B;1B;413;168;3B6;3.2;26.9;-17.0;14.5;5.5;76.7;0.0000;0.0140;-0.2000;102.0000;
217.43;0;0;0;0;18;CF;1A;1A;1A;1B;1B;414;168;3B6;3.2;27.1;-49.5;14.5;5.5;76.7;0.0000;0.0193;-0.3750;0.3750;
217.68;0;0;0;0;18;CF;1A;1A;1A;1A;1A;40E;168;3B6;3.2;27.1;-54.5;14.5;5.5;76.7;0.0000;0.0193;-0.5750;0.4500;
217.93;0;0;0;0;18;CF;19;19;19;19;19;3F9;168;3B6;3.2;28.0;-44.5;14.5;5.5;76.7;0.0000;0.0181;-0.5250;102.3250;
218.18;0;0;0;0;18;CF;18;19;19;19;19;3E8;168;3B6;3.2;28.0;-34.5;14.5;5.5;76.7;0.0000;0.0146;-0.5250;0.1250;
218.43;0;0;0;0;18;CF;18;19;19;19;19;3DE;168;3B6;3.2;28.8;-19.0;14.5;5.5;76.7;0.0000;0.0110;-0.4500;102.3000;
218.68;0;0;0;0;18;CF;18;18;18;18;18;3D3;168;3B6;3.2;29.0;-12.5;14.5;5.5;76.7;0.0000;0.0003;-0.3750;101.8000;
218.93;0;0;0;0;18;CF;18;18;18;18;18;3CA;168;3B6;3.2;29.0;-12.5;14.5;5.5;76.7;0.0000;-0.0014;-0.2750;101.9250;
219.18;0;0;0;0;18;CF;18;18;18;18;18;3C3;168;3B6;3.2;29.5;-9.0;14.5;5.5;76.7;0.0000;-0.0033;-0.2500;0.1000;
219.43;0;0;0;0;18;CF;18;18;17;18;18;3B8;168;3B6;3.2;29.5;-5.0;14.5;5.5;76.7;0.0000;-0.0059;-0.2500;101.6750;
219.68;0;0;0;0;18;CF;17;18;17;18;18;3B7;168;3B6;3.2;30.0;-4.5;14.5;5.5;76.7;0.0000;-0.0041;-0.1750;102.0750;
219.93;1;0;0;0;18;CF;17;18;17;17;17;37C;168;3B6;3.2;30.0;1.0;14.5;5.5;76.7;0.0000;-0.0064;-0.2000;102.2750;
220.18;1;0;0;0;18;CF;17;17;17;17;17;35C;168;3B6;3.2;30.3;11.5;14.5;5.5;76.7;0.0000;-0.0202;-0.2000;101.7500;
220.43;1;0;0;0;18;CF;17;17;17;17;17;369;168;3B6;3.2;29.9;12.5;14.5;5.5;76.7;0.0000;-0.0304;-0.1750;102.1250;
220.68;1;0;0;0;18;CF;17;17;17;17;17;3AB;168;3B6;3.2;29.9;-11.0;14.5;5.5;76.7;0.0000;-0.0316;-0.2500;102.1500;
220.93;1;0;0;0;18;CF;16;16;16;16;16;3F6;168;3B6;3.2;30.0;-59.5;14.5;5.5;76.7;0.0000;-0.0372;-0.5750;101.3750;
221.19;1;0;0;0;18;CF;15;15;15;15;15;42A;168;3B6;3.2;30.0;-59.5;14.5;5.5;76.7;0.0000;-0.0433;-0.9250;101.8000;
221.44;1;0;0;0;19;CF;14;14;14;14;14;493;168;3B6;3.2;30.2;-60.0;14.5;5.5;76.7;0.0000;-0.0437;-1.0000;101.8500;
221.69;1;0;0;0;19;CF;13;14;14;13;14;4E6;168;3B6;3.2;30.7;-60.0;14.5;5.5;76.7;0.0000;-0.0391;-0.9250;0.5250;
221.94;1;0;0;0;19;CF;13;13;13;13;13;4C2;168;3B6;3.2;30.7;-59.0;14.5;5.5;76.7;0.0000;-0.0369;-0.6500;101.9500;
222.19;1;0;0;0;19;CF;12;12;13;12;12;4A1;168;3B6;3.2;30.5;-5.0;14.5;5.5;76.7;0.0784;0.0334;-0.7500;0.6750;
222.44;0;0;0;0;19;CF;12;12;12;12;12;4A6;168;3B6;3.2;30.1;15.0;14.5;5.5;76.7;0.1412;0.0382;-0.4250;101.4750;
222.69;0;0;0;0;19;CF;12;12;11;12;12;480;168;3B6;3.2;30.1;16.5;14.5;5.5;76.7;0.1451;0.0816;-0.3500;0.2750;
222.94;0;0;0;0;19;CF;11;12;11;12;12;46A;168;3B6;3.2;30.3;17.5;14.5;5.5;76.7;0.1608;0.1474;-0.4000;1.8000;
223.19;0;0;0;0;19;CF;11;12;11;12;12;47D;168;3B6;3.2;30.3;24.0;14.5;5.5;76.7;0.1725;0.2270;-0.2000;1.1750;
223.44;0;0;0;0;19;CF;11;12;11;12;12;478;168;3B6;3.2;31.4;31.0;14.5;5.5;76.7;0.1961;0.2436;-0.1000;2.1250;
223.69;0;0;0;0;19;CF;11;12;11;12;12;47B;168;3B6;3.2;31.4;50.5;14.5;5.5;76.7;0.2431;0.2574;0.0500;2.0750;
223.94;0;0;0;0;19;CF;11;13;11;12;12;482;168;3B6;3.2;31.9;61.0;14.5;5.5;76.7;0.2314;0.2592;0.0750;1.1250;
224.19;0;0;0;0;19;CF;11;13;11;13;12;489;168;3B6;3.2;31.9;65.0;14.5;5.5;76.7;0.2314;0.2577;0.1000;1.4750;
224.44;0;0;0;0;19;CF;11;13;11;13;12;49E;168;3B6;3.2;32.4;68.0;14.5;5.5;76.7;0.2431;0.2552;0.1750;1.0000;
224.69;0;0;0;0;19;CF;12;14;12;13;13;4B5;168;3B6;3.2;33.1;72.0;14.5;5.5;76.7;0.2471;0.2526;0.3250;1.4250;
224.94;0;0;0;0;19;CF;13;14;12;13;13;4CC;168;3B6;3.2;33.1;74.0;14.5;5.5;76.7;0.2431;0.2491;0.3500;1.6500;
225.19;0;0;0;0;19;CF;13;13;12;14;13;4E3;168;3B6;3.2;33.8;73.0;14.5;5.5;76.7;0.2431;0.2428;0.3250;1.4500;
225.44;0;0;0;0;19;CF;13;14;13;15;14;4FA;168;3B6;3.2;34.3;70.5;14.5;5.5;76.7;0.2314;0.2234;0.3500;1.2250;
225.69;0;0;0;0;19;CF;14;14;13;14;14;504;168;3B6;3.2;34.3;64.0;14.5;5.5;76.7;0.2275;0.1840;0.3250;1.2500;
225.94;0;0;0;0;19;CF;14;15;14;15;14;523;168;3B6;3.2;34.3;62.0;14.5;5.5;76.7;0.2235;0.1459;0.3750;1.5250;
226.21;0;0;0;0;19;CF;15;15;14;15;15;536;168;3B6;3.2;34.3;44.5;14.5;5.5;76.7;0.1922;0.0833;0.3500;0.9750;
226.46;0;0;0;0;19;CF;15;15;15;15;15;53B;168;3B6;3.2;34.1;41.5;14.5;5.5;76.7;0.1961;0.0560;0.2500;0.2750;
226.71;0;0;0;0;19;CF;15;15;15;15;15;548;168;3B6;3.2;34.4;41.5;14.5;5.5;76.7;0.2039;0.0189;0.1250;0.2500;
226.96;0;0;0;0;19;CF;15;15;15;15;15;537;168;3B6;3.2;34.4;48.0;14.5;5.5;76.7;0.2157;-0.0255;-0.0500;0.2750;
227.21;0;0;0;0;19;CF;15;15;15;15;15;549;168;3B6;3.2;34.3;60.5;14.5;5.5;76.7;0.2314;-0.0298;0.0500;0.6500;
227.46;0;0;0;0;19;CF;15;15;15;15;15;551;168;3B6;3.2;33.0;63.0;14.5;5.5;76.7;0.2314;-0.0351;0.0000;0.8000;
227.71;0;0;0;0;19;CF;15;15;15;15;15;560;168;3B6;3.2;33.0;63.5;14.5;5.5;76.7;0.2314;-0.0480;0.0750;101.6000;
227.96;0;0;0;0;19;CF;16;15;15;15;15;565;168;3B6;3.2;33.0;63.5;14.5;5.5;76.7;0.2314;-0.0551;0.1750;102.0500;
228.21;0;0;0;0;19;CF;16;15;15;15;16;570;168;3B6;3.2;32.1;59.5;14.5;5.5;76.7;0.2196;-0.0617;0.1750;0.2750;
228.46;0;0;0;0;19;CF;16;15;16;15;16;570;168;3B6;3.2;31.5;59.0;14.5;5.5;76.7;0.2157;-0.0636;0.1000;102.0000;
228.71;0;0;0;0;19;CF;16;16;16;15;16;578;168;3B6;3.2;31.5;57.0;14.5;5.5;76.7;0.2196;-0.0705;0.0500;102.2250;
228.96;0;0;0;0;19;CF;16;16;16;16;16;598;168;3B6;3.2;30.7;54.0;14.5;5.5;76.7;0.2157;-0.0798;0.2500;101.3000;
229.21;0;0;0;0;19;CF;16;16;16;16;16;598;168;3B6;3.2;30.7;49.0;14.5;5.5;76.7;0.2078;-0.0808;0.1250;0.4750;
229.46;0;0;0;0;1A;CF;16;16;16;16;16;59E;168;3B6;3.2;29.7;48.0;14.5;5.5;76.7;0.2000;-0.0750;0.1250;102.1250;
229.71;0;0;0;0;1A;CF;16;16;16;16;16;58D;168;3B6;3.2;28.8;47.5;14.5;5.5;76.7;0.2039;-0.0646;-0.0250;0.0000;
229.96;0;0;0;0;1A;CF;17;16;17;16;16;5B7;168;3B6;3.2;28.8;45.0;14.5;5.5;76.7;0.2196;-0.0498;0.0750;101.7000;
230.21;0;0;0;0;1A;CF;17;17;17;17;17;5C0;168;3B6;3.2;28.1;49.5;14.5;5.5;76.7;0.2118;-0.0503;0.2000;101.5000;
230.46;0;0;0;0;1A;CF;17;16;17;17;17;5B2;168;3B6;3.2;27.9;50.0;14.5;5.5;76.7;0.2078;-0.0339;0.0250;0.2000;
230.71;0;0;0;0;1A;CF;17;17;17;17;17;5D5;168;3B6;3.2;27.9;46.0;14.5;5.5;76.7;0.2000;-0.0382;0.2750;0.0750;
230.96;0;0;0;0;1A;CF;18;17;17;17;17;5D0;168;3B6;3.2;27.3;46.5;14.5;5.5;76.7;0.2039;-0.0275;0.1500;0.7250;
231.22;0;0;0;0;1A;CF;17;17;18;17;17;5E3;168;3B6;3.2;27.3;46.0;14.5;5.5;76.7;0.2000;-0.0224;0.1250;102.3000;
231.47;0;0;0;0;1A;CF;17;17;18;17;17;5E2;168;3B6;3.2;27.2;45.5;14.5;5.5;76.7;0.1961;-0.0196;0.1000;102.3750;
231.72;0;0;0;0;1A;CF;18;18;18;18;18;5F3;168;3B6;3.2;27.2;42.5;14.5;5.5;76.7;0.1961;-0.0148;0.1500;0.2250;
231.97;0;0;0;0;1A;CF;18;18;18;18;18;5FC;168;3B6;3.2;27.2;39.5;14.5;5.5;76.7;0.1922;-0.0092;0.1000;0.3250;
232.22;0;0;0;0;1A;CF;18;18;18;18;18;5FD;168;3B6;3.2;27.2;35.5;14.5;5.5;76.7;0.1569;-0.0080;0.0750;0.2000;
232.47;0;0;0;0;1A;CF;18;17;18;18;18;5C7;168;3B6;3.2;27.3;-11.5;14.5;5.5;76.7;0.0000;-0.0021;-0.1750;102.3250;
232.72;0;0;0;0;1A;CF;17;17;17;17;17;5C8;168;3B6;3.2;27.6;4.0;14.5;5.5;76.7;0.1922;-0.0029;-0.4500;0.1250;
232.97;0;0;0;0;1A;CF;17;17;17;17;17;5DC;168;3B6;3.2;27.6;20.5;14.5;5.5;76.7;0.1922;-0.0009;-0.5250;101.8500;
233.22;0;0;0;0;1A;CF;17;17;17;17;17;5B9;168;3B6;3.2;28.2;34.0;14.5;5.5;76.7;0.1882;-0.0014;-0.2500;0.2250;
233.47;0;0;0;0;1A;CF;16;17;17;16;17;5B8;168;3B6;3.2;28.3;34.0;14.5;5.5;76.7;0.1765;-0.0039;-0.1500;0.1000;
233.72;0;0;0;0;1A;CF;17;17;17;17;17;5BF;168;3B6;3.2;28.3;27.5;14.5;5.5;76.7;0.1804;-0.0031;0.0250;0.0000;
233.97;0;0;0;0;1A;CF;17;17;17;17;17;5D4;168;3B6;3.2;28.6;29.0;14.5;5.5;76.7;0.1725;0.0110;0.1250;0.8500;
234.22;0;0;0;0;1A;CF;17;17;17;17;17;5BC;168;3B6;3.2;28.6;29.5;14.5;5.5;76.7;0.1765;0.0057;-0.0750;0.3750;
234.47;0;0;0;0;1A;CF;17;17;17;17;17;5CD;168;3B6;3.2;28.8;27.0;14.5;5.5;76.7;0.1804;0.0110;0.0250;0.6500;
234.72;0;0;0;0;1A;CF;17;17;17;17;17;5CA;168;3B6;3.2;29.0;27.5;14.5;5.5;76.7;0.1647;0.0062;0.0500;0.5000;
234.97;0;0;0;0;1A;CF;17;17;17;17;17;5B1;168;3B6;3.2;29.0;-3.0;14.5;5.5;76.7;0.0000;0.0265;0.0000;0.2500;
235.22;0;0;0;0;1A;CF;16;17;17;17;17;5AC;168;3B6;3.2;29.9;-15.0;14.5;5.5;76.7;0.1961;0.0265;-0.3250;102.1750;
235.47;0;0;0;0;1A;CF;16;16;16;16;16;5B1;16A;3B6;3.2;30.4;12.0;14.5;5.5;76.7;0.1961;0.0296;-0.3250;0.1750;
235.72;0;0;0;0;1A;CF;16;16;16;16;16;5A2;16A;3B6;3.2;30.4;35.0;14.5;5.5;76.7;0.1961;0.0288;-0.1250;0.4750;
235.97;0;0;0;0;1A;CF;16;17;17;17;17;5AD;16A;3B6;3.2;30.6;38.5;14.5;5.5;76.7;0.1882;0.0211;0.1000;0.0500;
236.23;0;0;0;0;1B;CF;17;17;17;17;17;5BC;16A;3B6;3.2;30.6;31.0;14.5;5.5;76.7;0.1608;0.0172;0.2000;0.2250;
236.48;0;0;0;0;1B;CF;17;17;17;17;17;5C0;16A;3B6;3.2;30.8;27.0;14.5;5.5;76.7;0.1608;0.0172;0.1500;0.7250;
236.73;0;0;0;0;1B;CF;17;17;17;17;17;5CA;16A;3B6;3.2;30.8;25.0;14.5;5.5;76.7;0.1569;0.0159;0.1000;0.8000;
236.98;0;0;0;0;1B;CF;17;17;17;17;17;5CE;16A;3B6;3.2;30.8;21.0;14.5;5.5;76.7;0.1529;0.0168;0.0500;0.3750;
237.23;0;0;0;0;1B;CF;17;17;17;17;17;5D1;16A;3B6;3.2;30.6;21.0;14.5;5.5;76.7;0.1569;0.0249;-0.0250;0.6500;
237.48;0;0;0;0;1B;CF;17;16;17;17;17;5CB;16A;3B6;3.2;30.6;22.0;14.5;5.5;76.7;0.1529;0.0260;-0.0250;0.1500;
237.73;0;0;0;0;1B;CF;17;17;17;17;17;5D3;16A;3B6;3.2;31.2;22.5;14.5;5.5;76.7;0.1765;0.0321;0.0000;1.2000;
237.98;0;0;0;0;1B;CF;17;17;17;17;17;5CE;16A;3B6;3.2;31.2;29.0;14.5;5.5;76.7;0.1804;0.0354;-0.0250;1.0000;
238.23;0;0;0;0;1B;CF;17;18;17;17;17;5CD;16A;3B6;3.2;31.2;32.5;14.5;5.5;76.7;0.1804;0.0379;0.0500;101.8250;
238.48;0;0;0;0;1B;CF;17;17;17;17;17;5D5;16A;3B6;3.2;31.6;34.0;14.5;5.5;76.7;0.1843;0.0446;0.0750;1.3500;
238.73;0;0;0;0;1B;CF;17;17;17;17;17;5D6;16A;3B6;3.2;31.6;33.5;14.5;5.5;76.7;0.1804;0.0391;0.0750;102.0500;
238.98;0;0;0;0;1B;CF;17;17;17;17;17;5D1;16A;3B6;3.2;32.0;32.5;14.5;5.5;76.7;0.1882;0.0389;-0.0750;1.0500;
239.23;0;0;0;0;1B;CF;17;17;17;17;17;5D5;16A;3B6;3.2;31.4;34.5;14.5;5.5;76.7;0.1804;0.0364;0.0000;1.3250;
239.48;0;0;0;0;1B;CF;17;17;17;17;17;5C1;16A;3B6;3.2;31.4;34.5;14.5;5.5;76.7;0.1804;0.0364;-0.1000;0.5500;
239.73;0;0;0;0;1B;CF;17;17;17;17;17;5D7;16A;3B6;3.2;31.5;34.5;14.5;5.5;76.7;0.1804;0.0339;0.0500;0.0750;
239.98;0;0;0;0;1B;CF;17;17;17;17;17;5E5;16A;3B6;3.2;31.5;33.0;14.5;5.5;76.7;0.1765;0.0296;0.1250;1.7250;
240.23;0;0;0;0;1B;CF;17;18;17;18;17;5E5;16A;3B6;3.2;31.6;32.5;14.5;5.5;76.7;0.1725;0.0334;0.1000;0.7000;
240.48;0;0;0;0;1B;CF;17;18;17;18;17;5F1;16A;3B6;3.2;31.6;28.5;14.5;5.5;76.7;0.1765;0.0333;-0.0750;0.5000;
240.73;0;0;0;0;1B;CF;18;18;18;18;18;602;16A;3B6;3.2;31.5;30.0;14.5;5.5;76.7;0.1725;0.0320;0.2000;0.6750;
240.98;0;0;0;0;1B;CF;18;18;18;18;18;603;16A;3B6;3.2;31.5;30.5;14.5;5.5;76.7;0.1686;0.0225;0.1250;0.8000;
241.25;0;0;0;0;1B;CF;18;18;18;18;18;5F5;16A;3B6;3.2;31.7;0.0;14.5;5.5;76.7;0.0000;0.0008;0.1250;0.0750;
241.50;0;0;0;0;1B;CF;18;17;18;17;18;5E4;16A;3B6;3.2;31.9;-29.5;14.5;5.5;76.7;0.0941;0.0014;-0.3250;0.3750;
241.75;0;0;0;0;1B;CF;17;17;17;17;17;5E8;16A;3B6;3.2;31.9;-10.0;14.5;5.5;76.7;0.1412;-0.0133;-0.3500;102.2000;
242.00;0;0;0;0;1B;CF;17;17;17;17;17;5CC;16A;3B6;3.2;31.9;11.0;14.5;5.5;76.7;0.1569;-0.0080;-0.3750;0.0000;
242.25;0;0;0;0;1B;CF;17;17;17;17;17;5D5;16A;3B6;3.2;31.9;17.5;14.5;5.5;76.7;0.1608;-0.0080;-0.1750;1.0750;
242.50;0;0;0;0;1B;CF;17;17;17;17;17;5C7;16A;3B6;3.2;31.9;22.5;14.5;5.5;76.7;0.1608;-0.0041;-0.0250;1.4000;
242.75;0;0;0;0;1B;CF;17;17;17;17;17;5C6;16A;3B6;3.2;31.8;20.5;14.5;5.5;76.7;0.0706;-0.0029;-0.0750;1.1250;
243.00;0;0;0;0;1B;CF;17;17;17;17;17;5BF;16A;3B6;3.2;31.8;-29.0;14.5;5.5;76.7;0.0902;-0.0009;-0.1250;0.0500;
243.25;0;0;0;0;1B;CF;16;16;16;17;16;5A6;16A;3B6;3.2;31.8;-12.0;14.5;5.5;76.7;0.1412;-0.0022;-0.3750;0.7250;
243.50;0;0;0;0;1B;CF;16;16;16;16;16;59B;16A;3B6;3.2;32.3;8.5;14.5;5.5;76.7;0.1412;-0.0008;-0.2750;0.1250;
243.75;0;0;0;0;1B;CF;16;16;16;16;16;59A;16A;3B6;3.2;32.3;10.5;14.5;5.5;76.7;0.1373;-0.0021;-0.2000;1.0250;
244.00;0;0;0;0;1C;CF;16;16;16;16;16;59F;16A;3B6;3.2;31.9;-1.0;14.5;5.5;76.7;0.0784;0.0009;0.0000;0.4000;
244.25;0;0;0;0;1C;CF;16;16;16;16;16;586;16A;3B6;3.2;32.0;-8.0;14.5;5.5;76.7;0.0784;-0.0004;-0.1500;1.1750;
244.50;0;0;0;0;1C;CF;16;16;16;16;16;57C;16A;3B6;3.2;32.0;-2.5;14.5;5.5;76.7;0.1059;0.0028;-0.1750;0.6500;
244.75;0;0;0;0;1C;CF;16;16;15;15;16;579;16A;3B6;3.2;32.0;1.5;14.5;5.5;76.7;0.1294;-0.0004;-0.1750;0.8250;
245.00;0;0;0;0;1C;CF;16;16;16;16;16;57A;16A;3B6;3.2;32.6;7.0;14.5;5.5;76.7;0.1373;-0.0004;-0.1250;1.0500;
245.25;0;0;0;0;1C;CF;16;16;16;16;16;574;16A;3B6;3.2;32.5;13.5;14.5;5.5;76.7;0.1529;-0.0008;-0.1250;0.5000;
245.50;0;0;0;0;1C;CF;16;16;15;16;16;57B;16A;3B6;3.2;32.5;22.0;14.5;5.5;76.7;0.1725;-0.0009;0.0000;0.5250;
245.75;0;0;0;0;1C;CF;16;15;16;16;16;578;16A;3B6;3.2;32.3;26.0;14.5;5.5;76.7;0.1961;0.0016;0.0000;1.3000;
246.00;0;0;0;0;1C;CF;16;16;16;16;16;587;16A;3B6;3.2;32.3;44.0;14.5;5.5;76.7;0.2196;0.0018;0.0750;0.0000;
246.27;0;0;0;0;1C;CF;16;16;16;16;16;58E;16A;3B6;3.2;32.2;53.0;14.5;5.5;76.7;0.2314;0.0052;0.2250;1.6500;
246.52;0;0;0;0;1C;CF;17;17;17;16;17;5B3;16A;3B6;3.2;32.1;62.5;14.5;5.5;76.7;0.2314;-0.0022;0.3750;0.7500;
246.77;0;0;0;0;1C;CF;17;17;17;17;17;5BE;16A;3B6;3.2;32.1;64.5;14.5;5.5;76.7;0.2353;-0.0216;0.4000;0.5000;
247.02;0;0;0;0;1C;CF;17;17;18;17;17;5EF;16A;3B6;3.2;31.6;65.0;14.5;5.5;76.7;0.2431;-0.0372;0.4250;101.8250;
247.27;0;0;0;0;1C;CF;18;18;18;18;18;60B;16A;3B6;3.2;31.3;69.0;14.5;5.5;76.7;0.2471;-0.0450;0.5750;101.8500;
247.52;0;0;0;0;1C;CF;19;18;19;19;19;637;16A;3B6;3.2;31.3;73.0;14.5;5.5;76.7;0.2549;-0.0570;0.5750;101.8750;
247.77;0;0;0;0;1C;CF;1A;19;19;19;19;654;16A;3B6;3.2;30.5;80.0;14.5;5.5;76.7;0.2745;-0.0557;0.6500;0.3250;
248.02;0;0;0;0;1C;CF;1A;1A;1B;1A;1A;687;16A;3B6;3.2;30.5;88.0;14.5;5.5;76.7;0.2667;-0.0551;0.6750;102.1500;
248.27;0;0;0;0;1C;CF;1B;1B;1B;1B;1B;6B9;16A;3B6;3.2;29.9;82.0;14.5;5.5;76.7;0.2627;-0.0546;0.7750;102.1250;
248.52;0;0;0;0;1C;CF;1C;1B;1C;1B;1B;6E6;16A;3B6;3.2;29.2;81.0;14.5;5.5;76.7;0.2588;-0.0541;0.7750;101.6750;
248.77;0;0;0;0;1C;CF;1D;1C;1C;1C;1C;714;16A;3B6;3.2;29.2;79.5;14.5;5.5;76.7;0.2588;-0.0391;0.8250;101.9750;
249.02;1;0;0;0;1C;CF;1C;1C;1C;1C;1C;6AC;16A;3B6;3.2;29.2;-49.0;14.5;5.5;76.7;0.0000;-0.0338;0.3500;101.7500;
249.27;1;0;0;0;1C;CF;1C;1C;1C;1C;1C;5A1;16A;3B6;3.2;28.0;-45.0;14.5;5.5;76.7;0.0000;-0.0328;0.1750;102.0000;
249.52;1;0;0;0;1C;CF;1D;1C;1D;1C;1C;3F1;16A;3B6;3.2;28.1;-34.0;14.5;5.5;76.7;0.0000;-0.0229;0.0500;102.3000;
249.77;1;0;0;0;1C;CF;1C;1C;1C;1C;1C;377;16A;3B6;3.2;28.1;40.5;14.5;5.5;76.7;0.1961;-0.0259;-0.0250;102.3000;
250.02;1;0;0;0;1C;CF;1C;1C;1C;1C;1C;46C;16A;3B6;3.2;27.8;93.5;14.5;5.5;76.7;0.2549;-0.0303;-0.0500;102.2250;
250.27;0;0;0;0;1C;CF;1D;1D;1D;1D;1D;47E;16A;3B6;3.2;27.4;87.0;14.5;5.5;76.7;0.2588;-0.0300;0.3750;102.1750;
250.52;0;0;0;0;1C;CF;1E;1D;1E;1D;1D;49F;16A;3B6;3.2;27.4;82.5;14.5;5.5;76.7;0.2549;-0.0339;0.5000;102.1750;
250.77;0;0;0;0;1C;CF;1E;1E;1E;1E;1E;4AD;16A;3B6;3.2;26.9;82.0;14.5;5.5;76.7;0.2549;-0.0339;0.5250;102.1250;
251.02;0;0;0;0;1C;CF;1F;1F;1F;1E;1F;4C6;16A;3B6;3.2;26.9;77.0;14.5;5.5;76.7;0.2431;-0.0314;0.5500;101.8750;
251.28;0;0;0;0;1C;CF;1F;1F;1F;1F;1F;4D7;16A;3B6;3.2;26.9;73.0;14.5;5.5;76.7;0.2235;-0.0308;0.5500;101.5500;
251.53;0;0;0;0;1C;CF;1F;1F;20;1F;20;4E7;16A;3B6;3.2;26.6;44.0;14.5;5.5;76.7;0.1961;-0.0241;0.4250;102.2750;
251.78;0;0;0;0;1C;CF;20;20;20;1F;20;4EB;16A;3B6;3.2;26.6;42.5;14.5;5.5;76.7;0.1961;-0.0225;0.1750;0.4750;
252.03;0;0;0;0;1C;CF;20;20;20;20;20;4D1;16A;3B6;3.2;26.8;-16.5;14.5;5.5;76.7;0.0000;-0.0222;0.1750;101.9000;
252.28;0;0;0;0;1C;CF;20;1F;1F;1F;20;4E0;16A;3B6;3.2;27.3;-32.5;14.5;5.5;76.7;0.0784;-0.0229;-0.1250;0.0000;
252.53;0;0;0;0;1D;CF;20;1F;1F;1F;1F;4E3;16A;3B6;3.2;27.3;-3.0;14.5;5.5;76.7;0.1647;-0.0238;-0.1750;102.2750;
252.78;0;0;0;0;1D;CF;1F;1F;1F;1F;1F;4E4;16A;3B6;3.2;27.6;14.0;14.5;5.5;76.7;0.1804;-0.0346;-0.1750;102.3750;
253.03;0;0;0;0;1D;CF;1F;1F;1F;1F;1F;4E8;16A;3B6;3.2;27.6;29.5;14.5;5.5;76.7;0.1765;-0.0386;0.0500;101.9000;
253.28;0;0;0;0;1D;CF;1F;1F;1F;1F;1F;4BD;16A;3B6;3.2;28.0;-8.5;14.5;5.5;76.7;0.0000;-0.0409;-0.0250;102.1500;
253.53;0;0;0;0;1D;CF;1F;1F;1F;1F;1F;4CE;16A;3B6;3.2;28.0;-33.5;14.5;5.5;76.7;0.0863;-0.0470;-0.2750;101.9000;
253.78;0;0;0;0;1D;CF;1F;1E;1F;1E;1F;4CE;16A;3B6;3.2;27.5;-13.0;14.5;5.5;76.7;0.1373;-0.0691;-0.3500;101.5750;
254.03;0;0;0;0;1D;CF;1F;1E;1F;1E;1E;4C5;16A;3B6;3.2;27.6;6.0;14.5;5.5;76.7;0.1451;-0.0767;-0.2250;101.3250;
254.28;0;0;0;0;1D;CF;1F;1E;1F;1E;1E;4C6;16A;3B6;3.2;27.6;12.5;14.5;5.5;76.7;0.1451;-0.0867;-0.1500;101.2250;
254.53;0;0;0;0;1D;CF;1F;1E;1F;1E;1E;4C1;16A;3B6;3.2;27.1;-30.0;14.5;5.5;76.7;0.0000;-0.0865;-0.0750;100.9000;
254.78;0;0;0;0;1D;CF;1E;1D;1E;1D;1E;4A7;16A;3B6;3.2;27.1;-45.0;14.5;5.5;76.7;0.0000;-0.0723;-0.3750;101.8500;
255.03;0;0;0;0;1D;CF;1E;1D;1E;1D;1D;493;16A;3B6;3.2;27.2;-52.0;14.5;5.5;76.7;0.0431;-0.0712;-0.5500;101.6250;
255.28;0;0;0;0;1D;CF;1D;1D;1D;1C;1D;493;16A;3B6;3.2;27.4;-26.0;14.5;5.5;76.7;0.1020;-0.0762;-0.4250;101.7500;
255.53;0;0;0;0;1D;CF;1D;1C;1D;1C;1D;478;16A;3B6;3.2;27.4;-13.0;14.5;5.5;76.7;0.0000;-0.0763;-0.4750;102.1500;
255.78;0;0;0;0;1D;CF;1D;1C;1C;1C;1C;46C;16A;3B6;3.2;27.7;-25.0;14.5;5.5;76.7;0.0000;-0.0745;-0.3750;101.7500;
256.03;0;0;0;0;1D;CF;1C;1B;1C;1B;1C;449;16A;3B6;3.2;27.6;-51.5;14.5;5.5;76.7;0.0000;-0.0618;-0.4750;102.2750;
256.29;0;0;0;0;1D;CF;1B;1B;1B;1B;1B;440;16A;3B6;3.2;27.6;-52.5;14.5;5.5;76.7;0.0000;-0.0585;-0.5250;102.2250;
256.54;0;0;0;0;1D;CF;1B;1A;1B;1A;1B;423;16A;3B6;3.2;27.4;-52.5;14.5;5.5;76.7;0.0000;-0.0428;-0.6500;102.2500;
256.79;0;0;0;0;1D;CF;1A;1A;1A;1A;1A;416;16A;3B6;3.2;27.4;-45.5;14.5;5.5;76.7;0.0000;-0.0255;-0.6750;0.1500;
257.04;1;0;0;0;1D;CF;1A;19;1A;19;1A;3EF;16A;3B6;3.2;27.6;-38.0;14.5;5.5;76.7;0.0000;-0.0148;-0.6750;0.0000;
257.29;1;0;0;0;1D;CF;19;19;19;19;19;368;16A;3B6;3.2;27.6;12.0;14.5;5.5;76.7;0.0000;-0.0041;-0.3750;0.5250;
257.54;1;0;0;0;1D;CF;19;19;19;19;19;366;16A;3B6;3.2;27.9;14.5;14.5;5.5;76.7;0.0000;0.0091;-0.3500;0.4500;
257.79;1;0;0;0;1D;CF;19;19;18;19;19;36F;16A;3B6;3.2;27.9;12.5;14.5;5.5;76.7;0.0000;0.0262;-0.2750;0.7000;
258.04;1;0;0;0;1D;CF;18;19;18;19;19;39B;16A;3B6;3.2;28.2;6.0;14.5;5.5;76.7;0.0000;0.0288;-0.3250;0.0250;
258.29;1;0;0;0;1D;CF;17;18;17;18;18;3EC;16A;3B6;3.2;28.6;-54.5;14.5;5.5;76.7;0.0000;0.0440;-0.8000;0.3250;
258.54;1;0;0;0;1D;CF;16;17;16;17;17;46D;16A;3B6;3.2;28.6;-23.0;14.5;5.5;76.7;0.0706;0.0458;-1.0000;102.3000;
258.79;1;0;0;0;1D;CF;15;16;15;16;16;530;16A;3B6;3.2;29.6;-10.0;14.5;5.5;76.7;0.0745;0.0585;-1.1500;0.5250;
259.04;1;0;0;0;1D;CF;15;15;15;15;15;53F;16A;3B6;3.2;30.8;5.5;14.5;5.5;76.7;0.0941;0.0684;-0.8000;0.2750;
259.29;0;0;0;0;1D;CF;14;15;14;15;15;53B;16A;3B6;3.2;30.8;-14.5;14.5;5.5;76.7;0.0863;0.0727;-0.5750;0.4750;
259.54;0;0;0;0;1D;CF;14;14;14;14;14;507;16A;3B6;3.2;30.9;-32.0;14.5;5.5;76.7;0.0000;0.0707;-0.6000;0.1500;
259.79;0;0;0;0;1D;CF;13;13;13;13;13;4DD;16A;3B6;3.2;30.9;-41.0;14.5;5.5;76.7;0.0000;0.0684;-0.7750;0.4750;
260.04;0;0;0;0;1D;CF;12;12;12;13;13;4AC;16A;3B6;3.2;31.6;-15.5;14.5;5.5;76.7;0.1216;0.0684;-0.8250;0.3500;
260.29;0;0;0;0;1D;CF;12;12;12;12;12;49A;16A;3B6;3.2;32.5;0.5;14.5;5.5;76.7;0.1294;0.0679;-0.6000;0.4250;
260.54;0;0;0;0;1D;CF;11;12;11;12;12;48B;16A;3B6;3.2;32.5;5.5;14.5;5.5;76.7;0.0863;0.0675;-0.4250;0.4750;
260.79;0;0;0;0;1D;CF;11;11;11;11;11;447;16A;3B6;3.2;32.5;-33.0;14.5;5.5;76.7;0.0000;0.0643;-0.6750;0.4750;
261.04;0;0;0;0;1D;CF;10;11;10;10;10;428;16A;3B6;3.2;33.0;-33.5;14.5;5.5;76.7;0.0000;0.0625;-0.8750;0.4500;
261.30;1;0;0;0;1D;CF;F;F;F;F;F;3B8;16A;3B6;3.2;33.0;-29.0;14.5;5.5;76.7;0.0000;0.0607;-0.9000;0.9750;
261.55;1;1;0;0;1D;CF;F;F;F;F;F;358;16A;3B6;3.2;33.0;12.5;14.5;5.5;76.7;0.0000;0.0702;-1.3000;0.5750;
261.80;1;1;0;0;1D;CF;E;E;E;E;E;367;16A;3B6;3.2;33.7;17.5;14.5;5.5;76.7;0.0000;0.0864;-0.8250;1.4000;
262.05;1;1;0;0;1D;CF;C;D;C;D;D;370;16A;3B6;3.2;33.7;15.5;14.5;5.5;76.7;0.0000;0.1068;-1.2500;1.2250;
262.30;1;1;0;0;1D;CF;B;B;B;B;B;36F;16A;3B6;3.2;33.7;13.5;14.5;5.5;76.7;0.0000;0.1312;-1.7250;1.6000;
262.55;1;1;0;0;1D;CF;9;A;9;A;A;370;16A;3B6;3.2;34.8;13.0;14.5;5.5;76.7;0.0000;0.1859;-1.4250;0.9250;
262.80;1;1;0;0;1D;CF;8;8;8;8;8;36B;16A;3B6;3.2;34.8;15.5;14.5;5.5;76.7;0.0000;0.2236;-1.1500;1.2500;
263.05;1;1;0;0;1D;CF;7;8;7;8;7;36E;16A;3B6;3.2;35.8;15.5;14.5;5.5;76.7;0.0000;0.3008;-1.1750;1.3250;
263.30;1;1;0;0;1D;CF;6;7;5;6;6;36A;16A;3B6;3.2;35.3;18.5;14.5;5.5;76.7;0.0000;0.3912;-1.1500;1.5250;
263.55;1;1;0;0;1D;CF;5;6;4;5;5;36C;16A;3B6;3.2;35.3;19.0;14.5;5.5;76.7;0.0000;0.5264;-1.4750;1.0000;
263.80;1;1;0;0;1E;CF;3;4;3;4;4;376;16A;3B6;3.2;36.4;14.0;14.5;5.5;76.7;0.0000;0.5455;-1.3250;0.7500;
264.05;1;0;0;0;1E;CF;3;3;2;3;3;374;16A;3B6;3.2;37.0;13.5;14.5;5.5;76.7;0.0000;0.5625;-1.0250;0.8250;
264.30;1;0;0;0;1D;CF;2;2;2;2;2;387;16A;3B6;3.2;37.0;35.5;14.5;5.5;76.7;0.0000;0.5800;-0.8250;0.9000;
264.55;1;0;0;0;1D;CF;1;2;1;2;2;3C4;16A;3B6;3.2;36.2;15.0;14.5;5.5;76.7;0.0549;0.5800;-0.7750;0.9750;
264.80;1;0;0;0;1D;CF;1;1;1;1;1;3CD;16A;3B6;3.2;36.2;32.5;14.5;5.5;76.7;0.1294;0.5800;-0.7250;0.8000;
265.05;1;0;0;0;1D;CF;1;1;1;1;1;3C3;16A;3B6;3.2;37.1;66.0;14.5;5.5;76.7;0.1333;0.5801;-0.5000;1.0500;
265.30;1;0;0;0;1E;CF;1;1;1;1;1;428;16A;3B6;3.2;36.7;88.5;14.5;5.5;76.7;0.1961;0.5828;-0.1000;1.0250;
265.55;1;0;0;0;1E;CF;1;1;1;1;1;45A;16A;3B6;3.2;36.7;85.5;14.5;5.5;76.7;0.2039;0.6059;0.1250;1.0000;
265.80;1;0;0;0;1E;CF;2;2;1;2;2;44A;16A;3B6;3.2;36.7;86.5;14.5;5.5;76.7;0.1882;0.6262;0.3500;1.1500;
266.05;1;0;0;0;1E;CF;2;3;2;2;2;437;16A;3B6;3.2;35.8;103.5;14.5;5.5;76.7;0.1843;0.6469;0.6000;1.1500;
266.32;1;0;0;0;1E;CF;3;4;3;3;3;44D;16A;3B6;3.2;35.8;96.5;14.5;5.5;76.7;0.1961;0.6699;0.7750;1.2000;
266.57;1;0;0;0;1E;CF;4;5;4;5;4;43B;16A;3B6;3.2;35.8;100.0;14.5;5.5;76.7;0.1961;0.7029;0.8250;1.3000;
266.82;1;0;0;0;1E;CF;5;6;4;6;5;428;16A;3B6;3.2;34.3;112.5;14.5;5.5;76.7;0.1922;0.7090;1.0500;1.4500;
267.07;1;0;0;0;1E;CF;6;7;5;7;6;42F;16A;3B6;3.2;32.7;114.0;14.5;5.5;76.7;0.2039;0.7088;0.9750;1.8750;
267.32;1;0;0;0;1E;CF;7;8;6;8;7;443;16A;3B6;3.2;32.7;117.0;14.4;5.5;76.7;0.2078;0.7086;1.0250;1.8000;
267.57;1;0;0;0;1E;CF;8;A;7;9;8;445;16A;3B6;3.2;32.7;117.5;14.4;5.5;76.7;0.2078;0.7057;1.2000;1.7750;
267.82;1;0;0;0;1E;CF;9;B;8;A;9;455;16A;3B6;3.2;32.7;119.0;14.4;5.5;76.7;0.2118;0.6988;1.2250;1.8750;
268.07;1;0;0;0;1E;CF;A;C;9;B;A;48E;16A;3B6;3.2;31.5;90.0;14.4;5.5;76.7;0.2275;0.6910;0.8250;2.0500;
268.32;1;0;0;0;1E;CF;A;C;9;B;B;4F3;16A;3B6;3.2;30.7;102.0;14.5;5.5;76.7;0.3059;0.6836;0.5250;1.8250;
268.57;0;0;0;0;1E;CF;B;D;A;C;B;55B;16A;3B6;3.2;30.7;128.0;14.5;5.5;76.7;0.3373;0.6551;0.8000;2.0250;
268.82;0;0;0;0;1E;CF;C;E;B;D;C;5B6;16A;3B6;3.2;32.0;131.5;14.5;5.5;76.7;0.3373;0.6370;1.0500;2.0500;
269.07;0;0;0;0;1E;CF;D;F;C;E;D;622;16A;3B6;3.2;31.3;131.0;14.5;5.5;76.7;0.3333;0.6051;1.0000;2.3750;
269.32;0;0;0;0;1E;CF;D;10;D;F;E;6A7;16A;3B6;3.2;31.3;130.0;14.5;5.5;76.7;0.3333;0.5433;1.0500;1.7250;
269.57;0;0;0;0;1E;CF;F;10;E;10;F;712;16A;3B6;3.2;32.2;127.5;14.5;5.5;76.7;0.3333;0.3664;1.0500;1.5000;
269.82;0;0;0;0;1E;CF;F;11;F;11;10;78C;16A;3B6;3.2;32.2;126.0;14.5;5.5;76.7;0.3294;0.3008;1.1250;1.4000;
270.07;0;0;0;0;1E;CF;10;12;10;12;11;7DD;16A;3B6;3.2;32.6;125.0;14.5;5.5;76.7;0.3294;0.2454;0.9750;1.1500;
270.32;0;0;0;0;1E;CF;11;12;11;12;12;850;16A;3B6;3.2;32.6;113.5;14.5;5.5;76.7;0.2039;0.1916;0.9250;1.0000;
270.57;1;0;0;0;1E;CF;11;12;11;12;12;7CB;16A;3B6;3.2;32.3;3.5;14.5;5.5;76.7;0.0000;0.1231;0.0750;0.5000;
270.82;1;0;0;0;1E;CF;10;11;10;11;11;63D;16A;3B6;3.2;32.3;-40.5;14.4;5.5;76.7;0.0000;0.0933;-0.4750;0.6000;
271.07;1;0;0;0;1E;CF;10;10;10;10;10;50D;16A;3B6;3.2;32.7;-43.0;14.4;5.5;76.7;0.0000;0.0880;-0.7750;0.4250;
271.33;1;0;0;0;1E;CF;F;10;F;10;10;3F4;16A;3B6;3.2;33.1;81.0;14.4;5.5;76.7;0.2706;0.0837;-0.7250;0.5000;
271.58;1;0;0;0;1E;CF;10;10;10;10;10;408;16A;3B6;3.2;33.1;155.5;14.4;5.5;76.7;0.3137;0.0798;-0.0750;0.6000;
271.83;0;0;0;0;1E;CF;10;11;10;11;10;449;16A;3B6;3.2;32.6;176.0;14.5;5.5;76.7;0.3725;0.0798;0.5750;0.5500;
272.08;0;0;0;0;1E;CF;11;12;11;12;11;475;16A;3B6;3.2;32.3;168.0;14.5;5.5;76.7;0.3725;0.0783;0.8750;0.4250;
272.33;0;0;0;0;1E;CF;12;12;12;12;12;4A4;16A;3B6;3.2;32.3;164.0;14.5;5.5;76.7;0.3765;0.0654;0.9000;0.1750;
272.58;0;0;0;0;1E;CF;13;13;13;13;13;4D0;16A;3B6;3.2;31.4;164.5;14.5;5.5;76.7;0.3765;0.0029;0.8250;0.0000;
272.83;0;0;0;0;1E;CF;14;14;14;14;14;507;16A;3B6;3.2;29.9;165.0;14.5;5.5;76.7;0.3765;-0.0273;0.8000;102.3000;
273.08;0;0;0;0;1E;CF;15;15;15;15;15;52F;16A;3B6;3.2;29.9;164.5;14.5;5.5;76.7;0.3765;-0.0437;0.8000;102.3000;
273.33;0;0;0;0;1E;CF;15;15;15;15;15;56B;16A;3B6;3.2;29.2;164.0;14.5;5.5;76.7;0.3765;-0.0462;0.8250;0.0500;
273.58;0;0;0;0;1E;CF;16;16;16;16;16;58E;16C;3B6;3.2;29.2;162.5;14.5;5.5;76.7;0.3843;-0.0392;0.8000;102.2500;
273.83;0;0;0;0;1E;CF;17;17;17;17;17;5DA;16C;3B6;3.2;27.3;188.0;14.5;5.5;76.7;0.4353;-0.0371;0.8000;102.2250;
274.08;0;0;0;0;1E;CF;18;18;18;18;18;601;16C;3B6;3.2;27.3;198.0;14.5;5.5;76.7;0.4353;-0.0343;1.0000;0.1500;
274.33;0;0;0;0;1E;CF;19;19;19;19;19;64F;16C;3B6;3.2;26.8;199.0;14.5;5.5;76.7;0.4314;-0.0339;1.1000;102.3500;
274.58;0;0;0;0;1E;CF;1A;1A;1A;1A;1A;68C;16C;3B6;3.2;26.8;197.5;14.5;5.5;76.7;0.4275;-0.0304;1.1000;0.0500;
274.83;0;0;0;0;1E;CF;1B;1B;1B;1B;1B;6D8;16C;3B6;3.2;26.4;194.5;14.5;5.5;76.7;0.4275;-0.0300;1.1750;0.1250;
275.08;0;0;0;0;1E;CF;1C;1C;1C;1C;1C;708;16C;3B6;3.2;25.2;192.0;14.5;5.5;76.7;0.4275;-0.0304;1.1000;0.0000;
275.33;0;0;0;0;1E;CF;1D;1D;1D;1D;1D;75B;16C;3B6;3.2;25.2;190.5;14.5;5.5;76.7;0.4275;-0.0325;1.1500;102.3750;
275.58;0;0;0;0;1F;CF;1E;1E;1E;1E;1E;786;16C;3B6;3.2;24.6;189.0;14.5;5.5;76.7;0.4235;-0.0349;1.0000;102.1500;
275.83;0;0;0;0;1F;CF;1F;1F;1F;1F;1F;7C4;16C;3B6;3.2;24.2;184.0;14.5;5.5;76.7;0.4157;-0.0354;0.9000;102.3000;
276.08;0;0;0;0;1F;CF;20;20;20;20;20;7F3;16C;3B6;3.2;24.2;180.5;14.5;5.5;76.7;0.4157;-0.0354;1.0250;102.3750;
276.34;0;0;0;0;1F;CF;21;20;21;20;20;82B;16C;3B6;3.2;23.8;176.0;14.5;5.5;76.7;0.3922;-0.0313;0.8750;102.2500;
276.59;1;0;0;0;1F;CF;21;20;20;20;20;7D0;16C;3B6;3.2;23.8;-51.5;14.5;5.5;76.7;0.0000;-0.0296;0.3750;102.2250;
276.84;1;0;0;0;1F;CF;20;20;20;20;20;667;16C;3B6;3.2;24.1;-44.0;14.5;5.5;76.7;0.0000;-0.0286;-0.3750;0.0000;
277.09;1;0;0;0;1F;CF;1F;1E;1F;1E;1F;506;16C;3B6;3.2;24.4;9.5;14.5;5.5;76.7;0.1922;-0.0265;-0.9250;0.0000;
277.34;1;0;0;0;1F;CF;1E;1E;1E;1E;1E;4EA;16C;3B6;3.2;24.4;147.0;14.5;5.5;76.7;0.4275;-0.0259;-0.8000;102.2500;
277.59;0;0;0;0;1F;CF;1E;1E;1F;1E;1E;4C3;16C;3B6;3.2;24.6;201.5;14.5;5.5;76.7;0.5451;-0.0252;-0.1250;102.3000;
277.84;0;0;0;0;1F;CF;1F;1F;1F;1E;1F;4CA;16C;3B6;3.2;24.8;211.0;14.5;5.5;76.7;0.5451;-0.0241;0.0500;102.3000;
278.09;0;0;0;0;1F;CF;1F;1F;1F;1F;1F;4E4;16C;3B6;3.2;24.8;221.0;14.5;5.5;76.7;0.5373;-0.0217;0.2250;102.3750;
278.34;0;0;0;0;1F;CF;1F;1F;1F;1F;1F;4EF;16C;3B6;3.2;24.8;225.0;14.5;5.5;76.7;0.5333;-0.0206;0.2750;102.2000;
278.59;0;0;0;0;1F;CF;20;20;20;20;20;4F9;16C;3B6;3.2;24.6;235.0;14.5;5.5;76.7;0.5255;-0.0209;0.3750;102.3250;
278.84;0;0;0;0;1F;CF;20;20;20;20;20;50C;16C;3B6;3.2;24.8;242.5;14.5;5.5;76.7;0.5255;-0.0209;0.5250;0.0250;
279.09;0;0;0;0;1F;CF;21;20;21;21;21;525;16C;3B6;3.2;24.8;248.5;14.5;5.5;76.7;0.5176;-0.0209;0.3750;102.3500;
279.34;0;0;0;0;1F;CF;21;21;21;21;21;532;16C;3B6;3.2;25.3;254.5;14.5;5.5;76.7;0.5137;-0.0209;0.4750;102.3750;
279.59;0;0;0;0;1F;CF;22;22;22;22;22;543;16C;3B6;3.2;25.3;249.5;14.4;5.5;76.7;0.4863;-0.0211;0.5500;0.0000;
279.84;0;0;0;0;1F;CF;22;22;22;22;22;55C;16C;3B6;3.2;24.8;225.0;14.4;5.5;76.7;0.4392;-0.0212;0.6000;0.0000;
280.09;0;0;0;0;1F;CF;23;23;23;23;23;56D;16C;3B6;3.2;24.9;199.5;14.5;5.5;76.7;0.4275;-0.0259;0.4250;102.2000;
280.34;0;0;0;0;20;CF;23;23;23;23;23;577;16C;3B6;3.2;24.9;200.0;14.5;5.5;76.7;0.4392;-0.0371;0.4500;102.0750;
280.59;0;0;0;0;20;CF;24;23;24;23;23;589;16C;3B6;3.2;25.2;212.5;14.4;5.5;76.7;0.4510;-0.0392;0.3500;101.8250;
280.84;0;0;0;0;20;CF;24;24;24;24;24;594;16C;3B6;3.2;24.6;217.0;14.4;5.5;76.7;0.4588;-0.0404;0.3250;102.2750;
281.09;0;0;0;0;20;CF;24;24;24;24;24;5A1;16C;3B6;3.2;24.6;223.5;14.5;5.5;76.7;0.4706;-0.0404;0.2750;101.8250;
281.36;0;0;0;0;20;CF;25;24;25;25;25;5BA;16C;3B6;3.2;24.0;229.0;14.5;5.5;76.7;0.4784;-0.0420;0.4000;101.6500;
281.61;0;0;0;0;20;CF;25;25;25;25;25;5CE;16C;3B6;3.2;24.0;233.5;14.5;5.5;76.7;0.4824;-0.0438;0.5250;101.9500;
281.86;0;0;0;0;20;CF;26;25;26;25;26;5DA;16C;3B6;3.2;23.8;237.0;14.5;5.5;76.7;0.4863;-0.0446;0.4500;101.6500;
282.11;0;0;0;0;20;CF;26;26;26;26;26;5F7;16C;3B6;3.2;23.4;240.0;14.5;5.5;76.7;0.4902;-0.0446;0.5250;101.8750;
282.36;0;0;0;0;20;CF;27;26;27;26;27;60A;16C;3B6;3.2;23.4;242.0;14.5;5.5;76.7;0.4941;-0.0441;0.5500;101.4000;
282.61;0;0;0;0;20;CF;28;27;28;27;27;625;16C;3B6;3.2;23.4;246.5;14.5;5.5;76.7;0.5020;-0.0435;0.6500;101.8000;
282.86;0;0;0;0;20;CF;28;28;28;28;28;63B;16C;3B6;3.2;23.4;248.5;14.4;5.5;76.7;0.5137;-0.0432;0.6750;102.0250;
283.11;0;0;0;0;20;CF;29;28;29;28;29;658;16C;3B6;3.2;23.0;250.0;14.4;5.5;76.7;0.5176;-0.0407;0.6000;101.7500;
283.36;0;0;0;0;20;CF;29;29;29;29;29;668;16C;3B6;3.2;23.0;253.0;14.5;5.5;76.7;0.5216;-0.0391;0.6750;101.7250;
283.61;0;0;0;0;20;CF;2A;2A;2A;2A;2A;686;16C;3B6;3.2;22.4;256.0;14.5;5.5;76.7;0.5333;-0.0372;0.6000;101.7000;
283.86;0;0;0;0;20;CF;2A;2A;2B;2A;2A;698;16C;3B6;3.2;22.6;259.0;14.4;5.5;76.7;0.5412;-0.0331;0.6500;101.6750;
284.11;0;0;0;0;21;CF;2B;2B;2B;2B;2B;6BE;16C;3B6;3.2;22.6;264.0;14.4;5.5;76.7;0.5569;-0.0260;0.7500;101.9750;
284.36;0;0;0;0;21;CF;2C;2C;2C;2C;2C;6D3;16C;3B6;3.2;22.1;265.5;14.5;5.5;76.7;0.5569;-0.0214;0.7500;102.1250;
284.61;0;0;0;0;21;CF;2D;2D;2D;2C;2D;6F8;16C;3B6;3.2;22.1;265.5;14.5;5.5;76.7;0.5569;-0.0172;0.8500;102.0500;
284.86;0;0;0;0;21;CF;2D;2D;2D;2D;2D;709;16C;3B6;3.2;21.9;264.5;14.4;5.5;76.7;0.5529;-0.0061;0.7750;0.1250;
285.11;0;0;0;0;21;CF;2E;2E;2E;2E;2E;72E;16C;3B6;3.2;22.3;260.5;14.5;5.5;76.7;0.5451;0.0004;0.7250;0.0750;
285.36;0;0;0;0;21;CF;2F;2E;2F;2E;2F;742;16C;3B6;3.2;22.3;257.5;14.5;5.5;76.7;0.5373;0.0025;0.7250;0.2250;
285.61;0;0;0;0;21;CF;2F;2F;2F;30;2F;762;16C;3B6;3.2;22.4;255.5;14.4;5.5;76.7;0.5373;0.0057;0.7000;0.0250;
285.86;0;0;0;0;21;CF;30;30;30;30;30;76E;16C;3B6;3.2;22.6;254.0;14.4;5.5;76.7;0.5373;0.0069;0.6000;0.1750;
286.11;0;0;0;0;21;CF;31;31;31;30;31;78F;16C;3B6;3.2;22.6;252.5;14.5;5.5;76.7;0.5333;0.0080;0.7000;0.2750;
286.37;0;0;0;0;21;CF;31;31;31;31;31;7A4;16C;3B6;3.2;23.0;249.5;14.5;5.5;76.7;0.5294;0.0110;0.6500;0.2500;
286.62;0;0;0;0;22;CF;32;32;32;32;32;7BA;16C;3B6;3.2;23.0;248.5;14.4;5.5;76.7;0.5294;0.0125;0.5500;0.5000;
286.87;0;0;0;0;22;CF;32;32;32;32;32;7CA;16C;3B6;3.2;23.3;249.0;14.4;5.5;76.7;0.5294;0.0138;0.5500;0.4750;
287.12;0;0;0;0;22;CF;33;33;33;33;33;7E3;16C;3B6;3.2;23.3;247.0;14.4;5.5;76.7;0.5255;0.0138;0.5500;0.6500;
287.37;0;0;0;0;22;CF;33;33;33;33;33;7E0;16C;3B6;3.2;23.7;192.5;14.4;5.5;76.7;0.2667;0.0138;0.5250;0.1500;
287.62;1;0;0;0;22;CF;32;33;32;32;33;748;16C;3B6;3.2;23.7;-42.0;14.4;5.5;76.7;0.0000;0.0128;-0.2500;0.4750;
287.87;1;0;0;0;22;CF;31;31;31;31;31;61A;16C;3B6;3.2;24.4;-42.0;14.4;5.5;76.7;0.0000;0.0128;-0.8500;0.1250;
288.12;1;0;0;0;22;CF;30;31;30;31;31;58F;16C;3B6;3.2;25.3;196.0;14.4;5.5;76.7;0.4941;0.0128;-1.0750;0.1250;
288.37;0;0;0;0;22;CF;30;30;30;30;30;55C;16C;3B6;3.2;25.3;241.5;14.4;5.5;76.7;0.5529;0.0128;-0.4750;0.1000;
288.62;0;0;0;0;22;CF;30;30;30;31;30;55F;16C;3B6;3.2;25.9;264.5;14.5;5.5;76.7;0.5608;0.0145;-0.1750;0.1000;
288.87;0;0;0;0;22;CF;30;31;30;31;31;55D;16C;3B6;3.2;26.0;269.5;14.5;5.5;76.7;0.5569;0.0157;0.0000;0.1000;
289.12;0;0;0;0;23;CF;30;31;31;31;31;55E;16C;3B6;3.2;26.0;273.0;14.5;5.5;76.7;0.5451;0.0184;0.0500;102.0500;
289.37;0;0;0;0;23;CF;30;31;31;31;31;56A;16C;3B6;3.2;26.2;271.0;14.5;5.5;76.7;0.5412;0.0180;0.1000;0.1500;
289.62;0;0;0;0;23;CF;31;31;31;31;31;573;16C;3B6;3.2;26.4;268.0;14.5;5.5;76.7;0.5373;0.0170;0.1500;0.2500;
289.87;0;0;0;0;23;CF;31;31;31;31;31;571;16C;3B6;3.2;26.4;268.5;14.5;5.5;76.7;0.5373;0.0145;0.2500;0.3250;
290.12;0;0;0;0;23;CF;31;32;31;31;32;57D;16C;3B6;3.2;26.7;267.5;14.5;5.5;76.7;0.5373;0.0138;0.2000;0.3750;
290.37;0;0;0;0;23;CF;32;32;32;32;32;582;16C;3B6;3.2;26.7;266.5;14.5;5.5;76.7;0.5373;0.0123;0.2750;0.2000;
290.62;0;0;0;0;23;CF;32;32;32;32;32;591;16C;3B6;3.2;26.6;267.0;14.5;5.5;76.7;0.5373;0.0117;0.2750;0.2750;
290.87;0;0;0;0;23;CF;32;33;33;33;33;594;16C;3B6;3.2;26.6;266.0;14.4;5.5;76.7;0.5373;0.0099;0.3250;0.2750;
291.12;0;0;0;0;23;CF;33;33;33;33;33;5A4;16C;3B6;3.2;26.8;264.5;14.5;5.5;76.7;0.5373;0.0069;0.3750;0.5250;
291.38;0;0;0;0;23;CF;33;33;33;33;33;5A9;16C;3B6;3.2;26.8;265.0;14.5;5.5;76.7;0.5373;0.0036;0.3500;0.1000;
291.63;0;0;0;0;23;CF;33;33;34;34;34;5B4;16C;3B6;3.2;26.7;263.5;14.4;5.5;76.7;0.5333;0.0025;0.3500;0.1000;
291.88;0;0;0;0;23;CF;34;34;34;34;34;5BC;16C;3B6;3.2;26.6;263.0;14.4;5.5;76.7;0.5333;0.0000;0.3500;0.4500;
292.13;0;0;0;0;24;CF;34;34;34;34;34;5C8;16C;3B6;3.2;26.6;263.5;14.5;5.5;76.7;0.5333;0.0003;0.3750;0.1250;
292.38;0;0;0;0;24;CF;35;35;35;35;35;5CF;16C;3B6;3.2;25.8;262.0;14.5;5.5;76.7;0.5333;0.0025;0.3250;0.0000;
292.63;0;0;0;0;24;CF;35;35;35;35;35;5DB;16C;3B6;3.2;25.9;262.0;14.5;5.5;76.7;0.5333;0.0025;0.3500;102.3750;
292.88;0;0;0;0;24;CF;35;35;35;35;35;5E6;16C;3B6;3.2;25.9;262.5;14.5;5.5;76.7;0.5333;0.0025;0.3500;102.2500;
293.13;0;0;0;0;24;CF;35;36;36;36;36;5EE;16C;3B6;3.2;25.7;262.5;14.5;5.5;76.7;0.5333;0.0036;0.3750;102.3250;
293.38;0;0;0;0;24;CF;36;36;36;36;36;5FC;16C;3B6;3.2;25.7;261.0;14.5;5.5;76.7;0.5333;0.0038;0.3750;102.3250;
293.63;0;0;0;0;24;CF;36;36;36;36;37;606;16C;3B6;3.2;25.7;261.5;14.5;5.5;76.7;0.5333;0.0038;0.4000;0.0500;
293.88;0;0;0;0;24;CF;37;37;37;37;37;60D;16C;3B6;3.2;25.5;260.5;14.5;5.5;76.7;0.5333;0.0038;0.4000;0.0750;
294.13;0;0;0;0;24;CF;37;37;37;37;37;61B;16C;3B6;3.2;25.5;259.5;14.5;5.5;76.7;0.5333;0.0038;0.4000;0.0500;
294.38;0;0;0;0;24;CF;38;38;38;38;38;626;16C;3B6;3.2;25.1;260.5;14.5;5.5;76.7;0.5333;0.0038;0.4250;0.1000;
294.63;0;0;0;0;24;CF;38;38;38;38;38;633;16C;3B4;3.2;25.2;260.5;14.5;5.5;76.7;0.5333;0.0025;0.4250;0.1000;
294.88;0;0;0;0;25;CF;39;39;38;38;39;63C;16C;3B6;3.2;25.2;261.0;14.4;5.5;76.7;0.5373;0.0011;0.3750;0.0500;
295.13;0;0;0;0;25;CF;39;39;39;39;39;646;16C;3B4;3.2;25.2;263.0;14.4;5.5;76.7;0.5451;0.0013;0.4250;102.2500;
295.38;0;0;0;0;25;CF;39;39;39;39;39;654;16C;3B4;3.2;25.0;266.0;14.5;5.5;76.7;0.5569;0.0013;0.4000;0.1750;
295.63;0;0;0;0;25;CF;3A;3A;3A;3A;3A;660;16C;3B4;3.2;24.9;270.0;14.5;5.5;76.7;0.5608;0.0014;0.4750;0.0750;
295.88;0;0;0;0;25;CF;3A;3A;3A;3A;3A;672;16C;3B4;3.2;24.9;270.5;14.4;5.5;76.7;0.5608;0.0014;0.4750;0.0750;
296.13;0;0;0;0;25;CF;3B;3B;3B;3B;3B;67F;16C;3B4;3.2;25.1;269.0;14.5;5.5;76.7;0.5529;0.0014;0.4750;0.1250;
296.40;0;0;0;0;25;CF;3B;3B;3B;3B;3B;68C;16C;3B4;3.2;25.1;265.5;14.5;5.5;76.7;0.5490;0.0011;0.4750;101.6250;
296.65;0;0;0;0;25;CF;3B;3B;3C;3C;3C;699;16C;3B4;3.2;25.1;265.5;14.4;5.5;76.7;0.5490;0.0014;0.4750;0.1500;
296.90;0;0;0;0;26;CF;3C;3C;3C;3C;3C;6A9;16C;3B4;3.2;25.0;262.5;14.4;5.5;76.7;0.5451;0.0014;0.5000;0.1750;
297.15;0;0;0;0;26;CF;3C;3C;3C;3D;3D;6B1;16C;3B4;3.2;25.0;262.5;14.5;5.5;76.7;0.5451;0.0020;0.4750;0.1500;
297.40;0;0;0;0;26;CF;3D;3D;3D;3D;3D;6C2;16C;3B4;3.2;25.3;261.5;14.5;5.5;76.7;0.5451;0.0054;0.5000;0.3500;
297.65;0;0;0;0;26;CF;3D;3D;3D;3E;3E;6CF;16C;3B4;3.2;25.3;261.5;14.4;5.5;76.7;0.5451;0.0061;0.5500;0.3500;
297.90;0;0;0;0;26;CF;3E;3E;3E;3E;3E;6DE;16C;3B4;3.2;25.3;261.5;14.4;5.5;76.7;0.5451;0.0064;0.5250;0.4000;
298.15;0;0;0;0;26;CF;3F;3F;3E;3F;3F;6EA;16C;3B4;3.2;25.5;260.0;14.5;5.5;76.7;0.5412;0.0057;0.5750;0.2750;
298.40;0;0;0;0;26;CF;3F;3F;3F;3F;3F;6FF;16C;3B4;3.2;25.5;258.5;14.5;5.5;76.7;0.5412;0.0016;0.5250;0.5250;
298.65;0;0;0;0;26;CF;3F;40;40;40;40;707;16C;3B4;3.2;25.9;258.5;14.5;5.5;76.7;0.5373;0.0000;0.5000;0.6500;
298.90;0;0;0;0;27;CF;40;40;40;40;40;717;16C;3B4;3.2;25.9;256.0;14.5;5.5;76.7;0.5373;-0.0007;0.4750;0.2000;
299.15;0;0;0;0;27;CF;41;41;41;41;41;722;16C;3B4;3.2;25.9;255.5;14.5;5.5;76.7;0.5373;-0.0011;0.4750;0.3250;
299.40;0;0;0;0;27;CF;41;41;41;41;41;734;16C;3B4;3.2;25.9;255.5;14.5;5.5;76.7;0.5373;-0.0031;0.5250;0.0750;
299.65;0;0;0;0;27;CF;41;42;41;42;42;73F;16C;3B4;3.2;25.8;254.5;14.5;5.5;76.7;0.5373;-0.0034;0.5250;0.3250;
299.90;0;0;0;0;27;CF;42;42;42;42;42;754;16C;3B4;3.2;26.1;254.5;14.5;5.5;76.7;0.5373;-0.0033;0.5000;0.1500;
300.15;0;0;0;0;27;CF;43;43;43;43;43;761;16C;3B4;3.2;26.1;253.5;14.5;5.5;76.7;0.5373;-0.0031;0.5500;0.2000;
300.40;0;0;0;0;27;CF;43;43;43;43;43;729;16C;3B4;3.2;26.1;87.5;14.4;5.5;76.7;0.0000;-0.0036;0.5000;0.3250;
300.65;1;0;0;0;27;CF;43;43;43;43;43;6C3;16C;3B4;3.2;26.1;-39.0;14.4;5.5;76.7;0.0000;-0.0039;0.0750;0.0000;
300.90;1;0;0;0;28;CF;42;42;42;42;42;51D;16C;3B4;3.2;26.1;-33.0;14.4;5.5;76.7;0.0941;-0.0041;-0.5250;0.1500;
301.15;1;0;0;0;28;CF;41;41;41;41;42;62C;16C;3B4;3.2;27.0;163.5;14.4;5.5;76.7;0.4549;-0.0064;-0.6750;0.0000;
301.41;0;0;0;0;28;CF;41;41;41;41;42;5CF;16C;3B4;3.2;27.0;253.0;14.4;5.5;76.7;0.6431;-0.0132;-0.3500;102.0500;
301.66;0;0;0;0;28;CF;42;42;42;41;42;5D0;16C;3B4;3.2;27.1;269.5;14.4;5.5;76.7;0.6431;-0.0145;-0.0750;102.0000;
301.91;0;0;0;0;28;CF;42;42;42;42;42;5D6;16C;3B4;3.2;26.6;282.5;14.5;5.5;76.7;0.6275;-0.0145;0.0750;102.0000;
302.16;0;0;0;0;28;CF;42;42;42;42;42;5D9;16C;3B4;3.2;26.6;296.0;14.5;5.5;76.7;0.6196;-0.0140;0.2000;101.8750;
302.41;0;0;0;0;28;CF;43;42;43;42;43;5E7;16C;3B4;3.2;26.6;297.0;14.5;5.5;76.7;0.6157;-0.0133;0.2750;102.0750;
302.66;0;0;0;0;28;CF;43;43;43;43;43;5EF;16C;3B4;3.2;26.1;296.0;14.5;5.5;76.7;0.6118;-0.0128;0.4250;102.1500;
302.91;0;0;0;0;28;CF;44;43;43;43;44;5FB;16C;3B4;3.2;26.1;292.0;14.5;5.5;76.7;0.6039;-0.0122;0.5000;102.2000;
303.16;0;0;0;0;29;CF;44;44;44;44;44;607;16C;3B4;3.2;26.1;290.5;14.5;5.5;76.7;0.6039;-0.0107;0.5500;102.1250;
303.41;0;0;0;0;29;CF;44;44;45;44;45;60E;16C;3B4;3.2;26.1;290.0;14.5;5.5;76.7;0.6000;-0.0105;0.4750;102.1500;
303.66;0;0;0;0;29;CF;45;45;45;45;45;618;16C;3B4;3.2;25.8;289.5;14.5;5.5;76.7;0.5961;-0.0105;0.4750;102.2500;
303.91;0;0;0;0;29;CF;45;45;46;45;46;624;16C;3B4;3.2;25.8;287.0;14.5;5.5;76.7;0.5922;-0.0105;0.5250;102.2000;
304.16;0;0;0;0;29;CF;46;46;46;46;46;633;16C;3B4;3.2;25.7;285.0;14.5;5.5;76.7;0.5922;-0.0092;0.5250;102.2250;
304.41;0;0;0;0;29;CF;46;46;46;46;47;63F;16C;3B4;3.2;25.7;281.0;14.5;5.5;76.7;0.5804;-0.0088;0.5000;102.2000;
304.66;0;0;0;0;29;CF;47;47;47;47;47;645;16C;3B4;3.2;25.5;280.0;14.5;5.5;76.7;0.5804;-0.0080;0.4750;102.2250;
304.91;0;0;0;0;29;CF;47;47;47;47;48;64F;16C;3B2;3.2;25.5;279.5;14.5;5.5;76.7;0.5804;-0.0075;0.4750;102.1750;
305.16;0;0;0;0;29;CF;48;48;48;48;48;658;16C;3B4;3.2;25.5;279.0;14.5;5.5;76.7;0.5765;-0.0075;0.5250;102.0250;
305.41;0;0;0;0;29;CF;49;48;48;48;48;666;16C;3B4;3.2;24.5;277.5;14.5;5.5;76.7;0.5765;-0.0067;0.5250;102.1250;
305.66;0;0;0;0;29;CF;49;48;49;49;49;671;16C;3B2;3.2;24.3;276.5;14.5;5.5;76.7;0.5765;-0.0067;0.5000;0.0000;
305.91;0;0;0;0;29;CF;49;49;49;49;49;67D;16C;3B2;3.2;24.3;276.0;14.5;5.5;76.7;0.5765;-0.0064;0.4750;0.1250;
306.16;0;0;0;0;2A;CF;4A;4A;4A;4A;4A;68A;16C;3B2;3.2;24.5;275.5;14.5;5.5;76.7;0.5765;-0.0051;0.5000;0.0000;
306.42;0;0;0;0;2A;CF;4A;4A;4A;4A;4A;690;16B;3B2;3.2;24.6;276.0;14.5;5.5;76.7;0.5765;-0.0046;0.4750;102.1750;
306.67;0;0;0;0;2A;CF;4B;4B;4B;4B;4B;69B;16B;3B2;3.2;24.6;275.5;14.5;5.5;76.7;0.5765;-0.0031;0.5000;102.3750;
306.92;0;0;0;0;2A;CF;4B;4B;4B;4B;4B;6A5;16B;3B2;3.2;24.8;276.0;14.4;5.5;76.7;0.5765;-0.0008;0.4750;0.1500;
307.17;0;0;0;0;2A;CF;4C;4C;4C;4C;4C;6AF;16B;3B2;3.2;24.8;274.5;14.4;5.5;76.7;0.5765;0.0033;0.5000;0.3500;
307.42;0;0;0;0;2A;CF;4C;4C;4C;4C;4C;6BA;16B;3B2;3.2;25.0;275.0;14.5;5.5;76.7;0.5765;0.0028;0.4750;0.4500;
307.67;0;0;0;0;2A;CF;4C;4D;4D;4C;4D;6BF;16B;3B2;3.2;25.0;276.0;14.5;5.5;76.7;0.5765;0.0028;0.4000;0.4000;
307.92;0;0;0;0;2A;CF;4D;4D;4D;4D;4D;6CD;16B;3B2;3.2;25.6;275.0;14.4;5.5;76.7;0.5765;0.0025;0.4250;0.1750;
308.17;0;0;0;0;2A;CF;4D;4D;4D;4D;4D;6D6;16B;3B2;3.2;25.6;274.5;14.5;5.5;76.7;0.5765;-0.0001;0.4000;0.3750;
308.42;0;0;0;0;2B;CF;4E;4E;4E;4E;4E;6E4;16B;3B2;3.2;25.6;276.0;14.5;5.5;76.7;0.5804;-0.0016;0.4750;0.0750;
308.67;0;0;0;0;2B;CF;4E;4E;4E;4E;4E;6EA;16B;3B2;3.2;25.9;274.5;14.4;5.5;76.7;0.5725;-0.0033;0.4000;0.0500;
308.92;0;0;0;0;2B;CF;4E;4F;4F;4F;4F;6F3;16B;3B2;3.2;25.9;273.5;14.4;5.5;76.7;0.5765;-0.0043;0.4250;0.2250;
309.17;0;0;0;0;2B;CF;4F;4F;4F;4F;4F;6FA;16B;3B2;3.2;26.1;273.0;14.5;5.5;76.7;0.5765;-0.0046;0.4500;102.3750;
309.42;0;0;0;0;2B;CF;4F;4F;4F;4F;50;706;16B;3B2;3.2;26.1;273.0;14.5;5.5;76.7;0.5725;-0.0043;0.4250;102.3250;
309.67;0;0;0;0;2B;CF;50;50;50;50;50;70B;16B;3B2;3.2;26.1;272.5;14.4;5.5;76.7;0.5725;-0.0046;0.4250;0.0250;
309.92;0;0;0;0;2B;CF;50;50;50;50;50;719;16B;3B2;3.2;26.2;271.0;14.5;5.5;76.7;0.5725;-0.0043;0.4000;102.3000;
310.17;0;0;0;0;2C;CF;50;51;51;51;51;71F;16B;3B2;3.2;26.2;270.5;14.5;5.5;76.7;0.5725;-0.0041;0.4250;102.2750;
310.42;0;0;0;0;2C;CF;51;51;51;51;51;729;16B;3B2;3.2;26.5;270.5;14.5;5.5;76.7;0.5725;-0.0041;0.3750;0.1500;
310.67;0;0;0;0;2C;CF;51;51;51;51;52;731;16B;3B2;3.2;26.3;270.0;14.5;5.5;76.7;0.5725;-0.0036;0.4000;102.3250;
310.92;0;0;0;0;2C;CF;52;52;52;52;52;738;16B;3B2;3.2;26.3;268.5;14.5;5.5;76.7;0.5647;-0.0028;0.4250;102.3500;
311.17;0;0;0;0;2C;CF;52;52;52;52;52;73F;16B;3B2;3.2;26.5;266.0;14.5;5.5;76.7;0.5569;-0.0004;0.3500;0.0250;
311.43;0;0;0;0;2C;CF;52;53;52;52;53;748;16B;3B2;3.2;26.5;254.5;14.5;5.5;76.7;0.5333;0.0000;0.4000;102.3750;
311.68;0;0;0;0;2C;CF;53;53;53;53;53;74E;16B;3B2;3.2;26.5;251.0;14.5;5.5;76.7;0.5294;0.0004;0.3250;0.1750;
311.93;0;0;0;0;2D;CF;53;53;53;53;53;745;16B;3B2;3.2;26.5;180.5;14.5;5.5;76.7;0.2039;0.0007;0.3500;0.1000;
312.18;1;0;0;0;2D;CF;52;53;52;52;53;6FE;16B;3B2;3.2;26.1;-37.0;14.5;5.5;76.7;0.0000;0.0008;-0.0750;0.0000;
312.43;1;0;0;0;2D;CF;52;52;52;52;52;567;16B;3B2;3.2;26.8;-40.0;14.4;5.5;76.7;0.0353;0.0009;-0.3750;0.2750;
312.68;0;0;0;0;2D;CF;51;51;52;52;52;608;16B;3B2;3.2;26.8;191.5;14.4;5.5;76.7;0.4275;0.0011;-0.5500;0.0750;
312.93;0;0;0;0;2D;CF;51;52;52;51;52;5E5;16B;3B2;3.2;27.4;238.5;14.4;5.5;76.7;0.5373;0.0031;-0.4000;0.1750;
313.18;0;0;0;0;2D;CF;51;52;52;52;52;5F0;16B;3B2;3.2;27.4;262.5;14.4;5.5;76.7;0.5373;0.0067;-0.0750;0.5750;
313.43;0;0;0;0;2D;CF;52;52;52;52;52;5F0;16B;3B2;3.2;27.0;261.0;14.5;5.5;76.7;0.5216;0.0057;0.0000;0.4750;
313.68;0;0;0;0;2D;CF;52;52;52;52;52;5F4;16B;3B2;3.2;27.9;257.5;14.5;5.5;76.7;0.5176;0.0043;0.2000;0.5500;
313.93;0;0;0;0;2D;CF;53;52;52;52;53;5FB;16B;3B2;3.2;27.9;256.0;14.5;5.5;76.7;0.5176;0.0033;0.2750;0.5250;
314.18;0;0;0;0;2D;CF;52;53;53;53;53;600;16B;3B2;3.2;28.2;254.5;14.5;5.5;76.7;0.5176;0.0029;0.2250;0.0000;
314.43;0;0;0;0;2D;CF;53;53;53;53;53;600;16B;3B2;3.2;28.0;254.5;14.5;5.5;76.7;0.5176;0.0029;0.2000;0.6500;
314.68;0;0;0;0;2D;CF;53;53;53;53;53;606;16B;3B2;3.2;28.0;254.0;14.5;5.5;76.7;0.5176;0.0029;0.2250;0.4000;
314.93;0;0;0;0;2D;CF;53;53;53;53;53;60C;16B;3B2;3.2;28.5;253.5;14.5;5.5;76.7;0.5176;0.0031;0.2000;0.1000;
315.18;0;0;0;0;2D;CF;54;53;54;54;54;60E;16B;3B2;3.2;28.5;251.5;14.5;5.5;76.7;0.5137;0.0022;0.1750;0.2250;
315.43;0;0;0;0;2E;CF;54;54;54;54;54;614;16B;3B2;3.2;28.6;251.0;14.5;5.5;76.7;0.5098;-0.0008;0.2000;102.3250;
315.68;0;0;0;0;2E;CF;54;54;54;54;54;61C;16B;3B2;3.2;28.4;250.0;14.5;5.5;76.7;0.5098;-0.0008;0.2750;102.2750;
315.93;0;0;0;0;2E;CF;54;54;54;54;55;61E;16B;3B2;3.2;28.4;251.5;14.5;5.5;76.7;0.5098;-0.0007;0.2500;0.0000;
316.18;0;0;0;0;2E;CF;55;55;55;55;55;627;16B;3B2;3.2;28.4;250.5;14.5;5.5;76.7;0.5098;-0.0034;0.3500;0.2250;
316.46;0;0;0;0;2E;CF;55;55;55;55;55;62C;16B;3B2;3.2;28.7;250.5;14.5;5.5;76.7;0.5059;-0.0066;0.2500;102.2250;
316.71;0;0;0;0;2E;CF;55;56;56;55;56;634;16B;3B2;3.2;28.3;249.0;14.5;5.5;76.7;0.5059;-0.0066;0.3250;102.2500;
316.96;0;0;0;0;2E;CF;56;56;56;56;56;63C;16B;3B2;3.2;28.3;249.0;14.5;5.5;76.7;0.5059;-0.0064;0.3250;102.2750;
317.21;0;0;0;0;2E;CF;56;56;56;56;56;641;16B;3B2;3.2;27.4;249.0;14.5;5.5;76.7;0.5059;-0.0064;0.2500;102.2750;
317.46;0;0;0;0;2E;CF;56;56;56;56;56;644;16B;3B2;3.2;27.6;248.5;14.5;5.5;76.7;0.5059;-0.0061;0.2500;102.3750;
317.71;0;0;0;0;2E;CF;56;56;57;57;57;649;16B;3B2;3.2;27.6;248.5;14.5;5.5;76.7;0.5059;-0.0059;0.2250;102.3000;
317.96;0;0;0;0;2E;CF;57;57;57;57;57;64A;16B;3B2;3.2;27.2;248.5;14.5;5.5;76.7;0.5059;-0.0059;0.2500;102.2000;
318.21;0;0;0;0;2F;CF;57;57;57;57;57;64F;16B;3B2;3.2;27.2;248.0;14.5;5.5;76.7;0.5059;-0.0054;0.2250;102.2250;
318.46;0;0;0;0;2F;CF;57;57;57;57;57;654;16B;3B2;3.2;26.6;248.5;14.5;5.5;76.7;0.5059;-0.0052;0.2000;102.1500;
318.71;0;0;0;0;2F;CF;57;57;57;57;58;657;16B;3B2;3.2;26.6;248.5;14.5;5.5;76.7;0.5059;-0.0043;0.1750;102.2250;
318.96;0;0;0;0;2F;CF;58;58;57;57;58;65B;16B;3B2;3.2;26.6;247.5;14.5;5.5;76.7;0.5059;-0.0022;0.1750;102.1750;
319.21;0;0;0;0;2F;CF;58;58;58;58;58;660;16B;3B2;3.2;26.4;247.5;14.5;5.5;76.7;0.5059;-0.0008;0.2250;0.0250;
319.46;0;0;0;0;2F;CF;58;58;58;58;58;663;16B;3B2;3.2;25.9;248.0;14.5;5.5;76.7;0.5059;-0.0004;0.2000;0.0000;
319.71;0;0;0;0;2F;CF;58;58;58;58;58;666;16B;3B2;3.2;25.9;246.5;14.5;5.5;76.7;0.5020;0.0000;0.1750;0.0250;
319.96;0;0;0;0;2F;CF;58;58;58;58;59;669;16B;3B2;3.2;26.1;247.0;14.5;5.5;76.7;0.5020;0.0016;0.2000;0.1500;
320.21;0;0;0;0;2F;CF;59;58;58;58;59;66E;16B;3B2;3.2;26.1;246.5;14.5;5.5;76.7;0.5020;0.0020;0.1750;0.0250;
320.46;0;0;0;0;30;CF;59;59;59;59;59;670;16B;3B2;3.2;26.2;246.0;14.5;5.5;76.7;0.5020;0.0016;0.2000;102.3250;
320.71;0;0;0;0;30;CF;59;59;59;59;59;672;16B;3B2;3.2;26.2;246.5;14.5;5.5;76.7;0.5020;-0.0020;0.1750;102.3500;
320.96;0;0;0;0;30;CF;59;59;59;59;59;677;16B;3B2;3.2;25.8;245.0;14.5;5.5;76.7;0.5020;-0.0041;0.1500;102.2000;
321.21;0;0;0;0;30;CF;59;59;59;59;59;67A;16B;3B2;3.2;25.8;244.5;14.5;5.5;76.7;0.5020;-0.0041;0.1250;102.0250;
321.47;0;0;0;0;30;CF;59;5A;59;59;5A;67A;16B;3B2;3.2;26.2;245.0;14.5;5.5;76.7;0.5020;-0.0041;0.1500;102.1250;
321.72;0;0;0;0;30;CF;59;59;59;5A;5A;67E;16B;3B2;3.2;26.0;244.0;14.5;5.5;76.7;0.5020;-0.0039;0.1750;102.2000;
321.97;0;0;0;0;30;CF;59;5A;5A;5A;5A;681;16B;3B2;3.2;26.0;245.0;14.5;5.5;76.7;0.5020;-0.0013;0.1000;102.2500;
322.22;0;0;0;0;30;CF;5A;5A;5A;5A;5A;681;16B;3B2;3.2;25.6;239.0;14.5;5.5;76.7;0.4863;0.0004;0.0500;102.2500;
322.47;0;0;0;0;31;CF;5A;5A;5A;5A;5A;680;169;3B2;3.2;26.1;236.5;14.5;5.5;76.7;0.4863;0.0018;0.0500;0.0000;
322.72;0;0;0;0;31;CF;5A;5A;5A;5A;5A;687;169;3B2;3.2;26.1;233.5;14.5;5.5;76.7;0.4824;0.0036;0.1500;102.3500;
322.97;0;0;0;0;31;CF;5A;5A;5A;5A;5A;686;169;3B2;3.2;26.1;232.0;14.5;5.5;76.7;0.4784;0.0066;0.0750;0.1750;
323.22;0;0;0;0;31;CF;5A;5A;5A;5A;5A;68A;169;3B2;3.2;26.2;218.0;14.5;5.5;76.7;0.4588;0.0091;0.0750;0.3250;
323.47;0;0;0;0;31;CF;5A;5A;5A;5A;5A;688;169;3B2;3.2;26.2;215.5;14.5;5.5;76.7;0.4549;0.0107;0.1000;0.4750;
323.72;0;0;0;0;31;CF;5A;5A;5A;5A;5B;68F;169;3B2;3.2;26.8;213.0;14.5;5.5;76.7;0.4549;0.0118;0.1250;0.4750;
323.97;0;0;0;0;31;CF;5A;5B;5A;5B;5B;68D;169;3B2;3.2;26.8;212.5;14.5;5.5;76.7;0.4549;0.0133;0.1250;0.7250;
324.22;0;0;0;0;31;CF;5A;5B;5A;5B;5B;695;169;3B2;3.2;27.0;213.0;14.5;5.5;76.7;0.4549;0.0141;0.1000;0.7000;
324.47;0;0;0;0;31;CF;5B;5B;5A;5B;5B;692;169;3B2;3.2;27.0;212.5;14.5;5.5;76.7;0.4549;0.0146;0.1500;0.8750;
324.72;0;0;0;0;31;CF;5B;5B;5B;5B;5B;698;169;3B2;3.2;27.3;210.0;14.5;5.5;76.7;0.4471;0.0148;0.1000;0.8250;
324.97;0;0;0;0;31;CF;5B;5B;5B;5B;5B;69A;169;3B2;3.2;27.3;203.5;14.5;5.5;76.7;0.4431;0.0157;0.2000;0.8500;
325.22;0;0;0;0;32;CF;5B;5C;5B;5C;5C;6A4;169;3B2;3.2;28.0;201.0;14.5;5.5;76.7;0.4353;0.0157;0.2000;0.8250;
325.47;0;0;0;0;32;CF;5B;5C;5C;5C;5C;6A7;169;3B2;3.2;28.4;194.5;14.5;5.5;76.7;0.4235;0.0163;0.2250;0.8000;
325.72;0;0;0;0;32;CF;5C;5C;5C;5C;5C;6A9;169;3B2;3.2;28.4;183.0;14.5;5.5;76.7;0.4118;0.0166;0.2000;0.8500;
325.97;0;0;0;0;32;CF;5C;5C;5C;5C;5C;6AC;169;3B2;3.2;29.2;179.0;14.5;5.5;76.7;0.4039;0.0171;0.2250;0.9250;
326.22;0;0;0;0;32;CF;5C;5C;5C;5C;5C;6B3;169;3B2;3.2;30.1;178.5;14.5;5.5;76.7;0.4039;0.0171;0.1750;0.9750;
326.49;0;0;0;0;32;CF;5C;5D;5C;5C;5D;6B3;169;3B2;3.2;30.1;177.5;14.5;5.5;76.7;0.4039;0.0166;0.1250;0.8500;
326.74;0;0;0;0;32;CF;5C;5D;5C;5D;5D;6BA;169;3B2;3.2;30.4;177.0;14.5;5.5;76.7;0.4039;0.0148;0.1750;0.8250;
326.99;0;0;0;0;32;CF;5D;5D;5D;5D;5D;6BB;169;3B2;3.2;30.4;175.5;14.5;5.5;76.7;0.4039;0.0082;0.1750;0.6750;
327.24;0;0;0;0;32;CF;5D;5D;5D;5D;5D;6C4;169;3B2;3.2;30.8;173.5;14.5;5.5;76.7;0.4000;0.0062;0.2250;0.3750;
327.49;0;0;0;0;33;CF;5D;5D;5D;5D;5D;6C6;169;3B2;3.2;30.9;172.0;14.5;5.5;76.7;0.4000;0.0036;0.2000;0.1000;
327.74;0;0;0;0;33;CF;5D;5D;5D;5D;5E;6C8;169;3B2;3.2;30.9;167.0;14.5;5.5;76.7;0.3882;0.0025;0.2250;102.3750;
327.99;0;0;0;0;33;CF;5E;5E;5E;5E;5E;6CB;169;3B2;3.2;30.7;163.5;14.5;5.5;76.7;0.3843;0.0018;0.2250;102.2750;
328.24;0;0;0;0;33;CF;5E;5E;5E;5E;5E;6D1;169;3B2;3.2;30.5;156.5;14.5;5.5;76.7;0.3686;-0.0004;0.2750;102.2000;
328.49;0;0;0;0;33;CF;5E;5E;5E;5E;5F;6D2;169;3B2;3.2;30.5;136.5;14.5;5.5;76.7;0.3490;-0.0022;0.2250;102.0500;
328.74;0;0;0;0;33;CF;5E;5E;5E;5E;5F;6D7;169;3B2;3.2;30.5;123.5;14.5;5.5;76.7;0.3216;-0.0034;0.2250;102.2000;
328.99;0;0;0;0;33;CF;5F;5F;5E;5E;5F;6DD;169;3B2;3.2;30.2;112.0;14.5;5.5;76.7;0.3098;-0.0041;0.2250;101.9750;
329.24;0;0;0;0;33;CF;5F;5F;5F;5F;5F;6E0;169;3B2;3.2;29.6;106.0;14.5;5.5;76.7;0.2941;-0.0064;0.1500;102.0000;
329.49;0;0;0;0;33;CF;5F;5F;5F;5F;5F;6E3;169;3B2;3.2;29.6;97.5;14.5;5.5;76.7;0.2863;-0.0064;0.1000;101.7500;
329.74;0;0;0;0;33;CF;5F;5F;5F;5F;5F;6DF;169;3B2;3.2;29.0;84.0;14.5;5.5;76.7;0.2588;-0.0064;0.0250;101.8000;
329.99;0;0;0;0;34;CF;5F;5F;5F;5F;5F;6E3;169;3B2;3.2;29.0;78.5;14.5;5.5;76.7;0.2588;-0.0054;0.0250;101.8500;
330.24;0;0;0;0;34;CF;5F;5F;5F;5F;5F;6E4;169;3B2;3.2;28.6;77.0;14.5;5.5;76.7;0.2510;-0.0051;0.0500;101.9500;
330.49;0;0;0;0;34;CF;5F;5F;5F;5F;5F;6E5;169;3B2;3.2;27.8;65.0;14.5;5.5;76.7;0.2353;-0.0051;0.0000;102.0750;
330.74;0;0;0;0;34;CF;5F;5F;5F;5F;5F;6E2;169;3B2;3.2;27.8;63.5;14.5;5.5;76.7;0.2353;-0.0051;-0.0250;102.0250;
330.99;0;0;0;0;34;CF;5F;5F;5F;5F;5F;6E5;169;3B2;3.2;27.5;62.0;14.5;5.5;76.7;0.2314;-0.0051;0.0000;101.9750;
331.24;0;0;0;0;34;CF;5F;5F;5F;5F;5F;6E3;169;3B2;3.2;27.2;57.5;14.5;5.5;76.7;0.2235;-0.0041;-0.0500;101.9500;
331.50;0;0;0;0;34;CF;5F;5F;5F;5F;5F;6E6;169;3B2;3.2;27.2;56.0;14.5;5.5;76.7;0.2275;-0.0025;-0.0500;102.1250;
331.75;0;0;0;0;34;CF;5F;5F;5F;5F;5F;6E2;169;3B2;3.2;27.0;58.0;14.5;5.5;76.7;0.2275;-0.0014;-0.1000;102.2000;
332.00;0;0;0;0;34;CF;5F;5F;5F;5F;5F;6DD;169;3B2;3.2;27.0;58.0;14.5;5.5;76.7;0.2275;0.0064;-0.1250;0.1250;
332.25;0;0;0;0;34;CF;5F;5F;5E;5F;5F;6DD;169;3B2;3.2;27.3;58.5;14.5;5.5;76.7;0.2275;0.0091;-0.0750;0.3750;
332.50;0;0;0;0;34;CF;5E;5F;5E;5F;5F;6DC;169;3B2;3.2;27.6;62.5;14.5;5.5;76.7;0.2314;0.0099;-0.0750;0.4750;
332.75;0;0;0;0;34;CF;5E;5F;5E;5E;5F;6D8;169;3B2;3.2;27.6;63.0;14.5;5.5;76.7;0.2314;0.0107;-0.1750;0.5000;
333.00;0;0;0;0;35;CF;5E;5E;5E;5E;5F;6DB;169;3B2;3.2;27.6;62.5;14.5;5.5;76.7;0.2314;0.0117;-0.1250;0.6750;
333.25;0;0;0;0;35;CF;5E;5E;5E;5E;5F;6D7;169;3B2;3.2;28.0;63.0;14.5;5.5;76.7;0.2353;0.0145;-0.1000;0.7750;
333.50;0;0;0;0;35;CF;5E;5F;5E;5E;5E;6D2;169;3B2;3.2;28.7;62.0;14.5;5.5;76.7;0.2314;0.0175;-0.2000;1.2250;
333.75;0;0;0;0;35;CF;5E;5F;5E;5E;5E;6D5;169;3B2;3.2;28.7;62.0;14.5;5.5;76.7;0.2353;0.0189;-0.1000;1.4750;
334.00;0;0;0;0;35;CF;5E;5E;5E;5E;5E;6CE;169;3B2;3.2;29.5;65.0;14.5;5.5;76.7;0.2353;0.0193;-0.1000;1.4000;
334.25;0;0;0;0;35;CF;5E;5E;5E;5E;5E;6CB;169;3B2;3.2;30.5;63.5;14.5;5.5;76.7;0.2353;0.0193;-0.2000;1.4250;
334.50;0;0;0;0;35;CF;5E;5E;5D;5E;5E;6CC;169;3B2;3.2;30.5;64.0;14.5;5.5;76.7;0.2353;0.0198;-0.1250;1.1000;
334.75;0;0;0;0;35;CF;5D;5E;5D;5E;5E;6CC;169;3B2;3.2;31.4;64.5;14.5;5.5;76.7;0.2353;0.0222;-0.1250;1.4000;
335.00;0;0;0;0;35;CF;5D;5E;5D;5E;5E;6CE;169;3B2;3.2;31.4;64.5;14.5;5.5;76.7;0.2353;0.0222;-0.1250;1.5500;
335.25;0;0;0;0;35;CF;5D;5E;5D;5E;5E;6CA;169;3B2;3.2;32.1;64.5;14.5;5.5;76.7;0.2353;0.0217;-0.1250;1.5250;
335.50;0;0;0;0;35;CF;5D;5E;5D;5E;5E;6C8;169;3B2;3.2;33.3;64.0;14.5;5.5;76.7;0.2353;0.0209;-0.1000;1.3250;
335.75;0;0;0;0;35;CF;5D;5E;5D;5D;5E;6C7;169;3B2;3.2;33.3;64.5;14.5;5.5;76.7;0.2353;0.0194;-0.1250;1.4250;
336.00;0;0;0;0;35;CF;5D;5D;5D;5D;5E;6C1;169;3B2;3.2;33.9;66.0;14.5;5.5;76.7;0.2353;0.0135;-0.1000;1.1500;
336.25;0;0;0;0;35;CF;5D;5D;5D;5D;5E;6C0;169;3B2;3.2;34.3;64.5;14.5;5.5;76.7;0.2353;0.0092;-0.1000;0.6500;
336.51;0;0;0;0;35;CF;5D;5D;5D;5D;5D;6C1;169;3B2;3.2;34.3;65.0;14.5;5.5;76.7;0.2353;0.0082;-0.0750;0.5250;
336.76;0;0;0;0;35;CF;5D;5D;5D;5D;5D;6C0;169;3B2;3.2;34.3;65.5;14.5;5.5;76.7;0.2353;0.0069;-0.1500;0.3500;
337.01;0;0;0;0;35;CF;5D;5D;5D;5D;5D;6C1;169;3B2;3.2;34.3;64.0;14.5;5.5;76.7;0.2353;0.0057;-0.1000;0.2750;
337.26;0;0;0;0;35;CF;5D;5D;5D;5D;5D;6C2;169;3B2;3.2;34.0;65.5;14.5;5.5;76.7;0.2353;0.0051;-0.0250;0.2750;
337.51;0;0;0;0;35;CF;5D;5D;5D;5D;5D;6C2;169;3B2;3.2;34.0;64.0;14.5;5.5;76.7;0.2353;0.0029;0.0000;0.0500;
337.76;0;0;0;0;36;CF;5D;5D;5D;5D;5D;6C2;169;3B2;3.2;34.0;64.5;14.5;5.5;76.7;0.2353;-0.0008;-0.1000;102.2250;
338.01;0;0;0;0;36;CF;5D;5D;5D;5D;5D;6BD;169;3B2;3.2;34.0;64.5;14.5;5.5;76.7;0.2353;-0.0022;-0.0750;102.1500;
338.26;0;0;0;0;36;CF;5D;5D;5D;5D;5D;6BF;169;3B2;3.2;33.5;64.5;14.5;5.5;76.7;0.2353;-0.0031;-0.0250;102.0500;
338.51;0;0;0;0;36;CF;5D;5D;5D;5D;5D;6BA;169;3B2;3.2;32.4;65.5;14.5;5.5;76.7;0.2353;-0.0029;-0.0750;102.2250;
338.76;0;0;0;0;36;CF;5D;5D;5D;5D;5D;6BA;169;3B2;3.2;32.4;64.0;14.5;5.5;76.7;0.2353;-0.0013;-0.0500;102.2000;
339.01;0;0;0;0;36;CF;5D;5D;5D;5D;5D;6BC;169;3B2;3.2;31.9;65.0;14.5;5.5;76.7;0.2353;0.0025;-0.0750;102.2250;
339.26;0;0;0;0;36;CF;5D;5D;5D;5D;5D;6BB;169;3B2;3.2;31.1;65.5;14.5;5.5;76.7;0.2353;0.0046;-0.1000;0.1750;
339.51;0;0;0;0;36;CF;5D;5D;5C;5D;5D;6BB;169;3B2;3.2;31.1;64.5;14.5;5.5;76.7;0.2353;0.0054;-0.0750;0.1500;
339.76;0;0;0;0;36;CF;5D;5D;5D;5D;5D;6B9;169;3B2;3.2;30.0;65.0;14.5;5.5;76.7;0.2353;0.0057;-0.0750;0.0750;
340.01;0;0;0;0;36;CF;5C;5D;5C;5D;5D;6BB;169;3B2;3.2;30.0;65.0;14.5;5.5;76.7;0.2392;0.0061;-0.0750;0.2250;
340.26;0;0;0;0;36;CF;5C;5D;5C;5C;5D;6B6;169;3B2;3.2;29.8;65.0;14.5;5.5;76.7;0.2353;0.0067;-0.1000;0.2500;
340.51;0;0;0;0;36;CF;5C;5D;5C;5C;5D;6B4;169;3B2;3.2;29.6;65.0;14.5;5.5;76.7;0.2392;0.0072;-0.1000;0.2000;
340.76;0;0;0;0;36;CF;5C;5D;5C;5C;5D;6B6;169;3B2;3.2;29.6;64.5;14.5;5.5;76.7;0.2353;0.0077;-0.1500;0.2000;
341.01;0;0;0;0;36;CF;5C;5C;5C;5C;5C;6B1;169;3B2;3.2;29.3;65.0;14.5;5.5;76.7;0.2392;0.0077;-0.1250;0.2750;
341.26;0;0;0;0;36;CF;5C;5C;5C;5C;5C;6B1;169;3B2;3.2;29.3;65.0;14.5;5.5;76.7;0.2353;0.0079;-0.1000;0.3250;
341.53;0;0;0;0;36;CF;5C;5C;5C;5C;5C;6AB;169;3B2;3.2;29.7;67.0;14.5;5.5;76.7;0.2392;0.0091;-0.1000;0.5750;
341.78;0;0;0;0;36;CF;5C;5C;5C;5C;5C;6A8;169;3B2;3.2;29.7;66.5;14.5;5.5;76.7;0.2392;0.0095;-0.1500;0.4250;
342.03;0;0;0;0;36;CF;5C;5C;5C;5C;5C;6A4;169;3B2;3.2;29.6;68.0;14.5;5.5;76.7;0.2392;0.0095;-0.2000;0.4750;
342.28;0;0;0;0;36;CF;5B;5B;5C;5C;5C;6A3;169;3B2;3.2;29.8;66.5;14.5;5.5;76.7;0.2392;0.0100;-0.1500;0.4750;
342.53;0;0;0;0;36;CF;5C;5C;5B;5C;5C;6A5;167;3B2;3.2;29.8;67.0;14.5;5.5;76.7;0.2392;0.0104;-0.1250;0.4250;
342.78;0;0;0;0;36;CF;5B;5B;5B;5B;5C;69E;167;3B2;3.2;30.4;67.5;14.5;5.5;76.7;0.2392;0.0104;-0.2750;0.3500;
343.03;0;0;0;0;36;CF;5B;5B;5B;5B;5B;69C;167;3B2;3.2;30.5;67.5;14.5;5.5;76.7;0.2392;0.0104;-0.2250;0.3250;
343.28;0;0;0;0;37;CF;5B;5B;5B;5B;5B;697;167;3B2;3.2;30.5;67.5;14.5;5.5;76.7;0.2392;0.0104;-0.1750;0.4250;
343.53;0;0;0;0;37;CF;5B;5B;5B;5B;5B;696;167;3B2;3.2;30.6;68.0;14.5;5.5;76.7;0.2392;0.0099;-0.1500;0.3500;
343.78;0;0;0;0;37;CF;5B;5B;5A;5B;5B;694;167;3B2;3.2;30.6;67.5;14.5;5.5;76.7;0.2392;0.0066;-0.2000;0.1500;
344.03;0;0;0;0;37;CF;5B;5A;5A;5B;5B;690;167;3B2;3.2;30.9;67.5;14.5;5.5;76.7;0.2392;0.0057;-0.2500;0.0250;
344.28;0;0;0;0;37;CF;5A;5A;5A;5A;5B;68C;167;3B2;3.2;30.6;67.5;14.5;5.5;76.7;0.2392;0.0029;-0.2250;0.0000;
344.53;0;0;0;0;37;CF;5A;5A;5A;5A;5A;689;167;3B2;3.2;30.6;68.0;14.5;5.5;76.7;0.2392;0.0025;-0.1750;0.0250;
344.78;0;0;0;0;37;CF;5A;5A;5A;5A;5A;685;167;3B2;3.2;30.3;68.0;14.5;5.5;76.7;0.2392;0.0038;-0.2250;0.0500;
345.03;0;0;0;0;37;CF;5A;5A;5A;5A;5A;683;167;3B2;3.2;30.3;67.5;14.5;5.5;76.7;0.2392;0.0038;-0.2000;0.0000;
345.28;0;0;0;0;37;CF;5A;5A;59;5A;5A;67D;167;3B2;3.2;30.3;68.0;14.5;5.5;76.7;0.2431;0.0031;-0.2250;102.3000;
345.53;0;0;0;0;37;CF;59;59;59;59;5A;67B;167;3B2;3.2;30.3;68.5;14.5;5.5;76.7;0.2392;0.0031;-0.2250;0.0500;
345.78;0;0;0;0;37;CF;59;59;59;59;5A;676;167;3B2;3.2;30.1;67.0;14.5;5.5;76.7;0.2392;0.0001;-0.2000;0.0500;
346.03;0;0;0;0;37;CF;59;59;59;59;59;674;167;3B2;3.2;29.9;68.0;14.5;5.5;76.7;0.2392;0.0001;-0.1750;102.3000;
346.28;0;0;0;0;37;CF;59;59;59;59;59;671;167;3B2;3.2;29.9;67.5;14.5;5.5;76.7;0.2392;0.0001;-0.2500;102.3000;
346.54;0;0;0;0;37;CF;58;59;59;59;59;66A;167;3B2;3.2;29.7;68.0;14.5;5.5;76.7;0.2392;0.0001;-0.2500;0.0250;
346.79;0;0;0;0;37;CF;59;58;58;58;59;669;167;3B2;3.2;29.7;68.0;14.5;5.5;76.7;0.2392;0.0003;-0.1750;102.3250;
347.04;0;0;0;0;37;CF;58;59;58;59;59;66A;167;3B2;3.2;29.4;67.0;14.5;5.5;76.7;0.2392;0.0004;-0.1500;102.3000;
347.29;0;0;0;0;37;CF;58;58;58;59;59;667;167;3B2;3.2;29.1;67.5;14.5;5.5;76.7;0.2392;0.0008;-0.1500;102.3250;
347.54;0;0;0;0;37;CF;58;58;58;58;58;667;167;3B2;3.2;29.1;67.5;14.5;5.5;76.7;0.2392;0.0013;-0.1500;0.0000;
347.79;0;0;0;0;37;CF;58;58;58;58;58;666;167;3B2;3.2;29.1;67.0;14.5;5.5;76.7;0.2392;0.0008;-0.1000;102.1750;
348.04;0;0;0;0;37;CF;58;58;58;58;58;665;167;3B2;3.2;28.9;67.5;14.5;5.5;76.7;0.2431;0.0004;-0.1000;102.3500;
348.29;0;0;0;0;37;CF;58;58;58;58;58;662;167;3B2;3.2;28.9;66.5;14.5;5.5;76.7;0.2392;-0.0004;-0.1250;102.2500;
348.54;0;0;0;0;37;CF;58;58;58;58;58;65F;167;3B2;3.2;28.8;67.5;14.5;5.5;76.7;0.2431;-0.0007;-0.1250;102.2500;
348.79;0;0;0;0;37;CF;58;57;57;58;58;659;167;3B2;3.2;28.8;68.0;14.5;5.5;76.7;0.2392;-0.0007;-0.2000;102.1750;
349.04;0;0;0;0;37;CF;57;58;57;57;58;655;167;3B2;3.2;28.9;68.5;14.5;5.5;76.7;0.2392;-0.0007;-0.1750;102.1500;
349.29;0;0;0;0;37;CF;57;57;57;57;58;653;167;3B2;3.2;28.9;68.5;14.5;5.5;76.7;0.2392;-0.0007;-0.1250;102.3250;
349.54;0;0;0;0;37;CF;57;57;57;57;58;655;167;3B2;3.2;28.9;66.5;14.5;5.5;76.7;0.2431;-0.0007;-0.1000;102.2000;
349.79;0;0;0;0;38;CF;57;57;57;57;57;64F;167;3B2;3.2;28.9;67.0;14.5;5.5;76.7;0.2392;-0.0020;-0.2000;102.2500;
350.04;0;0;0;0;38;CF;57;57;57;57;57;650;167;3B2;3.2;28.6;68.0;14.5;5.5;76.7;0.2431;-0.0051;-0.1750;102.1250;
350.29;0;0;0;0;38;CF;57;57;57;57;57;651;167;3B2;3.2;28.6;67.5;14.5;5.5;76.7;0.2431;-0.0051;-0.1500;102.2500;
350.54;0;0;0;0;38;CF;57;57;57;57;57;64D;167;3B2;3.2;28.6;68.5;14.5;5.5;76.7;0.2431;-0.0031;-0.0750;0.0250;
350.79;0;0;0;0;38;CF;57;57;57;57;57;64A;167;3B2;3.2;28.4;68.0;14.5;5.5;76.7;0.2431;-0.0007;-0.1250;0.1000;
351.04;0;0;0;0;38;CF;57;57;56;57;57;647;167;3B2;3.2;28.5;68.0;14.5;5.5;76.7;0.2431;0.0004;-0.1500;0.1250;
351.29;0;0;0;0;38;CF;56;56;56;56;57;641;167;3B2;3.2;28.5;68.0;14.5;5.5;76.7;0.2392;0.0014;-0.1750;0.2500;
351.55;0;0;0;0;38;CF;56;56;56;56;57;647;167;3B2;3.2;28.7;67.0;14.5;5.5;76.7;0.2392;0.0022;-0.1500;0.2250;
351.80;0;0;0;0;38;CF;56;56;56;56;56;643;167;3B2;3.2;28.7;67.5;14.5;5.5;76.7;0.2392;0.0022;-0.2000;0.1750;
352.05;0;0;0;0;38;CF;56;56;56;56;56;63C;167;3B2;3.2;28.9;68.5;14.5;5.5;76.7;0.2392;0.0025;-0.1750;0.4250;
352.30;0;0;0;0;38;CF;56;56;56;56;56;638;167;3B2;3.2;29.1;68.0;14.5;5.5;76.7;0.2392;0.0020;-0.1750;0.4750;
352.55;0;0;0;0;38;CF;56;56;56;56;56;635;167;3B2;3.2;29.1;67.0;14.5;5.5;76.7;0.2353;0.0004;-0.1500;0.2750;
352.80;0;0;0;0;38;CF;56;56;55;56;56;630;167;3B2;3.2;29.5;67.5;14.5;5.5;76.7;0.2392;0.0003;-0.1500;0.0500;
353.05;0;0;0;0;38;CF;55;55;55;55;56;634;167;3B2;3.2;29.8;66.0;14.5;5.5;76.7;0.2353;-0.0022;-0.2250;0.1250;
353.30;0;0;0;0;38;CF;55;55;55;55;55;62F;167;3B2;3.2;29.8;66.0;14.5;5.5;76.7;0.2353;-0.0057;-0.1500;102.2750;
353.55;0;0;0;0;38;CF;55;55;55;55;55;62E;167;3B2;3.2;29.7;63.5;14.5;5.5;76.7;0.1922;-0.0059;-0.1250;102.2750;
353.80;0;0;0;0;38;CF;55;55;55;55;55;619;167;3B2;3.2;29.7;-24.0;14.5;5.5;76.7;0.0000;-0.0067;-0.3750;102.0750;
354.05;0;0;0;0;38;CF;55;55;54;54;55;616;167;3B2;3.2;29.7;-35.5;14.5;5.5;76.7;0.0000;-0.0062;-0.3750;102.3000;
354.30;0;0;0;0;38;CF;54;54;54;54;54;616;167;3B2;3.2;29.7;-26.5;14.5;5.5;76.7;0.1059;-0.0049;-0.4500;102.3000;
354.55;0;0;0;0;38;CF;54;54;54;53;54;611;167;3B2;3.2;29.9;-10.0;14.5;5.5;76.7;0.0000;-0.0028;-0.4000;0.4500;
354.80;0;0;0;0;38;CF;53;53;53;53;53;605;167;3B2;3.2;29.9;-28.0;14.5;5.5;76.7;0.0000;-0.0029;-0.4000;0.1000;
355.05;0;0;0;0;38;CF;53;53;53;53;53;602;167;3B2;3.2;30.1;-38.0;14.5;5.5;76.7;0.0000;-0.0038;-0.4500;102.2500;
355.30;0;0;0;0;38;CF;53;52;52;52;53;5F7;167;3B2;3.2;30.3;-39.0;14.5;5.5;76.7;0.0000;-0.0041;-0.4750;102.3000;
355.55;0;0;0;0;38;CF;52;52;52;52;52;5F2;167;3B2;3.2;30.3;-39.0;14.5;5.5;76.7;0.0000;-0.0110;-0.5250;102.3500;
355.80;0;0;0;0;38;CF;52;52;52;52;52;5EE;167;3B2;3.2;30.5;-39.0;14.5;5.5;76.7;0.0000;-0.0135;-0.4000;102.0750;
356.05;0;0;0;0;38;CF;52;51;51;51;52;5E7;167;3B2;3.2;30.3;-39.0;14.5;5.5;76.7;0.0000;-0.0151;-0.4000;101.8000;
356.30;0;0;0;0;38;CF;51;51;51;51;51;5E0;167;3B2;3.2;30.3;-39.0;14.5;5.5;76.7;0.0000;-0.0171;-0.4750;101.6000;
356.57;0;0;0;0;38;CF;51;51;51;50;51;5DC;167;3B2;3.2;29.7;-39.0;14.5;5.5;76.7;0.0000;-0.0211;-0.2750;101.4250;
356.82;0;0;0;0;38;CF;51;50;51;50;51;5D7;167;3B2;3.2;29.0;-39.0;14.5;5.5;76.7;0.0000;-0.0211;-0.2250;101.6750;
357.07;0;0;0;0;38;CF;50;50;50;50;50;5CF;167;3B2;3.2;29.0;-39.0;14.5;5.5;76.7;0.0000;-0.0228;-0.4000;101.3500;
357.32;0;0;0;0;38;CF;50;50;50;4F;50;5CB;167;3B2;3.2;28.7;-39.0;14.5;5.5;76.7;0.0000;-0.0238;-0.3750;100.5250;
357.57;0;0;0;0;38;CF;50;50;50;4F;50;5C7;167;3B2;3.2;28.7;-39.0;14.5;5.5;76.7;0.0000;-0.0241;-0.2750;101.4750;
357.82;0;0;0;0;38;CF;50;4F;50;4F;50;5C6;167;3B2;3.2;28.1;-39.0;14.5;5.5;76.7;0.0000;-0.0243;-0.2250;100.7750;
358.07;0;0;0;0;38;CF;4F;4F;50;4F;50;5C3;167;3B2;3.2;28.1;-39.0;14.5;5.5;76.7;0.0000;-0.0243;-0.2000;101.2500;
358.32;0;0;0;0;38;CF;50;4F;4F;4F;50;5C1;167;3B2;3.2;27.7;-39.0;14.5;5.5;76.7;0.0000;-0.0241;-0.1500;100.9500;
358.57;0;0;0;0;38;CF;4F;4F;4F;4F;4F;5C1;167;3B2;3.2;27.7;-39.0;14.5;5.5;76.7;0.0000;-0.0222;-0.1000;101.1000;
358.82;0;0;0;0;38;CF;50;4F;4F;4F;4F;5BF;167;3B2;3.2;27.5;-39.0;14.5;5.5;76.7;0.0000;-0.0204;-0.0500;101.4000;
359.07;0;0;0;0;38;CF;50;4F;4F;4F;4F;5BF;167;3B2;3.2;26.7;-39.0;14.5;5.5;76.7;0.0000;-0.0189;-0.0500;101.5000;
359.32;0;0;0;0;38;CF;4F;4F;4F;4F;4F;5BC;167;3B2;3.2;26.7;-39.0;14.5;5.5;76.7;0.0000;-0.0172;-0.1000;101.1750;
359.57;0;0;0;0;38;CF;4F;4F;4F;4F;4F;5BA;167;3B2;3.2;26.4;-39.0;14.5;5.5;76.7;0.0000;-0.0133;-0.1250;101.8250;
359.82;0;0;0;0;38;CF;4F;4F;4F;4F;4F;5BD;167;3B2;3.2;26.2;-39.0;14.5;5.5;76.7;0.0000;-0.0095;-0.0250;102.1250;
360.07;0;0;0;0;38;CF;4F;4F;4F;4F;4F;5BA;167;3B2;3.2;26.2;-39.0;14.5;5.5;76.7;0.0000;-0.0074;-0.1000;102.3500;
360.32;0;0;0;0;38;CF;4F;4F;4F;4F;4F;5B9;167;3B2;3.2;26.0;-39.0;14.5;5.5;76.7;0.0000;-0.0057;-0.1000;101.9750;
360.57;0;0;0;0;38;CF;4F;4F;4F;4F;4F;5BA;167;3B2;3.2;26.0;-39.0;14.5;5.5;76.7;0.0000;-0.0047;-0.0750;0.1250;
360.82;0;0;0;0;38;CF;4F;4F;4F;4F;4F;5B5;167;3B2;3.2;26.8;-39.0;14.5;5.5;76.7;0.0000;-0.0039;-0.1250;0.0750;
361.07;0;0;0;0;38;CF;4F;4F;4E;4E;4F;5B4;167;3B2;3.2;27.4;-39.0;14.5;5.5;76.7;0.0000;-0.0031;-0.1500;0.0000;
361.32;0;0;0;0;38;CF;4E;4E;4E;4E;4F;5AF;167;3B2;3.2;27.4;-39.0;14.5;5.5;76.7;0.0000;-0.0020;-0.2000;0.0250;
361.58;0;0;0;0;38;CF;4E;4F;4E;4E;4E;5AF;167;3B2;3.2;27.2;-39.0;14.5;5.5;76.7;0.0000;-0.0009;-0.1000;102.3500;
361.83;0;0;0;0;38;CF;4E;4F;4E;4E;4F;5AD;167;3B2;3.2;28.2;-39.0;14.5;5.5;76.7;0.0000;0.0001;-0.0500;0.1750;
362.08;0;0;0;0;38;CF;4E;4E;4E;4E;4E;5AC;167;3B2;3.2;28.2;-39.0;14.5;5.5;76.7;0.0000;0.0022;-0.1000;0.2500;
362.33;0;0;0;0;38;CF;4E;4E;4E;4E;4E;5A9;167;3B2;3.2;28.2;-39.0;14.5;5.5;76.7;0.0000;0.0031;-0.1750;0.8250;
362.58;0;0;0;0;38;CF;4E;4E;4E;4E;4E;5A6;167;3B2;3.2;29.1;-39.0;14.5;5.5;76.7;0.0000;0.0036;-0.1500;0.6750;
362.83;0;0;0;0;38;CF;4E;4E;4E;4E;4E;5A5;167;3B2;3.2;29.4;-39.0;14.5;5.5;76.7;0.0000;0.0036;-0.1250;0.3250;
363.08;0;0;0;0;38;CF;4E;4E;4E;4E;4E;5A5;167;3B2;3.2;29.4;-39.0;14.5;5.5;76.7;0.0000;0.0038;-0.1750;0.1750;
363.33;0;0;0;0;38;CF;4E;4D;4D;4D;4E;59F;167;3B2;3.2;30.4;-39.0;14.5;5.5;76.7;0.0000;0.0044;-0.1500;0.6500;
363.58;0;0;0;0;38;CF;4D;4E;4D;4D;4D;5A0;167;3B2;3.2;30.4;-39.0;14.5;5.5;76.7;0.0000;0.0047;-0.1750;0.0500;
363.83;0;0;0;0;38;CF;4D;4D;4D;4D;4D;598;167;3B2;3.2;30.8;-39.0;14.5;5.5;76.7;0.0000;0.0047;-0.2000;0.2750;
364.08;0;0;0;0;38;CF;4D;4D;4D;4D;4D;596;167;3B2;3.2;30.9;-39.0;14.5;5.5;76.7;0.0000;0.0047;-0.2000;0.1250;
364.33;0;0;0;0;38;CF;4D;4D;4D;4D;4D;592;167;3B2;3.2;30.9;-39.0;14.5;5.5;76.7;0.0000;0.0026;-0.2250;0.2750;
364.58;0;0;0;0;38;CF;4D;4D;4C;4C;4D;591;167;3B2;3.2;31.4;-39.0;14.5;5.5;76.7;0.0000;0.0014;-0.2000;0.0250;
364.83;0;0;0;0;38;CF;4C;4C;4C;4C;4D;588;167;3B2;3.2;31.3;-39.0;14.5;5.5;76.7;0.0000;0.0014;-0.2500;0.3250;
365.08;0;0;0;0;38;CF;4C;4C;4C;4C;4C;587;167;3B2;3.2;31.3;-39.0;14.5;5.5;76.7;0.0000;0.0011;-0.2250;102.3750;
365.33;0;0;0;0;38;CF;4C;4C;4C;4C;4C;582;167;3B2;3.2;31.1;-39.0;14.5;5.5;76.7;0.0000;0.0004;-0.2500;0.0000;
365.58;0;0;0;0;38;CF;4C;4C;4B;4C;4C;57C;165;3B2;3.2;31.1;-39.0;14.5;5.5;76.7;0.0000;-0.0049;-0.2750;102.2250;
365.83;0;0;0;0;38;CF;4B;4C;4B;4B;4C;578;165;3B2;3.2;31.6;-39.0;14.5;5.5;76.7;0.0000;-0.0054;-0.2750;102.0500;
366.08;0;0;0;0;38;CF;4B;4B;4B;4B;4B;574;165;3B2;3.2;31.3;-39.0;14.5;5.5;76.7;0.0000;-0.0038;-0.2750;102.1250;
366.33;0;0;0;0;38;CF;4B;4B;4B;4B;4B;56D;165;3B2;3.2;31.3;-39.0;14.5;5.5;76.7;0.0000;-0.0022;-0.3500;102.1250;
366.59;0;0;0;0;38;CF;4B;4B;4A;4A;4B;566;165;3B2;3.2;31.3;-39.0;14.5;5.5;76.7;0.0000;-0.0001;-0.3500;102.2750;
366.84;0;0;0;0;38;CF;4A;4A;4A;4A;4A;563;165;3B2;3.2;30.8;-39.0;14.5;5.5;76.7;0.0000;0.0013;-0.3750;102.3250;
367.09;0;0;0;0;38;CF;4A;4A;4A;4A;4A;55B;165;3B2;3.2;30.6;-39.0;14.5;5.5;76.7;0.0000;0.0026;-0.3500;102.3000;
367.34;0;0;0;0;38;CF;49;4A;49;49;4A;556;165;3B2;3.2;30.6;-39.0;14.5;5.5;76.7;0.0000;0.0046;-0.3500;0.1500;
367.59;0;0;0;0;38;CF;49;49;49;49;49;54F;165;3B2;3.2;30.4;-39.0;14.5;5.5;76.7;0.0000;0.0061;-0.4000;0.0000;
367.84;0;0;0;0;38;CF;49;49;49;49;49;549;165;3B2;3.2;30.2;-39.0;14.5;5.5;76.7;0.0000;0.0069;-0.3750;0.0250;
368.09;0;0;0;0;38;CF;49;49;48;48;49;542;165;3B2;3.2;30.2;-39.0;14.5;5.5;76.7;0.0000;0.0074;-0.3750;0.0000;
368.34;0;0;0;0;38;CF;48;48;48;48;48;53F;165;3B2;3.2;30.3;-39.0;14.5;5.5;76.7;0.0000;0.0084;-0.3500;0.0250;
368.59;0;0;0;0;38;CF;48;48;48;48;48;534;165;3B2;3.2;30.3;-39.0;14.5;5.5;76.7;0.0353;0.0107;-0.4000;0.2000;
368.84;0;0;0;0;37;CF;47;48;47;48;48;535;165;3B2;3.2;30.2;-15.5;14.5;5.5;76.7;0.1176;0.0120;-0.4250;0.1500;
369.09;0;0;0;0;37;CF;47;47;47;47;48;537;165;3B2;3.2;30.1;19.0;14.5;5.5;76.7;0.2118;0.0132;-0.3250;0.1500;
369.34;0;0;0;0;37;CF;47;47;47;47;47;52E;165;3B2;3.2;30.1;42.5;14.5;5.5;76.7;0.2196;0.0140;-0.3250;0.4500;
369.59;0;0;0;0;37;CF;47;47;47;47;47;52D;165;3B2;3.2;30.2;69.0;14.5;5.5;76.7;0.2627;0.0158;-0.2000;0.4000;
369.84;0;0;0;0;37;CF;47;47;47;47;47;52A;165;3B2;3.2;30.2;82.0;14.5;5.5;76.7;0.2667;0.0163;-0.1750;0.6000;
370.09;0;0;0;0;37;CF;47;47;47;47;47;525;165;3B2;3.2;30.2;91.0;14.5;5.5;76.7;0.2784;0.0162;-0.1500;0.5250;
370.34;0;0;0;0;37;CF;47;47;47;47;47;525;165;3B2;3.2;30.3;96.5;14.5;5.5;76.7;0.2863;0.0151;-0.1000;0.5000;
370.59;0;0;0;0;37;CF;47;47;47;47;47;524;165;3B2;3.2;30.3;107.5;14.5;5.5;76.7;0.3059;0.0118;-0.0250;0.5250;
370.84;0;0;0;0;37;CF;47;47;47;47;47;524;165;3B2;3.2;30.7;117.0;14.5;5.5;76.7;0.3255;0.0109;-0.0500;0.5000;
371.09;0;0;0;0;37;CF;47;47;47;47;47;528;165;3B2;3.2;30.7;133.5;14.5;5.5;76.7;0.3412;0.0070;-0.0750;0.2750;
371.34;0;0;0;0;37;CF;46;47;47;47;47;52A;165;3B2;3.2;30.7;138.0;14.5;5.5;76.7;0.3412;0.0025;-0.0500;0.0000;
371.60;0;0;0;0;37;CF;47;47;47;47;47;523;165;3B2;3.2;30.7;141.0;14.5;5.5;76.7;0.3412;-0.0007;-0.0250;0.0000;
371.85;0;0;0;0;37;CF;47;47;47;47;47;522;165;3B2;3.2;30.5;140.0;14.5;5.5;76.7;0.3412;-0.0004;0.0000;0.0250;
372.10;0;0;0;0;37;CF;47;47;47;47;47;525;165;3B2;3.2;30.1;138.5;14.5;5.5;76.7;0.3373;0.0004;0.0000;102.3000;
372.35;0;0;0;0;37;CF;47;47;46;47;47;528;165;3B2;3.2;30.1;135.5;14.5;5.5;76.7;0.3333;0.0004;-0.0500;102.1250;
372.60;0;0;0;0;37;CF;46;47;47;47;47;51E;165;3B2;3.2;29.8;132.0;14.5;5.5;76.7;0.3255;0.0004;-0.0750;102.2250;
372.85;0;0;0;0;37;CF;46;47;46;46;47;51D;165;3B2;3.2;29.4;131.0;14.5;5.5;76.7;0.3255;-0.0004;-0.0750;102.2250;
373.10;0;0;0;0;37;CF;46;46;46;46;47;51E;165;3B2;3.2;29.4;128.5;14.5;5.5;76.7;0.3216;-0.0021;-0.1500;102.1500;
373.35;0;0;0;0;37;CF;46;46;46;46;46;521;165;3B2;3.2;28.9;127.0;14.5;5.5;76.7;0.3216;-0.0028;-0.1750;102.1500;
373.60;0;0;0;0;37;CF;46;46;46;46;46;517;165;3B2;3.2;28.9;127.0;14.5;5.5;76.7;0.3216;-0.0029;-0.1750;102.0250;
373.85;0;0;0;0;37;CF;46;46;46;46;46;511;165;3B2;3.2;28.6;126.0;14.5;5.5;76.7;0.3216;-0.0028;-0.2250;102.2000;
374.10;0;0;0;0;37;CF;46;46;46;46;46;50D;165;3B2;3.2;28.2;125.0;14.5;5.5;76.7;0.3216;-0.0028;-0.2000;102.3000;
374.35;0;0;0;0;37;CF;45;46;45;45;46;50E;165;3B2;3.2;28.2;124.0;14.5;5.5;76.7;0.3216;-0.0026;-0.2000;102.1750;
374.60;0;0;0;0;37;CF;45;45;45;45;45;50F;165;3B2;3.2;27.8;120.5;14.5;5.5;76.7;0.3137;-0.0020;-0.2500;102.3250;
374.85;0;0;0;0;37;CF;45;45;45;45;45;507;165;3B2;3.2;27.8;117.5;14.5;5.5;76.7;0.3098;-0.0013;-0.2000;102.3250;
375.10;0;0;0;0;37;CF;45;45;45;45;45;4FF;165;3B2;3.2;27.4;114.0;14.5;5.5;76.7;0.2980;-0.0007;-0.2500;0.0500;
375.35;0;0;0;0;37;CF;45;45;45;45;45;4FA;165;3B2;3.2;27.4;105.0;14.5;5.5;76.7;0.2784;0.0000;-0.2500;102.2250;
375.60;0;0;0;0;37;CF;45;45;45;44;45;4FA;165;3B2;3.2;27.2;84.5;14.5;5.5;76.7;0.2471;0.0001;-0.2250;102.2500;
375.85;0;0;0;0;37;CF;44;44;44;44;44;4F7;165;3B2;3.2;27.1;72.0;14.5;5.5;76.7;0.2314;0.0007;-0.2500;0.0000;
376.10;0;0;0;0;37;CF;44;44;44;44;44;4F4;165;3B2;3.2;27.1;57.0;14.5;5.5;76.7;0.2157;0.0011;-0.2750;102.2000;
376.35;0;0;0;0;37;CF;44;44;44;44;44;4F1;165;3B2;3.2;27.4;54.5;14.5;5.5;76.7;0.2157;0.0020;-0.3250;0.1750;
376.62;0;0;0;0;37;CF;44;44;44;43;44;4E9;165;3B2;3.2;27.6;56.0;14.5;5.5;76.7;0.2196;0.0031;-0.2750;0.4250;
376.87;0;0;0;0;37;CF;43;43;43;43;43;4E2;165;3B2;3.2;27.6;57.0;14.5;5.5;76.7;0.2196;0.0036;-0.3500;0.2750;
377.12;0;0;0;0;37;CF;43;43;43;43;43;4DE;165;3B2;3.2;27.7;56.5;14.5;5.5;76.7;0.2196;0.0046;-0.2500;0.0000;
377.37;0;0;0;0;37;CF;43;43;43;43;43;4DE;165;3B2;3.2;27.7;58.5;14.5;5.5;76.7;0.2196;0.0044;-0.1500;0.0750;
377.62;0;0;0;0;37;CF;43;43;42;43;43;4DB;165;3B2;3.2;28.2;57.5;14.5;5.5;76.7;0.2235;0.0043;-0.2000;0.7000;
377.87;0;0;0;0;37;CF;42;43;43;42;43;4DB;165;3B2;3.2;28.6;59.5;14.5;5.5;76.7;0.2275;0.0043;-0.1000;0.5750;
378.12;0;0;0;0;37;CF;42;42;42;42;43;4D4;165;3B2;3.2;28.6;57.5;14.5;5.5;76.7;0.2196;0.0043;-0.2000;0.3250;
378.37;0;0;0;0;37;CF;43;42;42;42;43;4D4;165;3B2;3.2;28.9;57.0;14.5;5.5;76.7;0.2196;0.0034;-0.1750;102.2000;
378.62;0;0;0;0;37;CF;42;42;42;42;43;4D3;165;3B2;3.2;29.2;59.5;14.5;5.5;76.7;0.2235;0.0022;-0.1250;102.3250;
378.87;0;0;0;0;37;CF;42;42;42;42;42;4D3;165;3B2;3.2;29.2;58.5;14.5;5.5;76.7;0.2196;0.0013;-0.1000;0.1500;
379.12;0;0;0;0;37;CF;42;42;42;42;42;4D5;165;3B2;3.2;29.2;58.0;14.5;5.5;76.7;0.2196;0.0014;-0.0500;0.0000;
379.37;0;0;0;0;38;CF;42;42;42;42;42;4D2;165;3B2;3.2;29.6;58.0;14.5;5.5;76.7;0.2196;0.0018;-0.0250;0.1250;
379.62;0;0;0;0;38;CF;43;42;42;42;42;4D4;165;3B2;3.2;29.8;53.5;14.4;5.5;76.7;0.2157;0.0025;-0.0750;102.3000;
379.87;0;0;0;0;38;CF;42;42;42;42;42;4D0;165;3B2;3.2;29.8;54.5;14.4;5.5;76.7;0.2157;0.0036;-0.0250;0.7750;
380.12;0;0;0;0;38;CF;42;43;42;42;43;4D1;165;3B2;3.2;30.2;54.5;14.4;5.5;76.7;0.2118;0.0036;0.0500;0.0000;
380.37;0;0;0;0;38;CF;42;43;42;42;43;4D2;165;3B2;3.2;30.2;50.5;14.5;5.5;76.7;0.2039;0.0043;0.0500;0.5750;
380.62;0;0;0;0;38;CF;42;43;42;42;43;4D5;165;3B2;3.2;30.4;47.5;14.5;5.5;76.7;0.2000;0.0041;0.0000;102.2750;
380.87;0;0;0;0;38;CF;43;43;42;42;43;4D9;165;3B2;3.2;30.6;43.5;14.5;5.5;76.7;0.1961;0.0041;0.0500;0.1500;
381.12;0;0;0;0;38;CF;43;43;43;43;43;4DB;165;3B2;3.2;30.6;44.0;14.5;5.5;76.7;0.1961;0.0033;0.1000;0.1750;
381.37;0;0;0;0;38;CF;43;43;43;43;43;4D8;164;3B2;3.2;30.8;43.0;14.5;5.5;76.7;0.1961;-0.0003;-0.0250;0.1250;
381.63;0;0;0;0;38;CF;43;43;43;42;43;4D9;164;3B2;3.2;30.9;41.5;14.5;5.5;76.7;0.1961;-0.0049;0.1000;0.3750;
381.88;0;0;0;0;38;CF;43;43;43;43;43;4DA;164;3B2;3.2;30.9;41.5;14.5;5.5;76.7;0.1961;-0.0067;0.0000;0.0000;
382.13;0;0;0;0;38;CF;43;43;43;43;43;4DE;164;3B2;3.2;30.6;41.0;14.5;5.5;76.7;0.1961;-0.0088;0.0250;102.3000;
382.38;0;0;0;0;38;CF;43;43;43;43;43;4E0;164;3B2;3.2;30.6;41.0;14.5;5.5;76.7;0.1961;-0.0091;0.0000;102.3250;
382.63;0;0;0;0;38;CF;43;43;43;43;43;4E3;164;3B2;3.2;30.3;42.0;14.5;5.5;76.7;0.1961;-0.0086;0.1000;0.0250;
382.88;0;0;0;0;38;CF;44;44;43;43;44;4E4;164;3B2;3.2;30.2;41.5;14.5;5.5;76.7;0.1961;-0.0080;0.1250;0.0250;
383.13;0;0;0;0;38;CF;44;44;44;43;44;4E8;164;3B2;3.2;30.2;41.0;14.5;5.5;76.7;0.1961;-0.0074;0.0750;102.2750;
383.38;0;0;0;0;38;CF;44;44;44;44;44;4ED;164;3B2;3.2;30.2;41.0;14.5;5.5;76.7;0.1961;-0.0041;0.1500;0.0000;
383.63;0;0;0;0;38;CF;44;44;44;44;44;4F2;164;3B2;3.2;30.2;41.0;14.5;5.5;76.7;0.1961;-0.0041;0.2000;102.3500;
383.88;0;0;0;0;38;CF;44;44;44;44;44;4F1;164;3B2;3.2;29.7;40.0;14.5;5.5;76.7;0.1922;-0.0038;0.1500;0.0000;
384.13;0;0;0;0;38;CF;44;44;44;44;44;4F7;164;3B2;3.2;29.7;40.0;14.5;5.5;76.7;0.1922;-0.0029;0.1750;0.0500;
384.38;0;0;0;0;38;CF;45;45;45;44;45;4FC;164;3B2;3.2;29.7;38.5;14.5;5.5;76.7;0.1882;-0.0054;0.2250;0.0500;
384.63;0;0;0;0;38;CF;45;45;45;45;45;4FE;164;3B2;3.2;29.6;38.5;14.5;5.5;76.7;0.1882;-0.0070;0.2250;102.3750;
384.88;0;0;0;0;38;CF;45;45;45;45;45;502;164;3B2;3.2;29.6;38.0;14.5;5.5;76.7;0.1882;-0.0084;0.1250;0.0250;
385.13;0;0;0;0;38;CF;45;45;45;45;45;507;164;3B2;3.2;29.1;36.5;14.5;5.5;76.7;0.1843;-0.0097;0.1750;101.9750;
385.38;0;0;0;0;38;CF;46;46;45;45;45;509;164;3B2;3.2;29.1;37.0;14.5;5.5;76.7;0.1843;-0.0107;0.1750;102.0750;
385.63;0;0;0;0;38;CF;46;46;46;45;46;510;164;3B2;3.2;29.0;37.5;14.5;5.5;76.7;0.1882;-0.0104;0.2500;0.0000;
385.88;0;0;0;0;38;CF;46;46;46;46;46;50B;164;3B2;3.2;28.7;37.0;14.5;5.5;76.7;0.1882;-0.0099;0.0750;0.0500;
386.13;0;0;0;0;38;CF;46;46;46;46;46;511;164;3B2;3.2;28.7;38.0;14.5;5.5;76.7;0.1882;-0.0093;0.0750;102.3750;
386.38;0;0;0;0;38;CF;46;46;46;46;46;515;164;3B2;3.2;28.6;38.5;14.5;5.5;76.7;0.1882;-0.0047;0.1500;0.1500;
386.64;0;0;0;0;38;CF;46;46;46;46;46;511;164;3B2;3.2;28.7;38.5;14.5;5.5;76.7;0.1882;-0.0031;0.0000;0.2500;
386.89;0;0;0;0;38;CF;46;46;46;46;46;513;164;3B2;3.2;28.7;38.0;14.5;5.5;76.7;0.1843;-0.0029;-0.0500;0.0750;
387.14;0;0;0;0;38;CF;46;46;46;46;46;512;164;3B2;3.2;28.9;37.0;14.5;5.5;76.7;0.1882;-0.0003;-0.0500;0.0000;
387.39;0;0;0;0;38;CF;46;46;46;46;46;50F;164;3B2;3.2;28.9;35.0;14.5;5.5;76.7;0.1765;0.0067;-0.1000;0.2500;
387.64;0;0;0;0;38;CF;46;46;46;46;46;513;164;3B2;3.2;28.6;33.0;14.5;5.5;76.7;0.1765;0.0100;-0.0500;0.3750;
387.89;0;0;0;0;38;CF;46;46;45;46;46;511;164;3B2;3.2;28.6;32.0;14.5;5.5;76.7;0.1765;0.0112;-0.0250;0.2000;
388.14;0;0;0;0;38;CF;46;46;45;46;46;511;164;3B2;3.2;29.1;32.0;14.5;5.5;76.7;0.1765;0.0125;-0.0500;0.3250;
388.39;0;0;0;0;38;CF;46;46;45;46;46;4FA;164;3B2;3.2;29.1;-4.0;14.5;5.5;76.7;0.0000;0.0153;-0.0750;0.3250;
388.64;0;0;0;0;38;CF;45;46;45;45;46;506;164;3B2;3.2;29.4;-25.5;14.5;5.5;76.7;0.0000;0.0153;-0.1750;0.5500;
388.89;0;0;0;0;38;CF;45;45;45;45;45;506;164;3B2;3.2;29.1;-22.0;14.5;5.5;76.7;0.1412;0.0157;-0.2000;0.5250;
389.14;0;0;0;0;38;CF;45;45;45;45;45;506;164;3B2;3.2;29.1;5.5;14.5;5.5;76.7;0.1529;0.0163;-0.2500;0.3500;
389.39;0;0;0;0;38;CF;45;45;45;45;45;4E6;164;3B2;3.2;29.9;-13.5;14.5;5.5;76.7;0.0000;0.0222;-0.1750;0.7250;
389.64;0;0;0;0;38;CF;45;45;44;45;45;4FC;164;3B2;3.2;30.2;-30.0;14.5;5.5;76.7;0.0000;0.0234;-0.2000;0.7000;
389.89;0;0;0;0;38;CF;44;45;44;45;45;4F4;164;3B2;3.2;30.2;-45.5;14.5;5.5;76.7;0.0000;0.0241;-0.2750;0.7500;
390.14;0;0;0;0;38;CF;44;44;44;44;44;4F1;164;3B2;3.2;30.6;-45.5;14.5;5.5;76.7;0.0000;0.0243;-0.3250;0.9000;
390.39;0;0;0;0;38;CF;44;44;43;44;44;4EB;164;3B2;3.2;30.6;-45.5;14.5;5.5;76.7;0.0000;0.0242;-0.3500;0.8250;
390.64;0;0;0;0;38;CF;43;44;43;44;44;4E4;164;3B2;3.2;31.4;-45.5;14.5;5.5;76.7;0.0000;0.0242;-0.4250;0.9000;
390.89;0;0;0;0;38;CF;43;43;43;43;43;4DD;164;3B2;3.2;32.0;-45.5;14.5;5.5;76.7;0.0000;0.0242;-0.4000;0.7750;
391.14;0;0;0;0;38;CF;42;43;42;43;43;4D5;164;3B2;3.2;32.0;-45.5;14.5;5.5;76.7;0.0000;0.0255;-0.4500;0.9250;
391.39;0;0;0;0;38;CF;42;43;42;42;42;4D0;164;3B2;3.2;32.2;-45.5;14.5;5.5;76.7;0.0000;0.0285;-0.4250;0.9250;
391.67;0;0;0;0;38;CF;42;42;41;42;42;4CA;164;3B2;3.2;32.2;-45.5;14.5;5.5;76.7;0.0000;0.0291;-0.4250;0.7250;
391.92;0;0;0;0;38;CF;41;42;41;42;42;4C0;164;3B2;3.2;33.1;-45.0;14.5;5.5;76.7;0.0000;0.0293;-0.4250;1.0000;
392.17;0;0;0;0;38;CF;41;42;41;41;41;4BC;164;3B2;3.2;33.1;-45.0;14.5;5.5;76.7;0.0000;0.0307;-0.3750;1.1000;
392.42;0;0;0;0;38;CF;40;41;40;41;41;4B4;164;3B2;3.2;33.7;-45.0;14.5;5.5;76.7;0.0000;0.0321;-0.4250;1.0750;
392.67;0;0;0;0;38;CF;40;41;40;41;41;4B0;164;3B2;3.2;33.7;-45.0;14.5;5.5;76.7;0.0000;0.0334;-0.4000;1.2250;
392.92;0;0;0;0;38;CF;40;41;40;40;40;4AB;164;3B2;3.2;33.7;-45.0;14.5;5.5;76.7;0.0000;0.0334;-0.3750;1.3500;
393.17;0;0;0;0;38;CF;40;40;40;40;40;4A7;164;3B2;3.2;34.6;-45.0;14.5;5.5;76.7;0.0000;0.0334;-0.2750;1.1500;
393.42;0;0;0;0;38;CF;40;40;3F;40;40;4A1;164;3B2;3.2;35.3;-45.0;14.5;5.5;76.7;0.0000;0.0333;-0.3250;1.0250;
393.67;0;0;0;0;38;CF;3F;40;3F;40;40;49F;164;3B2;3.2;35.3;-45.0;14.5;5.5;76.7;0.0000;0.0330;-0.2250;1.3000;
393.92;0;0;0;0;38;CF;3F;40;3F;3F;40;499;164;3B2;3.2;35.3;-45.0;14.5;5.5;76.7;0.0000;0.0312;-0.1750;1.0000;
394.17;0;0;0;0;38;CF;3F;40;3F;3F;3F;496;164;3B2;3.2;35.3;-45.0;14.5;5.5;76.7;0.0000;0.0288;-0.1750;0.9000;
394.42;0;0;0;0;38;CF;3F;3F;3F;3F;3F;497;164;3B2;3.2;35.6;-45.0;14.5;5.5;76.7;0.0000;0.0288;-0.1500;0.9250;
394.67;0;0;0;0;38;CF;3F;3F;3F;3F;3F;497;164;3B2;3.2;35.9;-45.0;14.5;5.5;76.7;0.0000;0.0293;-0.1000;1.0000;
394.92;0;0;0;0;38;CF;3F;3F;3F;3F;3F;495;164;3B2;3.2;35.9;-45.0;14.5;5.5;76.7;0.0000;0.0293;-0.1000;1.3250;
395.17;0;0;0;0;38;CF;3F;3F;3F;3F;3F;492;164;3B2;3.2;35.7;-45.0;14.5;5.5;76.7;0.0000;0.0291;-0.1500;1.1500;
395.42;0;0;0;0;38;CF;3F;3F;3F;3F;3F;492;164;3B2;3.2;36.2;-45.0;14.5;5.5;76.7;0.0000;0.0288;-0.1000;1.0250;
395.67;0;0;0;0;38;CF;3F;3F;3E;3F;3F;492;164;3B2;3.2;36.2;-45.0;14.5;5.5;76.7;0.0000;0.0283;-0.1250;0.9000;
395.92;0;0;0;0;38;CF;3E;3F;3E;3F;3F;491;164;3B2;3.2;36.2;-45.0;14.5;5.5;76.7;0.0000;0.0272;-0.1000;1.0500;
396.17;0;0;0;0;38;CF;3F;3F;3E;3F;3F;48F;164;3B2;3.2;36.3;-45.0;14.5;5.5;76.7;0.0000;0.0232;0.0000;0.7750;
396.42;0;0;0;0;38;CF;3F;3F;3F;3F;3F;48F;164;3B2;3.2;35.9;-45.0;14.5;5.5;76.7;0.0000;0.0178;0.0000;0.6750;
396.68;0;0;0;0;38;CF;3F;3F;3F;3F;3F;496;164;3B2;3.2;35.9;-45.0;14.5;5.5;76.7;0.0000;0.0145;0.0750;0.6500;
396.93;0;0;0;0;38;CF;3F;3F;3F;3F;3F;495;164;3B2;3.2;36.0;-45.0;14.5;5.5;76.7;0.0000;0.0117;0.0250;0.0250;
397.18;0;0;0;0;38;CF;3F;3F;3F;3F;3F;499;164;3B2;3.2;36.0;-45.0;14.5;5.5;76.7;0.0000;0.0102;0.0500;0.2750;
397.43;0;0;0;0;38;CF;3F;3F;3F;3F;3F;499;164;3B2;3.2;35.3;-45.0;14.5;5.5;76.7;0.0000;0.0033;0.0750;0.0000;
397.68;0;0;0;0;38;CF;3F;3F;3F;3F;40;49A;164;3B2;3.2;34.3;-45.0;14.5;5.5;76.7;0.0000;-0.0033;0.0500;102.0000;
397.93;0;0;0;0;38;CF;40;40;3F;3F;40;49E;164;3B2;3.2;34.3;-45.0;14.5;5.5;76.7;0.0000;-0.0064;0.0750;0.0000;
398.18;0;0;0;0;38;CF;40;3F;3F;3F;40;49E;164;3B2;3.2;34.2;-45.0;14.5;5.5;76.7;0.0000;-0.0128;0.0500;101.8000;
398.43;0;0;0;0;38;CF;40;40;3F;3F;40;49E;164;3B2;3.2;33.0;-45.0;14.5;5.5;76.7;0.0000;-0.0143;0.0750;101.7250;
398.68;0;0;0;0;38;CF;40;3F;40;3F;40;49E;164;3B2;3.2;33.0;-45.0;14.5;5.5;76.7;0.0000;-0.0150;0.0500;102.0750;
398.93;0;0;0;0;38;CF;40;40;40;3F;40;49E;164;3B2;3.2;31.9;-45.0;14.5;5.5;76.7;0.0000;-0.0146;0.0500;101.4750;
399.18;0;0;0;0;38;CF;40;40;40;3F;40;4A0;164;3B2;3.2;31.9;-45.5;14.5;5.5;76.7;0.0000;-0.0140;-0.0250;101.7000;
399.43;0;0;0;0;38;CF;40;40;40;3F;40;4A2;164;3B2;3.2;31.8;-45.5;14.5;5.5;76.7;0.0000;-0.0130;0.0500;0.1250;
399.68;0;0;0;0;38;CF;40;40;40;40;40;4A2;164;3B2;3.2;30.5;-45.5;14.5;5.5;76.7;0.0000;-0.0127;0.0000;101.9250;
399.93;0;0;0;0;38;CF;40;40;40;40;40;4A2;164;3B2;3.2;30.5;-45.5;14.5;5.5;76.7;0.0000;-0.0130;0.0250;102.1750;
400.18;0;0;0;0;38;CF;40;40;40;3F;40;49F;164;3B2;3.2;30.5;-45.5;14.5;5.5;76.7;0.0000;-0.0138;-0.1250;101.7250;
400.43;0;0;0;0;38;CF;40;40;40;3F;40;4A1;164;3B2;3.2;29.7;-45.5;14.5;5.5;76.7;0.0000;-0.0162;-0.1000;102.2250;
400.68;0;0;0;0;38;CF;40;40;40;40;40;4A3;164;3B2;3.2;29.5;-45.5;14.5;5.5;76.7;0.0000;-0.0202;0.0000;101.3500;
400.93;0;0;0;0;38;CF;40;40;40;40;40;4A3;164;3B2;3.2;29.5;-45.5;14.5;5.5;76.7;0.0000;-0.0202;0.0000;102.3500;
401.18;0;0;0;0;38;CF;40;40;40;40;40;49E;164;3B2;3.2;28.5;-45.5;14.5;5.5;76.7;0.0000;-0.0140;-0.1750;101.9750;
401.43;0;0;0;0;38;CF;40;40;40;3F;40;4A1;164;3B2;3.2;28.5;-45.5;14.5;5.5;76.7;0.0000;-0.0114;-0.0500;102.1750;
401.70;0;0;0;0;38;CF;3F;3F;3F;3F;3F;498;164;3B2;3.2;28.5;-45.0;14.5;5.5;76.7;0.0000;-0.0105;-0.2750;0.0500;
401.95;0;0;0;0;38;CF;40;3F;3F;3F;40;49A;164;3B2;3.2;28.7;-45.0;14.5;5.5;76.7;0.0000;-0.0104;-0.1750;0.0000;
402.20;0;0;0;0;38;CF;3F;3F;3F;3F;3F;499;164;3B2;3.2;28.7;-45.0;14.5;5.5;76.7;0.0000;-0.0072;-0.1000;0.0500;
402.45;0;0;0;0;38;CF;3F;3F;3F;3F;3F;494;164;3B2;3.2;28.4;-45.5;14.5;5.5;76.7;0.0000;-0.0049;-0.1500;0.0250;
402.70;0;0;0;0;38;CF;3F;3F;3F;3F;3F;492;164;3B2;3.2;28.9;-45.0;14.5;5.5;76.7;0.0000;-0.0004;-0.1500;0.4750;
402.95;0;0;0;0;38;CF;3F;3F;3F;3F;3F;490;164;3B2;3.2;28.9;-45.0;14.5;5.5;76.7;0.0000;0.0008;-0.1500;0.5500;
403.20;0;0;0;0;38;CF;3F;3F;3F;3F;3F;490;164;3B2;3.2;29.8;-45.5;14.5;5.5;76.7;0.0000;0.0022;-0.1500;0.4000;
403.45;0;0;0;0;38;CF;3E;3F;3E;3F;3F;48C;164;3B2;3.2;29.8;-45.5;14.5;5.5;76.7;0.0000;0.0046;-0.1750;0.6500;
403.70;0;0;0;0;38;CF;3F;3E;3E;3E;3F;48A;164;3B2;3.2;29.8;-45.0;14.5;5.5;76.7;0.0000;0.0052;-0.1500;0.5250;
403.95;0;0;0;0;38;CF;3E;3E;3E;3E;3F;486;164;3B2;3.2;30.5;-45.0;14.5;5.5;76.7;0.0000;0.0051;-0.1250;0.3500;
404.20;0;0;0;0;38;CF;3E;3E;3E;3E;3E;481;164;3B2;3.2;30.5;-45.5;14.5;5.5;76.7;0.0000;-0.0013;-0.2250;0.5000;
404.45;0;0;0;0;38;CF;3E;3E;3E;3E;3E;483;164;3B2;3.2;31.1;-45.5;14.5;5.5;76.7;0.0000;-0.0082;-0.2000;0.1250;
404.70;0;0;0;0;38;CF;3E;3E;3E;3E;3E;47E;164;3B2;3.2;31.1;-45.0;14.5;5.5;76.7;0.0000;-0.0145;-0.2500;101.8500;
404.95;0;0;0;0;38;CF;3E;3E;3E;3E;3E;47E;164;3B2;3.2;31.1;-45.0;14.5;5.5;76.7;0.0000;-0.0194;-0.1250;101.9500;
405.20;0;0;0;0;38;CF;3E;3D;3E;3D;3E;479;164;3B2;3.2;31.1;-45.0;14.5;5.5;76.7;0.0000;-0.0220;-0.1500;101.7250;
405.45;0;0;0;0;38;CF;3E;3D;3D;3D;3E;475;164;3B2;3.2;31.0;-45.0;14.5;5.5;76.7;0.0000;-0.0249;-0.2500;101.6000;
405.70;0;0;0;0;38;CF;3D;3D;3D;3D;3D;472;164;3B2;3.2;30.8;-45.0;14.5;5.5;76.7;0.0000;-0.0267;-0.2250;101.4000;
405.95;0;0;0;0;38;CF;3D;3D;3D;3D;3D;470;164;3B2;3.2;30.8;-45.0;14.5;5.5;76.7;0.0000;-0.0295;-0.2250;101.3750;
406.20;0;0;0;0;38;CF;3D;3D;3D;3C;3D;46A;164;3B4;3.2;30.3;-45.0;14.5;5.5;76.7;0.0000;-0.0304;-0.2750;101.3500;
406.45;0;0;0;0;38;CF;3D;3C;3D;3C;3D;462;164;3B2;3.2;29.7;-45.0;14.5;5.5;76.7;0.0000;-0.0303;-0.3250;101.3750;
406.71;0;0;0;0;38;CF;3C;3C;3C;3C;3C;45F;164;3B2;3.2;29.7;-45.0;14.5;5.5;76.7;0.0000;-0.0293;-0.3250;101.7000;
406.96;0;0;0;0;38;CF;3C;3C;3C;3C;3C;45B;164;3B2;3.2;29.4;-45.5;14.5;5.5;76.7;0.0000;-0.0228;-0.2250;101.6250;
407.21;0;0;0;0;38;CF;3C;3B;3C;3B;3C;453;164;3B2;3.2;28.6;-45.5;14.5;5.5;76.7;0.0000;-0.0206;-0.2750;102.1750;
407.46;0;0;0;0;37;CF;3B;3B;3B;3B;3C;454;164;3B2;3.2;28.6;-46.0;14.5;5.5;76.7;0.0000;-0.0184;-0.2250;101.9000;
407.71;0;0;0;0;37;CF;3B;3B;3B;3B;3B;44C;164;3B2;3.2;28.1;-46.0;14.5;5.5;76.7;0.0000;-0.0153;-0.2250;0.2500;
407.96;0;0;0;0;37;CF;3B;3B;3B;3B;3B;448;164;3B2;3.2;28.1;-46.0;14.5;5.5;76.7;0.0000;-0.0128;-0.3500;102.0500;
408.21;0;0;0;0;37;CF;3B;3B;3B;3A;3B;441;164;3B2;3.2;27.9;-46.0;14.5;5.5;76.7;0.0000;-0.0115;-0.2750;102.0750;
408.46;0;0;0;0;37;CF;3A;3A;3A;3A;3A;441;164;3B4;3.2;27.9;-46.0;14.5;5.5;76.7;0.0000;-0.0097;-0.3250;102.3250;
408.71;0;0;0;0;37;CF;3A;3A;3A;3A;3A;436;164;3B4;3.2;27.5;-46.0;14.5;5.5;76.7;0.0000;-0.0067;-0.3500;102.3750;
408.96;0;0;0;0;37;CF;3A;3A;3A;39;3A;434;164;3B2;3.2;27.5;-46.0;14.5;5.5;76.7;0.0000;-0.0038;-0.3250;0.0500;
409.21;0;0;0;0;37;CF;3A;3A;39;39;3A;42D;164;3B2;3.2;27.2;-46.0;14.5;5.5;76.7;0.0000;-0.0036;-0.3250;0.2000;
409.46;0;0;0;0;37;CF;39;39;39;39;39;42B;164;3B4;3.2;28.1;-46.5;14.5;5.5;76.7;0.0000;-0.0033;-0.3250;102.2250;
409.71;0;0;0;0;37;CF;39;39;39;39;39;423;164;3B2;3.2;28.1;-46.0;14.5;5.5;76.7;0.0000;-0.0022;-0.2750;0.1000;
409.96;0;0;0;0;37;CF;39;39;38;38;39;420;164;3B4;3.2;28.3;-46.0;14.5;5.5;76.7;0.0000;-0.0008;-0.3500;0.0500;
410.21;0;0;0;0;37;CF;38;38;38;38;39;419;164;3B2;3.2;28.4;-46.0;14.5;5.5;76.7;0.0000;-0.0004;-0.3750;0.1000;
410.46;0;0;0;0;37;CF;38;38;38;38;38;412;164;3B2;3.2;28.4;-46.5;14.5;5.5;76.7;0.0000;0.0008;-0.3250;0.1500;
410.71;0;0;0;0;37;CF;38;38;38;38;38;40F;164;3B2;3.2;29.5;-46.5;14.5;5.5;76.7;0.0000;0.0022;-0.3250;0.3500;
410.96;0;0;0;0;37;CF;37;38;37;37;38;40A;164;3B2;3.2;29.5;-46.5;14.5;5.5;76.7;0.0000;0.0022;-0.3250;0.2250;
411.21;0;0;0;0;37;CF;37;37;37;37;37;403;164;3B4;3.2;29.9;-46.5;14.5;5.5;76.7;0.0000;0.0031;-0.3250;0.1500;
411.46;0;0;0;0;37;CF;37;37;37;37;37;400;164;3B4;3.2;30.1;-46.5;14.5;5.5;76.7;0.0000;0.0046;-0.3250;0.2500;
411.72;0;0;0;0;37;CF;36;37;36;37;37;3FA;164;3B4;3.2;30.1;-46.5;14.5;5.5;76.7;0.0000;0.0056;-0.3500;0.3500;
411.97;0;0;0;0;37;CF;36;36;36;36;36;3F3;164;3B2;3.2;30.8;-46.5;14.5;5.5;76.7;0.0000;0.0057;-0.3500;0.2000;
412.22;0;0;0;0;37;CF;36;36;36;36;36;3F0;164;3B4;3.2;31.0;-46.5;14.5;5.5;76.7;0.0000;0.0064;-0.3500;0.2000;
412.47;0;0;0;0;37;CF;36;36;36;36;36;3EB;164;3B4;3.2;31.0;-46.5;14.5;5.5;76.7;0.0000;0.0061;-0.3500;0.3750;
412.72;0;0;0;0;37;CF;35;36;35;35;36;3E4;164;3B4;3.2;31.0;-44.0;14.5;5.5;76.7;0.0000;0.0041;-0.3500;0.5250;
412.97;0;0;0;0;37;CF;35;35;35;35;35;3DF;164;3B4;3.2;30.9;-43.0;14.5;5.5;76.7;0.0000;0.0031;-0.3500;0.2500;
413.22;0;0;0;0;37;CF;35;35;35;35;35;3DC;164;3B4;3.2;31.4;-37.5;14.5;5.5;76.7;0.0000;0.0029;-0.3250;0.3250;
413.47;0;0;0;0;37;CF;35;35;35;35;35;3D4;164;3B4;3.2;31.4;-36.0;14.5;5.5;76.7;0.0000;0.0029;-0.2500;0.4750;
413.72;0;0;0;0;37;CF;34;35;34;35;35;3D3;164;3B4;3.2;31.3;-30.0;14.5;5.5;76.7;0.0000;0.0025;-0.3500;0.5500;
413.97;0;0;0;0;37;CF;34;34;34;34;34;3CD;164;3B4;3.2;31.3;-24.5;14.5;5.5;76.7;0.0000;-0.0004;-0.2500;102.3750;
414.22;0;0;0;0;37;CF;34;34;34;34;34;3C9;164;3B4;3.2;31.3;-21.0;14.5;5.5;76.7;0.0000;-0.0011;-0.2750;0.4000;
414.47;0;0;0;0;37;CF;34;34;34;34;34;3C5;162;3B2;3.2;31.7;-20.5;14.5;5.5;76.7;0.0000;-0.0007;-0.2250;0.2000;
414.72;1;0;0;0;37;CF;34;34;34;34;34;3C4;162;3B4;3.2;31.7;-24.5;14.5;5.5;76.7;0.0000;0.0001;-0.2250;0.2250;
414.97;1;0;0;0;37;CF;34;33;33;33;34;364;162;3B4;3.2;31.4;5.0;14.5;5.5;76.7;0.0000;0.0009;-0.1750;0.2000;
415.22;1;0;0;0;37;CF;33;33;33;33;33;366;162;3B4;3.2;31.4;13.0;14.5;5.5;76.7;0.0000;0.0013;-0.1750;0.5000;
415.47;1;0;0;0;37;CF;33;33;33;33;33;36F;162;3B4;3.2;31.4;9.0;14.5;5.5;76.7;0.0000;0.0025;-0.1500;0.4500;
415.72;1;0;0;0;37;CF;33;33;33;33;33;461;162;3B4;3.2;31.7;-37.0;14.5;5.5;76.7;0.0471;0.0046;-0.3250;0.4750;
415.97;1;0;0;0;37;CF;32;32;32;32;33;482;162;3B4;3.2;31.7;3.5;14.5;5.5;76.7;0.1176;0.0054;-0.3250;0.6000;
416.22;0;0;0;0;37;CF;32;32;32;32;32;47A;162;3B4;3.2;31.7;19.5;14.5;5.5;76.7;0.1216;0.0052;-0.2750;0.4750;
416.47;0;0;0;0;37;CF;32;32;32;32;32;455;162;3B4;3.2;31.5;-16.0;14.5;5.5;76.7;0.0000;0.0052;-0.2250;0.5750;
416.73;0;0;0;0;37;CF;32;32;32;32;32;465;162;3B4;3.2;31.5;-42.5;14.5;5.5;76.7;0.0000;0.0033;-0.2500;0.4250;
416.98;0;0;0;0;37;CF;32;31;31;31;32;469;162;3B4;3.2;31.5;-18.5;14.5;5.5;76.7;0.0000;-0.0072;-0.3750;102.3750;
417.23;0;0;0;0;37;CF;31;31;31;31;32;461;162;3B4;3.2;31.9;-22.5;14.5;5.5;76.7;0.0000;-0.0109;-0.3500;102.3750;
417.48;0;0;0;0;37;CF;31;31;31;31;31;45B;162;3B4;3.2;31.8;-45.5;14.5;5.5;76.7;0.0000;-0.0151;-0.2750;102.2000;
417.73;0;0;0;0;37;CF;31;31;31;31;31;44F;162;3B4;3.2;31.8;-46.0;14.5;5.5;76.7;0.0000;-0.0157;-0.4000;0.0250;
417.98;0;0;0;0;37;CF;30;30;30;30;30;445;162;3B4;3.2;31.2;-46.0;14.5;5.5;76.7;0.0000;-0.0191;-0.4250;102.3250;
418.23;0;0;0;0;37;CF;30;30;30;30;30;440;162;3B4;3.2;31.6;-46.5;14.5;5.5;76.7;0.0000;-0.0191;-0.4000;0.2500;
418.48;0;0;0;0;37;CF;30;2F;30;2F;30;43D;162;3B4;3.2;31.6;-24.5;14.5;5.5;76.7;0.2000;-0.0189;-0.4750;102.1500;
418.73;0;0;0;0;37;CF;2F;2F;2F;2F;2F;441;162;3B4;3.2;31.2;21.0;14.5;5.5;76.7;0.2235;-0.0188;-0.3750;102.3000;
418.98;1;0;0;0;37;CF;2F;2F;2F;2F;2F;419;162;3B4;3.2;31.2;-19.0;14.5;5.5;76.7;0.0000;-0.0183;-0.4250;102.1250;
419.23;1;0;0;0;37;CF;2F;2F;2F;2F;2F;389;162;3B4;3.2;30.9;-13.5;14.5;5.5;76.7;0.0000;-0.0180;-0.3500;102.2250;
419.48;1;0;0;0;37;CF;2E;2E;2E;2E;2E;366;162;3B4;3.2;30.6;10.0;14.5;5.5;76.7;0.0000;-0.0172;-0.3750;102.3750;
419.73;1;0;0;0;37;CF;2E;2E;2E;2E;2E;36E;162;3B4;3.2;30.6;7.0;14.5;5.5;76.7;0.0980;-0.0172;-0.3500;102.1500;
419.98;1;0;0;0;37;CF;2E;2D;2D;2D;2E;4F6;162;3B4;3.2;30.3;23.5;14.5;5.5;76.7;0.2000;-0.0172;-0.4750;102.0750;
420.23;1;0;0;0;37;CF;2E;2D;2D;2D;2D;50E;162;3B4;3.2;29.8;83.5;14.5;5.5;76.7;0.2510;-0.0175;-0.3500;102.3500;
420.48;0;0;0;0;37;CF;2E;2D;2D;2D;2E;506;162;3B4;3.2;29.8;103.5;14.5;5.5;76.7;0.3020;-0.0175;-0.1000;102.2000;
420.73;0;0;0;0;37;CF;2E;2D;2E;2E;2E;50E;162;3B4;3.2;29.4;108.5;14.5;5.5;76.7;0.3020;-0.0178;0.0500;102.0250;
420.98;0;0;0;0;37;CF;2E;2E;2E;2E;2E;519;162;3B4;3.2;29.4;106.5;14.5;5.5;76.7;0.2863;-0.0168;0.2250;102.3750;
421.23;0;0;0;0;37;CF;2E;2E;2E;2E;2E;513;162;3B4;3.2;28.7;100.0;14.5;5.5;76.7;0.2706;-0.0145;0.1000;102.2000;
421.48;0;0;0;0;37;CF;2E;2E;2E;2E;2E;521;162;3B4;3.2;28.7;92.0;14.5;5.5;76.7;0.2667;-0.0107;0.1750;0.0250;
421.75;0;0;0;0;37;CF;2E;2E;2E;2E;2E;521;162;3B4;3.2;27.9;90.5;14.5;5.5;76.7;0.2667;-0.0070;0.0750;0.2500;
422.00;0;0;0;0;37;CF;2F;2E;2E;2E;2F;525;162;3B4;3.2;27.9;90.0;14.5;5.5;76.7;0.2667;0.0014;0.1000;0.4250;
422.25;0;0;0;0;37;CF;2F;2F;2E;2F;2F;52E;162;3B4;3.2;28.2;90.0;14.5;5.5;76.7;0.2667;0.0041;0.2250;0.5250;
422.50;0;0;0;0;37;CF;2F;2F;2F;2F;2F;52F;162;3B4;3.2;27.7;90.0;14.5;5.5;76.7;0.2667;0.0057;0.0500;0.2500;
422.75;0;0;0;0;37;CF;2F;2F;2F;2F;2F;52E;162;3B4;3.2;27.7;89.5;14.5;5.5;76.7;0.2706;0.0095;0.0500;0.1500;
423.00;0;0;0;0;37;CF;2F;2F;2F;2F;2F;52D;162;3B4;3.2;27.4;96.0;14.5;5.5;76.7;0.2824;0.0153;0.0500;0.1000;
423.25;0;0;0;0;37;CF;2F;2F;2F;2F;2F;530;162;3B4;3.2;27.7;98.5;14.5;5.5;76.7;0.2902;0.0157;0.0250;0.4500;
423.50;0;0;0;0;37;CF;2F;2F;2F;2F;2F;537;162;3B4;3.2;27.7;107.0;14.5;5.5;76.7;0.3059;0.0157;0.0000;0.3250;
423.75;0;0;0;0;37;CF;2F;2F;2F;2F;2F;532;162;3B4;3.2;27.8;112.0;14.5;5.5;76.7;0.3098;0.0153;0.0750;0.2000;
424.00;0;0;0;0;37;CF;2F;2F;2F;2F;2F;539;162;3B4;3.2;27.8;116.0;14.5;5.5;76.7;0.3059;0.0057;0.1500;102.1500;
424.25;0;0;0;0;37;CF;2F;2F;2F;2F;2F;536;162;3B4;3.2;27.5;116.5;14.5;5.5;76.7;0.3059;0.0021;0.0750;102.1500;
424.50;0;0;0;0;37;CF;30;30;2F;30;30;549;162;3B4;3.2;27.6;113.0;14.5;5.5;76.7;0.3020;0.0020;0.1750;102.3250;
424.75;0;0;0;0;37;CF;30;30;30;30;30;547;162;3B4;3.2;27.6;112.5;14.5;5.5;76.7;0.3020;0.0022;0.1500;101.9500;
425.00;0;0;0;0;37;CF;30;30;30;30;30;548;162;3B4;3.2;27.6;110.5;14.5;5.5;76.7;0.2902;0.0028;0.1500;102.2250;
425.25;0;0;0;0;37;CF;30;30;30;30;30;551;162;3B4;3.2;27.6;105.0;14.5;5.5;76.7;0.2902;0.0079;0.1000;0.0500;
425.50;0;0;0;0;37;CF;30;31;30;30;30;556;162;3B4;3.2;27.4;103.5;14.5;5.5;76.7;0.2863;0.0145;0.2000;0.1500;
425.75;0;0;0;0;37;CF;30;31;30;31;30;558;162;3B4;3.2;27.4;102.5;14.5;5.5;76.7;0.2863;0.0196;0.1250;0.1250;
426.00;0;0;0;0;37;CF;30;31;30;31;31;55F;162;3B4;3.2;27.8;102.0;14.5;5.5;76.7;0.2863;0.0264;0.1250;0.2750;
426.25;0;0;0;0;37;CF;31;31;31;31;31;563;162;3B4;3.2;27.8;102.5;14.5;5.5;76.7;0.2863;0.0298;0.1250;0.4500;
426.50;0;0;0;0;37;CF;30;31;31;31;31;56A;162;3B4;3.2;27.8;102.0;14.5;5.5;76.7;0.2863;0.0314;0.1500;0.9250;
426.76;0;0;0;0;37;CF;31;31;31;31;31;565;162;3B4;3.2;27.8;102.0;14.5;5.5;76.7;0.2863;0.0325;0.0750;0.6000;
427.01;0;0;0;0;37;CF;31;31;31;31;31;56A;162;3B4;3.2;28.4;102.5;14.5;5.5;76.7;0.2863;0.0325;0.1000;0.8500;
427.26;0;0;0;0;37;CF;31;32;31;31;31;575;162;3B4;3.2;28.4;101.0;14.5;5.5;76.7;0.2863;0.0325;0.1500;0.7500;
427.51;0;0;0;0;37;CF;31;31;31;31;31;578;162;3B4;3.2;28.4;97.5;14.5;5.5;76.7;0.2745;0.0325;0.1250;0.7250;
427.76;0;0;0;0;37;CF;32;32;31;32;32;575;162;3B4;3.2;28.4;89.0;14.5;5.5;76.7;0.2510;0.0308;0.1250;0.5750;
428.01;0;0;0;0;37;CF;31;32;31;32;32;579;162;3B4;3.2;28.5;71.0;14.5;5.5;76.7;0.2275;0.0272;0.1000;0.6750;
428.26;0;0;0;0;37;CF;31;32;31;32;32;57B;162;3B2;3.2;29.0;60.0;14.5;5.5;76.7;0.2118;0.0246;0.0250;0.4250;
428.51;0;0;0;0;37;CF;32;32;31;32;32;57F;162;3B4;3.2;29.0;46.5;14.5;5.5;76.7;0.2000;0.0204;0.0250;0.2000;
428.76;0;0;0;0;37;CF;31;32;31;32;32;57B;162;3B4;3.2;29.1;44.0;14.5;5.5;76.7;0.1961;0.0150;-0.0750;0.1500;
429.01;0;0;0;0;37;CF;31;32;31;32;32;57D;162;3B4;3.2;29.2;42.5;14.5;5.5;76.7;0.1961;0.0127;-0.0500;0.1250;
429.26;0;0;0;0;37;CF;31;32;31;31;32;579;162;3B4;3.2;29.2;42.5;14.5;5.5;76.7;0.1961;0.0097;-0.0500;0.0000;
429.51;0;0;0;0;37;CF;31;31;31;31;32;576;162;3B4;3.2;29.2;37.5;14.5;5.5;76.7;0.1804;0.0092;-0.1000;0.0250;
429.76;0;0;0;0;37;CF;31;31;31;31;32;577;162;3B4;3.2;29.6;34.0;14.5;5.5;76.7;0.1804;0.0057;-0.0750;0.0000;
430.01;0;0;0;0;37;CF;31;31;31;31;32;575;162;3B4;3.2;29.8;32.0;14.5;5.5;76.7;0.1765;-0.0038;-0.0500;102.1250;
430.26;0;0;0;0;37;CF;31;31;31;31;32;576;162;3B2;3.2;29.8;32.0;14.5;5.5;76.7;0.1765;-0.0059;-0.0250;101.9750;
430.51;0;0;0;0;37;CF;31;31;31;31;32;576;162;3B4;3.2;29.4;30.5;14.5;5.5;76.7;0.1686;-0.0099;-0.0250;101.9250;
430.76;0;0;0;0;37;CF;31;31;31;31;32;575;162;3B4;3.2;29.4;29.0;14.5;5.5;76.7;0.1725;-0.0109;0.0000;101.8750;
431.01;0;0;0;0;37;CF;31;31;31;31;32;560;162;3B4;3.2;29.1;-13.5;14.5;5.5;76.7;0.0000;-0.0099;-0.0250;101.8500;
431.26;0;0;0;0;37;CF;31;31;31;31;31;56B;162;3B2;3.2;28.8;-26.0;14.5;5.5;76.7;0.0000;-0.0086;-0.1250;102.0250;
431.51;0;0;0;0;38;CF;31;31;31;31;31;563;162;3B4;3.2;28.8;-43.0;14.5;5.5;76.7;0.0000;-0.0079;-0.2500;102.0250;
431.77;0;0;0;0;38;CF;31;31;31;30;31;55E;162;3B4;3.2;28.6;-44.0;14.5;5.5;76.7;0.0000;-0.0061;-0.3750;102.2750;
432.02;0;0;0;0;38;CF;30;30;30;30;30;552;162;3B4;3.2;28.6;-43.5;14.5;5.5;76.7;0.0000;-0.0041;-0.4000;102.1750;
432.27;0;0;0;0;38;CF;30;30;30;30;30;553;162;3B4;3.2;28.6;-44.0;14.5;5.5;76.7;0.0000;-0.0025;-0.3250;0.1000;
432.52;0;0;0;0;38;CF;30;30;30;30;30;54A;162;3B4;3.2;28.4;-18.5;14.5;5.5;76.7;0.0941;-0.0025;-0.3250;0.1250;
432.77;0;0;0;0;38;CF;30;30;30;2F;30;546;162;3B4;3.2;28.4;-7.5;14.5;5.5;76.7;0.0980;-0.0025;-0.2000;0.3500;
433.02;0;0;0;0;38;CF;30;2F;2F;30;30;53E;162;3B4;3.2;28.5;-1.5;14.5;5.5;76.7;0.0980;-0.0067;-0.1750;0.2000;
433.27;0;0;0;0;38;CF;2F;30;2F;2F;2F;53B;162;3B4;3.2;28.6;0.0;14.5;5.5;76.7;0.0980;-0.0105;-0.1250;0.0250;
433.52;0;0;0;0;38;CF;2F;2F;2F;2F;2F;53A;162;3B4;3.2;28.6;-0.5;14.5;5.5;76.7;0.0941;-0.0125;-0.1500;102.2750;
433.77;0;0;0;0;38;CF;2F;2F;2F;2F;2F;535;162;3B4;3.2;28.6;-1.5;14.5;5.5;76.7;0.0980;-0.0133;-0.1500;102.2750;
434.02;0;0;0;0;38;CF;2F;2F;2F;2F;2F;52D;162;3B2;3.2;28.6;-1.5;14.5;5.5;76.7;0.0941;-0.0140;-0.2000;102.2500;
434.27;0;0;0;0;38;CF;2F;2F;2F;2F;2F;52C;162;3B4;3.2;28.5;-1.5;14.5;5.5;76.7;0.0941;-0.0151;-0.1500;102.0250;
434.52;0;0;0;0;38;CF;2F;2F;2F;2F;2F;52B;162;3B2;3.2;28.5;-2.0;14.5;5.5;76.7;0.0902;-0.0163;-0.1250;102.2500;
434.77;0;0;0;0;38;CF;2F;2F;2F;2F;2F;52C;162;3B4;3.2;28.6;-3.0;14.5;5.5;76.7;0.0902;-0.0212;-0.1000;102.0250;
435.02;0;0;0;0;38;CF;2F;2E;2F;2E;2F;528;162;3B4;3.2;29.0;-3.5;14.5;5.5;76.7;0.0902;-0.0246;-0.1000;101.8750;
435.27;0;0;0;0;38;CF;2F;2E;2F;2E;2F;524;162;3B4;3.2;29.0;-3.5;14.5;5.5;76.7;0.0902;-0.0246;-0.1000;101.8250;
435.52;0;0;0;0;38;CF;2F;2E;2F;2E;2F;523;162;3B4;3.2;28.8;-3.0;14.5;5.5;76.7;0.0902;-0.0249;-0.0750;101.8500;
435.77;0;0;0;0;38;CF;2F;2E;2E;2E;2F;525;162;3B4;3.2;28.8;-3.5;14.5;5.5;76.7;0.0902;-0.0267;-0.1250;102.0000;
436.02;0;0;0;0;38;CF;2F;2E;2E;2E;2E;524;162;3B4;3.2;28.7;-3.5;14.5;5.5;76.7;0.0902;-0.0286;-0.0750;101.8500;
436.27;0;0;0;0;38;CF;2E;2E;2E;2E;2E;51E;162;3B4;3.2;28.5;-5.0;14.5;5.5;76.7;0.0824;-0.0303;-0.0750;101.7000;
436.52;0;0;0;0;38;CF;2E;2E;2E;2E;2E;51D;162;3B4;3.2;28.5;-16.0;14.5;5.5;76.7;0.0000;-0.0313;-0.1000;101.5750;
436.78;0;0;0;0;38;CF;2E;2E;2E;2E;2E;513;162;3B4;3.2;28.2;-39.5;14.5;5.5;76.7;0.0000;-0.0330;-0.1250;101.8000;
437.03;0;0;0;0;38;CF;2E;2D;2E;2E;2E;512;162;3B4;3.2;27.9;-43.0;14.5;5.5;76.7;0.0000;-0.0330;-0.2250;101.7500;
437.28;0;0;0;0;38;CF;2E;2D;2E;2E;2E;510;162;3B4;3.2;27.9;-15.5;14.5;5.5;76.7;0.1059;-0.0328;-0.2250;101.6250;
437.53;0;0;0;0;38;CF;2E;2D;2E;2D;2E;511;162;3B2;3.2;27.8;-4.0;14.5;5.5;76.7;0.1059;-0.0328;-0.1250;101.5500;
437.78;0;0;0;0;38;CF;2E;2D;2E;2D;2E;510;162;3B4;3.2;27.8;0.5;14.5;5.5;76.7;0.1059;-0.0328;-0.0750;101.4000;
438.03;0;0;0;0;38;CF;2E;2E;2E;2D;2E;509;162;3B2;3.2;27.5;0.5;14.5;5.5;76.7;0.0980;-0.0326;-0.0250;101.5000;
438.28;0;0;0;0;38;CF;2E;2E;2E;2D;2E;50D;162;3B4;3.2;27.5;0.0;14.5;5.5;76.7;0.0980;-0.0314;-0.0500;101.7000;
438.53;0;0;0;0;38;CF;2E;2D;2E;2D;2E;509;162;3B4;3.2;27.4;0.0;14.5;5.5;76.7;0.0980;-0.0291;-0.0500;101.7500;
438.78;0;0;0;0;38;CF;2E;2D;2E;2D;2E;506;162;3B4;3.2;27.4;0.0;14.5;5.5;76.7;0.0980;-0.0222;-0.0500;101.9000;
439.03;0;0;0;0;38;CF;2E;2D;2E;2D;2E;50C;162;3B4;3.2;27.3;0.0;14.5;5.5;76.7;0.0980;-0.0184;-0.0250;102.0000;
439.28;0;0;0;0;38;CF;2E;2D;2D;2D;2E;50B;162;3B4;3.2;27.2;-0.5;14.5;5.5;76.7;0.0980;-0.0162;-0.0250;102.0250;
439.53;0;0;0;0;38;CF;2E;2D;2D;2D;2E;509;162;3B4;3.2;27.2;-0.5;14.5;5.5;76.7;0.0980;-0.0140;-0.0250;102.1500;
439.78;0;0;0;0;38;CF;2E;2D;2D;2D;2E;50B;162;3B4;3.2;27.4;0.0;14.5;5.5;76.7;0.0980;-0.0115;0.0250;102.2750;
440.03;0;0;0;0;38;CF;2E;2D;2D;2D;2E;507;162;3B4;3.2;27.5;0.0;14.5;5.5;76.7;0.0980;-0.0109;0.0000;102.1500;
440.28;0;0;0;0;38;CF;2E;2D;2E;2D;2E;508;163;3B4;3.2;27.5;0.0;14.5;5.5;76.7;0.0980;-0.0087;-0.0250;102.3250;
440.53;0;0;0;0;38;CF;2E;2E;2D;2D;2E;50D;163;3B4;3.2;27.5;0.0;14.5;5.5;76.7;0.0980;-0.0066;0.0000;102.0750;
440.78;0;0;0;0;38;CF;2E;2D;2E;2D;2E;50A;163;3B4;3.2;27.5;0.0;14.5;5.5;76.7;0.0980;-0.0001;-0.0250;0.0250;
441.03;0;0;0;0;38;CF;2E;2E;2E;2E;2E;50C;163;3B4;3.2;27.7;0.0;14.5;5.5;76.7;0.0980;0.0007;-0.0250;0.0000;
441.28;0;0;0;0;38;CF;2D;2E;2E;2D;2E;508;163;3B4;3.2;27.9;-0.5;14.5;5.5;76.7;0.1020;0.0025;0.0000;0.0000;
441.53;0;0;0;0;38;CF;2D;2D;2D;2E;2E;50D;163;3B4;3.2;27.9;0.0;14.5;5.5;76.7;0.0980;0.0057;0.0500;0.1500;
441.80;0;0;0;0;38;CF;2D;2D;2D;2E;2E;50A;163;3B4;3.2;28.0;0.0;14.5;5.5;76.7;0.0980;0.0075;-0.0500;0.0250;
442.05;0;0;0;0;38;CF;2D;2E;2D;2E;2E;50C;163;3B4;3.2;28.0;-4.0;14.5;5.5;76.7;0.0078;0.0091;0.0000;102.1250;
442.30;0;0;0;0;38;CF;2E;2D;2D;2D;2E;50C;163;3B4;3.2;28.3;-23.5;14.5;5.5;76.7;0.0000;0.0123;-0.1250;102.3500;
442.55;0;0;0;0;38;CF;2E;2D;2D;2E;2E;508;163;3B4;3.2;28.3;-27.0;14.5;5.5;76.7;0.0980;0.0136;-0.1250;0.0000;
442.80;0;0;0;0;38;CF;2D;2D;2D;2D;2D;504;163;3B4;3.2;28.7;-3.5;14.5;5.5;76.7;0.1098;0.0157;-0.1250;0.1500;
443.05;0;0;0;0;38;CF;2D;2D;2D;2D;2D;506;163;3B4;3.2;29.0;1.0;14.5;5.5;76.7;0.1098;0.0162;-0.1250;0.1250;
443.30;0;0;0;0;38;CF;2D;2D;2D;2D;2D;502;163;3B4;3.2;29.0;-2.5;14.5;5.5;76.7;0.0000;0.0186;0.0000;0.3500;
443.55;0;0;0;0;38;CF;2D;2D;2D;2D;2D;508;163;3B4;3.2;29.3;-23.5;14.5;5.5;76.7;0.0000;0.0212;-0.0750;0.0500;
443.80;0;0;0;0;38;CF;2D;2D;2D;2D;2D;500;163;3B4;3.2;29.3;-42.0;14.5;5.5;76.7;0.0000;0.0222;-0.0500;0.1750;
444.05;0;0;0;0;38;CF;2D;2D;2D;2D;2D;505;163;3B4;3.2;29.5;-44.0;14.5;5.5;76.7;0.0000;0.0222;0.0250;0.2750;
444.30;0;0;0;0;38;CF;2D;2D;2D;2D;2D;4F0;163;3B4;3.2;29.8;-44.0;14.5;5.5;76.7;0.0000;0.0216;-0.3250;102.2750;
444.55;0;0;0;0;38;CF;2C;2D;2C;2D;2D;4F1;163;3B4;3.2;29.8;-44.0;14.5;5.5;76.7;0.0000;0.0211;-0.2500;0.4000;
444.80;0;0;0;0;38;CF;2D;2D;2C;2D;2D;4E8;163;3B4;3.2;30.3;-44.0;14.5;5.5;76.7;0.0000;0.0204;-0.2250;0.1750;
445.05;0;0;0;0;38;CF;2C;2D;2C;2C;2C;4E8;163;3B4;3.2;30.6;-44.0;14.5;5.5;76.7;0.0000;0.0201;-0.2000;0.1000;
445.30;0;0;0;0;38;CF;2C;2C;2C;2C;2C;4DF;163;3B4;3.2;30.6;-44.0;14.5;5.5;76.7;0.0000;0.0188;-0.2250;0.5250;
445.55;0;0;0;0;38;CF;2C;2C;2C;2C;2C;4DE;163;3B4;3.2;30.9;-44.0;14.5;5.5;76.7;0.0000;0.0136;-0.2250;0.2500;
445.80;0;0;0;0;38;CF;2B;2C;2C;2C;2C;4D3;163;3B4;3.2;30.9;-44.0;14.5;5.5;76.7;0.0000;-0.0041;-0.3750;102.2500;
446.05;0;0;0;0;38;CF;2B;2B;2B;2B;2C;4D1;163;3B4;3.2;31.2;-44.0;14.5;5.5;76.7;0.0000;-0.0141;-0.2750;101.9000;
446.30;0;0;0;0;38;CF;2B;2B;2B;2B;2B;4CD;163;3B4;3.2;31.2;-44.0;14.5;5.5;76.7;0.0000;-0.0202;-0.1500;101.7500;
446.55;0;0;0;0;38;CF;2C;2B;2B;2B;2B;4C9;163;3B4;3.2;31.0;-44.0;14.5;5.5;76.7;0.0000;-0.0262;-0.1250;101.5000;
446.81;0;0;0;0;38;CF;2B;2B;2B;2B;2B;4C2;163;3B4;3.2;30.4;-44.0;14.5;5.5;76.7;0.0000;-0.0367;-0.1750;101.2750;
447.06;0;0;0;0;38;CF;2B;2B;2B;2A;2B;4BE;163;3B4;3.2;30.4;-44.0;14.5;5.5;76.7;0.0000;-0.0446;-0.1500;101.1500;
447.31;0;0;0;0;38;CF;2B;2A;2B;2A;2B;4BA;163;3B4;3.2;30.3;-44.0;14.5;5.5;76.7;0.0000;-0.0483;-0.1750;101.0750;
447.56;0;0;0;0;38;CF;2B;2A;2B;2A;2B;4B7;163;3B4;3.2;30.3;-44.0;14.5;5.5;76.7;0.0000;-0.0483;-0.1500;101.2250;
447.81;0;0;0;0;38;CF;2B;2A;2B;2A;2B;4B5;163;3B4;3.2;29.5;-44.0;14.5;5.5;76.7;0.0000;-0.0480;-0.1000;101.3500;
448.06;0;0;0;0;38;CF;2B;2A;2B;2A;2A;4B3;163;3B4;3.2;28.8;-44.0;14.5;5.5;76.7;0.0000;-0.0476;-0.1500;101.3000;
448.31;0;0;0;0;38;CF;2B;2A;2B;2A;2A;4AD;163;3B4;3.2;28.8;-44.0;14.5;5.5;76.7;0.0000;-0.0470;-0.1500;101.5500;
448.56;0;0;0;0;38;CF;2A;2A;2A;2A;2A;4AB;163;3B4;3.2;28.7;-44.0;14.5;5.5;76.7;0.0000;-0.0420;-0.1750;101.5750;
448.81;0;0;0;0;38;CF;2A;2A;2A;2A;2A;4A8;163;3B4;3.2;28.0;-44.0;14.5;5.5;76.7;0.0000;-0.0354;-0.1250;101.8500;
449.06;0;0;0;0;38;CF;2A;2A;2A;2A;2A;4A4;163;3B4;3.2;28.0;-44.0;14.5;5.5;76.7;0.0000;-0.0307;-0.1750;102.1500;
449.31;0;0;0;0;38;CF;2A;2A;2A;2A;2A;4A3;163;3B4;3.2;27.5;-44.0;14.5;5.5;76.7;0.0000;-0.0255;-0.1250;102.1500;
449.56;0;0;0;0;38;CF;2A;2A;2A;2A;2A;4A4;163;3B4;3.2;27.5;-44.0;14.5;5.5;76.7;0.0000;-0.0163;-0.0500;102.3000;
449.81;0;0;0;0;38;CF;2A;2A;2A;2A;2A;4A1;163;3B4;3.2;27.6;-44.0;14.5;5.5;76.7;0.0000;-0.0122;-0.0750;0.0500;
450.06;0;0;0;0;38;CF;2A;2A;2A;2A;2A;4A3;163;3B4;3.2;27.1;-44.0;14.5;5.5;76.7;0.0000;-0.0105;-0.0500;0.0000;
450.31;0;0;0;0;38;CF;2A;2A;2A;2A;2A;4A0;163;3B4;3.2;27.1;-44.5;14.5;5.5;76.7;0.0000;-0.0087;-0.0750;0.1750;
450.56;0;0;0;0;38;CF;2A;2A;2A;2A;2A;4A6;163;3B4;3.2;27.1;-44.5;14.5;5.5;76.7;0.0000;-0.0067;0.0250;0.0500;
450.81;0;0;0;0;38;CF;2A;2A;2A;2A;2A;4A4;163;3B4;3.2;27.5;-44.0;14.5;5.5;76.7;0.0000;-0.0057;0.0000;0.0750;
451.06;0;0;0;0;38;CF;2A;2A;2A;2A;2A;4A7;163;3B4;3.2;28.3;-44.0;14.5;5.5;76.7;0.0000;-0.0041;-0.0250;0.2250;
451.31;0;0;0;0;38;CF;2A;2A;2A;2A;2A;4A6;163;3B4;3.2;28.3;-44.0;14.5;5.5;76.7;0.0000;-0.0036;-0.0250;0.1000;
451.56;0;0;0;0;38;CF;2A;2A;2A;2A;2A;4A6;163;3B4;3.2;28.3;-44.0;14.5;5.5;76.7;0.0000;-0.0021;-0.0500;0.0750;
451.83;0;0;0;0;38;CF;2A;2A;2A;2A;2A;4A8;163;3B4;3.2;29.1;-44.0;14.5;5.5;76.7;0.0000;-0.0008;0.0500;0.0500;
452.08;0;0;0;0;38;CF;2A;2A;2A;2A;2A;4AE;163;3B4;3.2;29.1;-44.0;14.5;5.5;76.7;0.0000;0.0028;0.0750;0.3250;
452.33;0;1;0;0;38;CF;2A;2A;2A;2A;2A;4AD;163;3B4;3.2;30.0;-44.0;14.5;5.5;76.7;0.0000;0.0047;0.0750;0.3750;
452.58;0;1;0;0;38;CF;2A;2A;2A;2A;2A;4A3;163;3B4;3.2;30.0;-44.0;14.5;5.5;76.7;0.0000;0.0057;-0.2000;0.4750;
452.83;0;1;0;0;38;CF;29;29;29;29;29;490;163;3B4;3.2;30.2;-44.0;14.5;5.5;76.7;0.0000;0.0057;-0.6000;0.2750;
453.08;0;1;0;0;38;CF;28;29;28;29;29;47E;163;3B4;3.2;31.6;-44.0;14.5;5.5;76.7;0.0000;0.0034;-0.4750;0.1000;
453.33;0;1;0;0;38;CF;28;28;28;28;28;465;163;3B4;3.2;31.6;-44.0;14.5;5.5;76.7;0.0000;0.0025;-0.7250;0.4250;
453.58;0;0;0;0;38;CF;28;28;28;28;28;470;163;3B4;3.2;32.5;-44.0;14.5;5.5;76.7;0.0000;-0.0145;0.2000;102.3000;
453.83;0;1;0;0;38;CF;28;28;28;28;28;468;163;3B4;3.2;32.2;-44.0;14.5;5.5;76.7;0.0000;-0.0249;-0.3250;102.0000;
454.08;0;1;0;0;38;CF;27;27;27;27;27;45B;163;3B4;3.2;32.2;-44.0;14.5;5.5;76.7;0.0000;-0.0371;-0.4500;101.4250;
454.33;0;1;0;0;38;CF;27;27;27;27;27;455;163;3B4;3.2;32.5;-44.5;14.5;5.5;76.7;0.0000;-0.0501;0.0500;101.3750;
454.58;0;0;0;0;38;CF;27;26;27;26;27;44E;163;3B4;3.2;32.5;-44.5;14.5;5.5;76.7;0.0000;-0.0882;0.2000;100.6250;
454.83;0;0;0;0;38;CF;28;27;28;27;27;456;163;3B4;3.2;32.3;-45.0;14.5;5.5;76.7;0.0000;-0.1001;0.2500;100.1000;
455.08;0;0;0;0;38;CF;28;27;28;27;27;461;163;3B4;3.2;32.3;-45.0;14.5;5.5;76.7;0.0000;-0.1114;0.2250;100.0750;
455.33;0;0;0;0;38;CF;28;27;28;27;28;467;162;3B4;3.2;30.9;-45.5;14.5;5.5;76.7;0.0000;-0.1246;0.3250;99.2750;
455.58;0;0;0;0;38;CF;29;27;29;27;28;471;162;3B4;3.2;30.9;-45.0;14.5;5.5;76.7;0.0000;-0.1360;0.2500;99.1250;
455.83;0;0;0;0;38;CF;29;27;29;27;28;475;162;3B4;3.2;30.1;-45.0;14.5;5.5;76.7;0.0000;-0.1360;0.1750;99.6500;
456.08;0;0;0;0;38;CF;29;28;29;28;28;47A;162;3B4;3.2;28.8;-45.0;14.5;5.5;76.7;0.0000;-0.1275;0.1750;99.6250;
456.33;0;0;0;0;38;CF;29;28;29;28;29;480;162;3B4;3.2;28.8;-45.0;14.5;5.5;76.7;0.0000;-0.1065;0.2500;99.7500;
456.58;0;0;0;0;38;CF;29;29;29;29;29;488;162;3B4;3.4;27.2;-45.0;14.5;5.5;76.7;0.0000;-0.0285;0.2250;101.8000;
456.84;0;0;0;0;38;CF;29;29;29;29;29;48E;162;3B6;3.4;25.8;-44.5;14.5;5.5;76.7;0.0000;0.0211;0.2500;0.1000;
457.09;0;0;0;0;38;CF;29;2A;29;2A;29;497;162;3B4;3.4;25.8;-44.5;14.5;5.5;76.7;0.0000;0.0664;0.2250;1.6000;
457.34;0;0;0;0;38;CF;29;2A;29;2A;2A;49C;162;3B4;3.8;25.2;-44.5;14.5;5.5;76.7;0.0000;0.0870;0.2500;1.9500;
457.59;0;0;0;0;38;CF;29;2B;29;2A;2A;4A2;162;3B6;3.8;25.2;-44.5;14.5;5.5;76.7;0.0000;0.0980;0.2500;3.7500;
457.84;0;0;0;0;38;CF;29;2B;29;2B;2A;4A8;162;3B6;3.8;26.2;-44.5;14.5;5.5;76.7;0.0000;0.1014;0.2250;2.4000;
458.09;0;0;0;0;38;CF;2A;2B;2A;2B;2A;4B2;162;3B6;3.8;26.9;-44.5;14.5;5.5;76.7;0.0000;0.1022;0.2500;2.1500;
458.34;0;0;0;0;38;CF;2A;2B;2A;2B;2A;4B3;162;3B6;3.8;26.9;-45.0;14.5;5.5;76.7;0.0000;0.1057;0.1750;2.3750;
458.59;0;0;0;0;38;CF;2A;2B;2A;2B;2B;4BD;162;3B6;3.8;27.9;-44.5;14.5;5.5;76.7;0.0000;0.0996;0.2500;2.6000;
458.84;0;0;0;0;38;CF;2A;2B;2A;2B;2B;4BE;162;3B4;3.8;27.9;-44.5;14.5;5.5;76.7;0.0000;0.0874;0.1250;2.1500;
459.09;0;0;0;0;38;CF;2B;2B;2B;2B;2B;4C6;162;3B6;3.8;29.6;-44.5;14.5;5.5;76.7;0.0000;0.0750;0.1500;1.5000;
459.34;0;0;0;0;38;CF;2B;2C;2B;2C;2B;4CB;162;3B6;3.8;29.6;-44.5;14.5;5.5;76.7;0.0000;0.0684;0.1750;1.3000;
459.59;0;0;0;0;38;CF;2B;2C;2B;2C;2C;4D6;162;3B6;3.8;31.1;-44.5;14.5;5.5;76.7;0.0000;0.0653;0.2500;1.5500;
459.84;0;0;0;0;38;CF;2C;2C;2B;2C;2C;4DE;162;3B6;4.0;32.4;-44.5;14.5;5.5;76.7;0.0000;0.0564;0.3500;1.2000;
460.09;0;0;0;0;38;CF;2C;2D;2C;2D;2C;4EC;162;3B6;4.0;32.4;-44.5;14.5;5.5;76.7;0.0000;0.0410;0.3750;0.7500;
460.34;0;0;0;0;38;CF;2C;2D;2C;2D;2D;4F2;162;3B6;4.1;34.5;-44.5;14.5;5.5;76.7;0.0000;0.0379;0.3750;0.8000;
460.59;0;0;0;0;38;CF;2C;2D;2D;2D;2D;4F4;162;3B6;4.1;34.5;-44.5;14.5;5.5;76.7;0.0000;0.0348;0.2250;0.7000;
460.84;0;0;0;0;38;CF;2D;2D;2D;2D;2D;4FD;162;3B6;4.1;35.6;-44.5;14.5;5.5;76.7;0.0000;0.0341;0.2250;0.6500;
461.09;0;0;0;0;38;CF;2D;2E;2D;2D;2D;500;162;3B6;4.3;36.9;-44.5;14.5;5.5;76.7;0.0000;0.0336;0.1250;0.9250;
461.34;0;0;0;0;38;CF;2D;2E;2D;2E;2D;507;162;3B6;4.3;36.9;-44.5;14.5;5.5;76.7;0.0000;0.0323;0.2000;1.1000;
461.59;0;0;0;0;38;CF;2E;2E;2D;2E;2E;511;162;3B6;4.1;37.1;-44.5;14.5;5.5;76.7;0.0000;0.0224;0.2250;0.4000;
461.85;0;0;0;0;38;CF;2E;2E;2E;2E;2E;513;162;3B6;4.3;35.2;-44.5;14.5;5.5;76.7;0.0000;0.0178;0.1750;0.3750;
462.10;0;0;0;0;38;CF;2E;2E;2E;2E;2E;518;162;3B6;4.3;35.2;-44.5;14.5;5.5;76.7;0.0000;0.0102;0.1750;0.1250;
462.35;0;0;0;0;38;CF;2E;2F;2E;2E;2E;51D;162;3B6;4.5;34.6;-44.5;14.5;5.5;76.7;0.0000;0.0051;0.2000;0.0000;
462.60;0;0;0;0;38;CF;2E;2E;2E;2E;2E;525;162;3B6;4.7;33.4;-44.5;14.5;5.5;76.7;0.0000;0.0007;0.1750;102.3750;
462.85;0;0;0;0;37;CF;2F;2E;2F;2F;2F;52D;162;3B6;4.7;33.4;-44.5;14.5;5.5;76.7;0.0000;-0.0008;0.1750;102.2750;
463.10;0;0;0;0;37;CF;2F;2F;2F;2F;2F;536;162;3B6;4.7;33.4;-44.5;14.5;5.5;76.7;0.0000;-0.0008;0.2250;102.2000;
463.35;0;0;0;0;37;CF;2F;2F;2F;2F;2F;538;162;3B6;4.9;31.5;-44.5;14.5;5.5;76.7;0.0000;-0.0020;0.2250;102.2750;
463.60;0;0;0;0;37;CF;2F;30;2F;2F;30;540;162;3B6;5.2;30.9;-44.5;14.5;5.5;76.7;0.0000;-0.0020;0.2250;102.2000;
463.85;0;0;0;0;37;CF;30;30;30;30;30;54C;162;3B6;5.2;30.9;-44.5;14.5;5.5;76.7;0.0000;-0.0014;0.3250;102.1500;
464.10;0;0;0;0;37;CF;30;30;30;30;30;553;162;3B6;5.4;30.1;-44.5;14.5;5.5;76.7;0.0000;-0.0008;0.2500;102.2000;
464.35;0;0;0;0;37;CF;30;31;30;30;30;556;162;3B6;5.4;30.1;-44.5;14.5;5.5;76.7;0.0000;0.0022;0.2750;102.3750;
464.60;0;0;0;0;37;CF;30;31;30;31;31;562;162;3B6;5.5;29.0;-44.5;14.5;5.5;76.7;0.0000;0.0029;0.2500;102.3250;
464.85;0;0;0;0;37;CF;31;31;31;31;31;565;162;3B6;5.5;28.7;-44.5;14.5;5.5;76.7;0.0000;0.0041;0.2250;102.2500;
465.10;0;0;0;0;37;CF;31;31;31;31;31;571;162;3B6;5.5;28.7;-44.0;14.5;5.5;76.7;0.0000;0.0046;0.2500;102.2250;
465.35;0;0;0;0;37;CF;31;32;31;31;32;574;162;3B6;5.5;28.5;-44.0;14.5;5.5;76.7;0.0000;0.0061;0.2500;102.3250;
465.60;0;0;0;0;37;CF;32;32;31;32;32;579;162;3B6;5.6;27.8;-44.0;14.5;5.5;76.7;0.0000;0.0061;0.1500;102.2000;
465.85;0;0;0;0;37;CF;32;32;32;32;32;584;162;3B6;5.6;27.8;-44.0;14.5;5.5;76.7;0.0000;0.0064;0.2500;0.4750;
466.10;0;0;0;0;37;CF;32;32;32;32;32;586;162;3B6;5.6;27.6;-44.0;14.5;5.5;76.7;0.0000;0.0069;0.2000;0.2000;
466.35;0;0;0;0;37;CF;32;32;32;32;32;591;162;3B6;5.6;27.6;-44.5;14.5;5.5;76.7;0.0000;0.0084;0.2250;102.1250;
466.60;0;0;0;0;37;CF;32;33;32;32;32;595;162;3B6;5.6;27.8;-44.5;14.5;5.5;76.7;0.0000;0.0086;0.1250;102.1750;
466.88;0;0;0;0;37;CF;33;33;33;33;33;59E;162;3B6;5.6;27.7;-44.0;14.5;5.5;76.7;0.0000;0.0086;0.2250;0.0000;
467.13;0;0;0;0;37;CF;33;33;33;33;33;59F;162;3B6;5.6;27.7;-44.0;14.5;5.5;76.7;0.0000;0.0086;0.1250;0.1000;
467.38;0;0;0;0;37;CF;33;33;33;33;33;5A8;162;3B6;5.6;27.7;-44.5;14.5;5.5;76.7;0.0000;0.0086;0.2000;0.0000;
467.63;0;0;0;0;37;CF;33;33;33;33;33;5AA;162;3B6;5.6;27.7;-44.0;14.5;5.5;76.7;0.0000;0.0091;0.1750;102.0250;
467.88;0;0;0;0;37;CF;33;34;33;34;33;5B0;162;3B6;5.5;28.1;-44.0;14.5;5.5;76.7;0.0000;0.0091;0.1750;102.3500;
468.13;0;0;0;0;37;CF;34;34;33;34;34;5B5;162;3B6;5.5;28.1;-44.0;14.5;5.5;76.7;0.0000;0.0087;0.2000;0.0250;
468.38;0;0;0;0;37;CF;34;34;34;34;34;5BB;162;3B6;5.4;28.4;-44.0;14.5;5.5;76.7;0.0000;0.0087;0.1750;0.0000;
468.63;0;0;0;0;37;CF;34;34;34;34;34;5C1;162;3B6;5.3;28.3;-44.0;14.5;5.5;76.7;0.0000;0.0091;0.1750;0.0000;
468.88;0;0;0;0;37;CF;34;34;34;34;34;5C5;162;3B6;5.3;28.3;-44.0;14.5;5.5;76.7;0.0000;0.0091;0.1500;0.0750;
469.13;0;0;0;0;37;CF;34;34;34;34;34;5CB;162;3B6;5.3;28.7;-44.0;14.5;5.5;76.7;0.0000;0.0091;0.1250;0.0750;
469.38;0;0;0;0;37;CF;34;35;34;34;34;5CC;162;3B6;5.3;28.7;-44.0;14.5;5.5;76.7;0.0000;0.0062;0.0500;0.0750;
469.63;0;0;0;0;37;CF;35;35;35;35;35;5CF;162;3B6;5.3;28.9;-44.0;14.5;5.5;76.7;0.0000;0.0034;0.1000;0.0000;
469.88;0;0;0;0;37;CF;35;35;35;35;35;5D0;162;3B6;5.3;28.9;-44.0;14.5;5.5;76.7;0.0000;0.0038;0.0250;102.3250;
470.13;0;0;0;0;37;CF;35;35;35;35;35;5D5;162;3B6;5.3;28.9;-44.0;14.5;5.5;76.7;0.0000;0.0033;0.1250;102.2500;
470.38;0;0;0;0;37;CF;35;35;35;35;35;5DC;162;3B6;5.3;28.9;-44.0;14.5;5.5;76.7;0.0000;0.0052;0.1500;0.1750;
470.63;0;0;0;0;37;CF;35;35;35;35;35;5DD;162;3B6;5.3;28.9;-44.0;14.5;5.5;76.7;0.0000;0.0059;0.1500;102.3500;
470.88;0;0;0;0;37;CF;35;35;35;35;35;5E2;162;3B6;5.3;28.9;-44.0;14.5;5.5;76.7;0.0000;0.0059;0.1000;102.2750;
471.13;0;0;0;0;37;CF;35;35;35;35;35;5E4;162;3B6;5.3;28.9;-44.0;14.5;5.5;76.7;0.0000;0.0062;0.1000;102.3250;
471.38;0;0;0;0;37;CF;35;36;35;35;36;5EA;162;3B6;5.3;28.9;-44.0;14.5;5.5;76.7;0.0000;0.0066;0.1250;102.3750;
471.63;0;0;0;0;37;CF;36;36;36;36;36;5ED;162;3B6;5.3;29.1;-44.0;14.5;5.5;76.7;0.0000;0.0069;0.1000;0.0000;
471.89;0;0;0;0;37;CF;36;36;36;36;36;5F2;162;3B6;5.3;29.1;-44.0;14.5;5.5;76.7;0.0000;0.0070;0.1250;0.0000;
472.14;0;0;0;0;37;CF;36;36;36;36;36;5F3;162;3B6;5.3;28.9;-44.0;14.5;5.5;76.7;0.0000;0.0074;0.1000;0.0250;
472.39;0;0;0;0;37;CF;36;36;36;36;36;5F5;162;3B6;5.3;28.9;-44.5;14.5;5.5;76.7;0.0000;0.0082;0.1000;0.0500;
472.64;0;0;0;0;37;CF;36;36;36;36;36;5FB;162;3B6;5.3;29.0;-44.0;14.5;5.5;76.7;0.0000;0.0086;0.1000;0.1500;
472.89;0;0;0;0;37;CF;36;36;36;36;36;5F8;162;3B6;5.3;29.2;-44.5;14.5;5.5;76.7;0.0000;0.0087;0.0250;0.0000;
473.14;0;0;0;0;37;CF;36;36;36;36;36;5F9;162;3B6;5.3;29.2;-44.5;14.5;5.5;76.7;0.0000;0.0092;0.0000;0.2000;
473.39;0;0;0;0;37;CF;36;36;36;36;36;5FA;162;3B6;5.3;29.2;-44.5;14.5;5.5;76.7;0.0000;0.0102;0.0500;0.1750;
473.64;0;0;0;0;37;CF;36;36;36;36;36;5FB;162;3B6;5.2;29.2;-44.5;14.5;5.5;76.7;0.0000;0.0112;-0.0250;0.0500;
473.89;0;0;0;0;37;CF;36;36;36;36;36;5F3;162;3B6;5.2;29.2;-44.0;14.5;5.5;76.7;0.0000;0.0130;-0.1250;0.6500;
474.14;0;0;0;0;37;CF;36;36;36;36;36;5F6;162;3B6;5.2;29.3;-44.5;14.5;5.5;76.7;0.0000;0.0146;-0.1500;0.2250;
474.39;0;0;0;0;37;CF;36;36;36;36;36;5F5;162;3B6;5.2;29.3;-44.5;14.5;5.5;76.7;0.0000;0.0157;-0.0250;0.5750;
474.64;0;0;0;0;37;CF;35;35;35;35;35;5E0;162;3B6;5.2;29.7;-44.0;14.5;5.5;76.7;0.0000;0.0157;-0.5250;0.3250;
474.89;0;0;0;0;37;CF;35;35;35;35;35;5D3;162;3B6;5.2;29.8;-44.0;14.5;5.5;76.7;0.0000;0.0151;-0.5750;0.3500;
475.14;0;0;0;0;37;CF;34;34;34;34;34;5C8;162;3B6;5.2;29.8;-44.0;14.5;5.5;76.7;0.0000;0.0150;-0.5500;0.3250;
475.39;0;0;0;0;37;CF;34;34;33;34;34;5B7;162;3B6;5.2;30.0;-44.0;14.5;5.5;76.7;0.0000;0.0112;-0.5500;0.4250;
475.64;0;0;0;0;37;CF;33;33;33;33;33;5A8;162;3B6;5.2;30.0;-44.0;14.5;5.5;76.7;0.0706;0.0018;-0.6000;102.1750;
475.89;0;0;0;0;37;CF;32;32;32;32;33;59C;162;3B6;5.1;30.3;15.0;14.5;5.5;76.7;0.2510;-0.0014;-0.7000;0.0000;
476.14;0;0;0;0;37;CF;32;32;32;32;32;596;162;3B6;5.1;30.3;65.0;14.5;5.5;76.7;0.2941;-0.0029;-0.5500;0.0500;
476.39;0;0;0;0;37;CF;32;32;32;32;32;589;162;3B6;5.1;30.0;106.5;14.5;5.5;76.7;0.3294;-0.0043;-0.4000;102.2750;
476.64;0;0;0;0;37;CF;32;32;32;32;32;583;162;3B6;5.0;29.5;124.5;14.5;5.5;76.7;0.3412;-0.0047;-0.3500;102.1750;
476.90;0;0;0;0;37;CF;31;31;31;31;32;581;162;3B6;5.0;29.5;150.5;14.5;5.5;76.7;0.3922;-0.0047;-0.3500;0.0000;
477.15;0;0;0;0;37;CF;32;32;31;31;32;57D;162;3B6;4.9;29.4;167.0;14.5;5.5;76.7;0.4000;-0.0041;-0.1000;102.3000;
477.40;0;0;0;0;37;CF;31;31;32;32;32;579;162;3B6;4.7;28.5;184.5;14.5;5.5;76.7;0.4118;-0.0041;0.0000;0.0000;
477.65;0;0;0;0;37;CF;32;32;32;32;32;585;162;3B6;4.7;28.5;187.0;14.5;5.5;76.7;0.4118;-0.0041;0.0750;0.0750;
477.90;0;0;0;0;37;CF;32;32;32;32;32;584;162;3B6;4.5;28.0;189.0;14.5;5.5;76.7;0.4118;-0.0038;0.1000;0.3250;
478.15;0;0;0;0;37;CF;32;32;32;32;32;58C;162;3B6;4.5;28.0;188.0;14.5;5.5;76.7;0.4118;-0.0033;0.1500;102.3250;
478.40;0;0;0;0;37;CF;32;32;32;32;32;58B;162;3B6;4.3;27.7;185.5;14.5;5.5;76.7;0.4039;-0.0033;0.1000;0.1000;
478.65;0;0;0;0;37;CF;32;32;32;32;32;594;162;3B6;4.1;26.8;183.0;14.5;5.5;76.7;0.4039;-0.0033;0.1500;0.1500;
478.90;0;0;0;0;37;CF;32;32;33;32;33;596;162;3B6;4.1;26.8;182.0;14.5;5.5;76.7;0.4000;-0.0041;0.1750;0.0500;
479.15;0;0;0;0;37;CF;33;33;33;33;33;59F;162;3B6;3.9;26.4;182.0;14.5;5.5;76.7;0.4039;-0.0088;0.1750;0.1000;
479.40;0;0;0;0;37;CF;33;33;33;33;33;5A1;162;3B6;3.7;25.8;182.0;14.5;5.5;76.7;0.4039;-0.0183;0.1500;102.0750;
479.65;0;0;0;0;37;CF;33;33;33;33;33;5A8;162;3B6;3.7;25.8;182.5;14.5;5.5;76.7;0.4039;-0.0201;0.1750;101.6750;
479.90;0;0;0;0;37;CF;33;33;33;33;33;5AF;162;3B6;3.7;25.8;182.0;14.5;5.5;76.7;0.4039;-0.0224;0.2000;101.7500;
480.15;0;0;0;0;37;CF;34;33;34;33;34;5B4;162;3B6;3.6;24.8;182.5;14.5;5.5;76.7;0.4039;-0.0285;0.1750;101.6000;
480.40;0;0;0;0;37;CF;34;34;34;34;34;5B4;162;3B6;3.4;24.3;182.5;14.5;5.5;76.7;0.4000;-0.0309;0.1750;101.4000;
480.65;0;0;0;0;37;CF;35;34;34;34;34;5BF;162;3B6;3.4;24.3;180.5;14.5;5.5;76.7;0.4039;-0.0309;0.1500;101.4000;
480.90;0;0;0;0;37;CF;34;34;34;34;34;5BF;162;3B6;3.3;24.2;181.5;14.5;5.5;76.7;0.4000;-0.0308;0.2000;101.4000;
481.15;0;0;0;0;37;CF;35;34;34;34;34;5CF;162;3B6;3.3;24.2;178.0;14.5;5.5;76.7;0.4039;-0.0308;0.2000;101.5250;
481.40;0;0;0;0;37;CF;35;34;35;34;35;5D2;162;3B6;3.2;23.5;181.5;14.5;5.5;76.7;0.4078;-0.0307;0.2250;101.7000;
481.65;0;0;0;0;37;CF;35;35;35;35;35;5D5;162;3B6;3.2;23.5;183.0;14.5;5.5;76.7;0.4078;-0.0318;0.1500;101.5750;
481.92;0;0;0;0;37;CF;35;35;35;35;35;5E0;162;3B6;3.2;23.5;181.5;14.5;5.5;76.7;0.4000;-0.0325;0.1750;101.6500;
482.17;0;0;0;0;37;CF;35;35;35;35;35;5D1;162;3B6;3.2;23.3;125.5;14.5;5.5;76.7;0.3176;-0.0318;0.1250;101.3750;
482.42;0;0;0;0;37;CF;35;35;35;35;35;5DC;162;3B6;3.2;22.8;93.5;14.5;5.5;76.7;0.2706;-0.0316;0.0250;101.5500;
482.67;0;0;0;0;37;CF;35;34;35;34;35;5D2;162;3B6;3.2;22.8;90.5;14.5;5.5;76.7;0.2706;-0.0308;-0.1500;101.6000;
482.92;0;0;0;0;37;CF;35;34;35;34;35;5CC;162;3B6;3.2;22.9;88.5;14.5;5.5;76.7;0.2706;-0.0290;-0.2250;101.6750;
483.17;0;0;0;0;37;CF;34;34;34;34;34;5C5;162;3B6;3.2;22.9;85.0;14.5;5.5;76.7;0.2667;-0.0193;-0.2750;102.0250;
483.42;0;0;0;0;37;CF;34;34;34;34;34;5BD;162;3B6;3.2;22.6;82.0;14.5;5.5;76.7;0.2588;-0.0141;-0.2750;101.9500;
483.67;0;0;0;0;37;CF;34;34;34;34;34;5B9;162;3B6;3.2;22.6;83.5;14.5;5.5;76.7;0.2627;-0.0102;-0.2750;0.2250;
483.92;0;0;0;0;37;CF;33;34;33;33;34;5AD;162;3B6;3.2;22.6;87.5;14.5;5.5;76.7;0.2706;-0.0082;-0.2500;102.3750;
484.17;0;0;0;0;37;CF;33;33;33;33;33;5A9;162;3B6;3.2;22.6;93.0;14.5;5.5;76.7;0.2863;-0.0057;-0.3750;102.3000;
484.42;0;0;0;0;37;CF;33;33;33;33;33;59D;162;3B6;3.3;23.1;100.0;14.5;5.5;76.7;0.3020;-0.0029;-0.3250;102.3750;
484.67;0;0;0;0;37;CF;33;32;33;33;33;59C;162;3B6;3.4;23.7;122.0;14.5;5.5;76.7;0.3412;-0.0003;-0.2250;0.0750;
484.92;0;0;0;0;37;CF;33;33;32;32;33;59E;162;3B6;3.4;23.7;137.0;14.5;5.5;76.7;0.3608;0.0038;-0.2000;0.2250;
485.17;0;0;0;0;38;CF;32;33;32;33;33;594;162;3B6;3.4;23.8;154.0;14.5;5.5;76.7;0.3765;0.0091;-0.1000;0.3250;
485.42;0;0;0;0;38;CF;32;32;32;32;33;596;162;3B6;3.4;24.6;164.5;14.5;5.5;76.7;0.3922;0.0097;-0.0500;0.1000;
485.67;0;0;0;0;38;CF;32;33;32;33;33;59C;162;3B6;3.4;24.6;174.0;14.5;5.5;76.7;0.4000;0.0118;0.0250;0.3250;
485.92;0;0;0;0;38;CF;33;33;33;33;33;59A;162;3B6;3.4;25.1;186.5;14.5;5.5;76.7;0.4196;0.0132;0.0500;0.4750;
486.17;0;0;0;0;38;CF;32;33;33;33;33;59F;162;3B6;3.4;25.1;198.0;14.5;5.5;76.7;0.4275;0.0138;0.0750;0.2000;
486.42;0;0;0;0;38;CF;33;33;33;33;33;5A1;162;3B6;3.4;25.1;202.5;14.5;5.5;76.7;0.4353;0.0135;0.0500;0.3750;
486.67;0;0;0;0;38;CF;33;33;33;33;33;5A6;162;3B6;3.4;25.8;206.5;14.5;5.5;76.7;0.4392;0.0122;0.1000;0.1750;
486.93;0;0;0;0;38;CF;33;33;33;33;33;5A8;162;3B6;3.4;25.8;216.0;14.5;5.5;76.7;0.4627;0.0099;0.1500;102.3250;
487.18;0;0;0;0;38;CF;34;34;33;34;34;5B6;162;3B6;3.4;26.0;230.0;14.5;5.5;76.7;0.4824;0.0067;0.2500;0.1250;
487.43;0;0;0;0;38;CF;34;34;34;34;34;5BD;162;3B6;3.4;25.9;237.0;14.5;5.5;76.7;0.4863;0.0026;0.2250;0.0500;
487.68;0;0;0;0;38;CF;34;34;34;34;34;5C6;162;3B6;3.4;25.9;242.0;14.5;5.5;76.7;0.4941;0.0018;0.3250;102.3250;
487.93;0;0;0;0;38;CF;35;35;35;35;35;5D2;162;3B6;3.4;25.8;245.0;14.5;5.5;76.7;0.4980;0.0025;0.3500;102.3250;
488.18;0;0;0;0;38;CF;35;35;35;35;35;5DB;162;3B6;3.4;25.8;250.0;14.5;5.5;76.7;0.5020;0.0026;0.3750;102.1750;
488.43;0;0;0;0;38;CF;35;35;35;35;35;5E8;162;3B6;3.3;25.5;250.0;14.5;5.5;76.7;0.5098;0.0046;0.3750;0.0000;
488.68;0;0;0;0;38;CF;36;36;36;36;36;5F9;162;3B6;3.3;25.5;254.0;14.5;5.5;76.7;0.5176;0.0061;0.5000;102.3000;
488.93;0;0;0;0;38;CF;36;36;36;36;36;5FE;162;3B6;3.2;24.9;254.0;14.5;5.5;76.7;0.5176;0.0120;0.4250;0.0750;
489.18;0;0;0;0;38;CF;36;37;37;37;37;60F;162;3B6;3.2;24.9;255.5;14.5;5.5;76.7;0.5216;0.0222;0.5000;0.1500;
489.43;0;0;0;0;38;CF;37;37;37;37;37;61D;162;3B6;3.2;25.0;256.5;14.5;5.5;76.7;0.5255;0.0288;0.4250;0.7750;
489.68;0;0;0;0;39;CF;37;38;38;38;38;628;162;3B6;3.2;24.8;260.5;14.5;5.5;76.7;0.5333;0.0344;0.4750;0.8500;
489.93;0;0;0;0;39;CF;38;38;38;38;38;634;162;3B6;3.2;24.8;260.5;14.5;5.5;76.7;0.5373;0.0367;0.4750;1.1750;
490.18;0;0;0;0;39;CF;38;39;38;39;39;643;162;3B6;3.2;24.7;264.5;14.5;5.5;76.7;0.5490;0.0463;0.5250;1.4250;
490.43;0;0;0;0;39;CF;39;3A;39;39;39;652;162;3B6;3.2;25.3;265.5;14.5;5.5;76.7;0.5490;0.0464;0.4750;1.7000;
490.68;0;0;0;0;39;CF;39;3A;39;3A;3A;665;162;3B6;3.2;25.3;266.0;14.5;5.5;76.7;0.5490;0.0466;0.4750;1.5250;
490.93;0;0;0;0;39;CF;3A;3A;3A;3A;3A;66D;162;3B6;3.2;25.6;266.5;14.5;5.5;76.7;0.5490;0.0468;0.5250;1.6000;
491.18;0;0;0;0;39;CF;3A;3B;3A;3B;3B;681;162;3B6;3.2;25.6;266.0;14.5;5.5;76.7;0.5529;0.0483;0.5000;1.6750;
491.43;0;0;0;0;39;CF;3B;3C;3B;3C;3B;689;162;3B6;3.2;25.9;266.0;14.5;5.5;76.7;0.5529;0.0486;0.5500;1.4000;
491.68;0;0;0;0;39;CF;3B;3C;3B;3C;3C;69B;162;3B6;3.2;26.7;264.5;14.5;5.5;76.7;0.5490;0.0494;0.5250;1.9500;
491.94;0;0;0;0;39;CF;3C;3D;3C;3D;3C;6A8;162;3B6;3.2;26.7;264.5;14.4;5.5;76.7;0.5490;0.0519;0.5000;1.9500;
492.19;0;0;0;0;39;CF;3C;3D;3C;3D;3D;6B9;162;3B6;3.2;27.5;264.0;14.4;5.5;76.7;0.5490;0.0543;0.5000;2.0000;
492.44;0;0;0;0;39;CF;3D;3E;3D;3E;3D;6C4;162;3B6;3.2;27.5;263.5;14.4;5.5;76.7;0.5490;0.0543;0.5250;1.9750;
492.69;0;0;0;0;39;CF;3D;3E;3D;3E;3E;6D1;162;3B6;3.2;28.2;262.0;14.4;5.5;76.7;0.5451;0.0543;0.5000;1.9250;
492.94;0;0;0;0;39;CF;3E;3F;3E;3F;3E;6E0;162;3B6;3.2;28.2;261.5;14.4;5.5;76.7;0.5451;0.0541;0.5000;2.1000;
493.19;0;0;0;0;39;CF;3E;3F;3E;3F;3F;6EB;162;3B6;3.2;29.4;261.0;14.4;5.5;76.7;0.5412;0.0496;0.5500;2.0750;
493.44;0;0;0;0;39;CF;3F;40;3F;40;3F;6F9;162;3B6;3.2;30.2;258.0;14.4;5.5;76.7;0.5373;0.0486;0.5500;1.8750;
493.69;0;0;0;0;39;CF;3F;40;3F;40;40;70E;162;3B6;3.2;30.2;252.5;14.4;5.5;76.7;0.5137;0.0488;0.5250;2.0500;
493.94;0;0;0;0;39;CF;3F;40;3F;40;40;6D6;162;3B6;3.2;30.8;45.5;14.4;5.5;76.7;0.0000;0.0496;0.3500;2.0750;
494.19;1;0;0;0;3A;CF;3F;40;3F;40;40;5F0;162;3B6;3.2;30.8;-34.5;14.4;5.5;76.7;0.0000;0.0494;-0.2000;2.0500;
494.44;1;0;0;0;3A;CF;3E;3F;3E;3F;3F;4F6;162;3B6;3.2;31.6;-37.0;14.4;5.5;76.7;0.0902;0.0493;-0.5250;2.0500;
494.69;0;0;0;0;3A;CF;3E;3F;3E;3F;3F;591;162;3B6;3.2;32.9;172.5;14.4;5.5;76.7;0.3961;0.0493;-0.5500;1.9750;
494.94;0;0;0;0;3A;CF;3E;3F;3E;3F;3F;588;162;3B6;3.2;32.9;178.0;14.4;5.5;76.7;0.3961;0.0483;-0.1000;1.6500;
495.19;0;0;0;0;3A;CF;3E;3F;3E;3F;3F;58D;162;3B6;3.2;33.2;170.0;14.4;5.5;76.7;0.3765;0.0496;-0.0250;2.1500;
495.44;0;0;0;0;3A;CF;3E;3F;3E;3F;3F;58B;162;3B6;3.2;33.4;163.0;14.5;5.5;76.7;0.3686;0.0504;0.0250;2.3500;
495.69;0;0;0;0;3A;CF;3E;3F;3E;3F;3F;596;162;3B6;3.2;33.4;150.0;14.5;5.5;76.7;0.3529;0.0511;0.1500;1.9500;
495.94;0;0;0;0;3A;CF;3F;3F;3F;40;3F;593;162;3B6;3.2;34.4;145.5;14.5;5.5;76.7;0.3490;0.0522;0.0500;2.2500;
496.19;0;0;0;0;3A;CF;3F;3F;3F;40;3F;59A;162;3B6;3.2;34.4;139.0;14.5;5.5;76.7;0.3373;0.0528;0.1000;2.1500;
496.44;0;0;0;0;3A;CF;3F;40;3F;40;40;598;162;3B6;3.2;34.7;132.5;14.5;5.5;76.7;0.3255;0.0514;0.1500;2.2500;
496.69;0;0;0;0;3A;CF;3F;40;3F;40;40;5A4;162;3B6;3.2;34.7;126.5;14.5;5.5;76.7;0.3176;0.0512;0.2000;2.1250;
496.95;0;0;0;0;3A;CF;3F;40;3F;40;40;582;162;3B6;3.2;35.2;9.5;14.5;5.5;76.7;0.0000;0.0506;0.0250;2.1500;
497.20;1;0;0;0;3A;CF;3F;40;3F;40;40;4CB;162;3B6;3.2;35.9;-33.5;14.5;5.5;76.7;0.0000;0.0499;-0.0750;2.6000;
497.45;1;0;0;0;3B;CF;3F;40;3F;40;3F;3FA;162;3B6;3.2;35.9;-34.5;14.4;5.5;76.7;0.0000;0.0493;-0.1750;1.8750;
497.70;1;0;0;0;3B;CF;3E;3F;3E;3F;3F;419;162;3B6;3.2;36.3;-37.0;14.4;5.5;76.7;0.0000;0.0486;-0.1500;1.8250;
497.95;0;0;0;0;3B;CF;3E;3F;3E;3F;3F;48E;162;3B6;3.2;36.3;-32.5;14.5;5.5;76.7;0.0000;0.0486;-0.2500;1.8750;
498.20;0;0;0;0;3B;CF;3E;3F;3E;3F;3F;48B;162;3B6;3.2;36.9;-37.0;14.5;5.5;76.7;0.0000;0.0476;-0.3250;1.7500;
498.45;0;0;0;0;3B;CF;3E;3F;3E;3F;3E;485;162;3B6;3.2;37.5;-38.0;14.5;5.5;76.7;0.0000;0.0459;-0.2500;1.7750;
498.70;0;0;0;0;3B;CF;3E;3F;3E;3E;3E;485;162;3B6;3.2;37.5;-38.0;14.5;5.5;76.7;0.0000;0.0446;-0.2000;1.5000;
498.95;0;0;0;0;3B;CF;3E;3E;3D;3E;3E;482;162;3B6;3.2;37.0;-38.0;14.5;5.5;76.7;0.0000;0.0503;-0.2000;1.8250;
499.20;0;0;0;0;3B;CF;3D;3E;3D;3E;3E;480;162;3B6;3.2;37.2;-38.0;14.5;5.5;76.7;0.0000;0.0501;-0.2000;2.1000;
499.45;0;0;0;0;3B;CF;3D;3E;3D;3E;3E;47D;162;3B6;3.2;37.2;-37.5;14.5;5.5;76.7;0.0000;0.0512;-0.2000;2.0000;
499.70;0;0;0;0;3B;CF;3D;3E;3D;3E;3E;47A;162;3B6;3.2;38.7;-37.5;14.5;5.5;76.7;0.0000;0.0552;-0.1250;2.3000;
499.95;0;0;0;0;3B;CF;3D;3E;3D;3E;3E;47A;162;3B6;3.2;38.7;-37.5;14.5;5.5;76.7;0.0000;0.0552;-0.1250;2.2000;
500.20;0;0;0;0;3B;CF;3D;3E;3D;3E;3E;47C;162;3B6;3.2;38.5;-37.5;14.5;5.5;76.7;0.0000;0.0552;-0.0250;2.3500;
500.45;0;0;0;0;3B;CF;3D;3E;3D;3E;3E;47A;162;3B6;3.2;38.8;-37.5;14.5;5.5;76.7;0.0000;0.0551;-0.0250;2.6250;
500.70;0;0;0;0;3B;CF;3D;3E;3D;3E;3E;479;162;3B6;3.2;38.8;-37.5;14.5;5.5;76.7;0.0000;0.0543;-0.0500;2.3000;
500.95;0;0;0;0;3B;CF;3D;3E;3D;3E;3E;47A;162;3B6;3.2;38.8;-37.5;14.5;5.5;76.7;0.0000;0.0445;0.0500;2.2500;
501.20;0;0;0;0;3B;CF;3E;3E;3D;3E;3E;481;162;3B6;3.2;39.6;-37.5;14.5;5.5;76.7;0.0000;0.0346;0.1500;1.3750;
501.45;0;0;0;0;3B;CF;3E;3E;3E;3E;3E;482;162;3B6;3.2;39.5;-37.5;14.5;5.5;76.7;0.0000;0.0290;0.1000;1.0000;
501.70;0;0;0;0;3B;CF;3E;3E;3E;3E;3E;483;162;3B6;3.2;39.5;-37.5;14.5;5.5;76.7;0.0000;0.0246;0.1500;1.0500;
501.97;0;0;0;0;3B;CF;3E;3F;3E;3E;3F;485;162;3B6;3.2;39.0;-37.5;14.5;5.5;76.7;0.0000;0.0145;0.1750;0.4750;
502.22;0;0;0;0;3B;CF;3F;3E;3E;3E;3F;48C;162;3B6;3.2;38.4;-37.5;14.5;5.5;76.7;0.0000;0.0028;0.2000;0.0750;
502.47;0;0;0;0;3B;CF;3F;3F;3E;3F;3F;48E;162;3B6;3.2;38.4;-37.5;14.5;5.5;76.7;0.0000;-0.0007;0.2250;102.3000;
502.72;0;0;0;0;3C;CF;3F;3F;3F;3F;3F;493;162;3B6;3.3;37.5;-37.5;14.5;5.5;76.7;0.0000;-0.0038;0.2000;0.1500;
502.97;0;0;0;0;3C;CF;3F;3F;3F;3F;3F;494;162;3B6;3.3;37.5;-37.5;14.5;5.5;76.7;0.0000;-0.0154;0.1500;101.8000;
503.22;0;0;0;0;3C;CF;3F;3F;3F;3F;3F;49B;162;3B6;3.4;36.3;-37.5;14.5;5.5;76.7;0.0000;-0.0206;0.1500;101.6250;
503.47;0;0;0;0;3C;CF;40;40;40;3F;40;49F;162;3B6;3.5;35.4;-37.5;14.5;5.5;76.7;0.0000;-0.0247;0.2250;101.3000;
503.72;0;0;0;0;3C;CF;40;3F;40;40;40;4A3;162;3B6;3.5;35.4;-37.5;14.5;5.5;76.7;0.0000;-0.0291;0.2000;101.2000;
503.97;0;0;0;0;3C;CF;40;40;40;40;40;4A3;162;3B6;3.6;33.4;-37.5;14.5;5.5;76.7;0.0000;-0.0307;0.1500;101.5750;
504.22;0;0;0;0;3C;CF;40;40;40;40;40;4A7;162;3B6;3.6;31.7;-37.5;14.5;5.5;76.7;0.0000;-0.0338;0.1750;101.4000;
504.47;0;0;0;0;3C;CF;41;40;40;40;40;4A7;162;3B6;3.6;31.7;-37.5;14.5;5.5;76.7;0.0000;-0.0409;0.0500;100.4000;
504.72;0;0;0;0;3C;CF;41;40;41;40;40;4AC;162;3B6;3.6;30.4;-37.5;14.5;5.5;76.7;0.0000;-0.0427;0.0750;100.6500;
504.97;0;0;0;0;3C;CF;41;40;41;40;40;4AD;162;3B6;3.6;30.4;-37.5;14.5;5.5;76.7;0.0000;-0.0427;0.0500;100.4250;
505.22;0;0;0;0;3C;CF;41;40;41;40;41;4AF;162;3B6;3.6;28.1;-37.5;14.5;5.5;76.7;0.0000;-0.0437;0.0750;100.6500;
505.47;0;0;0;0;3C;CF;41;40;41;40;41;4B1;162;3B6;3.6;28.1;-37.5;14.5;5.5;76.7;0.0000;-0.0437;0.1000;100.4000;
505.72;0;0;0;0;3C;CF;41;41;41;41;41;4B7;162;3B6;3.7;26.3;-37.5;14.5;5.5;76.7;0.0000;-0.0437;0.2000;100.4000;
505.97;0;0;0;0;3C;CF;41;41;41;41;41;4B8;162;3B6;3.7;26.3;-37.5;14.5;5.5;76.7;0.0000;-0.0420;0.1750;100.3500;
506.22;0;0;0;0;3C;CF;42;41;41;41;41;4BC;162;3B6;3.7;25.5;-37.5;14.5;5.5;76.7;0.0000;-0.0391;0.1750;101.0500;
506.47;0;0;0;0;3C;CF;42;41;42;41;42;4BF;162;3B6;3.7;24.5;-37.5;14.5;5.5;76.7;0.0000;-0.0371;0.1500;100.1500;
506.72;0;0;0;0;3C;CF;42;41;42;41;42;4C7;162;3B6;3.7;24.5;-37.5;14.5;5.5;76.7;0.0000;-0.0378;0.2500;100.7000;
506.98;0;0;0;0;3C;CF;42;41;42;42;42;4CC;162;3B6;3.7;23.7;-37.5;14.5;5.5;76.7;0.0000;-0.0433;0.2500;100.2500;
507.23;0;0;0;0;3C;CF;43;42;42;42;42;4D0;162;3B6;3.5;23.4;-37.5;14.5;5.5;76.7;0.0000;-0.0428;0.2000;100.6250;
507.48;0;0;0;0;3C;CF;43;42;43;42;43;4D9;162;3B6;3.5;23.4;-38.0;14.5;5.5;76.7;0.0000;-0.0382;0.2750;100.9500;
507.73;0;0;0;0;3C;CF;43;42;43;42;43;4DC;162;3B6;3.4;22.9;-38.0;14.5;5.5;76.7;0.0000;-0.0371;0.2750;100.6500;
507.98;0;0;0;0;3C;CF;43;42;43;43;43;4E2;162;3B6;3.4;22.9;-38.0;14.5;5.5;76.7;0.0000;-0.0445;0.2750;100.4500;
508.23;0;0;0;0;3C;CF;44;43;44;43;44;4E7;162;3B6;3.4;22.7;-38.0;14.5;5.5;76.7;0.0000;-0.0448;0.3500;100.2250;
508.48;0;0;0;0;3C;CF;44;43;44;43;44;4EE;162;3B6;3.4;22.7;-38.5;14.5;5.5;76.7;0.0000;-0.0471;0.3250;100.0250;
508.73;0;0;0;0;3C;CF;44;43;44;44;44;4F1;162;3B6;3.4;22.7;-38.5;14.5;5.5;76.7;0.0000;-0.0480;0.2750;99.9250;
508.98;0;0;0;0;3C;CF;45;44;45;44;44;4F5;162;3B6;3.3;22.0;-38.5;14.5;5.5;76.7;0.0000;-0.0481;0.3250;100.0750;
509.23;0;0;0;0;3C;CF;45;44;45;44;45;4FA;162;3B6;3.3;22.0;-38.5;14.5;5.5;76.7;0.0000;-0.0476;0.2250;100.1250;
509.48;0;0;0;0;3C;CF;45;45;45;44;45;502;162;3B6;3.3;22.2;-38.5;14.5;5.5;76.7;0.0000;-0.0437;0.3250;100.0000;
509.73;0;0;0;0;3C;CF;46;45;45;45;45;507;162;3B6;3.3;22.2;-38.5;14.5;5.5;76.7;0.0000;-0.0430;0.3500;100.3500;
509.98;0;0;0;0;3C;CF;46;45;45;45;46;50D;162;3B6;3.3;22.1;-38.5;14.5;5.5;76.7;0.0000;-0.0418;0.3250;100.4250;
510.23;0;0;0;0;3C;CF;46;45;46;45;46;510;162;3B6;3.4;21.8;-38.5;14.5;5.5;76.7;0.0000;-0.0422;0.2250;100.3250;
510.48;0;0;0;0;3C;CF;47;46;46;46;46;515;164;3B6;3.4;21.8;-38.5;14.5;5.5;76.7;0.0000;-0.0437;0.2500;99.6500;
510.73;0;0;0;0;3C;CF;47;46;46;46;46;51A;164;3B6;3.4;22.0;-38.5;14.5;5.5;76.7;0.0000;-0.0481;0.2250;100.3000;
510.98;0;0;0;0;3C;CF;47;46;47;46;47;51E;164;3B6;3.4;22.0;-38.5;14.5;5.5;76.7;0.0000;-0.0407;0.2750;100.1250;
511.23;0;0;0;0;3C;CF;47;46;47;46;47;522;164;3B6;3.3;21.3;-38.5;14.5;5.5;76.7;0.0000;-0.0443;0.2500;100.4000;
511.48;0;0;0;0;3C;CF;48;47;47;47;47;52A;164;3B6;3.3;21.2;-38.5;14.5;5.5;76.7;0.0000;-0.0435;0.3250;100.0000;
511.73;0;0;0;0;3C;CF;48;47;48;47;48;531;164;3B6;3.3;21.2;-38.5;14.5;5.5;76.7;0.0000;-0.0437;0.3500;99.8000;
511.99;0;0;0;0;3C;CF;48;47;48;47;48;536;164;3B6;3.5;21.1;-38.5;14.5;5.5;76.7;0.0000;-0.0437;0.2500;100.1500;
512.24;0;0;0;0;3C;CF;49;48;48;48;48;53D;164;3B6;3.5;20.7;-38.5;14.5;5.5;76.7;0.0000;-0.0438;0.3500;100.3250;
512.49;0;0;0;0;3C;CF;49;48;49;48;49;544;164;3B6;3.5;20.7;-38.5;14.5;5.5;76.7;0.0000;-0.0438;0.3250;99.8000;
512.74;0;0;0;0;3C;CF;49;48;49;48;49;548;164;3B6;3.5;20.5;-38.5;14.5;5.5;76.7;0.0000;-0.0438;0.2500;100.2500;
512.99;0;0;0;0;3C;CF;4A;49;49;49;49;551;164;3B6;3.5;20.5;-38.5;14.5;5.5;76.7;0.0000;-0.0433;0.4000;100.0500;
513.24;0;0;0;0;3C;CF;4A;49;4A;49;49;550;164;3B6;3.6;20.8;-38.5;14.5;5.5;76.7;0.0000;-0.0430;0.2750;100.2250;
513.49;0;0;0;0;3C;CF;4A;49;4A;49;4A;55B;164;3B6;3.6;20.8;-38.5;14.5;5.5;76.7;0.0000;-0.0430;0.3250;100.3500;
513.74;0;0;0;0;3C;CF;4A;49;4A;4A;4A;55A;164;3B6;3.7;20.6;-38.5;14.5;5.5;76.7;0.0000;-0.0432;0.2000;100.6000;
513.99;0;0;0;0;3C;CF;4B;4A;4B;4A;4A;563;164;3B6;3.7;20.6;-38.5;14.5;5.5;76.7;0.0000;-0.0399;0.2250;99.9000;
514.24;0;0;0;0;3C;CF;4B;4A;4B;4A;4B;569;164;3B6;3.7;20.6;-38.5;14.5;5.5;76.7;0.0000;-0.0367;0.2250;100.7500;
514.49;0;0;0;0;3C;CF;4B;4A;4B;4A;4B;565;164;3B6;3.7;20.6;-38.5;14.5;5.5;76.7;0.0000;-0.0352;0.1500;100.3750;
514.74;0;0;0;0;3C;CF;4B;4B;4B;4B;4B;570;164;3B6;3.7;20.6;-38.5;14.5;5.5;76.7;0.0000;-0.0307;0.2750;101.1750;
514.99;0;0;0;0;3C;CF;4B;4B;4B;4B;4B;571;164;3B6;3.8;20.4;-38.5;14.5;5.5;76.7;0.0000;-0.0194;0.1750;101.5500;
515.24;0;0;0;0;3C;CF;4B;4B;4B;4B;4B;575;164;3B6;3.9;21.2;-38.5;14.5;5.5;76.7;0.0000;-0.0146;0.1750;101.5750;
515.49;0;0;0;0;3C;CF;4C;4C;4C;4B;4C;57E;164;3B6;3.9;21.2;-38.5;14.5;5.5;76.7;0.0000;-0.0120;0.2500;102.1250;
515.74;0;0;0;0;3C;CF;4C;4C;4C;4C;4C;581;164;3B6;4.1;21.7;-38.5;14.5;5.5;76.7;0.0000;-0.0099;0.2750;0.0500;
515.99;0;0;0;0;3C;CF;4C;4D;4C;4C;4C;589;164;3B6;4.1;21.7;-38.5;14.5;5.5;76.7;0.0000;-0.0041;0.2500;102.2250;
516.24;0;0;0;0;3C;CF;4D;4D;4C;4C;4D;58F;164;3B6;4.1;22.4;-38.5;14.5;5.5;76.7;0.0000;-0.0033;0.2500;102.1750;
516.49;0;0;0;0;3C;CF;4D;4D;4D;4D;4D;592;164;3B6;4.3;23.4;-38.5;14.5;5.5;76.7;0.0000;-0.0025;0.2250;102.2750;
516.74;0;0;0;0;3C;CF;4D;4E;4D;4D;4D;597;164;3B6;4.3;23.4;-39.0;14.5;5.5;76.7;0.0000;0.0025;0.2750;0.4250;
517.01;0;0;0;0;3C;CF;4D;4D;4D;4D;4D;59E;164;3B6;4.4;24.1;-39.0;14.5;5.5;76.7;0.0000;0.0080;0.2750;0.8500;
517.26;0;0;0;0;3C;CF;4D;4E;4D;4E;4E;59F;164;3B6;4.5;25.1;-39.0;14.5;5.5;76.7;0.0000;0.0110;0.2500;0.2750;
517.51;0;0;0;0;3C;CF;4E;4E;4E;4E;4E;5A8;164;3B6;4.5;25.1;-39.0;14.5;5.5;76.7;0.0000;0.0123;0.2750;1.0250;
517.76;0;0;0;0;3C;CF;4E;4E;4E;4E;4E;5AA;164;3B8;4.5;25.1;-39.0;14.5;5.5;76.7;0.0000;0.0135;0.2500;0.2000;
518.01;0;0;0;0;3C;CF;4E;4F;4E;4E;4F;5B2;164;3B8;4.5;26.3;-39.0;14.5;5.5;76.7;0.0000;0.0168;0.2500;0.5250;
518.26;0;0;0;0;3C;CF;4F;4F;4F;4F;4F;5B6;164;3B8;4.6;27.5;-39.0;14.5;5.5;76.7;0.0000;0.0171;0.3750;0.4000;
518.51;0;0;0;0;3C;CF;4F;4F;4F;4F;4F;5BE;164;3B8;4.6;27.5;-38.5;14.5;5.5;76.7;0.0000;0.0171;0.3250;1.2250;
518.76;0;0;0;0;3C;CF;4F;50;4F;4F;50;5C3;164;3B8;4.6;28.6;-39.0;14.5;5.5;76.7;0.0000;0.0148;0.3250;0.8500;
519.01;0;0;0;0;3C;CF;50;50;4F;50;50;5CB;164;3B8;4.6;29.8;-39.0;14.5;5.5;76.7;0.0000;0.0143;0.3750;0.7250;
519.26;0;0;0;0;3C;CF;50;50;50;50;50;5D0;164;3B8;4.6;29.8;-39.0;14.5;5.5;76.7;0.0000;0.0140;0.4250;0.6500;
519.51;0;0;0;0;3C;CF;50;51;50;51;51;5DA;164;3B8;4.6;30.3;-39.0;14.5;5.5;76.7;0.0000;0.0123;0.3750;0.2750;
519.76;0;0;0;0;3C;CF;51;51;51;51;51;5E4;164;3B8;4.6;30.3;-39.0;14.5;5.5;76.7;0.0000;0.0038;0.4750;0.2250;
520.01;0;0;0;0;3C;CF;51;52;51;51;52;5E7;164;3B8;4.5;30.8;-39.0;14.5;5.5;76.7;0.0000;0.0029;0.3750;0.0750;
520.26;0;0;0;0;3C;CF;52;52;51;52;52;5ED;164;3B8;4.4;31.2;-39.0;14.5;5.5;76.7;0.0000;0.0028;0.3750;0.0000;
520.51;0;0;0;0;3C;CF;52;52;52;52;52;5F5;164;3B8;4.4;31.2;-39.0;14.5;5.5;76.7;0.0000;0.0020;0.4000;0.0750;
520.76;0;0;0;0;3C;CF;52;53;52;52;53;5F8;164;3B8;4.4;30.9;-39.0;14.5;5.5;76.7;0.0000;-0.0008;0.3750;102.3500;
521.01;0;0;0;0;3C;CF;53;53;53;53;53;600;164;3B8;4.4;31.0;-39.0;14.5;5.5;76.7;0.0000;-0.0018;0.3500;102.2250;
521.26;0;0;0;0;3C;CF;53;53;53;53;53;606;164;3B8;4.4;31.0;-39.0;14.5;5.5;76.7;0.0000;-0.0025;0.3500;102.0750;
521.51;0;1;0;0;3C;CF;53;53;53;53;53;60C;164;3B8;4.4;30.9;-39.0;14.5;5.5;76.7;0.0000;-0.0041;0.3500;101.9750;
521.76;0;1;0;0;3C;CF;53;54;53;53;54;610;164;3B8;4.4;30.9;-39.5;14.5;5.5;76.7;0.0000;-0.0043;0.1250;101.9250;
522.02;0;1;0;0;3C;CF;53;53;53;53;54;60C;164;3B8;4.4;30.2;-39.0;14.5;5.5;76.7;0.0000;-0.0041;0.0250;102.0500;
522.27;0;1;0;0;3C;CF;53;53;53;53;53;606;164;3B8;4.4;30.2;-39.0;14.5;5.5;76.7;0.0000;-0.0041;-0.1750;102.1750;
522.52;0;1;0;0;3C;CF;53;53;53;53;53;604;164;3B8;4.5;30.1;-39.0;14.5;5.5;76.7;0.0000;-0.0029;-0.0750;102.0750;
522.77;0;1;0;0;3C;CF;52;52;52;52;53;5F9;164;3B8;4.5;30.1;-39.0;14.5;5.5;76.7;0.0000;0.0018;-0.3250;102.2750;
523.02;0;1;0;0;3C;CF;52;52;52;52;53;5F9;164;3B8;4.6;30.1;-39.0;14.5;5.5;76.7;0.0000;0.0054;-0.2000;102.3750;
523.27;0;1;0;0;3C;CF;52;52;52;52;53;5FA;164;3B8;4.7;29.6;-39.0;14.5;5.5;76.7;0.0000;0.0080;0.6500;0.1250;
523.52;0;1;0;0;3C;CF;52;53;52;52;53;5FC;164;3B8;4.7;29.6;-39.0;14.5;5.5;76.7;0.0000;0.0095;0.1750;0.2250;
523.77;0;1;0;0;3C;CF;52;52;52;52;53;5F7;164;3B8;4.8;29.5;-39.0;14.5;5.5;76.7;0.0000;0.0194;0.0500;0.6750;
524.02;0;1;0;0;3C;CF;52;52;52;52;52;5F8;164;3B8;4.8;30.1;-39.0;14.5;5.5;76.7;0.0000;0.0247;-0.2750;1.3750;
524.27;0;1;0;0;3C;CF;52;52;52;52;52;5F2;164;3B8;4.8;30.1;-39.0;14.5;5.5;76.7;0.0000;0.0264;-0.3750;1.5250;
524.52;0;0;0;0;3C;CF;52;53;52;52;52;5F9;164;3B8;4.7;31.0;-39.0;14.5;5.5;76.7;0.0000;0.0264;0.1750;1.6000;
524.77;0;0;0;0;3C;CF;52;53;52;53;53;5FE;164;3B8;4.7;31.0;-39.0;14.5;5.5;76.7;0.0000;0.0282;0.1500;1.5500;
525.02;0;0;0;0;3B;CF;52;53;52;53;53;5FF;164;3B8;4.5;32.1;-39.0;14.5;5.5;76.7;0.0000;0.0293;0.1250;1.6250;
525.27;0;0;0;0;3B;CF;53;54;53;53;53;608;164;3B8;4.4;32.8;-39.0;14.5;5.5;76.7;0.0000;0.0321;0.2250;2.1500;
525.52;0;0;0;0;3B;CF;53;54;53;53;53;60B;164;3B8;4.4;32.8;-39.0;14.5;5.5;76.7;0.0000;0.0326;0.2500;1.8500;
525.77;0;0;0;0;3B;CF;53;54;53;54;54;612;164;3B8;4.2;34.0;-39.5;14.5;5.5;76.7;0.0000;0.0318;0.2750;2.0500;
526.02;0;0;0;0;3B;CF;54;54;54;54;54;619;164;3B8;4.2;34.0;-39.5;14.5;5.5;76.7;0.0000;0.0286;0.3250;1.7500;
526.27;0;0;0;0;3B;CF;54;55;54;55;54;61C;164;3B8;4.1;35.3;-39.5;14.5;5.5;76.7;0.0000;0.0309;0.2750;1.7750;
526.52;0;0;0;0;3B;CF;54;55;54;55;55;625;164;3B8;4.1;35.3;-39.5;14.5;5.5;76.7;0.0000;0.0336;0.2500;1.9250;
526.77;0;1;0;0;3B;CF;54;55;54;55;55;622;164;3B8;3.9;35.9;-39.5;14.5;5.5;76.7;0.0000;0.0354;0.1250;2.1750;
527.03;0;1;0;0;3B;CF;54;55;54;55;55;623;164;3B8;3.7;36.7;-39.5;14.5;5.5;76.7;0.0000;0.0351;-0.2250;2.0250;
527.28;0;1;0;0;3B;CF;53;54;54;54;54;61A;164;3B8;3.7;36.7;-39.5;14.5;5.5;76.7;0.0000;0.0354;-0.6750;1.9500;
527.53;0;1;0;0;3B;CF;54;54;53;54;54;614;164;3B8;3.5;38.5;-39.5;14.5;5.5;76.7;0.0000;0.0362;-0.5250;2.1750;
527.78;0;1;0;0;3B;CF;52;54;53;54;53;609;164;3B8;3.5;38.5;-39.0;14.5;5.5;76.7;0.0000;0.0362;-0.6500;1.9250;
528.03;0;1;0;0;3B;CF;53;53;52;53;53;607;164;3BA;3.3;39.5;-39.5;14.5;5.5;76.7;0.0000;0.0354;-0.4500;2.4000;
528.28;0;1;0;0;3B;CF;52;53;52;53;53;601;164;3B8;3.2;40.2;-39.5;14.5;5.5;76.7;0.0000;0.0328;-0.6000;1.8000;
528.53;0;1;0;0;3B;CF;52;53;52;53;53;5FE;164;3B8;3.2;40.2;-39.5;14.5;5.5;76.7;0.0000;0.0307;-0.3250;1.7500;
528.78;0;0;0;0;3B;CF;52;53;52;53;53;5FB;164;3BA;3.2;40.6;-39.0;14.5;5.5;76.7;0.0000;0.0188;-0.1250;1.0250;
529.03;0;0;0;0;3B;CF;53;53;52;53;53;5FD;164;3BA;3.2;40.3;-39.5;14.5;5.5;76.7;0.0000;0.0074;0.0750;0.9000;
529.28;0;0;0;0;3B;CF;53;53;53;53;53;604;164;3BA;3.2;40.3;-39.5;14.5;5.5;76.7;0.0000;0.0004;0.1250;102.3250;
529.53;0;1;0;0;3B;CF;53;53;53;53;53;605;164;3BA;3.2;39.7;-39.5;14.5;5.5;76.7;0.0000;-0.0086;0.5500;101.9000;
529.78;0;1;0;0;3B;CF;53;53;53;53;53;609;164;3BA;3.2;39.7;-39.5;14.5;5.5;76.7;0.0000;-0.0257;0.1500;100.7750;
530.03;0;1;0;0;3B;CF;53;53;53;53;53;607;164;3BA;3.3;38.1;-39.5;14.5;5.5;76.7;0.0000;-0.0273;0.1000;100.5500;
530.28;0;0;0;0;3B;CF;54;53;54;53;53;60D;164;3BA;3.3;38.1;-39.5;14.5;5.5;76.7;0.0000;-0.0307;-0.0250;100.3500;
530.53;0;0;0;0;3B;CF;54;53;54;53;54;60B;164;3BA;3.4;36.2;-39.5;14.5;5.5;76.7;0.0000;-0.0344;0.0000;100.1500;
530.78;0;0;0;0;3B;CF;54;53;54;53;54;60F;164;3BA;3.4;36.2;-39.5;14.5;5.5;76.7;0.0000;-0.0433;0.0500;99.7250;
531.03;0;0;0;0;3B;CF;54;53;54;53;54;610;164;3BA;3.4;35.0;-39.5;14.5;5.5;76.7;0.0000;-0.0427;0.1000;99.4250;
531.28;0;0;0;0;3B;CF;54;53;54;53;54;612;164;3BA;3.5;32.6;-39.5;14.5;5.5;76.7;0.0000;-0.0437;0.0500;99.5750;
531.53;0;0;0;0;3B;CF;54;53;54;53;54;60F;164;3BA;3.5;32.6;-39.5;14.5;5.5;76.7;0.0000;-0.0438;0.0500;99.1250;
531.78;0;0;0;0;3B;CF;54;53;54;53;54;613;164;3BA;3.6;29.4;-39.5;14.5;5.5;76.7;0.0000;-0.0453;0.0500;99.1750;
532.05;0;0;0;0;3B;CF;54;53;54;53;54;611;164;3BA;3.6;27.3;-39.5;14.5;5.5;76.7;0.0000;-0.0453;0.0250;99.2500;
532.30;0;0;0;0;3B;CF;54;54;54;53;54;613;164;3BA;3.6;27.3;-39.5;14.5;5.5;76.7;0.0000;-0.0455;0.0250;99.2500;
532.55;0;0;0;0;3B;CF;54;53;54;53;54;614;164;3BA;3.8;24.4;-39.5;14.5;5.5;76.7;0.0000;-0.0455;0.0250;99.4750;
532.80;0;0;0;0;3B;CF;54;53;54;53;54;614;164;3BC;4.0;21.7;-39.5;14.5;5.5;76.7;0.0000;-0.0462;0.0250;98.9750;
533.05;0;0;0;0;3B;CF;55;54;54;53;54;617;164;3BA;4.0;21.7;-39.5;14.5;5.5;76.7;0.0000;-0.0459;0.0500;98.9250;
533.30;0;0;0;0;3B;CF;55;54;54;53;54;615;164;3BC;4.4;19.8;-39.5;14.5;5.5;76.7;0.0000;-0.0451;0.0250;99.4250;
533.55;0;0;0;0;3B;CF;54;53;54;53;54;615;164;3BA;4.4;19.8;-39.5;14.5;5.5;76.7;0.0000;-0.0432;-0.0250;99.5250;
533.80;0;0;0;0;3B;CF;54;54;54;53;54;615;164;3BA;4.9;18.3;-39.5;14.5;5.5;76.7;0.0000;-0.0384;-0.0250;99.4250;
534.05;0;0;0;0;3B;CF;54;53;54;54;54;616;164;3BC;5.4;17.4;-39.5;14.5;5.5;76.7;0.0000;-0.0357;-0.0250;99.8000;
534.30;0;0;0;0;3B;CF;54;53;54;53;54;613;164;3BC;5.4;17.4;-39.5;14.5;5.5;76.7;0.0000;-0.0291;-0.0250;100.3000;
534.55;0;0;0;0;3B;CF;54;54;54;54;54;616;164;3BC;5.4;17.4;-39.5;14.5;5.5;76.7;0.0000;-0.0193;0.0250;101.6000;
534.80;0;0;0;0;3B;CF;54;54;54;54;54;617;164;3BC;6.2;17.2;-39.5;14.5;5.5;76.7;0.0000;0.0084;0.0250;102.3750;
535.05;0;0;0;0;3B;CF;54;55;54;54;54;61A;164;3BC;6.7;17.1;-39.5;14.5;5.5;76.7;0.0000;0.0206;0.0500;2.0000;
535.30;0;0;0;0;3B;CF;54;54;54;54;54;61B;164;3BC;6.7;17.1;-39.5;14.5;5.5;76.7;0.0000;0.0254;0.1000;2.1500;
535.55;0;0;0;0;3B;CF;54;55;54;54;54;61A;164;3BC;7.0;19.1;-39.5;14.5;5.5;76.7;0.0000;0.0252;0.0500;2.0000;
535.80;0;0;0;0;3B;CF;54;55;54;55;55;61F;164;3BC;7.0;21.3;-39.5;14.5;5.5;76.7;0.0000;0.0254;0.1250;1.8000;
536.05;0;0;0;0;3B;CF;54;55;54;55;55;623;164;3BC;7.0;21.3;-39.5;14.5;5.5;76.7;0.0000;0.0283;0.1500;1.6750;
536.30;0;0;0;0;3B;CF;55;55;54;55;55;626;164;3BC;7.3;22.5;-39.5;14.5;5.5;76.7;0.0000;0.0293;0.1500;1.8250;
536.55;0;0;0;0;3B;CF;54;55;55;55;55;628;164;3BC;7.3;22.5;-39.5;14.5;5.5;76.7;0.0000;0.0293;0.1250;1.6000;
536.80;0;0;0;0;3B;CF;55;56;55;55;55;630;164;3BC;7.6;24.3;-39.5;14.5;5.5;76.7;0.0000;0.0308;0.2500;2.0750;
537.06;0;0;0;0;3B;CF;55;56;55;56;56;631;164;3BC;7.5;26.6;-39.5;14.5;5.5;76.7;0.0000;0.0308;0.2250;1.9250;
537.31;0;0;0;0;3B;CF;55;56;55;56;56;638;164;3BC;7.5;26.6;-39.5;14.5;5.5;76.7;0.0000;0.0307;0.1750;1.9250;
537.56;0;0;0;0;3B;CF;56;56;56;56;56;63C;164;3BC;7.5;28.4;-39.5;14.5;5.5;76.7;0.0000;0.0243;0.2250;1.7000;
537.81;0;0;0;0;3B;CF;56;57;56;56;56;642;164;3BC;7.4;30.1;-39.5;14.5;5.5;76.7;0.0000;0.0211;0.2750;1.2250;
538.06;0;0;0;0;3B;CF;56;57;57;57;57;648;164;3BC;7.4;30.1;-39.5;14.5;5.5;76.7;0.0000;0.0184;0.3250;0.9000;
538.31;0;0;0;0;3B;CF;57;57;57;57;57;652;164;3BC;7.1;31.5;-39.5;14.5;5.5;76.7;0.0000;0.0183;0.3250;0.9000;
538.56;0;0;0;0;3B;CF;57;58;57;57;57;653;164;3BC;7.1;31.5;-40.0;14.5;5.5;76.7;0.0000;0.0159;0.3250;0.9250;
538.81;0;0;0;0;3B;CF;58;58;57;58;58;65C;164;3BC;6.8;32.7;-40.0;14.5;5.5;76.7;0.0000;0.0086;0.3500;0.7250;
539.06;0;0;0;0;3B;CF;58;58;58;58;58;663;164;3BC;6.8;32.7;-40.0;14.5;5.5;76.7;0.0000;0.0095;0.3500;0.3750;
539.31;0;0;0;0;3B;CF;58;59;58;58;59;66B;164;3BC;6.6;33.3;-40.0;14.5;5.5;76.7;0.0000;0.0107;0.4000;0.5000;
539.56;0;0;0;0;3B;CF;59;59;59;59;59;66F;164;3BC;6.6;33.3;-40.0;14.5;5.5;76.7;0.0000;0.0127;0.4250;0.5250;
539.81;0;0;0;0;3B;CF;59;5A;59;59;59;679;164;3BC;6.8;32.5;-40.0;14.5;5.5;76.7;0.0000;0.0145;0.4000;0.6750;
540.06;0;0;0;0;3B;CF;5A;5A;59;5A;5A;67F;164;3BC;7.3;31.4;-40.5;14.5;5.5;76.7;0.0000;0.0158;0.3750;0.9250;
540.31;0;0;0;0;3B;CF;5A;5A;5A;5A;5A;687;164;3BC;7.3;31.4;-40.5;14.5;5.5;76.7;0.0000;0.0172;0.3750;0.8000;
540.56;0;0;0;0;3B;CF;5A;5B;5A;5A;5B;68C;164;3BC;7.4;31.4;-40.5;14.5;5.5;76.7;0.0000;0.0247;0.3500;1.3250;
540.81;0;0;0;0;3B;CF;5A;5B;5A;5B;5B;690;164;3BC;7.4;31.3;-40.5;14.5;5.5;76.7;0.0000;0.0255;0.2500;1.5500;
541.06;0;0;0;0;3B;CF;5B;5C;5B;5B;5B;699;164;3BC;7.4;31.3;-40.5;14.5;5.5;76.7;0.0000;0.0268;0.2750;2.0000;
541.31;0;0;0;0;3B;CF;5B;5C;5B;5C;5C;6A0;164;3BC;7.5;30.8;-40.5;14.5;5.5;76.7;0.0000;0.0288;0.3500;1.8750;
541.56;0;0;0;0;3B;CF;5B;5C;5B;5C;5C;6A5;164;3BC;7.5;30.8;-40.5;14.5;5.5;76.7;0.0000;0.0334;0.4000;2.1750;
541.81;0;0;0;0;3B;CF;5C;5C;5B;5C;5C;6AB;164;3BC;7.5;31.2;-40.5;14.5;5.5;76.7;0.0000;0.0326;0.3250;2.5000;
542.07;0;0;0;0;3B;CF;5C;5D;5C;5C;5C;6B1;164;3BC;7.4;31.5;-40.5;14.5;5.5;76.7;0.0000;0.0277;0.2750;2.1250;
542.32;0;0;0;0;3B;CF;5C;5D;5C;5D;5D;6B8;164;3BC;7.4;31.5;-40.0;14.5;5.5;76.7;0.0000;0.0189;0.3250;1.7000;
542.57;0;0;0;0;3B;CF;5D;5D;5D;5D;5D;6BC;164;3BC;7.4;32.0;-40.0;14.5;5.5;76.7;0.0000;0.0148;0.4000;0.8750;
542.82;0;0;0;0;3B;CF;5D;5D;5D;5D;5D;6C1;164;3BC;7.4;32.0;-40.0;14.5;5.5;76.7;0.0000;0.0128;0.2000;0.9250;
543.07;0;0;0;0;3B;CF;5E;5E;5D;5E;5E;6CA;164;3BC;7.3;32.0;-40.0;14.5;5.5;76.7;0.0000;0.0097;0.3500;0.7000;
543.32;0;0;0;0;3B;CF;5E;5E;5D;5E;5E;6CE;164;3BC;7.3;32.0;-40.0;14.5;5.5;76.7;0.0000;0.0057;0.3500;0.1750;
543.57;0;0;0;0;3B;CF;5E;5E;5E;5E;5E;6D3;164;3BC;7.3;31.9;-40.0;14.5;5.5;76.7;0.0000;0.0031;0.3500;0.2000;
543.82;0;0;0;0;3B;CF;5E;5F;5E;5E;5F;6D7;164;3BC;7.3;32.3;-40.0;14.5;5.5;76.7;0.0000;0.0014;0.3250;0.0500;
544.07;0;0;0;0;3B;CF;5F;5F;5F;5F;5F;6E3;164;3BC;7.3;32.3;-40.0;14.5;5.5;76.7;0.0000;0.0007;0.4000;102.3500;
544.32;0;0;0;0;3B;CF;5F;5F;5F;5F;5F;6E7;164;3BC;7.3;31.8;-40.0;14.5;5.5;76.7;0.0000;0.0001;0.3750;0.0250;
544.57;0;0;0;0;3B;CF;60;60;5F;60;60;6F1;164;3BE;7.3;31.8;-40.0;14.5;5.5;76.7;0.0000;-0.0043;0.4000;102.2500;
544.82;0;0;0;0;3B;CF;60;60;60;60;60;6F5;164;3BC;7.5;31.3;-40.0;14.5;5.5;76.7;0.0000;-0.0067;0.4250;102.1250;
545.07;0;0;0;0;3B;CF;61;60;60;60;61;6FE;164;3BE;7.6;30.9;-40.0;14.5;5.5;76.7;0.0000;-0.0066;0.3750;102.0250;
545.32;0;0;0;0;3B;CF;61;61;61;60;61;702;164;3BE;7.6;30.9;-40.0;14.5;5.5;76.7;0.0000;-0.0072;0.3500;102.1750;
545.57;0;0;0;0;3B;CF;61;61;61;61;61;70A;164;3BE;7.8;29.6;-40.5;14.5;5.5;76.7;0.0000;-0.0074;0.3500;102.1250;
545.82;0;0;0;0;3B;CF;62;61;61;61;62;70F;164;3BE;8.1;28.3;-40.5;14.5;5.5;76.7;0.0000;-0.0074;0.4000;101.9750;
546.07;0;0;0;0;3B;CF;62;62;62;62;62;71A;164;3BE;8.1;28.3;-40.5;14.5;5.5;76.7;0.0000;-0.0074;0.3500;101.9500;
546.32;0;0;0;0;3B;CF;62;62;62;62;62;71D;164;3BE;8.3;27.5;-40.5;14.5;5.5;76.7;0.0000;-0.0074;0.3500;102.2000;
546.57;0;0;0;0;3B;CF;62;62;62;62;63;726;164;3BE;8.3;27.5;-40.5;14.5;5.5;76.7;0.0000;-0.0077;0.4000;102.0750;
546.82;0;0;0;0;3B;CF;63;63;63;63;63;72D;164;3BE;8.6;26.1;-40.5;14.5;5.5;76.7;0.0000;-0.0086;0.4000;102.0000;
547.09;0;0;0;0;3B;CF;64;63;63;63;64;734;164;3BE;8.6;26.1;-41.0;14.5;5.5;76.7;0.0000;-0.0087;0.3750;102.0250;
547.34;0;0;0;0;3B;CF;64;64;64;63;64;738;164;3BE;8.8;25.6;-41.0;14.5;5.5;76.7;0.0000;-0.0091;0.3250;101.9750;
547.59;0;0;0;0;3B;CF;64;64;64;64;64;742;164;3BE;8.8;25.4;-41.0;14.5;5.5;76.7;0.0000;-0.0088;0.3750;0.0250;
547.84;0;0;0;0;3B;CF;64;64;64;64;64;746;164;3BE;8.8;25.4;-41.0;14.5;5.5;76.7;0.0000;-0.0086;0.2500;102.2500;
548.09;0;0;0;0;3B;CF;65;65;64;64;65;745;164;3BE;8.9;24.9;-41.0;14.5;5.5;76.7;0.0000;-0.0079;0.2250;101.8750;
548.34;0;0;0;0;3A;CF;65;65;65;65;65;74B;164;3BE;8.9;24.9;-41.0;14.5;5.5;76.7;0.0000;-0.0059;0.3250;101.9500;
548.59;0;0;0;0;3A;CF;65;65;65;65;65;753;164;3C0;8.9;24.9;-41.0;14.5;5.5;76.7;0.0000;-0.0009;0.2000;0.2250;
548.84;0;0;0;0;3A;CF;65;65;65;65;65;753;164;3C0;8.9;25.1;-41.0;14.5;5.5;76.7;0.0000;-0.0003;0.1750;0.0000;
549.09;0;0;0;0;3A;CF;65;65;65;65;65;755;164;3C0;8.9;25.1;-41.5;14.5;5.5;76.7;0.0000;0.0003;0.1500;0.0750;
549.34;0;0;0;0;3A;CF;65;65;65;65;65;752;164;3C0;8.9;25.1;-41.0;14.5;5.5;76.7;0.0000;0.0022;-0.0500;0.2000;
549.59;0;0;0;0;3A;CF;65;66;65;65;66;758;164;3C0;8.8;25.4;-41.5;14.5;5.5;76.7;0.0000;0.0025;0.0500;0.2250;
549.84;0;0;0;0;3A;CF;66;66;65;65;66;758;164;3C0;8.8;25.4;-41.5;14.5;5.5;76.7;0.0000;0.0025;0.1000;0.0250;
550.09;0;0;0;0;3A;CF;65;66;65;65;66;75A;164;3C0;8.8;25.8;-41.5;14.5;5.5;76.7;0.0000;0.0025;0.0250;0.2500;
550.34;0;0;0;0;3A;CF;66;66;65;65;66;75A;164;3C0;8.8;25.8;-41.5;14.5;5.5;76.7;0.0000;0.0020;0.0000;0.1250;
550.59;0;0;0;0;3A;CF;65;65;65;65;66;754;166;3C0;8.7;26.0;-41.5;14.5;5.5;76.7;0.0000;0.0014;0.0000;102.0000;
550.84;0;0;0;0;3A;CF;65;65;65;65;66;754;166;3C0;8.6;26.1;-41.5;14.5;5.5;76.7;0.0000;0.0018;-0.1000;102.3500;
551.09;0;0;0;0;3A;CF;65;65;65;65;66;756;166;3C0;8.6;26.1;-41.5;14.5;5.5;76.7;0.0000;0.0020;-0.0750;0.1000;
551.34;0;0;0;0;3A;CF;65;65;65;65;65;74D;166;3C0;8.6;26.1;-41.5;14.5;5.5;76.7;0.0000;0.0022;-0.2250;0.1750;
551.59;0;0;0;0;3A;CF;65;65;65;65;65;74C;166;3C0;8.6;26.5;-41.0;14.5;5.5;76.7;0.0000;0.0038;-0.2000;0.0750;
551.84;0;0;0;0;3A;CF;65;65;65;65;65;74F;166;3C0;8.5;26.8;-41.0;14.5;5.5;76.7;0.0000;0.0038;-0.1000;0.1500;
552.11;0;0;0;0;3A;CF;64;65;64;64;65;745;166;3C0;8.5;26.8;-41.0;14.5;5.5;76.7;0.0000;0.0049;-0.1750;0.1000;
552.36;0;0;0;0;3A;CF;64;65;64;64;65;748;166;3C0;8.4;26.7;-41.0;14.5;5.5;76.7;0.0000;0.0092;-0.2000;0.4000;
552.61;0;0;0;0;3A;CF;64;64;64;64;64;73F;166;3C0;8.3;27.1;-41.0;14.5;5.5;76.7;0.0000;0.0097;-0.2000;0.7500;
552.86;0;0;0;0;3A;CF;63;64;63;64;64;73B;166;3C0;8.3;27.1;-41.0;14.5;5.5;76.7;0.0000;0.0112;-0.3250;0.7250;
553.11;0;0;0;0;3A;CF;63;64;63;64;64;735;166;3C0;8.2;27.6;-41.0;14.5;5.5;76.7;0.0000;0.0125;-0.3750;0.6500;
553.36;0;0;0;0;3A;CF;63;63;63;63;63;72E;166;3C0;8.2;27.6;-41.0;14.5;5.5;76.7;0.0000;0.0141;-0.3500;0.8750;
553.61;0;0;0;0;3A;CF;63;63;62;63;63;727;166;3C0;8.1;27.7;-40.5;14.5;5.5;76.7;0.0000;0.0151;-0.4500;0.9000;
553.86;0;0;0;0;3A;CF;62;62;62;62;63;721;166;3C0;8.0;28.2;-40.5;14.5;5.5;76.7;0.0000;0.0158;-0.4000;0.8250;
554.11;0;0;0;0;3A;CF;62;62;62;62;62;717;166;3C0;8.0;28.2;-40.5;14.5;5.5;76.7;0.0000;0.0163;-0.4500;0.8000;
554.36;0;0;0;0;3A;CF;61;62;61;61;62;711;166;3C0;7.9;28.6;-40.5;14.5;5.5;76.7;0.0000;0.0157;-0.5000;0.9000;
554.61;0;0;0;0;3A;CF;61;61;61;61;61;707;166;3C0;7.8;28.7;-40.0;14.5;5.5;76.7;0.0000;0.0135;-0.4750;0.8750;
554.86;0;0;0;0;3A;CF;60;60;60;60;60;6FA;166;3C0;7.8;28.7;-40.0;14.5;5.5;76.7;0.0000;0.0146;-0.7500;1.0750;
555.11;0;0;0;0;3A;CF;60;60;60;60;60;6F0;166;3C0;7.7;29.3;-40.0;14.5;5.5;76.7;0.0000;0.0146;-0.6750;0.8750;
555.36;0;0;0;0;3A;CF;5F;5F;5F;5F;60;6EA;166;3C0;7.7;29.3;-40.0;14.5;5.5;76.7;0.0000;0.0145;-0.5750;0.9000;
555.61;0;0;0;0;3A;CF;5F;5F;5E;5F;5F;6DB;166;3C0;7.6;29.6;-40.0;14.5;5.5;76.7;0.0000;0.0130;-0.6500;0.8000;
555.86;0;0;0;0;3A;CF;5E;5E;5E;5E;5E;6D4;166;3C0;7.6;29.6;-39.5;14.5;5.5;76.7;0.0000;0.0105;-0.7000;0.7250;
556.11;0;0;0;0;3A;CF;5D;5E;5D;5E;5E;6C6;166;3C0;7.5;29.9;-39.5;14.5;5.5;76.7;0.0000;0.0107;-0.7000;0.4500;
556.36;0;0;0;0;3A;CF;5D;5D;5C;5D;5D;6BF;166;3C0;7.5;29.9;-39.5;14.5;5.5;76.7;0.0000;0.0062;-0.5500;0.5500;
556.61;0;0;0;0;3A;CF;5C;5C;5C;5C;5D;6B2;166;3C0;7.5;30.2;-39.5;14.5;5.5;76.7;0.0000;0.0036;-0.5500;0.0250;
556.86;0;0;0;0;3A;CF;5C;5C;5B;5C;5C;6A7;166;3C0;7.4;30.2;-39.5;14.5;5.5;76.7;0.0000;0.0036;-0.7000;0.0750;
557.12;0;0;0;0;3A;CF;5B;5B;5B;5B;5C;69B;166;3C0;7.4;30.2;-39.5;14.5;5.5;76.7;0.0000;0.0074;-0.6000;0.3750;
557.37;0;0;0;0;3A;CF;5B;5B;5A;5B;5B;68F;166;3C0;7.4;29.7;-39.5;14.5;5.5;76.7;0.0000;0.0150;-0.6000;0.4500;
557.62;0;0;0;0;3A;CF;5A;5A;5A;5A;5A;685;166;3C0;7.5;29.6;-39.5;14.5;5.5;76.7;0.0000;0.0157;-0.7500;0.6500;
557.87;0;0;0;0;3A;CF;59;5A;59;5A;5A;67A;166;3C0;7.5;29.6;-39.5;14.5;5.5;76.7;0.0000;0.0183;-0.7000;1.1750;
558.12;0;0;0;0;3A;CF;59;59;59;59;59;66F;166;3C0;7.3;30.0;-39.5;14.5;5.5;76.7;0.0000;0.0209;-0.7000;1.2250;
558.37;0;0;0;0;3A;CF;58;59;58;58;59;662;166;3C0;7.3;30.0;-39.5;14.5;5.5;76.7;0.0000;0.0230;-0.6500;1.4500;
558.62;0;0;0;0;3A;CF;58;58;57;58;58;65D;166;3C0;7.2;30.3;-39.5;14.5;5.5;76.7;0.0000;0.0230;-0.6000;1.5000;
558.87;0;0;0;0;3A;CF;57;57;57;57;57;652;166;3C0;7.1;30.4;-40.0;14.5;5.5;76.7;0.0000;0.0247;-0.6500;1.5250;
559.12;0;0;0;0;3A;CF;56;57;56;57;57;647;166;3C0;7.1;30.4;-39.5;14.5;5.5;76.7;0.0000;0.0237;-0.6500;1.4000;
559.37;0;0;0;0;3A;CF;56;56;56;56;56;63E;166;3C0;6.9;30.7;-39.5;14.5;5.5;76.7;0.0000;0.0217;-0.5750;1.3750;
559.62;0;0;0;0;3A;CF;56;56;56;56;56;636;166;3C0;6.9;30.7;-39.5;14.5;5.5;76.7;0.0000;0.0199;-0.5250;1.2250;
559.87;0;0;0;0;3A;CF;55;56;55;55;56;630;166;3C0;6.8;31.2;-39.5;14.5;5.5;76.7;0.0000;0.0189;-0.4500;1.2000;
560.12;0;0;0;0;3A;CF;55;55;55;55;55;629;166;3C0;6.8;31.2;-39.5;14.5;5.5;76.7;0.0000;0.0183;-0.4750;0.9250;
560.37;0;0;0;0;3A;CF;55;55;55;55;55;625;166;3C0;6.7;31.0;-39.5;14.5;5.5;76.7;0.0000;0.0135;-0.2750;0.7500;
560.62;0;0;0;0;3A;CF;54;55;54;55;55;623;166;3C0;6.6;31.4;-39.5;14.5;5.5;76.7;0.0000;0.0123;-0.2500;0.5750;
560.87;0;0;0;0;3A;CF;54;55;54;54;54;61B;166;3C0;6.6;31.4;-39.5;14.5;5.5;76.7;0.0000;0.0118;-0.3250;0.5750;
561.12;0;0;0;0;3A;CF;54;54;54;54;54;619;166;3C0;6.6;31.6;-39.5;14.5;5.5;76.7;0.0000;0.0118;-0.3250;0.3750;
561.37;0;0;0;0;3A;CF;53;53;54;54;54;610;166;3C0;6.6;31.6;-39.5;14.5;5.5;76.7;0.0000;0.0104;-0.3500;0.2750;
561.62;0;0;0;0;3A;CF;54;54;53;53;54;60F;166;3C0;6.6;31.6;-39.5;14.5;5.5;76.7;0.0000;0.0080;-0.2750;0.1000;
561.87;0;0;0;0;3A;CF;53;54;53;53;54;608;166;3C0;6.5;31.9;-39.5;14.5;5.5;76.7;0.0000;0.0062;-0.2250;0.2000;
562.14;0;0;0;0;3A;CF;53;53;53;53;53;607;166;3C0;6.5;31.9;-39.5;14.5;5.5;76.7;0.0000;0.0052;-0.2250;102.2500;
562.39;0;0;0;0;3A;CF;53;53;53;53;53;605;166;3C0;6.7;31.2;-39.5;14.5;5.5;76.7;0.0000;-0.0001;-0.2000;102.2750;
562.64;0;0;0;0;3A;CF;53;53;53;53;53;603;166;3C0;6.8;30.3;-39.5;14.5;5.5;76.7;0.0000;-0.0007;-0.1000;102.1500;
562.89;0;0;0;0;3A;CF;53;53;53;53;53;602;166;3C0;6.8;30.3;-39.5;14.5;5.5;76.7;0.0000;-0.0014;-0.0750;102.2000;
563.14;0;0;0;0;3A;CF;53;53;52;52;53;603;166;3C0;7.0;29.7;-39.5;14.5;5.5;76.7;0.0000;-0.0034;-0.1000;101.9500;
563.39;0;0;0;0;3A;CF;53;53;52;52;53;5FE;166;3C0;7.0;29.7;-39.5;14.5;5.5;76.7;0.0000;-0.0095;-0.1500;102.3750;
563.64;0;0;0;0;3A;CF;53;52;52;52;53;5FF;166;3C0;7.1;29.1;-39.5;14.5;5.5;76.7;0.0000;-0.0107;-0.1000;101.8750;
563.89;0;0;0;0;3A;CF;52;52;52;52;53;5FC;166;3C0;7.1;29.1;-39.5;14.5;5.5;76.7;0.0000;-0.0132;-0.1750;101.6250;
564.14;0;0;0;0;3A;CF;53;52;52;52;53;5F8;166;3C0;7.3;28.0;-39.5;14.5;5.5;76.7;0.0000;-0.0140;-0.1500;100.7750;
564.39;0;0;0;0;3A;CF;52;52;52;52;52;5F5;166;3C0;7.3;28.0;-39.5;14.5;5.5;76.7;0.0000;-0.0140;-0.1500;101.6250;
564.64;0;0;0;0;3A;CF;52;52;52;52;52;5F5;166;3C0;7.4;27.3;-39.5;14.5;5.5;76.7;0.0000;-0.0154;-0.0750;101.5750;
564.89;0;0;0;0;3A;CF;52;52;52;52;52;5F6;166;3C0;7.5;26.5;-39.5;14.5;5.5;76.7;0.0000;-0.0163;-0.0500;101.4000;
565.14;0;0;0;0;3A;CF;52;52;52;52;52;5F1;166;3C0;7.5;26.5;-39.5;14.5;5.5;76.7;0.0000;-0.0184;-0.1500;101.2000;
565.39;0;0;0;0;3A;CF;52;52;52;51;52;5EF;166;3C0;7.6;26.0;-39.5;14.5;5.5;76.7;0.0000;-0.0196;-0.1750;101.2250;
565.64;0;0;0;0;3A;CF;52;52;52;51;52;5EF;166;3C0;7.7;25.3;-39.0;14.5;5.5;76.7;0.0000;-0.0194;-0.1000;101.2500;
565.89;0;0;0;0;3A;CF;52;51;52;51;52;5EC;166;3C0;7.7;25.3;-39.0;14.5;5.5;76.7;0.0000;-0.0193;-0.1000;101.2500;
566.14;0;0;0;0;3A;CF;52;52;51;51;52;5EA;166;3C0;7.7;24.3;-39.0;14.5;5.5;76.7;0.0000;-0.0191;-0.1500;101.4250;
566.39;0;0;0;0;3A;CF;51;51;52;51;52;5E7;166;3C0;7.7;24.3;-39.5;14.5;5.5;76.7;0.0000;-0.0162;-0.1500;101.5750;
566.64;0;0;0;0;3A;CF;52;51;51;51;52;5E5;166;3C0;7.8;24.3;-39.0;14.5;5.5;76.7;0.0000;-0.0123;-0.1250;101.8250;
566.89;0;0;0;0;3A;CF;51;51;51;51;51;5E3;166;3C0;7.8;24.1;-39.5;14.5;5.5;76.7;0.0000;-0.0088;-0.1250;102.0500;
567.15;0;0;0;0;3A;CF;51;51;51;51;51;5E3;166;3C0;7.8;24.1;-39.0;14.5;5.5;76.7;0.0000;-0.0069;-0.1250;102.2750;
567.40;0;0;0;0;3A;CF;51;51;51;51;51;5DE;166;3C0;7.8;24.0;-39.0;14.5;5.5;76.7;0.0000;-0.0016;-0.1000;0.0750;
567.65;0;0;0;0;3A;CF;51;51;51;51;51;5DF;166;3C0;7.8;24.2;-39.0;14.5;5.5;76.7;0.0000;0.0001;-0.1500;0.0750;
567.90;0;0;0;0;3A;CF;51;51;51;51;51;5DA;166;3C0;7.8;24.2;-39.0;14.5;5.5;76.7;0.0000;0.0020;-0.1500;0.2000;
568.15;0;0;0;0;3A;CF;51;51;50;51;51;5D9;166;3C0;7.8;24.2;-39.0;14.5;5.5;76.7;0.0000;0.0038;-0.2000;0.3750;
568.40;0;0;0;0;3A;CF;50;50;50;50;51;5D5;166;3C0;7.8;24.5;-39.0;14.5;5.5;76.7;0.0000;0.0079;-0.1750;0.2750;
568.65;0;0;0;0;3A;CF;50;51;50;50;50;5D0;166;3C0;7.7;25.0;-39.0;14.5;5.5;76.7;0.0000;0.0052;-0.1750;0.6750;
568.90;0;0;0;0;3A;CF;50;50;50;50;50;5D0;166;3C0;7.7;25.0;-39.0;14.5;5.5;76.7;0.0000;0.0046;-0.1500;0.9250;
569.15;0;0;0;0;3A;CF;50;50;50;50;50;5CC;166;3C0;7.5;25.7;-39.0;14.5;5.5;76.7;0.0000;0.0025;-0.2000;102.3750;
569.40;0;0;0;0;3A;CF;50;50;50;50;50;5CC;166;3C0;7.5;26.1;-39.0;14.5;5.5;76.7;0.0000;0.0009;-0.1250;0.3250;
569.65;0;0;0;0;3A;CF;50;50;4F;50;50;5CA;166;3C0;7.5;26.1;-39.0;14.5;5.5;76.7;0.0000;0.0000;-0.1750;0.1500;
569.90;0;0;0;0;3A;CF;4F;50;4F;4F;50;5C4;166;3C0;7.3;26.6;-39.0;14.5;5.5;76.7;0.0000;-0.0001;-0.1750;0.1500;
570.15;0;0;0;0;3A;CF;4F;4F;4F;4F;50;5C3;166;3C0;7.3;26.6;-39.0;14.5;5.5;76.7;0.0000;-0.0001;-0.1750;0.2250;
570.40;0;0;0;0;3A;CF;4F;4F;4F;4F;4F;5BD;166;3C0;7.2;27.3;-39.0;14.5;5.5;76.7;0.0000;-0.0004;-0.1750;102.1500;
570.65;0;0;0;0;3A;CF;4F;4F;4F;4F;4F;5BD;166;3C0;7.2;27.5;-39.0;14.5;5.5;76.7;0.0000;-0.0004;-0.2000;0.2250;
570.90;0;0;0;0;3A;CF;4F;4F;4F;4F;4F;5BB;166;3C0;7.2;27.5;-39.0;14.5;5.5;76.7;0.0000;-0.0004;-0.2000;0.2250;
571.15;0;0;0;0;3A;CF;4F;4F;4F;4F;4F;5B9;166;3C0;7.1;27.9;-39.0;14.5;5.5;76.7;0.0000;-0.0008;-0.1000;0.2000;
571.40;0;0;0;0;3A;CF;4F;4F;4F;4F;4F;5B6;166;3C0;7.0;28.1;-39.0;14.5;5.5;76.7;0.0000;-0.0018;-0.1750;102.3500;
571.65;0;0;0;0;3A;CF;4F;4E;4E;4E;4F;5B2;166;3C0;7.0;28.1;-39.0;14.5;5.5;76.7;0.0000;-0.0021;-0.2000;0.0500;
571.90;0;0;0;0;3A;CF;4E;4E;4E;4E;4E;5AE;166;3C0;7.0;27.9;-39.0;14.5;5.5;76.7;0.0000;-0.0033;-0.2250;102.2250;
572.16;0;0;0;0;3A;CF;4E;4E;4E;4E;4E;5AC;166;3C0;7.0;27.9;-39.0;14.5;5.5;76.7;0.0000;-0.0049;-0.1250;0.0000;
572.41;0;0;0;0;3A;CF;4E;4E;4E;4E;4E;5AC;166;3C2;6.9;27.7;-39.0;14.5;5.5;76.7;0.0000;-0.0074;-0.1250;102.2250;
572.66;0;0;0;0;3A;CF;4E;4E;4E;4E;4E;5A7;166;3C0;6.9;27.7;-39.0;14.5;5.5;76.7;0.0000;-0.0091;-0.1750;102.0750;
572.91;0;0;0;0;3A;CF;4E;4E;4E;4E;4E;5A5;166;3C0;7.0;28.0;-39.0;14.5;5.5;76.7;0.0000;-0.0114;-0.1500;102.2250;
573.16;0;0;0;0;3A;CF;4E;4E;4E;4E;4E;5A3;166;3C0;7.0;28.0;-39.0;14.5;5.5;76.7;0.0000;-0.0109;-0.1250;101.9750;
573.41;0;0;0;0;3A;CF;4E;4E;4E;4D;4E;5A3;166;3C2;7.0;27.4;-39.0;14.5;5.5;76.7;0.0000;-0.0115;-0.1000;102.0500;
573.66;0;0;0;0;3A;CF;4E;4D;4E;4D;4E;5A2;166;3C0;7.0;26.6;-39.0;14.5;5.5;76.7;0.0000;-0.0136;-0.1250;101.9250;
573.91;0;0;0;0;39;CF;4E;4E;4E;4D;4E;5A0;166;3C0;7.0;26.6;-39.0;14.5;5.5;76.7;0.0000;-0.0135;-0.1250;101.5250;
574.16;0;0;0;0;39;CF;4D;4D;4D;4D;4D;59B;166;3C2;7.1;26.9;-39.5;14.5;5.5;76.7;0.0000;-0.0133;-0.1750;101.6750;
574.41;0;0;0;0;39;CF;4E;4D;4D;4D;4D;59C;166;3C0;7.1;26.7;-39.0;14.5;5.5;76.7;0.0000;-0.0128;-0.1750;101.7500;
574.66;0;0;0;0;39;CF;4D;4D;4D;4D;4D;59C;166;3C0;7.1;26.7;-39.0;14.5;5.5;76.7;0.0000;-0.0118;-0.1000;101.8750;
574.91;0;0;0;0;39;CF;4D;4D;4D;4C;4D;591;166;3C0;7.1;26.2;-39.0;14.5;5.5;76.7;0.0000;-0.0117;-0.2750;102.2000;
575.16;0;0;0;0;39;CF;4D;4D;4D;4C;4D;591;166;3C0;7.1;26.2;-39.0;14.5;5.5;76.7;0.0000;-0.0087;-0.1750;102.0250;
575.41;0;0;0;0;39;CF;4D;4D;4D;4C;4D;58D;166;3C2;7.1;26.4;-39.5;14.5;5.5;76.7;0.0000;-0.0087;-0.2250;0.0000;
575.66;0;0;0;0;39;CF;4C;4D;4C;4C;4D;58C;166;3C2;7.2;26.1;-39.5;14.5;5.5;76.7;0.0000;-0.0086;-0.1500;101.8750;
575.91;0;0;0;0;39;CF;4C;4C;4C;4C;4D;58B;166;3C2;7.2;26.1;-39.5;14.5;5.5;76.7;0.0000;-0.0093;-0.1000;101.7500;
576.16;0;0;0;0;39;CF;4C;4C;4C;4C;4D;589;166;3C2;7.2;25.8;-39.5;14.5;5.5;76.7;0.0000;-0.0074;-0.1250;102.2250;
576.41;0;0;0;0;39;CF;4C;4C;4C;4C;4C;587;166;3C2;7.2;25.8;-39.5;14.5;5.5;76.7;0.0000;-0.0067;-0.1750;102.3000;
576.66;0;0;0;0;39;CF;4C;4C;4C;4C;4C;585;166;3C2;7.2;26.0;-39.0;14.5;5.5;76.7;0.0000;-0.0070;-0.1250;102.2500;
576.91;0;0;0;0;39;CF;4C;4C;4C;4C;4C;582;166;3C2;7.2;26.0;-39.0;14.5;5.5;76.7;0.0000;-0.0070;-0.1250;101.9000;
577.17;0;0;0;0;39;CF;4C;4C;4C;4C;4C;57F;166;3C2;7.2;25.8;-39.0;14.5;5.5;76.7;0.0000;-0.0079;-0.1750;102.0750;
577.42;0;0;0;0;39;CF;4C;4C;4B;4C;4C;57D;166;3C2;7.1;25.9;-39.0;14.5;5.5;76.7;0.0000;-0.0091;-0.1500;102.2000;
577.67;0;0;0;0;39;CF;4C;4B;4B;4B;4C;57D;166;3C2;7.1;25.9;-39.0;14.5;5.5;76.7;0.0000;-0.0117;-0.1250;101.7250;
577.92;0;0;0;0;39;CF;4C;4B;4C;4B;4C;579;166;3C2;7.1;26.1;-39.0;14.5;5.5;76.7;0.0000;-0.0133;-0.1250;101.9250;
578.17;0;0;0;0;39;CF;4C;4B;4B;4B;4C;578;166;3C2;7.1;26.1;-39.0;14.5;5.5;76.7;0.0000;-0.0170;-0.1500;101.6250;
578.42;0;0;0;0;39;CF;4C;4B;4B;4B;4B;576;166;3C2;7.0;25.9;-39.0;14.5;5.5;76.7;0.0000;-0.0168;-0.1500;101.4250;
578.67;0;0;0;0;39;CF;4B;4B;4B;4B;4B;572;166;3C2;7.0;25.6;-39.0;14.5;5.5;76.7;0.0000;-0.0170;-0.1500;101.7500;
578.92;0;0;0;0;39;CF;4B;4B;4B;4B;4B;571;166;3C2;7.0;25.6;-39.0;14.5;5.5;76.7;0.0000;-0.0170;-0.1750;101.6500;
579.17;0;0;0;0;39;CF;4B;4B;4B;4B;4B;570;166;3C2;7.1;25.6;-39.0;14.5;5.5;76.7;0.0000;-0.0172;-0.1000;101.3500;
579.42;0;0;0;0;39;CF;4B;4B;4B;4B;4B;56E;166;3C2;7.1;25.2;-39.0;14.5;5.5;76.7;0.0000;-0.0172;-0.1000;101.5750;
579.67;0;0;0;0;39;CF;4B;4B;4B;4A;4B;56A;166;3C2;7.1;25.2;-39.0;14.5;5.5;76.7;0.0000;-0.0172;-0.1500;101.5750;
579.92;0;0;0;0;39;CF;4B;4A;4B;4A;4B;569;166;3C2;7.1;25.0;-39.0;14.5;5.5;76.7;0.0000;-0.0172;-0.1250;101.4250;
580.17;0;0;0;0;39;CF;4B;4A;4B;4A;4B;569;166;3C2;7.1;25.0;-39.0;14.5;5.5;76.7;0.0000;-0.0272;-0.1000;101.0250;
580.42;0;0;0;0;39;CF;4B;4A;4A;4A;4B;566;166;3C2;7.1;25.0;-39.0;14.5;5.5;76.7;0.0000;-0.0303;-0.1500;100.8750;
580.67;0;0;0;0;39;CF;4A;4A;4A;4A;4A;55E;166;3C2;7.1;25.0;-39.0;14.5;5.5;76.7;0.0000;-0.0304;-0.1750;100.5750;
580.92;0;0;0;0;39;CF;4A;4A;4A;4A;4A;55F;166;3C2;7.0;24.4;-39.0;14.5;5.5;76.7;0.0000;-0.0301;-0.2000;100.5750;
581.17;0;0;0;0;39;CF;4A;4A;4A;49;4A;55F;166;3C2;7.0;24.4;-39.0;14.5;5.5;76.7;0.0000;-0.0236;-0.1500;100.9000;
581.42;0;0;0;0;39;CF;4A;4A;4A;4A;4A;55D;166;3C2;6.9;23.4;-39.0;14.5;5.5;76.7;0.0000;-0.0184;-0.1250;101.2750;
581.67;0;0;0;0;39;CF;4A;4A;4A;49;4A;559;166;3C2;7.0;23.1;-39.0;14.5;5.5;76.7;0.0000;-0.0150;-0.1500;101.6500;
581.92;0;0;0;0;39;CF;4A;4A;4A;49;4A;558;166;3C2;7.0;23.1;-39.0;14.5;5.5;76.7;0.0000;-0.0109;-0.1250;101.9250;
582.19;0;0;0;0;39;CF;4A;49;49;49;4A;556;166;3C2;7.1;23.4;-39.0;14.5;5.5;76.7;0.0000;-0.0080;-0.1250;101.9750;
582.44;0;0;0;0;39;CF;49;49;49;49;49;553;166;3C2;7.1;23.3;-39.0;14.5;5.5;76.7;0.0000;-0.0079;-0.1750;102.1250;
582.69;0;0;0;0;39;CF;4A;49;49;49;49;552;168;3C2;7.1;23.3;-39.0;14.5;5.5;76.7;0.0000;-0.0086;-0.1250;102.0500;
582.94;0;0;0;0;39;CF;49;49;49;49;49;552;168;3C2;7.1;23.5;-39.0;14.5;5.5;76.7;0.0000;-0.0088;-0.0750;102.1250;
583.19;0;0;0;0;39;CF;49;49;49;49;49;54B;168;3C2;7.0;23.8;-39.0;14.5;5.5;76.7;0.0000;-0.0084;-0.1750;102.0000;
583.44;0;0;0;0;39;CF;49;49;49;49;49;54B;168;3C2;7.0;23.8;-39.0;14.5;5.5;76.7;0.0000;-0.0075;-0.1750;102.3000;
583.69;0;0;0;0;39;CF;49;49;48;49;49;546;168;3C2;7.0;23.8;-39.0;14.5;5.5;76.7;0.0000;-0.0072;-0.2250;101.8750;
583.94;1;0;0;0;39;CF;49;49;48;48;49;506;168;3C2;7.0;23.8;-39.0;14.5;5.5;76.7;0.0000;-0.0070;-0.1750;102.0000;
584.19;1;0;0;0;39;CF;49;48;49;48;49;3F1;168;3C2;6.9;24.2;68.0;14.5;5.5;76.7;0.4039;-0.0069;-0.0750;102.2750;
584.44;1;0;0;0;39;CF;49;49;49;48;49;598;168;3C2;6.8;24.4;115.5;14.5;5.5;76.7;0.3412;-0.0075;0.0000;102.2250;
584.69;1;0;0;0;39;CF;49;49;49;49;49;54B;168;3C2;6.8;24.4;-27.5;14.5;5.5;76.7;0.0000;-0.0075;0.0250;102.0000;
584.94;1;0;0;0;39;CF;49;48;48;48;49;5FB;168;3C2;6.8;24.4;-39.5;14.5;5.5;76.7;0.0000;-0.0075;-0.1750;102.1750;
585.19;0;0;0;0;39;CF;48;48;48;48;49;664;168;3C2;6.9;24.9;-41.0;14.5;5.5;76.7;0.0000;-0.0074;-0.1250;102.2000;
585.44;0;0;0;0;39;CF;48;48;48;48;48;657;168;3C2;6.9;25.8;-41.0;14.5;5.5;76.7;0.0000;-0.0072;-0.2000;102.1250;
585.69;0;0;0;0;39;CF;48;48;48;48;48;65B;168;3C2;6.9;25.8;-41.0;14.5;5.5;76.7;0.0000;-0.0064;-0.2000;102.1250;
585.94;0;0;0;0;39;CF;48;48;48;48;48;65A;168;3C2;6.9;26.2;-41.0;14.5;5.5;76.7;0.0000;-0.0041;-0.1500;102.2500;
586.19;0;0;0;0;39;CF;48;48;48;47;48;656;168;3C2;6.8;26.0;-40.5;14.5;5.5;76.7;0.0000;-0.0011;-0.2000;0.0250;
586.44;0;0;0;0;39;CF;48;48;47;47;48;652;168;3C2;6.8;26.0;-40.5;14.5;5.5;76.7;0.0000;-0.0008;-0.1750;0.1250;
586.69;0;0;0;0;39;CF;48;48;47;47;48;651;168;3C2;6.8;26.4;-40.5;14.5;5.5;76.7;0.0000;-0.0003;-0.1500;0.4250;
586.94;0;0;0;0;39;CF;47;47;47;47;48;650;168;3C2;6.8;26.4;-40.5;14.5;5.5;76.7;0.0000;-0.0004;-0.1250;0.0750;
587.20;0;0;0;0;39;CF;47;47;47;47;48;64E;168;3C2;6.8;26.7;-40.5;14.5;5.5;76.7;0.0000;-0.0099;-0.1000;102.1250;
587.45;0;0;0;0;39;CF;47;47;47;47;47;648;168;3C2;6.7;26.7;-40.5;14.5;5.5;76.7;0.0000;-0.0099;-0.1000;102.1500;
587.70;0;0;0;0;39;CF;47;47;47;47;47;647;168;3C2;6.7;26.7;-40.5;14.5;5.5;76.7;0.0000;-0.0099;-0.1250;101.7000;
587.95;0;0;0;0;39;CF;47;47;47;47;47;648;168;3C2;6.6;26.7;-40.5;14.5;5.5;76.7;0.0000;-0.0107;-0.0500;102.0000;
588.20;0;0;0;0;39;CF;47;47;47;47;47;646;168;3C2;6.6;26.8;-40.5;14.5;5.5;76.7;0.0000;-0.0095;-0.1000;102.2000;
588.45;0;0;0;0;39;CF;47;47;47;47;47;648;168;3C2;6.6;26.8;-40.5;14.5;5.5;76.7;0.0000;-0.0088;-0.0500;102.2500;
588.70;0;1;0;0;39;CF;47;47;47;47;47;644;168;3C2;6.6;27.0;-40.0;14.5;5.5;76.7;0.0000;-0.0084;-0.4000;102.0500;
588.95;0;0;0;0;39;CF;47;47;47;47;47;641;168;3C2;6.6;27.0;-40.0;14.5;5.5;76.7;0.0000;-0.0082;-0.0250;102.1500;
589.20;0;1;0;0;39;CF;47;47;47;47;47;63E;168;3C2;6.7;26.8;-40.0;14.5;5.5;76.7;0.0000;-0.0095;-0.2750;102.1750;
589.45;0;1;0;0;39;CF;46;46;46;46;46;639;168;3C2;6.7;26.8;-40.0;14.5;5.5;76.7;0.0000;-0.0122;-0.3750;101.9250;
589.70;0;1;0;0;39;CF;46;46;46;46;46;62E;168;3C2;6.7;27.0;-40.0;14.5;5.5;76.7;0.0000;-0.0148;-0.5250;101.7000;
589.95;0;1;0;0;39;CF;45;45;45;45;46;628;168;3C2;6.7;27.0;-40.0;14.5;5.5;76.7;0.0000;-0.0146;-0.2250;101.9000;
590.20;0;1;0;0;39;CF;45;45;45;45;45;61C;168;3C2;6.7;27.3;-40.0;14.5;5.5;76.7;0.0000;-0.0140;-0.7500;101.7000;
590.45;0;1;0;0;39;CF;45;45;44;44;45;613;168;3C2;6.8;26.9;-40.0;14.5;5.5;76.7;0.0000;-0.0135;-0.4000;101.6500;
590.70;0;1;0;0;39;CF;44;44;44;44;44;608;168;3C2;6.8;26.9;-40.0;14.5;5.5;76.7;0.0000;-0.0128;-0.3500;101.9500;
590.95;0;1;0;0;39;CF;44;44;44;44;44;602;168;3C2;6.8;27.0;-40.0;14.5;5.5;76.7;0.0000;-0.0118;-0.2250;101.9500;
591.20;0;1;0;0;39;CF;43;44;43;43;44;5F6;168;3C2;6.9;27.2;-39.5;14.5;5.5;76.7;0.0000;-0.0100;-0.1000;101.8250;
591.45;0;1;0;0;39;CF;43;43;43;43;43;5ED;168;3C2;6.9;27.2;-39.5;14.5;5.5;76.7;0.0000;-0.0070;-0.7000;102.0750;
591.70;0;1;0;0;39;CF;42;42;42;42;43;5DF;168;3C2;7.1;27.2;-39.5;14.5;5.5;76.7;0.0000;-0.0059;-0.6500;102.3250;
591.95;0;1;0;0;39;CF;42;42;42;42;42;5D3;168;3C2;7.1;27.2;-39.5;14.5;5.5;76.7;0.0000;-0.0056;-0.6000;0.0000;
592.21;0;1;0;0;39;CF;41;41;41;41;41;5C5;168;3C2;7.1;27.9;-39.5;14.5;5.5;76.7;0.0000;-0.0051;-0.8750;0.1000;
592.46;0;1;0;0;39;CF;41;41;41;41;41;5B7;168;3C2;7.2;28.3;-39.5;14.5;5.5;76.7;0.0000;-0.0051;-0.8750;102.2250;
592.71;0;1;0;0;39;CF;40;40;40;40;40;5AF;168;3C2;7.2;28.3;-39.5;14.5;5.5;76.7;0.0000;-0.0066;-0.5500;102.2000;
592.96;0;1;0;0;39;CF;40;40;40;3F;40;5A4;168;3C2;7.2;28.1;-39.5;14.5;5.5;76.7;0.0000;-0.0079;-0.5000;102.1250;
593.21;0;1;0;0;39;CF;3F;40;3F;3F;40;59C;168;3C2;7.2;28.1;-39.5;14.5;5.5;76.7;0.0000;-0.0077;-0.5000;102.2000;
593.46;0;1;0;0;39;CF;3F;3F;3F;3F;3F;58F;168;3C2;7.2;28.5;-39.0;14.5;5.5;76.7;0.0000;-0.0077;-0.5250;102.2750;
593.71;0;1;0;0;39;CF;3F;3E;3E;3E;3F;585;168;3C2;7.2;28.5;-39.5;14.5;5.5;76.7;0.0000;-0.0077;-0.8250;102.3750;
593.96;0;1;0;0;39;CF;3E;3E;3E;3E;3E;577;168;3C2;7.2;28.7;-39.0;14.5;5.5;76.7;0.0000;-0.0074;-0.4500;102.1500;
594.21;0;1;0;0;39;CF;3E;3E;3D;3D;3E;571;168;3C2;7.2;28.7;-39.0;14.5;5.5;76.7;0.0000;-0.0074;-0.2000;102.2750;
594.46;0;1;0;0;39;CF;3D;3D;3D;3D;3D;565;168;3C2;7.2;28.7;-39.0;14.5;5.5;76.7;0.0000;-0.0072;-0.2750;102.0750;
594.71;0;1;0;0;39;CF;3D;3D;3D;3D;3D;55D;168;3C2;7.1;29.2;-39.0;14.5;5.5;76.7;0.0000;-0.0069;-0.4750;102.1250;
594.96;0;1;0;0;39;CF;3C;3C;3C;3C;3C;553;168;3C2;7.1;29.2;-39.0;14.5;5.5;76.7;0.0000;-0.0057;-0.3250;102.2500;
595.21;0;1;0;0;39;CF;3C;3C;3C;3C;3C;54C;168;3C2;7.1;29.4;-39.0;14.5;5.5;76.7;0.0000;-0.0049;-0.4750;102.3250;
595.46;0;1;0;0;39;CF;3C;3C;3B;3B;3C;543;168;3C2;7.0;29.5;-39.0;14.5;5.5;76.7;0.0000;-0.0041;-0.6750;102.3000;
595.71;0;1;0;0;39;CF;3B;3B;3B;3B;3B;53C;168;3C2;7.0;29.5;-39.0;14.5;5.5;76.7;0.0000;-0.0033;-0.6000;0.1000;
595.96;0;1;0;0;39;CF;3B;3B;3B;3B;3B;533;168;3C2;6.9;29.5;-39.0;14.5;5.5;76.7;0.0000;-0.0022;-0.4250;0.0250;
596.21;0;1;0;0;39;CF;3A;3B;3A;3A;3B;52B;168;3C2;6.9;29.8;-39.0;14.5;5.5;76.7;0.0000;-0.0022;-0.6500;102.2750;
596.46;0;1;0;0;39;CF;3A;3A;3A;3A;3A;525;168;3C2;6.9;29.8;-39.0;14.5;5.5;76.7;0.0000;-0.0022;-0.6500;0.0500;
596.71;0;1;0;0;39;CF;3A;3A;3A;3A;3A;51D;168;3C2;6.9;29.8;-39.0;14.5;5.5;76.7;0.0000;-0.0022;-0.5500;0.0000;
596.96;0;1;0;0;39;CF;39;39;39;39;39;515;168;3C2;6.9;29.8;-39.0;14.5;5.5;76.7;0.0000;-0.0021;-0.5500;0.1750;
597.23;0;1;0;0;39;CF;39;39;39;39;39;50D;168;3C2;6.9;30.0;-39.0;14.5;5.5;76.7;0.0000;-0.0020;0.1250;0.1750;
597.48;1;0;0;0;39;CF;39;39;39;39;39;508;168;3C2;6.9;30.0;-39.0;14.5;5.5;76.7;0.0000;-0.0020;0.1500;0.0750;
597.73;1;0;0;0;39;CF;39;39;39;39;39;47E;168;3C2;6.9;30.4;-38.0;14.5;5.5;76.7;0.0000;-0.0041;0.1500;0.0500;
597.98;1;0;0;0;39;CF;3A;39;39;39;3A;374;168;3C2;6.9;30.4;54.5;14.5;5.5;76.7;0.4039;-0.0041;0.3250;0.0500;
598.23;1;0;0;0;39;CF;3A;3A;3A;3A;3A;50B;168;3C4;6.9;30.1;109.0;14.5;5.5;76.7;0.5373;-0.0041;0.3750;0.0750;
598.48;1;0;0;0;39;CF;3A;3A;3A;3A;3A;563;168;3C2;6.7;29.8;-26.5;14.5;5.5;76.7;0.0000;-0.0043;0.3250;0.1000;
598.73;1;0;0;0;39;CF;3A;3A;3A;3A;3A;5D7;168;3C2;6.7;29.8;-40.0;14.5;5.5;76.7;0.0000;-0.0041;0.2250;102.3750;
598.98;1;0;0;0;39;CF;3A;3A;3A;3A;3A;671;168;3C2;6.5;29.9;-40.5;14.5;5.5;76.7;0.0000;-0.0043;0.0000;0.0000;
599.23;0;0;0;0;39;CF;3A;3A;3A;3A;3A;66F;168;3C2;6.4;29.7;-41.5;14.5;5.5;76.7;0.0000;-0.0080;0.0500;102.3250;
599.48;0;0;0;0;39;CF;3A;3A;3A;3A;3B;66D;168;3C2;6.4;29.7;-41.5;14.5;5.5;76.7;0.0000;-0.0082;0.0750;102.2250;
599.73;0;1;0;0;39;CF;3B;3B;3B;3A;3B;677;168;3C4;6.3;29.4;-41.0;14.5;5.5;76.7;0.0000;-0.0075;0.0750;0.0000;
599.98;0;1;0;0;39;CF;3B;3A;3A;3B;3B;677;168;3C2;6.3;29.4;-41.0;14.5;5.5;76.7;0.0000;-0.0067;-0.1500;102.2750;
600.23;0;1;0;0;39;CF;3A;3A;3A;3A;3B;66F;168;3C2;6.2;29.4;-41.0;14.5;5.5;76.7;0.0000;-0.0054;-0.3250;0.0000;
600.48;0;1;0;0;39;CF;3A;3A;3A;3A;3A;662;168;3C4;6.2;29.3;-41.0;14.5;5.5;76.7;0.0000;-0.0041;-0.5500;102.2250;
600.73;0;1;0;0;39;CF;39;39;39;39;3A;659;168;3C2;6.2;29.3;-40.5;14.5;5.5;76.7;0.0000;-0.0041;-0.4750;102.2500;
600.98;0;1;0;0;39;CF;39;39;39;39;39;64C;168;3C4;6.1;29.1;-40.5;14.5;5.5;76.7;0.0000;-0.0031;-0.3750;0.0000;
601.23;0;0;0;0;39;CF;39;39;39;39;39;64C;168;3C4;6.1;29.2;-40.0;14.5;5.5;76.7;0.0000;-0.0021;-0.0250;102.3750;
601.48;0;0;0;0;39;CF;39;39;39;39;39;64E;168;3C4;6.1;29.2;-40.0;14.5;5.5;76.7;0.0000;-0.0020;0.0500;0.0000;
601.73;0;1;0;0;39;CF;39;39;39;39;39;650;168;3C4;6.1;29.2;-39.5;14.5;5.5;76.7;0.0000;-0.0016;0.0000;0.0000;
601.98;0;1;0;0;39;CF;39;39;39;39;39;652;168;3C4;6.0;28.8;-39.5;14.5;5.5;76.7;0.0000;-0.0008;0.0250;0.0500;
602.24;0;1;0;0;39;CF;39;39;39;39;39;652;168;3C4;5.9;28.9;-39.5;14.5;5.5;76.7;0.0000;-0.0008;-0.4000;0.2000;
602.49;0;1;0;0;39;CF;39;39;38;39;39;645;168;3C4;5.9;28.9;-39.0;14.5;5.5;76.7;0.0000;-0.0008;-0.7000;102.3750;
602.74;0;1;0;0;39;CF;38;38;38;38;38;638;168;3C4;6.0;29.5;-39.0;14.4;5.5;76.7;0.0000;-0.0007;-0.3250;102.2500;
602.99;0;1;0;0;39;CF;38;38;38;38;38;629;168;3C4;6.1;29.8;-38.5;14.4;5.5;76.7;0.0000;-0.0003;-0.5000;102.0750;
603.24;0;1;0;0;39;CF;37;37;37;37;37;620;168;3C4;6.1;29.8;-38.5;14.4;5.5;76.7;0.0000;0.0000;-0.4250;0.3750;
603.49;0;1;0;0;39;CF;37;37;37;37;37;612;168;3C4;6.2;29.6;-38.5;14.4;5.5;76.7;0.0000;0.0001;-0.3750;0.1250;
603.74;0;1;0;0;39;CF;37;37;36;36;37;607;168;3C4;6.2;29.6;-38.0;14.4;5.5;76.7;0.0000;0.0001;-0.2500;102.3250;
603.99;0;1;0;0;39;CF;36;36;36;36;36;5FF;168;3C4;6.2;30.0;-38.0;14.4;5.5;76.7;0.0000;0.0004;-0.3500;102.3500;
604.24;0;1;0;0;39;CF;36;36;36;36;36;5F4;168;3C4;6.2;30.4;-38.0;14.4;5.5;76.7;0.0000;0.0004;-0.7250;102.3500;
604.49;0;1;0;0;39;CF;36;35;35;35;36;5E4;168;3C4;6.2;30.4;-37.5;14.4;5.5;76.7;0.0000;-0.0029;-0.3500;102.1750;
604.74;0;1;0;0;38;CF;35;35;35;35;35;5DA;168;3C4;6.2;29.9;-37.5;14.4;5.5;76.7;0.0000;-0.0011;-0.4500;102.2250;
604.99;0;0;0;0;38;CF;35;35;34;35;35;5D1;168;3C4;6.2;29.9;-37.5;14.4;5.5;76.7;0.0000;-0.0001;-0.2750;101.9750;
605.24;0;0;0;0;38;CF;35;35;35;35;35;5D0;168;3C4;6.2;29.9;-37.5;14.4;5.5;76.7;0.0000;0.0003;-0.2250;102.3000;
605.49;0;0;0;0;38;CF;34;35;35;35;35;5CE;168;3C4;6.2;29.9;-37.5;14.4;5.5;76.7;0.0000;0.0008;-0.1250;102.1750;
605.74;0;0;0;0;38;CF;35;34;34;35;35;5CD;168;3C4;6.2;29.9;-37.5;14.4;5.5;76.7;0.0000;0.0014;-0.1000;102.1250;
605.99;0;1;0;0;38;CF;34;34;34;34;35;5CA;168;3C4;6.1;29.7;-37.5;14.4;5.5;76.7;0.0000;0.0031;0.0000;102.3000;
606.24;0;1;0;0;38;CF;34;34;34;34;34;5C3;169;3C4;6.1;29.7;-37.5;14.4;5.5;76.7;0.0000;0.0057;-0.7250;102.3750;
606.49;0;1;0;0;38;CF;33;34;33;34;34;5B3;169;3C4;6.1;29.8;-37.5;14.4;5.5;76.7;0.0000;0.0072;-0.2750;0.1000;
606.74;0;1;0;0;38;CF;33;33;33;33;33;5AC;169;3C4;6.1;29.8;-37.5;14.4;5.5;76.7;0.0000;0.0074;-0.6000;0.0250;
606.99;0;0;0;0;38;CF;33;33;33;33;33;59A;169;3C4;6.1;29.8;-37.5;14.4;5.5;76.7;0.0000;0.0075;-0.4000;0.0750;
607.25;0;0;0;0;38;CF;32;33;32;33;33;599;169;3C4;6.1;29.6;-38.0;14.4;5.5;76.7;0.0000;0.0061;-0.3250;102.3750;
607.50;0;0;0;0;38;CF;32;32;32;32;33;596;169;3C4;6.1;29.6;-38.0;14.4;5.5;76.7;0.0000;0.0046;-0.1750;0.0500;
607.75;0;0;0;0;38;CF;32;32;32;32;33;593;169;3C4;6.0;29.4;-38.0;14.5;5.5;76.7;0.0000;0.0025;-0.1250;102.2500;
608.00;0;0;0;0;38;CF;32;32;32;32;32;58D;169;3C4;5.8;29.4;-38.0;14.5;5.5;76.7;0.0000;0.0000;-0.1750;102.1250;
608.25;0;0;0;0;38;CF;32;32;32;32;32;58B;169;3C4;5.8;29.4;-38.5;14.5;5.5;76.7;0.0000;-0.0008;-0.1250;102.3750;
608.50;0;0;0;0;38;CF;32;32;32;32;32;586;169;3C4;5.7;29.0;-38.5;14.5;5.5;76.7;0.0000;-0.0070;-0.1500;101.8500;
608.75;0;0;0;0;38;CF;32;32;32;32;32;580;169;3C4;5.7;29.0;-39.0;14.5;5.5;76.7;0.0000;-0.0099;-0.2000;102.0750;
609.00;0;0;0;0;38;CF;32;32;32;31;32;57E;169;3C4;5.6;28.9;-39.0;14.4;5.5;76.7;0.0000;-0.0075;-0.1750;101.9750;
609.25;0;1;0;0;38;CF;31;31;31;31;32;579;169;3C4;5.5;28.8;-39.5;14.4;5.5;76.7;0.0000;-0.0039;-0.4500;102.1500;
609.50;0;1;0;0;38;CF;31;31;31;31;31;570;169;3C4;5.5;28.8;-39.5;14.4;5.5;76.7;0.0000;0.0014;-0.3250;102.2000;
609.75;0;1;0;0;38;CF;30;31;30;30;31;560;169;3C4;5.4;28.6;-40.0;14.4;5.5;76.7;0.0000;0.0054;-0.4250;0.4500;
610.00;0;1;0;0;38;CF;30;30;30;30;30;54C;169;3C4;5.4;28.6;-40.0;14.4;5.5;76.7;0.0000;0.0080;-0.9750;0.0500;
610.25;0;1;0;0;38;CF;2F;2F;2F;2F;2F;53D;169;3C4;5.4;29.3;-40.5;14.4;5.5;76.7;0.0000;0.0091;-0.9250;0.5500;
610.50;0;1;0;0;38;CF;2F;2F;2E;2E;2F;522;169;3C6;5.4;29.3;-40.5;14.4;5.5;76.7;0.0000;0.0091;-0.9750;102.1500;
610.75;0;0;0;0;38;CF;2E;2E;2E;2E;2E;51D;169;3C6;5.4;29.3;-41.0;14.4;5.5;76.7;0.0000;0.0079;-0.2000;102.2250;
611.00;0;0;0;0;38;CF;2E;2E;2E;2E;2E;513;169;3C4;5.3;28.9;-41.0;14.4;5.5;76.7;0.0000;0.0000;-0.3250;102.0750;
611.25;0;0;0;0;38;CF;2E;2E;2E;2E;2E;512;169;3C6;5.3;28.9;-41.5;14.4;5.5;76.7;0.0000;-0.0011;-0.2250;102.0000;
611.50;0;1;0;0;38;CF;2D;2E;2D;2D;2D;504;169;3C4;5.2;28.9;-42.0;14.4;5.5;76.7;0.0000;-0.0011;-0.4500;102.1750;
611.75;0;1;0;0;38;CF;2D;2D;2D;2D;2D;4F7;169;3C6;5.2;28.9;-42.0;14.4;5.5;76.7;0.0000;-0.0007;-0.5000;102.1250;
612.00;0;1;0;0;38;CF;2C;2C;2C;2C;2C;4E2;169;3C4;5.2;29.0;-42.5;14.4;5.5;76.7;0.0000;0.0008;-1.0250;102.2000;
612.27;0;1;0;0;38;CF;2B;2B;2B;2B;2B;4CC;169;3C6;5.2;28.9;-42.5;14.4;5.5;76.7;0.0000;0.0007;-0.6500;102.2250;
612.52;0;1;0;0;38;CF;2B;2B;2B;2B;2B;4B9;169;3C6;5.2;28.9;-42.5;14.4;5.5;76.7;0.0000;0.0011;-0.7500;102.0750;
612.77;0;1;0;0;38;CF;2A;2A;2A;2A;2A;4A7;169;3C4;5.3;29.2;-43.0;14.4;5.5;76.7;0.0000;0.0110;-0.5750;102.2500;
613.02;0;1;0;0;38;CF;29;29;29;29;2A;494;169;3C6;5.3;29.6;-43.0;14.4;5.5;76.7;0.0000;0.0130;-0.7000;0.0750;
613.27;0;1;0;0;38;CF;29;29;28;29;29;483;169;3C6;5.3;29.6;-43.5;14.4;5.5;76.7;0.0000;0.0183;-0.7000;0.0250;
613.52;0;1;0;0;38;CF;28;28;28;28;28;470;169;3C6;5.3;30.1;-43.5;14.4;5.5;76.7;0.0000;0.0242;-0.6750;0.0250;
613.77;0;1;0;0;38;CF;27;28;27;28;28;460;169;3C4;5.3;30.1;-44.0;14.4;5.5;76.7;0.0000;0.0333;-0.6000;0.2500;
614.02;0;1;0;0;38;CF;27;27;27;27;27;456;169;3C6;5.3;30.6;-44.0;14.4;5.5;76.7;0.0000;0.0334;-0.4750;0.4500;
614.27;0;1;0;0;38;CF;27;27;26;27;27;450;169;3C6;5.3;30.6;-45.0;14.4;5.5;76.7;0.0000;0.0356;-0.2000;0.6750;
614.52;0;1;0;0;38;CF;26;27;26;27;27;44A;169;3C6;5.2;30.5;-45.0;14.4;5.5;76.7;0.0000;0.0382;-0.3750;0.7750;
614.77;0;1;0;0;38;CF;26;26;26;26;26;439;169;3C6;5.2;30.5;-45.5;14.4;5.5;76.7;0.0000;0.0480;-0.6000;0.8250;
615.02;0;0;0;0;38;CF;26;26;25;26;26;433;169;3C6;5.1;30.6;-46.0;14.4;5.5;76.7;0.0000;0.0653;-0.3250;1.1250;
615.27;0;0;0;0;38;CF;25;26;25;26;26;42E;169;3C6;5.0;31.6;-46.5;14.4;5.5;76.7;0.0000;0.0814;-0.1750;1.6250;
615.52;0;0;0;0;38;CF;25;26;25;26;26;42D;169;3C6;5.0;31.6;-46.5;14.4;5.5;76.7;0.0000;0.0980;-0.1500;2.1000;
615.77;0;0;0;0;38;CF;25;26;25;26;26;42E;169;3C6;4.9;32.3;-46.5;14.4;5.5;76.7;0.0000;0.1309;-0.0750;2.9000;
616.02;0;0;0;0;38;CF;25;26;25;26;26;428;169;3C6;4.7;33.9;-46.5;14.4;5.5;76.7;0.0000;0.1359;-0.1500;2.4000;
616.27;0;0;0;0;38;CF;24;26;24;26;25;422;169;3C6;4.7;33.9;-47.0;14.4;5.5;76.7;0.0000;0.1480;-0.2000;3.2000;
616.52;0;0;0;0;38;CF;25;27;24;26;25;427;169;3C6;4.5;35.8;-47.0;14.4;5.5;76.7;0.0000;0.1475;-0.0750;2.2000;
616.77;0;0;0;0;38;CF;24;26;24;26;25;426;169;3C6;4.5;35.8;-47.0;14.4;5.5;76.7;0.0000;0.1441;0.0000;2.4250;
617.02;0;0;0;0;38;CF;24;26;24;26;25;41F;169;3C6;4.2;37.0;-47.0;14.4;5.5;76.7;0.0000;0.1443;-0.0750;3.5500;
617.28;0;0;0;0;38;CF;24;26;24;26;25;422;169;3C6;4.0;38.7;-47.0;14.4;5.5;76.7;0.0000;0.1426;-0.0500;3.2000;
617.53;0;0;0;0;38;CF;25;26;25;26;25;420;169;3C6;4.0;38.7;-47.0;14.4;5.5;76.7;0.0000;0.1306;0.0000;2.6750;
617.78;0;0;0;0;38;CF;25;26;24;26;25;424;169;3C6;3.8;40.4;-47.0;14.4;5.5;76.7;0.0000;0.1009;0.0500;2.1000;
618.03;0;0;0;0;38;CF;25;26;25;26;25;420;169;3C6;3.6;41.0;-46.5;14.4;5.5;76.7;0.0000;0.0904;-0.0750;1.7250;
618.28;0;0;0;0;38;CF;25;26;25;25;25;41E;169;3C6;3.6;41.0;-46.5;14.4;5.5;76.7;0.0000;0.0773;-0.1250;1.4250;
618.53;0;0;0;0;38;CF;25;25;25;25;25;422;169;3C6;3.6;41.0;-46.5;14.4;5.5;76.7;0.0000;0.0596;0.0250;1.0500;
618.78;0;0;0;0;38;CF;25;25;25;25;25;41F;169;3C6;3.5;41.3;-46.5;14.4;5.5;76.7;0.0000;0.0354;0.0000;0.7250;
619.03;0;0;0;0;38;CF;25;25;25;25;25;422;169;3C6;3.4;41.6;-46.5;14.4;5.5;76.7;0.0000;0.0282;0.0250;0.6000;
619.28;0;0;0;0;38;CF;25;26;25;25;25;422;169;3C6;3.4;41.6;-46.5;14.4;5.5;76.7;0.0000;0.0255;0.0250;0.7500;
619.53;0;0;0;0;38;CF;25;25;25;25;25;420;169;3C6;3.4;41.0;-46.0;14.4;5.5;76.7;0.0000;0.0123;-0.0250;0.0500;
619.78;0;0;0;0;38;CF;25;25;25;25;25;421;169;3C6;3.4;41.0;-46.0;14.4;5.5;76.7;0.0000;-0.0001;-0.0500;0.1750;
620.03;0;0;0;0;38;CF;25;25;25;25;25;422;169;3C6;3.5;40.4;-46.0;14.4;5.5;76.7;0.0000;-0.0062;0.0250;102.2500;
620.28;0;0;0;0;38;CF;25;25;25;25;25;427;169;3C6;3.7;38.9;-46.0;14.4;5.5;76.7;0.0000;-0.0066;0.0500;0.0250;
620.53;0;0;0;0;38;CF;26;25;25;25;26;427;169;3C6;3.7;38.9;-46.0;14.4;5.5;76.7;0.0000;-0.0069;0.0500;102.2500;
620.78;0;0;0;0;38;CF;26;26;25;25;26;427;169;3C6;3.8;36.9;-46.0;14.5;5.5;76.7;0.0000;-0.0070;0.0250;0.0500;
621.03;0;0;0;0;38;CF;26;26;26;25;26;42A;169;3C6;4.0;35.5;-45.5;14.5;5.5;76.7;0.0000;-0.0070;0.0000;0.1750;
621.28;0;0;0;0;38;CF;26;26;25;25;26;429;169;3C6;4.0;35.5;-45.5;14.5;5.5;76.7;0.0000;-0.0070;0.0250;0.0000;
621.53;0;0;0;0;38;CF;26;26;26;25;26;42A;169;3C6;4.1;33.8;-45.5;14.5;5.5;76.7;0.0000;-0.0070;0.0000;102.2500;
621.78;0;0;0;0;38;CF;26;26;26;25;26;42D;169;3C6;4.1;33.8;-45.5;14.5;5.5;76.7;0.0000;-0.0067;0.0250;102.2500;
622.03;0;0;0;0;38;CF;26;26;26;26;26;42D;169;3C6;4.2;31.5;-45.5;14.5;5.5;76.7;0.0000;-0.0067;0.0000;102.2750;
622.30;0;0;0;0;38;CF;26;26;26;25;26;42C;169;3C6;4.4;30.5;-45.5;14.5;5.5;76.7;0.0000;-0.0067;0.0000;102.2750;
622.55;0;0;0;0;38;CF;26;25;26;26;26;42E;16B;3C6;4.4;30.5;-45.0;14.5;5.5;76.7;0.0000;-0.0057;0.0250;0.1000;
622.80;0;0;0;0;38;CF;26;26;26;26;26;432;16B;3C6;4.6;30.1;-45.0;14.5;5.5;76.7;0.0000;-0.0036;0.0500;0.2000;
623.05;0;0;0;0;38;CF;26;25;26;26;26;431;16B;3C6;4.6;30.1;-45.0;14.5;5.5;76.7;0.0000;-0.0021;-0.0250;0.0250;
623.30;0;0;0;0;38;CF;26;26;26;26;26;42F;16B;3C6;4.7;29.4;-45.0;14.5;5.5;76.7;0.0000;-0.0011;-0.0250;0.2250;
623.55;0;0;0;0;38;CF;26;26;26;26;26;42F;16B;3C6;4.7;29.4;-45.0;14.5;5.5;76.7;0.0000;-0.0004;0.0000;0.4500;
623.80;0;0;0;0;38;CF;26;26;26;25;26;42E;16B;3C6;4.7;29.1;-45.0;14.5;5.5;76.7;0.0000;-0.0028;-0.0250;0.2500;
624.05;0;0;0;0;38;CF;26;26;26;26;26;431;16B;3C6;4.7;29.2;-45.0;14.5;5.5;76.7;0.0000;-0.0064;0.0250;0.1750;
624.30;0;0;0;0;38;CF;26;26;26;26;26;435;16B;3C6;4.7;29.2;-45.0;14.5;5.5;76.7;0.0000;-0.0054;0.0250;0.0000;
624.55;0;0;0;0;38;CF;26;26;26;26;26;438;16B;3C6;4.7;29.2;-45.0;14.5;5.5;76.7;0.0000;-0.0052;0.0500;102.3750;
624.80;0;0;0;0;38;CF;26;26;26;26;26;43B;16B;3C6;4.7;29.2;-45.0;14.5;5.5;76.7;0.0000;-0.0135;-0.0250;0.1000;
625.05;0;0;0;0;38;CF;26;26;26;26;26;43A;16B;3C6;4.7;29.2;-45.0;14.5;5.5;76.7;0.0000;-0.0236;-0.0250;101.9750;
625.30;0;0;0;0;38;CF;26;26;26;26;26;439;16B;3C6;4.7;29.4;-44.5;14.5;5.5;76.7;0.0000;-0.0501;-0.0500;101.1000;
625.55;0;0;0;0;38;CF;27;26;26;25;26;436;16B;3C6;4.7;29.4;-44.5;14.5;5.5;76.7;0.0000;-0.0730;-0.0750;100.5750;
625.80;0;0;0;0;38;CF;27;25;26;25;26;43A;16B;3C6;4.6;28.8;-44.5;14.5;5.5;76.7;0.0000;-0.0964;0.0500;100.2750;
626.05;0;0;0;0;38;CF;27;25;26;25;26;435;16B;3C6;4.5;27.8;-44.5;14.5;5.5;76.7;0.0000;-0.1004;-0.1000;100.1250;
626.30;0;0;0;0;38;CF;27;25;26;25;26;431;16B;3C6;4.5;27.8;-44.5;14.4;5.5;76.7;0.0000;-0.1001;-0.1250;100.3000;
626.55;0;0;0;0;38;CF;26;25;26;25;26;42C;16B;3C6;4.5;27.3;-44.5;14.4;5.5;76.7;0.0000;-0.0999;-0.1750;100.7000;
626.80;0;0;0;0;38;CF;26;25;26;25;26;425;16B;3C6;4.5;27.3;-44.5;14.4;5.5;76.7;0.0000;-0.1063;-0.2500;100.3000;
627.05;0;0;0;0;38;CF;26;25;26;24;25;41B;16B;3C6;4.3;26.5;-44.5;14.4;5.5;76.7;0.0000;-0.1136;-0.3500;100.3250;
627.32;0;0;0;0;38;CF;26;25;25;24;25;41B;16B;3C6;4.3;26.5;-44.5;14.4;5.5;76.7;0.0000;-0.1124;-0.2000;99.9750;
627.57;0;0;0;0;38;CF;25;24;25;24;25;415;16B;3C6;4.2;25.4;-27.0;14.4;5.5;76.7;0.1922;-0.1144;-0.2500;100.2250;
627.82;0;0;0;0;38;CF;25;24;25;24;25;41B;16B;3C6;4.2;24.6;14.0;14.5;5.5;76.7;0.2118;-0.1193;-0.2500;100.2500;
628.07;0;0;0;0;38;CF;25;24;25;24;25;420;16B;3C6;4.2;24.6;49.0;14.5;5.5;76.7;0.2431;-0.1188;0.0250;100.1250;
628.32;0;0;0;0;38;CF;26;24;25;24;25;419;16B;3C6;4.1;23.5;69.0;14.5;5.5;76.7;0.2745;-0.1152;0.1250;100.2250;
628.57;0;0;0;0;38;CF;25;24;26;24;25;421;16B;3C6;4.1;23.5;91.0;14.4;5.5;76.7;0.2784;-0.1078;0.1500;100.4250;
628.82;0;0;0;0;38;CF;26;25;26;25;25;42C;16B;3C6;4.0;22.2;93.0;14.4;5.5;76.7;0.2667;-0.1028;0.2750;100.0750;
629.07;0;0;0;0;38;CF;27;25;26;25;26;431;16B;3C6;3.8;21.5;89.5;14.4;5.5;76.7;0.2627;-0.0966;0.3250;100.0500;
629.32;0;0;0;0;38;CF;26;25;26;25;26;433;16B;3C6;3.8;21.5;89.0;14.4;5.5;76.7;0.2588;-0.0864;0.2750;101.0000;
629.57;0;0;0;0;38;CF;27;26;27;26;26;43C;16B;3C6;3.7;20.2;85.5;14.4;5.5;76.7;0.2549;-0.0976;0.2500;100.3500;
629.82;0;0;0;0;38;CF;27;26;27;26;26;441;16B;3C6;3.7;19.9;84.0;14.4;5.5;76.7;0.2549;-0.0976;0.2000;100.5750;
630.07;0;0;0;0;38;CF;27;26;27;26;27;44D;16B;3C6;3.7;19.9;83.5;14.4;5.5;76.7;0.2549;-0.0944;0.2500;100.5750;
630.32;0;0;0;0;38;CF;27;26;27;26;27;44F;16B;3C6;3.7;20.0;84.0;14.4;5.5;76.7;0.2549;-0.0899;0.2500;100.7250;
630.57;0;0;0;0;38;CF;27;27;27;26;27;453;16B;3C6;3.7;20.0;81.5;14.4;5.5;76.7;0.2510;-0.0758;0.1500;100.8750;
630.82;0;0;0;0;38;CF;28;27;28;27;27;45A;16B;3C6;3.7;19.9;82.0;14.4;5.5;76.7;0.2510;-0.0717;0.1750;100.8750;
631.07;0;0;0;0;38;CF;28;27;28;27;27;462;16B;3C6;3.7;19.9;89.0;14.4;5.5;76.7;0.2824;-0.0656;0.2000;101.1500;
631.32;0;0;0;0;38;CF;28;27;28;27;28;46A;16B;3C6;3.7;19.7;99.0;14.4;5.5;76.7;0.3020;-0.0648;0.2500;101.0750;
631.57;0;0;0;0;38;CF;28;28;28;28;28;472;16B;3C6;3.7;19.7;113.0;14.4;5.5;76.7;0.3059;-0.0648;0.2750;100.9000;
631.82;0;0;0;0;38;CF;29;28;29;28;28;47C;16B;3C6;3.8;20.0;115.5;14.4;5.5;76.7;0.3020;-0.0651;0.3250;101.0250;
632.07;0;0;0;0;38;CF;29;28;29;28;29;487;16B;3C6;3.8;20.1;116.0;14.4;5.5;76.7;0.3020;-0.0669;0.4000;100.7000;
632.33;0;0;0;0;38;CF;2A;29;2A;29;29;492;16B;3C6;3.8;20.1;114.0;14.4;5.5;76.7;0.2980;-0.0669;0.4000;100.7000;
632.58;0;0;0;0;38;CF;2A;29;2A;29;2A;49C;16B;3C6;3.8;19.9;112.0;14.4;5.5;76.7;0.3020;-0.0639;0.4000;100.7500;
632.83;0;0;0;0;38;CF;2A;2A;2A;2A;2A;4A1;16B;3C6;3.8;20.4;111.0;14.4;5.5;76.7;0.2941;-0.0573;0.3500;101.0000;
633.08;0;0;0;0;38;CF;2A;2A;2A;2A;2A;4AD;16B;3C6;3.8;20.4;107.0;14.4;5.5;76.7;0.2863;-0.0443;0.3750;101.2750;
633.33;0;0;0;0;38;CF;2B;2B;2B;2A;2B;4B8;16B;3C6;3.8;20.2;103.5;14.4;5.5;76.7;0.2863;-0.0293;0.4000;101.9750;
633.58;0;0;0;0;38;CF;2B;2B;2B;2B;2B;4C0;16B;3C6;3.9;20.8;101.5;14.4;5.5;76.7;0.2824;-0.0164;0.3500;102.0750;
633.83;0;0;0;0;38;CF;2B;2B;2B;2B;2B;4C7;16B;3C6;3.9;20.8;98.5;14.4;5.5;76.7;0.2706;-0.0104;0.2250;102.1250;
634.08;0;0;0;0;38;CF;2B;2B;2B;2B;2B;4CD;16B;3C6;4.0;21.4;77.0;14.4;5.5;76.7;0.2392;-0.0008;0.2500;102.1250;
634.33;0;0;0;0;38;CF;2B;2C;2C;2C;2C;4D6;16B;3C6;4.0;21.4;69.0;14.4;5.5;76.7;0.2314;0.0109;0.2000;0.1750;
634.58;0;0;0;0;38;CF;2C;2C;2B;2C;2C;4D6;16B;3C6;4.1;21.8;64.5;14.4;5.5;76.7;0.2275;0.0234;0.1500;0.4750;
634.83;0;0;0;0;38;CF;2C;2C;2C;2C;2C;4DB;16B;3C6;4.1;22.7;63.0;14.4;5.5;76.7;0.2275;0.0309;0.1000;0.7000;
635.08;0;0;0;0;38;CF;2C;2C;2C;2C;2C;4DF;16B;3C6;4.1;22.7;61.5;14.4;5.5;76.7;0.2235;0.0466;0.1000;1.3250;
635.33;0;0;0;0;38;CF;2B;2C;2C;2C;2C;4DE;16C;3C6;4.1;22.7;59.5;14.4;5.5;76.7;0.2157;0.0595;0.0750;1.6750;
635.58;0;0;0;0;38;CF;2C;2D;2C;2C;2C;4E1;16C;3C6;4.1;23.6;48.0;14.4;5.5;76.7;0.1961;0.0791;0.1000;1.6750;
635.83;0;0;0;0;38;CF;2B;2D;2C;2D;2C;4E0;16C;3C6;4.0;25.0;39.5;14.4;5.5;76.7;0.1882;0.0796;0.0000;2.5250;
636.08;0;0;0;0;38;CF;2C;2D;2B;2D;2C;4E0;16C;3C6;4.0;25.0;38.5;14.4;5.5;76.7;0.1882;0.0794;-0.0250;1.8500;
636.33;0;0;0;0;38;CF;2B;2D;2B;2C;2C;4E0;16C;3C6;3.9;26.8;38.0;14.4;5.5;76.7;0.1882;0.0796;-0.0750;1.8000;
636.58;0;0;0;0;38;CF;2B;2C;2B;2C;2C;4DF;16C;3C6;3.8;28.5;39.5;14.4;5.5;76.7;0.1961;0.0794;-0.0250;1.9500;
636.83;0;0;0;0;38;CF;2B;2D;2B;2C;2C;4E0;16C;3C6;3.8;28.5;40.0;14.4;5.5;76.7;0.1961;0.0763;0.0000;1.8750;
637.08;0;0;0;0;38;CF;2C;2C;2C;2C;2C;4DE;16C;3C6;3.8;29.9;41.0;14.4;5.5;76.7;0.1961;0.0528;-0.0500;1.0000;
637.35;0;0;0;0;38;CF;2C;2C;2C;2C;2C;4DF;16C;3C6;3.8;29.9;42.0;14.4;5.5;76.7;0.1961;0.0288;0.0250;0.2500;
637.60;0;0;0;0;38;CF;2C;2C;2C;2C;2C;4DF;16C;3C6;3.8;31.5;43.0;14.4;5.5;76.7;0.1922;0.0062;0.0500;102.2250;
637.85;0;0;0;0;38;CF;2C;2C;2C;2C;2C;4DE;16C;3C6;3.7;31.3;38.5;14.4;5.5;76.7;0.1882;0.0051;0.0000;0.0750;
638.10;0;0;0;0;38;CF;2C;2C;2C;2C;2C;4DD;16C;3C6;3.7;31.3;39.5;14.4;5.5;76.7;0.1922;0.0052;0.0000;0.0000;
638.35;0;0;0;0;38;CF;2C;2C;2C;2C;2C;4E3;16C;3C6;3.6;31.0;42.0;14.4;5.5;76.7;0.1961;0.0049;-0.0750;0.1250;
638.60;0;0;0;0;38;CF;2C;2C;2C;2C;2C;4E4;16C;3C6;3.5;31.7;43.0;14.4;5.5;76.7;0.1961;0.0000;0.0000;102.2750;
638.85;0;0;0;0;38;CF;2C;2C;2C;2C;2C;4DF;16C;3C6;3.5;31.7;42.5;14.4;5.5;76.7;0.1961;0.0001;-0.1000;102.0250;
639.10;0;0;0;0;38;CF;2C;2C;2C;2C;2C;4DB;16C;3C6;3.6;31.0;41.0;14.4;5.5;76.7;0.1961;-0.0100;-0.0750;101.9250;
639.35;0;0;0;0;38;CF;2C;2C;2C;2C;2C;4D9;16C;3C6;3.6;31.0;41.5;14.4;5.5;76.7;0.1961;-0.0206;-0.1000;101.6000;
639.60;0;0;0;0;38;CF;2C;2B;2C;2B;2C;4D7;16C;3C6;3.6;30.3;41.5;14.4;5.5;76.7;0.1961;-0.0371;-0.1000;101.3500;
639.85;0;0;0;0;38;CF;2C;2B;2C;2B;2C;4D6;16C;3C6;3.6;30.3;41.0;14.4;5.5;76.7;0.1961;-0.0389;-0.0750;101.4750;
640.10;0;0;0;0;38;CF;2C;2B;2C;2B;2C;4D1;16C;3C6;3.7;29.2;41.5;14.4;5.5;76.7;0.1922;-0.0464;-0.0500;101.2250;
640.35;0;0;0;0;38;CF;2C;2B;2C;2B;2B;4CD;16C;3C6;3.7;29.2;41.0;14.4;5.5;76.7;0.1961;-0.0551;-0.1500;100.9750;
640.60;0;0;0;0;38;CF;2C;2B;2C;2B;2C;4CF;16C;3C6;3.8;27.3;42.0;14.4;5.5;76.7;0.1961;-0.0702;-0.0500;100.8500;
640.85;0;0;0;0;38;CF;2C;2B;2C;2B;2C;4CE;16C;3C6;3.8;26.0;42.0;14.4;5.5;76.7;0.1961;-0.0824;-0.0500;100.4250;
641.10;0;0;0;0;38;CF;2C;2B;2C;2B;2B;4CD;16C;3C6;3.8;26.0;42.5;14.4;5.5;76.7;0.2039;-0.0828;-0.1000;100.5250;
641.35;0;0;0;0;38;CF;2C;2B;2C;2B;2B;4CF;16C;3C6;3.9;24.4;57.0;14.4;5.5;76.7;0.2431;-0.0822;-0.0500;100.3750;
641.60;0;0;0;0;39;CF;2C;2B;2C;2B;2C;4E1;16C;3C6;3.9;22.7;85.5;14.4;5.5;76.7;0.3020;-0.0764;0.1500;100.5500;
641.85;0;0;0;0;39;CF;2D;2B;2D;2C;2C;4DF;16C;3C6;3.9;22.7;107.5;14.5;5.5;76.7;0.3020;-0.0755;0.2500;100.4500;
642.10;0;0;0;0;39;CF;2D;2C;2D;2C;2C;4ED;16C;3C6;3.9;22.4;112.0;14.5;5.5;76.7;0.3020;-0.0762;0.4000;100.3500;
642.36;0;0;0;0;39;CF;2D;2C;2D;2D;2D;502;16C;3C6;3.9;22.4;112.0;14.5;5.5;76.7;0.2980;-0.0895;0.5000;99.9000;
642.61;0;0;0;0;39;CF;2E;2D;2E;2D;2D;50C;16C;3C6;3.9;22.3;110.5;14.5;5.5;76.7;0.2980;-0.0890;0.4250;99.8750;
642.86;0;0;0;0;39;CF;2E;2D;2E;2D;2E;511;16C;3C6;3.8;20.7;109.5;14.4;5.5;76.7;0.2941;-0.0888;0.4000;99.8750;
643.11;0;0;0;0;39;CF;2E;2D;2E;2D;2E;518;16C;3C6;3.8;20.7;108.0;14.4;5.5;76.7;0.2902;-0.0877;0.3250;99.8750;
643.36;0;0;0;0;39;CF;2F;2E;2F;2E;2E;51C;16C;3C6;3.6;20.2;102.0;14.4;5.5;76.7;0.2745;-0.0857;0.2500;99.7250;
643.61;0;0;0;0;39;CF;2F;2E;2F;2E;2F;529;16C;3C6;3.6;20.2;95.0;14.4;5.5;76.7;0.2667;-0.0849;0.2500;99.9250;
643.86;0;0;0;0;39;CF;2F;2E;2F;2E;2F;52F;16C;3C6;3.5;19.7;86.0;14.4;5.5;76.7;0.2588;-0.0847;0.2250;99.9250;
644.11;0;0;0;0;39;CF;2F;2E;2F;2E;2F;530;16C;3C6;3.5;19.7;84.0;14.4;5.5;76.7;0.2588;-0.0833;0.1750;99.9000;
644.36;0;0;0;0;39;CF;2F;2E;2F;2E;2F;534;16C;3C6;3.5;19.0;81.5;14.4;5.5;76.7;0.2549;-0.0764;0.1000;99.9750;
644.61;0;0;0;0;39;CF;2F;2E;2F;2E;2F;52E;16C;3C6;3.4;18.7;81.5;14.4;5.5;76.7;0.2549;-0.0740;0.0250;100.0750;
644.86;0;0;0;0;39;CF;2F;2E;2F;2E;2F;52F;16C;3C6;3.4;18.7;83.0;14.4;5.5;76.7;0.2667;-0.0623;0.0000;100.5750;
645.11;0;0;0;0;39;CF;2F;2F;2F;2F;2F;534;16C;3C6;3.4;18.5;88.5;14.4;5.5;76.7;0.2863;-0.0435;0.0250;101.2000;
645.36;0;0;0;0;39;CF;2F;2F;2F;2F;2F;53B;16C;3C6;3.4;18.5;111.0;14.4;5.5;76.7;0.3373;-0.0136;0.0750;101.5000;
645.61;0;0;0;0;39;CF;2F;2F;2F;2F;2F;53B;16C;3C6;3.4;18.5;126.5;14.4;5.5;76.7;0.3373;-0.0028;0.0500;101.9500;
645.86;0;0;0;0;39;CF;2F;30;30;2F;2F;53D;16C;3C6;3.5;19.1;132.0;14.4;5.5;76.7;0.3294;0.0079;0.1500;101.9750;
646.11;0;0;0;0;39;CF;2F;30;30;30;30;53F;16C;3C6;3.5;19.1;130.0;14.4;5.5;76.7;0.3216;0.0117;0.1750;102.2250;
646.36;0;0;0;0;39;CF;30;30;30;30;30;54A;16C;3C6;3.6;19.8;122.5;14.4;5.5;76.7;0.3098;0.0202;0.1000;0.2750;
646.61;0;0;0;0;39;CF;30;30;30;30;30;54A;16C;3C6;3.6;20.0;115.0;14.4;5.5;76.7;0.2863;0.0320;0.1250;0.7750;
646.86;0;0;0;0;39;CF;2F;30;2F;30;30;547;16C;3C6;3.6;20.0;85.5;14.4;5.5;76.7;0.2510;0.0392;0.0500;1.1750;
647.11;0;0;0;0;39;CF;2F;30;2F;30;30;545;16C;3C6;3.6;21.4;76.0;14.4;5.5;76.7;0.2510;0.0409;-0.0750;1.3000;
647.38;0;0;0;0;39;CF;2F;30;2F;30;30;540;16C;3C6;3.6;21.4;82.5;14.4;5.5;76.7;0.2863;0.0512;-0.2250;1.0750;
647.63;0;0;0;0;39;CF;2F;30;2F;30;2F;53F;16C;3C6;3.6;23.2;99.0;14.4;5.5;76.7;0.3216;0.0590;-0.1250;1.6250;
647.88;0;0;0;0;39;CF;2F;30;2F;30;2F;53F;16C;3C6;3.6;23.2;124.5;14.4;5.5;76.7;0.3412;0.0638;0.0000;1.8000;
648.13;0;0;0;0;39;CF;2F;30;2F;30;2F;541;16C;3C6;3.7;24.0;134.5;14.4;5.5;76.7;0.3412;0.0710;-0.0500;2.0250;
648.38;0;0;0;0;39;CF;2F;30;2F;30;2F;53D;16C;3C6;3.7;24.0;141.5;14.4;5.5;76.7;0.3529;0.0842;-0.0250;2.2750;
648.63;0;0;0;0;39;CF;2F;30;2F;30;2F;53B;16C;3C6;3.6;25.9;147.5;14.4;5.5;76.7;0.3765;0.0880;0.0250;2.4750;
648.88;0;0;0;0;39;CF;2F;30;2F;30;2F;541;16C;3C6;3.6;27.7;169.0;14.4;5.5;76.7;0.4078;0.0900;0.0250;2.7250;
649.13;0;0;0;0;39;CF;2F;30;2F;30;30;546;16C;3C6;3.6;27.7;181.5;14.4;5.5;76.7;0.4157;0.0913;0.0000;2.5250;
649.38;0;0;0;0;39;CF;2F;30;2F;30;30;544;16C;3C6;3.6;29.2;215.5;14.4;5.5;76.7;0.4784;0.0880;0.0500;2.5250;
649.63;0;0;0;0;39;CF;2F;30;30;30;30;54A;16C;3C6;3.5;31.1;229.5;14.4;5.5;76.7;0.4824;0.0837;0.1250;2.1500;
649.88;0;0;0;0;39;CF;30;31;30;31;30;554;16C;3C6;3.5;31.1;241.5;14.4;5.5;76.7;0.4863;0.0758;0.1750;2.0000;
650.13;0;0;0;0;39;CF;30;31;30;31;31;55D;16C;3C6;3.4;31.9;248.5;14.4;5.5;76.7;0.5020;0.0672;0.3750;1.7500;
650.38;0;0;0;0;39;CF;31;31;31;31;31;574;16C;3C6;3.4;31.9;259.0;14.4;5.5;76.7;0.5176;0.0470;0.4500;1.4250;
650.63;0;0;0;0;3A;CF;31;32;31;32;32;57D;16C;3C6;3.3;32.1;260.0;14.4;5.5;76.7;0.5255;0.0389;0.5750;0.8500;
650.88;0;0;0;0;3A;CF;32;33;32;32;32;596;16C;3C6;3.2;32.5;263.5;14.4;5.5;76.7;0.5333;0.0336;0.5750;0.8500;
651.13;0;0;0;0;3A;CF;33;33;33;33;33;5A1;16C;3C6;3.2;32.5;262.5;14.4;5.5;76.7;0.5294;0.0314;0.6500;0.8000;
651.38;0;0;0;0;3A;CF;34;34;33;34;34;5BB;16C;3C6;3.2;32.1;264.5;14.4;5.5;76.7;0.5373;0.0199;0.7250;0.4500;
651.63;0;0;0;0;3A;CF;34;35;35;35;34;5C6;16C;3C6;3.2;31.0;266.5;14.4;5.5;76.7;0.5412;0.0198;0.7000;0.1500;
651.88;0;0;0;0;3A;CF;35;35;35;35;35;5E0;16C;3C6;3.2;31.0;266.5;14.4;5.5;76.7;0.5412;0.0189;0.7500;102.3250;
652.13;0;0;0;0;3A;CF;36;36;36;36;36;5EB;16C;3C6;3.2;31.0;265.5;14.4;5.5;76.7;0.5412;0.0189;0.7000;0.2500;
652.39;0;0;0;0;3A;CF;36;37;36;36;36;603;16C;3C6;3.2;30.6;266.0;14.4;5.5;76.7;0.5412;0.0186;0.7250;0.6000;
652.64;0;0;0;0;3A;CF;37;37;37;37;37;611;16C;3C6;3.2;29.6;266.0;14.4;5.5;76.7;0.5451;0.0181;0.7000;0.5000;
652.89;0;0;0;0;3A;CF;37;38;37;38;38;624;16C;3C6;3.2;29.6;264.5;14.4;5.5;76.7;0.5412;0.0180;0.6500;0.4750;
653.14;0;0;0;0;3A;CF;38;39;38;38;38;636;16C;3C6;3.2;28.4;264.5;14.4;5.5;76.7;0.5412;0.0172;0.7250;0.6500;
653.39;0;0;0;0;3A;CF;39;39;39;39;39;64F;16C;3C6;3.2;27.3;263.5;14.4;5.5;76.7;0.5412;0.0133;0.7250;0.3250;
653.64;0;0;0;0;3A;CF;39;3A;39;3A;3A;659;16C;3C6;3.2;27.3;263.5;14.4;5.5;76.7;0.5412;0.0125;0.6750;0.4750;
653.89;0;0;0;0;3A;CF;3A;3A;3A;3A;3A;670;16C;3C6;3.2;26.0;262.5;14.4;5.5;76.7;0.5412;0.0091;0.6750;0.0000;
654.14;0;0;0;0;3A;CF;3B;3B;3B;3B;3B;67B;16C;3C6;3.2;26.0;263.0;14.4;5.5;76.7;0.5412;0.0007;0.6750;102.1750;
654.39;0;0;0;0;3A;CF;3B;3B;3C;3B;3B;691;16C;3C6;3.2;24.9;262.0;14.4;5.5;76.7;0.5412;-0.0016;0.6500;102.0000;
654.64;0;0;0;0;3A;CF;3C;3C;3C;3C;3C;69E;16C;3C6;3.2;24.1;261.5;14.4;5.5;76.7;0.5373;-0.0029;0.6500;102.3750;
654.89;0;0;0;0;3A;CF;3C;3D;3D;3C;3D;6B2;16C;3C6;3.2;24.1;260.0;14.5;5.5;76.7;0.5373;-0.0079;0.6500;102.0000;
655.14;0;0;0;0;3A;CF;3D;3D;3D;3D;3D;6BE;16C;3C6;3.2;23.4;259.5;14.5;5.5;76.7;0.5373;-0.0104;0.5750;101.9000;
655.39;0;0;0;0;3A;CF;3E;3E;3E;3E;3E;6D2;16C;3C6;3.2;23.1;259.0;14.4;5.5;76.7;0.5373;-0.0107;0.6000;101.9250;
655.64;0;0;0;0;3B;CF;3E;3E;3E;3E;3F;6E3;16C;3C6;3.2;23.1;256.5;14.4;5.5;76.7;0.5333;-0.0102;0.6500;101.9250;
655.89;0;0;0;0;3B;CF;3F;3F;3F;3F;3F;6F3;16C;3C6;3.2;22.4;255.0;14.4;5.5;76.7;0.5294;-0.0099;0.5750;101.6500;
656.14;0;0;0;0;3B;CF;40;40;40;40;40;703;16C;3C6;3.2;22.4;253.5;14.4;5.5;76.7;0.5255;-0.0091;0.6750;101.8500;
656.39;0;0;0;0;3B;CF;40;40;40;40;40;71D;16C;3C6;3.2;22.3;251.5;14.4;5.5;76.7;0.5255;-0.0056;0.6750;101.9750;
656.64;0;0;0;0;3B;CF;41;41;41;41;41;72C;16C;3C6;3.2;22.3;251.5;14.4;5.5;76.7;0.5255;-0.0049;0.7250;102.1500;
656.89;0;0;0;0;3B;CF;42;41;41;41;42;740;16C;3C6;3.2;22.1;251.0;14.4;5.5;76.7;0.5216;-0.0043;0.7000;101.9500;
657.14;0;0;0;0;3B;CF;42;43;42;42;42;74C;16C;3C6;3.2;22.1;250.0;14.4;5.5;76.7;0.5176;-0.0041;0.7000;0.0500;
657.41;0;0;0;0;3B;CF;43;43;43;43;43;766;16C;3C6;3.2;21.9;247.5;14.4;5.5;76.7;0.5176;-0.0031;0.7250;0.0250;
657.66;0;0;0;0;3B;CF;44;44;44;44;44;77B;16C;3C6;3.2;21.6;246.0;14.4;5.5;76.7;0.5176;-0.0021;0.7250;0.1500;
657.91;0;0;0;0;3B;CF;44;44;44;44;44;78C;16C;3C6;3.2;21.6;244.0;14.4;5.5;76.7;0.5137;-0.0021;0.7500;0.1250;
658.16;0;0;0;0;3B;CF;45;45;45;45;45;7A1;16C;3C6;3.2;21.8;243.0;14.4;5.5;76.7;0.5020;0.0018;0.7250;0.1250;
658.41;0;0;0;0;3B;CF;45;46;46;46;46;790;16C;3C6;3.2;21.8;163.5;14.4;5.5;76.7;0.1569;0.0020;0.7000;0.2250;
658.66;1;0;0;0;3C;CF;45;45;45;45;45;6F1;16C;3C6;3.2;21.8;-34.5;14.4;5.5;76.7;0.0000;0.0020;0.1000;0.4000;
658.91;1;0;0;0;3C;CF;45;45;45;45;45;5FF;16C;3C6;3.2;22.5;-36.5;14.4;5.5;76.7;0.0000;0.0020;-0.2000;0.2750;
659.16;1;0;0;0;3C;CF;45;45;45;45;45;5F2;16C;3C6;3.2;22.5;218.5;14.4;5.5;76.7;0.4745;-0.0008;-0.3500;0.1250;
659.41;0;0;0;0;3C;CF;45;45;45;45;45;619;16C;3C6;3.2;23.6;232.5;14.4;5.5;76.7;0.4863;-0.0025;-0.0500;0.1000;
659.66;0;0;0;0;3C;CF;45;45;45;45;46;628;16C;3C6;3.2;23.6;244.0;14.4;5.5;76.7;0.5020;-0.0049;0.3500;0.0000;
659.91;0;0;0;0;3C;CF;46;46;46;46;46;634;16C;3C6;3.2;23.6;243.5;14.5;5.5;76.7;0.4980;-0.0066;0.4500;102.2000;
660.16;0;0;0;0;3C;CF;47;47;47;46;47;642;16C;3C6;3.3;24.1;243.5;14.5;5.5;76.7;0.4980;-0.0080;0.5500;102.2250;
660.41;0;0;0;0;3C;CF;47;47;47;47;47;64C;16C;3C6;3.3;24.1;243.5;14.5;5.5;76.7;0.4980;-0.0092;0.5500;102.1250;
660.66;0;0;0;0;3C;CF;48;48;48;48;48;65D;16C;3C6;3.3;24.2;243.0;14.5;5.5;76.7;0.4980;-0.0095;0.6000;102.1750;
660.91;0;0;0;0;3C;CF;48;48;48;48;48;664;16C;3C6;3.3;24.2;243.0;14.5;5.5;76.7;0.4980;-0.0091;0.5750;102.2250;
661.16;0;0;0;0;3C;CF;49;49;49;49;49;677;16C;3C6;3.3;24.2;242.5;14.5;5.5;76.7;0.4980;-0.0077;0.6750;102.2500;
661.41;0;0;0;0;3C;CF;4A;49;4A;49;4A;680;16C;3C6;3.3;24.3;242.0;14.5;5.5;76.7;0.4980;-0.0074;0.6000;102.2000;
661.66;0;0;0;0;3D;CF;4A;4A;4A;4A;4A;693;16E;3C6;3.3;24.3;242.0;14.5;5.5;76.7;0.4980;-0.0074;0.6500;102.3000;
661.91;0;0;0;0;3D;CF;4B;4B;4B;4B;4B;69F;16E;3C6;3.3;24.5;241.0;14.5;5.5;76.7;0.4941;-0.0074;0.7250;102.2750;
662.16;0;0;0;0;3D;CF;4C;4C;4C;4C;4C;6B2;16E;3C6;3.3;24.5;240.0;14.5;5.5;76.7;0.4941;-0.0080;0.7250;102.2000;
662.42;0;0;0;0;3D;CF;4C;4C;4D;4C;4D;6C1;16E;3C6;3.3;24.4;239.0;14.5;5.5;76.7;0.4941;-0.0104;0.7000;102.0500;
662.67;0;0;0;0;3D;CF;4D;4D;4D;4D;4D;6D0;16E;3C6;3.3;24.2;235.0;14.5;5.5;76.7;0.4863;-0.0115;0.7000;102.2000;
662.92;0;0;0;0;3D;CF;4E;4E;4E;4E;4E;6DB;16E;3C6;3.3;24.2;231.5;14.5;5.5;76.7;0.4824;-0.0151;0.6750;101.2000;
663.17;0;0;0;0;3D;CF;4E;4E;4E;4E;4E;6ED;16E;3C6;3.3;24.0;227.0;14.5;5.5;76.7;0.4784;-0.0170;0.6500;101.3000;
663.42;0;0;0;0;3D;CF;4F;4F;4F;4F;4F;6F7;16E;3C6;3.3;22.8;226.5;14.4;5.5;76.7;0.4784;-0.0172;0.7000;101.5500;
663.67;0;0;0;0;3D;CF;50;50;50;4F;50;6FE;16E;3C6;3.3;22.8;173.5;14.4;5.5;76.7;0.1412;-0.0193;0.7250;101.3750;
663.92;1;0;0;0;3D;CF;50;50;50;4F;50;6D1;16E;3C6;3.2;22.6;-41.5;14.4;5.5;76.7;0.0000;-0.0193;0.2750;101.7500;
664.17;1;0;0;0;3D;CF;50;4F;4F;4F;50;576;16E;3C6;3.2;22.6;-36.0;14.4;5.5;76.7;0.0000;-0.0193;0.0000;101.4250;
664.42;1;0;0;0;3D;CF;4F;4F;4F;4F;4F;592;16E;3C6;3.2;22.8;110.0;14.4;5.5;76.7;0.3804;-0.0193;-0.1500;101.3250;
664.67;0;0;0;0;3E;CF;50;50;50;4F;50;5C2;16E;3C4;3.2;22.8;211.5;14.4;5.5;76.7;0.4471;-0.0194;0.0500;101.5750;
664.92;0;0;0;0;3E;CF;50;50;50;50;50;5CE;16E;3C4;3.3;22.8;208.0;14.4;5.5;76.7;0.4392;-0.0189;0.2500;101.3250;
665.17;0;0;0;0;3E;CF;51;50;51;51;51;5DD;16E;3C6;3.3;22.8;178.5;14.4;5.5;76.7;0.3961;-0.0162;0.4250;101.6750;
665.42;0;0;0;0;3E;CF;51;51;51;51;51;5E1;16E;3C4;3.4;22.6;177.0;14.4;5.5;76.7;0.3922;-0.0153;0.4500;101.7500;
665.67;0;0;0;0;3E;CF;52;51;51;51;52;5E9;16E;3C4;3.4;22.9;159.0;14.5;5.5;76.7;0.3686;-0.0151;0.4250;101.4750;
665.92;0;0;0;0;3E;CF;52;52;52;52;52;5EF;16E;3C4;3.4;22.9;148.5;14.5;5.5;76.7;0.3490;-0.0151;0.4250;101.8000;
666.17;0;0;0;0;3E;CF;52;52;52;52;52;5F6;16E;3C6;3.5;22.5;133.0;14.5;5.5;76.7;0.3255;-0.0183;0.3750;101.5000;
666.42;0;0;0;0;3E;CF;52;52;52;52;53;5F9;16E;3C4;3.5;22.6;115.5;14.4;5.5;76.7;0.3020;-0.0180;0.3250;101.5500;
666.67;0;0;0;0;3E;CF;53;53;53;52;53;603;16E;3C4;3.5;22.6;87.5;14.4;5.5;76.7;0.2588;-0.0214;0.3500;101.6250;
666.92;0;0;0;0;3E;CF;53;53;53;52;53;603;16E;3C4;3.5;22.9;80.0;14.4;5.5;76.7;0.2549;-0.0232;0.2250;100.7750;
667.17;0;0;0;0;3E;CF;53;53;53;53;53;606;16E;3C4;3.5;22.9;77.0;14.4;5.5;76.7;0.2510;-0.0216;0.2500;100.8000;
667.44;0;0;0;0;3E;CF;54;53;53;53;53;60D;16E;3C6;3.6;22.4;76.5;14.4;5.5;76.7;0.2510;-0.0186;0.2000;101.4000;
667.69;0;0;0;0;3E;CF;53;53;53;53;53;60B;16E;3C4;3.7;22.7;77.5;14.4;5.5;76.7;0.2510;-0.0180;0.1250;101.5250;
667.94;0;0;0;0;3F;CF;54;54;54;53;54;610;16E;3C6;3.7;22.7;77.0;14.4;5.5;76.7;0.2549;-0.0180;0.1750;101.7000;
668.19;0;0;0;0;3F;CF;54;54;54;54;54;613;16E;3C6;3.8;23.2;76.5;14.4;5.5;76.7;0.2510;-0.0140;0.1500;101.4750;
668.44;0;0;0;0;3F;CF;54;54;54;54;54;61A;16E;3C6;3.9;22.8;76.5;14.4;5.5;76.7;0.2510;-0.0082;0.1500;102.0750;
668.69;0;0;0;0;3F;CF;54;54;54;54;54;61D;16E;3C6;3.9;22.8;76.5;14.4;5.5;76.7;0.2510;-0.0074;0.1750;102.1500;
668.94;0;0;0;0;3F;CF;54;54;54;54;55;61D;16E;3C6;3.9;22.8;76.5;14.4;5.5;76.7;0.2510;-0.0064;0.2250;0.0750;
669.19;0;0;0;0;3F;CF;54;55;54;55;55;620;16E;3C6;3.9;23.1;75.0;14.4;5.5;76.7;0.2510;0.0049;0.1500;0.1000;
669.44;0;0;0;0;3F;CF;55;55;54;55;55;625;16E;3C6;4.0;24.2;75.0;14.4;5.5;76.7;0.2510;0.0067;0.1000;0.4750;
669.69;0;0;0;0;3F;CF;54;55;54;55;55;625;16E;3C6;4.0;24.2;74.5;14.4;5.5;76.7;0.2510;0.0104;0.1250;0.4000;
669.94;0;0;0;0;3F;CF;54;55;55;55;55;622;16E;3C6;4.0;24.3;76.0;14.4;5.5;76.7;0.2510;0.0170;0.0750;1.1000;
670.19;0;0;0;0;3F;CF;55;55;55;55;55;625;16E;3C6;4.0;25.1;78.0;14.4;5.5;76.7;0.2549;0.0236;0.0250;1.3500;
670.44;0;0;0;0;3F;CF;54;55;55;55;55;629;16E;3C4;4.0;25.1;78.0;14.5;5.5;76.7;0.2549;0.0246;0.0000;1.6250;
670.69;0;0;0;0;3F;CF;55;55;55;55;55;62A;16E;3C6;4.0;26.5;78.0;14.5;5.5;76.7;0.2549;0.0246;0.0000;1.1750;
670.94;0;0;0;0;3F;CF;55;55;55;55;55;62A;16E;3C6;4.0;26.5;80.5;14.5;5.5;76.7;0.2627;0.0257;0.1000;1.6250;
671.19;0;0;0;0;3F;CF;55;55;55;55;55;623;16E;3C6;3.9;27.4;79.5;14.5;5.5;76.7;0.2549;0.0326;0.0000;2.0500;
671.44;0;0;0;0;3F;CF;55;55;55;55;55;62B;16E;3C6;3.9;28.6;76.5;14.5;5.5;76.7;0.2588;0.0330;0.0250;2.5750;
671.69;0;0;0;0;3F;CF;55;55;54;55;55;62D;16E;3C6;3.9;28.6;81.0;14.5;5.5;76.7;0.2627;0.0343;0.0500;1.6750;
671.94;0;0;0;0;3F;CF;54;55;55;55;55;628;16E;3C6;3.8;30.2;84.5;14.5;5.5;76.7;0.2667;0.0374;-0.1000;2.1750;
672.19;0;0;0;0;3F;CF;54;55;54;55;55;626;16E;3C4;3.7;31.2;88.5;14.4;5.5;76.7;0.2745;0.0380;-0.1000;2.4000;
672.45;0;0;0;0;40;CF;54;55;54;55;55;625;16E;3C4;3.7;31.2;92.5;14.4;5.5;76.7;0.2784;0.0380;-0.0750;2.3500;
672.70;0;0;0;0;40;CF;54;55;54;55;55;625;16E;3C6;3.6;32.8;94.0;14.4;5.5;76.7;0.2863;0.0382;-0.0750;2.5250;
672.95;0;0;0;0;40;CF;54;55;54;55;55;625;16E;3C6;3.6;32.8;111.5;14.4;5.5;76.7;0.3412;0.0410;-0.1000;2.5250;
673.20;0;0;0;0;40;CF;54;55;54;55;55;629;16E;3C6;3.5;34.3;131.5;14.4;5.5;76.7;0.3569;0.0410;0.0250;3.0500;
673.45;0;0;0;0;40;CF;54;55;54;55;55;624;16E;3C6;3.5;34.3;152.0;14.4;5.5;76.7;0.3725;0.0409;0.0250;2.7500;
673.70;0;0;0;0;40;CF;54;55;54;55;55;623;16E;3C6;3.3;34.9;151.5;14.4;5.5;76.7;0.3569;0.0400;-0.0500;2.8250;
673.95;0;0;0;0;40;CF;54;55;54;55;55;626;16E;3C4;3.3;34.9;149.5;14.4;5.5;76.7;0.3608;0.0372;0.0250;2.8250;
674.20;0;0;0;0;40;CF;54;55;54;55;55;62A;16E;3C4;3.2;36.1;150.0;14.4;5.5;76.7;0.3608;0.0371;0.0000;1.9750;
674.45;0;0;0;0;40;CF;54;55;54;55;55;625;16E;3C6;3.2;36.9;151.0;14.4;5.5;76.7;0.3647;0.0371;-0.1000;2.4750;
674.70;0;0;0;0;40;CF;54;55;54;55;55;624;16E;3C6;3.2;36.9;154.5;14.4;5.5;76.7;0.3804;0.0380;-0.0750;2.1250;
674.95;0;0;0;0;40;CF;54;55;54;55;55;627;16E;3C6;3.2;36.3;170.0;14.4;5.5;76.7;0.4039;0.0415;-0.1000;2.4250;
675.20;0;0;0;0;40;CF;54;55;54;55;55;62A;16E;3C6;3.2;37.2;185.5;14.4;5.5;76.7;0.4275;0.0415;0.0000;2.7500;
675.45;0;0;0;0;40;CF;54;55;54;55;55;629;16E;3C6;3.2;37.2;203.0;14.4;5.5;76.7;0.4392;0.0409;-0.0250;2.7500;
675.70;0;0;0;0;40;CF;54;55;54;55;55;627;16E;3C6;3.2;37.8;207.0;14.4;5.5;76.7;0.4471;0.0404;0.0500;2.4500;
675.95;0;0;0;0;40;CF;54;55;54;55;55;62A;16E;3C6;3.2;37.8;209.0;14.4;5.5;76.7;0.4471;0.0410;0.0500;2.6250;
676.20;0;0;0;0;40;CF;54;55;55;55;55;62B;16E;3C6;3.2;37.4;212.0;14.4;5.5;76.7;0.4510;0.0409;0.0500;2.8250;
676.45;0;0;0;0;40;CF;55;56;55;55;55;62E;16E;3C6;3.2;38.1;216.5;14.4;5.5;76.7;0.4667;0.0402;0.0750;2.6750;
676.70;0;0;0;0;40;CF;55;56;55;56;55;62E;16E;3C6;3.2;38.1;227.5;14.4;5.5;76.7;0.4824;0.0400;0.1000;2.6250;
676.95;0;0;0;0;41;CF;55;56;55;56;56;630;16E;3C6;3.2;37.8;237.0;14.4;5.5;76.7;0.4863;0.0393;0.1250;2.5000;
677.20;0;0;0;0;41;CF;55;56;55;56;56;633;16E;3C6;3.2;37.8;237.0;14.4;5.5;76.7;0.4863;0.0387;0.1250;2.5250;
677.47;0;0;0;0;41;CF;55;56;55;56;56;639;16E;3C4;3.2;37.2;237.0;14.4;5.5;76.7;0.4863;0.0362;0.1500;2.3750;
677.72;0;0;0;0;41;CF;55;56;56;56;56;63A;16E;3C6;3.2;37.2;237.0;14.4;5.5;76.7;0.4824;0.0348;0.1500;2.1500;
677.97;0;0;0;0;41;CF;56;56;56;56;56;63F;16E;3C6;3.2;37.5;235.5;14.4;5.5;76.7;0.4824;0.0295;0.1500;2.0500;
678.22;0;0;0;0;41;CF;56;57;56;57;56;63E;16E;3C4;3.2;36.9;235.0;14.4;5.5;76.7;0.4824;0.0260;0.2000;1.3500;
678.47;0;0;0;0;41;CF;56;57;56;56;57;642;16E;3C4;3.2;36.9;235.0;14.4;5.5;76.7;0.4824;0.0224;0.1500;1.7000;
678.72;0;0;0;0;41;CF;56;57;56;57;57;649;16E;3C4;3.2;36.3;233.0;14.4;5.5;76.7;0.4784;0.0222;0.1500;1.2250;
678.97;0;0;0;0;41;CF;57;57;57;57;57;64F;16E;3C6;3.2;36.3;232.0;14.4;5.5;76.7;0.4784;0.0232;0.1500;1.3000;
679.22;0;0;0;0;41;CF;57;57;57;57;57;651;16E;3C6;3.2;36.1;231.0;14.4;5.5;76.7;0.4784;0.0222;0.2000;1.3500;
679.47;0;0;0;0;41;CF;57;57;57;57;57;655;16E;3C4;3.2;35.1;229.0;14.4;5.5;76.7;0.4745;0.0153;0.1750;1.1750;
679.72;0;0;0;0;41;CF;57;58;57;57;58;654;16E;3C4;3.2;35.1;224.0;14.4;5.5;76.7;0.4667;0.0062;0.2000;0.2500;
679.97;0;0;0;0;41;CF;58;58;57;57;58;65A;16E;3C4;3.2;34.3;213.5;14.4;5.5;76.7;0.4392;-0.0074;0.1500;102.1250;
680.22;0;0;0;0;41;CF;58;58;58;58;58;65C;16E;3C4;3.2;33.1;188.5;14.4;5.5;76.7;0.4157;-0.0138;0.1500;101.5250;
680.47;0;0;0;0;41;CF;58;57;58;57;58;65C;16E;3C4;3.2;33.1;181.5;14.4;5.5;76.7;0.4039;-0.0146;0.0750;101.3250;
680.72;0;0;0;0;41;CF;58;58;58;57;58;65B;16E;3C4;3.2;31.1;166.0;14.4;5.5;76.7;0.3765;-0.0162;0.0750;101.1750;
680.97;0;0;0;0;41;CF;58;58;58;58;58;65F;16E;3C4;3.2;31.1;156.5;14.4;5.5;76.7;0.3725;-0.0175;-0.0500;101.2500;
681.22;0;0;0;0;41;CF;58;57;58;58;58;65C;16E;3C4;3.2;29.8;151.0;14.4;5.5;76.7;0.3569;-0.0180;0.0000;101.4250;
681.47;0;0;0;0;41;CF;58;57;58;57;58;65D;16E;3C4;3.2;29.8;137.0;14.4;5.5;76.7;0.3412;-0.0189;-0.1000;101.0750;
681.72;0;0;0;0;41;CF;58;58;58;57;58;65E;16E;3C4;3.2;28.4;134.0;14.4;5.5;76.7;0.3373;-0.0206;-0.1000;100.9000;
681.97;0;0;0;0;42;CF;58;58;58;57;58;65D;16E;3C4;3.2;28.4;125.5;14.4;5.5;76.7;0.3255;-0.0255;-0.0750;100.7000;
682.22;0;0;0;0;42;CF;58;57;58;57;58;656;16E;3C4;3.2;26.5;123.5;14.4;5.5;76.7;0.3216;-0.0265;-0.0250;100.4250;
682.48;0;0;0;0;42;CF;58;57;58;57;58;656;16E;3C4;3.2;25.2;121.0;14.4;5.5;76.7;0.3176;-0.0267;-0.1750;100.4750;
682.73;0;0;0;0;42;CF;57;57;57;57;58;655;16E;3C4;3.2;25.2;117.5;14.4;5.5;76.7;0.3137;-0.0268;-0.1000;100.6750;
682.98;0;0;0;0;42;CF;58;57;57;57;58;653;16E;3C4;3.2;24.2;117.0;14.4;5.5;76.7;0.3137;-0.0268;-0.0750;100.4250;
683.23;0;0;0;0;42;CF;57;57;57;57;57;654;16E;3C4;3.2;22.9;115.5;14.4;5.5;76.7;0.3137;-0.0267;-0.1250;100.5250;
683.48;0;0;0;0;42;CF;57;57;57;57;57;650;16E;3C4;3.2;22.9;114.5;14.4;5.5;76.7;0.3098;-0.0267;-0.0750;100.5500;
683.73;0;0;0;0;42;CF;57;57;57;57;57;655;16E;3C4;3.2;22.1;114.0;14.4;5.5;76.7;0.3137;-0.0265;-0.0500;100.5250;
683.98;0;0;0;0;42;CF;57;57;57;57;57;655;16E;3C4;3.2;20.8;113.5;14.4;5.5;76.7;0.3098;-0.0268;-0.0750;100.5500;
684.23;0;0;0;0;42;CF;57;57;57;57;57;650;16E;3C4;3.2;20.8;114.5;14.4;5.5;76.7;0.3098;-0.0264;-0.0250;100.5750;
684.48;0;0;0;0;42;CF;57;57;57;57;57;651;16E;3C4;3.2;20.6;115.0;14.4;5.5;76.7;0.3137;-0.0257;0.0250;100.6250;
684.73;0;0;0;0;42;CF;57;57;57;57;57;651;16E;3C4;3.2;20.6;115.0;14.4;5.5;76.7;0.3098;-0.0234;-0.0750;101.0250;
684.98;0;0;0;0;42;CF;57;57;57;57;57;650;16E;3C4;3.2;20.7;114.5;14.4;5.5;76.7;0.3098;-0.0270;-0.0500;100.5500;
685.23;0;0;0;0;42;CF;57;57;57;57;57;652;16E;3C4;3.2;20.3;113.0;14.4;5.5;76.7;0.3137;-0.0260;0.0250;100.6500;
685.48;0;0;0;0;42;CF;57;57;57;57;57;657;16E;3C4;3.2;20.3;113.0;14.4;5.5;76.7;0.3098;-0.0257;0.0250;101.0000;
685.73;0;0;0;0;42;CF;57;57;57;57;57;659;16E;3C4;3.2;20.3;114.5;14.4;5.5;76.7;0.3098;-0.0246;0.0500;100.9000;
685.98;0;0;0;0;42;CF;58;57;57;57;58;65B;16E;3C4;3.2;20.4;114.0;14.4;5.5;76.7;0.3098;-0.0220;0.0500;101.0000;
686.23;0;0;0;0;42;CF;58;57;57;57;58;657;16E;3C4;3.2;20.4;115.5;14.4;5.5;76.7;0.3137;-0.0216;0.0500;101.0500;
686.48;0;0;0;0;42;CF;58;57;58;57;58;65D;16E;3C4;3.2;20.4;114.5;14.4;5.5;76.7;0.3137;-0.0216;0.0750;100.9500;
686.73;0;0;0;0;43;CF;58;58;58;57;58;65A;16E;3C4;3.2;20.8;114.5;14.4;5.5;76.7;0.3098;-0.0212;0.0750;101.2000;
686.98;0;0;0;0;43;CF;58;58;58;58;58;65F;16E;3C4;3.3;20.8;115.0;14.4;5.5;76.7;0.3137;-0.0181;0.1000;101.1750;
687.23;0;0;0;0;43;CF;58;58;58;58;58;65F;16E;3C4;3.3;20.8;114.0;14.4;5.5;76.7;0.3098;-0.0180;0.1000;101.2750;
687.50;0;0;0;0;43;CF;58;59;58;58;58;663;16E;3C4;3.3;21.1;115.0;14.4;5.5;76.7;0.3098;-0.0172;0.1250;101.2750;
687.75;0;0;0;0;43;CF;58;58;58;58;58;667;16E;3C4;3.3;21.1;114.5;14.4;5.5;76.7;0.3098;-0.0166;0.1250;101.4000;
688.00;0;0;0;0;43;CF;59;58;59;58;59;66D;16E;3C4;3.4;21.4;113.5;14.4;5.5;76.7;0.3098;-0.0133;0.1500;101.4000;
688.25;0;0;0;0;43;CF;59;59;59;59;59;671;16E;3C4;3.4;21.6;113.5;14.4;5.5;76.7;0.3137;-0.0114;0.2250;101.6000;
688.50;0;0;0;0;43;CF;59;59;59;59;59;678;16E;3C4;3.4;21.6;114.5;14.4;5.5;76.7;0.3137;-0.0104;0.2250;101.8500;
688.75;0;0;0;0;43;CF;59;59;59;59;59;67A;16E;3C4;3.5;22.0;113.0;14.4;5.5;76.7;0.3098;-0.0102;0.1750;101.7250;
689.00;0;0;0;0;43;CF;59;59;59;59;5A;680;16E;3C4;3.5;22.4;113.0;14.4;5.5;76.7;0.3098;-0.0127;0.2000;101.6500;
689.25;0;0;0;0;43;CF;5A;5A;5A;5A;5A;682;16E;3C4;3.5;22.4;112.0;14.4;5.5;76.7;0.3059;-0.0132;0.2250;101.5000;
689.50;0;0;0;0;43;CF;5A;5A;5A;5A;5A;687;16E;3C4;3.6;22.6;111.0;14.4;5.5;76.7;0.3020;-0.0141;0.2000;101.5750;
689.75;0;0;0;0;43;CF;5A;5A;5A;5A;5A;687;16E;3C4;3.6;22.6;83.0;14.4;5.5;76.7;0.2510;-0.0153;0.2000;101.4750;
690.00;0;0;0;0;43;CF;5B;5A;5A;5A;5A;68D;16E;3C4;3.6;22.8;67.5;14.4;5.5;76.7;0.2392;-0.0150;0.2250;101.4000;
690.25;0;0;0;0;43;CF;5B;5A;5A;5A;5B;68F;16E;3C4;3.6;22.8;67.0;14.4;5.5;76.7;0.2392;-0.0146;0.1250;101.3750;
690.50;0;0;0;0;43;CF;5A;5A;5B;5A;5B;68F;16E;3C4;3.6;23.2;66.0;14.4;5.5;76.7;0.2392;-0.0150;0.1250;101.5000;
690.75;0;0;0;0;43;CF;5B;5B;5B;5A;5B;695;16E;3C4;3.6;23.2;65.0;14.4;5.5;76.7;0.2353;-0.0150;0.1250;101.7000;
691.00;0;0;0;0;43;CF;5B;5A;5B;5B;5B;697;16E;3C4;3.6;23.0;65.5;14.4;5.5;76.7;0.2353;-0.0175;0.0750;101.3750;
691.25;0;0;0;0;43;CF;5B;5A;5B;5B;5B;697;16E;3C4;3.7;23.7;65.5;14.4;5.5;76.7;0.2392;-0.0175;0.0250;101.2000;
691.50;0;0;0;0;43;CF;5B;5B;5B;5A;5B;698;16E;3C4;3.7;23.7;67.5;14.4;5.5;76.7;0.2392;-0.0163;0.0500;101.2500;
691.75;0;0;0;0;44;CF;5B;5B;5B;5B;5B;69A;16E;3C4;3.7;23.7;67.0;14.4;5.5;76.7;0.2392;-0.0146;0.1000;101.4750;
692.00;0;0;0;0;44;CF;5B;5B;5B;5B;5B;69A;16E;3C4;3.6;23.2;67.5;14.4;5.5;76.7;0.2392;-0.0140;0.0500;101.4750;
692.25;0;0;0;0;44;CF;5B;5B;5B;5B;5B;69A;16E;3C4;3.6;23.2;67.0;14.4;5.5;76.7;0.2392;-0.0148;0.0500;101.5000;
692.51;0;0;0;0;44;CF;5C;5B;5B;5B;5B;69F;16E;3C4;3.6;24.0;65.5;14.4;5.5;76.7;0.2392;-0.0164;0.0750;101.2000;
692.76;0;0;0;0;44;CF;5C;5B;5B;5B;5C;69E;16E;3C4;3.6;24.0;58.5;14.4;5.5;76.7;0.1647;-0.0220;0.1000;101.0000;
693.01;0;0;0;0;44;CF;5C;5B;5B;5B;5B;689;16E;3C4;3.6;23.7;-13.5;14.4;5.5;76.7;0.0000;-0.0236;0.0250;100.9000;
693.26;0;0;0;0;44;CF;5B;5B;5B;5B;5B;68E;16E;3C4;3.5;23.0;-33.0;14.4;5.5;76.7;0.0000;-0.0236;-0.1500;100.7500;
693.51;0;0;0;0;44;CF;5B;5B;5B;5A;5B;692;16E;3C4;3.5;23.0;-35.5;14.4;5.5;76.7;0.0000;-0.0236;-0.1750;100.7750;
693.76;0;0;0;0;44;CF;5B;5A;5A;5A;5B;68C;16E;3C4;3.5;23.2;-36.5;14.4;5.5;76.7;0.0000;-0.0230;-0.2750;100.5250;
694.01;0;0;0;0;44;CF;5B;5A;5A;5A;5A;688;16E;3C4;3.5;23.2;-36.5;14.4;5.5;76.7;0.0000;-0.0230;-0.2750;100.6500;
694.26;0;0;0;0;44;CF;5A;5A;5A;5A;5A;680;16E;3C4;3.5;23.5;-36.0;14.4;5.5;76.7;0.0000;-0.0216;-0.3500;101.0500;
694.51;0;0;0;0;44;CF;5A;59;5A;59;5A;681;16E;3C4;3.5;23.5;-36.0;14.4;5.5;76.7;0.0000;-0.0228;-0.3500;100.8750;
694.76;0;0;0;0;44;CF;5A;5A;59;59;5A;67D;16E;3C4;3.5;23.0;-36.0;14.4;5.5;76.7;0.0000;-0.0206;-0.2250;100.9000;
695.01;0;0;0;0;44;CF;5A;59;59;59;5A;679;16E;3C4;3.5;22.9;-36.0;14.4;5.5;76.7;0.0000;-0.0220;-0.2000;100.7500;
695.26;0;0;0;0;44;CF;59;59;59;59;59;677;16E;3C4;3.5;22.9;-36.0;14.4;5.5;76.7;0.0000;-0.0222;-0.2000;100.8750;
695.51;0;0;0;0;44;CF;59;59;59;59;59;675;16E;3C4;3.4;22.9;-36.0;14.4;5.5;76.7;0.0000;-0.0236;-0.1750;101.1000;
695.76;0;0;0;0;44;CF;59;58;59;59;59;66C;16E;3C4;3.4;22.9;-36.0;14.4;5.5;76.7;0.0000;-0.0237;-0.2500;100.8000;
696.01;0;0;0;0;44;CF;59;58;59;58;59;66D;16E;3C4;3.4;23.0;-36.0;14.4;5.5;76.7;0.0000;-0.0232;-0.2000;100.8750;
696.26;0;0;0;0;44;CF;59;58;59;58;59;668;16E;3C4;3.5;23.1;-36.0;14.4;5.5;76.7;0.0000;-0.0212;-0.2250;101.1500;
696.51;0;0;0;0;44;CF;58;58;58;58;59;668;170;3C4;3.5;23.1;-36.0;14.4;5.5;76.7;0.0000;-0.0211;-0.1500;101.0250;
696.76;0;0;0;0;44;CF;59;58;59;58;59;667;170;3C4;3.4;22.8;-36.0;14.4;5.5;76.7;0.0000;-0.0214;-0.0750;101.0500;
697.01;0;0;0;0;44;CF;59;58;58;58;58;665;170;3C4;3.5;22.9;-36.0;14.4;5.5;76.7;0.0000;-0.0229;-0.1000;101.2000;
697.26;0;0;0;0;44;CF;58;58;58;58;58;664;170;3C4;3.5;22.9;-36.0;14.4;5.5;76.7;0.0000;-0.0236;-0.1250;100.9250;
697.54;0;0;0;0;44;CF;58;58;58;58;58;664;170;3C4;3.5;23.3;-36.0;14.4;5.5;76.7;0.0000;-0.0252;-0.1250;100.8500;
697.79;0;0;0;0;44;CF;58;58;58;57;58;660;170;3C4;3.5;23.3;-36.0;14.4;5.5;76.7;0.0000;-0.0241;-0.1500;100.3250;
698.04;0;0;0;0;44;CF;58;57;58;57;58;65F;170;3C4;3.5;23.3;-36.0;14.4;5.5;76.7;0.0000;-0.0225;-0.1000;101.0500;
698.29;0;0;0;0;44;CF;58;58;58;57;58;65D;170;3C4;3.5;23.3;-36.0;14.4;5.5;76.7;0.0000;-0.0202;-0.0750;101.0750;
698.54;0;0;0;0;44;CF;58;58;58;57;58;65D;170;3C4;3.5;23.1;-36.0;14.4;5.5;76.7;0.0000;-0.0204;-0.0250;101.1000;
698.79;0;0;0;0;44;CF;58;58;58;58;58;660;170;3C4;3.5;23.3;-36.0;14.4;5.5;76.7;0.0000;-0.0262;-0.0250;100.6750;
699.04;0;0;0;0;44;CF;58;58;58;58;58;661;170;3C4;3.5;23.3;-36.0;14.4;5.5;76.7;0.0000;-0.0262;0.0500;100.6000;
699.29;0;0;0;0;44;CF;58;58;58;58;58;661;170;3C4;3.5;23.5;-36.0;14.4;5.5;76.7;0.0000;-0.0260;0.0500;100.6000;
699.54;0;0;0;0;44;CF;58;58;58;57;58;65F;170;3C4;3.5;23.5;-36.0;14.4;5.5;76.7;0.0000;-0.0259;-0.0250;100.6750;
699.79;0;0;0;0;44;CF;58;58;58;58;58;65F;170;3C4;3.5;23.0;-36.0;14.4;5.5;76.7;0.0000;-0.0257;-0.0750;100.5250;
700.04;0;0;0;0;44;CF;58;58;58;58;58;663;170;3C4;3.5;23.1;-36.0;14.4;5.5;76.7;0.0000;-0.0255;0.0750;100.6000;
700.29;0;0;0;0;44;CF;58;58;58;58;58;661;170;3C6;3.5;23.1;-36.0;14.4;5.5;76.7;0.0000;-0.0259;0.0500;100.7250;
700.54;0;0;0;0;44;CF;59;58;58;58;58;662;170;3C6;3.4;23.2;-36.0;14.4;5.5;76.7;0.0000;-0.0255;-0.0500;100.8000;
700.79;0;0;0;0;44;CF;58;58;58;58;58;661;170;3C6;3.4;22.9;-36.0;14.4;5.5;76.7;0.0000;-0.0259;-0.0750;100.5750;
701.04;0;0;0;0;44;CF;58;58;58;58;58;661;170;3C4;3.4;22.9;-36.0;14.4;5.5;76.7;0.0000;-0.0257;0.0000;100.7000;
701.29;0;0;0;0;44;CF;59;58;58;58;58;662;170;3C6;3.4;22.9;-36.0;14.4;5.5;76.7;0.0000;-0.0259;-0.0250;100.4750;
701.54;0;0;0;0;44;CF;58;58;58;58;58;663;170;3C6;3.4;22.9;-36.0;14.4;5.5;76.7;0.0000;-0.0259;0.0500;100.5750;
701.79;0;0;0;0;44;CF;59;58;58;58;58;665;170;3C6;3.3;22.8;-36.0;14.4;5.5;76.7;0.0000;-0.0257;0.0750;100.5250;
702.04;0;0;0;0;44;CF;59;58;58;58;59;664;170;3C6;3.3;22.8;-36.0;14.4;5.5;76.7;0.0000;-0.0249;0.0500;101.0000;
702.29;0;0;0;0;44;CF;59;58;58;58;58;669;170;3C6;3.3;22.8;-36.0;14.4;5.5;76.7;0.0000;-0.0246;0.0500;100.8500;
702.56;0;0;0;0;44;CF;58;58;58;58;58;667;170;3C6;3.3;22.8;-36.0;14.4;5.5;76.7;0.0000;-0.0260;0.0000;100.6250;
702.81;0;0;0;0;44;CF;59;58;58;58;58;665;170;3C6;3.3;23.0;-36.0;14.4;5.5;76.7;0.0000;-0.0257;-0.0500;100.6250;
703.06;0;0;0;0;44;CF;58;58;58;58;58;664;170;3C6;3.3;22.9;-36.0;14.4;5.5;76.7;0.0000;-0.0255;-0.0750;100.6750;
703.31;0;0;0;0;44;CF;58;58;58;58;58;665;170;3C6;3.3;22.9;-36.0;14.4;5.5;76.7;0.0000;-0.0252;-0.0500;100.7250;
703.56;0;0;0;0;44;CF;58;58;58;58;58;664;170;3C6;3.3;22.9;-36.0;14.4;5.5;76.7;0.0000;-0.0260;-0.0500;100.7000;
703.81;0;0;0;0;44;CF;59;58;58;58;58;664;170;3C6;3.4;23.2;-36.0;14.4;5.5;76.7;0.0000;-0.0260;-0.0500;100.5500;
704.06;0;0;0;0;44;CF;59;58;58;58;58;665;170;3C6;3.4;23.2;-36.0;14.4;5.5;76.7;0.0000;-0.0259;-0.0250;100.7000;
704.31;0;0;0;0;44;CF;58;58;58;58;58;662;170;3C6;3.4;23.0;-36.0;14.4;5.5;76.7;0.0000;-0.0257;-0.0500;100.6250;
704.56;0;0;0;0;44;CF;58;58;58;58;58;65D;170;3C6;3.4;23.0;-36.0;14.4;5.5;76.7;0.0000;-0.0252;-0.1500;100.8500;
704.81;0;0;0;0;44;CF;58;58;58;57;58;65D;170;3C6;3.4;23.0;-36.0;14.4;5.5;76.7;0.0000;-0.0255;-0.2250;100.8000;
705.06;0;0;0;0;44;CF;58;57;58;57;58;65D;170;3C6;3.5;23.3;-36.0;14.4;5.5;76.7;0.0000;-0.0259;-0.1500;100.4750;
705.31;0;0;0;0;44;CF;58;57;58;57;58;659;170;3C6;3.5;23.3;-36.0;14.4;5.5;76.7;0.0000;-0.0260;-0.1250;100.8000;
705.56;0;0;0;0;44;CF;58;57;58;57;58;655;170;3C6;3.5;22.9;-36.0;14.4;5.5;76.7;0.0000;-0.0250;-0.1500;100.8500;
705.81;0;0;0;0;44;CF;58;57;57;57;58;658;170;3C6;3.5;23.2;-36.0;14.4;5.5;76.7;0.0000;-0.0249;-0.1500;100.8500;
706.06;0;0;0;0;44;CF;57;57;57;57;57;654;170;3C6;3.5;23.2;-36.0;14.4;5.5;76.7;0.0000;-0.0249;-0.1750;100.9750;
706.31;0;0;0;0;44;CF;57;57;57;57;57;64D;170;3C6;3.6;23.3;-36.0;14.4;5.5;76.7;0.0000;-0.0249;-0.1750;101.3250;
706.56;0;0;0;0;44;CF;57;57;57;56;57;64D;170;3C6;3.6;23.3;-36.0;14.4;5.5;76.7;0.0000;-0.0234;-0.1500;100.6750;
706.81;0;0;0;0;44;CF;57;57;57;57;57;64A;170;3C6;3.6;23.1;-36.0;14.4;5.5;76.7;0.0000;-0.0232;-0.1750;101.2750;
707.06;0;0;0;0;44;CF;57;57;57;56;57;64A;170;3C6;3.6;23.1;-36.0;14.4;5.5;76.7;0.0000;-0.0236;-0.1500;100.9750;
707.31;0;0;0;0;44;CF;57;56;57;56;57;645;170;3C6;3.6;23.1;-36.0;14.4;5.5;76.7;0.0000;-0.0238;-0.1750;100.9500;
707.57;0;0;0;0;44;CF;56;56;56;56;57;643;170;3C6;3.6;23.3;-36.0;14.4;5.5;76.7;0.0000;-0.0273;-0.1750;100.2250;
707.82;0;0;0;0;44;CF;56;56;56;56;56;63C;170;3C6;3.6;23.3;-36.0;14.4;5.5;76.7;0.0000;-0.0249;-0.2250;100.7750;
708.07;0;0;0;0;44;CF;56;56;56;55;56;639;170;3C6;3.6;22.9;-36.0;14.4;5.5;76.7;0.0000;-0.0241;-0.2500;100.9000;
708.32;0;0;0;0;44;CF;56;55;56;56;56;636;170;3C6;3.6;22.9;-36.0;14.4;5.5;76.7;0.0000;-0.0241;-0.1750;100.7500;
708.57;0;0;0;0;44;CF;56;55;56;55;56;631;170;3C6;3.6;23.1;-36.0;14.4;5.5;76.7;0.0000;-0.0241;-0.2500;101.0250;
708.82;0;0;0;0;44;CF;55;55;55;55;55;62F;170;3C6;3.6;23.5;-36.0;14.4;5.5;76.7;0.0000;-0.0247;-0.2750;100.8000;
709.07;0;0;0;0;44;CF;55;55;55;54;55;625;170;3C6;3.6;23.5;-36.0;14.4;5.5;76.7;0.0000;-0.0262;-0.3750;100.9500;
709.32;0;0;0;0;44;CF;55;54;55;54;55;624;170;3C6;3.6;23.0;-36.0;14.4;5.5;76.7;0.0000;-0.0264;-0.2750;100.5750;
709.57;0;0;0;0;44;CF;55;54;54;54;55;61B;170;3C6;3.5;23.2;-36.0;14.4;5.5;76.7;0.0000;-0.0260;-0.3250;100.8750;
709.82;0;0;0;0;44;CF;54;54;54;53;54;61B;170;3C6;3.5;23.2;-35.5;14.4;5.5;76.7;0.0000;-0.0252;-0.3750;100.8750;
710.07;0;0;0;0;44;CF;54;54;54;53;54;610;170;3C6;3.5;23.3;-35.5;14.4;5.5;76.7;0.0000;-0.0238;-0.3750;100.9750;
710.32;0;0;0;0;44;CF;54;53;53;53;54;60F;170;3C6;3.5;23.3;-35.5;14.4;5.5;76.7;0.0000;-0.0236;-0.3500;101.0250;
710.57;0;0;0;0;44;CF;53;53;53;53;53;606;170;3C6;3.5;23.0;-35.5;14.4;5.5;76.7;0.0000;-0.0236;-0.3500;100.8750;
710.82;0;0;0;0;44;CF;53;52;53;52;53;601;170;3C6;3.5;23.0;-35.5;14.4;5.5;76.7;0.0000;-0.0236;-0.4000;101.0500;
711.07;0;0;0;0;44;CF;53;52;52;52;53;5FA;170;3C6;3.5;23.2;-35.5;14.4;5.5;76.7;0.0000;-0.0247;-0.3750;100.9750;
711.32;0;0;0;0;44;CF;52;52;52;52;52;5F6;170;3C6;3.5;23.2;-35.5;14.4;5.5;76.7;0.0000;-0.0286;-0.3500;100.6500;
711.57;0;0;0;0;44;CF;52;52;52;51;52;5EC;170;3C6;3.5;23.3;-35.5;14.4;5.5;76.7;0.0000;-0.0313;-0.4000;100.2500;
711.82;0;0;0;0;44;CF;52;51;51;51;52;5E7;170;3C6;3.5;22.9;-35.5;14.4;5.5;76.7;0.0000;-0.0334;-0.4250;100.3250;
712.07;0;0;0;0;44;CF;51;51;51;51;51;5DF;170;3C6;3.5;22.9;-35.0;14.4;5.5;76.7;0.0000;-0.0343;-0.3750;100.1500;
712.32;0;0;0;0;44;CF;51;50;51;50;51;5DC;170;3C6;3.4;22.9;-35.0;14.4;5.5;76.7;0.0000;-0.0357;-0.4750;100.1500;
712.59;0;0;0;0;44;CF;51;50;50;50;50;5D0;170;3C6;3.4;22.7;-35.0;14.4;5.5;76.7;0.0000;-0.0354;-0.4750;100.1250;
712.84;0;0;0;0;44;CF;50;50;50;50;50;5CC;170;3C6;3.4;22.7;-35.0;14.4;5.5;76.7;0.0000;-0.0346;-0.4000;100.2250;
713.09;0;0;0;0;44;CF;50;50;50;4F;50;5C8;170;3C6;3.4;21.9;-35.0;14.4;5.5;76.7;0.0000;-0.0338;-0.3250;100.3250;
713.34;0;0;0;0;44;CF;4F;4F;4F;4F;4F;5C0;170;3C6;3.4;21.9;-35.0;14.4;5.5;76.7;0.0000;-0.0318;-0.4000;100.4750;
713.59;0;0;0;0;44;CF;4F;4F;4F;4F;4F;5BC;170;3C6;3.4;22.0;-35.0;14.4;5.5;76.7;0.0000;-0.0238;-0.3750;100.7000;
713.84;0;0;0;0;44;CF;4F;4F;4F;4E;4F;5B9;170;3C6;3.4;22.4;-35.0;14.4;5.5;76.7;0.0000;-0.0206;-0.3250;101.4000;
714.09;0;0;0;0;44;CF;4E;4E;4E;4E;4F;5B0;170;3C6;3.4;22.4;-35.0;14.4;5.5;76.7;0.0000;-0.0175;-0.3750;101.6250;
714.34;0;0;0;0;44;CF;4E;4E;4E;4E;4E;5A9;170;3C6;3.4;22.2;-35.0;14.4;5.5;76.7;0.0000;-0.0074;-0.4500;0.1750;
714.59;0;0;0;0;44;CF;4D;4E;4D;4D;4E;5A0;170;3C6;3.5;23.1;-35.0;14.4;5.5;76.7;0.0000;0.0091;-0.4500;0.1500;
714.84;0;0;0;0;44;CF;4D;4D;4D;4D;4D;59C;170;3C6;3.5;23.1;-34.5;14.4;5.5;76.7;0.0000;0.0204;-0.3500;1.1500;
715.09;0;0;0;0;44;CF;4D;4D;4D;4D;4D;597;170;3C6;3.5;23.1;-34.5;14.4;5.5;76.7;0.0000;0.0288;-0.3750;1.7250;
715.34;0;0;0;0;44;CF;4C;4D;4C;4D;4D;58F;170;3C6;3.6;24.1;-34.5;14.4;5.5;76.7;0.0000;0.0321;-0.4000;1.9250;
715.59;0;0;0;0;44;CF;4C;4D;4C;4C;4D;589;170;3C6;3.6;25.7;-34.5;14.4;5.5;76.7;0.0000;0.0361;-0.3750;2.0500;
715.84;0;0;0;0;44;CF;4C;4C;4B;4C;4C;585;170;3C6;3.6;25.7;-34.5;14.4;5.5;76.7;0.0000;0.0400;-0.3500;2.2500;
716.09;0;0;0;0;44;CF;4B;4C;4B;4C;4C;57E;170;3C6;3.5;27.8;-34.5;14.4;5.5;76.7;0.0000;0.0420;-0.3750;2.5250;
716.34;0;0;0;0;44;CF;4B;4C;4B;4C;4C;579;170;3C6;3.5;27.8;-34.5;14.4;5.5;76.7;0.0000;0.0420;-0.3750;2.3000;
716.59;0;0;0;0;44;CF;4A;4C;4A;4B;4B;570;170;3C6;3.5;29.7;-34.5;14.4;5.5;76.7;0.0000;0.0445;-0.4000;2.5250;
716.84;0;0;0;0;44;CF;4A;4B;4A;4B;4B;56D;170;3C6;3.5;31.7;-34.5;14.4;5.5;76.7;0.0000;0.0468;-0.3250;2.6000;
717.09;0;0;0;0;44;CF;4A;4B;4A;4B;4B;56B;170;3C6;3.5;31.7;-34.5;14.4;5.5;76.7;0.0000;0.0466;-0.2750;2.5750;
717.34;0;0;0;0;44;CF;4A;4B;4A;4A;4A;564;170;3C6;3.5;33.9;-34.5;14.4;5.5;76.7;0.0000;0.0451;-0.3250;2.4500;
717.60;0;0;0;0;43;CF;49;4B;49;4A;4A;55D;170;3C6;3.5;35.9;-34.5;14.4;5.5;76.7;0.0000;0.0446;-0.3250;2.2000;
717.85;0;0;0;0;43;CF;49;4A;49;4A;4A;556;170;3C6;3.5;35.9;-34.5;14.4;5.5;76.7;0.0000;0.0458;-0.2750;2.2750;
718.10;0;0;0;0;43;CF;49;4A;49;4A;4A;55D;170;3C6;3.5;37.2;-14.0;14.4;5.5;76.7;0.1529;0.0430;-0.2500;2.4250;
718.35;0;0;0;0;43;CF;49;4A;49;4A;4A;567;170;3C6;3.5;37.2;26.0;14.4;5.5;76.7;0.2235;0.0391;-0.1500;1.9500;
718.60;0;0;0;0;43;CF;49;4A;49;49;49;55F;170;3C6;3.5;38.9;47.5;14.4;5.5;76.7;0.2235;0.0402;-0.2000;1.7000;
718.85;0;0;0;0;43;CF;49;4A;49;4A;49;550;170;3C6;3.3;39.4;46.0;14.4;5.5;76.7;0.1961;0.0417;-0.1000;2.2750;
719.10;0;0;0;0;43;CF;49;49;49;4A;4A;553;170;3C6;3.3;39.4;39.5;14.4;5.5;76.7;0.1843;0.0428;0.0250;2.1000;
719.35;0;0;0;0;43;CF;49;4A;49;4A;4A;557;170;3C6;3.3;39.4;34.0;14.4;5.5;76.7;0.1804;0.0417;0.0250;2.1750;
719.60;0;0;0;0;43;CF;49;4A;49;4A;4A;555;170;3C6;3.2;39.7;35.0;14.4;5.5;76.7;0.1882;0.0420;0.0000;2.1250;
719.85;0;0;0;0;43;CF;49;4A;49;4A;49;555;170;3C6;3.2;39.9;39.0;14.4;5.5;76.7;0.2039;0.0451;-0.0750;2.2500;
720.10;0;0;0;0;43;CF;49;4A;49;4A;4A;558;170;3C6;3.2;39.9;49.0;14.4;5.5;76.7;0.2431;0.0496;-0.0250;2.7750;
720.35;0;0;0;0;43;CF;49;4A;49;4A;4A;559;170;3C6;3.2;39.3;77.5;14.4;5.5;76.7;0.2588;0.0536;0.0000;2.8250;
720.60;0;0;0;0;43;CF;49;4A;49;4A;4A;55C;170;3C6;3.2;40.0;82.5;14.4;5.5;76.7;0.2627;0.0533;0.1000;3.0750;
720.85;0;0;0;0;43;CF;49;4A;49;4A;4A;55C;170;3C6;3.2;40.0;85.5;14.4;5.5;76.7;0.2627;0.0533;0.1000;2.9000;
721.10;0;0;0;0;43;CF;49;4B;49;4A;4A;55F;170;3C6;3.2;40.0;82.5;14.4;5.5;76.7;0.2549;0.0530;0.1500;3.0000;
721.35;0;0;0;0;43;CF;4A;4B;4A;4B;4A;566;170;3C6;3.2;40.0;78.5;14.4;5.5;76.7;0.2549;0.0499;0.1750;2.6750;
721.60;0;0;0;0;43;CF;4A;4B;4A;4B;4A;565;170;3C6;3.2;39.6;78.5;14.4;5.5;76.7;0.2510;0.0470;0.1000;2.6000;
721.85;0;0;0;0;43;CF;4A;4B;4A;4B;4B;567;170;3C6;3.2;39.9;79.0;14.4;5.5;76.7;0.2510;0.0453;0.1000;2.5250;
722.10;0;0;0;0;43;CF;4A;4B;4A;4B;4B;56E;170;3C6;3.2;39.9;78.0;14.4;5.5;76.7;0.2510;0.0457;0.1500;2.4250;
722.35;0;0;0;0;43;CF;4A;4C;4A;4B;4B;572;170;3C6;3.2;39.8;79.5;14.4;5.5;76.7;0.2510;0.0448;0.2250;2.6000;
722.62;0;0;0;0;43;CF;4B;4B;4B;4B;4B;571;170;3C6;3.2;39.4;80.0;14.4;5.5;76.7;0.2549;0.0451;0.1250;2.3750;
722.87;0;0;0;0;43;CF;4A;4C;4B;4C;4B;576;170;3C6;3.2;39.4;79.5;14.4;5.5;76.7;0.2549;0.0494;0.0500;2.5750;
723.12;0;0;0;0;43;CF;4B;4C;4B;4C;4B;576;170;3C6;3.2;40.0;80.5;14.4;5.5;76.7;0.2588;0.0512;0.0750;2.9500;
723.37;0;0;0;0;43;CF;4B;4C;4B;4C;4C;57A;170;3C6;3.2;40.0;83.5;14.4;5.5;76.7;0.2667;0.0528;0.1250;2.9500;
723.62;0;0;0;0;43;CF;4B;4C;4B;4C;4C;57B;170;3C6;3.2;40.6;86.5;14.4;5.5;76.7;0.2706;0.0525;0.1250;2.8000;
723.87;0;0;0;0;43;CF;4B;4C;4B;4C;4C;582;170;3C6;3.2;40.6;104.5;14.4;5.5;76.7;0.3333;0.0514;0.1250;2.9000;
724.12;0;0;0;0;43;CF;4C;4D;4C;4C;4C;58D;170;3C6;3.2;40.4;131.0;14.4;5.5;76.7;0.3686;0.0507;0.2000;3.1000;
724.37;0;0;0;0;43;CF;4C;4D;4C;4D;4C;58A;170;3C6;3.2;41.1;156.5;14.4;5.5;76.7;0.3765;0.0509;0.1750;2.7500;
724.62;0;0;0;0;43;CF;4C;4D;4C;4D;4D;591;170;3C6;3.2;41.1;162.0;14.4;5.5;76.7;0.3804;0.0491;0.2500;2.5000;
724.87;0;0;0;0;43;CF;4D;4D;4C;4D;4D;598;170;3C6;3.2;40.3;175.5;14.4;5.5;76.7;0.4078;0.0425;0.2500;2.4250;
725.12;0;0;0;0;43;CF;4D;4E;4D;4E;4D;59D;170;3C6;3.2;40.3;190.0;14.4;5.5;76.7;0.4196;0.0382;0.3500;2.0500;
725.37;0;0;0;0;43;CF;4D;4E;4D;4E;4E;5A1;170;3C6;3.2;40.0;197.0;14.4;5.5;76.7;0.4275;0.0415;0.3250;2.1500;
725.62;0;0;0;0;43;CF;4E;4E;4E;4E;4E;5A8;170;3C6;3.2;39.3;196.0;14.4;5.5;76.7;0.4235;0.0489;0.3500;2.5750;
725.87;0;0;0;0;43;CF;4E;4E;4E;4F;4E;5AF;170;3C6;3.2;39.3;195.5;14.4;5.5;76.7;0.4235;0.0486;0.2250;2.3750;
726.12;0;0;0;0;43;CF;4E;4F;4E;4F;4F;5B1;170;3C6;3.2;39.1;196.5;14.4;5.5;76.7;0.4235;0.0458;0.1250;1.8000;
726.37;0;0;0;0;43;CF;4E;4F;4E;4F;4F;5B9;170;3C6;3.2;39.5;195.5;14.4;5.5;76.7;0.4275;0.0387;0.3500;2.0750;
726.62;0;0;0;0;43;CF;4F;50;4F;4F;4F;5BF;170;3C6;3.2;39.5;197.0;14.4;5.5;76.7;0.4275;0.0445;0.3250;2.2500;
726.87;0;0;0;0;43;CF;4F;50;4F;50;50;5C2;170;3C6;3.2;38.9;221.5;14.4;5.5;76.7;0.4784;0.0414;0.2750;2.7000;
727.12;0;0;0;0;43;CF;4F;50;50;50;50;5D0;170;3C6;3.2;38.9;230.0;14.4;5.5;76.7;0.4784;0.0412;0.3750;2.1500;
727.37;0;0;0;0;43;CF;50;51;50;50;50;5CF;16F;3C6;3.2;38.8;235.0;14.4;5.5;76.7;0.4824;0.0359;0.4000;2.1750;
727.63;0;0;0;0;43;CF;50;51;50;51;51;5DB;16F;3C6;3.2;38.8;240.0;14.4;5.5;76.7;0.4863;0.0323;0.4750;1.5250;
727.88;0;0;0;0;43;CF;51;51;51;51;51;5E3;16F;3C6;3.2;38.1;244.0;14.4;5.5;76.7;0.5020;0.0300;0.4000;1.4000;
728.13;0;0;0;0;43;CF;51;52;51;52;52;5E2;16F;3C6;3.2;38.1;250.0;14.4;5.5;76.7;0.5020;0.0290;0.4000;1.3250;
728.38;0;0;0;0;44;CF;51;52;52;52;52;5EE;16F;3C6;3.2;37.0;252.5;14.4;5.5;76.7;0.5137;0.0230;0.3250;1.0500;
728.63;0;0;0;0;44;CF;52;52;52;52;52;5F7;16F;3C6;3.2;36.0;251.5;14.4;5.5;76.7;0.5098;0.0219;0.4250;0.9250;
728.88;0;0;0;0;44;CF;52;53;53;53;53;5FC;16F;3C6;3.2;36.0;250.5;14.4;5.5;76.7;0.5020;0.0228;0.4500;1.4000;
729.13;0;0;0;0;44;CF;53;53;53;53;53;609;16F;3C6;3.2;35.2;246.5;14.4;5.5;76.7;0.5020;0.0252;0.4250;1.1750;
729.38;0;0;0;0;44;CF;53;54;53;53;53;60D;16F;3C6;3.2;34.2;243.0;14.4;5.5;76.7;0.4941;0.0272;0.3500;1.6500;
729.63;0;0;0;0;44;CF;54;54;53;54;54;612;16F;3C6;3.2;34.2;242.5;14.4;5.5;76.7;0.4941;0.0224;0.4250;1.3000;
729.88;0;0;0;0;44;CF;54;54;54;54;54;61B;16F;3C6;3.2;34.4;242.5;14.4;5.5;76.7;0.4941;0.0212;0.4500;0.5000;
730.13;0;0;0;0;44;CF;55;55;55;55;55;624;16F;3C6;3.2;34.4;239.5;14.4;5.5;76.7;0.4902;0.0170;0.4250;0.9000;
730.38;0;0;0;0;44;CF;55;55;55;55;55;62E;16F;3C6;3.2;33.1;237.5;14.4;5.5;76.7;0.4902;0.0158;0.4000;0.7750;
730.63;0;0;0;0;44;CF;55;56;55;56;56;633;16F;3C6;3.2;31.5;239.5;14.4;5.5;76.7;0.4902;0.0136;0.4500;0.5500;
730.88;0;0;0;0;44;CF;55;56;56;56;56;639;16F;3C6;3.2;31.5;238.5;14.4;5.5;76.7;0.4863;0.0153;0.4500;0.7000;
731.13;0;0;0;0;44;CF;56;56;56;57;56;643;16F;3C6;3.2;31.4;240.0;14.4;5.5;76.7;0.4902;0.0194;0.4500;1.0250;
731.38;0;0;0;0;44;CF;56;57;56;57;57;649;16F;3C6;3.2;30.1;238.5;14.4;5.5;76.7;0.4863;0.0209;0.4000;0.7750;
731.63;0;0;0;0;44;CF;57;57;57;57;57;651;16F;3C6;3.2;30.1;236.5;14.4;5.5;76.7;0.4863;0.0209;0.3500;1.0500;
731.88;0;0;0;0;44;CF;57;58;57;57;57;658;16F;3C6;3.2;30.1;238.5;14.4;5.5;76.7;0.4902;0.0216;0.3250;1.1250;
732.13;0;0;0;0;44;CF;57;58;57;58;58;65A;16F;3C6;3.2;29.2;238.5;14.4;5.5;76.7;0.4902;0.0217;0.2250;0.9750;
732.38;0;0;0;0;44;CF;57;58;57;58;58;661;16F;3C6;3.2;29.5;239.0;14.4;5.5;76.7;0.4902;0.0222;0.2250;1.2000;
732.65;0;0;0;0;44;CF;58;58;58;58;58;666;16F;3C6;3.2;29.5;236.5;14.4;5.5;76.7;0.4863;0.0222;0.2250;1.1250;
732.90;0;0;0;0;44;CF;58;59;58;58;58;667;16F;3C6;3.2;29.0;237.5;14.4;5.5;76.7;0.4863;0.0222;0.2250;1.1250;
733.15;0;0;0;0;44;CF;58;59;58;59;59;66B;16F;3C6;3.2;29.0;237.0;14.4;5.5;76.7;0.4902;0.0222;0.2500;1.3500;
733.40;0;0;0;0;44;CF;58;59;59;59;59;670;16F;3C6;3.2;28.9;238.0;14.4;5.5;76.7;0.4902;0.0265;0.3250;1.3750;
733.65;0;0;0;0;44;CF;59;59;59;59;59;66F;16F;3C6;3.2;29.4;239.0;14.4;5.5;76.7;0.4902;0.0255;0.1750;1.3500;
733.90;0;0;0;0;44;CF;59;59;59;59;59;676;16F;3C6;3.2;29.4;237.5;14.4;5.5;76.7;0.4902;0.0252;0.1500;1.2250;
734.15;0;0;0;0;44;CF;59;59;59;59;59;675;16F;3C6;3.2;29.0;238.0;14.4;5.5;76.7;0.4902;0.0222;0.1250;1.4750;
734.40;0;0;0;0;44;CF;59;5A;59;5A;5A;67E;16F;3C6;3.2;29.3;235.5;14.4;5.5;76.7;0.4863;0.0207;0.1750;0.7500;
734.65;0;0;0;0;44;CF;5A;5A;59;5A;5A;67D;16F;3C6;3.2;29.3;238.0;14.4;5.5;76.7;0.4902;0.0172;0.1500;0.7750;
734.90;0;0;0;0;45;CF;59;5A;59;5A;5A;681;16F;3C6;3.2;29.7;237.5;14.4;5.5;76.7;0.4902;0.0130;0.1750;0.6000;
735.15;0;0;0;0;45;CF;5A;5A;5A;5A;5A;684;16F;3C6;3.2;29.7;237.0;14.4;5.5;76.7;0.4902;0.0123;0.1000;0.7000;
735.40;0;0;0;0;45;CF;5A;5A;5A;5A;5A;68A;16F;3C6;3.2;29.3;235.0;14.4;5.5;76.7;0.4863;0.0109;0.1000;0.3500;
735.65;0;0;0;0;45;CF;5A;5A;5A;5B;5A;68D;16F;3C6;3.2;29.4;235.5;14.4;5.5;76.7;0.4863;0.0095;0.1250;0.1500;
735.90;0;0;0;0;45;CF;5A;5A;5A;5A;5B;68B;16F;3C6;3.2;29.4;235.5;14.4;5.5;76.7;0.4863;0.0066;0.1500;0.4250;
736.15;0;0;0;0;45;CF;5A;5B;5A;5A;5B;68F;16F;3C6;3.2;29.4;231.5;14.4;5.5;76.7;0.4824;0.0044;0.1250;0.2000;
736.40;0;0;0;0;45;CF;5A;5A;5B;5B;5B;692;16F;3C6;3.2;29.2;228.0;14.4;5.5;76.7;0.4745;0.0003;0.1250;102.2000;
736.65;0;0;0;0;45;CF;5B;5B;5B;5B;5B;69A;16F;3C6;3.2;28.5;226.0;14.4;5.5;76.7;0.4745;-0.0022;0.1500;102.1500;
736.90;0;0;0;0;45;CF;5B;5B;5B;5B;5B;696;16F;3C6;3.2;28.5;224.5;14.4;5.5;76.7;0.4706;-0.0079;0.1500;101.4750;
737.15;0;0;0;0;45;CF;5B;5B;5B;5B;5B;69A;16F;3C6;3.2;28.1;222.0;14.4;5.5;76.7;0.4667;-0.0080;0.1000;101.3750;
737.40;0;0;0;0;45;CF;5B;5B;5B;5B;5B;69C;16F;3C6;3.2;27.6;221.5;14.4;5.5;76.7;0.4667;-0.0061;0.0750;101.9000;
737.66;0;0;0;0;45;CF;5B;5B;5B;5B;5B;699;16F;3C6;3.2;27.6;221.0;14.4;5.5;76.7;0.4667;-0.0041;0.0500;101.9500;
737.91;0;0;0;0;45;CF;5B;5B;5B;5B;5B;6A2;16F;3C6;3.2;26.4;220.0;14.4;5.5;76.7;0.4667;-0.0004;0.0750;0.0000;
738.16;0;0;0;0;45;CF;5C;5C;5B;5C;5C;69E;16F;3C6;3.2;26.4;219.0;14.4;5.5;76.7;0.4667;0.0036;0.0500;0.0500;
738.41;0;0;0;0;45;CF;5B;5C;5B;5C;5C;6A1;16F;3C6;3.2;26.1;219.5;14.4;5.5;76.7;0.4667;0.0025;0.0500;0.0250;
738.66;0;0;0;0;45;CF;5B;5C;5C;5B;5C;6A1;16F;3C6;3.2;25.7;219.5;14.4;5.5;76.7;0.4667;0.0025;0.0500;0.1750;
738.91;0;0;0;0;45;CF;5B;5C;5B;5B;5C;6A7;16F;3C6;3.2;25.7;218.0;14.4;5.5;76.7;0.4667;0.0025;0.0000;102.1750;
739.16;0;0;0;0;45;CF;5C;5C;5C;5C;5C;6A5;16F;3C6;3.2;25.1;219.5;14.4;5.5;76.7;0.4667;-0.0070;0.0250;102.3000;
739.41;0;0;0;0;46;CF;5C;5C;5C;5C;5C;6A8;16F;3C6;3.2;25.1;219.5;14.4;5.5;76.7;0.4667;-0.0064;0.0500;101.9750;
739.66;0;0;0;0;46;CF;5C;5C;5C;5C;5C;6AA;16F;3C6;3.2;25.1;219.5;14.4;5.5;76.7;0.4667;-0.0062;0.0750;101.9000;
739.91;0;0;0;0;46;CF;5C;5C;5C;5C;5C;6A8;16F;3C6;3.2;24.8;219.0;14.4;5.5;76.7;0.4667;-0.0049;0.0500;101.8500;
740.16;0;0;0;0;46;CF;5C;5C;5C;5C;5C;6AB;16F;3C6;3.2;24.8;219.5;14.4;5.5;76.7;0.4667;-0.0004;0.0750;102.1500;
740.41;0;0;0;0;46;CF;5C;5C;5C;5C;5C;6AD;16F;3C6;3.2;24.4;219.0;14.4;5.5;76.7;0.4667;0.0000;0.0000;102.3000;
740.66;0;0;0;0;46;CF;5C;5C;5C;5C;5C;6AF;16F;3C6;3.2;24.4;219.0;14.4;5.5;76.7;0.4667;0.0003;0.0500;102.2250;
740.91;0;0;0;0;46;CF;5C;5C;5C;5C;5C;6B4;16F;3C6;3.2;24.6;219.0;14.4;5.5;76.7;0.4667;0.0004;0.0500;0.1250;
741.16;0;0;0;0;46;CF;5C;5C;5C;5C;5C;6B2;16F;3C6;3.2;24.6;218.5;14.4;5.5;76.7;0.4667;0.0003;0.0250;0.0750;
741.41;0;0;0;0;46;CF;5C;5C;5C;5C;5C;6B0;16F;3C6;3.2;24.9;217.0;14.4;5.5;76.7;0.4588;-0.0003;0.0250;101.9750;
741.66;0;0;0;0;46;CF;5C;5C;5C;5C;5D;6B5;16F;3C6;3.2;24.9;214.5;14.4;5.5;76.7;0.4588;-0.0003;0.0500;0.0750;
741.91;0;0;0;0;46;CF;5C;5D;5C;5C;5D;6B5;16F;3C6;3.2;24.9;213.0;14.4;5.5;76.7;0.4549;-0.0021;0.0750;102.2500;
742.16;0;0;0;0;46;CF;5D;5C;5C;5C;5D;6B6;16F;3C6;3.2;25.5;210.0;14.4;5.5;76.7;0.4510;-0.0041;0.0000;102.2000;
742.41;0;0;0;0;46;CF;5D;5C;5D;5C;5D;6BB;16F;3C6;3.2;25.4;209.5;14.4;5.5;76.7;0.4510;-0.0041;0.0250;102.0750;
742.68;0;0;0;0;46;CF;5C;5C;5D;5D;5D;6B6;16F;3C6;3.2;25.4;208.0;14.4;5.5;76.7;0.4471;-0.0034;0.0250;102.1750;
742.93;0;0;0;0;47;CF;5C;5C;5D;5D;5D;6B4;16F;3C6;3.2;24.9;207.0;14.4;5.5;76.7;0.4471;-0.0028;-0.0250;102.3750;
743.18;0;0;0;0;47;CF;5C;5C;5C;5C;5D;6B7;16F;3C6;3.2;25.0;204.5;14.4;5.5;76.7;0.4431;-0.0014;0.0250;102.3250;
743.43;0;0;0;0;47;CF;5D;5C;5C;5D;5D;6B4;16F;3C6;3.2;25.0;202.0;14.4;5.5;76.7;0.4353;-0.0016;0.0000;102.2750;
743.68;0;0;0;0;47;CF;5C;5D;5C;5C;5D;6B5;16F;3C6;3.2;25.1;188.5;14.4;5.5;76.7;0.4118;-0.0016;-0.0500;0.1750;
743.93;0;0;0;0;47;CF;5C;5C;5C;5C;5D;6B5;16F;3C6;3.2;25.1;180.0;14.4;5.5;76.7;0.4039;-0.0016;-0.0750;102.3750;
744.18;0;0;0;0;47;CF;5C;5C;5C;5C;5D;6B4;16F;3C6;3.2;25.2;165.5;14.4;5.5;76.7;0.3804;-0.0016;-0.1000;0.1000;
744.43;0;0;0;0;47;CF;5C;5C;5C;5C;5C;6B2;16F;3C6;3.2;25.2;161.5;14.4;5.5;76.7;0.3765;-0.0018;-0.1750;0.1750;
744.68;0;0;0;0;47;CF;5C;5C;5C;5C;5C;6AC;16F;3C6;3.2;25.5;155.0;14.4;5.5;76.7;0.3686;-0.0021;-0.2250;102.3750;
744.93;0;0;0;0;47;CF;5C;5C;5C;5C;5C;6A8;16F;3C6;3.2;25.5;149.0;14.4;5.5;76.7;0.3569;-0.0022;-0.2500;0.1000;
745.18;0;0;0;0;47;CF;5B;5C;5C;5B;5C;6A3;16F;3C6;3.2;25.6;141.0;14.4;5.5;76.7;0.3451;-0.0039;-0.1500;102.0750;
745.43;0;0;0;0;47;CF;5B;5B;5B;5B;5C;6A0;16F;3C6;3.2;25.6;138.0;14.4;5.5;76.7;0.3451;-0.0041;-0.2000;0.1250;
745.68;0;0;0;0;47;CF;5B;5B;5B;5B;5B;69E;16F;3C6;3.2;25.6;135.0;14.4;5.5;76.7;0.3412;-0.0047;-0.2250;102.3000;
745.93;0;0;0;0;47;CF;5B;5B;5B;5B;5B;699;16F;3C6;3.2;25.8;134.5;14.4;5.5;76.7;0.3412;-0.0047;-0.2500;102.3000;
746.18;0;0;0;0;48;CF;5B;5B;5B;5B;5B;696;16F;3C6;3.2;25.8;135.0;14.4;5.5;76.7;0.3412;-0.0039;-0.2750;102.3500;
746.43;0;0;0;0;48;CF;5A;5A;5A;5A;5B;68F;16F;3C6;3.2;25.8;136.0;14.4;5.5;76.7;0.3412;-0.0034;-0.2750;0.0000;
746.68;0;0;0;0;48;CF;5A;5A;5A;5A;5B;68A;16F;3C6;3.2;25.8;135.5;14.4;5.5;76.7;0.3412;-0.0011;-0.2500;102.2750;
746.93;0;0;0;0;48;CF;5A;5A;5A;5A;5A;686;16F;3C6;3.2;25.8;135.5;14.4;5.5;76.7;0.3412;-0.0003;-0.3250;0.1500;
747.18;0;0;0;0;48;CF;5A;5A;5A;5A;5A;685;16F;3C6;3.2;26.4;135.5;14.4;5.5;76.7;0.3451;0.0013;-0.2250;0.1500;
747.43;0;0;0;0;48;CF;59;5A;59;5A;5A;67F;16F;3C6;3.2;26.4;136.5;14.4;5.5;76.7;0.3451;0.0025;-0.2250;0.0250;
747.69;0;0;0;0;48;CF;59;5A;59;59;5A;67A;16F;3C6;3.2;26.4;137.0;14.4;5.5;76.7;0.3451;0.0029;-0.2250;0.5250;
747.94;0;0;0;0;48;CF;59;59;59;59;59;676;16F;3C6;3.2;26.5;137.5;14.4;5.5;76.7;0.3451;0.0033;-0.2500;0.3750;
748.19;0;0;0;0;48;CF;59;59;59;59;59;672;16F;3C6;3.2;27.1;138.0;14.4;5.5;76.7;0.3451;0.0033;-0.3250;0.2750;
748.44;0;0;0;0;48;CF;58;59;58;59;59;66D;16F;3C6;3.2;27.1;138.5;14.4;5.5;76.7;0.3451;0.0025;-0.3250;0.1250;
748.69;0;0;0;0;48;CF;58;59;58;58;59;667;16F;3C6;3.2;27.1;137.5;14.4;5.5;76.7;0.3451;-0.0003;-0.3250;0.0000;
748.94;0;0;0;0;48;CF;58;58;58;58;58;662;16F;3C6;3.2;27.1;137.5;14.4;5.5;76.7;0.3451;-0.0013;-0.3250;0.1250;
749.19;0;0;0;0;48;CF;58;58;58;58;58;65F;16F;3C6;3.2;27.0;139.0;14.4;5.5;76.7;0.3490;-0.0025;-0.3250;102.2000;
749.44;0;0;0;0;48;CF;57;57;58;57;58;658;16F;3C6;3.2;27.0;139.0;14.4;5.5;76.7;0.3451;-0.0036;-0.3250;102.2750;
749.69;0;0;0;0;48;CF;57;57;57;57;58;657;16F;3C4;3.2;27.2;137.5;14.4;5.5;76.7;0.3451;-0.0047;-0.2500;102.2000;
749.94;0;0;0;0;48;CF;57;57;57;57;57;654;16F;3C4;3.2;27.2;144.5;14.4;5.5;76.7;0.3804;-0.0059;-0.2500;102.1250;
750.19;0;0;0;0;48;CF;57;57;57;57;57;64F;16F;3C4;3.2;27.1;163.0;14.4;5.5;76.7;0.4118;-0.0075;-0.2500;102.0500;
750.44;0;0;0;0;49;CF;57;57;57;57;57;64E;16F;3C4;3.2;26.9;193.5;14.4;5.5;76.7;0.4275;-0.0074;-0.1750;101.9750;
750.69;0;0;0;0;49;CF;57;57;57;57;57;64B;16F;3C4;3.2;26.9;193.0;14.4;5.5;76.7;0.4235;-0.0074;-0.1250;101.9250;
750.94;0;0;0;0;49;CF;57;56;57;56;57;648;16F;3C4;3.2;26.8;190.5;14.4;5.5;76.7;0.4196;-0.0074;-0.1250;101.6250;
751.19;0;0;0;0;49;CF;57;56;57;57;57;64C;16F;3C4;3.2;26.4;190.5;14.4;5.5;76.7;0.4196;-0.0070;-0.1000;102.1500;
751.44;0;0;0;0;49;CF;56;56;56;57;57;647;16F;3C4;3.2;26.4;188.5;14.4;5.5;76.7;0.4157;-0.0070;-0.1000;101.9500;
751.69;0;0;0;0;49;CF;56;56;56;56;57;643;16F;3C4;3.2;26.3;187.5;14.4;5.5;76.7;0.4157;-0.0070;-0.1000;102.2250;
751.94;0;0;0;0;49;CF;56;56;56;56;57;643;16F;3C4;3.2;26.3;187.0;14.4;5.5;76.7;0.4157;-0.0069;-0.1000;102.2750;
752.19;0;0;0;0;49;CF;56;57;56;56;57;642;16F;3C4;3.2;26.0;188.0;14.4;5.5;76.7;0.4157;-0.0066;-0.0750;102.2000;
752.44;0;0;0;0;49;CF;56;56;56;56;57;645;16F;3C4;3.2;25.5;187.5;14.4;5.5;76.7;0.4157;-0.0064;-0.1000;102.0500;
752.71;0;0;0;0;49;CF;56;56;56;56;57;646;16F;3C4;3.2;25.5;188.5;14.4;5.5;76.7;0.4157;-0.0057;-0.0500;102.1250;
752.96;0;0;0;0;49;CF;56;57;56;56;57;644;16F;3C4;3.2;25.5;188.5;14.4;5.5;76.7;0.4157;-0.0031;-0.0500;102.2000;
753.21;0;0;0;0;49;CF;56;56;56;56;57;643;16F;3C4;3.2;25.4;189.0;14.4;5.5;76.7;0.4196;-0.0022;-0.0500;102.3250;
753.46;0;0;0;0;49;CF;56;56;56;56;56;640;16F;3C4;3.2;25.3;188.5;14.4;5.5;76.7;0.4157;-0.0018;-0.0750;0.0250;
753.71;0;0;0;0;49;CF;56;56;56;56;56;641;16F;3C4;3.2;25.3;188.0;14.4;5.5;76.7;0.4157;-0.0018;-0.0750;102.2250;
753.96;0;0;0;0;49;CF;56;56;56;56;56;642;16F;3C4;3.2;25.2;187.5;14.4;5.5;76.7;0.4157;0.0000;-0.1000;0.2000;
754.21;0;0;0;0;49;CF;56;56;56;56;56;641;16F;3C4;3.2;25.2;188.5;14.4;5.5;76.7;0.4157;0.0001;-0.0250;0.2000;
754.46;0;0;0;0;49;CF;56;56;56;56;56;642;16F;3C4;3.2;25.2;188.0;14.4;5.5;76.7;0.4157;0.0007;-0.0250;0.1250;
754.71;0;0;0;0;49;CF;56;56;56;56;56;63F;16F;3C4;3.2;25.5;188.5;14.4;5.5;76.7;0.4157;0.0016;-0.0500;0.3500;
754.96;0;0;0;0;49;CF;56;56;56;56;56;63C;16F;3C4;3.2;25.5;188.0;14.4;5.5;76.7;0.4157;0.0022;0.0000;0.1500;
755.21;0;0;0;0;49;CF;56;56;56;56;56;641;16F;3C4;3.2;25.8;188.0;14.4;5.5;76.7;0.4118;0.0022;-0.0500;0.1750;
755.46;0;0;0;0;49;CF;56;56;56;56;56;641;16F;3C4;3.2;25.9;185.5;14.4;5.5;76.7;0.4118;0.0022;0.0000;0.2000;
755.71;0;0;0;0;4A;CF;56;56;56;56;56;640;16F;3C4;3.2;25.9;185.5;14.4;5.5;76.7;0.4118;0.0022;-0.0500;102.2000;
755.96;0;0;0;0;4A;CF;56;56;56;56;57;644;16F;3C4;3.2;26.1;183.5;14.4;5.5;76.7;0.4118;0.0025;0.0250;0.5750;
756.21;0;0;0;0;4A;CF;56;56;56;56;57;63F;16F;3C4;3.2;26.3;180.5;14.4;5.5;76.7;0.4000;0.0025;0.0750;0.0000;
756.46;0;0;0;0;4A;CF;56;56;56;56;57;641;16F;3C4;3.2;26.3;168.5;14.4;5.5;76.7;0.3843;-0.0001;0.0000;0.3500;
756.71;0;0;0;0;4A;CF;56;56;56;56;57;645;16F;3C4;3.2;26.4;157.0;14.4;5.5;76.7;0.3608;-0.0011;0.0500;0.1500;
756.96;0;0;0;0;4A;CF;56;57;56;56;57;648;16F;3C4;3.2;26.4;147.5;14.4;5.5;76.7;0.3569;-0.0062;0.0250;102.2750;
757.21;0;0;0;0;4A;CF;56;56;57;56;57;647;16F;3C4;3.2;26.7;141.0;14.4;5.5;76.7;0.3333;-0.0077;0.0750;102.1250;
757.46;0;0;0;0;4A;CF;56;56;56;56;57;62A;16F;3C4;3.2;26.7;-6.0;14.4;5.5;76.7;0.0000;-0.0082;-0.0750;102.0000;
757.72;0;0;0;0;4A;CF;56;56;56;56;56;637;16F;3C4;3.2;26.6;-23.0;14.4;5.5;76.7;0.0000;-0.0088;-0.3500;101.8750;
757.97;0;0;0;0;4A;CF;55;55;55;55;56;627;16F;3C4;3.2;26.6;-35.5;14.4;5.5;76.7;0.0000;-0.0102;-0.4500;102.0000;
758.22;0;0;0;0;4A;CF;55;55;55;55;55;625;16F;3C4;3.2;26.6;-35.0;14.4;5.5;76.7;0.0000;-0.0109;-0.4750;101.8250;
758.47;0;0;0;0;4A;CF;54;54;54;54;55;61C;16F;3C2;3.2;26.8;-35.0;14.4;5.5;76.7;0.0000;-0.0114;-0.5250;101.9500;
758.72;0;0;0;0;4A;CF;54;54;54;54;54;614;16F;3C4;3.2;26.8;-35.0;14.4;5.5;76.7;0.0000;-0.0114;-0.5250;101.7000;
758.97;0;0;0;0;4A;CF;53;53;53;53;54;60B;16F;3C4;3.2;26.8;-35.0;14.4;5.5;76.7;0.0000;-0.0114;-0.5250;101.8000;
759.22;0;0;0;0;4A;CF;53;53;53;53;53;606;16F;3C4;3.2;26.7;-35.0;14.4;5.5;76.7;0.0000;-0.0117;-0.5000;101.6750;
759.47;0;0;0;0;4A;CF;52;53;53;52;53;5FC;16F;3C4;3.2;26.7;-35.0;14.4;5.5;76.7;0.0000;-0.0120;-0.5000;101.8750;
759.72;0;0;0;0;4A;CF;52;52;52;52;52;5F6;16F;3C4;3.2;26.7;-35.0;14.4;5.5;76.7;0.0000;-0.0128;-0.5000;101.7500;
759.97;0;0;0;0;4A;CF;52;52;52;51;52;5EB;16F;3C2;3.2;26.7;-34.5;14.4;5.5;76.7;0.0000;-0.0135;-0.5000;101.6750;
760.22;0;0;0;0;4B;CF;51;51;51;51;51;5E6;16F;3C2;3.2;26.7;-34.5;14.4;5.5;76.7;0.0000;-0.0135;-0.5250;101.7000;
760.47;0;0;0;0;4B;CF;51;51;51;51;51;5DA;16F;3C4;3.2;26.5;-34.5;14.4;5.5;76.7;0.0000;-0.0135;-0.5250;101.8500;
760.72;0;0;0;0;4B;CF;50;50;50;50;51;5D5;16F;3C2;3.2;26.5;-34.5;14.4;5.5;76.7;0.0000;-0.0135;-0.5250;101.6750;
760.97;0;0;0;0;4B;CF;50;50;50;50;50;5CB;16F;3C2;3.2;26.5;-34.5;14.4;5.5;76.7;0.0000;-0.0133;-0.5250;101.7000;
761.22;0;0;0;0;4B;CF;4F;4F;50;4F;50;5C6;16F;3C2;3.2;26.5;-34.0;14.4;5.5;76.7;0.0000;-0.0133;-0.4750;101.6750;
761.47;0;0;0;0;4B;CF;4F;4F;4F;4F;4F;5C1;16F;3C2;3.2;26.5;-34.0;14.4;5.5;76.7;0.0000;-0.0132;-0.4500;101.7000;
761.72;0;0;0;0;4B;CF;4F;4F;4F;4F;4F;5BB;16F;3C2;3.2;26.5;-34.0;14.4;5.5;76.7;0.0000;-0.0127;-0.3500;101.8500;
761.97;0;0;0;0;4B;CF;4F;4F;4F;4E;4F;5B3;16F;3C2;3.2;26.5;-34.0;14.4;5.5;76.7;0.0000;-0.0107;-0.3750;101.9750;
762.22;0;0;0;0;4B;CF;4E;4E;4E;4E;4E;5AD;16F;3C4;3.2;26.7;-34.0;14.4;5.5;76.7;0.0000;-0.0087;-0.4250;102.1500;
762.47;0;0;0;0;4B;CF;4E;4E;4E;4E;4E;5A5;16F;3C2;3.2;26.7;-34.0;14.4;5.5;76.7;0.0000;-0.0075;-0.4500;102.2500;
762.74;0;0;0;0;4B;CF;4D;4D;4D;4D;4E;599;16F;3C2;3.2;26.7;-34.0;14.4;5.5;76.7;0.0000;-0.0066;-0.4500;102.0750;
762.99;0;0;0;0;4B;CF;4D;4D;4D;4D;4D;597;16F;3C2;3.3;26.9;-33.5;14.4;5.5;76.7;0.0000;-0.0052;-0.4000;102.2250;
763.24;0;0;0;0;4B;CF;4D;4C;4C;4C;4D;58A;16F;3C4;3.3;26.9;-33.5;14.4;5.5;76.7;0.0000;-0.0041;-0.4750;102.3750;
763.49;0;0;0;0;4B;CF;4C;4C;4C;4C;4D;588;16F;3C2;3.3;27.3;-33.5;14.4;5.5;76.7;0.0000;-0.0028;-0.4500;102.3500;
763.74;0;0;0;0;4B;CF;4C;4C;4C;4C;4C;57E;16F;3C2;3.3;27.3;-33.5;14.4;5.5;76.7;0.0000;-0.0016;-0.4000;102.2000;
763.99;0;0;0;0;4B;CF;4B;4B;4B;4C;4C;579;16F;3C2;3.4;27.5;-33.5;14.4;5.5;76.7;0.0000;-0.0016;-0.4000;0.0250;
764.24;0;0;0;0;4B;CF;4B;4B;4B;4B;4B;570;16F;3C2;3.4;27.7;-33.5;14.4;5.5;76.7;0.0000;-0.0016;-0.4750;0.1500;
764.49;0;0;0;0;4B;CF;4B;4A;4B;4B;4B;568;16F;3C2;3.4;27.7;-33.5;14.4;5.5;76.7;0.0000;-0.0016;-0.4750;0.0000;
764.74;0;0;0;0;4B;CF;4A;4A;4A;4A;4A;565;16F;3C2;3.5;28.3;-33.0;14.4;5.5;76.7;0.0000;-0.0016;-0.4750;102.3500;
764.99;0;0;0;0;4B;CF;4A;4A;4A;4A;4A;55D;16F;3C2;3.5;28.5;-33.0;14.4;5.5;76.7;0.0000;-0.0031;-0.4250;102.3750;
765.24;0;0;0;0;4B;CF;4A;4A;49;49;4A;55E;16F;3C2;3.5;28.5;10.0;14.4;5.5;76.7;0.2235;-0.0036;-0.4500;0.1750;
765.49;0;0;0;0;4B;CF;49;49;49;49;49;556;16F;3C2;3.5;28.5;49.0;14.4;5.5;76.7;0.2431;-0.0038;-0.4750;0.1000;
765.74;0;0;0;0;4B;CF;49;49;49;49;49;552;16F;3C2;3.6;28.6;70.5;14.4;5.5;76.7;0.2510;-0.0039;-0.3250;0.2250;
765.99;0;0;0;0;4B;CF;49;49;49;49;49;549;16F;3C2;3.6;29.0;76.0;14.4;5.5;76.7;0.2510;-0.0056;-0.2000;0.1000;
766.24;0;0;0;0;4B;CF;49;49;49;49;49;54D;16F;3C2;3.6;29.0;75.5;14.4;5.5;76.7;0.2471;-0.0082;-0.1500;102.2750;
766.49;0;0;0;0;4B;CF;49;49;49;49;49;54E;16F;3C2;3.6;28.9;73.5;14.4;5.5;76.7;0.2431;-0.0080;-0.1000;0.1500;
766.74;0;0;0;0;4B;CF;49;49;49;49;49;546;16F;3C2;3.6;28.9;70.0;14.4;5.5;76.7;0.2431;-0.0079;-0.1500;0.0750;
766.99;0;0;0;0;4B;CF;48;49;49;49;49;542;16F;3C2;3.6;28.9;70.0;14.4;5.5;76.7;0.2431;-0.0077;-0.1750;0.1000;
767.24;0;0;0;0;4B;CF;49;49;48;48;49;545;16F;3C2;3.6;28.7;70.5;14.4;5.5;76.7;0.2431;-0.0051;-0.1750;0.0000;
767.49;0;0;0;0;4B;CF;48;49;48;48;49;542;16F;3C4;3.6;28.7;71.0;14.4;5.5;76.7;0.2431;-0.0026;-0.1750;0.1500;
767.75;0;0;0;0;4B;CF;48;48;48;48;48;53A;16F;3C2;3.5;28.5;72.5;14.4;5.5;76.7;0.2431;-0.0008;-0.2000;0.0250;
768.00;0;0;0;0;4B;CF;48;48;48;48;48;53A;16F;3C2;3.5;28.6;73.0;14.4;5.5;76.7;0.2431;-0.0009;-0.2250;0.2250;
768.25;0;0;0;0;4B;CF;48;48;48;48;48;53A;16F;3C2;3.5;28.6;72.0;14.4;5.5;76.7;0.2431;-0.0009;-0.2000;0.0750;
768.50;0;0;0;0;4B;CF;48;48;48;48;48;535;16F;3C2;3.4;28.5;71.5;14.4;5.5;76.7;0.2431;-0.0009;-0.1750;0.1000;
768.75;0;0;0;0;4B;CF;47;47;47;47;48;52E;16F;3C2;3.4;28.5;73.0;14.4;5.5;76.7;0.2431;-0.0047;-0.1750;0.1500;
769.00;0;0;0;0;4B;CF;47;47;47;47;47;52D;16F;3C2;3.4;28.3;70.0;14.4;5.5;76.7;0.2196;-0.0049;-0.3250;0.3500;
769.25;0;0;0;0;4B;CF;47;47;47;47;47;522;16F;3C2;3.3;28.3;28.5;14.4;5.5;76.7;0.1725;-0.0056;-0.3500;102.1500;
769.50;0;0;0;0;4B;CF;47;47;46;46;47;51E;16D;3C2;3.3;28.3;30.5;14.4;5.5;76.7;0.1804;-0.0082;-0.3500;0.0000;
769.75;0;0;0;0;4B;CF;46;46;46;46;46;515;16D;3C4;3.3;28.3;38.0;14.4;5.5;76.7;0.2235;-0.0088;-0.4250;0.1000;
770.00;0;0;0;0;4B;CF;45;46;46;45;46;510;16D;3C2;3.3;28.2;57.0;14.4;5.5;76.7;0.2549;-0.0088;-0.4750;102.2500;
770.25;0;0;0;0;4B;CF;45;45;45;45;46;50C;16D;3C2;3.2;28.1;82.0;14.4;5.5;76.7;0.2627;-0.0087;-0.4000;102.2750;
770.50;0;0;0;0;4B;CF;45;45;45;45;45;509;16D;3C2;3.2;28.1;85.0;14.4;5.5;76.7;0.2627;-0.0084;-0.3500;102.3500;
770.75;0;0;0;0;4B;CF;45;45;45;45;45;501;16D;3C2;3.2;28.0;85.5;14.4;5.5;76.7;0.2627;-0.0077;-0.3250;102.1500;
771.00;0;0;0;0;4B;CF;45;45;45;45;45;4FC;16D;3C2;3.2;27.9;86.0;14.4;5.5;76.7;0.2627;-0.0070;-0.2500;102.3250;
771.25;0;0;0;0;4B;CF;44;44;44;44;45;4F3;16D;3C2;3.2;27.9;85.0;14.4;5.5;76.7;0.2588;-0.0051;-0.2750;102.3750;
771.50;0;0;0;0;4B;CF;44;44;44;44;44;4F2;16D;3C2;3.2;28.0;82.5;14.4;5.5;76.7;0.2510;-0.0036;-0.3500;0.0000;
771.75;0;0;0;0;4B;CF;44;44;44;44;44;4EB;16D;3C2;3.2;28.0;74.0;14.4;5.5;76.7;0.2431;0.0000;-0.3500;0.0750;
772.00;0;0;0;0;4B;CF;43;44;43;43;44;4E8;16D;3C2;3.2;28.0;73.5;14.4;5.5;76.7;0.2392;0.0029;-0.3750;0.2250;
772.25;0;0;0;0;4B;CF;43;43;43;43;43;4D2;16D;3C2;3.2;27.9;38.5;14.4;5.5;76.7;0.0275;0.0059;-0.4250;0.2500;
772.50;0;0;0;0;4B;CF;42;42;42;42;42;4BF;16D;3C2;3.2;27.9;-14.5;14.4;5.5;76.7;0.0000;0.0061;-0.6500;0.2750;
772.78;0;0;0;0;4B;CF;41;42;42;42;42;4BA;16D;3C2;3.2;28.0;-30.5;14.4;5.5;76.7;0.0000;0.0066;-0.7500;0.2750;
773.03;0;0;0;0;4B;CF;41;41;41;41;41;4B7;16D;3C2;3.2;28.5;-32.0;14.4;5.5;76.7;0.0000;0.0066;-0.8250;0.3250;
773.28;0;0;0;0;4B;CF;40;40;40;40;40;4A7;16D;3C2;3.2;28.5;-31.5;14.4;5.5;76.7;0.0000;0.0074;-0.7750;0.1500;
773.53;0;0;0;0;4B;CF;3F;3F;3F;3F;40;49E;16D;3C2;3.2;28.5;-32.0;14.4;5.5;76.7;0.0000;0.0100;-0.7500;0.3750;
773.78;0;0;0;0;4B;CF;3F;3F;3F;3F;3F;48D;16D;3C2;3.2;28.5;-32.0;14.4;5.5;76.7;0.0000;0.0115;-0.7750;0.5250;
774.03;0;0;0;0;4B;CF;3E;3E;3E;3E;3E;485;16D;3C2;3.2;28.8;-32.0;14.4;5.5;76.7;0.0000;0.0118;-0.8500;0.5250;
774.28;0;0;0;0;4B;CF;3D;3D;3D;3D;3E;477;16D;3C2;3.2;28.8;-32.0;14.4;5.5;76.7;0.0000;0.0118;-0.8000;0.3750;
774.53;0;0;0;0;4B;CF;3C;3D;3C;3D;3D;46C;16D;3C2;3.2;29.5;-32.0;14.4;5.5;76.7;0.0000;0.0118;-0.7500;0.1250;
774.78;0;0;0;0;4B;CF;3C;3C;3C;3C;3C;45D;16D;3C2;3.2;29.7;-32.0;14.4;5.5;76.7;0.0000;0.0117;-0.7250;0.2250;
775.03;0;0;0;0;4B;CF;3B;3B;3B;3B;3B;454;16D;3C2;3.2;29.7;-32.0;14.4;5.5;76.7;0.0000;0.0110;-0.7250;102.2500;
775.28;1;0;0;0;4B;CF;3B;3B;3B;3B;3B;446;16D;3C2;3.2;30.0;-32.5;14.4;5.5;76.7;0.0000;0.0104;-0.7000;0.1000;
775.53;1;0;0;0;4B;CF;3A;3A;3A;3A;3B;38A;16D;3C2;3.2;30.0;-10.5;14.4;5.5;76.7;0.0000;0.0102;-0.5750;0.2000;
775.78;1;0;0;0;4B;CF;3A;3A;3A;3A;3A;368;16D;3C2;3.2;30.5;4.0;14.4;5.5;76.7;0.0000;0.0102;-0.6000;0.2500;
776.03;1;0;0;0;4B;CF;39;3A;39;39;3A;369;16D;3C2;3.2;30.5;-32.5;14.4;5.5;76.7;0.0000;0.0100;-0.5500;0.2250;
776.28;1;0;0;0;4B;CF;39;39;39;39;39;516;16D;3C2;3.2;30.5;-34.0;14.4;5.5;76.7;0.0000;0.0095;-0.6750;0.2750;
776.53;1;0;0;0;4B;CF;38;38;38;38;38;4F7;16D;3C2;3.2;30.8;-30.0;14.5;5.5;76.7;0.0000;0.0059;-0.5500;0.0500;
776.78;0;0;0;0;4B;CF;38;38;38;38;38;4F3;16D;3C2;3.2;30.9;-33.5;14.5;5.5;76.7;0.0000;0.0067;-0.5500;102.3250;
777.03;1;0;0;0;4B;CF;38;38;38;38;38;4F8;16D;3C2;3.2;30.9;-33.0;14.4;5.5;76.7;0.0000;0.0067;-0.1250;102.3250;
777.28;1;0;0;0;4B;CF;38;38;38;38;38;3F7;16D;3C2;3.2;30.3;-32.0;14.4;5.5;76.7;0.0000;0.0069;-0.0750;0.1750;
777.53;1;0;0;0;4B;CF;38;38;38;38;38;4D5;16D;3C2;3.2;30.3;91.5;14.4;5.5;76.7;0.5451;0.0082;0.0250;102.3750;
777.80;1;0;0;0;4B;CF;38;38;38;38;38;627;16D;3C2;3.2;30.2;-32.5;14.4;5.5;76.7;0.0000;0.0091;0.1250;0.0750;
778.05;1;0;0;0;4B;CF;39;38;38;39;39;587;16D;3C2;3.2;30.2;-30.5;14.4;5.5;76.7;0.0000;0.0091;0.1750;0.1000;
778.30;1;0;0;0;4B;CF;38;38;38;38;38;63E;16D;3C2;3.2;30.2;-36.5;14.4;5.5;76.7;0.0000;0.0091;0.0000;102.3000;
778.55;0;0;0;0;4B;CF;38;39;38;39;39;63F;16D;3C2;3.2;30.2;-36.5;14.4;5.5;76.7;0.0000;0.0097;0.0000;0.0500;
778.80;0;0;0;0;4B;CF;38;39;38;39;39;63E;16D;3C2;3.2;29.8;-36.0;14.4;5.5;76.7;0.0000;0.0148;0.0750;0.3250;
779.05;0;0;0;0;4B;CF;39;39;39;39;39;643;16D;3C2;3.2;29.8;-36.0;14.4;5.5;76.7;0.0000;0.0159;0.1000;0.2250;
779.30;1;0;0;0;4B;CF;39;39;39;39;39;60C;16D;3C2;3.2;29.8;-35.5;14.4;5.5;76.7;0.0000;0.0175;0.0500;0.2750;
779.55;1;0;0;0;4B;CF;39;39;39;39;39;509;16D;3C2;3.2;30.0;78.5;14.4;5.5;76.7;0.4784;0.0250;0.2250;0.7000;
779.80;1;0;0;0;4B;CF;3A;3A;39;3A;3A;6F5;16D;3C2;3.2;30.0;132.5;14.4;5.5;76.7;0.4549;0.0216;0.2750;0.6000;
780.05;1;0;0;0;4B;CF;3A;3A;3A;3A;3A;70A;16D;3C2;3.2;30.0;-26.0;14.4;5.5;76.7;0.0000;0.0163;0.4750;0.2750;
780.30;1;0;0;0;4B;CF;3A;3A;3A;3A;3B;722;16D;3C2;3.2;30.2;-37.5;14.4;5.5;76.7;0.0000;0.0095;0.3750;0.1750;
780.55;1;0;0;0;4B;CF;3A;3A;3A;3A;3A;916;16D;3C2;3.2;30.2;-42.5;14.4;5.5;76.7;0.0000;0.0043;-0.0500;102.3250;
780.80;1;0;0;0;4B;CF;3A;3A;3A;3A;3A;8FA;16D;3C2;3.2;30.6;-42.0;14.4;5.5;76.7;0.0000;0.0031;-0.0250;0.1000;
781.05;0;0;0;0;4B;CF;3A;3A;3A;3A;3A;908;16D;3C2;3.2;30.4;-42.0;14.4;5.5;76.7;0.0000;0.0031;0.0000;102.3500;
781.30;0;1;0;0;4B;CF;3A;3A;3A;3A;3A;8F8;16D;3C2;3.2;30.4;-41.5;14.4;5.5;76.7;0.0000;0.0026;-0.2750;0.1000;
781.55;0;1;0;0;4B;CF;3A;3A;3A;3A;3A;8F3;16D;3C2;3.2;30.7;-41.5;14.4;5.5;76.7;0.0000;0.0011;-0.1000;0.0000;
781.80;0;1;0;0;4B;CF;3A;3A;3A;3A;3A;8ED;16D;3C2;3.2;31.3;-41.5;14.4;5.5;76.7;0.0000;-0.0033;0.0000;102.0500;
782.05;0;1;0;0;4B;CF;39;39;39;39;39;8D3;16D;3C2;3.2;31.3;-41.0;14.4;5.5;76.7;0.0000;-0.0041;-0.4250;102.3000;
782.30;0;1;0;0;4B;CF;38;38;39;38;39;8C3;16D;3C2;3.2;31.3;-41.0;14.4;5.5;76.7;0.0000;-0.0056;-0.6750;102.2000;
782.55;0;1;0;0;4B;CF;38;38;38;38;38;8A2;16D;3C2;3.2;31.1;-41.0;14.4;5.5;76.7;0.0000;-0.0070;-0.5250;102.1750;
782.81;0;1;0;0;4B;CF;37;37;37;37;37;890;16D;3C2;3.2;31.8;-41.0;14.4;5.5;76.7;0.0000;-0.0079;-0.7500;102.0750;
783.06;0;1;0;0;4B;CF;36;36;37;36;37;870;16D;3C2;3.2;31.8;-40.5;14.4;5.5;76.7;0.0000;-0.0082;-0.7250;102.2250;
783.31;0;1;0;0;4B;CF;36;36;36;36;36;860;16D;3C2;3.2;32.2;-40.5;14.4;5.5;76.7;0.0000;-0.0091;-0.7750;102.2250;
783.56;0;1;0;0;4B;CF;35;35;35;35;36;83C;16D;3C2;3.2;32.2;-40.5;14.4;5.5;76.7;0.0000;-0.0102;-0.7250;102.3250;
783.81;0;1;0;0;4B;CF;35;34;34;34;35;829;16D;3C2;3.2;32.2;-40.5;14.4;5.5;76.7;0.0000;-0.0102;-1.0750;102.1750;
784.06;0;1;0;0;4B;CF;34;34;34;34;34;80B;16D;3C2;3.2;32.6;-40.0;14.4;5.5;76.7;0.0000;-0.0107;-0.6000;0.0000;
784.31;0;1;0;0;4B;CF;33;33;33;33;33;7F4;16D;3C2;3.2;32.6;-40.0;14.4;5.5;76.7;0.0000;-0.0107;-0.8250;102.2000;
784.56;0;1;0;0;4B;CF;33;33;33;33;33;7E3;16D;3C2;3.2;32.9;-40.0;14.4;5.5;76.7;0.0000;-0.0109;0.5750;102.3500;
784.81;0;0;0;0;4B;CF;33;33;33;33;33;7E3;16D;3C2;3.2;32.7;-40.0;14.4;5.5;76.7;0.0000;-0.0107;0.1750;102.0250;
785.06;0;1;0;0;4B;CF;33;33;33;33;33;7E9;16D;3C2;3.2;32.7;-40.0;14.4;5.5;76.7;0.0000;-0.0107;-0.0250;102.3500;
785.31;0;1;0;0;4B;CF;33;33;33;33;33;7DF;16D;3C2;3.2;32.3;-40.0;14.4;5.5;76.7;0.0000;-0.0120;-0.4000;102.3250;
785.56;0;1;0;0;4B;CF;32;32;32;32;33;7CD;16D;3C2;3.2;32.7;-40.0;14.4;5.5;76.7;0.0000;-0.0172;-0.4250;102.1500;
785.81;0;0;0;0;4A;CF;33;32;32;32;33;7D7;16D;3C2;3.2;32.7;-40.0;14.4;5.5;76.7;0.0000;-0.0183;-0.0750;101.9500;
786.06;0;0;0;0;4A;CF;33;33;33;32;33;7D8;16D;3C2;3.2;31.9;-40.0;14.4;5.5;76.7;0.0000;-0.0184;-0.0250;102.0500;
786.31;0;0;0;0;4A;CF;33;32;33;32;33;7DA;16D;3C2;3.2;31.9;-40.0;14.4;5.5;76.7;0.0000;-0.0198;0.0250;101.9500;
786.56;0;0;0;0;4A;CF;33;32;33;32;33;7E0;16D;3C2;3.2;31.9;-40.0;14.4;5.5;76.7;0.0000;-0.0323;0.0250;101.6500;
786.81;0;0;0;0;4A;CF;33;32;33;33;33;7E3;16D;3C2;3.2;31.9;-40.0;14.4;5.5;76.7;0.0000;-0.0369;0.1250;101.2750;
787.06;0;0;0;0;4A;CF;33;33;33;33;33;7EC;16D;3C2;3.2;30.9;-40.0;14.4;5.5;76.7;0.0000;-0.0372;0.1500;101.1000;
787.31;0;0;0;0;4A;CF;33;33;33;33;33;7EF;16D;3C2;3.2;30.9;-40.0;14.4;5.5;76.7;0.0000;-0.0380;0.1250;101.0250;
787.56;0;0;0;0;4A;CF;34;33;34;33;33;7F8;16D;3C4;3.2;29.9;-40.0;14.4;5.5;76.7;0.0000;-0.0438;0.1750;101.0000;
787.83;0;0;0;0;4A;CF;34;33;34;33;34;800;16D;3C2;3.2;29.4;-40.0;14.4;5.5;76.7;0.0000;-0.0438;0.1750;100.8500;
788.08;0;1;0;0;4A;CF;34;33;34;33;34;808;16D;3C2;3.2;29.4;-40.0;14.4;5.5;76.7;0.0000;-0.0438;0.2750;101.2500;
788.33;0;1;0;0;4A;CF;34;33;34;33;34;804;16D;3C2;3.2;28.3;-40.0;14.4;5.5;76.7;0.0000;-0.0438;-0.2250;101.0500;
788.58;0;1;0;0;4A;CF;34;33;34;33;34;7FC;16D;3C4;3.2;27.3;-40.0;14.4;5.5;76.7;0.0000;-0.0372;-0.5000;101.2000;
788.83;0;0;0;0;4A;CF;34;33;34;33;34;7FA;16D;3C4;3.2;27.3;-40.0;14.4;5.5;76.7;0.0000;-0.0341;0.0000;101.6250;
789.08;0;0;0;0;4A;CF;34;33;34;33;34;800;16D;3C4;3.2;27.0;-40.0;14.4;5.5;76.7;0.0000;-0.0333;0.0250;101.5000;
789.33;0;1;0;0;4A;CF;34;33;34;33;34;800;16D;3C4;3.2;27.0;-40.0;14.4;5.5;76.7;0.0000;-0.0325;-0.2000;101.6000;
789.58;0;1;0;0;4A;CF;34;33;34;33;33;7F3;16D;3C4;3.2;27.0;-40.0;14.4;5.5;76.7;0.0000;-0.0257;-0.0250;101.6000;
789.83;0;1;0;0;4A;CF;33;33;33;33;33;7ED;16D;3C4;3.2;26.5;-40.0;14.4;5.5;76.7;0.0000;-0.0194;-0.5750;101.9500;
790.08;0;1;0;0;4A;CF;33;32;33;32;33;7D2;16D;3C4;3.2;26.5;-40.0;14.4;5.5;76.7;0.0000;-0.0153;-0.6750;102.2750;
790.33;0;1;0;0;4A;CF;32;32;32;32;32;7C2;16D;3C4;3.2;26.8;-39.5;14.4;5.5;76.7;0.0000;-0.0135;-0.8250;102.2750;
790.58;0;1;0;0;4A;CF;31;31;31;31;32;7AA;16D;3C4;3.2;26.8;-39.5;14.4;5.5;76.7;0.0000;-0.0029;-0.5250;101.8000;
790.83;0;1;0;0;4A;CF;31;31;31;31;31;799;16D;3C4;3.2;27.7;-39.0;14.4;5.5;76.7;0.0000;0.0025;-0.4250;0.0250;
791.08;0;1;0;0;4A;CF;31;31;31;31;31;789;16D;3C4;3.2;27.7;-39.0;14.4;5.5;76.7;0.0000;0.0054;-0.6000;0.4250;
791.33;0;1;0;0;4A;CF;30;30;30;30;30;77D;16D;3C4;3.2;28.2;-38.5;14.4;5.5;76.7;0.0000;0.0091;-0.4000;0.3500;
791.58;0;0;0;0;4A;CF;30;30;30;30;30;782;16D;3C4;3.2;29.3;-38.5;14.4;5.5;76.7;0.0000;0.0183;-0.0500;0.4500;
791.83;0;0;0;0;4A;CF;31;31;31;31;31;78A;16D;3C4;3.2;29.3;-38.5;14.4;5.5;76.7;0.0000;0.0196;0.1250;1.7250;
792.08;0;0;0;0;4A;CF;30;31;31;31;31;785;16D;3C4;3.2;30.2;-38.5;14.4;5.5;76.7;0.0000;0.0236;0.0750;1.2250;
792.33;0;0;0;0;4A;CF;31;31;31;31;31;793;16D;3C4;3.2;30.2;-39.0;14.4;5.5;76.7;0.0000;0.0262;0.1000;1.6750;
792.58;0;0;0;0;4A;CF;31;31;31;31;31;796;16D;3C4;3.2;30.9;-39.0;14.4;5.5;76.7;0.0000;0.0320;0.1000;1.2500;
792.84;0;0;0;0;4A;CF;31;31;31;31;31;79F;16D;3C4;3.2;32.2;-39.0;14.4;5.5;76.7;0.0000;0.0364;0.1250;0.8750;
793.09;0;0;0;0;4A;CF;31;31;31;31;31;7A8;16D;3C4;3.2;32.2;-39.0;14.4;5.5;76.7;0.0000;0.0420;0.1750;0.8500;
793.34;0;0;0;0;4A;CF;31;32;31;32;32;7AD;16D;3C4;3.2;33.0;-39.5;14.4;5.5;76.7;0.0000;0.0443;0.1750;1.3750;
793.59;0;0;0;0;4A;CF;31;32;31;32;32;7B7;16D;3C4;3.2;34.0;-39.5;14.4;5.5;76.7;0.0000;0.0463;0.1750;1.3750;
793.84;0;0;0;0;4A;CF;32;32;32;32;32;7C3;16D;3C4;3.2;34.0;-40.0;14.4;5.5;76.7;0.0000;0.0463;0.2000;1.0500;
794.09;0;0;0;0;4A;CF;32;32;32;32;32;7C9;16D;3C4;3.2;35.0;-40.0;14.4;5.5;76.7;0.0000;0.0463;0.1750;1.0500;
794.34;0;1;0;0;4A;CF;32;32;32;32;32;7C7;16D;3C4;3.2;35.0;-40.0;14.4;5.5;76.7;0.0000;0.0462;-0.3500;1.1000;
794.59;0;1;0;0;4A;CF;31;32;32;32;32;7B9;16D;3C4;3.2;35.6;-39.5;14.4;5.5;76.7;0.0000;0.0448;-0.2250;1.0000;
794.84;0;1;0;0;4A;CF;31;32;31;31;32;7A7;16D;3C4;3.2;35.6;-39.5;14.4;5.5;76.7;0.0000;0.0428;-0.4750;1.0250;
795.09;0;1;0;0;4A;CF;31;31;31;31;31;79D;16D;3C4;3.2;36.0;-39.0;14.4;5.5;76.7;0.0000;0.0417;-0.3750;0.8250;
795.34;0;0;0;0;4A;CF;31;32;31;31;31;7A6;16D;3C4;3.2;36.0;-39.5;14.4;5.5;76.7;0.0000;0.0389;0.0250;0.7750;
795.59;0;0;0;0;4A;CF;31;31;31;32;32;7AD;16D;3C4;3.2;36.9;-39.5;14.4;5.5;76.7;0.0000;0.0278;0.1000;0.4750;
795.84;0;0;0;0;4A;CF;32;32;32;32;32;7CC;16D;3C4;3.2;36.5;-40.0;14.4;5.5;76.7;0.0000;0.0157;0.4000;0.1750;
796.09;0;0;0;0;4A;CF;32;32;32;32;32;7D5;16D;3C4;3.2;36.5;-40.0;14.4;5.5;76.7;0.0000;0.0092;0.4500;102.3000;
796.34;0;1;0;0;4A;CF;33;33;33;33;33;7E8;16D;3C4;3.2;36.0;-40.0;14.4;5.5;76.7;0.0000;0.0038;0.2250;0.0000;
796.59;0;1;0;0;4A;CF;33;33;33;33;33;7EB;16D;3C4;3.2;36.0;-40.0;14.4;5.5;76.7;0.0000;-0.0020;0.1000;102.3500;
796.84;0;1;0;0;4A;CF;33;32;33;33;33;7E6;16D;3C6;3.2;36.0;-40.0;14.4;5.5;76.7;0.0000;-0.0054;0.0500;102.2250;
797.09;0;1;0;0;4A;CF;33;33;33;33;33;7DE;16D;3C6;3.2;35.4;-40.0;14.4;5.5;76.7;0.0000;-0.0080;-0.1500;101.9750;
797.34;0;1;0;0;4A;CF;33;32;32;32;33;7D3;16D;3C6;3.2;35.4;-40.0;14.4;5.5;76.7;0.0000;-0.0104;-0.5500;102.1500;
797.59;0;1;0;0;4A;CF;32;32;32;32;32;7CF;16D;3C6;3.2;35.1;-40.0;14.4;5.5;76.7;0.0000;-0.0114;-0.2250;102.0500;
797.86;0;1;0;0;4A;CF;32;32;32;32;32;7BD;16D;3C4;3.2;34.5;-39.5;14.4;5.5;76.7;0.0000;-0.0140;-0.2250;102.1750;
798.11;0;1;0;0;4A;CF;32;32;32;32;32;7C0;16D;3C6;3.2;34.5;-40.0;14.4;5.5;76.7;0.0000;-0.0238;0.3500;101.8000;
798.36;0;0;0;0;4A;CF;32;31;32;32;32;7BF;16D;3C6;3.2;33.9;-40.0;14.4;5.5;76.7;0.0000;-0.0316;0.2000;102.0500;
798.61;0;0;0;0;4A;CF;32;32;32;32;32;7C9;16D;3C6;3.2;32.6;-40.0;14.4;5.5;76.7;0.0000;-0.0362;0.0750;101.0750;
798.86;0;0;0;0;4A;CF;33;32;32;32;32;7CE;16D;3C6;3.2;32.6;-40.0;14.4;5.5;76.7;0.0000;-0.0393;0.1000;101.2000;
799.11;0;0;0;0;4A;CF;32;32;33;32;32;7CC;16D;3C6;3.2;32.6;-40.0;14.4;5.5;76.7;0.0000;-0.0451;-0.0500;100.7250;
799.36;0;0;0;0;4A;CF;32;32;33;32;32;7CF;16D;3C6;3.2;31.1;-40.0;14.4;5.5;76.7;0.0000;-0.0470;0.0000;100.3500;
799.61;0;0;0;0;4A;CF;33;32;33;32;32;7D3;16D;3C6;3.2;29.3;-40.0;14.4;5.5;76.7;0.0000;-0.0470;0.0500;100.5500;
799.86;1;0;0;0;4A;CF;33;32;33;32;32;75C;16D;3C6;3.2;29.3;-38.5;14.4;5.5;76.7;0.0000;-0.0455;0.0000;100.9500;
800.11;1;0;0;0;4A;CF;33;33;33;33;33;69E;16D;3C6;3.2;28.7;-35.5;14.4;5.5;76.7;0.0000;-0.0455;0.3250;100.8500;
800.36;1;0;0;0;4A;CF;34;33;34;33;34;57E;16D;3C6;3.2;27.8;-32.5;14.4;5.5;76.7;0.0000;-0.0457;0.5750;100.8000;
800.61;1;0;0;0;4A;CF;35;34;35;34;35;4F8;16D;3C6;3.2;27.8;-31.5;14.4;5.5;76.7;0.0000;-0.0437;0.7500;101.3000;
800.86;1;0;0;0;4A;CF;35;34;35;34;35;5D0;16D;3C6;3.2;26.6;-33.5;14.4;5.5;76.7;0.0000;-0.0378;0.3750;101.3750;
801.11;0;0;0;0;4A;CF;35;35;35;35;35;5D3;16D;3C6;3.2;26.6;-33.5;14.4;5.5;76.7;0.0000;-0.0222;0.2750;101.8500;
801.36;0;0;0;0;4A;CF;35;35;35;35;35;5DF;16D;3C6;3.2;26.5;-34.0;14.4;5.5;76.7;0.0000;0.0123;0.2250;0.0250;
801.61;0;0;0;0;4A;CF;35;35;35;35;35;5DE;16D;3C6;3.2;25.5;-34.0;14.4;5.5;76.7;0.0000;0.0295;0.1750;0.8250;
801.86;0;0;0;0;4A;CF;35;36;35;35;35;5E3;16D;3C6;3.2;25.5;-34.0;14.4;5.5;76.7;0.0000;0.0427;0.1750;1.1250;
802.11;0;0;0;0;4A;CF;35;36;35;36;35;5DF;16D;3C6;3.2;26.5;-34.5;14.4;5.5;76.7;0.0000;0.0547;0.0000;1.9750;
802.36;0;0;0;0;4A;CF;35;36;35;36;35;5DF;16D;3C6;3.2;27.3;-34.0;14.4;5.5;76.7;0.0000;0.0646;-0.0250;2.3000;
802.61;0;0;0;0;4A;CF;35;36;34;35;35;5DD;16D;3C6;3.2;27.3;-34.0;14.4;5.5;76.7;0.0000;0.0649;-0.1500;1.9500;
802.88;0;0;0;0;4A;CF;34;36;34;35;35;5D0;16D;3C6;3.2;28.8;-34.0;14.4;5.5;76.7;0.0000;0.0649;-0.2250;2.0000;
803.13;0;0;0;0;4A;CF;34;35;34;35;35;5CE;16D;3C6;3.2;28.8;-34.0;14.4;5.5;76.7;0.0000;0.0646;-0.2750;2.0750;
803.38;0;0;0;0;4A;CF;34;35;34;35;35;5CD;16D;3C6;3.2;30.5;-34.0;14.4;5.5;76.7;0.0000;0.0639;-0.2000;2.3250;
803.63;0;0;0;0;4A;CF;33;34;33;34;34;5B9;16B;3C6;3.2;30.5;-34.0;14.4;5.5;76.7;0.0000;0.0636;-0.4250;1.7250;
803.88;0;0;0;0;4A;CF;33;34;33;34;34;5B1;16B;3C6;3.2;32.3;-34.0;14.4;5.5;76.7;0.0000;0.0631;-0.4500;2.0500;
804.13;0;0;0;0;4A;CF;33;33;33;33;33;5A6;16B;3C6;3.2;32.3;-34.0;14.4;5.5;76.7;0.0000;0.0618;-0.3750;1.5250;
804.38;0;0;0;0;4A;CF;32;33;32;33;33;5A0;16B;3C6;3.2;34.1;-34.0;14.4;5.5;76.7;0.0000;0.0303;-0.3750;0.9250;
804.63;0;0;0;0;4A;CF;32;32;32;32;32;58C;16B;3C6;3.2;35.7;-34.0;14.4;5.5;76.7;0.0000;0.0224;-0.5500;0.4250;
804.88;0;0;0;0;4A;CF;32;32;32;32;32;582;16B;3C6;3.2;35.7;-33.5;14.4;5.5;76.7;0.0000;0.0123;-0.5250;0.0250;
805.13;0;0;0;0;4A;CF;31;31;31;31;31;57A;16B;3C6;3.2;36.6;-8.0;14.4;5.5;76.7;0.1255;0.0007;-0.4750;102.0250;
805.38;0;0;0;0;4A;CF;31;31;31;31;31;56B;16B;3C6;3.2;36.3;4.0;14.4;5.5;76.7;0.1412;-0.0326;-0.4250;101.6000;
805.63;0;0;0;0;4A;CF;31;30;31;31;31;56B;16B;3C6;3.2;36.3;15.5;14.4;5.5;76.7;0.1529;-0.0509;-0.4000;100.6250;
805.88;0;0;0;0;4A;CF;31;30;31;30;31;563;16B;3C6;3.2;36.4;35.0;14.4;5.5;76.7;0.2706;-0.0570;-0.3500;100.2500;
806.13;0;0;0;0;4A;CF;31;30;31;30;30;56A;16B;3C6;3.2;36.4;84.5;14.4;5.5;76.7;0.2941;-0.0573;-0.2250;100.1500;
806.38;0;0;0;0;4A;CF;31;30;31;30;30;556;16B;3C6;3.2;34.1;98.5;14.4;5.5;76.7;0.2980;-0.0582;-0.2750;99.7750;
806.63;0;0;0;0;4A;CF;31;30;31;30;30;557;16B;3C6;3.2;32.1;106.0;14.4;5.5;76.7;0.2980;-0.0555;0.0000;101.1750;
806.88;0;0;0;0;4A;CF;30;30;31;30;30;554;16B;3C6;3.2;32.1;107.5;14.4;5.5;76.7;0.2941;-0.0522;-0.0250;100.8000;
807.13;0;0;0;0;4A;CF;30;30;30;30;30;555;16B;3C6;3.2;30.3;109.5;14.4;5.5;76.7;0.3020;-0.0512;-0.0500;100.9000;
807.38;0;0;0;0;4A;CF;30;30;30;30;30;554;16B;3C6;3.2;30.3;118.0;14.4;5.5;76.7;0.3529;-0.0433;-0.0750;101.2250;
807.63;0;0;0;0;4A;CF;30;30;30;30;30;558;16B;3C6;3.2;28.2;145.5;14.4;5.5;76.7;0.3686;-0.0375;0.0000;101.4000;
807.89;0;0;0;0;4A;CF;30;30;30;30;30;558;16B;3C6;3.2;28.2;153.0;14.4;5.5;76.7;0.3647;-0.0314;0.1000;101.4000;
808.14;0;0;0;0;4A;CF;30;30;30;30;30;557;16B;3C6;3.2;26.4;155.0;14.4;5.5;76.7;0.3608;-0.0191;0.1000;101.9750;
808.39;0;0;0;0;49;CF;30;31;31;30;31;560;16B;3C6;3.2;24.8;152.5;14.4;5.5;76.7;0.3569;-0.0066;0.1000;102.2500;
808.64;0;0;0;0;49;CF;31;31;31;31;31;55D;16B;3C6;3.2;24.8;150.5;14.4;5.5;76.7;0.3529;0.0051;0.0500;0.1000;
808.89;0;0;0;0;49;CF;30;31;30;30;30;557;16B;3C6;3.2;23.2;148.5;14.4;5.5;76.7;0.3529;0.0189;-0.0250;0.4500;
809.14;0;0;0;0;49;CF;30;31;30;31;30;559;16B;3C6;3.2;23.2;145.0;14.4;5.5;76.7;0.3490;0.0349;-0.1250;1.3000;
809.39;0;0;0;0;49;CF;30;31;30;31;30;557;16B;3C6;3.2;23.1;145.5;14.4;5.5;76.7;0.3451;0.0552;-0.0750;1.9750;
809.64;0;0;0;0;49;CF;30;31;30;31;30;556;16B;3C6;3.2;23.9;141.5;14.4;5.5;76.7;0.3451;0.0618;-0.0750;1.5500;
809.89;0;0;0;0;49;CF;30;31;30;31;30;556;16B;3C6;3.2;23.9;141.5;14.4;5.5;76.7;0.3490;0.0675;-0.0500;1.7000;
810.14;0;0;0;0;49;CF;30;31;30;31;30;554;16B;3C6;3.2;24.5;149.0;14.4;5.5;76.7;0.3725;0.0684;-0.1250;1.5500;
810.39;0;0;0;0;49;CF;30;31;30;31;30;555;16B;3C6;3.2;26.2;159.0;14.4;5.5;76.7;0.3922;0.0745;-0.0500;1.8750;
810.64;0;0;0;0;49;CF;30;31;30;31;30;55E;16B;3C6;3.2;26.2;184.0;14.4;5.5;76.7;0.4157;0.0763;0.0500;2.0000;
810.89;0;0;0;0;49;CF;30;31;30;31;30;55B;16B;3C6;3.2;27.5;190.0;14.4;5.5;76.7;0.4157;0.0763;0.0250;1.9750;
811.14;0;0;0;0;49;CF;30;31;30;31;31;560;16B;3C6;3.2;27.5;189.5;14.4;5.5;76.7;0.4078;0.0719;0.1250;1.7000;
811.39;0;0;0;0;49;CF;30;31;30;31;31;566;16B;3C6;3.2;28.7;184.0;14.4;5.5;76.7;0.3961;0.0600;0.1750;1.6500;
811.64;0;0;0;0;49;CF;31;31;31;31;31;568;16B;3C6;3.2;28.7;176.5;14.4;5.5;76.7;0.3922;0.0555;0.1500;1.2500;
811.89;0;0;0;0;49;CF;31;31;31;31;31;56C;16B;3C6;3.2;29.9;174.5;14.4;5.5;76.7;0.3882;0.0546;0.1000;1.1750;
812.14;0;0;0;0;49;CF;31;31;31;31;31;56F;16B;3C6;3.2;29.9;171.5;14.4;5.5;76.7;0.3843;0.0533;0.0750;1.2500;
812.39;0;0;0;0;49;CF;31;31;31;31;31;56B;16B;3C6;3.2;30.6;170.0;14.4;5.5;76.7;0.3804;0.0423;0.0500;0.9750;
812.64;0;0;0;0;49;CF;31;32;31;31;31;573;16B;3C6;3.2;31.3;167.5;14.4;5.5;76.7;0.3804;0.0338;0.1000;0.7250;
812.91;0;0;0;0;49;CF;31;31;31;32;32;574;16B;3C6;3.2;31.3;167.0;14.4;5.5;76.7;0.3804;0.0331;0.0750;0.7000;
813.16;0;0;0;0;4A;CF;31;32;31;32;32;57C;16B;3C6;3.2;31.8;167.0;14.4;5.5;76.7;0.3804;0.0296;0.0750;0.5500;
813.41;0;0;0;0;4A;CF;31;32;31;32;32;57B;16B;3C6;3.2;31.5;166.5;14.4;5.5;76.7;0.3765;0.0255;0.0750;0.5750;
813.66;0;0;0;0;4A;CF;31;32;31;32;32;584;16B;3C6;3.2;31.5;165.0;14.4;5.5;76.7;0.3765;0.0219;0.1000;0.4000;
813.91;0;0;0;0;4A;CF;32;32;32;32;32;587;16B;3C6;3.2;31.1;164.5;14.4;5.5;76.7;0.3765;0.0031;0.1250;102.1500;
814.16;0;0;0;0;4A;CF;32;32;32;32;32;588;16B;3C6;3.2;30.2;163.0;14.4;5.5;76.7;0.3725;-0.0025;0.1000;102.1250;
814.41;0;0;0;0;4A;CF;32;32;32;32;32;58E;16B;3C6;3.2;30.2;155.5;14.4;5.5;76.7;0.3569;-0.0074;0.1500;101.9000;
814.66;0;0;0;0;4A;CF;33;32;32;32;32;58F;16B;3C6;3.2;29.0;150.5;14.4;5.5;76.7;0.3569;-0.0064;0.1000;101.8500;
814.91;0;0;0;0;4A;CF;32;32;32;32;32;591;16B;3C6;3.2;29.0;144.0;14.4;5.5;76.7;0.3373;-0.0041;0.0750;102.2000;
815.16;0;0;0;0;4A;CF;32;33;32;32;33;58D;16B;3C6;3.2;28.1;91.0;14.4;5.5;76.7;0.2471;0.0003;0.0500;102.3500;
815.41;0;0;0;0;4A;CF;32;32;32;32;32;591;16B;3C6;3.2;27.4;77.0;14.4;5.5;76.7;0.2510;0.0025;-0.1250;102.1250;
815.66;0;0;0;0;4A;CF;32;32;32;32;32;587;16B;3C6;3.2;27.4;81.0;14.4;5.5;76.7;0.2667;0.0029;-0.2000;102.1750;
815.91;0;0;0;0;4A;CF;32;32;32;32;32;586;16B;3C6;3.2;27.4;84.0;14.4;5.5;76.7;0.2667;0.0031;-0.2000;102.2250;
816.16;0;0;0;0;4A;CF;32;32;32;32;32;583;16B;3C6;3.2;26.7;86.5;14.4;5.5;76.7;0.2667;0.0004;-0.2000;102.2000;
816.41;0;0;0;0;4A;CF;31;31;32;31;32;57D;16B;3C6;3.2;26.4;94.5;14.4;5.5;76.7;0.3059;-0.0029;-0.1500;102.3750;
816.66;0;0;0;0;4A;CF;31;31;31;31;32;579;16B;3C6;3.2;26.4;110.5;14.4;5.5;76.7;0.3098;-0.0036;-0.1500;102.3000;
816.91;0;0;0;0;4A;CF;31;31;31;31;32;576;16B;3C6;3.2;26.0;113.5;14.4;5.5;76.7;0.3059;-0.0036;-0.1000;102.3250;
817.16;0;0;0;0;4A;CF;31;31;31;31;32;577;16B;3C6;3.2;25.5;114.5;14.4;5.5;76.7;0.3059;-0.0038;-0.0750;102.3500;
817.41;0;0;0;0;4A;CF;31;31;31;31;31;573;16B;3C6;3.2;25.5;114.5;14.4;5.5;76.7;0.3059;-0.0059;-0.0750;102.3250;
817.66;0;0;0;0;4A;CF;31;31;31;31;31;576;16B;3C6;3.2;25.7;114.5;14.4;5.5;76.7;0.3059;-0.0120;-0.0500;102.0750;
817.92;0;0;0;0;4A;CF;31;31;31;31;31;571;16B;3C6;3.2;25.7;115.5;14.4;5.5;76.7;0.3098;-0.0175;-0.0750;101.9500;
818.17;0;0;0;0;4A;CF;31;31;31;31;31;56B;16B;3C6;3.2;25.4;118.5;14.4;5.5;76.7;0.3137;-0.0307;-0.1000;101.9000;
818.42;0;0;0;0;4A;CF;31;31;31;31;31;574;16B;3C6;3.2;25.1;121.0;14.4;5.5;76.7;0.3216;-0.0382;-0.0750;101.2500;
818.67;0;0;0;0;4A;CF;31;31;31;31;31;56F;16B;3C6;3.2;25.1;124.0;14.4;5.5;76.7;0.3255;-0.0412;-0.0750;101.2000;
818.92;0;0;0;0;4A;CF;31;31;31;31;31;56C;16B;3C6;3.2;25.5;130.0;14.4;5.5;76.7;0.3333;-0.0409;-0.0500;101.2750;
819.17;0;0;0;0;4A;CF;31;31;31;31;31;56A;16B;3C6;3.2;24.9;137.0;14.4;5.5;76.7;0.3490;-0.0361;-0.0250;101.4000;
819.42;0;0;0;0;4A;CF;31;31;31;31;31;56D;16B;3C6;3.2;24.9;143.0;14.4;5.5;76.7;0.3490;-0.0348;0.0000;101.5500;
819.67;0;0;0;0;4A;CF;31;31;31;31;31;572;16B;3C6;3.2;24.5;145.0;14.4;5.5;76.7;0.3569;-0.0339;0.0500;101.5000;
819.92;0;0;0;0;4A;CF;31;31;31;31;31;570;16B;3C6;3.2;24.5;150.5;14.4;5.5;76.7;0.3608;-0.0338;0.0500;101.6000;
820.17;0;0;0;0;4A;CF;31;31;31;31;31;578;16B;3C6;3.2;24.4;154.0;14.4;5.5;76.7;0.3686;-0.0330;0.0750;101.3250;
820.42;0;0;0;0;4A;CF;32;31;32;31;32;577;16B;3C6;3.2;24.4;158.0;14.4;5.5;76.7;0.3725;-0.0328;0.1000;101.6750;
820.67;0;0;0;0;4A;CF;32;31;32;31;32;576;16B;3C6;3.2;24.1;161.5;14.4;5.5;76.7;0.3765;-0.0330;0.0750;101.6000;
820.92;0;0;0;0;4A;CF;32;31;32;31;32;57F;16B;3C6;3.2;24.1;163.0;14.4;5.5;76.7;0.3765;-0.0331;0.1250;101.5250;
821.17;0;0;0;0;4A;CF;32;32;32;32;32;582;16B;3C6;3.2;23.3;165.0;14.4;5.5;76.7;0.3961;-0.0367;0.1000;101.4250;
821.42;0;0;0;0;4B;CF;32;31;32;32;32;589;16B;3C6;3.2;23.4;186.5;14.4;5.5;76.7;0.4196;-0.0367;0.1250;101.3500;
821.67;0;0;0;0;4B;CF;32;32;32;32;32;58F;16B;3C6;3.2;23.4;193.5;14.4;5.5;76.7;0.4275;-0.0357;0.2000;101.3250;
821.92;0;0;0;0;4B;CF;33;32;33;32;33;597;16B;3C6;3.2;22.6;197.5;14.4;5.5;76.7;0.4275;-0.0303;0.2250;101.6750;
822.17;0;0;0;0;4B;CF;33;33;33;32;33;59E;16B;3C6;3.2;22.1;196.0;14.4;5.5;76.7;0.4235;-0.0220;0.2500;101.7500;
822.42;0;0;0;0;4B;CF;33;33;33;33;33;5A4;16B;3C6;3.2;22.1;195.5;14.4;5.5;76.7;0.4235;-0.0191;0.2750;101.9750;
822.67;0;0;0;0;4B;CF;33;33;33;33;33;5AF;16B;3C6;3.2;22.4;187.0;14.4;5.5;76.7;0.4039;-0.0154;0.2750;101.9750;
822.94;0;0;0;0;4B;CF;34;34;34;34;34;5B8;16B;3C4;3.2;22.4;177.5;14.4;5.5;76.7;0.3882;-0.0105;0.2500;0.0500;
823.19;0;0;0;0;4B;CF;34;34;34;34;34;5B7;16B;3C4;3.2;22.3;163.0;14.4;5.5;76.7;0.3490;-0.0062;0.2000;102.3000;
823.44;0;0;0;0;4B;CF;34;34;34;34;34;5BC;16B;3C6;3.2;22.9;123.0;14.4;5.5;76.7;0.3176;-0.0049;0.1250;0.0500;
823.69;0;0;0;0;4B;CF;34;34;34;34;34;5BA;16B;3C4;3.2;22.9;120.5;14.4;5.5;76.7;0.3176;-0.0041;-0.0250;102.3500;
823.94;0;0;0;0;4B;CF;34;34;34;34;34;5BF;16B;3C6;3.2;23.4;127.0;14.4;5.5;76.7;0.3451;-0.0041;-0.0250;0.0000;
824.19;0;0;0;0;4B;CF;34;34;34;34;34;5C1;16B;3C4;3.2;23.4;146.0;14.4;5.5;76.7;0.4510;-0.0022;-0.0250;0.0500;
824.44;0;0;0;0;4B;CF;34;34;34;34;34;5C8;16B;3C6;3.2;23.4;222.0;14.4;5.5;76.7;0.4863;0.0008;0.0750;0.0750;
824.69;0;0;0;0;4B;CF;35;34;35;35;35;5D6;16B;3C6;3.2;23.4;239.0;14.4;5.5;76.7;0.5020;0.0001;0.3500;0.2750;
824.94;0;0;0;0;4B;CF;35;35;35;35;35;5E1;16B;3C4;3.2;23.8;253.0;14.4;5.5;76.7;0.5255;-0.0007;0.5000;0.1500;
825.19;0;0;0;0;4B;CF;36;36;36;36;36;5F9;16B;3C4;3.2;24.3;257.5;14.4;5.5;76.7;0.5373;-0.0029;0.5750;0.2500;
825.44;0;0;0;0;4B;CF;36;36;37;36;37;60D;16B;3C4;3.2;24.3;266.0;14.4;5.5;76.7;0.5608;-0.0021;0.7000;0.0250;
825.69;0;0;0;0;4B;CF;37;37;37;37;37;61E;16B;3C4;3.2;23.9;274.5;14.4;5.5;76.7;0.5804;-0.0016;0.7000;0.1000;
825.94;0;0;0;0;4B;CF;38;38;38;38;38;630;16B;3C4;3.2;23.9;280.0;14.4;5.5;76.7;0.5804;-0.0013;0.7750;0.0250;
826.19;0;0;0;0;4B;CF;39;39;39;39;39;650;16B;3C4;3.2;24.6;279.5;14.4;5.5;76.7;0.5843;-0.0008;1.0000;0.2000;
826.44;0;0;0;0;4B;CF;3A;3A;3A;3A;3A;66A;16B;3C6;3.2;25.0;279.0;14.4;5.5;76.7;0.5765;-0.0007;0.9000;0.0000;
826.69;0;0;0;0;4B;CF;3B;3B;3A;3A;3B;67A;16B;3C4;3.2;25.0;279.5;14.4;5.5;76.7;0.5765;-0.0004;0.9250;0.1500;
826.94;0;0;0;0;4B;CF;3C;3C;3B;3C;3C;69D;16B;3C4;3.2;24.7;277.0;14.4;5.5;76.7;0.5765;-0.0003;1.0000;0.1000;
827.19;0;0;0;0;4B;CF;3C;3C;3C;3C;3C;6AF;16B;3C4;3.2;25.0;277.0;14.4;5.5;76.7;0.5765;-0.0003;1.0000;0.0000;
827.44;0;0;0;0;4B;CF;3D;3D;3D;3D;3D;6CD;16B;3C4;3.2;25.0;273.0;14.4;5.5;76.7;0.5725;-0.0001;0.9750;0.1000;
827.69;0;0;0;0;4B;CF;3E;3E;3E;3E;3E;6E1;16B;3C4;3.2;24.8;272.0;14.4;5.5;76.7;0.5725;-0.0001;0.9250;0.1250;
827.95;0;0;0;0;4C;CF;3F;3F;3F;3F;3F;6FD;16B;3C4;3.2;24.8;270.0;14.4;5.5;76.7;0.5686;0.0000;0.9250;0.0000;
828.20;0;0;0;0;4C;CF;40;40;40;40;40;710;16B;3C4;3.2;24.3;266.0;14.4;5.5;76.7;0.5569;0.0070;1.0000;0.3250;
828.45;0;0;0;0;4C;CF;41;41;41;41;41;707;16B;3C4;3.2;24.3;197.0;14.4;5.5;76.7;0.1765;0.0075;0.9000;0.2750;
828.70;1;0;0;0;4C;CF;41;41;41;41;41;6E2;16B;3C4;3.2;24.4;-34.5;14.4;5.5;76.7;0.0000;0.0049;0.2750;0.2500;
828.95;1;0;0;0;4C;CF;40;41;40;40;41;5A4;16B;3C4;3.2;24.4;-31.0;14.4;5.5;76.7;0.0000;-0.0007;-0.1750;0.1250;
829.20;1;0;0;0;4C;CF;40;40;40;40;40;4EE;16B;3C4;3.2;24.9;-31.0;14.4;5.5;76.7;0.0000;0.0003;-0.4250;0.1750;
829.45;1;0;0;0;4C;CF;40;40;3F;40;40;3F1;16B;3C4;3.2;25.2;-30.5;14.4;5.5;76.7;0.0000;0.0025;-0.4500;0.1500;
829.70;1;0;0;0;4C;CF;3F;3F;3F;3F;3F;480;16B;3C4;3.2;25.2;-31.0;14.4;5.5;76.7;0.0000;0.0049;-0.5750;0.1750;
829.95;0;0;0;0;4C;CF;3E;3F;3E;3E;3F;48B;16B;3C4;3.2;25.9;-31.5;14.4;5.5;76.7;0.0000;0.0062;-0.5750;0.3500;
830.20;0;0;0;0;4C;CF;3E;3E;3E;3E;3E;485;16B;3C4;3.2;26.9;-31.5;14.4;5.5;76.7;0.0000;0.0091;-0.5500;0.5250;
830.45;0;0;0;0;4C;CF;3D;3E;3D;3D;3E;479;16B;3C4;3.2;26.9;-31.5;14.4;5.5;76.7;0.0000;0.0091;-0.5750;0.4500;
830.70;0;0;0;0;4C;CF;3D;3D;3D;3D;3D;472;16B;3C4;3.2;27.1;-31.5;14.4;5.5;76.7;0.0000;0.0082;-0.5500;0.3750;
830.95;0;0;0;0;4C;CF;3C;3D;3C;3C;3D;465;16B;3C4;3.2;27.1;-31.5;14.4;5.5;76.7;0.0000;0.0066;-0.5500;0.2750;
831.20;0;0;0;0;4C;CF;3C;3C;3C;3C;3C;461;16B;3C4;3.2;28.0;-31.5;14.4;5.5;76.7;0.0000;0.0003;-0.4500;0.1750;
831.45;0;0;0;0;4C;CF;3C;3C;3C;3C;3C;457;16B;3C4;3.2;28.7;-32.0;14.4;5.5;76.7;0.0000;0.0004;-0.4750;0.1250;
831.70;0;0;0;0;4C;CF;3B;3B;3B;3B;3B;451;16B;3C4;3.2;28.7;-32.0;14.4;5.5;76.7;0.0000;0.0007;-0.4500;0.1500;
831.95;0;0;0;0;4C;CF;3B;3B;3B;3B;3B;44B;16B;3C4;3.2;29.0;-32.5;14.4;5.5;76.7;0.0000;0.0009;-0.4500;0.1250;
832.20;0;0;0;0;4C;CF;3A;3B;3A;3A;3B;442;16B;3C4;3.2;29.8;-32.5;14.4;5.5;76.7;0.0000;0.0018;-0.4500;0.1000;
832.45;0;0;0;0;4D;CF;3A;3A;3A;3A;3B;43C;16B;3C4;3.2;29.8;-32.5;14.4;5.5;76.7;0.0000;0.0018;-0.3750;0.2500;
832.70;0;0;0;0;4D;CF;3A;3A;3A;3A;3A;436;16B;3C4;3.2;29.8;-32.5;14.4;5.5;76.7;0.0000;0.0018;-0.4250;0.2250;
832.97;0;0;0;0;4D;CF;39;39;39;39;3A;42D;16B;3C4;3.2;30.5;-32.5;14.4;5.5;76.7;0.0000;0.0020;-0.4250;0.1750;
833.22;0;0;0;0;4D;CF;39;39;39;39;39;428;16B;3C4;3.2;30.2;-32.5;14.4;5.5;76.7;0.0000;0.0020;-0.4750;0.1750;
833.47;0;0;0;0;4D;CF;39;39;38;39;39;41F;16B;3C4;3.2;30.2;-32.5;14.4;5.5;76.7;0.0000;0.0014;-0.4250;0.0750;
833.72;0;0;0;0;4D;CF;39;39;38;38;39;41F;16B;3C4;3.2;30.4;-32.5;14.4;5.5;76.7;0.0000;0.0001;-0.3500;0.1750;
833.97;0;0;0;0;4D;CF;38;38;38;38;38;418;16B;3C4;3.2;30.7;-32.5;14.4;5.5;76.7;0.0000;-0.0001;-0.2750;0.1750;
834.22;0;0;0;0;4D;CF;38;38;38;38;38;414;16B;3C4;3.2;30.7;-33.0;14.4;5.5;76.7;0.0000;-0.0001;-0.3250;0.1500;
834.47;0;0;0;0;4D;CF;38;38;38;38;38;40F;16B;3C4;3.2;30.1;-33.0;14.4;5.5;76.7;0.0000;-0.0001;-0.2750;0.2000;
834.72;0;0;0;0;4D;CF;37;38;37;37;38;40A;16B;3C4;3.2;30.1;-33.0;14.4;5.5;76.7;0.0000;-0.0001;-0.3250;0.1250;
834.97;0;0;0;0;4D;CF;37;37;37;37;37;405;16B;3C4;3.2;30.4;-33.0;14.4;5.5;76.7;0.0000;0.0000;-0.2750;0.2000;
835.22;0;0;0;0;4D;CF;37;37;37;37;37;400;16B;3C4;3.2;30.5;-33.0;14.4;5.5;76.7;0.0000;-0.0003;-0.2750;0.0750;
835.47;0;0;0;0;4D;CF;37;37;37;37;37;3FB;16B;3C4;3.2;30.5;-33.0;14.4;5.5;76.7;0.0000;-0.0009;-0.3250;0.1750;
835.72;0;0;0;0;4D;CF;36;37;36;36;37;3F7;16B;3C4;3.2;30.2;-33.0;14.4;5.5;76.7;0.0000;-0.0020;-0.2750;0.0250;
835.97;0;0;0;0;4D;CF;36;36;36;36;36;3F4;16B;3C4;3.2;30.2;-33.0;14.4;5.5;76.7;0.0000;-0.0026;-0.2500;0.1000;
836.22;0;0;0;0;4D;CF;36;36;36;36;36;3F0;16B;3C4;3.2;30.2;-33.0;14.4;5.5;76.7;0.0000;-0.0022;-0.2500;0.0750;
836.47;0;0;0;0;4D;CF;36;36;36;36;36;3EF;16B;3C4;3.2;30.4;-33.0;14.4;5.5;76.7;0.0000;-0.0014;-0.2250;0.1250;
836.72;0;0;0;0;4D;CF;36;36;36;36;36;3E9;16B;3C4;3.2;30.4;-33.5;14.4;5.5;76.7;0.0000;0.0004;-0.2000;0.0750;
836.97;0;0;0;0;4D;CF;36;36;36;36;36;3E7;16B;3C4;3.2;30.0;-33.5;14.4;5.5;76.7;0.0000;0.0022;-0.2000;0.1750;
837.22;1;0;0;0;4D;CF;36;36;36;35;36;3E5;16B;3C4;3.2;30.0;-33.0;14.4;5.5;76.7;0.0000;0.0026;-0.1500;0.1000;
837.47;1;0;0;0;4D;CF;36;35;35;36;36;368;16B;3C4;3.2;30.0;0.5;14.4;5.5;76.7;0.0000;0.0029;-0.0750;0.0500;
837.72;1;0;0;0;4D;CF;35;35;35;35;36;36E;16B;3C4;3.2;30.0;1.0;14.4;5.5;76.7;0.0000;0.0031;-0.0250;0.2000;
837.98;1;0;0;0;4D;CF;35;36;35;35;36;371;16B;3C4;3.2;30.2;-0.5;14.4;5.5;76.7;0.0000;0.0031;0.0000;0.1750;
838.23;1;0;0;0;4D;CF;35;36;35;35;36;399;16B;3C4;3.2;30.0;-4.5;14.4;5.5;76.7;0.0000;0.0029;-0.0250;0.2500;
838.48;1;0;0;0;4D;CF;35;35;35;35;35;429;16B;3C4;3.2;30.0;-33.5;14.4;5.5;76.7;0.0000;0.0029;-0.1750;0.1250;
838.73;1;0;0;0;4D;CF;35;35;35;35;35;5B3;16B;3C4;3.2;30.0;-36.0;14.4;5.5;76.7;0.0000;0.0029;-0.4250;0.3250;
838.98;1;0;0;0;4D;CF;35;35;35;35;35;5D1;16B;3C4;3.2;30.4;-30.0;14.4;5.5;76.7;0.0000;0.0001;-0.3750;0.1250;
839.23;0;0;0;0;4D;CF;35;34;34;34;35;5CA;16B;3C4;3.2;30.4;-35.5;14.4;5.5;76.7;0.0000;0.0000;-0.2000;0.0750;
839.48;0;0;0;0;4D;CF;34;34;34;34;34;5C8;16B;3C4;3.2;30.2;-35.5;14.4;5.5;76.7;0.0000;0.0001;-0.1750;0.1000;
839.73;0;0;0;0;4D;CF;34;34;34;34;34;5C4;16B;3C4;3.2;30.2;-35.0;14.4;5.5;76.7;0.0000;0.0003;-0.1750;0.0250;
839.98;0;0;0;0;4D;CF;34;34;34;34;34;5C3;16B;3C4;3.2;30.1;-35.0;14.4;5.5;76.7;0.0000;0.0034;-0.1500;0.2000;
840.23;0;0;0;0;4D;CF;34;34;34;34;34;5BA;16B;3C4;3.2;30.6;-34.5;14.4;5.5;76.7;0.0000;0.0041;-0.1750;0.0500;
840.48;1;0;0;0;4D;CF;34;34;34;34;34;585;16B;3C4;3.2;30.6;-34.5;14.4;5.5;76.7;0.0000;0.0059;-0.1750;0.0000;
840.73;1;0;0;0;4D;CF;34;34;34;34;34;4F2;16B;3C4;3.2;30.3;92.5;14.4;5.5;76.7;0.6039;0.0066;-0.0250;0.0750;
840.98;1;0;0;0;4D;CF;34;34;34;34;34;6E8;16B;3C4;3.2;30.3;133.0;14.4;5.5;76.7;0.5059;0.0079;-0.0500;102.3750;
841.23;1;0;0;0;4D;CF;34;34;34;34;34;774;16B;3C4;3.2;30.3;-24.5;14.4;5.5;76.7;0.0000;0.0079;0.0250;0.0750;
841.48;1;0;0;0;4D;CF;34;34;34;34;34;828;16B;3C4;3.2;30.3;-42.0;14.4;5.5;76.7;0.0000;0.0079;-0.1250;102.3250;
841.73;1;0;0;0;4D;CF;33;33;33;34;34;7FD;169;3C4;3.2;30.4;-41.5;14.4;5.5;76.7;0.0000;0.0074;-0.1250;102.2500;
841.98;0;0;0;0;4D;CF;34;34;33;33;34;7F7;169;3C4;3.2;30.4;-41.0;14.4;5.5;76.7;0.0000;0.0061;-0.1750;0.0000;
842.23;0;0;0;0;4D;CF;33;33;33;33;33;7F4;169;3C4;3.2;30.4;-41.0;14.4;5.5;76.7;0.0000;0.0067;-0.2000;102.2500;
842.48;0;0;0;0;4D;CF;33;33;33;33;33;7EF;169;3C4;3.3;30.2;-41.0;14.4;5.5;76.7;0.0000;0.0067;-0.1750;102.3500;
842.73;0;0;0;0;4D;CF;33;33;33;33;33;7E7;169;3C4;3.3;30.2;-40.5;14.4;5.5;76.7;0.0000;0.0080;-0.2000;102.3000;
843.00;0;0;0;0;4D;CF;33;33;33;33;33;7E4;169;3C4;3.3;30.3;-40.5;14.4;5.5;76.7;0.0000;0.0146;-0.2000;0.0000;
843.25;0;0;0;0;4D;CF;33;33;32;33;33;7DF;169;3C4;3.4;29.9;-40.5;14.4;5.5;76.7;0.0000;0.0162;-0.1750;0.0750;
843.50;0;0;0;0;4D;CF;32;33;32;33;33;7D7;169;3C4;3.4;29.9;-40.5;14.4;5.5;76.7;0.0000;0.0184;-0.1500;0.2000;
843.75;0;0;0;0;4D;CF;32;33;32;33;33;7D4;169;3C4;3.4;29.8;-40.0;14.4;5.5;76.7;0.0000;0.0189;-0.1250;0.1000;
844.00;0;0;0;0;4D;CF;32;32;32;32;32;7D5;169;3C4;3.5;30.3;-40.0;14.4;5.5;76.7;0.0000;0.0189;-0.1500;0.1500;
844.25;0;1;0;0;4D;CF;32;32;32;32;32;7C6;169;3C4;3.5;30.3;-40.0;14.4;5.5;76.7;0.0000;0.0184;-0.3500;0.1500;
844.50;0;1;0;0;4D;CF;31;32;31;32;32;7B4;169;3C4;3.5;30.2;-40.0;14.4;5.5;76.7;0.0000;0.0181;-0.8000;0.0500;
844.75;0;1;0;0;4D;CF;31;31;31;31;31;7A1;169;3C4;3.5;30.2;-39.5;14.4;5.5;76.7;0.0000;0.0181;-0.2750;0.0750;
845.00;0;1;0;0;4D;CF;30;31;30;31;31;78E;169;3C4;3.6;30.5;-39.0;14.4;5.5;76.7;0.0000;0.0181;-0.4750;0.1000;
845.25;0;1;0;0;4D;CF;30;30;30;30;30;776;169;3C4;3.6;30.5;-39.0;14.4;5.5;76.7;0.0000;0.0181;-0.5750;0.0250;
845.50;0;1;0;0;4D;CF;2F;30;2F;30;30;767;169;3C4;3.6;31.2;-38.5;14.4;5.5;76.7;0.0000;0.0181;-0.6000;102.3750;
845.75;0;0;0;0;4D;CF;2F;30;2F;2F;2F;75B;169;3C4;3.6;31.2;-38.0;14.4;5.5;76.7;0.0000;0.0180;-0.2500;0.0250;
846.00;0;1;0;0;4D;CF;2F;2F;2F;2F;2F;74C;169;3C4;3.7;31.5;-38.0;14.4;5.5;76.7;0.0000;0.0158;-0.4750;0.3250;
846.25;0;1;0;0;4D;CF;2E;2E;2E;2E;2E;728;169;3C4;3.7;31.4;-37.5;14.4;5.5;76.7;0.0000;0.0135;-1.1750;0.0750;
846.50;0;1;0;0;4D;CF;2D;2D;2D;2D;2D;70E;169;3C4;3.7;31.4;-36.5;14.4;5.5;76.7;0.0000;0.0100;-1.2500;102.2500;
846.75;0;1;0;0;4D;CF;2D;2D;2C;2D;2D;6E4;169;3C4;3.7;32.3;-36.0;14.4;5.5;76.7;0.0000;0.0067;-1.0500;102.2000;
847.00;0;1;0;0;4D;CF;2B;2B;2B;2B;2B;6CB;169;3C4;3.7;32.9;-35.5;14.4;5.5;76.7;0.0000;0.0025;-1.1750;102.1250;
847.25;0;1;0;0;4D;CF;2B;2A;2B;2B;2B;697;169;3C4;3.7;32.9;-35.0;14.4;5.5;76.7;0.0000;0.0008;-1.2000;101.9750;
847.50;0;1;0;0;4D;CF;29;29;29;29;29;678;169;3C4;3.7;33.0;-35.0;14.4;5.5;76.7;0.0000;-0.0007;-1.4500;102.0250;
847.75;0;1;0;0;4D;CF;28;28;28;28;29;646;169;3C4;3.7;33.0;-34.5;14.4;5.5;76.7;0.0000;-0.0009;-1.1500;102.0250;
848.03;0;1;0;0;4D;CF;27;27;27;27;27;60A;169;3C4;3.6;33.7;-34.5;14.4;5.5;76.7;0.0000;-0.0029;-1.3250;102.0750;
848.28;0;1;0;0;4D;CF;26;26;26;26;26;5EC;169;3C6;3.6;33.9;-34.0;14.4;5.5;76.7;0.0000;-0.0038;-1.0750;102.0500;
848.53;0;1;0;0;4D;CF;25;25;25;25;25;5B0;169;3C4;3.6;33.9;-33.5;14.4;5.5;76.7;0.0000;-0.0038;-1.1500;101.9500;
848.78;0;1;0;0;4D;CF;24;24;24;24;24;595;169;3C4;3.5;33.9;-33.5;14.4;5.5;76.7;0.0000;-0.0038;-1.1250;102.0000;
849.03;0;1;0;0;4D;CF;23;23;23;23;23;573;169;3C4;3.5;34.2;-33.0;14.4;5.5;76.7;0.0000;-0.0039;-0.9250;102.0250;
849.28;0;1;0;0;4D;CF;22;22;22;22;22;556;169;3C4;3.5;34.2;-33.0;14.4;5.5;76.7;0.0000;-0.0057;-1.0750;102.1250;
849.53;0;1;0;0;4D;CF;21;21;21;21;22;533;169;3C4;3.5;34.2;-32.5;14.4;5.5;76.7;0.0000;-0.0084;-0.7500;101.9000;
849.78;0;1;0;0;4D;CF;21;21;21;21;21;51B;169;3C4;3.4;34.0;-32.5;14.4;5.5;76.7;0.0000;-0.0158;-0.8750;101.8750;
850.03;0;1;0;0;4D;CF;20;20;20;20;20;500;169;3C4;3.4;33.8;-32.5;14.4;5.5;76.7;0.0000;-0.0193;-0.7000;101.7250;
850.28;0;1;0;0;4D;CF;20;1F;20;20;20;4EC;169;3C6;3.4;33.8;-32.5;14.4;5.5;76.7;0.0000;-0.0257;-0.5000;101.7250;
850.53;0;1;0;0;4D;CF;1F;1F;1F;1F;1F;4CC;169;3C4;3.4;33.8;-32.0;14.4;5.5;76.7;0.0000;-0.0338;-0.9250;101.3750;
850.78;0;1;0;0;4D;CF;1E;1E;1E;1E;1E;4B6;169;3C4;3.3;33.4;-32.0;14.4;5.5;76.7;0.0000;-0.0587;-0.7250;101.2000;
851.03;0;1;0;0;4D;CF;1E;1D;1E;1D;1D;490;169;3C6;3.3;33.4;-32.0;14.4;5.5;76.7;0.0000;-0.0849;-0.8250;100.6750;
851.28;0;1;0;0;4D;CF;1D;1C;1D;1C;1D;47C;169;3C4;3.3;32.5;-32.0;14.4;5.5;76.7;0.0000;-0.0997;-0.7750;100.4750;
851.53;0;1;0;0;4D;CF;1D;1C;1D;1C;1D;46F;169;3C6;3.3;32.5;-32.0;14.4;5.5;76.7;0.0000;-0.1094;-0.1750;100.6000;
851.78;0;1;0;0;4D;CF;1D;1C;1D;1C;1D;471;169;3C6;3.2;31.8;-32.0;14.4;5.5;76.7;0.0000;-0.1236;-0.2250;100.4250;
852.03;0;1;0;0;4D;CF;1D;1C;1D;1C;1D;473;169;3C6;3.2;30.4;-32.0;14.4;5.5;76.7;0.0000;-0.1329;-0.0250;100.1500;
852.28;0;0;0;0;4D;CF;1D;1C;1D;1C;1D;47A;169;3C6;3.2;30.4;-32.0;14.4;5.5;76.7;0.0000;-0.1449;-0.0500;100.1000;
852.53;0;0;0;0;4D;CF;1E;1C;1D;1C;1D;483;169;3C6;3.2;29.1;-32.0;14.4;5.5;76.7;0.0000;-0.1426;0.0750;100.2750;
852.78;0;0;0;0;4D;CF;1E;1D;1E;1D;1D;493;169;3C6;3.2;27.8;-32.0;14.4;5.5;76.7;0.0000;-0.1261;0.3500;99.9000;
853.04;0;0;0;0;4D;CF;1F;1D;1E;1D;1E;4AF;169;3C6;3.2;27.8;-32.0;14.4;5.5;76.7;0.0000;-0.1241;0.5500;100.3500;
853.29;0;0;0;0;4D;CF;1E;1D;1E;1D;1E;4A1;169;3C6;3.2;26.4;-32.0;14.4;5.5;76.7;0.0000;-0.1236;0.0500;99.8750;
853.54;0;0;0;0;4D;CF;1E;1D;1E;1D;1E;4AF;169;3C6;3.2;26.4;-26.5;14.4;5.5;76.7;0.1216;-0.1275;0.0500;100.1000;
853.79;0;0;0;0;4D;CF;1F;1D;1F;1D;1E;4B9;169;3C6;3.3;25.6;-1.0;14.4;5.5;76.6;0.2000;-0.1417;0.1500;99.8250;
854.04;0;0;0;0;4D;CF;1F;1E;1F;1E;1E;4D6;169;3C6;3.3;25.6;40.5;14.4;5.5;76.6;0.2588;-0.1488;0.2250;99.7250;
854.29;0;0;0;0;4D;CF;20;1E;20;1E;1F;4D6;169;3C6;3.3;24.3;65.5;14.4;5.5;76.6;0.2706;-0.1492;0.4750;99.4750;
854.54;0;0;0;0;4D;CF;20;1F;20;1F;20;4F2;169;3C6;3.3;24.3;88.0;14.4;5.5;76.6;0.2863;-0.1546;0.5500;99.5250;
854.79;0;0;0;0;4D;CF;21;20;21;20;20;504;169;3C6;3.2;22.9;98.0;14.4;5.5;76.6;0.3020;-0.1714;0.5500;99.0750;
855.04;0;0;0;0;4D;CF;22;20;21;20;21;522;169;3C6;3.3;21.4;108.0;14.4;5.5;76.6;0.3216;-0.1691;0.5500;98.6750;
855.29;0;0;0;0;4D;CF;23;21;22;21;22;544;169;3C6;3.3;21.4;117.5;14.4;5.5;76.6;0.3373;-0.1624;0.7750;98.4750;
855.54;0;0;0;0;4D;CF;23;21;23;21;22;559;169;3C6;3.3;20.0;150.5;14.4;5.5;76.6;0.3961;-0.1436;0.7000;99.0000;
855.79;0;0;0;0;4D;CF;24;23;24;23;23;571;169;3C6;3.4;19.0;167.0;14.4;5.5;76.6;0.4078;-0.1195;0.7500;99.6500;
856.04;0;0;0;0;4D;CF;24;23;24;23;24;58F;169;3C6;3.4;19.0;182.0;14.4;5.5;76.6;0.4078;-0.1076;0.7500;99.9000;
856.29;0;0;0;0;4D;CF;25;24;25;24;25;5AF;169;3C6;3.5;18.3;183.0;14.4;5.5;76.6;0.4078;-0.0951;0.9000;100.2500;
856.54;0;0;0;0;4C;CF;26;25;26;25;25;5DA;169;3C6;3.5;18.3;183.5;14.4;5.5;76.6;0.4078;-0.0773;0.8750;101.0000;
856.79;0;0;0;0;4D;CF;27;26;26;26;26;5F7;169;3C6;3.6;17.5;182.5;14.4;5.5;76.6;0.4118;-0.0304;0.9000;101.6250;
857.04;0;0;0;0;4D;CF;27;27;27;27;27;620;169;3C6;3.6;17.4;184.0;14.4;5.5;76.6;0.4118;-0.0079;0.9750;102.0000;
857.29;0;0;0;0;4D;CF;28;28;28;28;28;63D;169;3C6;3.6;17.4;182.0;14.4;5.5;76.6;0.4078;0.0158;1.0000;0.1750;
857.54;0;0;0;0;4D;CF;29;29;29;29;29;664;169;3C6;3.6;17.6;176.5;14.4;5.5;76.6;0.3922;0.0333;0.9250;0.5500;
857.79;0;0;0;0;4D;CF;2A;2A;2A;2A;2A;681;169;3C6;3.6;17.6;171.0;14.4;5.5;76.6;0.3882;0.0519;0.9000;0.8000;
858.06;0;0;0;0;4D;CF;2A;2B;2A;2B;2B;668;169;3C6;3.6;17.3;0.5;14.4;5.5;76.6;0.0000;0.0651;0.9000;1.4750;
858.31;1;0;0;0;4D;CF;2A;2B;2A;2B;2A;619;169;3C6;3.6;17.3;-29.0;14.4;5.5;76.6;0.0000;0.0704;0.0750;1.4750;
858.56;1;0;0;0;4D;CF;29;2A;29;2A;2A;50D;169;3C6;3.6;18.5;-31.0;14.4;5.5;76.6;0.0000;0.0785;-0.1750;1.5500;
858.81;1;0;0;0;4D;CF;29;2B;29;2A;2A;4F3;169;3C6;3.6;20.8;74.5;14.4;5.5;76.6;0.3137;0.0785;-0.1250;1.6750;
859.06;0;0;0;0;4D;CF;2A;2B;2A;2B;2A;4B7;169;3C6;3.6;20.8;168.0;14.4;5.5;76.6;0.3961;0.0794;0.2500;1.7000;
859.31;0;0;0;0;4D;CF;2B;2C;2A;2C;2B;4C4;169;3C6;3.8;22.1;177.5;14.4;5.5;76.6;0.3961;0.0874;0.5750;2.0000;
859.56;0;0;0;0;4D;CF;2B;2C;2B;2C;2C;4DD;169;3C6;3.8;23.5;180.0;14.4;5.5;76.6;0.3961;0.0860;0.7000;2.0500;
859.81;0;0;0;0;4D;CF;2C;2E;2C;2D;2D;4F0;169;3C6;3.8;23.5;180.0;14.4;5.5;76.6;0.3922;0.0822;0.8750;2.0000;
860.06;0;0;0;0;4D;CF;2D;2E;2D;2E;2E;510;169;3C6;3.8;25.7;179.5;14.4;5.5;76.6;0.3961;0.0760;0.9000;1.8500;
860.31;0;0;0;0;4D;CF;2E;2F;2E;2F;2F;527;169;3C6;3.8;25.7;180.0;14.4;5.5;76.6;0.4078;0.0686;0.9750;1.6000;
860.56;0;0;0;0;4D;CF;2F;30;2F;30;2F;545;169;3C6;3.6;27.1;198.0;14.4;5.5;76.6;0.4314;0.0521;0.9000;1.3000;
860.81;0;0;0;0;4D;CF;30;31;31;31;31;55B;169;3C6;3.5;28.4;207.0;14.4;5.5;76.6;0.4471;0.0430;1.1000;0.9250;
861.06;0;0;0;0;4D;CF;31;32;32;32;32;58B;169;3C6;3.5;28.4;220.0;14.4;5.5;76.6;0.4667;0.0375;1.2500;1.0000;
861.31;0;0;0;0;4D;CF;33;34;33;34;33;5A3;169;3C6;3.5;29.3;227.0;14.4;5.5;76.6;0.4745;0.0328;1.3250;0.7000;
861.56;0;0;0;0;4D;CF;34;35;34;35;35;5D7;169;3C6;3.5;29.4;230.5;14.4;5.5;76.6;0.4706;0.0158;1.4750;0.5750;
861.81;0;0;0;0;4D;CF;36;36;36;36;36;5F2;169;3C6;3.5;29.4;229.0;14.4;5.5;76.6;0.4706;0.0070;1.5500;102.3500;
862.06;0;0;0;0;4D;CF;37;38;37;37;37;626;169;3C6;3.5;29.4;228.5;14.4;5.5;76.6;0.4706;0.0026;1.6000;102.1750;
862.31;0;0;0;0;4D;CF;39;39;39;39;39;649;169;3C6;3.5;29.4;226.0;14.4;5.5;76.6;0.4706;0.0011;1.6000;102.1250;
862.56;0;0;0;0;4D;CF;3A;3B;3A;3A;3A;679;169;3C6;3.5;28.3;225.0;14.4;5.5;76.6;0.4706;-0.0011;1.6000;102.2750;
862.81;0;0;0;0;4D;CF;3C;3C;3C;3C;3C;69C;169;3C6;3.5;28.3;224.5;14.4;5.5;76.6;0.4706;-0.0014;1.6500;102.0500;
863.07;0;0;0;0;4D;CF;3D;3D;3D;3D;3D;6CC;169;3C6;3.5;26.6;218.5;14.4;5.5;76.6;0.4471;-0.0013;1.6500;102.1500;
863.32;1;0;0;0;4D;CF;3E;3E;3E;3E;3E;6A5;169;3C6;3.5;26.6;-36.5;14.4;5.5;76.6;0.0000;-0.0009;1.1750;102.2500;
863.57;1;0;0;0;4D;CF;3E;3F;3E;3E;3F;5FE;169;3C6;3.4;25.7;-30.0;14.4;5.5;76.6;0.0000;-0.0008;0.6000;102.2000;
863.82;1;0;0;0;4D;CF;3F;3F;3F;3F;3F;4F2;169;3C6;3.4;25.8;-31.5;14.4;5.5;76.6;0.0000;-0.0009;0.4750;102.3000;
864.07;1;0;0;0;4D;CF;3F;3F;3F;3F;3F;43F;169;3C6;3.4;25.8;-30.5;14.4;5.5;76.6;0.0000;-0.0008;0.3750;102.2250;
864.32;1;0;0;0;4D;CF;3F;40;40;40;40;377;169;3C6;3.7;24.8;-5.5;14.4;5.5;76.6;0.0000;0.0003;0.2750;102.3500;
864.57;1;0;0;0;4D;CF;40;40;40;40;40;3E7;169;3C6;4.0;24.4;-15.5;14.4;5.5;76.6;0.1098;0.0025;0.2750;0.1250;
864.82;1;0;0;0;4D;CF;40;40;40;40;40;4B5;169;3C6;4.0;24.4;44.5;14.4;5.5;76.6;0.2000;0.0033;0.2000;0.1750;
865.07;0;0;0;0;4D;CF;40;41;40;40;40;4B4;169;3C6;4.4;24.5;46.5;14.4;5.5;76.6;0.2000;0.0034;0.3250;0.1000;
865.32;0;0;0;0;4D;CF;41;41;41;41;41;4BF;169;3C6;4.4;24.5;44.0;14.4;5.5;76.6;0.2000;0.0036;0.4750;0.0250;
865.57;0;0;0;0;4D;CF;41;41;41;41;41;4C2;169;3C6;4.6;24.2;41.5;14.4;5.5;76.6;0.1961;0.0029;0.5000;0.0750;
865.82;0;0;0;0;4D;CF;42;42;42;42;42;4CB;169;3C6;4.8;24.6;41.0;14.4;5.5;76.6;0.1961;0.0026;0.4500;0.1250;
866.07;0;0;0;0;4D;CF;42;42;42;42;42;4D2;169;3C6;4.8;24.6;42.0;14.4;5.5;76.6;0.1961;0.0013;0.4500;0.0750;
866.32;0;0;0;0;4D;CF;42;43;43;43;43;4D8;169;3C6;4.8;24.6;43.5;14.4;5.5;76.6;0.1961;0.0000;0.4250;102.3750;
866.57;0;0;0;0;4D;CF;43;43;43;43;43;4DD;169;3C6;5.0;24.9;43.0;14.4;5.5;76.6;0.1961;-0.0009;0.4250;102.3500;
866.82;0;0;0;0;4D;CF;44;44;43;44;44;4E6;169;3C6;5.2;25.5;43.5;14.4;5.5;76.6;0.1961;-0.0007;0.4250;102.3000;
867.07;0;0;0;0;4D;CF;44;44;44;44;44;4EC;169;3C6;5.2;25.5;43.5;14.4;5.5;76.6;0.1961;0.0025;0.4500;102.2250;
867.32;0;0;0;0;4D;CF;45;45;44;45;44;4FA;169;3C6;5.5;25.9;43.5;14.4;5.5;76.6;0.1961;0.0033;0.4500;0.0000;
867.57;0;0;0;0;4D;CF;45;45;45;45;45;502;169;3C6;5.7;26.3;43.0;14.4;5.5;76.6;0.1961;0.0057;0.4500;0.0000;
867.82;0;0;0;0;4D;CF;45;45;45;45;45;50A;169;3C6;5.7;26.3;42.5;14.4;5.5;76.6;0.2000;0.0059;0.4250;0.1000;
868.09;0;0;0;0;4D;CF;46;46;45;46;46;50F;169;3C6;5.8;26.3;43.0;14.4;5.5;76.6;0.1961;0.0059;0.4500;0.0500;
868.34;0;0;0;0;4D;CF;46;46;46;46;46;514;169;3C6;5.8;26.3;44.0;14.4;5.5;76.6;0.2000;0.0059;0.4250;0.1000;
868.59;0;0;0;0;4D;CF;46;47;46;46;46;51A;169;3C6;5.7;26.2;45.0;14.4;5.5;76.6;0.2000;0.0061;0.3500;0.0250;
868.84;0;0;0;0;4E;CF;47;47;47;47;47;529;169;3C6;5.6;26.2;44.0;14.4;5.5;76.6;0.2000;0.0062;0.3500;0.1250;
869.09;0;0;0;0;4E;CF;47;47;47;47;47;52F;169;3C6;5.6;26.2;44.0;14.4;5.5;76.6;0.2000;0.0066;0.4250;0.0000;
869.34;0;0;0;0;4E;CF;47;48;47;47;48;532;169;3C6;5.5;26.2;44.5;14.4;5.5;76.6;0.2000;0.0066;0.4000;0.0250;
869.59;0;0;0;0;4E;CF;48;48;48;48;48;53A;169;3C6;5.5;26.3;45.0;14.4;5.5;76.6;0.2000;0.0038;0.3750;0.0000;
869.84;0;0;0;0;4E;CF;49;48;48;48;48;545;169;3C6;5.5;26.3;44.0;14.4;5.5;76.6;0.2000;0.0038;0.4000;102.3750;
870.09;0;0;0;0;4E;CF;49;49;49;49;49;547;169;3C6;5.5;26.2;44.5;14.4;5.5;76.6;0.2000;0.0046;0.4000;102.3250;
870.34;0;0;0;0;4E;CF;49;4A;49;49;49;550;169;3C6;5.5;26.2;45.0;14.4;5.5;76.6;0.2000;0.0054;0.3750;102.3250;
870.59;0;0;0;0;4E;CF;49;49;49;49;49;556;169;3C6;5.6;26.3;44.5;14.4;5.5;76.6;0.2000;0.0057;0.3250;0.0000;
870.84;0;0;0;0;4E;CF;49;4A;4A;4A;4A;55A;169;3C6;5.6;26.3;44.5;14.4;5.5;76.6;0.2000;0.0067;0.2750;0.1750;
871.09;0;0;0;0;4E;CF;4A;4A;4A;4A;4A;55B;169;3C6;5.5;26.4;44.5;14.4;5.5;76.6;0.2000;0.0080;0.2500;0.2750;
871.34;0;0;0;0;4E;CF;4A;4A;4A;4A;4A;564;169;3C6;5.5;26.4;43.5;14.4;5.5;76.6;0.2000;0.0091;0.3250;0.1500;
871.59;0;0;0;0;4E;CF;4A;4A;4A;4A;4A;565;169;3C6;5.4;26.4;44.5;14.4;5.5;76.6;0.2000;0.0091;0.2500;0.2000;
871.84;0;0;0;0;4E;CF;4B;4B;4B;4B;4B;570;169;3C6;5.4;26.7;44.5;14.4;5.5;76.6;0.2000;0.0092;0.2500;0.1750;
872.09;0;0;0;0;4E;CF;4B;4B;4B;4B;4B;570;169;3C6;5.4;26.7;43.5;14.4;5.5;76.6;0.2000;0.0092;0.2250;0.2000;
872.34;0;0;0;0;4E;CF;4B;4B;4B;4B;4B;571;169;3C6;5.4;26.7;46.0;14.4;5.5;76.6;0.2078;0.0075;0.1500;0.2000;
872.59;0;0;0;0;4E;CF;4B;4B;4B;4B;4B;57A;169;3C6;5.4;26.8;47.0;14.4;5.5;76.6;0.2157;0.0049;0.1750;0.0000;
872.84;0;0;0;0;4E;CF;4B;4B;4B;4C;4C;57C;169;3C6;5.4;26.8;54.5;14.4;5.5;76.6;0.2196;0.0051;0.2250;102.3750;
873.10;0;0;0;0;4E;CF;4C;4C;4C;4C;4C;585;169;3C6;5.4;26.9;56.5;14.4;5.5;76.6;0.2196;0.0057;0.2750;0.0500;
873.35;0;0;0;0;4E;CF;4C;4C;4C;4C;4C;587;169;3C6;5.4;26.6;56.5;14.4;5.5;76.6;0.2196;0.0064;0.2500;0.0500;
873.60;0;0;0;0;4E;CF;4C;4D;4C;4C;4D;589;169;3C6;5.4;26.6;57.0;14.4;5.5;76.6;0.2196;0.0041;0.2250;102.3000;
873.85;0;0;0;0;4E;CF;4C;4D;4C;4D;4D;58F;169;3C6;5.3;26.7;58.5;14.4;5.5;76.6;0.2353;0.0069;0.2000;102.3000;
874.10;0;0;0;0;4E;CF;4C;4D;4D;4D;4D;58F;169;3C6;5.3;26.7;65.5;14.4;5.5;76.6;0.2510;0.0091;0.2000;0.1500;
874.35;0;0;0;0;4E;CF;4D;4D;4D;4D;4D;59A;169;3C6;5.3;26.7;86.0;14.4;5.5;76.6;0.2980;0.0123;0.1750;0.4000;
874.60;0;0;0;0;4E;CF;4D;4D;4D;4D;4D;595;169;3C6;5.3;26.7;105.5;14.4;5.5;76.6;0.3216;0.0127;0.1500;0.4250;
874.85;0;0;0;0;4E;CF;4D;4D;4D;4D;4D;5A1;169;3C6;5.3;26.7;134.5;14.4;5.5;76.6;0.3882;0.0104;0.2000;0.3250;
875.10;0;0;0;0;4E;CF;4D;4E;4D;4E;4E;5A1;169;3C6;5.3;26.7;164.0;14.4;5.5;76.6;0.4118;0.0091;0.2000;0.3750;
875.35;0;0;0;0;4E;CF;4E;4E;4E;4E;4E;5A9;169;3C6;5.2;26.7;196.0;14.4;5.5;76.6;0.4275;0.0086;0.3500;0.2000;
875.60;0;0;0;0;4E;CF;4E;4E;4E;4E;4E;5B1;169;3C6;5.1;26.6;202.5;14.4;5.5;76.6;0.4392;0.0095;0.4000;0.4500;
875.85;0;0;0;0;4E;CF;4E;4F;4E;4F;4F;5B9;169;3C6;5.1;26.6;215.5;14.4;5.5;76.6;0.4549;0.0110;0.4500;0.4500;
876.10;0;0;0;0;4E;CF;4F;4F;4F;4F;4F;5BC;169;3C6;5.0;26.4;220.5;14.4;5.5;76.6;0.4667;0.0125;0.4000;0.4000;
876.35;0;0;0;0;4E;CF;4F;4F;4F;4F;4F;5C8;169;3C6;4.8;26.3;230.5;14.4;5.5;76.6;0.4784;0.0130;0.3250;0.5000;
876.60;0;0;0;0;4E;CF;50;50;50;50;50;5CA;169;3C6;4.8;26.3;245.0;14.4;5.5;76.6;0.5059;0.0127;0.3500;0.5250;
876.85;0;0;0;0;4E;CF;50;50;50;50;50;5D4;169;3C6;4.7;26.2;258.0;14.4;5.5;76.6;0.5333;0.0093;0.3250;0.4000;
877.10;0;0;0;0;4E;CF;50;51;50;50;51;5D6;169;3C6;4.7;26.2;262.5;14.4;5.5;76.6;0.5373;0.0069;0.4000;0.1000;
877.35;0;0;0;0;4E;CF;51;51;51;51;51;5DF;169;3C6;4.5;26.1;266.5;14.4;5.5;76.6;0.5451;0.0057;0.4500;0.0750;
877.60;0;0;0;0;4E;CF;51;51;51;51;52;5E5;169;3C6;4.3;26.0;269.0;14.4;5.5;76.6;0.5529;0.0064;0.4500;0.2750;
877.85;0;0;0;0;4E;CF;51;52;51;52;52;5EC;169;3C6;4.3;26.0;270.5;14.4;5.5;76.6;0.5529;0.0064;0.4000;0.0750;
878.12;0;0;0;0;4E;CF;52;52;52;52;52;5F2;169;3C6;4.1;25.7;268.0;14.4;5.5;76.6;0.5490;0.0064;0.2250;0.1000;
878.37;0;0;0;0;4E;CF;52;52;52;52;52;5F8;169;3C6;3.9;25.7;268.0;14.4;5.5;76.6;0.5490;0.0064;0.2500;102.3500;
878.62;0;0;0;0;4E;CF;52;53;52;52;53;5F7;169;3C6;3.9;25.7;268.0;14.4;5.5;76.6;0.5490;0.0066;0.2500;0.0750;
878.87;0;0;0;0;4E;CF;53;53;52;53;53;5FF;169;3C6;3.9;25.7;267.5;14.4;5.5;76.6;0.5490;0.0070;0.2500;0.0500;
879.12;0;0;0;0;4E;CF;53;53;53;53;53;606;169;3C6;3.7;25.3;266.5;14.4;5.5;76.6;0.5490;0.0079;0.2250;0.2000;
879.37;0;0;0;0;4E;CF;53;53;53;53;53;60B;169;3C6;3.6;25.0;266.5;14.4;5.5;76.6;0.5451;0.0091;0.2250;0.1750;
879.62;0;0;0;0;4E;CF;53;53;53;53;54;60C;169;3C6;3.6;25.0;267.0;14.4;5.5;76.6;0.5451;0.0091;0.2000;0.3500;
879.87;0;0;0;0;4E;CF;54;53;53;54;54;614;169;3C6;3.5;25.0;265.5;14.4;5.5;76.6;0.5451;0.0091;0.2000;0.0500;
880.12;0;0;0;0;4E;CF;53;54;54;54;54;614;169;3C6;3.5;25.0;265.5;14.4;5.5;76.6;0.5451;0.0097;0.1750;0.3250;
880.37;0;0;0;0;4E;CF;54;54;54;54;54;616;169;3C6;3.4;25.0;266.5;14.4;5.5;76.6;0.5451;0.0110;0.1500;0.2250;
880.62;0;0;0;0;4E;CF;54;54;54;54;54;617;169;3C6;3.4;24.6;266.0;14.4;5.5;76.6;0.5451;0.0110;0.1250;0.3250;
880.87;0;0;0;0;4E;CF;54;54;54;54;54;61B;169;3C6;3.4;24.6;265.5;14.4;5.5;76.6;0.5451;0.0112;0.1250;0.3250;
881.12;0;0;0;0;4E;CF;54;55;54;54;54;61C;169;3C6;3.3;24.6;266.0;14.4;5.5;76.6;0.5451;0.0123;0.1000;0.4250;
881.37;0;0;0;0;4E;CF;54;54;54;55;55;61F;169;3C6;3.3;24.6;266.0;14.4;5.5;76.6;0.5451;0.0123;0.1000;0.4250;
881.62;0;0;0;0;4E;CF;54;54;54;55;55;620;169;3C6;3.3;24.6;266.5;14.4;5.5;76.6;0.5451;0.0118;0.0500;0.3250;
881.87;0;0;0;0;4F;CF;54;55;54;55;55;622;169;3C6;3.3;24.7;265.5;14.4;5.5;76.6;0.5451;0.0104;0.0250;0.3750;
882.12;0;0;0;0;4F;CF;54;55;54;55;55;624;169;3C6;3.3;24.7;265.5;14.4;5.5;76.6;0.5451;0.0052;0.0500;0.1250;
882.37;0;0;0;0;4F;CF;54;55;55;55;55;622;169;3C6;3.3;25.0;266.0;14.4;5.5;76.6;0.5490;0.0022;0.0750;0.0500;
882.62;0;0;0;0;4F;CF;55;55;55;55;55;625;169;3C6;3.3;24.8;265.5;14.4;5.5;76.6;0.5451;-0.0013;0.0250;102.2250;
882.87;0;0;0;0;4F;CF;55;54;55;55;55;627;169;3C6;3.3;24.8;265.5;14.4;5.5;76.6;0.5451;-0.0020;0.0750;102.0500;
883.13;0;0;0;0;4F;CF;55;55;55;55;55;629;169;3C6;3.3;24.8;265.0;14.4;5.5;76.6;0.5451;-0.0022;0.0250;102.1250;
883.38;0;0;0;0;4F;CF;55;55;55;55;55;62A;169;3C6;3.3;24.6;266.0;14.4;5.5;76.6;0.5451;-0.0033;0.0500;102.0000;
883.63;0;0;0;0;4F;CF;55;55;55;55;55;629;169;3C6;3.2;24.5;266.0;14.4;5.5;76.6;0.5451;-0.0033;0.0250;102.0500;
883.88;0;0;0;0;4F;CF;55;55;55;55;55;628;169;3C6;3.2;24.5;265.5;14.4;5.5;76.6;0.5451;-0.0033;0.0500;101.9500;
884.13;0;0;0;0;4F;CF;55;55;55;55;55;62A;169;3C6;3.3;24.3;265.5;14.4;5.5;76.6;0.5451;-0.0031;0.0500;102.1750;
884.38;0;0;0;0;4F;CF;55;55;55;55;55;62C;169;3C6;3.3;24.0;265.5;14.4;5.5;76.6;0.5451;-0.0009;0.0000;102.0750;
884.63;0;0;0;0;4F;CF;55;55;55;55;55;62E;169;3C6;3.3;24.0;265.0;14.4;5.5;76.6;0.5451;0.0001;-0.0250;102.2250;
884.88;0;0;0;0;4F;CF;55;55;55;55;55;628;169;3C6;3.3;23.9;265.0;14.4;5.5;76.6;0.5451;0.0022;-0.0250;0.0000;
885.13;0;0;0;0;4F;CF;55;55;55;55;55;629;169;3C6;3.3;23.9;265.0;14.4;5.5;76.6;0.5451;0.0038;0.0000;0.1000;
885.38;0;0;0;0;4F;CF;55;55;55;55;55;62B;169;3C6;3.3;23.8;265.0;14.4;5.5;76.6;0.5451;0.0054;-0.0250;0.2000;
885.63;0;0;0;0;50;CF;55;55;55;55;55;62C;169;3C6;3.3;23.7;265.0;14.4;5.5;76.6;0.5451;0.0054;0.0250;0.2000;
885.88;0;0;0;0;50;CF;55;55;55;55;55;62E;169;3C6;3.3;23.7;266.0;14.4;5.5;76.6;0.5451;0.0051;0.0250;0.3250;
886.13;0;0;0;0;50;CF;55;55;55;55;55;62C;169;3C6;3.3;23.7;265.5;14.4;5.5;76.6;0.5451;0.0034;0.0000;0.3500;
886.38;0;0;0;0;50;CF;55;55;55;55;55;62E;169;3C6;3.3;23.5;265.5;14.4;5.5;76.6;0.5451;-0.0003;-0.0250;0.0000;
886.63;0;0;0;0;50;CF;55;55;55;55;55;62B;169;3C6;3.3;23.5;265.0;14.4;5.5;76.6;0.5490;-0.0003;0.0250;102.3250;
886.88;0;0;0;0;50;CF;55;55;55;55;55;62F;169;3C6;3.3;23.4;265.5;14.4;5.5;76.6;0.5451;-0.0001;0.0000;0.0000;
887.13;0;0;0;0;50;CF;55;55;55;55;55;62E;169;3C6;3.3;23.4;266.0;14.4;5.5;76.6;0.5451;0.0004;-0.0250;102.3750;
887.38;0;0;0;0;50;CF;55;55;55;55;55;62D;169;3C6;3.3;23.7;264.5;14.4;5.5;76.6;0.5451;0.0007;-0.0250;102.3500;
887.63;0;0;0;0;50;CF;55;55;55;55;55;62D;169;3C6;3.3;23.7;265.5;14.4;5.5;76.6;0.5451;0.0008;0.0000;102.2500;
887.88;0;0;0;0;50;CF;55;55;55;55;55;630;169;3C6;3.3;23.9;265.0;14.4;5.5;76.6;0.5451;0.0008;0.0000;0.1500;
888.15;0;0;0;0;50;CF;55;55;55;55;55;62F;169;3C6;3.3;24.0;265.0;14.4;5.5;76.6;0.5451;0.0008;-0.0250;0.0000;
888.40;0;0;0;0;50;CF;55;55;55;55;55;62F;169;3C6;3.3;24.0;265.5;14.4;5.5;76.6;0.5451;0.0008;-0.0250;0.0000;
888.65;0;0;0;0;51;CF;55;55;55;55;55;630;169;3C6;3.2;24.2;265.0;14.4;5.5;76.6;0.5451;0.0016;0.0000;0.0750;
888.90;0;0;0;0;51;CF;55;55;55;55;55;62F;169;3C6;3.2;24.2;265.0;14.4;5.5;76.6;0.5451;0.0018;0.0250;0.0250;
889.15;0;0;0;0;51;CF;55;55;55;55;55;632;169;3C6;3.2;24.3;264.5;14.4;5.5;76.6;0.5451;0.0018;0.0000;0.0500;
889.40;0;0;0;0;51;CF;55;55;55;55;56;632;169;3C6;3.2;24.3;265.5;14.4;5.5;76.6;0.5451;0.0018;-0.0250;0.1000;
889.65;0;0;0;0;51;CF;55;55;55;55;56;62E;169;3C6;3.2;24.3;266.0;14.4;5.5;76.6;0.5451;0.0018;-0.0250;0.0750;
889.90;0;0;0;0;51;CF;55;55;55;55;55;632;169;3C6;3.2;24.3;264.5;14.4;5.5;76.6;0.5451;-0.0008;-0.0500;0.0500;
890.15;0;0;0;0;51;CF;55;55;55;56;56;633;169;3C6;3.2;24.2;265.0;14.4;5.5;76.6;0.5451;-0.0008;0.0250;102.3500;
890.40;0;0;0;0;51;CF;55;55;55;55;56;632;169;3C6;3.2;24.2;265.0;14.4;5.5;76.6;0.5451;-0.0007;0.0250;0.0500;
890.65;0;0;0;0;51;CF;55;55;55;55;56;634;169;3C6;3.2;24.0;265.0;14.4;5.5;76.6;0.5451;-0.0001;0.0000;0.0000;
890.90;0;0;0;0;51;CF;55;55;55;55;56;630;169;3C6;3.2;24.0;266.0;14.4;5.5;76.6;0.5451;0.0003;0.0000;102.3500;
891.15;0;0;0;0;51;CF;55;55;55;55;56;630;169;3C6;3.2;24.3;265.0;14.4;5.5;76.6;0.5451;0.0004;0.0000;0.0750;
891.40;0;0;0;0;51;CF;56;55;55;56;56;635;169;3C6;3.2;24.3;265.0;14.4;5.5;76.6;0.5451;0.0007;0.0000;0.0000;
891.65;0;0;0;0;52;CF;55;55;55;55;56;634;169;3C6;3.2;24.3;265.0;14.4;5.5;76.6;0.5451;0.0007;0.0500;0.1000;
891.90;0;0;0;0;52;CF;55;55;55;55;56;636;169;3C6;3.2;24.3;265.5;14.4;5.5;76.6;0.5451;0.0014;0.0250;0.0500;
892.15;0;0;0;0;52;CF;55;56;55;55;56;633;169;3C6;3.2;24.1;266.0;14.4;5.5;76.6;0.5451;0.0025;0.0000;0.0000;
892.40;0;0;0;0;52;CF;55;56;56;55;56;633;169;3C6;3.2;24.1;264.5;14.4;5.5;76.6;0.5451;0.0049;-0.0500;0.2250;
892.65;0;0;0;0;52;CF;56;55;56;56;56;633;169;3C6;3.2;24.1;264.5;14.4;5.5;76.6;0.5451;0.0049;-0.0250;0.1500;
892.90;0;0;0;0;52;CF;55;56;56;56;56;636;169;3C6;3.2;24.3;264.5;14.4;5.5;76.6;0.5451;0.0029;0.0250;0.1500;
893.16;0;0;0;0;52;CF;56;55;56;56;56;637;169;3C6;3.2;24.4;265.0;14.4;5.5;76.6;0.5451;-0.0021;0.0000;102.2750;
893.41;0;0;0;0;52;CF;55;56;56;56;56;636;169;3C6;3.2;24.4;265.0;14.4;5.5;76.6;0.5451;-0.0021;0.0250;102.3000;
893.66;0;0;0;0;52;CF;56;56;56;56;56;635;169;3C4;3.2;24.3;265.5;14.4;5.5;76.6;0.5451;-0.0021;0.0000;102.2750;
893.91;0;0;0;0;52;CF;56;56;56;56;56;639;169;3C4;3.2;24.3;265.5;14.4;5.5;76.6;0.5451;-0.0020;0.0000;102.2000;
894.16;0;0;0;0;52;CF;56;55;56;56;56;639;169;3C4;3.2;24.2;265.0;14.4;5.5;76.6;0.5451;-0.0008;0.0250;102.3250;
894.41;0;0;0;0;52;CF;56;56;56;56;56;63C;169;3C4;3.2;24.1;265.0;14.4;5.5;76.6;0.5451;-0.0008;0.0250;102.3000;
894.66;0;0;0;0;52;CF;56;56;56;56;56;63B;169;3C4;3.2;24.1;265.5;14.4;5.5;76.6;0.5451;-0.0009;0.0250;0.0000;
894.91;0;0;0;0;52;CF;56;56;56;56;56;639;169;3C4;3.2;24.3;265.0;14.4;5.5;76.6;0.5451;-0.0008;0.0250;102.3250;
895.16;0;0;0;0;53;CF;56;56;56;56;56;638;169;3C4;3.2;24.1;265.0;14.4;5.5;76.6;0.5412;0.0011;-0.0500;102.0750;
895.41;0;0;0;0;53;CF;56;56;56;56;56;639;169;3C4;3.2;24.1;264.0;14.4;5.5;76.6;0.5412;0.0022;0.0000;0.0750;
895.66;0;0;0;0;53;CF;56;56;56;56;56;63D;169;3C4;3.2;24.1;263.0;14.4;5.5;76.6;0.5412;0.0033;0.0000;0.1000;
895.91;0;0;0;0;53;CF;56;56;56;56;56;63B;169;3C4;3.2;24.1;263.0;14.4;5.5;76.7;0.5412;0.0034;0.0000;0.2000;
896.16;0;0;0;0;53;CF;56;56;56;56;56;63C;169;3C4;3.2;24.3;264.0;14.4;5.5;76.7;0.5412;0.0036;0.0000;0.2250;
896.41;0;0;0;0;53;CF;56;56;56;56;56;63C;169;3C4;3.2;24.3;263.5;14.4;5.5;76.7;0.5412;0.0036;-0.0250;0.0500;
896.66;0;0;0;0;53;CF;56;56;56;56;56;63B;169;3C4;3.2;24.4;263.5;14.4;5.5;76.7;0.5412;0.0036;0.0250;0.2000;
896.91;0;0;0;0;53;CF;56;56;56;56;56;63F;169;3C4;3.2;24.4;263.5;14.4;5.5;76.7;0.5373;0.0036;0.0000;0.1750;
897.16;0;0;0;0;53;CF;56;56;56;56;56;640;169;3C4;3.2;24.3;262.5;14.4;5.5;76.7;0.5373;0.0013;0.0000;0.0750;
897.41;0;0;0;0;53;CF;56;56;56;56;56;63E;169;3C4;3.2;24.3;262.0;14.4;5.5;76.7;0.5373;0.0011;0.0250;0.1750;
897.66;0;0;0;0;54;CF;56;56;56;56;56;63F;169;3C4;3.2;24.3;262.0;14.4;5.5;76.7;0.5373;0.0011;0.0000;0.0000;
897.91;0;0;0;0;54;CF;56;56;56;56;56;63D;169;3C4;3.2;24.5;262.5;14.4;5.5;76.7;0.5373;0.0011;0.0500;0.0000;
898.18;0;0;0;0;54;CF;56;56;56;56;56;63C;169;3C4;3.2;24.6;261.5;14.4;5.5;76.7;0.5373;-0.0003;0.0250;0.0750;
898.43;0;0;0;0;54;CF;56;56;56;56;56;640;169;3C4;3.2;24.6;260.5;14.4;5.5;76.7;0.5373;-0.0003;0.0250;102.3500;
898.68;0;0;0;0;54;CF;56;56;56;56;56;643;169;3C4;3.2;24.6;260.5;14.4;5.5;76.7;0.5373;0.0001;0.0000;0.0750;
898.93;0;0;0;0;54;CF;56;56;56;56;56;645;169;3C4;3.2;24.6;259.5;14.4;5.5;76.7;0.5333;0.0001;0.0500;0.0500;
899.18;0;0;0;0;54;CF;56;56;56;57;57;648;169;3C4;3.2;24.6;259.0;14.4;5.5;76.7;0.5333;-0.0014;0.0750;102.3250;
899.43;0;0;0;0;54;CF;56;57;57;57;57;64B;169;3C4;3.2;24.7;259.5;14.4;5.5;76.7;0.5333;-0.0014;0.1500;102.3000;
899.68;0;0;0;0;54;CF;57;57;57;57;57;64C;169;3C2;3.2;24.7;259.0;14.4;5.5;76.7;0.5333;-0.0014;0.1500;102.2750;
899.93;0;0;0;0;54;CF;57;57;57;57;57;652;169;3C2;3.2;24.7;258.0;14.4;5.5;76.7;0.5255;-0.0013;0.1500;102.3000;
900.18;0;0;0;0;54;CF;57;57;57;57;57;657;169;3C2;3.2;24.7;256.5;14.4;5.5;76.7;0.5216;-0.0011;0.2000;0.0000;
900.43;0;0;0;0;54;CF;57;58;58;57;58;65D;169;3C4;3.2;24.5;252.5;14.4;5.5;76.7;0.5137;-0.0013;0.2250;102.3750;
900.68;0;0;0;0;54;CF;58;58;58;58;58;65F;169;3C2;3.2;24.5;246.5;14.4;5.5;76.7;0.4863;-0.0011;0.2250;102.2750;
900.93;0;0;0;0;54;CF;58;58;58;58;58;661;169;3C2;3.2;24.5;220.0;14.4;5.5;76.7;0.4431;-0.0008;0.1500;102.2750;
901.18;0;0;0;0;55;CF;58;58;58;58;58;661;169;3C2;3.2;24.4;185.0;14.4;5.5;76.7;0.4039;-0.0014;0.2000;102.3000;
901.43;0;0;0;0;55;CF;58;58;58;58;58;661;169;3C2;3.2;24.4;148.0;14.4;5.5;76.7;0.3137;-0.0021;0.1000;102.1500;
901.68;0;0;0;0;55;CF;58;59;58;58;58;662;169;3C2;3.2;24.3;93.5;14.4;5.5;76.7;0.2627;-0.0021;0.0500;102.3000;
901.93;0;0;0;0;55;CF;58;58;58;58;58;662;169;3C2;3.2;24.3;77.0;14.4;5.5;76.7;0.2510;-0.0021;-0.0750;102.1750;
902.18;0;0;0;0;55;CF;58;58;58;58;58;65D;169;3C2;3.2;24.5;73.5;14.4;5.5;76.7;0.2471;-0.0009;-0.1500;102.2250;
902.43;0;0;0;0;55;CF;57;58;58;58;58;65C;169;3C2;3.2;24.5;71.5;14.4;5.5;76.7;0.2471;-0.0011;-0.1750;102.2500;
902.68;0;0;0;0;55;CF;57;58;57;57;58;657;169;3C2;3.2;24.5;73.5;14.4;5.5;76.7;0.2510;-0.0021;-0.2000;102.2500;
902.93;0;0;0;0;55;CF;57;57;57;57;58;656;169;3C2;3.3;24.8;74.5;14.4;5.5;76.7;0.2510;-0.0031;-0.1500;102.0500;
903.19;0;0;0;0;55;CF;57;57;57;57;57;655;169;3C2;3.3;24.9;74.5;14.4;5.5;76.7;0.2510;-0.0028;-0.1250;102.1250;
903.44;0;0;0;0;55;CF;57;57;57;57;57;651;169;3C2;3.3;24.9;74.5;14.4;5.5;76.7;0.2510;-0.0028;-0.1250;102.1250;
903.69;0;0;0;0;55;CF;57;57;57;57;57;657;169;3C2;3.4;24.9;74.5;14.4;5.5;76.7;0.2510;-0.0029;-0.0750;102.0750;
903.94;0;0;0;0;56;CF;57;57;57;57;57;655;169;3C2;3.4;24.9;74.5;14.4;5.5;76.7;0.2510;-0.0029;-0.0750;102.0250;
904.19;0;0;0;0;56;CF;57;57;57;57;57;650;169;3C2;3.5;25.0;75.5;14.4;5.5;76.7;0.2510;-0.0029;0.0000;102.0750;
904.44;0;0;0;0;56;CF;57;57;57;57;57;654;169;3C2;3.5;25.0;75.5;14.4;5.5;76.7;0.2510;-0.0029;0.0000;102.1500;
904.69;0;0;0;0;56;CF;57;57;57;57;57;655;169;3C2;3.5;25.2;76.5;14.4;5.5;76.7;0.2510;-0.0026;0.0000;102.0750;
904.94;0;0;0;0;56;CF;57;57;57;57;57;656;169;3C2;3.5;25.2;76.5;14.4;5.5;76.7;0.2510;-0.0028;0.0000;102.2000;
905.19;0;0;0;0;56;CF;57;57;57;57;58;656;169;3C2;3.6;25.3;76.0;14.4;5.5;76.7;0.2510;-0.0033;0.0750;102.1250;
905.44;0;0;0;0;56;CF;57;57;57;57;58;65A;169;3C2;3.6;25.5;76.0;14.4;5.5;76.7;0.2549;-0.0029;0.0500;101.9250;
905.69;0;0;0;0;56;CF;57;58;58;58;58;65A;169;3C2;3.6;25.5;77.5;14.4;5.5;76.7;0.2549;-0.0020;0.0750;102.2000;
905.94;0;0;0;0;56;CF;58;58;58;58;58;65D;169;3C2;3.7;25.6;76.5;14.4;5.5;76.7;0.2549;-0.0016;0.0500;102.0750;
906.19;0;0;0;0;56;CF;58;58;58;58;58;660;169;3C2;3.7;25.6;77.0;14.4;5.5;76.7;0.2549;-0.0014;0.1000;102.2000;
906.44;0;0;0;0;56;CF;58;58;58;58;58;666;169;3C2;3.7;25.6;76.5;14.4;5.5;76.7;0.2549;-0.0014;0.1500;102.1750;
906.69;0;0;0;0;56;CF;58;58;58;58;59;669;169;3C2;3.8;25.7;77.0;14.4;5.5;76.7;0.2549;-0.0014;0.2000;102.2250;
906.94;0;0;0;0;56;CF;59;58;58;59;59;66D;169;3C2;3.8;25.6;77.5;14.4;5.5;76.7;0.2549;-0.0007;0.2000;102.2750;
907.19;0;0;0;0;56;CF;59;59;59;59;59;66F;169;3C2;3.8;25.6;78.0;14.4;5.5;76.7;0.2510;0.0092;0.2000;0.1500;
907.44;0;0;0;0;56;CF;59;59;59;59;59;675;169;3C2;3.7;25.8;78.0;14.4;5.5;76.7;0.2549;0.0075;0.2500;0.5750;
907.69;0;0;0;0;56;CF;59;5A;59;59;5A;678;169;3C2;3.7;25.8;78.0;14.4;5.5;76.7;0.2549;0.0036;0.2250;0.2000;
907.94;0;0;0;0;56;CF;59;5A;5A;5A;5A;67F;169;3C2;3.7;26.6;77.5;14.4;5.5;76.7;0.2549;-0.0011;0.2250;102.2250;
908.21;0;0;0;0;56;CF;5A;5A;5A;5A;5A;682;169;3C2;3.7;26.6;77.5;14.4;5.5;76.7;0.2549;-0.0016;0.2500;102.2000;
908.46;0;0;0;0;56;CF;5A;5A;5A;5A;5A;687;169;3C2;3.7;26.6;77.0;14.4;5.5;76.7;0.2510;-0.0016;0.2250;102.2250;
908.71;0;0;0;0;56;CF;5A;5A;5A;5A;5A;68C;169;3C2;3.7;26.6;75.5;14.4;5.5;76.7;0.2510;-0.0020;0.2000;102.3000;
908.96;0;0;0;0;57;CF;5B;5A;5A;5A;5B;691;169;3C2;3.6;26.4;73.5;14.4;5.5;76.7;0.2510;-0.0022;0.2500;102.2250;
909.21;0;0;0;0;57;CF;5B;5B;5B;5B;5B;693;169;3C2;3.6;26.7;73.5;14.4;5.5;76.7;0.2510;-0.0022;0.1750;102.0750;
909.46;0;0;0;0;57;CF;5B;5B;5B;5B;5B;699;169;3C2;3.6;26.7;74.0;14.4;5.5;76.7;0.2510;-0.0022;0.2000;102.1500;
909.71;0;0;0;0;57;CF;5B;5B;5B;5B;5B;697;169;3C2;3.5;26.6;75.5;14.4;5.5;76.7;0.2510;-0.0025;0.1750;102.1250;
909.96;0;0;0;0;57;CF;5B;5B;5B;5B;5B;69C;169;3C2;3.5;26.5;75.5;14.4;5.5;76.7;0.2510;-0.0021;0.1250;102.1500;
910.21;0;0;0;0;57;CF;5B;5B;5B;5B;5B;69E;169;3C2;3.5;26.5;74.5;14.4;5.5;76.7;0.2510;-0.0016;0.1250;102.0750;
910.46;0;0;0;0;57;CF;5B;5B;5B;5B;5C;6A3;169;3C2;3.5;26.6;75.0;14.4;5.5;76.7;0.2510;-0.0013;0.1250;102.2000;
910.71;0;0;0;0;57;CF;5B;5B;5B;5B;5C;6A2;169;3C2;3.5;26.6;74.5;14.4;5.5;76.7;0.2510;-0.0011;0.0750;102.1500;
910.96;0;0;0;0;57;CF;5B;5B;5C;5C;5C;6A4;169;3C2;3.4;26.6;75.5;14.4;5.5;76.7;0.2510;-0.0008;0.0500;102.1500;
911.21;0;0;0;0;57;CF;5C;5B;5C;5C;5C;6A5;169;3C2;3.4;26.5;75.5;14.4;5.5;76.7;0.2510;-0.0008;0.0750;102.2250;
911.46;0;0;0;0;57;CF;5B;5C;5B;5C;5C;6A6;169;3C2;3.4;26.5;75.5;14.4;5.5;76.7;0.2510;-0.0003;0.0250;102.3500;
911.71;0;0;0;0;57;CF;5C;5C;5C;5C;5C;6A8;167;3C2;3.4;26.5;75.0;14.4;5.5;76.7;0.2510;0.0013;0.0000;102.2750;
911.96;0;0;0;0;57;CF;5C;5C;5C;5C;5C;6AA;167;3C2;3.4;26.1;75.0;14.4;5.5;76.7;0.2510;0.0072;0.0500;0.0000;
912.21;0;0;0;0;57;CF;5B;5C;5C;5C;5C;6A6;167;3C2;3.4;26.1;76.0;14.4;5.5;76.7;0.2549;0.0104;0.0000;0.4750;
912.46;0;0;0;0;57;CF;5B;5B;5C;5C;5C;6A7;167;3C2;3.4;26.1;76.5;14.4;5.5;76.7;0.2549;0.0135;-0.0500;0.6000;
912.71;0;0;0;0;57;CF;5B;5B;5B;5C;5C;6A4;167;3C2;3.4;26.1;77.0;14.4;5.5;76.7;0.2549;0.0170;-0.1250;1.1500;
912.96;0;0;0;0;57;CF;5B;5C;5B;5B;5C;6A2;167;3C2;3.4;27.3;77.5;14.4;5.5;76.7;0.2549;0.0260;-0.1250;1.5000;
913.22;0;0;0;0;57;CF;5B;5C;5B;5B;5B;69C;167;3C2;3.4;27.3;76.5;14.4;5.5;76.7;0.2549;0.0262;-0.1500;1.6750;
913.47;0;0;0;0;57;CF;5B;5B;5B;5B;5B;69C;167;3C2;3.3;27.9;78.0;14.4;5.5;76.7;0.2588;0.0272;-0.1500;1.8750;
913.72;0;0;0;0;57;CF;5A;5B;5B;5B;5B;696;167;3C2;3.3;27.9;79.5;14.4;5.5;76.7;0.2588;0.0282;-0.1750;1.9750;
913.97;0;0;0;0;57;CF;5A;5B;5A;5B;5B;693;167;3C2;3.3;29.0;79.5;14.4;5.5;76.7;0.2627;0.0288;-0.1500;2.1000;
914.22;0;0;0;0;57;CF;5A;5B;5A;5B;5B;68E;167;3C2;3.3;30.4;80.0;14.4;5.5;76.7;0.2588;0.0288;-0.2000;1.9250;
914.47;0;0;0;0;57;CF;5A;5B;5A;5B;5B;68F;167;3C2;3.3;30.4;80.0;14.4;5.5;76.7;0.2667;0.0288;-0.2250;2.0750;
914.72;0;0;0;0;57;CF;5A;5A;5A;5A;5A;686;167;3C2;3.3;31.2;84.5;14.4;5.5;76.7;0.2667;0.0288;-0.2750;1.9500;
914.97;0;0;0;0;57;CF;59;5A;5A;5A;5A;686;167;3C2;3.3;32.3;85.5;14.4;5.5;76.7;0.2667;0.0288;-0.2750;1.8500;
915.22;0;0;0;0;57;CF;59;5A;59;5A;5A;67F;167;3C2;3.3;32.3;92.0;14.4;5.5;76.7;0.3059;0.0298;-0.3250;2.0250;
915.47;0;0;0;0;57;CF;59;5A;59;5A;5A;681;167;3C2;3.3;33.5;115.5;14.4;5.5;76.7;0.3529;0.0328;-0.2750;2.3250;
915.72;0;0;0;0;57;CF;59;59;59;5A;59;67A;167;3C2;3.3;33.5;141.5;14.4;5.5;76.7;0.3686;0.0328;-0.2750;2.3750;
915.97;0;0;0;0;57;CF;59;59;59;59;59;678;167;3C2;3.3;34.6;155.5;14.4;5.5;76.7;0.3922;0.0313;-0.2000;2.2500;
916.22;0;0;0;0;57;CF;59;5A;59;59;59;67A;167;3C2;3.2;35.7;178.0;14.4;5.5;76.7;0.4157;0.0301;-0.1000;2.1500;
916.47;0;0;0;0;57;CF;59;5A;59;59;59;678;167;3C2;3.2;35.7;192.5;14.4;5.5;76.7;0.4275;0.0296;-0.0500;1.8750;
916.72;0;0;0;0;57;CF;59;59;59;5A;59;67A;167;3C2;3.2;35.7;199.5;14.4;5.5;76.7;0.4353;0.0296;0.0250;1.7750;
916.97;0;0;0;0;57;CF;59;59;59;59;59;678;167;3C2;3.2;36.3;203.0;14.4;5.5;76.7;0.4471;0.0308;0.0250;1.9750;
917.22;0;0;0;0;57;CF;59;5A;59;59;59;679;167;3C2;3.2;36.2;213.5;14.4;5.5;76.7;0.4627;0.0314;0.0250;2.0000;
917.47;0;0;0;0;57;CF;59;5A;59;5A;59;678;167;3C2;3.2;36.2;223.0;14.4;5.5;76.7;0.4745;0.0338;-0.0500;2.2750;
917.72;0;0;0;0;57;CF;59;59;59;5A;59;676;167;3C2;3.2;36.5;230.5;14.4;5.5;76.7;0.4824;0.0339;0.0250;2.4000;
917.97;0;0;0;0;57;CF;59;5A;59;5A;5A;67F;167;3C2;3.2;36.5;236.5;14.4;5.5;76.7;0.4941;0.0330;0.0750;2.1500;
918.24;0;0;0;0;58;CF;59;5A;59;5A;5A;67F;167;3C2;3.2;36.5;245.5;14.4;5.5;76.7;0.5059;0.0326;0.1000;2.3000;
918.49;0;0;0;0;58;CF;59;5A;59;5A;5A;681;167;3C2;3.2;36.4;247.5;14.4;5.5;76.7;0.5098;0.0323;0.1500;2.2500;
918.74;0;0;0;0;58;CF;5A;5A;5A;5A;5A;685;167;3C2;3.2;36.4;250.5;14.4;5.5;76.7;0.5176;0.0320;0.1500;2.4000;
918.99;0;0;0;0;58;CF;5A;5A;5A;5A;5A;689;167;3C2;3.2;36.4;250.5;14.4;5.5;76.7;0.5176;0.0309;0.1250;2.0500;
919.24;0;0;0;0;58;CF;5A;5A;5A;5A;5A;68C;167;3C2;3.2;36.0;251.0;14.4;5.5;76.7;0.5176;0.0314;0.1250;2.0750;
919.49;0;0;0;0;58;CF;5A;5B;5A;5A;5B;68C;167;3C2;3.2;36.0;251.0;14.4;5.5;76.7;0.5137;0.0333;0.1500;2.3500;
919.74;0;0;0;0;58;CF;5A;5B;5A;5B;5B;690;167;3C2;3.2;35.8;251.0;14.4;5.5;76.7;0.5176;0.0330;0.1250;2.3250;
919.99;0;0;0;0;58;CF;5A;5B;5A;5B;5B;692;167;3C2;3.2;35.8;250.5;14.4;5.5;76.7;0.5176;0.0312;0.1250;2.2500;
920.24;0;0;0;0;58;CF;5A;5B;5A;5B;5B;697;167;3C2;3.2;35.8;250.0;14.4;5.5;76.7;0.5176;0.0290;0.1500;2.0250;
920.49;0;0;0;0;58;CF;5A;5B;5A;5B;5B;694;167;3C2;3.2;35.3;250.5;14.4;5.5;76.7;0.5176;0.0273;0.0750;1.6500;
920.74;0;0;0;0;58;CF;5A;5B;5B;5B;5B;697;167;3C2;3.2;35.3;250.0;14.4;5.5;76.7;0.5137;0.0242;0.0500;1.6250;
920.99;0;0;0;0;58;CF;5B;5B;5B;5B;5B;699;167;3C2;3.2;35.1;249.0;14.4;5.5;76.7;0.5137;0.0118;0.0500;0.9250;
921.24;0;0;0;0;58;CF;5B;5B;5B;5B;5B;69C;167;3C2;3.2;35.1;247.5;14.4;5.5;76.7;0.5098;0.0079;0.0250;0.3500;
921.49;0;0;0;0;58;CF;5B;5B;5B;5B;5B;69E;167;3C2;3.2;34.7;247.5;14.4;5.5;76.7;0.5098;0.0034;0.0250;0.0000;
921.74;0;0;0;0;58;CF;5B;5B;5B;5B;5B;69E;167;3C2;3.2;34.7;246.0;14.4;5.5;76.7;0.5059;0.0000;0.0750;102.2000;
921.99;0;0;0;0;58;CF;5B;5B;5B;5B;5B;69D;167;3C2;3.2;33.2;246.5;14.4;5.5;76.7;0.5020;-0.0067;0.0250;101.9750;
922.24;0;0;0;0;58;CF;5B;5B;5B;5B;5B;69C;167;3C2;3.2;32.1;243.0;14.4;5.5;76.7;0.4980;-0.0127;0.0000;101.6750;
922.49;0;0;0;0;58;CF;5C;5B;5B;5B;5B;6A0;167;3C2;3.2;32.1;240.5;14.4;5.5;76.7;0.4941;-0.0172;0.0000;101.2250;
922.74;0;0;0;0;58;CF;5C;5B;5B;5B;5B;69C;167;3C2;3.2;30.8;237.0;14.4;5.5;76.7;0.4863;-0.0211;0.0250;100.7500;
922.99;0;0;0;0;58;CF;5C;5B;5B;5B;5B;69E;167;3C2;3.2;28.9;235.0;14.4;5.5;76.7;0.4824;-0.0280;-0.0500;100.2750;
923.25;0;0;0;0;58;CF;5B;5B;5B;5B;5B;69C;167;3C2;3.2;28.9;231.5;14.4;5.5;76.7;0.4824;-0.0298;0.0000;100.3000;
923.50;0;0;0;0;58;CF;5B;5B;5B;5B;5B;69A;167;3C2;3.2;27.5;229.0;14.4;5.5;76.7;0.4784;-0.0307;-0.0250;100.1000;
923.75;0;0;0;0;58;CF;5B;5B;5C;5B;5B;69C;167;3C2;3.2;25.8;225.5;14.4;5.5;76.7;0.4706;-0.0307;0.0000;100.1250;
924.00;0;0;0;0;58;CF;5B;5B;5B;5B;5B;69F;167;3C2;3.2;25.8;220.5;14.4;5.5;76.7;0.4667;-0.0304;-0.0500;100.2750;
924.25;0;0;0;0;58;CF;5B;5B;5B;5B;5B;6A0;167;3C2;3.2;23.7;217.5;14.4;5.5;76.7;0.4627;-0.0307;-0.0500;100.0500;
924.50;0;0;0;0;58;CF;5B;5B;5B;5B;5B;69B;167;3C2;3.2;23.7;217.0;14.4;5.5;76.7;0.4588;-0.0313;-0.0500;99.9250;
924.75;0;0;0;0;59;CF;5B;5B;5B;5B;5B;69B;167;3C2;3.2;22.3;215.5;14.4;5.5;76.7;0.4588;-0.0321;-0.0500;100.0250;
925.00;0;0;0;0;59;CF;5B;5B;5B;5B;5B;697;167;3C2;3.2;22.3;213.0;14.4;5.5;76.7;0.4549;-0.0334;-0.1000;100.0000;
925.25;0;0;0;0;59;CF;5B;5A;5B;5B;5B;698;167;3C2;3.2;21.0;212.5;14.4;5.5;76.7;0.4549;-0.0336;-0.1500;99.6500;
925.50;0;0;0;0;59;CF;5B;5A;5B;5A;5B;694;167;3C2;3.2;21.0;211.5;14.4;5.5;76.7;0.4510;-0.0338;-0.1250;99.6750;
925.75;0;0;0;0;59;CF;5B;5A;5B;5A;5B;693;167;3C2;3.2;19.5;211.0;14.4;5.5;76.7;0.4510;-0.0341;-0.1250;99.8000;
926.00;0;0;0;0;59;CF;5B;5A;5A;5A;5B;68D;167;3C2;3.2;18.9;210.5;14.4;5.5;76.7;0.4510;-0.0338;-0.1250;99.9250;
926.25;0;0;0;0;59;CF;5B;5A;5B;5A;5B;68E;167;3C2;3.2;18.9;210.5;14.4;5.5;76.7;0.4510;-0.0328;-0.1500;99.9750;
926.50;0;0;0;0;59;CF;5A;5A;5A;5A;5A;68D;167;3C2;3.2;18.2;211.0;14.4;5.5;76.7;0.4510;-0.0288;-0.1500;100.2500;
926.75;0;0;0;0;59;CF;5B;5A;5A;5A;5A;68B;167;3C2;3.2;17.5;211.0;14.4;5.5;76.7;0.4510;-0.0286;-0.1000;100.3500;
927.00;0;0;0;0;59;CF;5A;59;5A;59;5A;684;167;3C2;3.2;17.5;211.0;14.4;5.5;76.7;0.4510;-0.0286;-0.2000;100.3500;
927.25;0;0;0;0;59;CF;5A;59;5A;59;5A;681;167;3C2;3.2;18.0;209.5;14.4;5.5;76.7;0.4471;-0.0280;-0.2250;100.5250;
927.50;0;0;0;0;59;CF;5A;59;59;59;59;67D;167;3C2;3.2;18.0;209.0;14.4;5.5;76.7;0.4471;-0.0277;-0.1750;100.7750;
927.75;0;0;0;0;59;CF;5A;59;59;59;5A;674;167;3C2;3.2;17.8;192.0;14.4;5.5;76.7;0.4078;-0.0247;-0.2000;100.4000;
928.00;0;0;0;0;59;CF;59;59;59;59;59;674;167;3C2;3.2;17.7;173.5;14.4;5.5;76.7;0.3922;-0.0234;-0.1750;100.5750;
928.28;0;0;0;0;59;CF;59;59;59;59;59;66B;167;3C2;3.2;17.7;135.5;14.4;5.5;76.7;0.3059;-0.0230;-0.2000;100.9750;
928.53;0;0;0;0;59;CF;59;58;58;58;59;666;167;3C2;3.2;18.2;85.0;14.4;5.5;76.7;0.2667;-0.0230;-0.4000;100.9250;
928.78;0;0;0;0;59;CF;58;57;58;58;58;65E;167;3C2;3.2;18.6;86.0;14.4;5.5;76.7;0.2667;-0.0238;-0.4500;100.7250;
929.03;0;0;0;0;59;CF;57;57;57;57;58;654;167;3C2;3.2;18.6;85.5;14.4;5.5;76.7;0.2667;-0.0241;-0.5250;100.7250;
929.28;0;0;0;0;59;CF;57;57;57;57;57;64B;167;3C2;3.2;18.6;86.0;14.4;5.5;76.7;0.2667;-0.0238;-0.5750;100.7250;
929.53;0;0;0;0;59;CF;56;56;56;56;57;641;167;3C2;3.2;18.6;86.5;14.4;5.5;76.7;0.2667;-0.0237;-0.5500;100.8500;
929.78;0;0;0;0;59;CF;56;56;56;56;56;63C;167;3C2;3.2;19.2;87.0;14.4;5.5;76.7;0.2667;-0.0232;-0.5250;101.0000;
930.03;0;0;0;0;59;CF;56;55;56;55;56;633;167;3C2;3.2;19.2;88.0;14.4;5.5;76.7;0.2706;-0.0228;-0.5750;100.9500;
930.28;0;0;0;0;59;CF;55;55;55;55;55;628;167;3C2;3.2;19.8;89.5;14.4;5.5;76.7;0.2706;-0.0238;-0.6000;101.0500;
930.53;0;0;0;0;59;CF;54;54;54;54;55;61C;167;3C2;3.2;19.8;89.5;14.4;5.5;76.7;0.2706;-0.0246;-0.5500;101.0000;
930.78;0;0;0;0;59;CF;54;54;54;54;54;617;167;3C0;3.2;19.9;89.0;14.4;5.5;76.7;0.2706;-0.0275;-0.5500;100.6500;
931.03;0;0;0;0;59;CF;53;53;53;53;54;60C;167;3C0;3.2;20.4;88.5;14.4;5.5;76.7;0.2667;-0.0295;-0.6750;100.6750;
931.28;0;0;0;0;59;CF;53;53;53;52;53;600;167;3C0;3.2;20.4;88.0;14.4;5.5;76.7;0.2667;-0.0298;-0.6000;100.4000;
931.53;0;0;0;0;59;CF;52;52;52;52;52;5F5;167;3C0;3.2;20.2;87.5;14.4;5.5;76.7;0.2667;-0.0295;-0.5750;100.6250;
931.78;0;0;0;0;59;CF;52;52;52;51;52;5EF;167;3C0;3.2;20.3;87.5;14.4;5.5;76.7;0.2667;-0.0267;-0.5750;100.6250;
932.03;0;0;0;0;59;CF;51;51;51;51;52;5E7;167;3C0;3.2;20.3;87.5;14.4;5.5;76.7;0.2667;-0.0241;-0.5000;100.8500;
932.28;0;0;0;0;59;CF;52;51;51;51;51;5E1;167;3C0;3.2;20.8;87.0;14.4;5.5;76.7;0.2667;-0.0238;-0.4250;100.9000;
932.53;0;0;0;0;59;CF;51;50;51;51;51;5DA;167;3C0;3.2;20.8;88.0;14.4;5.5;76.7;0.2667;-0.0202;-0.4750;101.2250;
932.78;0;0;0;0;59;CF;51;50;50;50;51;5D4;167;3C0;3.2;20.9;88.0;14.4;5.5;76.7;0.2667;-0.0199;-0.4250;101.2000;
933.03;0;0;0;0;59;CF;50;50;50;50;50;5CE;167;3C0;3.2;20.7;87.5;14.4;5.5;76.7;0.2706;-0.0212;-0.3750;101.2000;
933.29;0;0;0;0;59;CF;50;50;50;50;50;5CC;167;3C0;3.2;20.7;88.0;14.4;5.5;76.7;0.2667;-0.0237;-0.2750;100.8750;
933.54;0;0;0;0;59;CF;50;50;50;4F;50;5C4;167;3C0;3.2;21.0;89.5;14.4;5.5;76.7;0.2706;-0.0238;-0.2500;100.9750;
933.79;0;0;0;0;59;CF;50;4F;50;4F;50;5C7;167;3C0;3.2;21.0;89.5;14.4;5.5;76.7;0.2706;-0.0232;-0.2000;100.9500;
934.04;0;0;0;0;5A;CF;50;4F;4F;4F;50;5C0;167;3C0;3.2;21.0;90.0;14.4;5.5;76.7;0.2667;-0.0219;-0.1750;101.0750;
934.29;0;0;0;0;5A;CF;50;4F;4F;4F;4F;5C4;167;3C0;3.2;21.0;89.0;14.4;5.5;76.7;0.2706;-0.0199;-0.1250;101.3000;
934.54;0;0;0;0;5A;CF;4F;4F;4F;4F;4F;5C1;165;3C0;3.2;20.8;90.0;14.4;5.5;76.7;0.2706;-0.0170;-0.1000;101.5750;
934.79;0;0;0;0;5A;CF;4F;4F;4F;4F;4F;5C1;165;3C0;3.2;21.2;89.5;14.4;5.5;76.7;0.2706;-0.0107;-0.1000;101.6750;
935.04;0;0;0;0;5A;CF;4F;4F;4F;4F;4F;5C5;165;3C0;3.2;21.2;90.0;14.4;5.5;76.7;0.2706;-0.0066;-0.0250;102.0250;
935.29;0;0;0;0;5A;CF;50;4F;4F;4F;50;5C4;165;3C0;3.3;21.5;90.5;14.4;5.5;76.7;0.2745;-0.0056;0.0750;102.1750;
935.54;0;0;0;0;5A;CF;4F;4F;50;4F;50;5CA;165;3C0;3.3;22.1;90.5;14.4;5.5;76.7;0.2745;-0.0041;0.1250;102.1250;
935.79;0;0;0;0;5A;CF;50;50;50;50;50;5CB;165;3C0;3.3;22.1;92.0;14.4;5.5;76.7;0.2745;-0.0031;0.1750;102.1500;
936.04;0;0;0;0;5A;CF;50;50;50;50;50;5D3;165;3C0;3.4;22.8;94.0;14.4;5.5;76.7;0.2824;-0.0022;0.2000;102.1750;
936.29;0;0;0;0;5A;CF;50;50;50;50;51;5D6;165;3C0;3.4;22.8;96.0;14.4;5.5;76.7;0.2824;-0.0041;0.3250;102.1750;
936.54;0;0;0;0;5A;CF;51;51;50;51;51;5D9;165;3C0;3.4;23.2;96.5;14.4;5.5;76.7;0.2824;-0.0036;0.3250;102.1750;
936.79;0;0;0;0;5A;CF;51;51;51;51;51;5DF;165;3C0;3.5;23.5;96.5;14.4;5.5;76.7;0.2824;-0.0038;0.2750;102.1500;
937.04;0;0;0;0;5A;CF;51;51;51;51;51;5EA;165;3C0;3.5;23.5;94.0;14.4;5.5;76.7;0.2784;-0.0036;0.3500;102.0250;
937.29;0;0;0;0;5A;CF;52;52;52;52;52;5F1;165;3C0;3.5;23.9;93.0;14.4;5.5;76.7;0.2784;-0.0025;0.4000;102.0500;
937.54;0;0;0;0;5A;CF;52;52;52;52;52;5FB;165;3C0;3.5;23.9;93.5;14.4;5.5;76.7;0.2745;-0.0009;0.4000;102.2750;
937.79;0;0;0;0;5A;CF;53;53;53;53;53;5FE;165;3C0;3.5;24.3;92.0;14.4;5.5;76.7;0.2745;0.0007;0.4500;102.3500;
938.04;0;0;0;0;5A;CF;53;53;53;53;53;607;165;3C0;3.5;24.3;91.5;14.4;5.5;76.7;0.2745;0.0003;0.4750;102.3750;
938.30;0;0;0;0;5A;CF;53;54;53;53;54;60E;165;3C0;3.6;24.9;90.0;14.4;5.5;76.7;0.2745;0.0001;0.3500;0.0000;
938.55;0;0;0;0;5A;CF;54;54;54;54;54;618;165;3C0;3.6;25.5;90.0;14.4;5.5;76.7;0.2745;0.0001;0.3500;102.3500;
938.80;0;0;0;0;5A;CF;54;54;54;54;54;61A;165;3C0;3.6;25.5;89.0;14.4;5.5;76.7;0.2706;0.0001;0.3750;102.3750;
939.05;0;0;0;0;5A;CF;55;55;54;55;55;624;165;3C0;3.6;25.8;89.5;14.4;5.5;76.7;0.2745;0.0001;0.4750;0.0000;
939.30;0;0;0;0;5A;CF;55;55;55;55;55;62C;165;3C0;3.6;25.8;89.0;14.4;5.5;76.7;0.2745;0.0003;0.3750;102.2750;
939.55;0;0;0;0;5A;CF;55;56;55;55;56;634;165;3C0;3.6;26.0;89.0;14.4;5.5;76.7;0.2745;0.0001;0.3750;102.2250;
939.80;0;0;0;0;5A;CF;56;56;56;56;56;63A;165;3C0;3.6;26.1;89.5;14.4;5.5;76.7;0.2745;-0.0004;0.4000;102.3750;
940.05;0;0;0;0;5A;CF;56;57;56;56;56;641;165;3C0;3.6;26.1;91.0;14.4;5.5;76.7;0.2745;-0.0008;0.4500;102.2250;
940.30;0;0;0;0;5A;CF;56;57;56;56;57;646;165;3C0;3.5;26.2;90.5;14.4;5.5;76.7;0.2745;-0.0020;0.3750;102.1500;
940.55;0;0;0;0;5A;CF;57;57;57;57;57;64E;165;3C0;3.5;26.2;90.0;14.4;5.5;76.7;0.2745;-0.0013;0.3500;102.1500;
940.80;0;0;0;0;5A;CF;57;57;57;57;57;653;165;3C0;3.5;26.2;90.5;14.4;5.5;76.7;0.2745;-0.0009;0.3750;102.3000;
941.05;0;0;0;0;5A;CF;57;57;57;57;58;65B;165;3C0;3.4;26.3;90.5;14.4;5.5;76.7;0.2745;-0.0016;0.3750;102.2000;
941.30;0;0;0;0;5A;CF;58;58;58;58;58;65D;165;3C0;3.4;26.3;91.5;14.4;5.5;76.7;0.2784;-0.0021;0.2750;102.2500;
941.55;0;0;0;0;5A;CF;58;58;58;58;58;661;165;3C0;3.4;26.4;91.5;14.4;5.5;76.7;0.2745;-0.0021;0.2000;102.2500;
941.80;0;0;0;0;5A;CF;58;58;58;58;58;664;165;3C0;3.4;26.4;90.5;14.4;5.5;76.7;0.2745;-0.0021;0.1750;102.1250;
942.05;0;0;0;0;5A;CF;58;58;58;58;58;668;165;3C0;3.4;26.5;91.0;14.4;5.5;76.7;0.2745;-0.0021;0.2000;102.0750;
942.30;0;0;0;0;5A;CF;58;58;58;59;59;669;165;3C0;3.4;26.5;91.0;14.4;5.5;76.7;0.2745;-0.0021;0.1750;102.1750;
942.55;0;0;0;0;5A;CF;59;59;59;59;59;66C;165;3C0;3.4;26.3;87.5;14.4;5.5;76.7;0.2235;-0.0025;0.1750;102.1250;
942.80;0;0;0;0;5A;CF;59;58;58;58;59;660;165;3C0;3.3;26.2;-15.0;14.4;5.5;76.7;0.0000;-0.0025;0.0250;102.1250;
943.05;0;0;0;0;5A;CF;58;58;58;58;59;665;165;3C0;3.3;26.2;-29.5;14.4;5.5;76.7;0.0000;-0.0025;-0.1000;102.2250;
943.32;0;0;0;0;5A;CF;58;58;58;58;58;65D;165;3C0;3.3;26.2;-35.0;14.4;5.5;76.7;0.0000;-0.0025;-0.2000;102.2000;
943.57;0;0;0;0;5A;CF;58;58;58;58;58;658;165;3C0;3.3;26.4;-34.5;14.4;5.5;76.7;0.0000;-0.0020;-0.3500;102.1250;
943.82;0;0;0;0;5A;CF;57;57;57;57;58;655;165;3C0;3.3;26.4;-35.0;14.4;5.5;76.7;0.0000;-0.0016;-0.3750;102.1500;
944.07;0;0;0;0;5A;CF;57;57;57;57;57;64F;165;3C0;3.4;26.5;-35.0;14.4;5.5;76.7;0.0000;-0.0016;-0.3750;102.2750;
944.32;0;0;0;0;5A;CF;57;57;56;57;57;647;165;3C0;3.4;26.5;-35.0;14.4;5.5;76.7;0.0000;-0.0014;-0.3750;102.0250;
944.57;0;0;0;0;5A;CF;56;57;56;56;57;644;165;3C0;3.4;26.8;-34.5;14.4;5.5;76.7;0.0000;-0.0009;-0.3750;101.9750;
944.82;0;0;0;0;5A;CF;56;56;56;56;56;63C;165;3C0;3.4;27.0;-34.5;14.4;5.5;76.7;0.0000;0.0001;-0.4000;102.0500;
945.07;0;0;0;0;5A;CF;56;56;56;56;56;638;165;3C0;3.4;27.0;-34.5;14.4;5.5;76.7;0.0000;0.0004;-0.4000;101.9750;
945.32;0;0;0;0;5A;CF;55;56;55;56;56;633;165;3C0;3.4;27.1;-34.5;14.4;5.5;76.7;0.0000;0.0004;-0.3250;102.0000;
945.57;0;0;0;0;5A;CF;55;55;55;55;56;62F;165;3C0;3.5;27.3;-34.5;14.4;5.5;76.7;0.0000;0.0025;-0.3500;102.2500;
945.82;0;0;0;0;5A;CF;55;55;55;55;55;628;165;3C0;3.5;27.3;-34.5;14.4;5.5;76.7;0.0000;0.0028;-0.3250;102.1750;
946.07;0;0;0;0;5A;CF;55;55;55;55;55;621;165;3C0;3.5;27.3;-34.5;14.4;5.5;76.7;0.0000;0.0025;-0.3750;102.2750;
946.32;0;0;0;0;5A;CF;55;54;54;54;55;61C;165;3C0;3.5;27.6;-34.5;14.4;5.5;76.7;0.0000;0.0025;-0.3750;102.1250;
946.57;0;0;0;0;5A;CF;54;54;54;54;54;619;165;3C0;3.6;27.9;-34.5;14.4;5.5;76.7;0.0000;0.0025;-0.3250;102.1500;
946.82;0;0;0;0;5A;CF;54;54;54;54;54;614;165;3C0;3.6;27.9;-34.0;14.4;5.5;76.7;0.0000;0.0022;-0.3500;102.0500;
947.07;0;0;0;0;5A;CF;53;54;53;54;54;60F;165;3C0;3.6;28.1;-34.0;14.4;5.5;76.7;0.0000;0.0000;-0.3250;102.1250;
947.32;0;0;0;0;5A;CF;53;53;53;53;53;609;165;3C0;3.6;28.1;-34.0;14.4;5.5;76.7;0.0000;-0.0013;-0.3500;101.9250;
947.57;0;0;0;0;5A;CF;53;53;53;53;53;603;165;3C0;3.7;28.2;-34.0;14.4;5.5;76.7;0.0000;-0.0018;-0.3750;102.1500;
947.82;0;0;0;0;5A;CF;53;52;52;52;53;5FF;165;3C0;3.6;28.2;-34.0;14.4;5.5;76.7;0.0000;-0.0014;-0.3500;102.0000;
948.07;0;0;0;0;5A;CF;52;52;52;52;53;5F9;165;3C0;3.6;28.2;-34.0;14.4;5.5;76.7;0.0000;-0.0014;-0.3500;102.2000;
948.33;0;0;0;0;59;CF;52;52;52;52;52;5F1;165;3C0;3.6;28.0;-33.5;14.4;5.5;76.7;0.0000;-0.0014;-0.3750;101.9750;
948.58;0;0;0;0;59;CF;52;52;52;52;52;5EE;165;3C0;3.6;28.0;-33.5;14.4;5.5;76.7;0.0000;-0.0020;-0.3500;101.9250;
948.83;0;0;0;0;59;CF;51;52;51;51;52;5E7;165;3C0;3.6;28.0;-33.5;14.4;5.5;76.7;0.0000;-0.0016;-0.3250;102.0250;
949.08;0;0;0;0;59;CF;51;51;51;51;51;5E3;165;3C0;3.5;27.8;-33.5;14.4;5.5;76.7;0.0000;-0.0008;-0.3250;102.0250;
949.33;0;0;0;0;59;CF;51;51;51;51;51;5DE;165;3C0;3.5;27.8;-33.5;14.4;5.5;76.7;0.0000;-0.0008;-0.3250;102.1250;
949.58;0;0;0;0;59;CF;50;51;50;50;51;5D9;165;3C0;3.5;27.7;-33.5;14.4;5.5;76.7;0.0000;0.0001;-0.3500;102.2250;
949.83;0;0;0;0;59;CF;50;51;50;50;51;5D2;165;3C0;3.5;27.9;-33.5;14.4;5.5;76.7;0.0000;0.0011;-0.3500;102.1750;
950.08;0;0;0;0;59;CF;50;50;50;50;50;5CF;165;3C0;3.5;27.9;-33.5;14.4;5.5;76.7;0.0000;0.0025;-0.3750;102.2250;
950.33;0;0;0;0;59;CF;50;50;50;50;50;5C7;165;3C0;3.5;27.9;-33.5;14.4;5.5;76.7;0.0000;0.0041;-0.3750;102.2750;
950.58;0;0;0;0;59;CF;4F;4F;4F;4F;50;5C6;165;3C0;3.4;27.7;-33.0;14.4;5.5;76.7;0.0000;0.0047;-0.3250;102.3000;
950.83;0;0;0;0;59;CF;4F;4F;4F;4F;4F;5C1;165;3C0;3.4;27.7;-33.0;14.4;5.5;76.7;0.0000;0.0052;-0.2500;0.0000;
951.08;0;0;0;0;59;CF;4F;4F;4F;4F;4F;5BD;165;3C0;3.4;27.7;-33.0;14.4;5.5;76.7;0.0000;0.0054;-0.2750;0.0750;
951.33;0;0;0;0;59;CF;4F;4F;4E;4F;4F;5B7;165;3C0;3.4;28.1;-33.0;14.4;5.5;76.7;0.0000;0.0054;-0.2750;0.0750;
951.58;0;0;0;0;59;CF;4E;4E;4E;4F;4F;5B3;165;3C0;3.3;28.2;-33.0;14.4;5.5;76.7;0.0000;0.0054;-0.3250;0.1750;
951.83;0;0;0;0;59;CF;4E;4E;4E;4E;4E;5AC;165;3C0;3.3;28.2;-33.0;14.4;5.5;76.7;0.0000;0.0054;-0.3250;0.1250;
952.08;0;0;0;0;59;CF;4E;4E;4E;4E;4E;5A8;165;3C0;3.3;28.3;-33.0;14.4;5.5;76.7;0.0000;0.0054;-0.3250;0.0750;
952.33;0;0;0;0;59;CF;4D;4E;4E;4E;4E;5A2;165;3C0;3.3;28.3;-33.0;14.4;5.5;76.7;0.0000;0.0054;-0.3250;0.0500;
952.58;0;0;0;0;59;CF;4E;4E;4D;4D;4E;59F;165;3C0;3.3;28.8;-33.0;14.4;5.5;76.7;0.0000;0.0031;-0.3500;0.0250;
952.83;0;0;0;0;59;CF;4D;4D;4D;4D;4D;599;165;3C0;3.3;28.9;-32.5;14.4;5.5;76.7;0.0000;0.0031;-0.3250;102.2750;
953.08;0;0;0;0;59;CF;4C;4D;4D;4D;4D;594;165;3C0;3.3;28.9;-32.5;14.4;5.5;76.7;0.0000;0.0031;-0.3750;0.0250;
953.35;0;0;0;0;59;CF;4C;4D;4C;4D;4D;58C;165;3C0;3.3;29.2;-32.5;14.4;5.5;76.7;0.0000;0.0025;-0.3750;102.3500;
953.60;0;0;0;0;59;CF;4C;4C;4C;4C;4D;58A;165;3C0;3.3;29.5;-32.5;14.4;5.5;76.7;0.0000;-0.0028;-0.3250;102.0000;
953.85;0;0;0;0;59;CF;4C;4C;4C;4C;4C;584;165;3C0;3.3;29.5;-32.5;14.4;5.5;76.7;0.0000;-0.0031;-0.2750;102.0000;
954.10;0;0;0;0;59;CF;4C;4C;4C;4C;4C;57F;165;3C0;3.3;29.3;-32.5;14.4;5.5;76.7;0.0000;-0.0028;-0.2750;102.0000;
954.35;0;0;0;0;59;CF;4C;4C;4B;4C;4C;57D;165;3C0;3.3;29.3;-32.5;14.4;5.5;76.7;0.0000;-0.0041;-0.2500;102.0000;
954.60;0;0;0;0;59;CF;4B;4C;4B;4B;4C;57A;165;3C0;3.3;29.1;-32.5;14.4;5.5;76.7;0.0000;-0.0054;-0.2250;101.9000;
954.85;0;0;0;0;59;CF;4B;4B;4B;4B;4B;573;165;3C0;3.3;29.1;-32.5;14.4;5.5;76.7;0.0000;-0.0041;-0.2500;102.1250;
955.10;0;0;0;0;59;CF;4B;4B;4B;4B;4B;571;165;3C0;3.3;29.2;-32.0;14.4;5.5;76.7;0.0000;-0.0029;-0.2500;102.0250;
955.35;0;0;0;0;59;CF;4B;4B;4B;4B;4B;56E;165;3C0;3.3;28.9;-32.0;14.4;5.5;76.7;0.0000;-0.0022;-0.2250;102.1750;
955.60;0;0;0;0;59;CF;4A;4A;4B;4A;4B;569;163;3C0;3.3;28.9;-32.0;14.4;5.5;76.7;0.0000;-0.0004;-0.2250;102.2750;
955.85;0;0;0;0;59;CF;4A;4A;4A;4A;4B;564;163;3C0;3.3;28.5;-32.0;14.4;5.5;76.7;0.0000;0.0004;-0.2250;102.3000;
956.10;0;0;0;0;59;CF;4A;4A;4A;4A;4A;562;163;3C0;3.3;28.5;-32.0;14.4;5.5;76.7;0.0000;0.0004;-0.2500;102.3750;
956.35;0;0;0;0;59;CF;4A;4A;4A;4A;4A;55C;163;3C0;3.3;28.8;-32.0;14.4;5.5;76.7;0.0000;0.0003;-0.2750;0.0500;
956.60;0;0;0;0;59;CF;4A;4A;49;49;4A;557;163;3C0;3.3;28.8;-32.0;14.4;5.5;76.7;0.0000;0.0001;-0.3250;102.3000;
956.85;0;0;0;0;59;CF;4A;49;49;49;4A;552;163;3C0;3.3;28.8;-32.0;14.4;5.5;76.7;0.0000;0.0003;-0.2750;0.0000;
957.10;0;0;0;0;59;CF;49;49;49;49;49;550;163;3C2;3.3;28.5;-32.0;14.4;5.5;76.7;0.0000;0.0004;-0.2500;102.3250;
957.35;0;0;0;0;59;CF;49;49;49;49;49;54A;163;3C0;3.3;28.7;-32.0;14.4;5.5;76.7;0.0000;0.0011;-0.2500;0.0000;
957.60;0;0;0;0;59;CF;48;49;48;48;49;547;163;3C0;3.3;28.7;-31.5;14.4;5.5;76.7;0.0000;0.0026;-0.2750;0.1750;
957.85;0;0;0;0;58;CF;48;48;48;48;49;53F;163;3C0;3.3;28.6;-31.5;14.4;5.5;76.7;0.0000;0.0025;-0.2750;0.0750;
958.10;0;0;0;0;58;CF;48;48;48;48;48;53D;163;3C0;3.3;28.6;-31.5;14.4;5.5;76.7;0.0000;0.0022;-0.2500;0.0750;
958.36;0;0;0;0;58;CF;48;48;48;48;48;538;163;3C0;3.3;28.6;-31.5;14.4;5.5;76.7;0.0000;0.0025;-0.3250;0.0500;
958.61;0;0;0;0;58;CF;48;48;47;47;48;532;163;3C0;3.3;28.6;-31.5;14.4;5.5;76.7;0.0000;0.0041;-0.3250;0.1000;
958.86;0;0;0;0;58;CF;47;47;47;47;48;52F;163;3C0;3.4;29.2;-31.5;14.4;5.5;76.7;0.0000;0.0057;-0.3250;0.1250;
959.11;0;0;0;0;58;CF;47;47;47;47;47;52A;163;3C0;3.4;29.2;-31.5;14.4;5.5;76.7;0.0000;0.0062;-0.2500;0.2250;
959.36;0;0;0;0;58;CF;47;47;47;47;47;527;163;3C0;3.4;29.4;-31.5;14.4;5.5;76.7;0.0000;0.0025;-0.2250;0.2750;
959.61;0;0;0;0;58;CF;47;47;46;46;47;51F;163;3C0;3.4;29.5;-31.5;14.4;5.5;76.7;0.0000;0.0008;-0.2750;0.0500;
959.86;0;0;0;0;58;CF;46;46;46;46;46;51C;163;3C0;3.4;29.5;-31.5;14.4;5.5;76.7;0.0000;0.0003;-0.3250;0.0750;
960.11;0;0;0;0;58;CF;46;46;46;46;46;514;163;3C0;3.4;30.1;-31.5;14.4;5.5;76.7;0.0000;0.0001;-0.3250;0.0000;
960.36;0;0;0;0;58;CF;46;46;46;46;46;512;163;3C0;3.4;30.0;-31.5;14.4;5.5;76.7;0.0000;0.0011;-0.3250;0.1000;
960.61;0;0;0;0;58;CF;45;46;45;45;46;50B;163;3C0;3.4;30.0;-31.5;14.4;5.5;76.7;0.0000;0.0011;-0.2500;0.2000;
960.86;0;0;0;0;58;CF;45;45;45;45;46;50E;163;3C2;3.3;29.8;-31.5;14.4;5.5;76.7;0.0000;0.0011;-0.2500;0.2000;
961.11;0;0;0;0;58;CF;45;45;45;45;45;500;163;3C0;3.3;29.8;-31.0;14.4;5.5;76.7;0.0000;0.0014;-0.3750;101.9250;
961.36;0;0;0;0;58;CF;45;45;45;45;45;4FC;163;3C0;3.3;30.2;-31.5;14.4;5.5;76.7;0.0000;0.0013;-0.3750;0.1750;
961.61;0;0;0;0;58;CF;44;44;44;44;44;4F3;163;3C0;3.3;30.0;-31.5;14.4;5.5;76.7;0.0000;0.0018;-0.3750;102.3500;
961.86;0;0;0;0;58;CF;44;44;44;44;44;4EC;163;3C0;3.3;30.0;-31.0;14.4;5.5;76.7;0.0000;0.0016;-0.5000;0.1500;
962.11;0;0;0;0;58;CF;43;43;43;43;44;4E3;163;3C0;3.3;29.9;-31.5;14.4;5.5;76.7;0.0000;0.0016;-0.4750;0.2500;
962.36;0;0;0;0;58;CF;43;43;43;43;43;4DD;163;3C0;3.2;30.3;-31.0;14.4;5.5;76.7;0.0000;0.0041;-0.5250;0.1250;
962.61;0;0;0;0;58;CF;43;43;42;42;43;4D5;163;3C2;3.2;30.3;-31.0;14.4;5.5;76.7;0.0000;0.0039;-0.5000;0.1750;
962.86;0;0;0;0;58;CF;42;42;42;42;42;4CE;163;3C2;3.2;30.3;-31.0;14.4;5.5;76.7;0.0000;0.0044;-0.5000;0.2000;
963.11;1;0;0;0;58;CF;41;42;41;41;42;446;163;3C2;3.2;30.0;-30.0;14.4;5.5;76.7;0.0000;0.0052;-0.5500;0.1750;
963.38;1;0;0;0;58;CF;41;41;41;41;41;3BE;163;3C0;3.2;30.0;53.5;14.4;5.5;76.7;0.3882;0.0067;-0.4250;0.2750;
963.63;1;0;0;0;58;CF;41;41;41;41;41;5DF;163;3C2;3.2;30.0;-34.5;14.4;5.5;76.7;0.0000;0.0066;-0.4500;0.4500;
963.88;1;0;0;0;58;CF;40;40;40;40;41;56A;163;3C0;3.2;30.2;-23.5;14.4;5.5;76.7;0.0000;0.0064;-0.4250;0.2000;
964.13;1;0;0;0;58;CF;40;40;40;40;40;5A4;163;3C0;3.2;30.2;-31.5;14.4;5.5;76.7;0.0000;0.0062;-0.5500;0.3250;
964.38;0;0;0;0;58;CF;3F;3F;3F;3F;3F;59A;163;3C2;3.2;30.0;-33.5;14.4;5.5;76.7;0.0000;0.0051;-0.6500;0.1500;
964.63;0;0;0;0;58;CF;3F;3F;3F;3F;3F;58B;163;3C2;3.2;30.2;-33.0;14.4;5.5;76.7;0.0000;0.0044;-0.6750;0.0500;
964.88;0;0;0;0;58;CF;3E;3E;3E;3E;3E;583;163;3C0;3.2;30.2;-33.0;14.4;5.5;76.7;0.0000;0.0036;-0.7500;0.4000;
965.13;0;0;0;0;58;CF;3D;3D;3D;3D;3E;570;163;3C0;3.2;30.3;-32.5;14.4;5.5;76.7;0.0000;0.0026;-0.7000;0.1250;
965.38;0;0;0;0;58;CF;3D;3D;3C;3D;3D;562;163;3C2;3.2;30.2;-32.5;14.4;5.5;76.7;0.0000;0.0025;-0.7500;0.3250;
965.63;0;0;0;0;58;CF;3C;3C;3C;3C;3C;551;163;3C0;3.2;30.2;-32.0;14.4;5.5;76.7;0.0000;0.0020;-0.7500;0.1750;
965.88;0;0;0;0;58;CF;3B;3C;3B;3B;3C;545;163;3C0;3.2;30.3;-32.0;14.4;5.5;76.7;0.0000;0.0020;-0.7750;0.2250;
966.13;0;0;0;0;58;CF;3B;3B;3B;3B;3B;533;163;3C0;3.2;30.3;-32.0;14.4;5.5;76.7;0.0000;0.0020;-0.8250;0.2750;
966.38;0;0;0;0;58;CF;3A;3A;3A;3A;3A;52C;163;3C2;3.2;30.4;-31.5;14.4;5.5;76.7;0.0000;0.0011;-0.7750;0.1500;
966.63;0;0;0;0;58;CF;39;39;39;39;3A;514;163;3C0;3.2;30.5;-31.5;14.4;5.5;76.7;0.0000;-0.0025;-0.7750;0.2500;
966.88;0;0;0;0;58;CF;39;39;39;38;39;502;163;3C0;3.2;30.5;-31.5;14.4;5.5;76.7;0.0000;-0.0066;-0.8000;0.0750;
967.13;0;1;0;0;58;CF;38;38;38;38;38;4F1;163;3C0;3.2;30.5;-31.0;14.4;5.5;76.7;0.0000;-0.0100;-0.8500;102.3500;
967.38;0;1;0;0;58;CF;37;36;37;36;37;4DE;163;3C0;3.2;30.4;-31.0;14.4;5.5;76.7;0.0000;-0.0220;-1.2500;101.9250;
967.63;0;1;0;0;58;CF;36;36;36;36;36;4C1;163;3C0;3.2;30.4;-31.0;14.4;5.5;76.7;0.0000;-0.0278;-1.3500;101.8000;
967.88;0;1;0;0;58;CF;34;34;34;34;35;4A9;163;3C0;3.2;30.4;-30.5;14.4;5.5;76.7;0.0000;-0.0338;-1.0250;101.4250;
968.13;0;1;0;0;58;CF;34;33;34;33;33;487;163;3C0;3.2;30.2;-30.5;14.4;5.5;76.7;0.0000;-0.0423;-1.5250;101.2750;
968.39;0;0;0;0;58;CF;33;32;33;32;32;47B;163;3C0;3.2;29.7;-30.5;14.4;5.5;76.7;0.0000;-0.0659;-0.8750;100.5500;
968.64;0;0;0;0;58;CF;32;31;32;31;32;466;163;3C0;3.2;29.7;-30.0;14.4;5.5;76.7;0.0000;-0.0799;-0.8500;100.0750;
968.89;0;0;0;0;58;CF;31;30;31;30;31;45A;163;3C0;3.2;28.8;-30.0;14.4;5.5;76.7;0.0000;-0.0862;-0.7750;99.5250;
969.14;0;0;0;0;58;CF;31;30;31;2F;30;445;163;3C0;3.2;27.7;-30.5;14.4;5.5;76.7;0.0000;-0.0878;-0.8250;99.4750;
969.39;0;0;0;0;58;CF;30;2E;30;2F;30;437;163;3C0;3.2;27.7;-30.5;14.4;5.5;76.7;0.0000;-0.0895;-0.8500;100.2500;
969.64;0;0;0;0;58;CF;2F;2E;2F;2E;2F;428;163;3C0;3.2;26.6;-31.0;14.4;5.5;76.7;0.0000;-0.0892;-0.7500;100.4500;
969.89;0;0;0;0;58;CF;2E;2D;2E;2D;2E;41A;163;3C2;3.2;26.6;-19.5;14.4;5.5;76.7;0.0000;-0.0892;-0.8250;100.3000;
970.14;1;0;0;0;57;CF;2E;2D;2E;2D;2E;3A2;163;3C0;3.2;25.8;-14.5;14.4;5.5;76.7;0.0000;-0.0899;-0.8500;100.3250;
970.39;1;0;0;0;57;CF;2D;2C;2D;2C;2D;370;163;3C0;3.2;24.9;2.0;14.4;5.5;76.7;0.0000;-0.0936;-0.7250;100.2000;
970.64;1;0;0;0;57;CF;2D;2C;2D;2C;2C;371;163;3C0;3.2;24.9;3.5;14.4;5.5;76.7;0.0000;-0.0951;-0.7750;100.2750;
970.89;1;0;0;0;57;CF;2C;2B;2C;2B;2B;36A;163;3C0;3.2;23.7;5.0;14.4;5.5;76.7;0.0000;-0.1046;-0.7250;99.8250;
971.14;1;0;0;0;57;CF;2B;2A;2B;2A;2B;4E7;163;3C0;3.2;23.7;-4.5;14.4;5.5;76.7;0.1176;-0.1075;-1.0500;99.8750;
971.39;1;0;0;0;57;CF;2B;29;2A;29;2A;4A9;163;3C0;3.2;22.9;25.5;14.4;5.5;76.7;0.1647;-0.1120;-0.7250;99.9750;
971.64;0;0;0;0;57;CF;2A;29;2A;29;2A;499;163;3C0;3.2;22.9;32.0;14.4;5.5;76.7;0.1804;-0.1131;-0.6000;99.9750;
971.89;0;0;0;0;57;CF;2A;28;2A;28;29;48E;163;3C0;3.2;21.7;38.0;14.4;5.5;76.7;0.2392;-0.1170;-0.5500;99.9000;
972.14;0;0;0;0;57;CF;29;28;29;28;29;488;163;3C0;3.2;20.7;81.0;14.4;5.5;76.7;0.3020;-0.1162;-0.4000;100.2000;
972.39;0;0;0;0;57;CF;29;28;29;28;29;482;163;3C0;3.2;20.7;108.0;14.4;5.5;76.7;0.3412;-0.1081;-0.2250;100.6000;
972.64;0;0;0;0;57;CF;29;28;29;28;29;481;163;3C0;3.2;20.1;136.5;14.4;5.5;76.7;0.3490;-0.1051;-0.1000;100.3750;
972.89;0;0;0;0;57;CF;29;28;29;28;29;483;163;3C0;3.2;20.1;143.0;14.4;5.5;76.7;0.3451;-0.0988;0.0250;100.7750;
973.14;0;0;0;0;57;CF;29;28;29;28;29;48C;163;3C0;3.2;19.7;143.0;14.4;5.5;76.7;0.3412;-0.0966;0.1000;100.7250;
973.41;0;0;0;0;57;CF;29;29;29;28;29;48D;163;3C0;3.2;20.1;141.0;14.4;5.5;76.7;0.3333;-0.0896;0.1000;100.8750;
973.66;0;0;0;0;57;CF;29;28;29;29;29;48C;163;3C0;3.2;20.1;136.0;14.4;5.5;76.7;0.3216;-0.0862;0.1000;100.7500;
973.91;0;0;0;0;57;CF;2A;29;29;29;29;490;163;3C0;3.2;19.8;131.0;14.4;5.5;76.7;0.3216;-0.0767;0.1000;101.2750;
974.16;0;0;0;0;57;CF;29;29;2A;29;29;48F;163;3C0;3.2;19.9;128.5;14.4;5.5;76.7;0.3176;-0.0560;0.0000;101.8500;
974.41;0;0;0;0;57;CF;29;29;2A;29;29;492;163;3C0;3.2;19.9;126.0;14.4;5.5;76.7;0.3216;-0.0473;0.0750;101.9000;
974.66;0;0;0;0;57;CF;2A;29;2A;29;29;497;163;3C0;3.2;20.1;126.0;14.4;5.5;76.7;0.3176;-0.0402;0.0750;101.8500;
974.91;0;0;0;0;57;CF;2A;2A;2A;29;2A;49E;163;3C0;3.2;20.1;125.5;14.4;5.5;76.7;0.3176;-0.0321;0.1250;101.9750;
975.16;0;0;0;0;57;CF;2A;2A;2A;2A;2A;4A5;163;3C0;3.2;20.5;128.5;14.4;5.5;76.7;0.3333;-0.0199;0.2000;102.0750;
975.41;0;0;0;0;57;CF;2A;2A;2A;2A;2A;4AE;163;3C0;3.2;20.5;140.5;14.4;5.5;76.7;0.3490;-0.0132;0.2500;0.1750;
975.66;0;0;0;0;57;CF;2B;2A;2A;2B;2B;4B5;163;3C0;3.2;20.8;145.5;14.4;5.5;76.7;0.3490;-0.0082;0.2750;0.0000;
975.91;0;0;0;0;57;CF;2B;2B;2B;2B;2B;4BC;163;3C0;3.2;20.8;143.0;14.4;5.5;76.7;0.3412;-0.0041;0.2000;0.2750;
976.16;0;0;0;0;57;CF;2B;2B;2B;2B;2B;4C2;163;3C0;3.2;21.5;141.0;14.4;5.5;76.7;0.3373;0.0018;0.2500;0.2000;
976.41;0;0;0;0;57;CF;2B;2B;2B;2B;2B;4C9;163;3C0;3.2;22.3;135.5;14.4;5.5;76.7;0.3294;0.0043;0.2250;0.5000;
976.66;0;0;0;0;57;CF;2B;2B;2B;2B;2B;4CD;163;3C0;3.2;22.3;134.5;14.4;5.5;76.7;0.3294;0.0061;0.2500;0.5000;
976.91;0;0;0;0;57;CF;2C;2C;2C;2C;2C;4D9;163;3C0;3.2;22.8;133.5;14.4;5.5;76.7;0.3294;0.0086;0.2000;0.1000;
977.16;0;0;0;0;57;CF;2C;2C;2C;2C;2C;4E1;163;3C0;3.2;23.8;133.5;14.4;5.5;76.7;0.3255;0.0112;0.2500;0.4500;
977.41;0;0;0;0;57;CF;2C;2C;2C;2C;2C;4E9;163;3C0;3.2;23.8;131.0;14.4;5.5;76.7;0.3255;0.0123;0.2000;0.4750;
977.66;0;0;0;0;57;CF;2C;2C;2C;2C;2C;4E8;163;3C0;3.2;24.4;126.5;14.4;5.5;76.7;0.3216;0.0123;0.1250;0.4000;
977.91;0;0;0;0;57;CF;2C;2D;2C;2C;2D;4EA;163;3C0;3.2;24.4;117.5;14.4;5.5;76.7;0.3020;0.0110;0.1500;0.5000;
978.16;0;0;0;0;57;CF;2D;2D;2D;2D;2D;4F3;163;3C0;3.2;25.3;112.0;14.4;5.5;76.7;0.2941;0.0067;0.2000;0.3250;
978.42;0;0;0;0;57;CF;2D;2D;2D;2D;2D;4F7;163;3C0;3.2;25.8;103.5;14.4;5.5;76.7;0.2588;0.0033;0.1250;0.3250;
978.67;0;0;0;0;57;CF;2D;2D;2D;2D;2D;4FD;163;3C0;3.2;25.8;83.0;14.4;5.5;76.7;0.2549;-0.0007;0.1500;0.0000;
978.92;0;0;0;0;57;CF;2D;2D;2D;2D;2D;4FE;163;3C0;3.2;26.2;80.0;14.4;5.5;76.7;0.2510;-0.0008;0.1000;0.1750;
979.17;0;0;0;0;57;CF;2D;2D;2D;2D;2D;4FE;163;3C0;3.2;26.2;77.5;14.4;5.5;76.7;0.2471;-0.0004;0.0750;0.3500;
979.42;0;0;0;0;57;CF;2D;2D;2D;2D;2D;4FF;163;3C0;3.2;26.2;66.5;14.4;5.5;76.7;0.2275;-0.0007;0.0500;0.1000;
979.67;0;0;0;0;57;CF;2D;2D;2D;2D;2D;4FE;163;3C0;3.2;26.2;61.5;14.4;5.5;76.7;0.2235;-0.0025;-0.0250;0.1250;
979.92;0;0;0;0;57;CF;2D;2D;2D;2D;2D;4FF;163;3C0;3.2;26.7;54.5;14.4;5.5;76.7;0.2118;-0.0041;-0.0750;0.0000;
980.17;0;0;0;0;57;CF;2D;2D;2D;2D;2D;4FF;163;3C0;3.2;27.0;51.5;14.4;5.5;76.7;0.2118;-0.0088;-0.1000;102.3750;
980.42;0;0;0;0;57;CF;2D;2D;2D;2D;2D;4FF;163;3C0;3.2;27.0;51.0;14.4;5.5;76.7;0.2118;-0.0072;-0.0750;102.3250;
980.67;0;0;0;0;57;CF;2D;2D;2D;2D;2D;4FB;163;3C0;3.2;26.6;52.0;14.4;5.5;76.7;0.2157;-0.0046;-0.0750;0.0250;
980.92;0;0;0;0;57;CF;2D;2D;2D;2D;2D;4F4;163;3C0;3.2;26.6;53.5;14.4;5.5;76.7;0.2157;-0.0008;-0.1250;0.3750;
981.17;0;0;0;0;57;CF;2D;2D;2D;2D;2D;4F4;163;3C0;3.2;26.9;52.0;14.4;5.5;76.7;0.2118;0.0052;-0.1250;0.2250;
981.42;0;0;0;0;57;CF;2D;2D;2D;2D;2D;4F6;163;3C0;3.2;27.0;52.5;14.4;5.5;76.7;0.2118;0.0102;-0.0500;0.2000;
981.67;0;0;0;0;58;CF;2D;2D;2D;2D;2D;4F5;163;3C0;3.2;27.0;52.0;14.4;5.5;76.7;0.2078;0.0128;-0.0750;0.4250;
981.92;0;0;0;0;58;CF;2C;2D;2C;2C;2D;4EF;163;3C0;3.2;26.8;45.0;14.4;5.5;76.7;0.1961;0.0138;-0.2000;0.4000;
982.17;0;0;0;0;58;CF;2C;2C;2C;2C;2D;4EA;163;3C0;3.2;27.0;40.5;14.4;5.5;76.7;0.1922;0.0138;-0.1500;0.3250;
982.42;0;0;0;0;58;CF;2C;2C;2C;2C;2C;4E4;163;3C0;3.2;27.0;40.0;14.4;5.5;76.7;0.1922;0.0138;-0.2000;0.5000;
982.67;0;0;0;0;58;CF;2C;2C;2C;2C;2C;4E0;163;3C0;3.2;27.5;40.0;14.4;5.5;76.7;0.1922;0.0138;-0.2000;0.4250;
982.92;0;0;0;0;58;CF;2C;2C;2C;2C;2C;4D8;163;3C0;3.2;27.5;41.5;14.4;5.5;76.7;0.1961;0.0138;-0.2000;0.5000;
983.17;0;0;0;0;58;CF;2C;2C;2C;2C;2C;4D7;163;3C0;3.2;27.6;41.5;14.4;5.5;76.7;0.1961;0.0138;-0.2000;0.6000;
983.43;0;0;0;0;58;CF;2C;2C;2B;2C;2C;4D1;163;3C0;3.2;28.1;42.0;14.4;5.5;76.7;0.1961;0.0138;-0.1750;0.6000;
983.68;0;0;0;0;58;CF;2B;2C;2B;2B;2B;4CD;163;3C0;3.2;28.1;41.5;14.4;5.5;76.7;0.1922;0.0133;-0.1750;0.7000;
983.93;0;0;0;0;58;CF;2B;2B;2B;2B;2B;4CC;163;3C0;3.2;28.4;40.0;14.4;5.5;76.7;0.1882;0.0123;-0.1500;0.7250;
984.18;0;0;0;0;58;CF;2B;2B;2B;2B;2B;4CA;163;3C0;3.2;28.4;37.5;14.4;5.5;76.7;0.1843;0.0099;-0.1750;0.5000;
984.43;0;0;0;0;58;CF;2B;2B;2B;2B;2B;4BD;163;3C0;3.2;28.4;22.5;14.4;5.5;76.7;0.1255;0.0057;-0.2000;0.3500;
984.68;0;0;0;0;58;CF;2B;2B;2B;2B;2B;4B2;163;3C0;3.2;28.4;-5.5;14.4;5.5;76.7;0.0000;0.0051;-0.2750;0.2750;
984.93;0;0;0;0;58;CF;2A;2A;2A;2A;2B;4A7;163;3C0;3.2;28.9;-23.5;14.4;5.5;76.7;0.0000;-0.0018;-0.3500;0.2250;
985.18;0;0;0;0;58;CF;2A;2A;2A;2A;2A;49D;163;3C0;3.2;29.4;-30.0;14.4;5.5;76.7;0.0000;-0.0061;-0.5250;0.1750;
985.43;0;0;0;0;58;CF;29;2A;29;29;2A;49A;163;3C0;3.2;29.4;-12.5;14.4;5.5;76.7;0.1294;-0.0102;-0.4750;102.1750;
985.68;0;0;0;0;58;CF;29;29;29;29;29;499;161;3C0;3.2;29.2;2.5;14.4;5.5;76.7;0.1412;-0.0140;-0.4000;102.2500;
985.93;0;0;0;0;58;CF;29;29;29;29;29;48A;161;3C0;3.2;29.2;19.5;14.4;5.5;76.7;0.1725;-0.0170;-0.3500;102.2500;
986.18;0;0;0;0;58;CF;29;29;29;29;29;48B;161;3C0;3.2;29.2;27.5;14.4;5.5;76.7;0.1804;-0.0217;-0.2000;102.2500;
986.43;0;0;0;0;58;CF;29;28;29;28;29;47C;161;3C0;3.2;29.0;38.5;14.4;5.5;76.7;0.2118;-0.0249;-0.2000;102.0500;
986.68;0;0;0;0;58;CF;29;29;29;28;29;47E;161;3C0;3.2;29.0;46.5;14.4;5.5;76.7;0.2157;-0.0307;-0.1500;101.8500;
986.93;0;0;0;0;58;CF;29;28;29;28;29;47E;161;3C0;3.2;28.4;63.0;14.4;5.5;76.7;0.2431;-0.0392;-0.0750;101.7250;
987.18;0;0;0;0;58;CF;29;28;29;28;29;47E;161;3C0;3.2;28.0;70.5;14.4;5.5;76.7;0.2471;-0.0451;0.0000;101.5250;
987.43;0;0;0;0;58;CF;29;28;29;28;29;484;161;3C0;3.2;28.0;74.5;14.4;5.5;76.7;0.2510;-0.0499;0.0500;101.5500;
987.68;0;0;0;0;58;CF;29;28;29;28;29;484;161;3C0;3.2;27.3;77.0;14.4;5.5;76.7;0.2510;-0.0533;0.0500;101.0750;
987.93;0;0;0;0;58;CF;29;28;29;29;29;48C;161;3C0;3.2;27.3;82.5;14.4;5.5;76.7;0.2667;-0.0570;0.0750;101.0000;
988.18;0;0;0;0;58;CF;29;29;29;28;29;488;161;3C0;3.2;26.5;88.0;14.4;5.5;76.7;0.2706;-0.0689;0.0250;100.9750;
988.45;0;0;0;0;58;CF;2A;29;29;29;29;491;161;3C0;3.2;26.5;96.0;14.4;5.5;76.7;0.2863;-0.0732;0.1500;100.7250;
988.70;0;0;0;0;58;CF;2A;29;2A;29;29;491;161;3C0;3.2;25.8;108.5;14.4;5.5;76.7;0.3059;-0.0788;0.1500;100.3750;
988.95;0;0;0;0;58;CF;2A;29;2A;29;2A;49F;161;3C0;3.2;24.7;120.0;14.4;5.5;76.7;0.3333;-0.0857;0.2500;100.5750;
989.20;0;0;0;0;58;CF;2B;2A;2B;2A;2A;4A4;161;3C0;3.2;24.7;137.0;14.4;5.5;76.7;0.3529;-0.0880;0.4000;100.1250;
989.45;0;0;0;0;58;CF;2B;2A;2B;2A;2A;4B5;161;3C0;3.2;23.5;155.5;14.4;5.5;76.7;0.3882;-0.0878;0.4250;100.2000;
989.70;0;0;0;0;58;CF;2B;2A;2B;2B;2B;4BE;161;3C0;3.2;23.5;170.0;14.4;5.5;76.7;0.3882;-0.0877;0.4500;100.1000;
989.95;0;0;0;0;58;CF;2C;2B;2C;2B;2B;4CE;161;3C0;3.2;22.6;171.0;14.4;5.5;76.7;0.3765;-0.0852;0.5000;100.4750;
990.20;0;0;0;0;58;CF;2C;2C;2C;2B;2C;4D9;161;3C0;3.2;21.8;164.0;14.4;5.5;76.7;0.3725;-0.0669;0.5500;100.8750;
990.45;0;0;0;0;58;CF;2C;2C;2C;2C;2C;4E4;161;3C0;3.2;21.8;159.0;14.4;5.5;76.7;0.3608;-0.0551;0.4500;101.4000;
990.70;0;0;0;0;58;CF;2D;2D;2D;2C;2D;4F0;161;3C0;3.2;20.9;152.0;14.4;5.5;76.7;0.3529;-0.0366;0.4500;101.9500;
990.95;0;0;0;0;58;CF;2D;2D;2D;2D;2D;4FA;161;3C0;3.2;20.8;145.5;14.4;5.5;76.7;0.3373;-0.0238;0.4000;102.0000;
991.20;0;0;0;0;58;CF;2D;2D;2E;2D;2D;509;161;3C0;3.2;20.8;133.5;14.4;5.5;76.7;0.3255;-0.0070;0.4000;102.3500;
991.45;0;0;0;0;58;CF;2E;2E;2E;2E;2E;516;161;3C0;3.2;21.2;127.5;14.4;5.5;76.7;0.3216;-0.0008;0.4500;0.1000;
991.70;0;0;0;0;58;CF;2E;2E;2E;2E;2E;517;161;3C0;3.2;21.2;112.0;14.4;5.5;76.7;0.2980;0.0025;0.2500;0.3250;
991.95;0;0;0;0;58;CF;2E;2E;2E;2E;2E;51F;161;3C0;3.2;21.4;91.0;14.4;5.5;76.7;0.2627;0.0091;0.2250;0.4250;
992.20;0;0;0;0;58;CF;2E;2E;2E;2E;2E;523;161;3C0;3.2;21.4;82.0;14.4;5.5;76.7;0.2588;0.0168;0.2000;0.7000;
992.45;0;0;0;0;58;CF;2F;2F;2E;2F;2F;527;161;3C0;3.2;22.0;82.0;14.4;5.5;76.7;0.2588;0.0141;0.1500;0.5500;
992.70;0;0;0;0;58;CF;2F;2F;2F;2F;2F;52B;161;3C0;3.2;22.0;86.5;14.4;5.5;76.7;0.2667;0.0093;0.1250;0.3500;
992.95;0;0;0;0;58;CF;2F;2F;2F;2F;2F;52E;161;3C0;3.2;23.1;89.5;14.4;5.5;76.7;0.2706;0.0072;0.1000;0.3500;
993.20;0;0;0;0;58;CF;2F;2E;2F;2F;2F;52E;161;3C0;3.2;23.9;89.5;14.4;5.5;76.7;0.2667;0.0080;0.0500;0.3750;
993.46;0;0;0;0;58;CF;2F;2F;2F;2F;2F;532;161;3C0;3.2;23.9;89.5;14.4;5.5;76.7;0.2667;0.0082;0.0750;0.2750;
993.71;0;0;0;0;58;CF;2F;2F;2F;2F;2F;535;161;3C0;3.2;24.5;88.0;14.4;5.5;76.7;0.2667;0.0082;0.1000;0.1000;
993.96;0;0;0;0;58;CF;2F;2F;2F;2F;2F;538;161;3C0;3.2;25.6;87.5;14.4;5.5;76.7;0.2667;0.0084;0.0750;0.2250;
994.21;0;0;0;0;58;CF;2F;2F;2F;2F;2F;536;161;3C0;3.2;25.6;87.5;14.4;5.5;76.7;0.2667;0.0084;0.0500;0.0750;
994.46;0;0;0;0;58;CF;2F;2F;2F;2F;2F;53A;161;3C0;3.2;26.4;87.0;14.4;5.5;76.7;0.2627;0.0072;0.0750;0.2000;
994.71;0;0;0;0;58;CF;2F;2F;2F;2F;2F;53B;161;3C0;3.2;26.4;81.0;14.4;5.5;76.7;0.2471;0.0064;0.0250;0.0000;
994.96;0;0;0;0;58;CF;2F;2F;2F;2F;2F;52D;161;3C0;3.2;27.0;47.5;14.4;5.5;76.7;0.1725;-0.0039;-0.1000;102.2500;
995.21;0;0;0;0;58;CF;2F;2F;2F;2F;2F;519;161;3C0;3.2;27.5;-14.0;14.4;5.5;76.7;0.0000;-0.0059;-0.2000;101.9750;
995.46;0;0;0;0;58;CF;2E;2E;2E;2E;2E;516;161;3C0;3.2;27.5;-25.5;14.4;5.5;76.7;0.0000;-0.0097;-0.4750;102.0750;
995.71;0;0;0;0;58;CF;2D;2D;2D;2D;2E;505;161;3C0;3.2;27.3;-31.0;14.4;5.5;76.7;0.0000;-0.0115;-0.6750;101.6500;
995.96;0;0;0;0;58;CF;2D;2D;2D;2D;2D;4FC;161;3C0;3.2;27.3;-31.0;14.4;5.5;76.7;0.0000;-0.0145;-0.6750;101.6250;
996.21;0;0;0;0;58;CF;2C;2D;2D;2C;2D;4E8;161;3C0;3.2;27.3;-30.5;14.4;5.5;76.7;0.0000;-0.0163;-0.6500;101.7000;
996.46;0;0;0;0;58;CF;2C;2C;2C;2C;2C;4DB;161;3C0;3.2;27.3;-30.5;14.4;5.5;76.7;0.0000;-0.0166;-0.7000;101.7000;
996.71;0;0;0;0;58;CF;2B;2B;2B;2B;2B;4C6;161;3C0;3.2;27.1;-30.0;14.4;5.5;76.7;0.0000;-0.0102;-0.7000;102.0250;
996.96;0;0;0;0;58;CF;2B;2B;2B;2B;2B;4B9;161;3C0;3.2;26.6;-30.0;14.4;5.5;76.7;0.0000;-0.0003;-0.6500;102.2750;
997.21;0;0;0;0;58;CF;2A;2A;2A;2A;2A;4A7;161;3C0;3.2;26.6;-30.0;14.4;5.5;76.7;0.0000;0.0199;-0.6750;0.2750;
997.46;0;0;0;0;58;CF;29;2A;29;2A;2A;49C;161;3C0;3.2;26.6;-30.0;14.4;5.5;76.7;0.0000;0.0392;-0.5750;0.7750;
997.71;0;0;0;0;58;CF;28;29;28;29;29;487;161;3C0;3.2;26.6;-30.0;14.4;5.5;76.7;0.0000;0.0585;-0.7000;1.4250;
997.96;0;0;0;0;58;CF;28;29;28;29;29;478;161;3C0;3.2;27.2;-30.0;14.4;5.5;76.7;0.0000;0.0872;-0.6750;1.6250;
998.21;0;0;0;0;58;CF;27;28;27;28;28;468;161;3C0;3.2;28.2;-30.0;14.4;5.5;76.7;0.0000;0.0972;-0.6500;1.6500;
998.48;0;0;0;0;58;CF;26;28;26;28;27;459;161;3C0;3.2;28.2;-30.0;14.4;5.5;76.7;0.0000;0.1032;-0.7500;1.9500;
998.73;0;0;0;0;58;CF;26;27;26;27;27;447;161;3C0;3.2;29.3;-30.0;14.4;5.5;76.7;0.0000;0.1032;-0.6750;2.0250;
998.98;0;0;0;0;58;CF;25;26;25;26;26;438;161;3C0;3.2;30.7;-30.0;14.4;5.5;76.7;0.0000;0.0991;-0.6750;1.7750;
999.23;0;0;0;0;58;CF;25;26;25;26;26;428;161;3C0;3.2;30.7;-30.5;14.4;5.5;76.7;0.0000;0.0859;-0.6000;1.4750;
999.48;0;0;0;0;58;CF;25;26;25;26;25;422;161;3C0;3.2;31.6;-30.5;14.4;5.5;76.7;0.0000;0.0836;-0.4250;1.2250;
999.73;0;0;0;0;58;CF;25;26;25;26;25;431;161;3C0;3.2;32.3;3.5;14.4;5.5;76.7;0.2078;0.0829;-0.2000;1.3000;
999.98;0;0;0;0;58;CF;25;25;25;26;26;435;161;3C0;3.2;32.3;53.0;14.4;5.5;76.7;0.2314;0.0601;0.1750;0.3750;
1000.23;0;0;0;0;58;CF;25;26;25;26;26;437;161;3C0;3.2;33.2;59.0;14.4;5.5;76.7;0.2196;0.0458;0.2500;0.4500;
1000.48;0;0;0;0;58;CF;26;26;26;26;26;43F;161;3C0;3.2;33.2;56.5;14.4;5.5;76.7;0.2118;0.0318;0.2750;0.1500;
1000.73;0;0;0;0;58;CF;26;26;26;27;27;448;161;3C0;3.2;33.5;49.0;14.4;5.5;76.7;0.1961;0.0102;0.3250;102.2500;
1000.98;0;0;0;0;58;CF;27;27;27;27;27;44F;161;3C0;3.2;33.5;42.0;14.4;5.5;76.6;0.1843;-0.0247;0.2250;102.0250;
1001.23;0;0;0;0;58;CF;27;26;27;27;27;450;161;3C0;3.2;33.4;35.0;14.4;5.5;76.6;0.1725;-0.0314;0.0750;101.5000;
1001.48;0;0;0;0;58;CF;27;27;27;27;27;456;161;3C0;3.2;33.4;32.0;14.4;5.5;76.6;0.1686;-0.0321;0.1500;101.6750;
1001.73;0;0;0;0;58;CF;27;27;27;27;27;454;161;3C0;3.2;33.1;27.0;14.4;5.5;76.6;0.1569;-0.0433;0.1250;101.3500;
1001.98;0;0;0;0;58;CF;27;27;27;27;27;44C;161;3C0;3.2;32.5;25.5;14.4;5.5;76.6;0.1569;-0.0476;-0.0500;101.4000;
1002.23;0;0;0;0;58;CF;27;26;27;26;27;44C;161;3C0;3.2;32.5;25.0;14.4;5.5;76.6;0.1608;-0.0478;-0.1750;101.4250;
1002.48;0;0;0;0;58;CF;27;26;27;26;27;449;161;3C0;3.2;31.0;27.0;14.4;5.5;76.6;0.1647;-0.0433;-0.1250;101.7000;
1002.73;0;0;0;0;58;CF;27;26;27;26;26;444;161;3C0;3.2;29.5;31.5;14.4;5.5;76.6;0.1725;-0.0380;-0.1500;101.6750;
1002.98;0;0;0;0;58;CF;27;26;26;26;26;441;161;3C0;3.2;29.5;33.5;14.4;5.5;76.6;0.1765;-0.0211;-0.1000;101.9500;
1003.23;0;0;0;0;58;CF;26;26;26;26;26;43E;161;3C0;3.2;28.3;35.5;14.4;5.5;76.6;0.1804;-0.0172;-0.1250;102.2000;
1003.50;0;0;0;0;58;CF;26;26;26;26;26;43D;161;3C0;3.2;28.3;38.0;14.4;5.5;76.6;0.1843;-0.0162;-0.1250;102.0500;
1003.75;0;0;0;0;58;CF;26;26;26;26;26;439;161;3C0;3.2;27.1;40.5;14.4;5.5;76.6;0.1882;-0.0151;-0.1250;102.0500;
1004.00;0;0;0;0;58;CF;26;26;26;26;26;436;161;3C0;3.2;26.4;44.0;14.4;5.5;76.6;0.1961;-0.0133;-0.1000;102.0250;
1004.25;0;0;0;0;58;CF;26;26;26;26;26;439;161;3C0;3.2;26.4;44.5;14.4;5.5;76.6;0.1961;-0.0117;-0.0500;102.0500;
1004.50;0;0;0;0;58;CF;26;26;26;26;26;436;161;3C0;3.2;25.5;45.5;14.4;5.5;76.6;0.1961;-0.0097;-0.0750;101.6000;
1004.75;0;0;0;0;58;CF;26;26;26;26;26;433;161;3C0;3.2;25.5;47.5;14.4;5.5;76.6;0.2000;-0.0072;-0.1000;101.9750;
1005.00;0;0;0;0;58;CF;26;26;26;26;26;43A;161;3C0;3.2;25.2;46.5;14.4;5.5;76.6;0.1961;-0.0052;0.0500;102.2750;
1005.25;0;0;0;0;58;CF;26;26;26;26;26;43C;161;3C0;3.2;25.2;46.0;14.4;5.5;76.6;0.1922;-0.0028;0.0750;101.9000;
1005.50;0;0;0;0;58;CF;26;26;26;26;26;444;161;3C0;3.2;25.3;49.5;14.4;5.5;76.6;0.2157;-0.0013;0.0750;102.1750;
1005.75;0;0;0;0;58;CF;26;26;26;26;26;448;161;3C0;3.2;25.5;54.5;14.4;5.5;76.6;0.2118;0.0016;0.1000;102.2250;
1006.00;0;0;0;0;58;CF;27;27;27;27;27;44C;161;3C0;3.2;25.5;52.5;14.4;5.5;76.6;0.2039;0.0130;0.1750;0.0750;
1006.25;0;0;0;0;58;CF;27;27;27;27;27;456;161;3C0;3.2;25.5;60.0;14.4;5.5;76.6;0.2235;0.0130;0.3500;0.0250;
1006.50;0;0;0;0;58;CF;27;27;27;27;27;460;161;3C0;3.2;25.5;63.0;14.4;5.5;76.6;0.2353;0.0128;0.2250;0.1750;
1006.75;0;0;0;0;58;CF;27;28;28;28;28;466;161;3C0;3.2;26.0;66.0;14.4;5.5;76.6;0.2314;0.0120;0.2500;0.2000;
1007.00;0;0;0;0;58;CF;28;28;28;28;28;472;161;3C0;3.2;26.5;61.0;14.4;5.5;76.6;0.2196;0.0102;0.3500;0.4000;
1007.25;0;0;0;0;58;CF;28;28;28;28;28;471;161;3C0;3.2;26.5;57.5;14.4;5.5;76.6;0.2118;0.0072;0.2000;0.3500;
1007.50;0;0;0;0;58;CF;28;28;28;28;28;477;161;3C0;3.2;26.5;52.0;14.4;5.5;76.6;0.2039;-0.0039;0.2250;102.0750;
1007.75;0;0;0;0;58;CF;29;29;29;28;29;47B;161;3C0;3.2;26.8;49.0;14.4;5.5;76.6;0.2000;-0.0143;0.1500;102.3500;
1008.00;0;0;0;0;58;CF;29;28;29;28;29;47F;161;3C0;3.2;26.8;43.0;14.4;5.5;76.6;0.1882;-0.0206;0.1000;101.8000;
1008.25;0;0;0;0;58;CF;28;28;28;28;29;47E;161;3C0;3.2;26.6;42.0;14.4;5.5;76.6;0.1882;-0.0222;-0.0500;101.6750;
1008.52;0;0;0;0;58;CF;29;28;28;28;28;47B;161;3C0;3.2;26.6;44.0;14.4;5.5;76.6;0.1961;-0.0257;-0.1250;101.7000;
1008.77;0;0;0;0;58;CF;28;28;28;28;28;47E;161;3C0;3.2;26.7;53.5;14.4;5.5;76.6;0.2275;-0.0247;-0.0750;101.8500;
1009.02;0;0;0;0;58;CF;29;28;29;28;28;47C;161;3C0;3.2;26.7;63.0;14.4;5.5;76.6;0.2431;-0.0237;-0.0250;101.6500;
1009.27;0;0;0;0;58;CF;28;28;28;28;29;47E;161;3C0;3.2;26.6;77.5;14.4;5.5;76.6;0.2549;-0.0216;0.0250;101.7500;
1009.52;0;0;0;0;58;CF;29;28;29;29;29;481;161;3C0;3.2;26.6;93.5;14.4;5.5;76.6;0.2784;-0.0193;0.1000;101.9000;
1009.77;0;0;0;0;58;CF;29;29;29;29;29;487;161;3C0;3.2;26.4;102.0;14.4;5.5;76.6;0.3020;-0.0105;0.1750;101.9750;
1010.02;0;0;0;0;58;CF;29;29;29;29;29;48E;161;3C0;3.2;26.4;110.0;14.4;5.5;76.6;0.2980;-0.0056;0.2250;101.9750;
1010.27;0;0;0;0;58;CF;29;29;29;29;29;495;161;3C0;3.2;26.4;118.0;14.4;5.5;76.6;0.3176;-0.0021;0.2000;102.2750;
1010.52;0;0;0;0;58;CF;2A;2A;2A;2A;2A;4A0;161;3C0;3.2;26.1;123.5;14.4;5.5;76.6;0.3137;0.0029;0.2750;102.0750;
1010.77;0;0;0;0;58;CF;2A;2A;2A;2A;2A;4A9;161;3C0;3.2;25.8;132.0;14.4;5.5;76.6;0.3333;0.0044;0.2750;0.0000;
1011.02;0;0;0;0;58;CF;2A;2A;2A;2A;2A;4B4;161;3C0;3.2;25.8;133.5;14.4;5.5;76.6;0.3294;0.0044;0.4000;102.1500;
1011.27;0;0;0;0;58;CF;2B;2B;2B;2B;2B;4BF;161;3C0;3.2;25.6;143.5;14.4;5.5;76.6;0.3490;0.0043;0.4000;101.7500;
1011.52;0;0;0;0;58;CF;2B;2B;2B;2B;2B;4C9;161;3C0;3.2;25.6;142.0;14.4;5.5;76.6;0.3412;0.0041;0.3750;102.2000;
1011.77;0;0;0;0;58;CF;2B;2C;2B;2B;2C;4D3;161;3C0;3.2;25.3;150.5;14.4;5.5;76.6;0.3569;0.0029;0.4250;102.1750;
1012.02;0;0;0;0;58;CF;2C;2C;2C;2C;2C;4DE;161;3C0;3.2;24.9;149.5;14.4;5.5;76.6;0.3490;0.0029;0.3750;102.2500;
1012.27;0;0;0;0;58;CF;2C;2C;2C;2C;2C;4E7;161;3C0;3.2;24.9;146.5;14.4;5.5;76.6;0.3608;0.0028;0.4000;102.1500;
1012.52;0;0;0;0;58;CF;2D;2D;2D;2D;2D;4F4;161;3C0;3.2;25.0;155.5;14.4;5.5;76.6;0.3608;0.0028;0.4250;102.2000;
1012.77;0;0;0;0;58;CF;2D;2D;2D;2D;2D;4FC;161;3C0;3.2;24.8;153.0;14.4;5.5;76.6;0.3569;0.0000;0.4250;102.0500;
1013.02;0;0;0;0;58;CF;2D;2D;2D;2D;2E;50D;161;3C0;3.2;24.8;147.0;14.4;5.5;76.6;0.3451;-0.0003;0.4000;101.9500;
1013.27;0;0;0;0;58;CF;2E;2E;2E;2E;2E;517;161;3C0;3.2;24.8;142.5;14.4;5.5;76.6;0.3412;-0.0014;0.4750;102.2000;
1013.53;0;0;0;0;58;CF;2E;2E;2E;2E;2E;51E;161;3C0;3.2;24.6;136.0;14.4;5.5;76.6;0.3294;-0.0007;0.3500;102.1250;
1013.78;0;0;0;0;58;CF;2E;2F;2F;2F;2F;523;161;3C0;3.2;24.8;132.5;14.4;5.5;76.6;0.3255;0.0054;0.2500;102.2250;
1014.03;0;0;0;0;58;CF;2F;2F;2F;2F;2F;534;161;3C0;3.2;24.8;127.5;14.4;5.5;76.6;0.3176;0.0097;0.2750;102.3000;
1014.28;0;0;0;0;58;CF;2F;2F;2F;2F;2F;53B;161;3C0;3.2;24.8;123.0;14.4;5.5;76.6;0.3137;0.0123;0.2500;0.0000;
1014.53;0;0;0;0;58;CF;2F;2F;2F;2F;2F;53C;161;3C0;3.2;24.8;119.0;14.4;5.5;76.6;0.3059;0.0118;0.2000;102.3000;
1014.78;0;0;0;0;58;CF;30;30;30;30;30;542;161;3C0;3.2;24.8;116.0;14.4;5.5;76.6;0.3059;0.0093;0.2250;102.3250;
1015.03;0;0;0;0;58;CF;30;30;30;30;30;54C;161;3C0;3.2;25.1;111.0;14.4;5.5;76.6;0.2980;0.0062;0.1750;0.0000;
1015.28;0;0;0;0;58;CF;30;30;30;30;30;54F;161;3C0;3.2;25.1;108.5;14.4;5.5;76.6;0.2941;0.0025;0.2000;0.1000;
1015.53;0;0;0;0;58;CF;30;31;30;30;30;555;15F;3C0;3.2;25.0;105.0;14.4;5.5;76.6;0.2863;-0.0008;0.2750;0.1250;
1015.78;0;0;0;0;58;CF;30;30;30;30;31;55C;15F;3C0;3.2;24.9;101.5;14.4;5.5;76.6;0.2824;-0.0007;0.1500;101.8750;
1016.03;0;0;0;0;58;CF;31;31;31;31;31;561;15F;3C0;3.2;24.9;98.0;14.4;5.5;76.6;0.2784;0.0028;0.1250;102.0250;
1016.28;0;0;0;0;58;CF;31;31;31;31;31;563;15F;3C0;3.2;25.1;95.5;14.4;5.5;76.6;0.2745;0.0029;0.1750;102.0750;
1016.53;0;0;0;0;58;CF;31;31;31;31;31;565;15F;3C0;3.2;24.9;92.5;14.4;5.5;76.6;0.2706;0.0029;0.1000;102.1250;
1016.78;0;0;0;0;58;CF;31;31;31;31;31;56B;15F;3C0;3.2;24.9;90.5;14.4;5.5;76.6;0.2667;0.0046;0.1000;102.2000;
1017.03;0;0;0;0;58;CF;31;31;31;31;31;56B;15F;3C0;3.2;25.1;88.0;14.4;5.5;76.6;0.2627;0.0052;0.0750;102.3250;
1017.28;0;0;0;0;58;CF;31;31;31;31;31;56E;15F;3C0;3.2;25.1;86.0;14.4;5.5;76.6;0.2627;0.0052;0.1000;102.1750;
1017.53;0;0;0;0;58;CF;31;31;31;31;31;570;15F;3C0;3.2;25.4;83.5;14.4;5.5;76.6;0.2588;0.0026;0.0750;102.1500;
1017.78;0;0;0;0;58;CF;31;31;31;31;31;574;15F;3C0;3.2;25.4;82.0;14.4;5.5;76.6;0.2549;0.0013;0.0500;102.1250;
1018.03;0;0;0;0;58;CF;31;31;31;31;31;578;15F;3C0;3.2;25.4;80.5;14.4;5.5;76.6;0.2549;0.0022;0.0750;102.1250;
1018.28;0;0;0;0;58;CF;31;31;31;31;32;576;15F;3C0;3.2;25.4;79.5;14.4;5.5;76.6;0.2510;0.0025;0.0500;102.0750;
1018.54;0;0;0;0;59;CF;31;31;31;31;32;578;15F;3C0;3.2;25.3;77.5;14.4;5.5;76.6;0.2510;0.0026;0.0000;102.0000;
1018.79;0;0;0;0;59;CF;31;31;31;31;32;577;15F;3C0;3.2;25.4;77.0;14.4;5.5;76.6;0.2510;0.0054;-0.0250;102.0500;
1019.04;0;0;0;0;59;CF;31;32;31;32;32;579;15F;3C0;3.2;25.4;76.0;14.4;5.5;76.6;0.2471;0.0061;0.0750;101.9500;
1019.29;0;0;0;0;59;CF;31;32;32;32;32;57C;15F;3C0;3.2;25.3;74.0;14.4;5.5;76.6;0.2471;0.0074;0.1000;102.2000;
1019.54;0;0;0;0;59;CF;31;32;31;32;32;57F;15F;3C0;3.2;25.3;73.0;14.4;5.5;76.6;0.2431;0.0091;0.0250;102.2000;
1019.79;0;0;0;0;59;CF;31;32;31;32;32;57D;15F;3C0;3.2;25.3;72.0;14.4;5.5;76.6;0.2431;0.0084;0.0500;102.1500;
1020.04;0;0;0;0;59;CF;31;32;32;32;32;57C;15F;3C0;3.2;25.7;72.0;14.4;5.5;76.6;0.2431;0.0056;-0.0500;102.2000;
1020.29;0;0;0;0;59;CF;32;32;32;32;32;581;15F;3C0;3.2;25.7;70.5;14.4;5.5;76.6;0.2392;0.0046;0.0000;102.2250;
1020.54;0;0;0;0;59;CF;32;32;32;32;32;581;15F;3C0;3.2;25.7;69.5;14.4;5.5;76.6;0.2392;0.0038;0.0000;102.2000;
1020.79;0;0;0;0;59;CF;32;32;32;32;32;580;15F;3C0;3.2;25.9;68.5;14.4;5.5;76.6;0.2353;0.0029;-0.0250;102.2250;
1021.04;0;0;0;0;59;CF;32;32;32;32;32;583;15F;3C0;3.2;25.9;67.0;14.4;5.5;76.6;0.2353;0.0028;0.0000;102.2500;
1021.29;0;0;0;0;59;CF;32;32;32;32;32;585;15F;3C0;3.2;25.9;65.5;14.4;5.5;76.6;0.2353;0.0041;0.0500;0.0000;
1021.54;0;0;0;0;59;CF;32;32;32;32;32;582;15F;3C0;3.2;25.9;66.0;14.4;5.5;76.6;0.2314;0.0051;0.0000;102.3250;
1021.79;0;0;0;0;59;CF;32;32;32;32;32;584;15F;3C0;3.2;26.1;65.0;14.4;5.5;76.6;0.2314;0.0054;-0.0500;0.0000;
1022.04;0;0;0;0;59;CF;32;32;32;32;32;584;15F;3C0;3.2;26.1;65.0;14.4;5.5;76.6;0.2314;0.0057;-0.0250;102.3750;
1022.29;0;0;0;0;59;CF;32;32;32;32;32;582;15F;3C0;3.2;26.1;65.0;14.4;5.5;76.6;0.2314;0.0061;-0.0250;102.3250;
1022.54;0;0;0;0;59;CF;32;32;32;32;32;583;15F;3C0;3.2;26.4;64.5;14.4;5.5;76.6;0.2314;0.0067;0.0000;0.0000;
1022.79;0;0;0;0;59;CF;32;32;32;32;32;583;15F;3C0;3.2;26.4;63.5;14.4;5.5;76.6;0.2314;0.0091;-0.0500;0.0250;
1023.04;0;0;0;0;59;CF;32;32;32;32;32;57F;15F;3C0;3.2;26.5;64.0;14.4;5.5;76.6;0.2314;0.0092;-0.0750;0.0000;
1023.29;0;0;0;0;59;CF;32;32;32;32;32;585;15F;3C0;3.2;26.5;64.0;14.4;5.5;76.6;0.2314;0.0095;-0.0250;102.1500;
1023.55;0;0;0;0;59;CF;32;32;32;32;32;586;15F;3C0;3.2;26.5;62.5;14.4;5.5;76.6;0.2275;0.0099;0.0500;102.0000;
1023.80;0;0;0;0;59;CF;32;32;32;32;32;583;15F;3C0;3.2;26.6;62.5;14.4;5.5;76.6;0.2275;0.0091;-0.0250;102.2750;
1024.06;0;0;0;0;59;CF;32;32;32;32;32;584;15F;3C0;3.2;26.6;62.5;14.4;5.5;76.6;0.2275;0.0084;-0.0250;102.3750;
1024.31;0;0;0;0;59;CF;32;32;32;32;32;587;15F;3C0;3.2;26.5;62.5;14.4;5.5;76.6;0.2275;0.0072;0.0000;102.1750;
1024.56;0;0;0;0;59;CF;32;32;32;32;32;584;15F;3C0;3.2;26.5;62.0;14.4;5.5;76.6;0.2275;0.0031;0.0000;102.1250;
1024.81;0;0;0;0;59;CF;32;32;32;32;32;583;15F;3C0;3.2;26.5;61.5;14.4;5.5;76.6;0.2275;0.0033;-0.0250;101.9750;
1025.06;0;0;0;0;59;CF;32;32;32;32;32;587;15F;3C0;3.2;26.5;59.5;14.4;5.5;76.6;0.2235;0.0044;0.0000;102.0250;
1025.31;0;0;0;0;59;CF;32;32;32;32;32;586;15F;3C0;3.2;26.5;59.0;14.4;5.5;76.6;0.2235;0.0047;0.0250;102.1750;
1025.56;0;0;0;0;59;CF;32;32;32;32;32;589;15F;3C0;3.2;26.3;58.0;14.4;5.5;76.6;0.2196;0.0047;0.0250;102.0750;
1025.81;0;0;0;0;59;CF;32;32;32;32;32;58D;15F;3C0;3.2;26.3;55.5;14.4;5.5;76.6;0.2157;0.0047;0.0250;102.2000;
1026.06;0;0;0;0;59;CF;32;32;32;32;32;58C;15F;3C0;3.2;26.3;54.5;14.4;5.5;76.6;0.2157;0.0049;0.0250;102.1500;
1026.31;0;0;0;0;59;CF;32;32;32;32;32;58B;15F;3C0;3.2;26.3;53.0;14.4;5.5;76.6;0.2118;0.0051;0.0000;102.0000;
1026.56;0;0;0;0;59;CF;32;32;32;32;32;58F;15F;3C0;3.2;26.2;52.0;14.4;5.5;76.6;0.2118;0.0049;0.0000;102.0750;
1026.81;0;0;0;0;59;CF;32;32;32;32;32;58F;15F;3C0;3.2;26.3;50.5;14.4;5.5;76.6;0.2078;0.0016;-0.0250;102.1750;
1027.06;0;0;0;0;59;CF;32;32;32;32;32;58E;15F;3C0;3.2;26.3;50.5;14.4;5.5;76.6;0.2039;-0.0034;-0.0250;102.1250;
1027.31;0;0;0;0;59;CF;32;32;32;32;32;591;15F;3C0;3.2;26.1;48.0;14.4;5.5;76.6;0.2000;-0.0074;0.0000;101.8250;
1027.56;0;0;0;0;59;CF;32;32;32;32;32;58E;15F;3C0;3.2;25.9;47.0;14.4;5.5;76.6;0.2000;-0.0097;0.0000;101.5250;
1027.81;0;0;0;0;59;CF;32;32;32;32;32;58E;15F;3C0;3.2;25.9;46.5;14.4;5.5;76.6;0.2000;-0.0091;-0.0500;101.6250;
1028.06;0;0;0;0;59;CF;32;32;32;32;32;58F;15F;3C0;3.2;25.7;46.0;14.4;5.5;76.6;0.2000;-0.0084;-0.0500;101.6500;
1028.31;0;0;0;0;59;CF;32;32;32;32;32;58F;15F;3C0;3.2;25.7;45.0;14.4;5.5;76.6;0.1961;-0.0066;0.0000;101.8000;
1028.57;0;0;0;0;59;CF;32;32;32;32;32;58F;15F;3C0;3.2;25.4;44.5;14.4;5.5;76.6;0.1961;-0.0022;0.0000;101.9000;
1028.82;0;0;0;0;59;CF;32;32;32;32;32;590;15F;3C0;3.2;25.5;43.0;14.4;5.5;76.6;0.1922;-0.0020;0.0000;101.9750;
1029.07;0;0;0;0;59;CF;32;32;32;32;32;591;15F;3C0;3.2;25.5;42.0;14.4;5.5;76.6;0.1922;-0.0021;-0.0250;101.8750;
1029.32;0;0;0;0;59;CF;32;32;32;32;32;58F;15F;3C0;3.2;25.4;41.5;14.4;5.5;76.6;0.1882;-0.0022;0.0000;101.8750;
1029.57;0;0;0;0;59;CF;32;33;32;32;32;593;15F;3C0;3.2;25.5;40.5;14.4;5.5;76.6;0.1882;-0.0022;-0.0250;102.0750;
1029.82;0;0;0;0;59;CF;32;32;32;32;32;593;15F;3C0;3.2;25.5;39.0;14.4;5.5;76.6;0.1882;-0.0016;-0.0250;101.9750;
1030.07;0;0;0;0;59;CF;32;32;32;32;32;590;15F;3C0;3.2;25.5;39.0;14.4;5.5;76.6;0.1882;0.0007;-0.0250;102.2000;
1030.32;0;0;0;0;59;CF;32;32;32;32;32;594;15F;3C0;3.2;25.4;38.0;14.4;5.5;76.6;0.1843;0.0014;-0.0250;102.2500;
1030.57;0;0;0;0;59;CF;32;32;32;32;32;590;15F;3C0;3.2;25.4;37.5;14.4;5.5;76.6;0.1843;0.0007;0.0000;102.0750;
1030.82;0;0;0;0;59;CF;32;32;32;32;32;590;15F;3C0;3.2;25.4;37.5;14.4;5.5;76.6;0.1843;0.0004;-0.0500;102.0000;
1031.07;0;0;0;0;59;CF;32;32;32;32;32;592;15F;3C0;3.2;25.4;36.0;14.4;5.5;76.6;0.1804;0.0007;-0.0500;102.1250;
1031.32;0;0;0;0;59;CF;32;32;32;32;32;591;15F;3C0;3.2;25.4;35.5;14.4;5.5;76.6;0.1804;0.0008;-0.0250;102.0500;
1031.57;0;0;0;0;59;CF;32;32;32;32;32;592;15F;3C0;3.2;25.3;35.0;14.4;5.5;76.6;0.1804;0.0013;-0.0250;102.0500;
1031.82;0;0;0;0;59;CF;32;32;32;32;32;590;15F;3C0;3.2;25.6;34.0;14.4;5.5;76.6;0.1765;0.0025;-0.0250;102.1500;
1032.07;0;0;0;0;59;CF;32;32;32;32;32;58F;15F;3C0;3.2;25.6;33.5;14.4;5.5;76.6;0.1765;0.0029;-0.0500;102.1750;
1032.32;0;0;0;0;59;CF;32;32;32;32;32;58C;15E;3C0;3.2;25.8;33.5;14.4;5.5;76.6;0.1765;0.0031;-0.0250;102.1250;
1032.57;0;0;0;0;59;CF;32;32;32;32;32;591;15E;3C0;3.2;26.0;32.5;14.4;5.5;76.6;0.1765;0.0025;-0.0500;102.0500;
1032.82;0;0;0;0;59;CF;32;32;32;32;32;590;15E;3C0;3.2;26.0;33.0;14.4;5.5;76.6;0.1765;0.0025;0.0000;102.1750;
1033.07;0;0;0;0;59;CF;32;32;32;32;32;590;15E;3C0;3.2;26.0;32.5;14.4;5.5;76.6;0.1725;0.0025;0.0000;102.1250;
1033.32;0;0;0;0;59;CF;32;32;32;32;32;590;15E;3C0;3.2;26.0;30.5;14.4;5.5;76.6;0.1725;0.0025;0.0000;102.1250;
1033.58;0;0;0;0;59;CF;32;32;32;32;32;58E;15E;3C0;3.2;26.1;30.5;14.4;5.5;76.6;0.1686;0.0025;-0.0250;102.0250;
1033.83;0;0;0;0;59;CF;32;32;32;32;32;58E;15E;3C0;3.2;26.2;29.5;14.4;5.5;76.6;0.1686;0.0025;-0.0250;101.9750;
1034.08;0;0;0;0;59;CF;32;32;32;32;32;591;15E;3C0;3.2;26.2;29.0;14.4;5.5;76.6;0.1686;0.0004;0.0000;102.0750;
1034.33;0;0;0;0;59;CF;32;32;32;32;32;590;15E;3C0;3.2;26.1;28.5;14.4;5.5;76.6;0.1686;-0.0011;-0.0250;101.8750;
1034.58;0;0;0;0;59;CF;32;32;32;32;32;590;15E;3C0;3.2;26.1;28.0;14.4;5.5;76.6;0.1647;-0.0041;-0.0250;101.9000;
1034.83;0;0;0;0;59;CF;32;32;32;32;32;592;15E;3C0;3.2;26.2;27.0;14.4;5.5;76.6;0.1647;-0.0067;-0.0250;101.7000;
1035.08;0;0;0;0;59;CF;32;32;32;32;32;58B;15E;3C0;3.2;26.2;27.0;14.4;5.5;76.6;0.1647;-0.0072;-0.0250;101.9750;
1035.33;0;0;0;0;59;CF;32;32;32;32;32;58D;15E;3C0;3.2;26.1;27.0;14.4;5.5;76.6;0.1647;-0.0051;-0.0500;101.9250;
1035.58;0;0;0;0;59;CF;32;32;32;32;32;590;15E;3C0;3.2;26.0;26.0;14.4;5.5;76.6;0.1647;-0.0022;0.0000;102.0250;
1035.83;0;0;0;0;59;CF;32;32;32;32;32;58F;15E;3C0;3.2;26.0;26.0;14.4;5.5;76.6;0.1647;-0.0014;-0.0250;101.9250;
1036.08;0;0;0;0;59;CF;32;32;32;32;32;590;15E;3C0;3.2;26.1;24.5;14.4;5.5;76.6;0.1608;-0.0001;0.0000;101.9250;
1036.33;0;0;0;0;59;CF;32;32;32;32;32;591;15E;3C0;3.2;26.1;23.5;14.4;5.5;76.6;0.1569;0.0000;-0.0500;102.0750;
1036.58;0;0;0;0;59;CF;32;32;32;32;32;58F;15E;3C0;3.2;26.1;23.0;14.4;5.5;76.6;0.1569;0.0004;-0.0250;102.0250;
1036.83;0;0;0;0;59;CF;32;32;32;32;32;58F;15E;3C0;3.2;25.9;22.5;14.4;5.5;76.6;0.1569;0.0004;0.0000;102.0750;
1037.08;0;0;0;0;59;CF;32;32;32;32;32;591;15E;3C0;3.2;25.9;22.0;14.4;5.5;76.6;0.1529;0.0004;-0.0250;101.9500;
1037.33;0;0;0;0;59;CF;32;32;32;32;32;58F;15E;3C0;3.2;26.0;21.5;14.4;5.5;76.6;0.1529;0.0004;-0.0250;101.9750;
1037.58;0;0;0;0;59;CF;32;32;32;32;32;591;15E;3C0;3.2;26.0;20.5;14.4;5.5;76.6;0.1529;0.0001;0.0000;102.0250;
1037.83;0;0;0;0;59;CF;32;32;32;32;32;592;15E;3C0;3.2;26.0;20.5;14.4;5.5;76.6;0.1490;0.0007;-0.0500;102.1250;
1038.08;0;0;0;0;59;CF;32;32;32;32;32;58F;15E;3C0;3.2;26.0;19.5;14.4;5.5;76.6;0.1490;0.0013;0.0000;102.1750;
1038.33;0;0;0;0;59;CF;32;32;32;32;32;590;15E;3C0;3.2;26.0;18.5;14.4;5.5;76.6;0.1412;0.0018;0.0000;102.1750;
1038.59;0;0;0;0;59;CF;32;32;32;32;32;58D;15E;3C0;3.2;26.1;10.0;14.4;5.5;76.6;0.2941;0.0038;-0.0750;102.1750;
1038.84;0;0;0;0;59;CF;32;32;32;32;32;59D;15E;3C0;3.2;26.1;76.5;14.4;5.5;76.6;0.4196;0.0054;-0.0250;102.1250;
1039.09;0;0;0;0;59;CF;33;33;33;33;33;5A6;15E;3C0;3.2;26.3;165.5;14.4;5.5;76.6;0.7608;0.0069;0.3250;102.3250;
1039.34;0;0;0;0;59;CF;34;33;33;34;34;5B8;15E;3C0;3.2;26.0;191.5;14.4;5.5;76.6;0.9412;0.0079;0.4500;102.3500;
1039.59;0;0;0;0;59;CF;34;34;34;34;34;5D4;15E;3C0;3.2;26.0;212.0;14.4;5.5;76.6;0.9843;0.0025;0.6750;102.2500;
1039.84;0;0;0;0;59;CF;35;35;35;35;35;5E5;15E;3C0;3.2;26.1;229.5;14.4;5.5;76.6;0.9961;0.0025;0.7750;102.1750;
1040.09;0;0;0;0;59;CF;36;36;36;36;36;608;15E;3C0;3.2;26.1;256.0;14.4;5.5;76.6;0.9961;0.0025;0.9000;102.0250;
1040.34;0;0;0;0;59;CF;37;36;37;37;37;624;15E;3C0;3.2;25.8;270.5;14.4;5.5;76.6;0.9961;0.0025;1.0250;102.2000;
1040.59;0;0;0;0;59;CF;38;38;38;38;38;64A;15E;3C0;3.2;25.4;296.5;14.4;5.5;76.6;0.9961;0.0025;1.2250;102.1250;
1040.84;0;0;0;0;59;CF;39;3A;3A;3A;3A;663;15E;3C0;3.2;25.4;320.0;14.4;5.5;76.6;0.9961;0.0025;1.2250;102.2000;
1041.09;0;0;0;0;59;CF;3B;3B;3B;3B;3B;694;15E;3C0;3.2;25.3;356.5;14.4;5.5;76.6;0.9961;0.0026;1.4750;102.0750;
1041.34;0;0;0;0;59;CF;3D;3D;3D;3D;3D;6B5;15E;3C0;3.2;24.7;361.0;14.4;5.5;76.6;0.9961;0.0028;1.5250;102.1500;
1041.59;0;0;0;0;59;CF;3F;3F;3F;3F;3F;6FD;15E;3C0;3.2;24.7;368.5;14.4;5.5;76.6;0.9961;0.0046;2.0000;102.1750;
1041.84;0;0;0;0;59;CF;40;40;40;40;40;726;15E;3C0;3.2;24.2;372.0;14.4;5.5;76.6;0.9961;0.0047;2.0250;102.2250;
1042.09;0;0;0;0;59;CF;43;43;43;43;43;763;15E;3C0;3.2;24.2;376.5;14.4;5.5;76.6;0.9961;0.0047;2.1000;102.0500;
1042.34;0;0;0;0;59;CF;44;44;44;44;44;793;15E;3C0;3.2;23.7;378.0;14.4;5.5;76.6;0.9961;0.0049;2.2500;102.1250;
1042.59;0;0;0;0;59;CF;46;47;47;47;47;7D6;15E;3C0;3.2;23.7;380.0;14.4;5.5;76.6;0.9961;0.0046;2.2500;102.2250;
1042.84;0;0;0;0;59;CF;48;48;48;48;48;803;15E;3C0;3.2;23.1;379.5;14.4;5.5;76.6;0.9961;0.0031;2.1500;102.2500;
1043.09;0;0;0;0;59;CF;4A;4B;4B;4B;4A;848;15E;3C0;3.2;23.1;379.0;14.4;5.5;76.6;0.9961;0.0013;2.1250;102.2000;
1043.34;0;0;0;0;59;CF;4C;4C;4C;4C;4C;86E;15E;3C0;3.2;22.4;380.5;14.4;5.5;76.6;0.9961;-0.0009;2.1000;102.1500;
1043.61;0;0;0;0;59;CF;4F;4F;4F;4E;4F;8B3;15E;3C0;3.2;22.3;380.5;14.4;5.5;76.6;0.9961;-0.0004;2.1500;101.9500;
1043.86;0;0;0;0;59;CF;50;50;50;50;50;8E0;15E;3C0;3.2;22.3;379.0;14.4;5.5;76.6;0.9961;0.0014;2.1250;102.1250;
1044.11;0;0;0;0;59;CF;52;52;52;52;52;91E;15E;3C0;3.2;21.7;380.5;14.4;5.5;76.6;0.7255;0.0018;2.1000;102.2000;
1044.36;1;0;0;0;59;CF;53;53;53;53;53;8EF;15E;3C0;3.2;21.4;-40.0;14.4;5.5;76.6;0.0000;0.0020;1.9500;102.1250;
1044.61;1;0;0;0;59;CF;53;53;53;53;54;7E7;15E;3C0;3.2;21.4;-6.0;14.4;5.5;76.6;0.3490;0.0029;0.7000;0.1000;
1044.86;1;0;0;0;59;CF;53;53;54;54;53;980;15E;3C0;3.2;22.2;305.5;14.4;5.5;76.6;0.9961;0.0028;0.1750;102.2250;
1045.11;0;0;0;0;59;CF;55;55;55;55;55;793;15E;3C0;3.2;22.2;369.0;14.4;5.5;76.6;0.9961;0.0026;0.8500;0.2000;
1045.36;0;0;0;0;59;CF;56;56;56;56;56;7A9;15E;3C0;3.2;22.2;377.0;14.4;5.5;76.6;0.9961;0.0022;1.1000;102.3000;
1045.61;0;0;0;0;59;CF;58;58;58;58;58;7CE;15E;3C0;3.2;22.3;379.5;14.4;5.5;76.6;0.9961;0.0038;1.3750;102.2250;
1045.86;0;0;0;0;59;CF;59;59;59;59;59;7E7;15E;3C0;3.2;22.3;379.5;14.4;5.5;76.6;0.9961;0.0054;1.4500;0.0500;
1046.11;0;0;0;0;59;CF;5B;5B;5B;5B;5B;80D;15E;3C0;3.2;22.5;379.0;14.4;5.5;76.6;0.9961;0.0075;1.5250;0.1250;
1046.36;0;0;0;0;59;CF;5C;5C;5C;5C;5C;82B;15E;3C0;3.2;22.5;379.0;14.4;5.5;76.6;0.9961;0.0153;1.6000;0.4500;
1046.61;0;0;0;0;59;CF;5E;5E;5E;5E;5E;855;15E;3C0;3.2;22.5;379.0;14.4;5.5;76.6;0.9961;0.0157;1.6000;0.8250;
1046.86;0;0;0;0;59;CF;5F;5F;5F;5F;5F;870;15E;3C0;3.2;22.5;379.5;14.4;5.5;76.6;0.9961;0.0141;1.6000;0.8000;
1047.11;0;0;0;0;59;CF;61;61;61;61;61;899;15E;3C0;3.2;23.2;378.0;14.4;5.5;76.6;0.9961;0.0140;1.6500;0.8250;
1047.36;0;0;0;0;59;CF;62;63;62;62;62;8B6;15E;3C0;3.2;23.9;379.5;14.4;5.5;76.6;0.9961;0.0148;1.7000;0.7250;
1047.61;0;0;0;0;59;CF;64;64;64;64;64;8DC;15E;3C0;3.2;23.9;378.5;14.4;5.5;76.6;0.9961;0.0150;1.7500;0.8500;
1047.86;0;0;0;0;59;CF;65;66;65;66;65;8FB;15E;3C0;3.2;24.0;379.5;14.4;5.5;76.6;0.9961;0.0150;1.7250;0.8250;
1048.11;0;0;0;0;59;CF;67;67;67;67;67;922;15E;3C0;3.2;24.0;379.5;14.4;5.5;76.6;0.9961;0.0141;1.6500;0.7500;
1048.36;0;0;0;0;5A;CF;68;69;68;68;69;93C;15E;3C0;3.2;25.0;380.0;14.4;5.5;76.6;0.6902;0.0123;1.6500;0.6750;
1048.62;1;0;0;0;5A;CF;69;69;69;69;69;8B7;15E;3C0;3.2;25.6;-35.0;14.4;5.5;76.6;0.0000;0.0070;1.0500;0.5750;
1048.87;1;0;0;0;5A;CF;69;69;69;69;69;7E2;15E;3C0;3.2;25.6;-35.5;14.4;5.5;76.6;0.0000;0.0038;0.4000;0.1500;
1049.12;0;0;0;0;5A;CF;68;68;68;68;69;796;15E;3C0;3.2;25.7;-38.0;14.4;5.5;76.6;0.0000;-0.0031;0.0500;102.2250;
1049.37;0;0;0;0;5A;CF;68;68;68;68;69;78E;15E;3C0;3.2;26.5;-38.5;14.4;5.5;76.6;0.0000;-0.0056;-0.2000;101.9000;
1049.62;0;0;0;0;5A;CF;68;68;68;68;68;784;15E;3C0;3.2;26.5;-38.0;14.4;5.5;76.6;0.0000;-0.0072;-0.2500;102.1750;
1049.87;0;0;0;0;5A;CF;67;68;67;67;68;777;15E;3C0;3.2;26.9;-38.0;14.4;5.5;76.6;0.0000;-0.0087;-0.3750;101.7000;
1050.12;0;0;0;0;5A;CF;67;67;67;67;67;776;15E;3C0;3.2;27.3;-38.0;14.4;5.5;76.6;0.0000;-0.0104;-0.4250;101.6000;
1050.37;0;0;0;0;5A;CF;67;67;67;66;67;773;15E;3C0;3.2;27.3;-38.0;14.4;5.5;76.6;0.0000;-0.0102;-0.4750;101.6750;
1050.62;0;0;0;0;5A;CF;66;66;66;66;67;768;15E;3C0;3.2;27.9;-37.5;14.4;5.5;76.6;0.0000;-0.0104;-0.4250;101.7250;
1050.87;0;0;0;0;5A;CF;66;65;66;66;66;760;15E;3C0;3.2;27.9;-37.5;14.4;5.5;76.6;0.0000;-0.0109;-0.4750;101.5750;
1051.12;0;0;0;0;5A;CF;66;65;65;65;66;75B;15E;3C0;3.2;27.6;-37.5;14.4;5.5;76.6;0.0000;-0.0118;-0.5000;101.5250;
1051.37;0;0;0;0;5A;CF;65;65;65;65;65;752;15E;3C0;3.2;27.6;-37.0;14.4;5.5;76.6;0.0000;-0.0143;-0.4750;101.4000;
1051.62;0;0;0;0;5A;CF;65;65;65;65;65;74D;15E;3C0;3.2;27.7;-37.0;14.4;5.5;76.6;0.0000;-0.0157;-0.4500;101.2750;
1051.87;0;0;0;0;5A;CF;64;64;64;64;64;747;15E;3C0;3.2;27.7;-37.0;14.4;5.5;76.6;0.0000;-0.0157;-0.4750;101.2500;
1052.12;0;0;0;0;5A;CF;64;64;64;64;64;736;15E;3C0;3.2;27.7;-37.0;14.4;5.5;76.6;0.0000;-0.0143;-0.5000;101.2250;
1052.37;0;0;0;0;5A;CF;63;63;63;63;64;733;15E;3C0;3.2;27.1;-36.5;14.4;5.5;76.6;0.0000;-0.0109;-0.4500;101.6000;
1052.62;0;0;0;0;5A;CF;63;63;63;63;63;72A;15E;3C0;3.2;27.1;-36.5;14.4;5.5;76.6;0.0000;-0.0102;-0.4500;101.6500;
1052.87;0;0;0;0;5B;CF;62;63;62;62;63;722;15E;3C0;3.2;27.1;-36.0;14.4;5.5;76.6;0.0000;-0.0091;-0.4500;101.8250;
1053.12;0;0;0;0;5B;CF;62;62;62;62;63;721;15E;3C0;3.2;26.9;-36.0;14.4;5.5;76.6;0.0000;-0.0082;-0.4500;101.8250;
1053.37;0;0;0;0;5B;CF;62;62;62;62;62;71B;15E;3C0;3.2;26.9;-36.0;14.4;5.5;76.6;0.0000;-0.0074;-0.4500;101.9000;
1053.63;0;0;0;0;5B;CF;61;62;61;61;62;70E;15C;3C0;3.2;26.2;-36.0;14.4;5.5;76.6;0.0000;-0.0069;-0.4500;101.9500;
1053.88;0;0;0;0;5B;CF;61;61;61;61;61;709;15C;3C0;3.2;26.2;-35.5;14.4;5.5;76.6;0.0000;-0.0067;-0.3750;101.9500;
1054.13;0;0;0;0;5B;CF;61;61;61;61;61;708;15C;3C0;3.2;26.4;-35.5;14.4;5.5;76.6;0.0000;-0.0052;-0.3250;102.1750;
1054.38;0;0;0;0;5B;CF;61;60;61;60;61;6FE;15C;3C0;3.2;26.7;-35.5;14.4;5.5;76.6;0.0000;-0.0016;-0.3500;102.2000;
1054.63;0;0;0;0;5B;CF;60;60;60;60;61;6FA;15C;3C0;3.2;26.7;-35.5;14.4;5.5;76.6;0.0000;-0.0034;-0.3250;102.2750;
1054.88;0;0;0;0;5B;CF;60;60;60;60;60;6F7;15C;3C0;3.2;26.8;-35.5;14.4;5.5;76.6;0.0000;-0.0056;-0.2750;102.1750;
1055.13;0;0;0;0;5B;CF;60;60;60;60;60;6F3;15C;3C0;3.2;26.8;-35.5;14.4;5.5;76.6;0.0000;-0.0093;-0.2250;101.9000;
1055.38;0;0;0;0;5B;CF;60;60;60;60;60;6F0;15C;3C0;3.2;27.3;-35.5;14.4;5.5;76.6;0.0000;-0.0109;-0.2250;101.9750;
1055.63;0;0;0;0;5B;CF;5F;5F;5F;5F;60;6EA;15C;3C0;3.2;27.3;-35.5;14.4;5.5;76.6;0.0000;-0.0127;-0.2250;101.5500;
1055.88;0;0;0;0;5B;CF;5F;5F;5F;5F;60;6E7;15C;3C0;3.2;27.2;-35.5;14.4;5.5;76.6;0.0000;-0.0143;-0.2250;101.5000;
1056.13;0;0;0;0;5B;CF;5F;5F;5F;5F;5F;6E2;15C;3C0;3.2;27.3;-35.5;14.4;5.5;76.6;0.0000;-0.0172;-0.2000;101.2000;
1056.38;0;0;0;0;5B;CF;5F;5F;5F;5E;5F;6DF;15C;3C0;3.2;27.3;-35.5;14.4;5.5;76.6;0.0000;-0.0201;-0.2500;100.9500;
1056.63;0;0;0;0;5B;CF;5F;5E;5F;5E;5F;6DD;15C;3C0;3.2;27.6;-35.5;14.4;5.5;76.6;0.0000;-0.0201;-0.2500;100.9750;
1056.88;0;0;0;0;5B;CF;5E;5E;5E;5E;5F;6D6;15C;3C0;3.2;27.6;-35.5;14.4;5.5;76.6;0.0000;-0.0201;-0.2250;100.9750;
1057.13;0;0;0;0;5B;CF;5F;5E;5E;5E;5F;6D5;15C;3C0;3.2;27.0;-35.5;14.4;5.5;76.6;0.0000;-0.0196;-0.2000;101.1750;
1057.38;0;0;0;0;5B;CF;5E;5E;5E;5E;5E;6D3;15C;3C0;3.2;26.6;-35.5;14.4;5.5;76.6;0.0000;-0.0132;-0.1750;101.5750;
1057.63;0;0;0;0;5A;CF;5E;5E;5E;5E;5E;6D0;15C;3C0;3.2;26.6;-35.5;14.4;5.5;76.6;0.0000;-0.0123;-0.1500;101.5250;
1057.88;0;1;0;0;5A;CF;5E;5E;5E;5E;5E;6D0;15C;3C0;3.2;26.8;-35.5;14.4;5.5;76.6;0.0000;-0.0087;-0.2000;101.8500;
1058.13;0;1;0;0;5A;CF;5D;5D;5D;5D;5E;6C2;15C;3C0;3.2;26.8;-35.5;14.4;5.5;76.6;0.0000;-0.0026;-0.5500;102.3250;
1058.38;0;1;0;0;5A;CF;5D;5D;5C;5D;5D;6B8;15C;3C0;3.2;26.8;-35.0;14.4;5.5;76.6;0.0000;0.0084;-0.6500;0.3750;
1058.65;0;1;0;0;5A;CF;5C;5D;5C;5C;5D;6B3;15C;3C0;3.2;27.2;-35.0;14.4;5.5;76.6;0.0000;0.0150;-0.5000;0.6500;
1058.90;0;0;0;0;5A;CF;5C;5D;5C;5C;5C;6AC;15C;3C0;3.2;27.2;-35.0;14.4;5.5;76.6;0.0000;0.0212;-0.3750;1.2500;
1059.15;0;0;0;0;5A;CF;5C;5D;5C;5C;5C;6AC;15C;3C0;3.2;27.9;-35.0;14.4;5.5;76.6;0.0000;0.0247;-0.2500;1.7750;
1059.40;0;0;0;0;5A;CF;5C;5C;5B;5C;5C;6A8;15C;3C0;3.2;27.9;-35.0;14.4;5.5;76.6;0.0000;0.0278;-0.1500;1.6750;
1059.65;0;0;0;0;5A;CF;5C;5C;5C;5C;5C;6AC;15C;3C0;3.2;28.8;-35.0;14.4;5.5;76.6;0.0000;0.0308;-0.1000;2.0250;
1059.90;0;0;0;0;5A;CF;5B;5C;5B;5C;5C;6A7;15C;3C0;3.2;28.8;-35.0;14.4;5.5;76.6;0.0000;0.0308;-0.0750;2.3000;
1060.15;0;0;0;0;5A;CF;5B;5C;5B;5C;5C;6A7;15C;3C0;3.2;30.1;-35.0;14.4;5.5;76.6;0.0000;0.0308;-0.1000;1.9500;
1060.40;0;0;0;0;5A;CF;5B;5C;5B;5C;5C;6A6;15C;3C0;3.2;31.6;-35.0;14.4;5.5;76.6;0.0000;0.0321;-0.1000;2.3000;
1060.65;0;0;0;0;5A;CF;5B;5C;5B;5C;5C;6A5;15C;3C0;3.2;31.6;-35.0;14.4;5.5;76.6;0.0000;0.0328;-0.0500;2.4250;
1060.90;0;0;0;0;5A;CF;5B;5C;5B;5C;5C;6A3;15C;3C0;3.2;33.2;-35.5;14.4;5.5;76.6;0.0000;0.0328;-0.1000;2.3250;
1061.15;0;0;0;0;5A;CF;5B;5C;5B;5C;5C;6A4;15C;3C0;3.2;35.2;-35.5;14.4;5.5;76.6;0.0000;0.0288;-0.1000;2.0500;
1061.40;0;0;0;0;5A;CF;5B;5C;5B;5C;5C;6A2;15C;3C0;3.2;35.2;-35.5;14.4;5.5;76.6;0.0000;0.0224;-0.0500;1.3750;
1061.65;0;0;0;0;5A;CF;5B;5C;5B;5C;5C;6A2;15C;3C0;3.2;36.7;-35.5;14.4;5.5;76.6;0.0000;0.0209;-0.0750;1.3250;
1061.90;0;0;0;0;5A;CF;5B;5C;5B;5B;5C;69F;15C;3C0;3.2;36.7;-36.0;14.4;5.5;76.6;0.0000;0.0196;-0.1000;1.0500;
1062.15;0;0;0;0;5A;CF;5B;5B;5B;5B;5C;69F;15C;3C0;3.2;37.3;-36.0;14.4;5.5;76.6;0.0000;0.0189;-0.1250;1.1750;
1062.40;0;0;0;0;5A;CF;5B;5B;5B;5B;5B;699;15C;3C0;3.2;38.1;-36.0;14.4;5.5;76.6;0.0000;0.0189;-0.1250;1.0750;
1062.65;0;0;0;0;5A;CF;5B;5B;5B;5B;5B;69C;15C;3C0;3.2;38.1;-36.0;14.4;5.5;76.6;0.0000;0.0189;-0.1250;1.1000;
1062.90;0;0;0;0;5A;CF;5B;5B;5B;5B;5B;698;15C;3C0;3.2;38.2;-36.0;14.4;5.5;76.6;0.0000;0.0189;-0.1250;0.8750;
1063.15;0;0;0;0;5A;CF;5B;5B;5B;5B;5B;696;15C;3C0;3.2;38.0;-36.0;14.4;5.5;76.6;0.0000;0.0158;-0.1250;0.8750;
1063.40;0;0;0;0;5A;CF;5B;5B;5A;5B;5B;692;15C;3C0;3.2;38.0;-35.5;14.4;5.5;76.6;0.0000;0.0118;-0.1500;0.8250;
1063.66;0;0;0;0;5A;CF;5A;5B;5A;5B;5B;691;15C;3C0;3.2;38.0;-36.0;14.4;5.5;76.6;0.0000;0.0118;-0.1500;0.5750;
1063.91;0;0;0;0;5A;CF;5A;5B;5A;5A;5B;68E;15C;3C0;3.2;37.3;-36.0;14.4;5.5;76.6;0.0000;0.0117;-0.1500;0.6750;
1064.16;0;0;0;0;5A;CF;5A;5A;5A;5A;5B;68E;15C;3C0;3.2;36.9;-36.0;14.4;5.5;76.6;0.0000;0.0091;-0.1250;0.7250;
1064.41;0;0;0;0;5A;CF;5A;5B;5A;5A;5B;689;15C;3C0;3.2;36.9;-36.0;14.4;5.5;76.6;0.0000;0.0087;-0.1250;0.5500;
1064.66;0;0;0;0;5A;CF;5A;5A;5A;5A;5B;68A;15C;3C0;3.2;36.2;-36.0;14.4;5.5;76.6;0.0000;0.0084;-0.1750;0.7250;
1064.91;0;0;0;0;5A;CF;5A;5A;5A;5A;5A;686;15C;3C0;3.2;36.2;-36.0;14.4;5.5;76.6;0.0000;0.0057;-0.1500;0.5500;
1065.16;0;0;0;0;5A;CF;5A;5A;5A;5A;5A;689;15C;3C0;3.2;35.4;-36.0;14.4;5.5;76.6;0.0000;-0.0039;-0.1250;0.0000;
1065.41;0;0;0;0;5A;CF;5A;5A;5A;5A;5A;684;15C;3C0;3.2;34.5;-35.5;14.4;5.5;76.6;0.0000;-0.0038;-0.0750;102.1500;
1065.66;0;0;0;0;5A;CF;5A;5A;5A;5A;5A;685;15C;3C0;3.2;34.5;-36.0;14.4;5.5;76.6;0.0000;-0.0033;-0.1000;102.2750;
1065.91;0;0;0;0;5A;CF;5A;5A;5A;5A;5A;685;15C;3C0;3.2;33.1;-36.0;14.4;5.5;76.6;0.0000;-0.0008;-0.0750;102.3250;
1066.16;1;0;0;0;5A;CF;5A;5A;5A;5A;5A;639;15C;3C0;3.2;32.6;-35.0;14.4;5.5;76.6;0.0000;0.0046;-0.0250;0.0250;
1066.41;1;0;0;0;5A;CF;5A;5A;5A;5A;5A;609;15C;3C0;3.2;32.6;113.0;14.4;5.5;76.6;0.5294;0.0062;0.0750;0.4000;
1066.66;1;0;0;0;5A;CF;5A;5A;5A;5A;5A;7DF;15C;3C0;3.2;32.3;-41.0;14.4;5.5;76.6;0.0000;0.0062;0.0500;0.5250;
1066.91;1;0;0;0;5A;CF;5A;5A;5A;5A;5B;75D;15C;3C0;3.2;32.3;-36.0;14.4;5.5;76.6;0.0000;0.0051;0.1000;0.5250;
1067.16;1;0;0;0;5A;CF;5A;5A;5A;5A;5A;7F9;15C;3C0;3.2;31.8;-37.0;14.4;5.5;76.6;0.0000;0.0014;0.0000;0.3500;
1067.41;0;0;0;0;5A;CF;5A;5A;5A;5A;5A;7F9;15C;3C0;3.2;31.6;-40.5;14.4;5.5;76.6;0.0000;-0.0013;-0.0750;0.0500;
1067.66;0;0;0;0;5A;CF;5A;5A;5A;5A;5A;7F4;15C;3C0;3.2;31.6;-40.5;14.4;5.5;76.6;0.0000;-0.0011;-0.0750;0.0000;
1067.91;0;0;0;0;5A;CF;5A;5A;5A;5A;5B;7FC;15C;3C0;3.2;31.6;-40.5;14.4;5.5;76.6;0.0000;0.0000;0.0250;0.1250;
1068.16;0;0;0;0;5A;CF;5A;5A;5A;5A;5B;7FA;15C;3C0;3.2;31.3;-40.0;14.4;5.5;76.6;0.0000;0.0001;0.0500;0.1000;
1068.41;0;0;0;0;5A;CF;5B;5B;5A;5A;5B;7FA;15C;3C0;3.2;30.9;-40.0;14.4;5.5;76.6;0.0000;-0.0041;0.0250;0.0000;
1068.67;0;0;0;0;59;CF;5B;5B;5A;5A;5B;7FA;15C;3C0;3.2;30.9;-40.0;14.4;5.5;76.6;0.0000;-0.0077;0.0500;102.0000;
1068.92;0;0;0;0;59;CF;5B;5B;5B;5A;5B;7FD;15C;3C0;3.2;30.8;-40.0;14.4;5.5;76.6;0.0000;-0.0077;0.1000;102.0250;
1069.17;0;0;0;0;59;CF;5B;5B;5B;5B;5B;802;15C;3C2;3.2;30.0;-40.0;14.4;5.5;76.6;0.0000;-0.0062;0.1000;102.0500;
1069.42;0;0;0;0;59;CF;5B;5B;5B;5B;5B;807;15B;3C0;3.2;30.0;-40.0;14.4;5.5;76.6;0.0000;-0.0059;0.1000;102.1500;
1069.67;0;0;0;0;59;CF;5B;5B;5B;5B;5B;807;15B;3C2;3.2;29.5;-40.0;14.4;5.5;76.6;0.0000;-0.0057;0.1250;102.0500;
1069.92;0;0;0;0;59;CF;5B;5B;5B;5B;5B;80D;15B;3C0;3.2;30.0;-40.0;14.4;5.5;76.6;0.0000;-0.0052;0.1500;102.1250;
1070.17;0;0;0;0;59;CF;5C;5C;5B;5B;5C;810;15B;3C2;3.2;30.0;-39.5;14.4;5.5;76.6;0.0000;-0.0033;0.1500;102.1500;
1070.42;0;1;0;0;59;CF;5B;5B;5B;5B;5C;810;15B;3C2;3.2;30.1;-39.5;14.4;5.5;76.6;0.0000;-0.0026;-0.1500;102.2750;
1070.67;0;1;0;0;59;CF;5B;5C;5B;5B;5C;811;15B;3C2;3.2;30.1;-39.5;14.4;5.5;76.6;0.0000;-0.0021;-0.1250;0.0000;
1070.92;0;1;0;0;59;CF;5B;5B;5B;5B;5C;812;15B;3C2;3.2;29.9;-39.5;14.4;5.5;76.6;0.0000;-0.0020;0.2250;0.0000;
1071.17;0;1;0;0;59;CF;5B;5B;5B;5B;5B;80F;15B;3C2;3.2;29.9;-39.5;14.4;5.5;76.6;0.0000;-0.0034;-0.5000;102.2500;
1071.42;0;1;0;0;59;CF;5B;5B;5B;5B;5B;805;15B;3C2;3.2;29.9;-39.5;14.4;5.5;76.6;0.0000;-0.0036;-0.3500;102.3250;
1071.67;0;1;0;0;59;CF;5B;5A;5A;5A;5B;800;15B;3C2;3.2;30.3;-39.5;14.4;5.5;76.6;0.0000;-0.0041;-0.6000;102.2000;
1071.92;0;1;0;0;59;CF;5A;5A;5A;5A;5B;7F2;15B;3C2;3.2;30.3;-39.5;14.4;5.5;76.6;0.0000;-0.0041;-0.4500;102.2250;
1072.17;0;1;0;0;59;CF;5A;5A;5A;59;5A;7EA;15B;3C2;3.2;30.3;-39.5;14.4;5.5;76.6;0.0000;-0.0041;-0.6750;102.3000;
1072.42;0;1;0;0;59;CF;59;59;59;59;5A;7DF;15B;3C2;3.2;30.3;-39.5;14.4;5.5;76.6;0.0000;-0.0047;-0.5250;102.1750;
1072.67;0;1;0;0;59;CF;59;59;59;59;59;7D9;15B;3C2;3.2;30.5;-39.5;14.4;5.5;76.6;0.0000;-0.0046;-0.5250;102.2000;
1072.92;0;1;0;0;59;CF;58;58;58;58;59;7CB;15B;3C2;3.2;30.7;-39.5;14.4;5.5;76.6;0.0000;-0.0046;-0.2500;102.1750;
1073.17;0;1;0;0;59;CF;58;57;58;58;58;7C5;15B;3C2;3.2;30.7;-39.5;14.4;5.5;76.6;0.0000;-0.0043;-0.7250;102.3250;
1073.42;0;1;0;0;59;CF;58;57;57;57;58;7B8;15B;3C2;3.2;30.9;-39.5;14.4;5.5;76.6;0.0000;-0.0041;-0.2250;102.2250;
1073.69;0;1;0;0;59;CF;57;57;57;57;57;7AE;15B;3C2;3.2;30.9;-39.0;14.4;5.5;76.6;0.0000;-0.0041;-0.4750;102.2250;
1073.94;0;0;0;0;59;CF;57;57;57;57;57;7AE;15B;3C2;3.2;31.7;-39.0;14.4;5.5;76.6;0.0000;-0.0041;-0.2750;102.2000;
1074.19;0;1;0;0;59;CF;57;57;57;57;57;7AD;15B;3C2;3.2;31.8;-39.0;14.4;5.5;76.6;0.0000;-0.0041;-0.0250;102.1750;
1074.44;0;1;0;0;59;CF;57;57;57;57;57;7A9;15B;3C2;3.2;31.8;-39.0;14.4;5.5;76.6;0.0000;-0.0041;-0.2500;102.3500;
1074.69;0;1;0;0;59;CF;57;56;57;57;57;7A8;15B;3C2;3.2;31.6;-39.0;14.4;5.5;76.6;0.0000;-0.0041;-0.1000;102.2500;
1074.94;0;1;0;0;59;CF;56;56;56;56;57;79D;15B;3C2;3.2;32.1;-39.0;14.4;5.5;76.6;0.0000;-0.0041;-0.3750;102.2000;
1075.19;0;1;0;0;58;CF;56;56;56;56;56;79A;15B;3C2;3.2;32.1;-38.5;14.4;5.5;76.6;0.0000;-0.0062;-0.4250;102.0500;
1075.44;0;1;0;0;58;CF;56;55;55;55;56;78C;15B;3C2;3.2;31.9;-38.5;14.4;5.5;76.6;0.0000;-0.0061;-0.3500;102.2750;
1075.69;0;1;0;0;58;CF;55;55;55;55;55;785;15B;3C2;3.2;31.9;-38.5;14.4;5.5;76.6;0.0000;-0.0062;-0.2500;102.3000;
1075.94;0;1;0;0;58;CF;55;55;55;55;55;777;15B;3C2;3.2;31.4;-38.0;14.4;5.5;76.6;0.0000;-0.0059;-0.5500;101.9500;
1076.19;0;1;0;0;58;CF;54;54;54;54;54;770;15B;3C2;3.2;31.4;-38.0;14.4;5.5;76.6;0.0000;-0.0047;-0.5250;102.1750;
1076.44;0;1;0;0;58;CF;53;54;54;54;54;75D;15B;3C2;3.2;31.7;-37.5;14.4;5.5;76.6;0.0000;-0.0041;-0.8500;102.1500;
1076.69;0;1;0;0;58;CF;53;53;53;53;53;757;15B;3C2;3.2;31.7;-37.5;14.4;5.5;76.6;0.0000;-0.0036;-0.3250;102.2750;
1076.94;0;1;0;0;58;CF;52;53;52;52;53;745;15B;3C2;3.2;31.7;-37.5;14.4;5.5;76.6;0.0000;-0.0029;-0.8500;102.3250;
1077.19;0;1;0;0;58;CF;52;52;52;52;52;73B;15B;3C2;3.2;31.6;-37.0;14.4;5.5;76.6;0.0000;-0.0014;-0.5250;102.3250;
1077.44;0;1;0;0;58;CF;51;51;51;51;52;72E;15B;3C2;3.2;31.6;-37.0;14.4;5.5;76.6;0.0000;-0.0011;-0.6000;0.0000;
1077.69;0;1;0;0;58;CF;51;51;51;51;51;726;15B;3C2;3.2;32.1;-36.5;14.4;5.5;76.6;0.0000;-0.0008;-0.4000;0.0000;
1077.94;0;1;0;0;58;CF;50;50;50;50;51;715;15B;3C2;3.2;32.2;-36.5;14.4;5.5;76.6;0.0000;0.0003;-0.8250;0.0000;
1078.19;0;1;0;0;58;CF;4F;50;50;4F;50;70B;15B;3C2;3.2;32.2;-36.0;14.4;5.5;76.6;0.0000;0.0026;-0.4000;0.2000;
1078.44;0;1;0;0;58;CF;4F;4F;4F;4F;4F;700;15B;3C2;3.2;32.4;-36.0;14.4;5.5;76.6;0.0000;0.0022;-0.5750;0.2500;
1078.71;0;1;0;0;58;CF;4E;4F;4F;4E;4F;6EE;15B;3C2;3.2;32.4;-36.0;14.4;5.5;76.6;0.0000;0.0000;-0.3750;0.1250;
1078.96;0;1;0;0;58;CF;4E;4E;4E;4E;4E;6E4;15B;3C2;3.2;33.2;-36.0;14.4;5.5;76.6;0.0000;-0.0029;-0.8750;102.3500;
1079.21;0;1;0;0;58;CF;4E;4E;4D;4D;4E;6D6;15B;3C2;3.2;33.2;-35.5;14.4;5.5;76.6;0.0000;-0.0029;-0.5250;102.1750;
1079.46;0;1;0;0;58;CF;4D;4C;4D;4D;4D;6CC;15B;3C2;3.2;33.2;-35.5;14.4;5.5;76.6;0.0000;-0.0041;-0.3250;102.1250;
1079.71;0;0;0;0;58;CF;4D;4D;4D;4D;4D;6C9;15B;3C2;3.2;33.1;-35.5;14.4;5.5;76.6;0.0000;-0.0057;-0.2750;101.9500;
1079.96;0;1;0;0;58;CF;4D;4D;4D;4D;4D;6CC;15B;3C2;3.2;33.1;-35.5;14.4;5.5;76.6;0.0000;-0.0069;0.0750;101.7500;
1080.21;0;1;0;0;58;CF;4D;4D;4D;4D;4D;6C5;15B;3C2;3.2;33.1;-35.5;14.4;5.5;76.6;0.0000;-0.0072;-0.1250;101.8000;
1080.46;0;1;0;0;58;CF;4C;4C;4C;4C;4D;6BF;15B;3C2;3.2;33.1;-35.5;14.4;5.5;76.6;0.0000;-0.0067;-0.4500;101.8250;
1080.71;0;1;0;0;58;CF;4C;4C;4C;4C;4C;6B2;15B;3C2;3.2;32.6;-35.0;14.4;5.5;76.6;0.0000;-0.0049;-0.7500;101.8250;
1080.96;0;1;0;0;58;CF;4B;4B;4B;4B;4C;6AA;15B;3C4;3.2;32.3;-35.0;14.4;5.5;76.6;0.0000;0.0003;-0.5250;101.9750;
1081.21;0;1;0;0;58;CF;4B;4B;4B;4B;4B;69E;15B;3C2;3.2;32.3;-35.0;14.4;5.5;76.6;0.0000;0.0056;-0.5250;102.1750;
1081.46;0;1;0;0;58;CF;4A;4B;4A;4A;4B;697;15B;3C2;3.2;32.2;-35.0;14.4;5.5;76.6;0.0000;0.0110;-0.4750;0.2000;
1081.71;0;1;0;0;58;CF;4A;4A;4A;4A;4A;687;15B;3C4;3.2;32.2;-35.0;14.4;5.5;76.6;0.0000;0.0172;-0.5500;0.4250;
1081.96;0;1;0;0;58;CF;49;4A;49;4A;4A;680;15B;3C4;3.2;32.1;-35.0;14.4;5.5;76.6;0.0000;0.0249;-0.5250;0.9250;
1082.21;0;1;0;0;58;CF;49;49;49;49;49;673;15B;3C4;3.2;32.3;-35.0;14.4;5.5;76.6;0.0000;0.0295;-0.5500;1.0250;
1082.46;0;1;0;0;58;CF;48;49;48;49;49;668;15B;3C4;3.2;32.3;-35.0;14.4;5.5;76.6;0.0000;0.0318;-0.5750;1.3750;
1082.71;0;1;0;0;58;CF;47;48;48;48;48;659;15B;3C2;3.2;33.2;-35.0;14.4;5.5;76.6;0.0000;0.0354;-0.3500;1.6750;
1082.96;0;1;0;0;58;CF;47;48;47;47;48;654;15B;3C4;3.2;33.7;-35.0;14.4;5.5;76.6;0.0000;0.0404;-0.5500;1.7750;
1083.21;0;1;0;0;58;CF;46;47;46;47;47;644;15B;3C4;3.2;33.7;-34.5;14.4;5.5;76.6;0.0000;0.0412;-0.2250;1.9750;
1083.46;0;1;0;0;58;CF;46;47;46;46;47;639;15B;3C4;3.2;34.5;-34.5;14.4;5.5;76.6;0.0000;0.0420;-0.5250;1.8750;
1083.72;0;1;0;0;58;CF;45;46;45;46;46;62C;15B;3C4;3.2;36.2;-34.5;14.4;5.5;76.6;0.0000;0.0420;-0.7000;1.8750;
1083.97;0;1;0;0;58;CF;45;46;45;46;46;625;15B;3C4;3.2;36.2;-34.5;14.4;5.5;76.6;0.0000;0.0412;-0.4750;1.9500;
1084.22;0;1;0;0;58;CF;44;45;45;45;45;616;15B;3C4;3.2;37.4;-34.5;14.4;5.5;76.6;0.0000;0.0409;-0.6750;1.8750;
1084.47;0;1;0;0;58;CF;44;45;44;45;45;60F;15B;3C4;3.2;37.4;-34.0;14.4;5.5;76.6;0.0000;0.0410;-0.5750;1.9250;
1084.72;0;1;0;0;58;CF;44;45;44;44;44;601;15B;3C4;3.2;38.6;-34.0;14.4;5.5;76.6;0.0000;0.0420;-0.5500;1.7250;
1084.97;0;1;0;0;58;CF;43;44;43;44;44;5F8;15B;3C4;3.2;38.6;-34.0;14.4;5.5;76.6;0.0000;0.0423;-0.5250;1.7750;
1085.22;0;1;0;0;58;CF;42;43;43;43;43;5EC;15B;3C4;3.2;40.3;-33.5;14.4;5.5;76.6;0.0000;0.0410;-0.2750;1.8000;
1085.47;0;1;0;0;58;CF;42;43;42;42;43;5DE;15B;3C4;3.2;40.3;-33.5;14.4;5.5;76.6;0.0000;0.0402;-0.5000;1.5250;
1085.72;0;1;0;0;58;CF;41;42;42;42;42;5D2;15B;3C4;3.2;41.2;-33.5;14.4;5.5;76.6;0.0000;0.0387;-0.6000;1.4750;
1085.97;0;1;0;0;58;CF;41;42;41;41;42;5CB;15B;3C4;3.2;42.1;-33.5;14.4;5.5;76.6;0.0000;0.0325;-0.7750;1.2250;
1086.22;0;1;0;0;58;CF;41;41;40;41;41;5BD;15B;3C4;3.2;42.1;-33.0;14.4;5.5;76.6;0.0000;0.0307;-0.5500;1.1250;
1086.47;0;1;0;0;58;CF;40;40;40;40;40;5B8;15B;3C4;3.2;42.2;-33.0;14.4;5.5;76.6;0.0000;0.0288;-0.6500;0.9750;
1086.72;0;1;0;0;58;CF;3F;40;3F;40;40;59F;159;3C4;3.2;41.8;-33.0;14.4;5.5;76.6;0.0000;0.0273;-0.6500;0.7750;
1086.97;0;1;0;0;58;CF;3F;3F;3F;3F;3F;597;159;3C4;3.2;41.8;-32.5;14.4;5.5;76.6;0.0000;0.0252;-0.5250;0.7000;
1087.22;0;1;0;0;58;CF;3E;3F;3E;3F;3F;585;159;3C4;3.2;41.3;-32.5;14.4;5.5;76.6;0.0000;0.0236;-0.6500;0.6500;
1087.47;0;1;0;0;58;CF;3E;3E;3D;3E;3E;580;159;3C4;3.2;41.3;-32.5;14.4;5.5;76.6;0.0000;0.0219;-0.6000;0.4500;
1087.72;0;1;0;0;58;CF;3D;3D;3D;3E;3E;56E;159;3C4;3.2;40.8;-32.5;14.4;5.5;76.6;0.0000;0.0184;-0.6750;0.2500;
1087.97;0;1;0;0;58;CF;3D;3D;3D;3D;3D;55F;159;3C4;3.2;39.5;-32.0;14.4;5.5;76.6;0.0000;0.0109;-0.3250;0.1000;
1088.22;0;1;0;0;58;CF;3C;3C;3C;3C;3C;555;159;3C4;3.2;39.5;-32.0;14.4;5.5;76.6;0.0000;0.0075;-0.7500;102.3000;
1088.47;0;1;0;0;58;CF;3B;3B;3B;3C;3C;54A;159;3C4;3.2;38.6;-32.0;14.4;5.5;76.6;0.0000;0.0049;-0.8000;102.3250;
1088.74;0;1;0;0;58;CF;3B;3B;3B;3B;3B;533;159;3C4;3.2;38.6;-31.5;14.4;5.5;76.6;0.0000;0.0025;-0.9250;102.1500;
1088.99;0;1;0;0;58;CF;3A;3A;3A;3A;3A;52C;159;3C4;3.2;37.8;-32.0;14.4;5.5;76.6;0.0000;0.0000;-1.0000;101.8500;
1089.24;0;1;0;0;58;CF;3A;3A;3A;3A;3A;51E;159;3C6;3.2;37.8;-31.5;14.4;5.5;76.6;0.0000;-0.0001;-0.4500;102.2750;
1089.49;0;1;0;0;58;CF;39;39;39;39;39;50A;159;3C6;3.2;36.3;-31.5;14.4;5.5;76.6;0.0000;-0.0001;-0.7750;102.1500;
1089.74;0;1;0;0;58;CF;39;38;38;38;39;4FE;159;3C4;3.2;35.5;-31.5;14.4;5.5;76.6;0.0000;0.0000;-0.4500;102.2000;
1089.99;0;1;0;0;58;CF;38;38;38;38;38;4ED;159;3C6;3.2;35.5;-31.5;14.4;5.5;76.6;0.0000;-0.0021;-0.6500;102.3500;
1090.24;0;1;0;0;58;CF;37;37;37;37;38;4E8;159;3C6;3.2;34.5;-31.5;14.4;5.5;76.6;0.0000;-0.0018;-0.6500;101.8000;
1090.49;0;1;0;0;58;CF;37;37;37;37;37;4D8;159;3C6;3.2;34.5;-31.0;14.4;5.5;76.6;0.0000;-0.0011;-0.7750;0.0500;
1090.74;0;1;0;0;58;CF;36;36;36;36;36;4D1;159;3C6;3.2;33.7;-31.0;14.4;5.5;76.6;0.0000;-0.0008;-0.6500;102.0000;
1090.99;0;1;0;0;58;CF;36;36;36;36;36;4C0;159;3C6;3.2;33.3;-31.0;14.4;5.5;76.6;0.0000;-0.0004;-0.5250;0.1250;
1091.24;0;1;0;0;58;CF;35;36;35;35;35;4BA;159;3C6;3.2;33.3;-31.0;14.4;5.5;76.6;0.0000;0.0004;-0.5250;0.5000;
1091.49;0;0;0;0;58;CF;35;35;35;35;35;4B3;159;3C6;3.2;32.9;-31.0;14.4;5.5;76.6;0.0000;0.0026;-0.2750;102.3500;
1091.74;0;0;0;0;58;CF;35;35;35;35;35;4B2;159;3C6;3.2;31.9;-30.5;14.4;5.5;76.6;0.0000;0.0049;-0.2250;102.3250;
1091.99;0;0;0;0;58;CF;35;35;35;35;35;4B3;159;3C6;3.2;31.9;-30.5;14.4;5.5;76.6;0.0000;0.0091;-0.1000;0.1250;
1092.24;0;0;0;0;58;CF;35;35;35;35;35;4B2;159;3C6;3.2;31.6;-30.5;14.4;5.5;76.6;0.0000;0.0086;-0.0750;0.0500;
1092.49;0;0;0;0;58;CF;35;35;35;35;35;4B1;159;3C6;3.2;31.6;-31.0;14.4;5.5;76.6;0.0000;0.0072;-0.0750;102.3250;
1092.74;0;0;0;0;58;CF;35;35;35;35;35;4B1;159;3C6;3.2;31.5;-30.5;14.4;5.5;76.6;0.0000;0.0051;-0.0750;102.1750;
1092.99;0;0;0;0;58;CF;35;35;35;35;35;4B2;159;3C6;3.2;31.5;-30.5;14.4;5.5;76.6;0.0000;0.0016;-0.0250;0.0250;
1093.24;0;0;0;0;58;CF;35;35;35;35;35;4AF;159;3C6;3.2;31.0;-30.5;14.4;5.5;76.6;0.0000;0.0018;0.0000;102.3000;
1093.49;0;0;0;0;58;CF;35;35;35;35;35;4B0;159;3C6;3.2;31.0;-30.5;14.4;5.5;76.6;0.0000;0.0025;-0.0500;0.0000;
1093.75;0;0;0;0;58;CF;35;35;35;35;35;4AE;159;3C6;3.2;30.8;-30.5;14.4;5.5;76.6;0.0000;0.0033;-0.0250;102.3250;
1094.00;0;0;0;0;58;CF;35;35;35;35;35;4AE;159;3C6;3.2;30.6;-30.5;14.4;5.5;76.6;0.0000;0.0067;-0.0500;0.0500;
1094.25;0;0;0;0;58;CF;35;35;35;35;35;4AE;159;3C6;3.2;30.6;-30.5;14.4;5.5;76.6;0.0000;0.0095;-0.0500;102.3750;
1094.50;0;0;0;0;58;CF;35;35;35;35;35;4AC;159;3C6;3.2;30.1;-30.5;14.4;5.5;76.6;0.0000;0.0107;-0.0750;0.1000;
1094.75;0;0;0;0;58;CF;35;35;35;35;35;4AC;159;3C6;3.2;30.0;-30.5;14.4;5.5;76.6;0.0000;0.0112;-0.0750;102.3000;
1095.00;0;0;0;0;58;CF;34;35;34;35;35;4A9;159;3C6;3.2;30.0;-30.5;14.4;5.5;76.6;0.0000;0.0153;-0.1000;0.2000;
1095.25;0;0;0;0;58;CF;34;35;34;35;35;4AB;159;3C6;3.2;29.9;-30.5;14.4;5.5;76.6;0.0000;0.0191;-0.0500;0.2000;
1095.50;0;0;0;0;58;CF;35;35;34;35;35;4A8;159;3C6;3.2;29.9;-30.5;14.4;5.5;76.6;0.0000;0.0255;-0.1000;0.4500;
1095.75;0;0;0;0;58;CF;34;35;34;35;35;4A5;159;3C6;3.2;29.6;-30.5;14.4;5.5;76.6;0.0000;0.0298;-0.1000;0.8500;
1096.00;0;0;0;0;58;CF;34;35;34;34;34;4A5;159;3C6;3.2;30.1;-30.5;14.4;5.5;76.6;0.0000;0.0364;-0.1000;0.8000;
1096.25;0;0;0;0;58;CF;34;35;34;35;34;4A4;159;3C6;3.2;30.1;-30.5;14.4;5.5;76.6;0.0000;0.0326;-0.0500;0.9000;
1096.50;0;0;0;0;58;CF;34;34;34;34;34;4A4;159;3C6;3.2;30.9;-30.5;14.4;5.5;76.6;0.0000;0.0321;-0.0500;0.8750;
1096.75;0;0;0;0;58;CF;34;35;34;34;34;4A3;159;3C6;3.2;30.9;-30.5;14.4;5.5;76.6;0.0000;0.0291;0.0000;0.8250;
1097.00;0;0;0;0;58;CF;34;34;34;34;34;4A1;159;3C6;3.2;30.9;-30.5;14.4;5.5;76.6;0.0000;0.0285;-0.0750;0.8500;
1097.25;0;0;0;0;58;CF;34;34;34;34;34;4A0;159;3C6;3.2;30.9;-30.5;14.4;5.5;76.6;0.0000;0.0288;-0.1000;0.5750;
1097.50;0;0;0;0;58;CF;34;35;34;34;34;49E;159;3C6;3.2;31.1;-30.5;14.4;5.5;76.6;0.0000;0.0300;-0.0750;0.7000;
1097.75;0;0;0;0;58;CF;34;34;34;34;34;49D;159;3C6;3.2;31.8;-30.5;14.4;5.5;76.6;0.0000;0.0313;-0.0750;0.5750;
1098.00;0;0;0;0;58;CF;34;34;34;34;34;49D;159;3C6;3.2;31.8;-30.5;14.4;5.5;76.6;0.0000;0.0280;-0.0500;0.6000;
1098.25;0;0;0;0;58;CF;34;34;34;34;34;49E;159;3C6;3.2;32.0;-30.5;14.4;5.5;76.6;0.0000;0.0262;-0.0250;0.5750;
1098.50;0;0;0;0;58;CF;34;34;34;34;34;49F;159;3C6;3.2;32.0;-30.5;14.4;5.5;76.6;0.0000;0.0259;0.0000;0.5750;
1098.76;0;0;0;0;58;CF;34;34;33;34;34;49B;159;3C6;3.2;32.3;-30.5;14.4;5.5;76.6;0.0000;0.0236;-0.1000;0.1750;
1099.01;0;0;0;0;58;CF;34;34;34;34;34;49C;159;3C6;3.2;32.6;-30.5;14.4;5.5;76.6;0.0000;0.0241;-0.1000;0.5000;
1099.26;0;0;0;0;58;CF;34;34;34;34;34;498;159;3C6;3.2;32.6;-30.5;14.4;5.5;76.6;0.0000;0.0252;-0.0500;0.5500;
1099.51;0;0;0;0;58;CF;33;34;33;34;34;494;159;3C6;3.2;32.7;-30.5;14.4;5.5;76.6;0.0000;0.0273;-0.1500;0.8500;
1099.76;0;0;0;0;57;CF;33;34;33;34;34;492;159;3C6;3.2;32.8;-30.5;14.4;5.5;76.6;0.0000;0.0312;-0.1250;0.9000;
1100.01;0;0;0;0;57;CF;33;34;33;34;34;491;159;3C6;3.2;32.8;-30.5;14.4;5.5;76.6;0.0000;0.0314;-0.1000;1.0750;
1100.26;0;0;0;0;57;CF;33;34;33;34;33;48F;159;3C6;3.2;33.1;-30.5;14.4;5.5;76.6;0.0000;0.0314;-0.1000;1.0750;
1100.51;0;0;0;0;57;CF;33;33;33;33;33;48A;159;3C6;3.2;33.1;-30.5;14.4;5.5;76.6;0.0000;0.0312;-0.1500;1.1750;
1100.76;0;0;0;0;57;CF;33;33;33;33;33;48C;159;3C6;3.2;33.0;-30.5;14.4;5.5;76.6;0.0000;0.0291;-0.1250;1.1750;
1101.01;0;0;0;0;57;CF;33;33;33;33;33;488;159;3C6;3.2;33.3;-30.5;14.4;5.5;76.6;0.0000;0.0246;-0.1250;1.0250;
1101.26;0;0;0;0;57;CF;33;33;33;33;33;487;159;3C6;3.2;33.3;-30.5;14.4;5.5;76.6;0.0000;0.0164;-0.1250;0.8000;
1101.51;0;0;0;0;57;CF;33;33;33;33;33;484;159;3C6;3.2;33.3;-30.5;14.4;5.5;76.6;0.0000;0.0110;-0.1000;0.8000;
1101.76;0;1;0;0;57;CF;32;33;33;32;33;47F;159;3C6;3.2;33.9;-30.5;14.4;5.5;76.6;0.0000;-0.0020;-0.6500;0.1500;
1102.01;0;0;0;0;57;CF;32;32;32;32;32;475;159;3C6;3.2;33.7;-30.0;14.4;5.5;76.6;0.0000;-0.0086;-0.5000;102.3250;
1102.26;0;0;0;0;57;CF;32;32;32;32;32;475;159;3C6;3.2;33.7;-30.5;14.4;5.5;76.6;0.0000;-0.0175;-0.2750;102.3000;
1102.51;0;0;0;0;57;CF;32;32;32;32;32;46D;159;3C6;3.2;33.5;-30.0;14.4;5.5;76.6;0.0000;-0.0260;-0.2750;101.8500;
1102.76;0;0;0;0;57;CF;32;32;32;31;32;46B;159;3C6;3.2;33.1;-30.0;14.4;5.5;76.6;0.0000;-0.0397;-0.2000;101.3000;
1103.01;0;0;0;0;57;CF;32;31;32;31;32;469;159;3C6;3.2;33.1;-30.0;14.4;5.5;76.6;0.0000;-0.0412;-0.2000;101.4250;
1103.26;0;0;0;0;57;CF;32;31;32;31;32;465;159;3C6;3.2;32.3;-30.0;14.4;5.5;76.6;0.0000;-0.0445;-0.2000;101.2000;
1103.51;0;0;0;0;57;CF;32;31;32;31;32;45F;159;3C6;3.2;32.3;-30.0;14.4;5.5;76.6;0.0000;-0.0493;-0.2250;101.0000;
1103.77;0;0;0;0;57;CF;31;31;31;31;31;45E;159;3C6;3.2;31.4;-30.5;14.4;5.5;76.6;0.0000;-0.0524;-0.2000;100.9750;
1104.02;0;0;0;0;57;CF;31;31;31;31;31;45A;159;3C6;3.2;30.8;-30.5;14.4;5.5;76.6;0.0000;-0.0570;-0.2000;100.7750;
1104.27;0;0;0;0;57;CF;31;31;31;30;31;457;159;3C6;3.2;30.8;-30.5;14.4;5.5;76.6;0.0000;-0.0577;-0.1500;100.9750;
1104.52;0;0;0;0;57;CF;31;31;31;30;31;452;159;3C6;3.2;29.4;-31.0;14.4;5.5;76.6;0.0000;-0.0577;-0.1750;100.8500;
1104.77;0;0;0;0;57;CF;31;30;31;30;31;450;159;3C6;3.2;28.0;-31.0;14.4;5.5;76.6;0.0000;-0.0546;-0.1750;100.8000;
1105.02;0;0;0;0;57;CF;31;30;31;30;31;452;159;3C6;3.2;28.0;-31.0;14.4;5.5;76.6;0.0000;-0.0480;-0.1000;101.0750;
1105.27;0;0;0;0;57;CF;31;30;31;30;31;44E;159;3C6;3.2;27.1;-31.0;14.4;5.5;76.6;0.0000;-0.0410;-0.0500;101.2500;
1105.52;0;0;0;0;57;CF;31;31;31;31;31;453;159;3C6;3.2;27.1;-31.0;14.4;5.5;76.6;0.0000;-0.0351;0.1500;101.6250;
1105.77;0;0;0;0;57;CF;31;31;31;31;31;45B;159;3C6;3.2;25.6;-31.0;14.4;5.5;76.6;0.0000;-0.0220;0.2250;102.1750;
1106.02;0;0;0;0;57;CF;31;31;31;31;31;45F;159;3C6;3.2;25.6;-31.5;14.4;5.5;76.6;0.0000;-0.0128;0.2250;102.0250;
1106.27;0;0;0;0;57;CF;32;31;32;31;32;462;159;3C6;3.2;25.1;-31.5;14.4;5.5;76.6;0.0000;-0.0041;0.1750;0.0000;
1106.52;0;0;0;0;57;CF;32;32;32;32;32;469;159;3C6;3.2;25.4;-31.0;14.4;5.5;76.6;0.0000;0.0029;0.1750;0.5250;
1106.77;0;0;0;0;57;CF;32;32;32;32;32;470;159;3C6;3.2;25.4;-31.0;14.4;5.5;76.6;0.0000;0.0070;0.3750;0.6750;
1107.02;0;0;0;0;57;CF;32;32;32;32;32;466;159;3C6;3.2;25.8;-31.0;14.4;5.5;76.6;0.0000;0.0104;0.0250;0.7500;
1107.27;0;0;0;0;57;CF;31;32;31;31;32;469;159;3C6;3.2;25.8;-31.0;14.4;5.5;76.6;0.0000;0.0099;-0.2000;0.5500;
1107.52;0;0;0;0;57;CF;31;32;31;31;32;467;159;3C6;3.2;26.7;-30.5;14.4;5.5;76.6;0.0000;0.0075;-0.1750;0.4750;
1107.77;0;1;0;0;57;CF;31;31;31;31;31;45F;159;3C6;3.2;27.8;-30.5;14.4;5.5;76.6;0.0000;0.0059;0.0750;0.3250;
1108.02;0;1;0;0;57;CF;31;31;31;31;31;454;159;3C6;3.2;27.8;-31.0;14.4;5.5;76.6;0.0000;0.0043;-0.5000;0.3250;
1108.27;0;1;0;0;57;CF;30;30;30;30;30;450;159;3C6;3.2;28.2;-31.0;14.4;5.5;76.6;0.0000;-0.0018;-0.7000;0.1750;
1108.52;0;1;0;0;57;CF;30;30;30;30;30;43C;159;3C6;3.2;29.5;-31.0;14.4;5.5;76.6;0.0000;-0.0070;-1.0000;0.0000;
1108.79;0;0;0;0;57;CF;30;2F;30;2F;30;435;159;3C6;3.2;29.5;-31.0;14.4;5.5;76.6;0.0000;-0.0328;-0.3750;101.6500;
1109.04;0;0;0;0;57;CF;30;2F;2F;2F;2F;42D;159;3C6;3.2;30.2;-31.0;14.4;5.5;76.6;0.0000;-0.0378;-0.3750;101.7000;
1109.29;0;0;0;0;57;CF;2F;2E;2F;2F;2F;428;159;3C6;3.2;30.2;-31.0;14.4;5.5;76.6;0.0000;-0.0438;-0.2500;101.4000;
1109.54;0;0;0;0;57;CF;2F;2E;2F;2E;2F;427;159;3C6;3.2;29.9;-31.0;14.4;5.5;76.6;0.0000;-0.0476;-0.2500;101.2750;
1109.79;0;0;0;0;57;CF;2F;2E;2F;2E;2F;41F;159;3C6;3.2;29.9;-31.0;14.4;5.5;76.6;0.0000;-0.0511;-0.2750;101.2500;
1110.04;0;0;0;0;57;CF;2E;2E;2E;2E;2E;417;159;3C6;3.2;30.1;-31.0;14.4;5.5;76.6;0.0000;-0.0536;-0.3250;101.3500;
1110.29;0;0;0;0;57;CF;2E;2D;2E;2D;2E;412;159;3C6;3.2;30.1;-31.0;14.4;5.5;76.6;0.0000;-0.0612;-0.2750;100.9000;
1110.54;0;0;0;0;57;CF;2E;2D;2E;2D;2E;40D;159;3C6;3.2;29.9;-31.0;14.4;5.5;76.6;0.0000;-0.0656;-0.3250;100.7250;
1110.79;0;0;0;0;57;CF;2E;2D;2E;2D;2D;404;159;3C6;3.2;28.9;-31.5;14.4;5.5;76.6;0.0000;-0.0841;-0.3750;100.4000;
1111.04;0;0;0;0;57;CF;2E;2C;2E;2C;2D;403;159;3C6;3.2;28.9;-31.5;14.4;5.5;76.6;0.0000;-0.0951;-0.3500;99.8000;
1111.29;0;0;0;0;57;CF;2D;2C;2D;2C;2D;3F5;159;3C6;3.2;28.0;-31.5;14.4;5.5;76.6;0.0000;-0.0986;-0.3750;99.7000;
1111.54;0;0;0;0;57;CF;2D;2C;2D;2C;2D;3F0;159;3C6;3.2;26.5;-31.5;14.4;5.5;76.6;0.0000;-0.1057;-0.3750;99.5750;
1111.79;0;0;0;0;57;CF;2D;2C;2D;2B;2C;3EE;159;3C6;3.2;26.5;-31.5;14.4;5.5;76.6;0.0000;-0.1121;-0.2250;99.3750;
1112.04;0;0;0;0;57;CF;2D;2B;2D;2B;2C;3E9;159;3C6;3.2;24.7;-31.5;14.4;5.5;76.6;0.0000;-0.1197;-0.2500;99.1000;
1112.29;0;0;0;0;57;CF;2D;2B;2D;2B;2C;3E3;159;3C6;3.2;24.7;-31.5;14.4;5.5;76.6;0.0000;-0.1210;-0.2500;99.1500;
1112.54;0;0;0;0;57;CF;2C;2B;2C;2B;2C;3DD;159;3C6;3.2;23.6;-31.5;14.4;5.5;76.6;0.0000;-0.1205;-0.2750;99.3750;
1112.79;0;0;0;0;57;CF;2C;2A;2C;2A;2B;3D4;159;3C6;3.2;21.8;-31.5;14.4;5.5;76.6;0.0000;-0.1138;-0.3250;99.4750;
1113.04;0;0;0;0;57;CF;2C;2A;2B;2A;2B;3D0;159;3C6;3.2;21.8;-31.5;14.4;5.5;76.6;0.0000;-0.1040;-0.3500;99.9000;
1113.29;0;0;0;0;57;CF;2C;2A;2B;2A;2B;3CB;159;3C6;3.3;20.5;-31.5;14.4;5.5;76.6;0.0000;-0.0938;-0.3250;100.3000;
1113.54;0;0;0;0;57;CF;2B;2A;2B;2A;2B;3C7;159;3C6;3.5;20.4;-30.0;14.4;5.5;76.6;0.0000;-0.0839;-0.2250;100.5500;
1113.80;1;0;0;0;57;CF;2B;2A;2B;2A;2A;397;159;3C6;3.5;20.4;-21.0;14.4;5.5;76.6;0.0000;-0.0675;-0.3250;101.0000;
1114.05;1;0;0;0;57;CF;2B;2A;2A;2A;2A;36A;159;3C6;3.5;20.4;1.5;14.4;5.5;76.6;0.0000;-0.0648;-0.2250;100.9500;
1114.30;1;0;0;0;57;CF;2A;29;2A;2A;2A;36D;159;3C6;3.6;20.0;3.0;14.4;5.5;76.6;0.0000;-0.0644;-0.1750;101.0250;
1114.55;1;0;0;0;57;CF;2A;2A;2A;29;2A;37B;159;3C6;3.8;19.5;-0.5;14.4;5.5;76.6;0.0000;-0.0643;-0.1000;100.8500;
1114.80;1;0;0;0;57;CF;2A;29;2A;29;2A;495;159;3C6;3.8;19.5;-27.5;14.4;5.5;76.6;0.0000;-0.0560;-0.4000;101.2250;
1115.05;1;0;0;0;57;CF;2A;29;29;29;29;491;159;3C6;4.0;19.5;-28.0;14.4;5.5;76.6;0.0000;-0.0478;-0.2500;101.4000;
1115.30;0;0;0;0;57;CF;29;29;29;29;29;489;159;3C6;4.0;19.5;-32.0;14.4;5.5;76.6;0.0000;-0.0374;-0.2750;101.6250;
1115.55;0;1;0;0;57;CF;29;29;29;28;29;481;159;3C6;4.3;19.6;-31.5;14.4;5.5;76.6;0.0000;-0.0275;-0.4250;102.1250;
1115.80;0;1;0;0;57;CF;28;28;28;28;28;472;159;3C6;4.7;20.3;-31.0;14.4;5.5;76.6;0.0000;-0.0088;-0.3250;0.1500;
1116.05;0;1;0;0;57;CF;28;28;28;28;28;462;159;3C6;4.7;20.3;-31.0;14.4;5.5;76.6;0.0000;-0.0029;-0.7500;0.2500;
1116.30;0;1;0;0;57;CF;27;27;27;27;27;450;159;3C6;5.0;21.8;-31.0;14.4;5.5;76.6;0.0000;-0.0001;-1.0500;0.3250;
1116.55;0;1;0;0;57;CF;26;26;26;26;26;43F;159;3C6;5.2;23.0;-31.0;14.4;5.5;76.6;0.0000;0.0020;-1.1500;0.4500;
1116.80;0;1;0;0;57;CF;25;25;25;25;25;422;159;3C6;5.2;23.0;-31.0;14.4;5.5;76.6;0.0000;0.0049;-0.8500;0.3500;
1117.05;0;1;0;0;57;CF;24;25;24;25;25;40D;159;3C6;5.4;24.5;-31.0;14.4;5.5;76.6;0.0000;0.0064;-0.9000;0.2000;
1117.30;1;1;0;0;57;CF;23;23;23;23;24;3EF;159;3C6;5.4;24.5;-31.0;14.4;5.5;76.6;0.0000;0.0080;-1.0750;0.4250;
1117.55;1;1;0;0;57;CF;23;23;23;23;23;381;159;3C6;5.7;26.0;-12.5;14.4;5.5;76.6;0.0000;0.0082;-0.7500;0.3500;
1117.80;1;1;0;0;57;CF;22;22;22;22;22;36C;159;3C6;5.8;27.1;2.5;14.4;5.5;76.6;0.0000;0.0047;-0.9000;0.5250;
1118.05;1;1;0;0;57;CF;21;21;21;21;21;36B;159;3C6;5.8;27.1;1.5;14.4;5.5;76.6;0.0000;0.0020;-0.9250;0.4750;
1118.30;1;1;0;0;57;CF;1F;1F;1F;1F;20;461;159;3C6;5.8;27.1;-32.0;14.4;5.5;76.6;0.0000;-0.0003;-1.3250;0.3250;
1118.55;1;1;0;0;57;CF;1E;1E;1E;1E;1E;4CD;159;3C6;5.8;28.2;-31.5;14.4;5.5;76.6;0.0000;-0.0033;-1.4000;0.1250;
1118.81;1;1;0;0;57;CF;1D;1D;1D;1D;1D;483;159;3C6;5.9;29.6;-32.0;14.4;5.5;76.6;0.0000;-0.0107;-1.6000;0.1000;
1119.06;0;1;0;0;57;CF;1B;1B;1B;1B;1C;459;159;3C6;5.9;29.6;-31.5;14.4;5.5;76.6;0.0000;-0.0181;-1.3500;102.3500;
1119.31;0;1;0;0;57;CF;1A;1A;1B;1A;1B;41E;159;3C6;6.1;30.5;-31.5;14.4;5.5;76.6;0.0000;-0.0280;-1.3750;102.0500;
1119.56;0;1;0;0;57;CF;19;19;19;18;19;3F3;159;3C6;6.1;31.2;-31.0;14.4;5.5;76.6;0.0000;-0.0767;-1.7750;101.6500;
1119.81;1;1;0;0;57;CF;18;17;18;17;18;3BA;159;3C6;6.1;31.2;-31.0;14.4;5.5;76.6;0.0000;-0.1075;-1.5000;101.2750;
1120.06;1;1;0;0;57;CF;17;16;17;16;17;37B;159;3C6;6.1;31.5;-5.0;14.4;5.5;76.6;0.0000;-0.1342;-0.7500;101.1000;
1120.31;1;1;0;0;56;CF;16;15;16;15;16;367;159;3C6;6.0;30.8;5.5;14.4;5.5;76.6;0.0000;-0.1492;-1.2000;101.4000;
1120.56;1;1;0;0;56;CF;15;14;15;14;15;370;159;3C6;6.0;30.8;4.5;14.4;5.5;76.6;0.0000;-0.1782;-0.4500;100.4000;
1120.81;1;0;0;0;56;CF;15;14;15;13;14;373;159;3C6;6.0;30.2;3.0;14.4;5.5;76.6;0.0000;-0.1778;-0.8500;101.3250;
1121.06;1;0;0;0;56;CF;14;13;14;13;13;375;159;3C6;6.0;30.2;2.0;14.4;5.5;76.6;0.0000;-0.1761;-0.6500;100.9750;
1121.31;1;0;0;0;56;CF;13;12;13;12;13;42F;159;3C6;5.9;29.3;-32.0;14.4;5.5;76.6;0.0000;-0.1647;-0.8000;100.6000;
1121.56;1;0;0;0;56;CF;12;11;11;11;12;493;159;3C6;5.8;28.4;-32.5;14.4;5.5;76.6;0.0000;-0.1586;-1.0750;100.9750;
1121.81;1;0;0;0;56;CF;11;11;11;11;11;433;159;3C6;5.8;28.4;-31.5;14.4;5.5;76.6;0.0000;-0.1493;-0.8500;102.2000;
1122.06;1;0;0;0;56;CF;11;10;10;10;10;440;159;3C6;5.8;27.8;-31.5;14.4;5.5;76.6;0.0000;-0.1522;-0.8000;101.4750;
1122.31;0;0;0;0;56;CF;10;F;10;F;10;403;159;3C6;5.8;27.8;-31.5;14.4;5.5;76.6;0.0000;-0.1288;-0.8250;102.3750;
1122.56;0;1;0;0;56;CF;E;E;E;E;E;3CD;15B;3C6;5.9;27.3;-16.5;14.4;5.5;76.6;0.0000;-0.0371;-1.4250;102.2000;
1122.81;1;1;0;0;56;CF;D;D;D;D;E;382;15B;3C6;5.9;27.3;56.5;14.4;5.5;76.6;0.0000;0.0151;-1.1500;0.5750;
1123.06;1;1;0;0;56;CF;B;C;B;C;C;37B;15B;3C6;5.8;26.7;15.0;14.4;5.5;76.6;0.0000;0.0684;-2.4250;0.8500;
1123.31;1;1;0;0;56;CF;A;A;A;A;A;381;15B;3C6;5.8;26.1;-0.5;14.4;5.5;76.6;0.0000;0.0899;-2.2000;102.3500;
1123.56;1;1;0;0;56;CF;8;8;8;8;8;373;15B;3C6;5.8;26.1;0.5;14.4;5.5;76.6;0.0000;0.1217;-1.5250;102.2250;
1123.82;1;1;0;0;56;CF;7;7;7;7;7;36F;15B;3C6;5.8;26.6;3.5;14.4;5.5;76.6;0.0000;0.1421;-1.0000;101.4750;
1124.07;1;1;0;0;56;CF;6;6;6;6;6;36E;15B;3C6;5.8;26.6;4.0;14.4;5.5;76.6;0.0000;0.1782;-0.8750;101.8500;
1124.32;1;1;0;0;56;CF;5;6;5;6;5;372;15B;3C6;5.7;26.1;1.5;14.4;5.5;76.6;0.0000;0.2064;-0.8750;101.9000;
1124.57;1;0;0;0;56;CF;4;5;4;5;5;373;15B;3C6;5.6;26.0;1.0;14.4;5.5;76.6;0.0000;0.2093;-0.7000;101.9000;
1124.82;1;0;0;0;56;CF;4;4;4;4;4;370;15B;3C6;5.6;26.0;2.5;14.4;5.5;76.6;0.0000;0.2091;-0.7750;101.5250;
1125.07;1;0;0;0;56;CF;3;3;3;3;3;36F;15B;3C6;5.4;26.2;2.5;14.4;5.5;76.6;0.0000;0.2089;-0.7500;101.8750;
1125.32;1;0;0;0;56;CF;3;3;3;3;3;371;15B;3C6;5.3;26.1;2.5;14.4;5.5;76.6;0.0000;0.2075;-0.7250;101.6000;
1125.57;1;0;0;0;56;CF;2;2;2;2;2;372;15B;3C6;5.3;26.1;19.5;14.4;5.5;76.6;0.0000;0.2035;-0.6750;101.4750;
1125.82;1;0;0;0;56;CF;2;2;2;2;2;3A8;15B;3C6;5.3;26.1;7.0;14.4;5.5;76.6;0.0000;0.2035;-0.5250;101.5250;
1126.07;1;0;0;0;56;CF;1;2;1;2;1;3AA;15B;3C6;5.3;26.1;15.0;14.4;5.5;76.6;0.0000;0.2035;-0.4250;101.4250;
1126.32;1;0;0;0;56;CF;1;1;1;1;1;39B;15B;3C6;5.2;25.7;39.5;14.4;5.5;76.6;0.0000;0.2036;-0.2500;101.5000;
1126.57;1;0;0;0;56;CF;2;2;1;2;1;3B0;15B;3C6;5.2;25.7;36.5;14.4;5.5;76.6;0.0000;0.2036;0.0000;101.5750;
1126.82;1;0;0;0;56;CF;2;2;2;2;2;3AF;15B;3C6;5.0;25.1;39.5;14.4;5.5;76.6;0.0000;0.2033;0.1500;101.5750;
1127.07;1;0;0;0;56;CF;1;2;1;2;2;402;15B;3C6;5.0;25.1;-31.0;14.4;5.5;76.6;0.0000;0.1871;-0.0500;101.3750;
1127.32;1;0;0;0;56;CF;1;1;1;1;1;344;15B;3C6;4.7;24.3;3.5;14.4;5.5;76.6;0.0000;0.1070;-0.3250;101.5250;
1127.57;1;0;0;0;56;CF;0;0;0;0;0;347;15B;3C6;4.4;24.1;5.0;14.4;5.5;76.6;0.0000;-0.0212;-0.5250;101.5500;
1127.82;1;1;0;0;56;CF;0;0;0;0;0;345;15B;3C6;4.4;24.1;3.5;14.4;5.5;76.6;0.0000;-0.0207;-0.5750;101.5500;
1128.07;1;1;0;0;56;CF;0;0;0;0;0;345;15B;3C6;4.2;22.9;0.5;14.4;5.5;76.6;0.0000;-0.0064;-0.2000;101.5500;
1128.32;1;1;0;0;56;CF;0;0;0;0;0;340;15B;3C6;4.1;22.8;0.0;14.4;5.5;76.6;0.0000;0.0051;-0.0500;101.5750;
1128.57;1;1;0;0;56;CF;0;0;0;0;0;33E;15B;3C6;4.1;22.8;0.0;14.4;5.5;76.6;0.0000;0.0093;-0.1750;101.5750;
1128.84;1;1;0;0;56;CF;0;0;0;0;0;33B;15B;3C6;4.1;22.5;1.0;14.4;5.5;76.6;0.0000;0.0097;-0.0250;101.5500;
1129.09;1;1;0;0;56;CF;0;0;0;0;0;33D;15B;3C6;4.1;22.5;1.0;14.4;5.5;76.6;0.0000;0.0100;0.0000;101.5500;
1129.34;1;1;0;0;56;CF;0;0;0;0;0;33E;15B;3C6;4.0;21.9;0.0;14.4;5.5;76.6;0.0000;0.0102;-0.0750;101.5500;
1129.59;0;1;0;0;56;CF;0;0;0;0;0;350;15B;3C6;3.9;22.0;0.0;14.4;5.5;76.6;0.0000;0.0104;-0.0250;101.5750;
1129.84;0;1;0;0;56;CF;0;0;0;0;0;341;15B;3C6;3.9;22.0;0.0;14.4;5.5;76.6;0.0000;0.0107;0.0000;101.5500;
1130.09;0;1;0;0;56;CF;0;0;0;0;0;33C;15B;3C6;3.7;21.9;2.0;14.4;5.5;76.6;0.0000;0.0107;0.0000;101.5500;
1130.34;0;1;0;0;56;CF;0;0;0;0;0;33F;15B;3C6;3.6;21.8;1.0;14.4;5.5;76.6;0.0000;0.0107;0.0000;101.5750;
1130.59;0;1;0;0;56;CF;0;0;0;0;0;33F;15B;3C6;3.6;21.8;0.0;14.4;5.5;76.6;0.0000;0.0109;0.0000;101.5500;
1130.84;0;1;0;0;56;CF;0;0;0;0;0;33B;15B;3C6;3.6;21.8;1.5;14.4;5.5;76.6;0.0000;0.0109;0.0000;101.5500;
1131.09;0;1;0;0;56;CF;0;0;0;0;0;33C;15B;3C6;3.6;21.9;0.5;14.4;5.5;76.6;0.0000;0.0110;0.0000;101.5250;
1131.34;0;1;0;0;56;CF;0;0;0;0;0;33F;15B;3C6;3.6;22.0;1.5;14.4;5.5;76.6;0.0000;0.0110;0.0000;101.6000;
1131.59;0;1;0;0;56;CF;0;0;0;0;0;340;15B;3C6;3.6;22.0;0.0;14.4;5.5;76.6;0.0000;0.0110;0.0000;101.6000;
1131.84;0;1;0;0;56;CF;0;0;0;0;0;33E;15B;3C6;3.6;21.7;0.5;14.4;5.5;76.6;0.0000;0.0110;0.0000;101.5250;
1132.09;0;1;0;0;56;CF;0;0;0;0;0;33E;15B;3C6;3.6;21.7;0.0;14.4;5.5;76.6;0.0000;0.0110;0.0000;101.5750;
1132.34;0;1;0;0;56;CF;0;0;0;0;0;33F;15B;3C6;3.5;21.6;0.5;14.4;5.5;76.6;0.0000;0.0110;0.0000;101.5500;
1132.59;0;1;0;0;56;CF;0;0;0;0;0;340;15B;3C6;3.4;21.5;-1.5;14.4;5.5;76.6;0.0000;0.0112;0.0000;101.5500;
1132.84;0;1;0;0;56;CF;0;0;0;0;0;33D;15B;3C6;3.4;21.5;0.0;14.4;5.5;76.6;0.0000;0.0112;0.0000;101.5750;
1133.09;0;1;0;0;56;CF;0;0;0;0;0;33F;15B;3C6;3.3;21.6;0.0;14.4;5.5;76.6;0.0000;0.0112;0.0000;101.5250;
1133.34;0;1;0;0;56;CF;0;0;0;0;0;33E;15B;3C6;3.3;21.6;0.0;14.4;5.5;76.6;0.0000;0.0112;0.0000;101.5750;
1133.59;0;1;0;0;56;CF;0;0;0;0;0;341;15B;3C6;3.3;21.6;-1.0;14.4;5.5;76.6;0.0000;0.0112;0.0000;101.5500;
1133.85;0;1;0;0;56;CF;0;0;0;0;0;33C;15B;3C6;3.3;21.8;0.0;14.4;5.5;76.6;0.0000;0.0112;0.0000;101.6000;
1134.10;0;1;0;0;56;CF;0;0;0;0;0;33F;15B;3C6;3.3;21.8;0.0;14.4;5.5;76.6;0.0000;0.0112;0.0000;101.6000;
1134.35;0;1;0;0;56;CF;0;0;0;0;0;33F;15B;3C6;3.3;21.6;-0.5;14.4;5.5;76.6;0.0000;0.0112;0.0000;101.5500;
1134.60;0;1;0;0;56;CF;0;0;0;0;0;340;15B;3C6;3.3;21.7;-0.5;14.4;5.5;76.6;0.0000;0.0112;0.0000;101.5750;
1134.85;0;1;0;0;56;CF;0;0;0;0;0;33B;15B;3C6;3.3;21.7;0.0;14.4;5.5;76.6;0.0000;0.0112;0.0000;101.5500;
1135.10;0;1;0;0;56;CF;0;0;0;0;0;33D;15B;3C6;3.3;21.7;0.0;14.4;5.5;76.6;0.0000;0.0112;0.0000;101.5750;
1135.35;0;1;0;0;56;CF;0;0;0;0;0;33E;15B;3C6;3.3;21.7;-0.5;14.4;5.5;76.6;0.0000;0.0112;0.0000;101.5500;
1135.60;0;1;0;0;56;CF;0;0;0;0;0;340;15B;3C6;3.3;21.7;-1.5;14.4;5.5;76.6;0.0000;0.0112;0.0000;101.5500;
1135.85;0;1;0;0;56;CF;0;0;0;0;0;33C;15B;3C6;3.3;21.7;0.0;14.4;5.5;76.6;0.0000;0.0112;0.0000;101.5500;
1136.10;0;1;0;0;56;CF;0;0;0;0;0;33C;15B;3C6;3.3;21.8;0.0;14.4;5.5;76.6;0.0000;0.0112;0.0000;101.5500;
1136.35;0;1;0;0;56;CF;0;0;0;0;0;33E;15B;3C6;3.3;21.6;0.0;14.4;5.5;76.6;0.0000;0.0114;0.0000;101.5750;
1136.60;0;1;0;0;56;CF;0;0;0;0;0;33F;15B;3C6;3.3;21.6;-1.5;14.4;5.5;76.6;0.0000;0.0114;0.0000;101.5500;
1136.85;0;1;0;0;56;CF;0;0;0;0;0;33C;15B;3C6;3.3;21.6;0.0;14.4;5.5;76.6;0.0000;0.0114;0.0000;101.5500;
1137.10;0;1;0;0;56;CF;0;0;0;0;0;33D;15B;3C6;3.3;21.6;0.0;14.4;5.5;76.6;0.0000;0.0114;0.0000;101.5750;
1137.35;0;1;0;0;56;CF;0;0;0;0;0;33E;15B;3C6;3.3;21.7;-0.5;14.4;5.5;76.6;0.0000;0.0114;0.0000;101.5500;
1137.60;0;1;0;0;56;CF;0;0;0;0;0;33F;15B;3C6;3.2;21.8;-2.0;14.4;5.5;76.6;0.0000;0.0114;0.0000;101.5750;
1137.85;0;1;0;0;56;CF;0;0;0;0;0;33D;15B;3C6;3.2;21.8;0.0;14.4;5.5;76.6;0.0000;0.0114;0.0000;101.5250;
1138.10;0;1;0;0;56;CF;0;0;0;0;0;33E;15B;3C6;3.2;21.6;-0.5;14.4;5.5;76.6;0.0000;0.0114;0.0000;101.5750;
1138.35;0;1;0;0;56;CF;0;0;0;0;0;33E;15B;3C6;3.2;21.7;0.0;14.4;5.5;76.6;0.0000;0.0114;0.0000;101.5500;
1138.60;0;1;0;0;56;CF;0;0;0;0;0;340;15B;3C6;3.2;21.7;-1.0;14.4;5.5;76.6;0.0000;0.0114;0.0000;101.5500;
1138.86;0;1;0;0;56;CF;0;0;0;0;0;33C;15B;3C6;3.2;21.8;0.0;14.4;5.5;76.6;0.0000;0.0114;0.0000;101.5500;
1139.11;0;1;0;0;56;CF;0;0;0;0;0;33F;15B;3C6;3.2;21.8;0.0;14.4;5.5;76.6;0.0000;0.0114;0.0000;101.5500;
1139.36;0;1;0;0;56;CF;0;0;0;0;0;33F;15B;3C6;3.2;21.7;0.0;14.4;5.5;76.6;0.0000;0.0114;0.0000;101.5500;
1139.61;0;1;0;0;56;CF;0;0;0;0;0;340;15B;3C6;3.2;21.7;-1.5;14.4;5.5;76.6;0.0000;0.0114;0.0000;101.5500;
1139.86;0;1;0;0;56;CF;0;0;0;0;0;33C;15B;3C6;3.2;21.8;0.5;14.4;5.5;76.6;0.0000;0.0114;0.0000;101.5500;
1140.11;0;1;0;0;56;CF;0;0;0;0;0;33F;15B;3C6;3.2;21.7;0.0;14.4;5.5;76.6;0.0000;0.0114;0.0000;101.5250;
1140.36;0;1;0;0;56;CF;0;0;0;0;0;33D;15B;3C6;3.2;21.7;-0.5;14.4;5.5;76.6;0.0000;0.0114;0.0000;101.5500;
1140.61;0;1;0;0;56;CF;0;0;0;0;0;340;15B;3C6;3.2;21.8;-1.0;14.4;5.5;76.6;0.0000;0.0114;0.0000;101.5750;
1140.86;0;1;0;0;56;CF;0;0;0;0;0;33C;15B;3C6;3.2;21.8;0.0;14.4;5.5;76.6;0.0000;0.0114;0.0000;101.5750;
1141.11;0;1;0;0;56;CF;0;0;0;0;0;33E;15B;3C6;3.2;21.8;0.0;14.4;5.5;76.6;0.0000;0.0114;0.0000;101.5500;
1141.36;0;1;0;0;56;CF;0;0;0;0;0;33D;15B;3C6;3.2;21.8;0.0;14.4;5.5;76.6;0.0000;0.0114;0.0000;101.5750;
1141.61;0;1;0;0;56;CF;0;0;0;0;0;33F;15B;3C6;3.2;21.8;-1.5;14.4;5.5;76.6;0.0000;0.0114;0.0000;101.5500;
1141.86;0;1;0;0;56;CF;0;0;0;0;0;33A;15B;3C6;3.2;21.8;0.0;14.4;5.5;76.6;0.0000;0.0114;0.0000;101.5750;
1142.11;0;1;0;0;56;CF;0;0;0;0;0;33E;15B;3C6;3.2;21.8;-0.5;14.4;5.5;76.6;0.0000;0.0114;0.0000;101.5750;
1142.36;0;1;0;0;56;CF;0;0;0;0;0;33E;15B;3C6;3.2;21.8;-0.5;14.4;5.5;76.6;0.0000;0.0114;0.0000;101.5750;
1142.61;0;1;0;0;56;CF;0;0;0;0;0;33F;15B;3C6;3.2;21.8;-1.5;14.4;5.5;76.6;0.0000;0.0114;0.0000;101.5500;
1142.86;0;1;0;0;56;CF;0;0;0;0;0;33B;15B;3C6;3.2;21.8;0.0;14.4;5.5;76.6;0.0000;0.0114;0.0000;101.5500;
1143.11;0;1;0;0;56;CF;0;0;0;0;0;33E;15B;3C6;3.2;21.7;-0.5;14.4;5.5;76.6;0.0000;0.0114;0.0000;101.5750;
1143.36;0;1;0;0;56;CF;0;0;0;0;0;33E;15B;3C6;3.2;21.7;0.0;14.4;5.5;76.6;0.0000;0.0114;0.0000;101.5500;
1143.61;0;1;0;0;56;CF;0;0;0;0;0;33F;15B;3C6;3.2;21.8;-1.5;14.4;5.5;76.6;0.0000;0.0114;0.0000;101.5750;
