time(s);clutchPressed;brakePressed;steeringWheelButtons;engineTemp(C);wheel1;wheel2;wheel3;wheel4;speed;engineRpm;range;airPressIntake(hPa);fuelLevel1;fuelLevel2;engineTorque(Nm);batteryVoltage;avgCons;avgSpeed;throttlePercent;steeringPos;accelLong(m_sq(s));accelCross(m_sq(s));enginePow(kW);
2.49;0;0;0;3F;0;0;0;0;0;0;144;3C2;3.2;19.5;187.0;12.3;0.0;0.0;0.0000;0.0233;0.0000;-0.8500;0.0000;
2.74;0;0;0;3F;0;0;0;0;0;0;144;3C2;3.2;19.5;187.0;12.3;0.0;0.0;0.0000;0.0233;0.0000;-0.8750;0.0000;
2.99;0;0;0;3F;0;0;0;0;0;0;144;3C2;3.2;19.5;187.0;12.3;0.0;0.0;0.0000;0.0233;0.0000;-0.8750;0.0000;
3.24;0;0;0;3F;0;0;0;0;0;0;144;3C2;3.2;19.5;187.0;12.3;0.0;0.0;0.0000;0.0233;0.0000;-0.8750;0.0000;
3.49;0;0;0;3F;0;0;0;0;0;0;144;3C2;3.2;19.5;187.0;12.3;5.5;76.3;0.0000;0.0233;0.0000;-0.8750;0.0000;
3.74;0;0;0;3F;0;0;0;0;0;0;144;3C2;3.2;19.5;187.0;12.3;5.5;76.3;0.0000;0.0233;0.0000;-0.8500;0.0000;
3.99;0;0;0;3F;0;0;0;0;0;0;144;3C2;3.2;19.5;187.0;12.3;5.5;76.3;0.0000;0.0233;0.0000;-0.8750;0.0000;
4.24;0;0;0;3F;0;0;0;0;0;0;144;3C2;3.2;19.5;187.0;12.2;5.5;76.3;0.0000;0.0233;0.0000;-0.8750;0.0000;
4.49;0;0;0;3F;0;0;0;0;0;0;144;3C2;3.2;19.5;187.0;12.2;5.5;76.3;0.0000;0.0233;0.0000;-0.8750;0.0000;
4.74;1;0;0;3F;0;0;0;0;0;0;144;3C2;3.2;19.5;187.0;12.2;5.5;76.3;0.0000;0.0233;0.0000;-0.8750;0.0000;
4.99;1;0;0;3F;0;0;0;0;0;0;144;3C2;3.2;19.5;187.0;12.2;5.5;76.3;0.0000;0.0233;0.0000;-0.8750;0.0000;
5.24;1;0;0;3F;0;0;0;0;0;0;144;3C2;3.2;19.5;187.0;12.2;5.5;76.3;0.0000;0.0233;0.0000;-0.8750;0.0000;
5.49;1;0;0;3F;0;0;0;0;0;0;144;3C2;3.2;19.5;187.0;12.2;5.5;76.3;0.0000;0.0233;0.0000;-0.8250;0.0000;
5.74;1;0;0;3F;0;0;0;0;0;0;144;3C2;3.2;19.5;187.0;12.2;5.5;76.3;0.0000;0.0233;0.0000;-0.8750;0.0000;
5.99;1;0;0;3F;0;0;0;0;0;0;144;3C2;3.2;19.5;187.0;12.2;5.5;76.3;0.0000;0.0233;0.0000;-0.8250;0.0000;
6.24;1;0;0;3F;0;0;0;0;0;0;144;3C2;3.2;19.5;187.0;12.2;5.5;76.3;0.0000;0.0233;0.0000;-0.8500;0.0000;
6.49;1;0;0;3F;0;0;0;0;0;0;144;3C2;3.2;19.5;187.0;12.2;5.5;76.3;0.0000;0.0233;0.0000;-0.8500;0.0000;
6.74;1;0;0;3F;0;0;0;0;0;0;144;3C2;3.2;19.5;187.0;12.2;5.5;76.3;0.0000;0.0233;0.0000;-0.8500;0.0000;
6.99;1;0;0;3F;0;0;0;0;0;0;144;3C2;3.2;19.5;187.0;12.2;5.5;76.3;0.0000;0.0233;0.0000;-0.8750;0.0000;
7.24;1;0;0;3F;0;0;0;0;0;0;144;3C2;3.2;19.5;187.0;12.2;5.5;76.3;0.0000;0.0233;0.0000;-0.8500;0.0000;
7.52;1;0;0;3F;0;0;0;0;0;7E;144;3C2;3.2;19.5;187.5;12.2;5.5;76.3;0.0000;0.0233;0.0000;-1.0750;2.4740;
7.77;1;0;0;3F;0;0;0;0;0;AE;144;3C2;3.2;19.5;196.5;12.2;5.5;76.3;0.0000;0.0233;0.0000;-1.3000;3.5805;
8.02;1;0;0;3F;0;0;0;0;0;19A;144;3C2;3.2;19.5;225.5;11.3;5.5;76.3;0.0000;0.0233;0.0000;-0.9250;9.6819;
8.27;1;0;0;3F;0;0;0;0;0;3B4;144;3C2;3.2;19.5;130.5;11.3;5.5;76.3;0.0000;0.0233;0.0000;-1.2500;12.9553;
8.52;1;0;0;3F;0;0;0;0;0;405;144;3C2;3.2;19.5;-3.0;11.3;5.5;76.3;0.0000;0.0233;0.0000;-0.8750;-0.3233;
8.77;1;0;0;3F;0;0;0;0;0;3C3;144;3C2;3.2;19.5;2.0;11.3;5.5;76.3;0.0000;0.0233;0.0000;-0.8500;0.2017;
9.02;1;0;0;3F;0;0;0;0;0;383;144;3C2;3.2;19.5;2.5;11.3;5.5;76.3;0.0000;0.0233;0.0000;-0.8750;0.2354;
9.27;1;0;0;3F;0;0;0;0;0;35C;144;3C2;3.2;19.5;1.5;11.3;5.5;76.3;0.0000;0.0233;0.0000;-0.8750;0.1351;
9.52;1;0;0;3F;0;0;0;0;0;33E;144;3C2;3.2;19.5;10.0;11.3;5.5;76.3;0.0000;0.0233;0.0000;-0.8000;0.8692;
9.77;1;0;0;3F;0;0;0;0;0;33E;144;3C2;3.2;19.5;10.5;11.8;5.5;76.3;0.0000;0.0233;0.0000;-0.9000;0.9126;
10.02;1;0;0;3F;0;0;0;0;0;338;144;3C2;3.2;19.5;13.0;11.8;5.5;76.3;0.0000;0.0233;0.0000;-0.8750;1.1218;
10.27;1;0;0;3F;0;0;0;0;0;33C;144;3C2;3.2;19.5;14.5;11.8;5.5;76.3;0.0000;0.0233;0.0000;-0.8750;1.2573;
10.52;1;0;0;3F;0;0;0;0;0;33D;144;3C2;3.2;19.5;15.0;11.8;5.5;76.3;0.0000;0.0233;0.0000;-0.8000;1.3022;
10.77;1;0;0;3F;0;0;0;0;0;33C;144;3C2;3.2;19.5;15.0;11.8;5.5;76.3;0.0000;0.0233;0.0000;-0.8500;1.3006;
11.02;1;0;0;3F;0;0;0;0;0;33D;144;3C2;3.2;19.5;16.5;12.2;5.5;76.3;0.0000;0.0233;0.0000;-0.9000;1.4324;
11.27;1;0;0;3F;0;0;0;0;0;336;144;3C2;3.2;19.5;19.5;12.2;5.5;76.3;0.0000;0.0233;0.0000;-0.8750;1.6786;
11.52;1;0;0;3F;0;0;0;0;0;342;144;3C2;3.2;19.5;18.0;12.5;5.5;76.3;0.0000;0.0233;0.0000;-0.8250;1.5721;
11.77;1;0;0;3F;0;0;0;0;0;346;144;3C2;3.2;19.5;14.0;12.5;5.5;76.3;0.0000;0.0233;0.0000;-0.8500;1.2286;
12.02;1;0;0;3F;0;0;0;0;0;345;144;3C2;3.2;19.5;12.5;12.5;5.5;76.3;0.0000;0.0233;0.0000;-0.9000;1.0956;
12.27;1;0;0;3F;0;0;0;0;0;342;144;3C2;3.2;19.5;11.0;12.5;5.5;76.3;0.0000;0.0233;0.0000;-0.8750;0.9607;
12.53;1;0;0;3E;0;0;0;0;0;342;144;3C2;3.2;19.5;10.5;14.3;5.5;76.3;0.0000;0.0233;0.0000;-0.8750;0.9170;
12.78;1;0;0;3E;0;0;0;0;0;33F;144;3C2;3.2;19.5;11.0;14.4;5.5;76.3;0.0000;0.0233;0.0000;-0.8750;0.9572;
13.03;1;0;0;3E;0;0;0;0;0;340;144;3C2;3.2;19.5;12.0;14.4;5.5;76.3;0.0000;0.0233;0.0000;-0.8750;1.0455;
13.28;1;0;0;3E;0;0;0;0;0;342;144;3C2;3.2;19.5;6.5;14.4;5.5;76.3;0.0000;0.0233;0.0000;-0.9000;0.5677;
13.53;1;0;0;3E;0;0;0;0;0;343;144;3C2;3.2;19.5;6.5;14.4;5.5;76.3;0.0000;0.0233;0.0000;-0.8250;0.5684;
13.78;1;0;0;3E;0;0;0;0;0;340;144;3C2;3.2;19.5;6.5;14.4;5.5;76.3;0.0000;0.0233;0.0000;-0.8750;0.5663;
14.03;1;0;0;3E;0;0;0;0;0;33B;144;3C2;3.2;19.5;8.5;14.4;5.5;76.3;0.0000;0.0233;0.0000;-0.8500;0.7361;
14.28;1;0;0;3E;0;0;0;0;0;338;144;3C2;3.2;19.6;11.5;14.4;5.5;76.3;0.0000;0.0233;0.0000;-0.8750;0.9923;
14.53;1;0;0;3E;0;0;0;0;0;33D;144;3C2;3.2;19.6;10.0;14.4;5.5;76.3;0.0000;0.0233;0.0000;-0.8750;0.8681;
14.78;1;0;0;3E;0;0;0;0;0;336;144;3C2;3.2;19.6;15.5;14.4;5.5;76.3;0.0000;0.0233;0.0000;-0.8500;1.3342;
15.03;1;0;0;3E;0;0;0;0;0;338;144;3C2;3.2;19.6;16.0;14.4;5.5;76.3;0.0000;0.0233;0.0000;-0.9000;1.3806;
15.28;1;0;0;3E;0;0;0;0;0;33A;144;3C2;3.2;19.6;15.0;14.4;5.5;76.3;0.0000;0.0233;0.0000;-0.8750;1.2975;
15.53;1;0;0;3E;0;0;0;0;0;343;144;3C2;3.2;19.6;12.0;14.4;5.5;76.3;0.0000;0.0233;0.0000;-0.8500;1.0493;
15.78;1;0;0;3D;0;0;0;0;0;33E;144;3C2;3.2;19.6;14.0;14.4;5.5;76.3;0.0000;0.0233;0.0000;-0.9000;1.2168;
16.03;1;0;0;3D;0;0;0;0;0;33D;144;3C2;3.2;19.6;13.0;14.4;5.5;76.3;0.0000;0.0233;0.0000;-0.7750;1.1286;
16.28;1;0;0;3D;0;0;0;0;0;33C;144;3C2;3.2;19.6;15.0;14.4;5.5;76.3;0.0000;0.0233;0.0000;-0.8250;1.3006;
16.53;1;0;0;3D;0;0;0;0;0;33D;144;3C2;3.2;19.8;14.5;14.4;5.5;76.3;0.0000;0.0233;0.0000;-0.8750;1.2588;
16.78;1;0;0;3D;0;0;0;0;0;33C;144;3C2;3.2;19.8;16.0;14.4;5.5;76.3;0.0000;0.0233;0.2750;-0.8500;1.3873;
17.03;1;0;0;3D;0;0;0;0;0;343;144;3C2;3.2;19.8;14.0;14.4;5.5;76.3;0.0000;0.0233;0.2500;-0.9000;1.2242;
17.28;1;1;0;3D;FFFF;FFFF;FFFF;FFFF;1;342;144;3C2;3.2;19.9;13.5;14.4;5.5;76.3;0.0000;0.0233;0.3750;-0.8500;1.1790;
17.54;1;1;0;3D;FFFF;FFFF;FFFF;FFFF;1;33F;144;3C2;3.2;19.9;13.0;14.4;5.5;76.3;0.0000;0.0233;0.1250;-1.0000;1.1313;
17.79;1;1;0;3D;FFFF;FFFF;FFFF;FFFF;1;33E;144;3C2;3.2;19.9;14.0;14.4;5.5;76.3;0.0000;0.0232;-0.1000;-0.9250;1.2168;
18.04;1;1;0;3D;FFFF;FFFF;FFFF;FFFF;1;33B;144;3C2;3.2;19.9;15.5;14.4;5.5;76.3;0.0000;0.0228;-0.0500;-0.9250;1.3424;
18.29;1;0;0;3D;FFFF;FFFF;FFFF;FFFF;1;33E;144;3C2;3.2;19.7;16.0;14.4;5.5;76.3;0.0000;0.0228;-0.0250;-0.8500;1.3907;
18.54;1;0;0;3D;FFFF;FFFF;FFFF;FFFF;1;342;144;3C2;3.2;19.7;14.5;14.4;5.5;76.3;0.0000;0.0216;0.1000;-0.9000;1.2664;
18.79;1;0;0;3D;FFFF;FFFF;FFFF;FFFF;1;339;144;3C2;3.2;20.0;17.0;14.4;5.5;76.3;0.0000;0.0041;0.1750;-0.9750;1.4687;
19.04;1;0;0;3C;FFFF;FFFF;FFFF;FFFF;1;335;144;3C2;3.2;20.0;22.0;14.4;5.5;76.3;0.0000;-0.1037;0.2000;-0.8750;1.8914;
19.29;1;0;0;3C;FFFE;FFFE;FFFE;FFFE;2;33E;144;3C2;3.2;19.9;20.0;14.4;5.5;76.3;0.0000;-0.1583;0.1500;-0.8750;1.7383;
19.54;1;0;0;3C;FFFE;FFFE;FFFE;FFFE;2;35B;144;3C2;3.2;20.0;31.0;14.4;5.5;76.3;0.0000;-0.2059;0.1000;-0.7750;2.7886;
19.79;1;0;0;3C;FFFE;FFFE;FFFE;FFFE;2;37B;144;3C2;3.2;20.0;15.5;14.4;5.5;76.3;0.0000;-0.2248;0.1000;-0.8750;1.4462;
20.04;1;0;0;3C;FFFE;FFFE;FFFE;FFFE;2;37C;144;3C2;3.2;20.0;11.5;14.4;5.5;76.3;0.0000;-0.2247;0.0750;-0.9250;1.0742;
20.29;1;0;0;3C;FFFD;FFFD;FFFD;FFFE;2;373;144;3C2;3.2;20.0;12.0;14.4;5.5;76.3;0.0000;-0.2251;0.3750;-0.9750;1.1096;
20.54;1;0;0;3C;FFFD;FFFD;FFFD;FFFD;3;372;144;3C2;3.2;20.0;11.5;14.4;5.5;76.3;0.0000;-0.2317;0.3750;-0.9250;1.0622;
20.79;1;0;0;3C;FFFD;FFFD;FFFD;FFFD;3;36D;144;3C2;3.2;20.0;15.0;14.4;5.5;76.3;0.0000;-0.2397;0.2500;-0.9000;1.3776;
21.04;1;0;0;3C;FFFD;FFFD;FFFD;FFFD;3;372;144;3C2;3.2;20.0;12.0;14.4;5.5;76.3;0.0000;-0.2575;0.2500;-0.8000;1.1084;
21.29;1;1;0;3C;FFFC;FFFC;FFFC;FFFD;4;36C;144;3C2;3.2;19.8;15.0;14.4;5.5;76.3;0.0000;-0.2809;0.1250;-0.8250;1.3760;
21.54;1;1;0;3C;FFFC;FFFC;FFFC;FFFC;4;372;144;3C2;3.2;20.0;14.5;14.4;5.5;76.3;0.0000;-0.3116;0.1000;-0.8750;1.3393;
21.79;1;1;0;3C;FFFC;FFFC;FFFC;FFFC;4;36D;144;3C2;3.2;20.0;16.0;14.4;5.5;76.3;0.0000;-0.3356;0.0250;-0.8750;1.4694;
22.04;1;1;0;3C;FFFC;FFFC;FFFC;FFFC;4;377;144;3C2;3.2;20.0;11.0;14.4;5.5;76.3;0.0000;-0.3371;0.0000;-1.1000;1.0218;
22.29;1;1;0;3C;FFFC;FFFC;FFFC;FFFC;4;373;144;3C2;3.2;20.0;11.5;14.3;5.5;76.3;0.0000;-0.3368;-0.0750;-0.9000;1.0634;
22.55;1;1;0;3C;FFFC;FFFD;FFFC;FFFD;4;36E;144;3C2;3.2;19.8;11.5;14.3;5.5;76.3;0.0000;-0.3365;-0.2500;-0.8500;1.0574;
22.80;1;1;0;3B;FFFC;FFFD;FFFC;FFFD;3;368;144;3C2;3.2;19.8;15.5;14.4;5.5;76.3;0.0000;-0.3358;-0.3750;-0.9000;1.4154;
23.05;1;1;0;3B;FFFD;FFFD;FFFD;FFFD;3;371;144;3C2;3.2;19.7;15.0;14.4;5.5;76.3;0.0000;-0.3599;-0.1750;-1.0250;1.3839;
23.30;1;0;0;3B;FFFC;FFFD;FFFC;FFFD;3;36E;144;3C2;3.2;19.6;15.5;14.4;5.5;76.3;0.0000;-0.3881;0.4250;-0.7000;1.4251;
23.55;1;0;0;3B;FFFC;FFFC;FFFC;FFFD;4;36B;144;3C2;3.2;19.6;17.5;14.4;5.5;76.3;0.0000;-0.4186;0.4000;-0.7500;1.6035;
23.80;1;0;0;3B;FFFB;FFFC;FFFC;FFFC;4;36A;144;3C2;3.2;19.7;23.0;14.4;5.5;76.3;0.0000;-0.4533;0.4250;-0.8250;2.1051;
24.05;1;0;0;3B;FFFB;FFFC;FFFB;FFFC;4;36B;144;3C2;3.2;19.7;23.0;14.4;5.5;76.3;0.0000;-0.5777;0.4000;-0.5750;2.1075;
24.30;1;0;0;3B;FFFA;FFFB;FFFB;FFFC;5;36E;144;3C2;3.2;19.8;22.0;14.4;5.5;76.3;0.0000;-0.6365;0.2750;-0.8000;2.0228;
24.55;1;0;0;3B;FFFA;FFFB;FFFB;FFFC;5;36B;144;3C2;3.2;19.7;26.5;14.4;5.5;76.3;0.0000;-0.7016;0.2750;-0.7000;2.4282;
24.80;1;1;0;3B;FFF9;FFFB;FFFA;FFFC;5;36C;144;3C2;3.2;19.7;27.0;14.4;5.5;76.3;0.0000;-0.7541;-0.1000;-1.0500;2.4768;
25.05;1;1;0;3B;FFF9;FFFB;FFFA;FFFC;6;36F;144;3C2;3.2;19.5;25.0;14.4;5.5;76.3;0.0000;-0.8217;-0.2000;-1.0250;2.3012;
25.30;1;1;0;3B;FFF9;FFFB;FFFA;FFFC;6;36E;144;3C2;3.2;19.4;27.5;14.4;5.5;76.3;0.0000;-0.8465;-0.1000;-1.4500;2.5285;
25.55;1;1;0;3B;FFF9;FFFB;FFFA;FFFC;6;36E;144;3C2;3.2;19.4;28.0;14.4;5.5;76.3;0.0000;-0.8765;-0.3250;-1.1750;2.5744;
25.80;1;1;0;3B;FFFA;FFFB;FFFB;FFFC;5;36C;144;3C2;3.2;19.1;31.0;14.4;5.5;76.3;0.0000;-0.8970;-0.7250;-1.1750;2.8438;
26.05;1;1;0;3B;FFFA;FFFC;FFFB;FFFD;5;373;144;3C2;3.2;19.1;29.0;14.4;5.5;76.3;0.0000;-0.9436;-0.7500;-1.3250;2.6816;
26.30;1;1;0;3B;FFFB;FFFC;FFFC;FFFD;4;374;144;3C2;3.2;18.8;26.5;14.4;5.5;76.3;0.0000;-0.9456;-0.5500;-1.1250;2.4532;
26.55;1;1;0;3A;FFFC;FFFD;FFFC;FFFE;3;376;144;3C2;3.2;18.8;25.5;14.4;5.5;76.3;0.0000;-0.9454;-0.7500;-1.3250;2.3659;
26.80;1;1;0;3A;FFFD;FFFE;FFFD;FFFE;3;36D;144;3C2;3.2;19.0;28.0;14.4;5.5;76.3;0.0000;-0.9456;-0.7000;-0.7500;2.5715;
27.05;1;1;0;3A;FFFD;FFFE;FFFE;FFFE;3;366;144;3C2;3.2;19.0;29.5;14.4;5.5;76.3;0.0000;-0.9621;-0.1750;-0.8500;2.6876;
27.30;1;0;0;3A;FFFD;FFFE;FFFE;FFFF;2;369;144;3C2;3.2;18.9;47.5;14.4;5.5;76.3;0.0000;-0.9619;-0.2750;-0.7500;4.3425;
27.57;1;0;0;3A;FFFD;FFFE;FFFE;FFFF;2;384;144;3C2;3.2;19.1;37.5;14.4;5.5;76.3;0.0000;-0.9606;-0.1000;-0.7750;3.5343;
27.82;1;0;0;3A;FFFE;FFFE;FFFE;FFFF;2;37E;144;3C2;3.2;19.1;28.5;14.4;5.5;76.3;0.0000;-0.9608;-0.1250;-0.7000;2.6682;
28.07;1;0;0;3A;FFFE;FFFF;FFFE;FFFF;2;371;144;3C2;3.2;19.3;16.0;14.4;5.5;76.3;0.0000;-0.9604;-0.2500;-0.6500;1.4761;
28.32;1;0;0;3A;FFFE;FFFF;FFFF;FFFF;1;342;144;3C2;3.2;19.2;23.5;14.4;5.5;76.3;0.0000;-0.9598;-0.3250;-0.5000;2.0524;
28.57;1;0;0;3A;FFFE;FFFF;FFFF;FFFF;1;341;144;3C2;3.2;19.2;25.0;14.4;5.5;76.3;0.0000;-0.9589;-0.2000;-0.4000;2.1808;
28.82;1;0;0;3A;FFFF;FFFF;FFFF;FFFF;1;340;144;3C2;3.2;19.5;25.0;14.4;5.5;76.3;0.0000;-0.9586;-0.1750;-0.4750;2.1782;
29.07;1;0;0;3A;FFFF;FFFF;FFFF;FFFF;1;348;144;3C2;3.2;19.9;21.0;14.4;5.5;76.3;0.0000;-0.9566;-0.1000;-0.4250;1.8473;
29.32;1;0;0;3A;FFFF;FFFF;FFFF;0;1;342;144;3C2;3.2;19.9;18.0;14.4;5.5;76.3;0.0000;-0.9555;-0.1250;-0.4250;1.5721;
29.57;1;0;0;3A;FFFF;FFFF;FFFF;0;1;33F;144;3C2;3.2;20.3;20.0;14.4;5.5;76.3;0.0000;-0.9511;-0.1500;-0.4500;1.7404;
29.82;1;0;0;3A;FFFF;0;FFFF;0;1;33D;144;3C2;3.2;20.3;20.5;14.4;5.5;76.3;0.0000;-0.9377;-0.1750;-0.3750;1.7797;
30.07;1;0;0;3A;FFFF;0;0;0;0;36A;144;3C2;3.2;20.8;38.0;14.4;5.5;76.3;0.0000;-0.8825;-0.2250;-0.3750;3.4780;
30.32;1;0;0;3A;0;0;0;0;0;3C9;144;3C2;3.2;20.8;8.0;14.4;5.5;76.3;0.0000;-0.8240;-0.2250;-0.4000;0.8118;
30.57;1;0;0;3A;0;0;0;0;0;3BA;144;3C2;3.2;21.3;10.5;14.4;5.5;76.3;0.0000;-0.7933;-0.2000;-0.3250;1.0490;
30.82;1;0;0;3A;0;0;0;0;0;3A3;144;3C2;3.2;21.3;39.0;14.4;5.5;76.3;0.0353;-0.7540;-0.1750;-0.4250;3.8023;
31.07;1;0;0;3A;0;0;0;0;0;3BC;144;3C2;3.2;21.8;37.5;14.4;5.5;76.3;0.0588;-0.6641;-0.1250;-0.4250;3.7542;
31.32;1;0;0;3A;0;0;0;0;0;3AE;144;3C2;3.2;21.9;62.5;14.4;5.5;76.3;0.0549;-0.6348;0.0500;-0.5000;6.1654;
31.57;1;0;0;3A;1;1;1;1;1;3CB;144;3C2;3.2;21.9;59.5;14.4;5.5;76.3;0.0549;-0.5697;0.7000;-0.3500;6.0501;
31.82;1;0;0;3A;2;2;2;1;1;3D4;144;3C2;3.2;21.8;56.0;14.4;5.5;76.3;0.0549;-0.4681;0.7250;-0.3250;5.7470;
32.07;1;0;0;3A;2;2;2;2;2;3D4;144;3C2;3.2;21.8;52.5;14.4;5.5;76.3;0.0510;-0.2745;0.6000;-0.2000;5.3878;
32.32;1;0;0;3A;3;3;3;3;3;3C9;144;3C2;3.2;21.8;54.5;14.4;5.5;76.3;0.0510;-0.1708;0.6500;-0.1500;5.5303;
32.58;1;0;0;3A;4;4;4;4;3;3C2;144;3C2;3.2;21.9;55.5;14.4;5.5;76.3;0.0196;-0.0586;0.7500;-0.0750;5.5911;
32.83;1;0;0;3A;4;4;4;4;4;405;144;3C2;3.2;21.9;16.5;14.4;5.5;76.3;0.0000;0.0058;0.5500;-0.1250;1.7780;
33.08;1;0;0;3A;4;4;4;4;4;393;144;3C2;3.2;21.7;5.0;14.4;5.5;76.3;0.0000;0.1693;0.0500;-0.1500;0.4791;
33.33;1;0;0;3A;4;4;4;4;4;372;144;3C2;3.2;22.1;14.0;14.4;5.5;76.3;0.0000;0.2393;-0.0250;0.0000;1.2931;
33.58;1;0;0;3A;4;4;4;4;4;36B;144;3C2;3.2;22.1;18.0;14.4;5.5;76.3;0.0000;0.3010;0.0250;0.0000;1.6493;
33.83;1;0;0;3A;4;4;3;4;4;36C;144;3C2;3.2;22.2;20.0;14.4;5.5;76.3;0.0000;0.3508;-0.0500;-0.0250;1.8347;
34.08;1;0;0;3A;3;4;3;4;4;371;144;3C2;3.2;22.3;19.0;14.4;5.5;76.3;0.0000;0.4626;-0.1000;0.0000;1.7529;
34.33;1;0;0;3A;3;4;3;4;4;373;144;3C2;3.2;22.3;17.0;14.4;5.5;76.3;0.0000;0.4987;-0.1000;-0.0250;1.5719;
34.58;1;0;0;3A;3;4;3;4;3;36E;144;3C2;3.2;22.3;18.5;14.4;5.5;76.3;0.0000;0.5148;-0.1750;-0.1500;1.7010;
34.83;1;0;0;3A;3;4;3;3;3;36B;144;3C2;3.2;22.9;20.5;14.4;5.5;76.3;0.0000;0.5515;-0.2000;0.0750;1.8784;
35.08;1;0;0;3A;3;4;3;3;3;370;144;3C2;3.2;22.9;20.0;14.4;5.5;76.3;0.0000;0.6543;-0.1250;0.0500;1.8431;
35.33;1;0;0;3A;3;4;2;3;3;370;144;3C2;3.2;22.9;20.0;14.4;5.5;76.3;0.0000;0.7016;-0.1000;0.0250;1.8431;
35.58;1;0;0;3A;3;3;2;3;3;36E;144;3C2;3.2;23.2;20.0;14.4;5.5;76.3;0.0000;0.7438;-0.1500;0.0750;1.8389;
35.83;1;0;0;3A;3;3;2;3;3;370;144;3C2;3.2;23.2;20.0;14.4;5.5;76.3;0.0000;0.7826;-0.0500;0.0500;1.8431;
36.08;1;1;0;3A;3;3;2;3;3;375;144;3C2;3.2;23.7;17.0;14.4;5.5;76.3;0.0000;0.8168;-0.0250;0.0250;1.5755;
36.33;1;1;0;3A;3;3;2;3;3;372;144;3C2;3.2;23.7;16.5;14.4;5.5;76.3;0.0000;0.8302;-0.1250;0.0250;1.5240;
36.58;1;1;0;3A;2;3;2;3;3;371;144;3C2;3.2;23.7;17.0;14.4;5.5;76.3;0.0000;0.8430;-0.3500;-0.0750;1.5684;
36.83;1;1;0;3A;2;2;1;2;2;36D;144;3C2;3.2;24.3;20.0;14.4;5.5;76.3;0.0000;0.8659;-0.5750;-0.1500;1.8368;
37.08;1;1;0;3A;1;2;1;2;2;362;144;3C2;3.2;24.9;2.5;14.4;5.5;76.3;0.0000;0.9074;-0.4500;-0.0750;0.2267;
37.33;1;1;0;3A;1;2;1;1;1;349;144;3C2;3.2;24.9;9.0;14.4;5.5;76.3;0.0000;0.9064;-0.1500;-0.0500;0.7926;
37.60;1;1;0;3A;1;2;1;1;1;342;144;3C2;3.2;24.4;8.5;14.4;5.5;76.3;0.0000;0.8968;-0.0750;0.0000;0.7424;
37.85;1;1;0;3A;1;2;1;1;1;33D;144;3C2;3.2;24.4;11.0;14.4;5.5;76.3;0.0000;0.8900;-0.0250;0.0250;0.9549;
38.10;1;1;0;3A;1;1;1;1;1;340;144;3C2;3.2;24.7;9.0;14.4;5.5;76.3;0.0000;0.8894;-0.3750;-0.1500;0.7841;
38.35;1;1;0;3A;1;1;0;1;1;33E;144;3C2;3.2;24.9;10.0;14.4;5.5;76.3;0.0000;0.8894;-0.4000;-0.1000;0.8692;
38.60;1;0;0;3A;0;1;0;1;0;33D;144;3C2;3.2;24.9;10.0;14.4;5.5;76.3;0.0000;0.8894;-0.3750;-0.1000;0.8681;
38.85;1;0;0;3A;0;1;0;0;0;33E;144;3C2;3.2;24.9;11.0;14.4;5.5;76.3;0.0000;0.8884;-0.2250;-0.1750;0.9561;
39.10;1;0;0;3A;0;0;0;0;0;37C;144;3C2;3.2;24.7;37.5;14.4;5.5;76.3;0.0000;0.8880;-0.1250;-0.2250;3.5029;
39.35;1;0;0;3A;0;0;0;0;0;3AA;144;3C2;3.2;24.6;23.5;14.4;5.5;76.3;0.0000;0.8902;-0.1000;-0.0500;2.3083;
39.60;1;0;0;3A;0;1;0;1;0;3A1;144;3C2;3.2;24.6;57.0;14.4;5.5;76.3;0.0039;0.9176;0.0750;-0.0250;5.5452;
39.85;1;0;0;3A;1;1;1;1;1;38B;144;3C2;3.2;24.6;66.5;14.4;5.5;76.3;0.0196;0.9788;0.3500;0.0500;6.3162;
40.10;1;0;0;3A;2;3;1;2;2;3C1;144;3C2;3.2;24.2;83.5;14.4;5.5;76.3;0.0235;0.9836;0.7250;0.1500;8.4031;
40.35;1;0;0;3A;2;3;2;3;3;3DD;144;3C2;3.2;24.2;68.5;14.4;5.5;76.3;0.0314;0.9798;0.8000;0.1750;7.0944;
40.60;1;0;0;3A;3;5;3;4;3;3CB;144;3C2;3.2;24.1;58.5;14.4;5.5;76.3;0.0392;0.9561;0.9250;0.3250;5.9484;
40.85;1;0;0;3A;4;5;3;5;4;3C5;144;3C2;3.2;24.1;60.0;14.4;5.5;76.3;0.0353;0.8927;0.9750;0.5000;6.0633;
41.10;1;0;0;3A;5;7;4;6;5;3B3;144;3C2;3.2;23.7;59.5;13.0;5.5;76.3;0.0392;0.8593;1.1000;0.7250;5.9006;
41.35;1;0;0;3A;6;8;5;7;7;3A7;144;3C2;3.2;23.3;69.0;13.0;5.5;76.3;0.0510;0.8032;1.2500;0.8500;6.7560;
41.60;1;0;0;3A;8;A;7;9;8;3C3;144;3C2;3.2;23.3;66.0;12.6;5.5;76.3;0.0706;0.7092;1.5250;0.9000;6.6558;
41.85;1;0;0;3A;8;A;8;9;9;3EE;144;3C2;3.2;23.4;36.5;12.6;5.5;76.3;0.0980;0.5133;0.9250;0.9000;3.8452;
42.10;1;0;0;3A;9;A;8;A;9;46F;144;3C2;3.2;23.6;46.5;12.6;5.5;76.3;0.2157;0.4473;0.6000;0.4250;5.5268;
42.35;0;0;0;3A;9;A;9;A;9;4E7;144;3C2;3.2;23.6;63.5;12.6;5.5;76.3;0.2471;0.3760;0.5000;0.0250;8.3454;
42.61;0;0;0;3A;A;C;A;B;B;513;144;3C2;3.2;23.4;67.5;12.5;5.5;76.3;0.2510;0.3374;1.0750;0.8500;9.1821;
42.86;0;0;0;3A;C;D;B;C;C;58F;144;3C2;3.2;23.4;71.0;12.5;5.5;76.3;0.2510;0.2272;0.9750;0.2000;10.5802;
43.11;0;0;0;3A;C;D;C;D;D;601;144;3C2;3.2;22.9;73.5;12.5;5.5;76.3;0.2510;0.2177;1.0250;0.6500;11.8301;
43.36;0;0;0;3A;D;E;D;E;E;64E;144;3C2;3.2;22.9;76.0;12.5;5.5;76.3;0.2510;0.1898;0.9250;0.4250;12.8453;
43.61;0;0;0;3A;E;F;E;F;E;6D2;144;3C2;3.2;23.3;74.5;12.5;5.5;76.3;0.2510;0.1804;0.9750;0.6000;13.6216;
43.86;0;0;0;3A;F;10;F;10;F;729;145;3C2;3.2;22.9;73.0;12.5;5.5;76.3;0.2510;0.1765;0.9750;0.6000;14.0124;
44.11;0;0;0;3A;10;10;10;10;10;729;145;3C2;3.2;22.9;6.0;13.7;5.5;76.3;0.0000;0.1665;0.8500;0.5750;1.1517;
44.36;1;0;0;3A;F;10;F;10;10;6D8;145;3C2;3.2;23.2;-29.5;14.3;5.5;76.3;0.0000;0.1435;0.0750;0.1500;-5.4123;
44.61;1;0;0;3A;F;10;F;10;10;5B4;145;3C2;3.2;23.2;-31.5;14.3;5.5;76.3;0.0000;0.1201;-0.0750;0.2250;-4.8161;
44.86;1;0;0;3B;F;10;F;10;F;4EC;145;3C2;3.2;24.3;-32.5;14.4;5.5;76.3;0.0157;0.1098;-0.1500;0.1500;-4.2883;
45.11;1;0;0;3B;F;10;F;10;F;3F7;145;3C2;3.2;24.3;10.0;14.4;5.5;76.3;0.1255;0.1098;-0.0750;0.2750;1.0629;
45.36;1;0;0;3B;F;10;F;10;F;40D;145;3C2;3.2;24.3;30.5;14.4;5.5;76.3;0.2118;0.1095;-0.1250;0.1250;3.3121;
45.61;0;0;0;3B;F;10;F;10;10;40F;145;3C2;3.2;24.4;79.0;14.4;5.5;76.3;0.2863;0.1093;0.1750;0.2000;8.5955;
45.86;0;0;0;3B;10;11;10;11;10;426;145;3C2;3.2;24.7;96.5;14.4;5.5;76.3;0.2941;0.1086;0.5500;0.3250;10.7320;
46.11;0;0;0;3B;11;11;11;11;11;465;145;3C2;3.2;24.7;107.0;14.4;5.5;76.3;0.2941;0.1072;0.7250;0.2000;12.6056;
46.36;0;0;0;3B;12;12;12;12;12;488;145;3C2;3.2;23.9;108.0;14.4;5.5;76.3;0.2980;0.0966;0.9000;0.1000;13.1193;
46.61;0;0;0;3B;13;13;13;13;13;4CD;145;3C2;3.2;23.9;108.5;14.4;5.5;76.3;0.2980;0.0890;0.9250;0.0000;13.9640;
46.86;0;0;0;3B;14;14;14;14;14;4FC;145;3C2;3.2;23.6;109.5;14.4;5.5;76.3;0.3059;0.0305;1.0000;-0.4000;14.6317;
47.11;0;0;0;3B;15;15;15;15;15;542;145;3C2;3.2;23.6;121.5;14.5;5.5;76.3;0.3333;0.0233;1.0000;-0.1500;17.1258;
47.36;0;0;0;3B;16;16;16;16;16;573;145;3C2;3.2;23.7;128.5;14.5;5.5;76.3;0.3333;0.0100;1.1000;-0.4250;18.7718;
47.63;0;0;0;3B;17;17;17;17;17;5C6;145;3C2;3.2;23.7;130.5;14.5;5.5;76.3;0.3333;-0.0118;1.1000;-0.5500;20.1982;
47.88;0;0;0;3B;18;18;18;18;18;5FD;145;3C2;3.2;22.9;131.0;14.5;5.5;76.3;0.3333;-0.0262;1.1000;-0.6000;21.0301;
48.13;0;0;0;3B;19;19;19;19;19;64F;145;3C2;3.2;22.5;129.5;14.5;5.5;76.3;0.3294;-0.0259;1.1500;-0.5750;21.9014;
48.38;0;0;0;3B;1A;1A;1A;1A;1A;67C;145;3C2;3.2;22.5;125.0;14.5;5.5;76.3;0.3255;-0.0250;1.1250;-0.5500;21.7293;
48.63;0;0;0;3B;1B;1B;1B;1B;1B;6CA;145;3C2;3.2;22.0;123.5;14.4;5.5;76.3;0.3216;-0.0208;1.1250;-0.6750;22.4774;
48.88;0;0;0;3B;1C;1C;1C;1C;1C;6FC;145;3C2;3.2;20.7;119.0;14.4;5.5;76.3;0.3216;-0.0053;1.1000;-0.2500;22.2814;
49.13;0;0;0;3B;1D;1D;1D;1D;1D;746;145;3C2;3.2;20.7;117.5;14.4;5.5;76.3;0.3216;-0.0037;1.0750;-0.3500;22.9111;
49.38;0;0;0;3B;1E;1E;1E;1E;1E;767;145;3C2;3.2;20.1;19.5;14.4;5.5;76.3;0.1647;0.0003;1.0250;-0.2250;3.8697;
49.63;1;0;0;3B;1E;1E;1D;1E;1E;6D8;145;3C2;3.2;20.1;-34.0;14.4;5.5;76.3;0.0000;0.0032;0.2750;-0.2250;-6.2379;
49.88;1;0;0;3B;1D;1D;1D;1D;1D;5ED;145;3C2;3.2;20.2;-37.0;14.4;5.5;76.3;0.0000;0.0037;-0.1000;-0.0500;-5.8778;
50.13;1;0;0;3B;1D;1D;1D;1D;1D;475;145;3C2;3.2;20.2;-35.5;14.4;5.5;76.3;0.0353;0.0034;-0.1750;-0.2250;-4.2417;
50.38;1;0;0;3B;1D;1D;1D;1D;1D;4C1;145;3C2;3.2;20.2;79.5;14.4;5.5;76.3;0.3059;0.0045;-0.2250;-0.1500;10.1318;
50.63;0;0;0;3B;1D;1D;1D;1D;1D;49A;145;3C2;3.2;20.4;115.0;14.4;5.5;76.3;0.3569;0.0058;0.0250;-0.1000;14.1864;
50.88;0;0;0;3B;1E;1E;1E;1E;1E;4A4;145;3C2;3.2;20.2;147.0;14.5;5.5;76.3;0.3569;0.0108;0.4500;-0.0500;18.2878;
51.13;0;0;0;3B;1E;1E;1E;1E;1E;4BF;145;3C2;3.2;20.2;148.5;14.5;5.5;76.3;0.3294;0.0200;0.5000;0.1500;18.8943;
51.38;0;0;0;3B;1F;1F;1F;1F;1F;4CB;145;3C2;3.2;20.2;88.0;14.5;5.5;76.3;0.2667;0.0322;0.5500;0.2000;11.3072;
51.63;0;0;0;3B;1F;1F;1F;1F;1F;4DB;145;3C2;3.2;20.4;72.5;14.5;5.5;76.3;0.2392;0.0355;0.2750;0.1500;9.4371;
51.88;0;0;0;3B;1F;1F;1F;1F;1F;4E9;145;3C2;3.2;20.9;72.5;14.5;5.5;76.3;0.2392;0.0391;0.2250;0.2750;9.5434;
52.13;0;0;0;3B;1F;20;1F;20;1F;4EB;145;3C2;3.2;20.9;71.0;14.5;5.5;76.3;0.2392;0.0396;0.1250;0.3750;9.3608;
52.38;0;0;0;3B;1F;20;20;20;20;4F2;145;3C2;3.2;21.7;72.5;14.5;5.5;76.3;0.2431;0.0425;0.1500;0.4750;9.6117;
52.64;0;0;0;3C;20;20;20;20;20;4F8;145;3C2;3.2;21.7;74.5;14.5;5.5;76.3;0.2471;0.0686;0.1250;0.8250;9.9237;
52.89;0;0;0;3C;20;20;20;20;20;500;145;3C2;3.2;22.1;78.0;14.5;5.5;76.3;0.2627;0.0845;0.1250;1.0000;10.4552;
53.14;0;0;0;3C;20;21;20;20;20;506;145;3C2;3.2;22.9;83.5;14.5;5.5;76.3;0.2824;0.0930;0.1500;1.3500;11.2449;
53.39;0;0;0;3C;20;21;20;21;20;50E;145;3C2;3.2;22.9;95.5;14.5;5.5;76.3;0.2863;0.0925;0.1500;1.0500;12.9410;
53.64;0;0;0;3C;20;21;20;21;21;51B;145;3C2;3.2;24.1;98.0;14.5;5.5;76.3;0.2824;0.0890;0.2500;0.9000;13.4131;
53.89;0;0;0;3C;20;22;21;21;21;524;145;3C2;3.2;24.4;88.5;14.5;5.5;76.3;0.2549;0.1032;0.2500;1.4500;12.1963;
54.14;0;0;0;3C;21;22;21;22;21;52C;145;3C2;3.2;24.4;84.5;14.5;5.5;76.3;0.2549;0.1045;0.1750;1.6250;11.7158;
54.39;0;0;0;3C;21;21;21;22;21;52D;145;3C2;3.2;24.5;84.0;14.5;5.5;76.3;0.2588;0.0961;0.1500;1.1250;11.6553;
54.64;0;0;0;3C;21;22;21;22;21;537;145;3C2;3.2;24.5;85.0;14.5;5.5;76.3;0.2667;0.1033;0.1750;1.0000;11.8831;
54.89;0;0;0;3C;21;22;21;22;22;549;145;3C2;3.2;25.4;88.5;14.5;5.5;76.3;0.2863;0.1160;0.1750;1.7000;12.5392;
55.14;0;0;0;3C;21;23;21;23;22;54F;145;3C2;3.2;26.0;98.5;14.5;5.5;76.3;0.3137;0.1340;0.1500;2.2750;14.0179;
55.39;0;0;0;3C;22;23;22;23;22;55F;145;3C2;3.2;26.0;117.0;14.5;5.5;76.3;0.3333;0.1388;0.2750;2.0750;16.8468;
55.64;0;0;0;3C;22;23;22;23;23;566;145;3C2;3.2;26.0;127.5;14.5;5.5;76.3;0.3451;0.1348;0.4000;2.0000;18.4521;
55.89;0;0;0;3C;23;24;23;24;23;588;145;3C2;3.2;27.0;142.5;14.5;5.5;76.3;0.3725;0.1195;0.4500;1.8250;21.1304;
56.14;0;0;0;3C;23;24;23;24;24;598;145;3C2;3.2;28.0;153.0;14.4;5.5;76.3;0.3882;0.1138;0.5000;1.8500;22.9437;
56.39;0;0;0;3C;24;25;24;25;24;5B3;145;3C2;3.2;28.0;170.5;14.4;5.5;76.3;0.4039;0.1122;0.5750;1.9250;26.0500;
56.64;0;0;0;3C;24;26;25;26;25;5C6;145;3C2;3.2;28.0;177.5;14.4;5.5;76.3;0.4039;0.0961;0.6500;1.5500;27.4727;
56.89;0;0;0;3C;25;27;25;26;26;5EB;145;3C2;3.2;28.4;179.0;14.4;5.5;76.3;0.4000;0.0884;0.7750;1.7000;28.3984;
57.14;0;0;0;3C;26;27;26;27;26;5FE;145;3C2;3.2;28.4;178.5;14.4;5.5;76.3;0.3961;0.0835;0.8250;1.6000;28.6743;
57.39;0;0;0;3C;27;28;27;28;28;62B;145;3C2;3.2;28.6;175.0;14.4;5.5;76.3;0.3922;0.0758;0.8000;0.9750;28.9367;
57.66;0;0;0;3D;28;29;28;29;28;647;145;3C2;3.2;27.8;173.0;14.4;5.5;76.3;0.3922;0.0672;0.9250;1.0750;29.1132;
57.91;0;0;0;3D;29;2A;29;29;29;66C;145;3C2;3.2;27.8;171.5;14.4;5.5;76.3;0.3922;0.0625;0.8750;0.8750;29.5253;
58.16;0;0;0;3D;2A;2B;2A;2A;2A;684;145;3C2;3.2;27.7;171.0;14.4;5.5;76.3;0.3922;0.0570;0.8250;0.9250;29.8690;
58.41;0;0;0;3D;2B;2B;2B;2B;2B;6A9;145;3C2;3.2;27.7;167.0;14.4;5.5;76.3;0.3804;0.0463;0.8750;0.3250;29.8174;
58.66;0;0;0;3D;2B;2C;2C;2C;2B;6C2;145;3C2;3.2;27.6;158.0;14.4;5.5;76.3;0.3647;0.0195;0.8000;0.2750;28.6241;
58.91;0;0;0;3D;2C;2C;2C;2C;2C;6E0;145;3C2;3.2;26.4;150.5;14.4;5.5;76.3;0.3608;0.0053;0.7750;-0.5000;27.7382;
59.16;0;0;0;3D;2D;2D;2D;2D;2D;6F7;145;3C2;3.2;26.4;148.5;14.4;5.5;76.3;0.3569;-0.0062;0.7500;-0.5750;27.7272;
59.41;0;0;0;3D;2E;2D;2E;2E;2E;717;145;3C2;3.2;25.8;138.0;14.4;5.5;76.3;0.3333;-0.0081;0.6750;-0.5750;26.2292;
59.66;0;0;0;3D;2D;2D;2E;2E;2E;6ED;145;3C2;3.2;25.8;20.0;14.4;5.5;76.3;0.0000;-0.0080;0.6750;-0.6500;3.7134;
59.91;1;0;0;3D;2D;2D;2D;2D;2E;604;145;3C2;3.2;24.3;-33.5;14.4;5.5;76.3;0.0000;-0.0076;0.0000;-0.7250;-5.4025;
60.16;1;0;0;3D;2D;2D;2D;2D;2D;50F;145;3C2;3.2;24.3;-36.0;14.4;5.5;76.3;0.0000;-0.0081;-0.1500;-0.4250;-4.8820;
60.41;1;0;0;3D;2D;2D;2D;2D;2D;55F;145;3C2;3.2;23.7;54.5;14.4;5.5;76.3;0.3176;-0.0086;-0.4250;-0.2250;7.8474;
60.66;0;0;0;3D;2D;2D;2D;2D;2D;50C;145;3C2;3.2;23.4;104.5;14.4;5.5;76.3;0.3804;-0.0081;-0.3250;0.0000;14.1386;
60.91;0;0;0;3D;2D;2D;2D;2D;2D;4F6;145;3C2;3.2;23.4;159.0;14.4;5.5;76.3;0.3804;-0.0081;-0.0250;-0.4000;21.1461;
61.16;0;0;0;3D;2D;2D;2D;2D;2D;502;145;3C2;3.2;22.4;170.0;14.5;5.5;76.3;0.3765;-0.0075;0.1250;-0.6500;22.8226;
61.41;0;0;0;3D;2D;2D;2D;2D;2D;50B;145;3C2;3.2;22.4;166.0;14.5;5.5;76.3;0.3765;-0.0053;0.1500;-0.8500;22.4421;
61.66;0;0;0;3D;2D;2D;2E;2D;2E;50F;145;3C2;3.2;21.8;162.5;14.5;5.5;76.3;0.3725;0.0045;0.2750;-0.7750;22.0370;
61.91;0;0;0;3D;2D;2E;2E;2E;2E;50E;145;3C2;3.2;21.4;161.5;14.5;5.5;76.3;0.3686;0.0067;0.1250;-0.2250;21.8844;
62.16;0;0;0;3E;2D;2E;2E;2E;2E;50B;145;3C2;3.2;21.4;161.0;14.5;5.5;76.3;0.3686;0.0161;0.0750;0.1500;21.7661;
62.41;0;0;0;3E;2D;2E;2D;2E;2E;513;145;3C2;3.2;20.9;160.5;14.5;5.5;76.3;0.3647;0.0281;0.0000;0.6750;21.8330;
62.67;0;0;0;3E;2D;2E;2D;2E;2E;516;145;3C2;3.2;20.9;154.5;14.5;5.5;76.3;0.3608;0.0458;0.0000;1.0000;21.0653;
62.92;0;0;0;3E;2D;2E;2D;2E;2E;50D;145;3C2;3.2;20.9;152.0;14.5;5.5;76.3;0.3569;0.0511;-0.0750;1.1000;20.5812;
63.17;0;0;0;3E;2D;2E;2D;2E;2E;50E;145;3C2;3.2;21.7;148.0;14.4;5.5;76.3;0.3490;0.0516;-0.0500;1.2000;20.0551;
63.42;0;0;0;3E;2D;2E;2E;2E;2E;510;145;3C2;3.2;21.7;147.0;14.4;5.5;76.3;0.3451;0.0530;0.0250;1.3500;19.9504;
63.67;0;0;0;3E;2E;2E;2E;2E;2E;51E;145;3C2;3.2;22.3;146.0;14.4;5.5;76.3;0.3451;0.0530;0.1500;0.9250;20.0287;
63.92;0;0;0;3E;2E;2F;2E;2F;2E;526;145;3C2;3.2;22.3;142.5;14.4;5.5;76.3;0.3451;0.0530;0.1500;1.3750;19.6679;
64.17;0;0;0;3E;2E;2F;2E;2F;2F;526;145;3C2;3.2;23.3;142.5;14.4;5.5;76.3;0.3451;0.0530;0.2250;1.5250;19.6679;
64.42;0;0;0;3E;2E;2F;2E;2F;2F;52A;145;3C2;3.2;23.3;144.0;14.4;5.5;76.3;0.3451;0.0533;0.2500;1.2250;19.9353;
64.67;0;0;0;3E;2F;30;2F;30;2F;53C;145;3C2;3.2;23.3;144.0;14.4;5.5;76.3;0.3412;0.0535;0.2500;1.0750;20.2067;
64.92;0;0;0;3E;2F;30;2F;30;2F;543;145;3C2;3.2;23.8;140.5;14.4;5.5;76.3;0.3412;0.0518;0.2000;0.9000;19.8186;
65.17;0;0;0;3E;2F;30;2F;30;30;542;145;3C2;3.2;23.8;139.0;14.4;5.5;76.3;0.3412;0.0453;0.2250;0.8500;19.5924;
65.42;0;0;0;3E;30;30;30;30;30;54C;145;3C2;3.2;24.6;139.0;14.4;5.5;76.3;0.3412;0.0385;0.2500;0.5750;19.7380;
65.67;0;0;0;3E;30;31;30;30;30;557;145;3C2;3.2;25.1;135.0;14.4;5.5;76.3;0.3373;0.0292;0.2250;0.4750;19.3255;
65.92;0;0;0;3E;31;31;30;31;31;55C;145;3C2;3.2;25.1;130.5;14.4;5.5;76.3;0.3216;0.0270;0.2250;0.4750;18.7497;
66.17;0;0;0;3E;30;31;30;31;31;55E;145;3C2;3.2;25.6;121.0;14.4;5.5;76.3;0.3137;0.0253;0.2000;0.4750;17.4101;
66.42;0;0;0;3E;31;31;31;31;31;567;145;3C2;3.2;25.6;111.5;14.4;5.5;76.3;0.2902;0.0250;0.2000;0.2250;16.1483;
66.67;0;0;0;3E;31;31;31;31;31;56B;145;3C2;3.2;25.9;97.5;14.4;5.5;76.3;0.2745;0.0148;0.1250;0.1250;14.1615;
66.92;0;0;0;3E;31;31;31;31;31;56E;145;3C2;3.2;26.0;93.0;14.4;5.5;76.3;0.2706;0.0081;0.0750;-0.1000;13.5371;
67.17;0;0;0;3F;31;31;31;31;31;568;145;3C2;3.2;26.0;91.0;14.4;5.5;76.3;0.2706;-0.0020;0.0500;-0.4500;13.1888;
67.42;0;0;0;3F;31;31;31;31;31;56A;145;3C2;3.2;25.3;93.0;14.4;5.5;76.3;0.2784;-0.0043;0.0250;-0.5500;13.4982;
67.69;0;0;0;3F;31;31;31;31;31;56F;145;3C2;3.2;24.6;95.0;14.4;5.5;76.3;0.2784;-0.0158;0.0000;-0.7750;13.8382;
67.94;0;0;0;3F;31;31;31;31;31;572;145;3C2;3.2;24.6;97.0;14.4;5.5;76.3;0.2902;-0.0200;0.0250;-0.7750;14.1600;
68.19;0;0;0;3F;31;31;31;31;31;578;145;3C2;3.2;24.6;111.0;14.4;5.5;76.3;0.3333;-0.0208;0.0500;-1.0000;16.2735;
68.44;0;0;0;3F;32;31;32;31;31;577;145;3C2;3.2;24.0;126.5;14.4;5.5;76.3;0.3490;-0.0225;0.0500;-1.0750;18.5326;
68.69;0;0;0;3F;32;31;32;32;32;57D;145;3C2;3.2;23.1;144.5;14.4;5.5;76.3;0.3647;-0.0285;0.1500;-1.0750;21.2605;
68.94;0;0;0;3F;32;32;32;32;32;586;145;3C2;3.2;23.1;151.0;14.4;5.5;76.3;0.3686;-0.0308;0.1750;-0.9250;22.3591;
69.19;0;0;0;3F;32;32;32;32;32;58B;145;3C2;3.2;22.2;157.0;14.4;5.5;76.3;0.3686;-0.0323;0.2250;-1.0750;23.3298;
69.44;0;0;0;3F;33;32;32;32;32;597;145;3C2;3.2;22.2;155.0;14.4;5.5;76.3;0.3647;-0.0352;0.1750;-0.9250;23.2274;
69.69;0;0;0;3F;33;33;33;32;33;59A;145;3C2;3.2;21.5;154.0;14.4;5.5;76.3;0.3608;-0.0373;0.2750;-1.1250;23.1259;
69.94;0;0;0;3F;33;33;33;33;33;5A4;145;3C2;3.2;20.7;152.0;14.4;5.5;76.3;0.3608;-0.0377;0.2000;-1.0250;22.9847;
70.19;0;0;0;3F;33;33;33;33;33;5AA;145;3C2;3.2;20.7;149.0;14.4;5.5;76.3;0.3569;-0.0379;0.2250;-1.1750;22.6247;
70.44;0;0;0;3F;34;33;34;33;33;5AC;145;3C2;3.2;20.2;148.5;14.4;5.5;76.3;0.3569;-0.0379;0.2250;-1.2250;22.5799;
70.69;0;0;0;3F;34;33;34;33;34;5B0;145;3C2;3.2;19.7;148.5;14.4;5.5;76.3;0.3569;-0.0353;0.1500;-1.2000;22.6421;
70.94;0;0;0;3F;34;34;34;33;34;5BB;145;3C2;3.2;19.7;145.5;14.4;5.5;76.3;0.3569;-0.0348;0.1750;-0.9000;22.3523;
71.19;0;0;0;3F;34;34;34;34;34;5BA;145;3C2;3.2;19.0;146.5;14.4;5.5;76.3;0.3529;-0.0319;0.1750;-0.7750;22.4906;
71.44;0;0;0;3F;34;34;34;34;34;5C2;145;3C2;3.2;19.0;145.0;14.4;5.5;76.3;0.3529;-0.0270;0.1750;-0.4000;22.3818;
71.69;0;0;0;40;34;34;34;34;34;5CB;145;3C2;3.2;18.8;145.5;14.3;5.5;76.3;0.3529;-0.0255;0.1750;-0.5000;22.5961;
71.94;0;0;0;40;35;34;35;34;34;5C9;145;3C2;3.2;19.1;146.0;14.3;5.5;76.3;0.3490;-0.0238;0.1500;-0.4000;22.6431;
72.19;0;0;0;40;35;35;35;35;35;5D2;145;3C2;3.2;19.1;143.0;14.3;5.5;76.3;0.3490;-0.0228;0.1250;-0.3500;22.3126;
72.44;0;0;0;40;35;34;35;34;35;5CA;145;3C0;3.2;19.1;142.5;14.3;5.5;76.3;0.3255;-0.0226;0.1000;-0.4250;22.1152;
72.70;0;0;0;40;35;34;35;35;35;5C9;143;3C0;3.2;19.1;78.5;14.3;5.5;76.3;0.1961;-0.0230;0.0000;-0.4000;12.1746;
72.95;0;0;0;40;34;34;34;34;34;5C0;143;3C0;3.2;19.2;25.5;14.4;5.5;76.3;0.1529;-0.0230;-0.1000;-0.4500;3.9308;
73.20;0;0;0;40;34;34;34;34;34;5BD;143;3C2;3.2;19.2;28.5;14.4;5.5;76.3;0.2235;-0.0221;-0.3500;-0.4000;4.3842;
73.45;0;0;0;40;34;34;34;33;34;5B5;143;3C0;3.2;19.8;50.5;14.4;5.5;76.3;0.2510;-0.0218;-0.4250;-0.4000;7.7263;
73.70;0;0;0;40;33;33;33;33;33;5A9;143;3C2;3.2;20.3;70.0;14.4;5.5;76.3;0.2510;-0.0218;-0.3250;-0.5250;10.6217;
73.95;0;0;0;40;33;33;33;33;33;5A9;143;3C0;3.2;20.3;74.0;14.4;5.5;76.3;0.2510;-0.0215;-0.2750;-0.2750;11.2287;
74.20;0;0;0;40;33;33;33;33;33;5A2;143;3C0;3.2;20.4;76.0;14.4;5.5;76.3;0.2510;-0.0208;-0.2000;-0.2000;11.4764;
74.45;0;0;0;40;33;33;33;32;33;59F;143;3C0;3.2;20.4;78.0;14.3;5.5;76.3;0.2549;-0.0140;-0.1750;-0.2250;11.7540;
74.70;0;0;0;40;33;33;32;33;33;598;143;3C0;3.2;20.9;83.0;14.4;5.5;76.3;0.2706;-0.0123;-0.1500;0.0000;12.4466;
74.95;0;0;0;40;32;32;32;32;33;597;143;3C0;3.2;21.3;90.5;14.4;5.5;76.3;0.2863;-0.0108;-0.1750;-0.2750;13.5618;
75.20;0;0;0;40;32;32;32;32;33;594;143;3C0;3.2;21.3;100.5;14.3;5.5;76.3;0.3020;-0.0089;-0.1500;-0.1500;15.0288;
75.45;0;0;0;40;32;33;32;32;32;595;143;3C0;3.2;21.5;111.0;14.3;5.5;76.3;0.3216;-0.0051;-0.0750;0.0000;16.6105;
75.70;0;0;0;40;32;33;32;32;33;595;143;3C0;3.2;21.9;126.5;14.3;5.5;76.3;0.3412;-0.0040;0.0000;0.0750;18.9300;
75.95;0;0;0;40;32;32;33;32;33;598;143;3C0;3.2;21.9;135.0;14.3;5.5;76.3;0.3490;-0.0023;-0.0250;0.0000;20.2444;
76.20;0;0;0;40;32;33;32;33;33;599;143;3C0;3.2;21.8;144.0;14.3;5.5;76.3;0.3608;0.0020;0.0250;0.2750;21.6091;
76.45;0;0;0;41;33;33;33;33;33;59A;143;3C0;3.2;21.8;149.5;14.3;5.5;76.3;0.3686;0.0067;0.1000;0.0750;22.4501;
76.70;0;0;0;41;33;33;33;33;33;5A1;143;3C0;3.2;22.0;157.0;14.3;5.5;76.3;0.3804;0.0071;0.1250;0.1000;23.6915;
76.95;0;0;0;41;33;33;33;33;33;5A7;143;3C0;3.2;22.0;164.5;14.3;5.5;76.3;0.3882;0.0071;0.1500;0.3750;24.9266;
77.20;0;0;0;41;33;33;33;33;33;5AE;143;3C0;3.2;22.2;171.0;14.3;5.5;76.3;0.3922;0.0070;0.1500;0.0250;26.0369;
77.45;0;0;0;41;33;33;33;33;34;5B2;143;3C0;3.2;22.2;173.0;14.3;5.5;76.3;0.3922;0.0067;0.1750;0.2250;26.4139;
77.71;0;0;0;41;34;34;34;34;34;5BB;143;3C0;3.2;22.2;172.5;14.4;5.5;76.3;0.3922;0.0058;0.2250;0.1000;26.5001;
77.96;0;0;0;41;34;34;34;34;34;5C0;143;3C0;3.2;22.1;173.0;14.4;5.5;76.3;0.3922;0.0025;0.2750;0.0500;26.6675;
78.21;0;0;0;41;34;34;34;35;34;5C5;143;3C0;3.2;22.1;173.0;14.4;5.5;76.3;0.3922;-0.0003;0.2000;0.1750;26.7581;
78.46;0;0;0;41;35;35;35;35;35;5CF;143;3C0;3.2;22.2;172.0;14.3;5.5;76.3;0.3922;-0.0025;0.2250;0.0500;26.7835;
78.71;0;0;0;41;35;35;35;35;35;5D9;143;3C0;3.2;22.2;172.5;14.3;5.5;76.3;0.3922;-0.0034;0.2000;-0.0250;27.0420;
78.96;0;0;0;41;35;35;35;35;35;5D9;143;3C0;3.2;22.2;172.0;14.3;5.5;76.3;0.3922;-0.0040;0.2000;0.2500;26.9637;
79.21;0;0;0;41;35;35;35;35;35;5E3;143;3C0;3.2;22.1;172.5;14.3;5.5;76.3;0.3922;-0.0040;0.2000;0.0000;27.2227;
79.46;0;0;0;41;35;35;35;35;36;5E2;143;3C0;3.2;22.0;173.5;14.3;5.5;76.3;0.3961;-0.0034;0.1750;0.1250;27.3623;
79.71;0;0;0;41;35;35;35;35;36;5EA;143;3C0;3.2;22.0;186.0;14.3;5.5;76.3;0.4235;-0.0029;0.1000;0.0250;29.4895;
79.96;0;0;0;41;36;36;36;36;36;5F1;143;3C0;3.2;22.1;198.5;14.4;5.5;76.3;0.4392;0.0003;0.1500;0.1250;31.6168;
80.21;0;0;0;41;36;36;36;36;36;5F8;143;3C0;3.2;22.1;211.0;14.4;5.5;76.3;0.4588;0.0001;0.2500;0.1000;33.7625;
80.46;0;0;0;41;36;36;36;36;36;5FF;143;3C0;3.2;22.0;221.5;14.3;5.5;76.3;0.4745;-0.0008;0.2750;0.3250;35.6050;
80.71;0;0;0;41;37;37;37;37;37;613;143;3C0;3.2;22.0;230.5;14.3;5.5;76.3;0.4824;-0.0011;0.3500;0.3500;37.5344;
80.96;0;0;0;41;37;37;37;37;37;614;143;3C0;3.2;21.9;237.5;14.3;5.5;76.3;0.4902;-0.0038;0.4250;0.1500;38.6992;
81.21;0;0;0;41;38;38;38;38;38;624;143;3C0;3.2;21.9;242.0;14.3;5.5;76.3;0.4980;-0.0086;0.4250;-0.2500;39.8379;
81.46;0;0;0;41;38;38;38;38;38;631;143;3C0;3.2;21.9;244.0;14.3;5.5;76.3;0.4980;-0.0166;0.4750;-0.1750;40.4993;
81.71;0;0;0;42;39;38;39;38;38;63F;143;3C0;3.2;21.7;244.0;14.3;5.5;76.3;0.4980;-0.0188;0.4250;-0.3250;40.8570;
81.96;0;0;0;42;39;39;39;39;39;647;143;3C0;3.2;21.7;243.5;14.3;5.5;76.3;0.4941;-0.0208;0.4750;-0.4000;40.9773;
82.21;0;0;0;42;3A;39;3A;39;39;659;143;3C0;3.2;21.2;242.5;14.3;5.5;76.3;0.4941;-0.0215;0.4750;-0.4000;41.2661;
82.46;0;0;0;42;3A;3A;3A;3A;3A;660;143;3C0;3.2;21.0;240.0;14.3;5.5;76.3;0.4902;-0.0241;0.4500;-0.3250;41.0166;
82.74;0;0;0;42;3A;3A;3A;3A;3B;671;143;3C0;3.2;21.0;238.5;14.3;5.5;76.3;0.4902;-0.0275;0.4250;-0.5250;41.1849;
82.99;0;0;0;42;3B;3B;3B;3B;3B;67F;143;3C0;3.2;20.7;239.0;14.3;5.5;76.3;0.4902;-0.0281;0.4500;-0.8250;41.6216;
83.24;0;0;0;42;3B;3B;3B;3B;3B;68B;143;3C0;3.2;20.7;238.0;14.3;5.5;76.3;0.4902;-0.0310;0.4500;-0.9250;41.7465;
83.49;0;0;0;42;3C;3C;3C;3B;3C;69A;143;3C0;3.2;20.2;239.0;14.3;5.5;76.3;0.4902;-0.0333;0.4500;-0.9000;42.2974;
83.74;0;0;0;42;3C;3C;3C;3C;3C;6A0;143;3C0;3.2;19.8;237.5;14.3;5.5;76.3;0.4902;-0.0352;0.4250;-1.2000;42.1811;
83.99;0;0;0;42;3D;3C;3D;3C;3D;6AE;143;3C0;3.2;19.8;237.5;14.3;5.5;76.3;0.4902;-0.0375;0.4000;-1.3250;42.5293;
84.24;0;0;0;42;3D;3C;3D;3D;3D;6B7;143;3C0;3.2;19.3;237.0;14.3;5.5;76.3;0.4902;-0.0400;0.3500;-1.4000;42.6631;
84.49;0;0;0;42;3E;3D;3D;3D;3D;6C6;143;3C0;3.2;18.7;236.5;14.3;5.5;76.3;0.4902;-0.0403;0.4000;-1.4250;42.9446;
84.74;0;0;0;42;3E;3D;3E;3D;3E;6CD;143;3C0;3.2;18.7;236.5;14.3;5.5;76.3;0.4902;-0.0401;0.4250;-1.4500;43.1180;
84.99;0;0;0;42;3E;3E;3E;3E;3E;6D9;143;3C0;3.2;18.7;236.5;14.3;5.5;76.3;0.4902;-0.0398;0.3500;-1.3750;43.4152;
85.24;0;0;0;42;3F;3E;3E;3E;3E;6E0;143;3C0;3.2;18.2;236.0;14.3;5.5;76.3;0.4902;-0.0398;0.3500;-1.4500;43.4964;
85.49;0;0;0;42;3F;3E;3F;3E;3F;6EB;143;3C0;3.2;17.7;236.0;14.3;5.5;76.3;0.4902;-0.0413;0.3750;-1.6500;43.7682;
85.74;0;0;0;43;3F;3E;3F;3F;3F;6F3;143;3C0;3.2;17.7;235.0;14.3;5.5;76.3;0.4902;-0.0416;0.3750;-1.5250;43.7797;
85.99;0;0;0;43;40;3F;40;3F;3F;6FD;143;3C0;3.2;17.3;235.0;14.3;5.5;76.3;0.4902;-0.0416;0.2750;-1.6500;44.0258;
86.24;0;0;0;43;40;3F;40;3F;40;701;143;3C0;3.2;17.3;235.5;14.3;5.5;76.3;0.4902;-0.0416;0.2750;-1.6000;44.2181;
86.49;0;0;0;43;40;40;40;40;40;70B;143;3C0;3.2;16.9;234.5;14.3;5.5;76.3;0.4902;-0.0388;0.3250;-1.4750;44.2759;
86.74;0;0;0;43;40;40;40;40;40;714;143;3C0;3.2;16.8;234.0;14.3;5.5;76.3;0.4902;-0.0345;0.3500;-1.2250;44.4020;
86.99;0;0;0;43;41;40;41;40;41;71D;143;3C0;3.2;16.8;234.5;14.3;5.5;76.3;0.4902;-0.0305;0.3250;-0.9250;44.7179;
87.24;0;0;0;43;41;41;41;41;41;724;143;3C0;3.2;16.4;234.5;14.3;5.5;76.3;0.4902;-0.0280;0.2750;-0.8750;44.8898;
87.49;0;0;0;43;41;41;41;41;41;730;143;3C0;3.2;16.6;235.0;14.3;5.5;76.3;0.4902;-0.0238;0.2750;-0.7750;45.2808;
87.75;0;0;0;43;41;41;41;41;41;736;143;3C0;3.2;16.6;234.5;14.3;5.5;76.3;0.4902;-0.0200;0.2750;-0.5000;45.3318;
88.00;0;0;0;43;41;41;42;41;42;73C;143;3C0;3.2;16.6;233.5;14.3;5.5;76.3;0.4902;-0.0141;0.2750;-0.0250;45.2852;
88.25;0;0;0;43;42;42;42;42;42;740;143;3C0;3.2;16.6;233.5;14.3;5.5;76.3;0.4902;-0.0105;0.2500;0.0000;45.3830;
88.50;0;0;0;43;42;42;42;42;42;74C;143;3C0;3.2;16.8;233.5;14.3;5.5;76.3;0.4902;-0.0098;0.2500;-0.0250;45.6765;
88.75;0;0;0;43;42;42;42;42;42;753;143;3C0;3.2;17.5;233.0;14.3;5.5;76.3;0.4902;-0.0078;0.2750;0.1000;45.7494;
89.00;0;0;0;44;42;43;42;43;43;75A;143;3C0;3.2;17.5;232.5;14.3;5.5;76.3;0.4902;-0.0041;0.2500;0.1500;45.8217;
89.25;0;0;0;44;43;43;43;43;43;762;143;3C0;3.2;17.5;232.0;14.3;5.5;76.3;0.4902;0.0003;0.2750;0.1750;45.9175;
89.50;0;0;0;44;43;43;43;43;43;76C;143;3C0;3.2;17.8;233.0;14.3;5.5;76.3;0.4902;0.0026;0.2500;0.2750;46.3594;
89.75;0;0;0;44;44;44;43;43;44;76F;143;3C0;3.2;18.3;232.0;14.3;5.5;76.3;0.4902;0.0050;0.2500;0.3250;46.2334;
90.00;0;0;0;44;44;44;44;44;44;776;143;3C0;3.2;18.3;232.5;14.3;5.5;76.3;0.4902;0.0064;0.2250;0.4000;46.5034;
90.25;0;0;0;44;44;44;44;44;44;77B;143;3C0;3.2;19.0;232.0;14.3;5.5;76.3;0.4902;0.0093;0.2000;0.4500;46.5249;
90.50;0;0;0;44;44;44;44;44;44;782;143;3C0;3.2;19.7;232.0;14.3;5.5;76.3;0.4902;0.0105;0.1500;0.4500;46.6950;
90.75;0;0;0;44;44;45;44;44;44;786;143;3C0;3.2;19.7;231.5;14.3;5.5;76.3;0.4902;0.0116;0.1500;0.3750;46.6913;
91.00;0;0;0;44;44;45;44;45;45;78E;143;3C0;3.2;20.1;231.5;14.3;5.5;76.3;0.4902;0.0119;0.1750;0.4500;46.8852;
91.25;0;0;0;44;44;45;45;45;45;78F;143;3C0;3.2;20.1;231.5;14.3;5.5;76.3;0.4902;0.0106;0.1750;0.3250;46.9095;
91.50;0;0;0;44;45;45;45;45;45;799;143;3C0;3.2;20.8;231.0;14.3;5.5;76.3;0.4902;0.0080;0.2000;0.2500;47.0501;
91.75;0;0;0;44;45;45;45;45;45;79D;143;3C0;3.2;21.0;230.0;14.3;5.5;76.3;0.4863;0.0058;0.2000;0.1000;46.9427;
92.00;0;0;0;45;45;45;45;45;45;7A7;143;3C0;3.2;21.0;229.0;14.3;5.5;76.3;0.4863;0.0045;0.1750;0.0000;46.9784;
92.25;0;0;0;45;46;46;46;45;46;7AE;143;3C0;3.2;21.3;229.0;14.3;5.5;76.3;0.4863;-0.0068;0.2250;-0.5500;47.1463;
92.50;0;0;0;45;46;46;46;46;46;7B5;143;3C0;3.2;21.3;227.0;14.3;5.5;76.3;0.4824;-0.0067;0.2000;-0.5250;46.9009;
92.76;0;0;0;45;46;46;46;46;46;7B6;143;3C0;3.2;21.3;226.5;14.3;5.5;76.3;0.4824;-0.0056;0.2000;-0.5000;46.8214;
93.01;0;0;0;45;46;46;46;46;46;7BE;143;3C0;3.2;20.9;226.0;14.3;5.5;76.3;0.4824;-0.0043;0.2000;-0.4250;46.9073;
93.26;0;0;0;45;46;47;46;46;47;7C6;143;3C0;3.2;20.9;226.0;14.3;5.5;76.3;0.4824;0.0013;0.2250;-0.2000;47.0967;
93.51;0;0;0;45;47;47;46;47;47;7C4;143;3C0;3.2;20.9;211.5;14.3;5.5;76.3;0.3216;0.0028;0.2000;-0.1500;44.0307;
93.76;1;0;0;45;46;46;46;46;46;76B;143;3C0;3.2;20.9;-40.5;14.3;5.5;76.3;0.0000;0.0023;-0.2750;0.0500;-8.0539;
94.01;1;0;0;45;45;45;45;45;45;615;143;3C0;3.2;21.1;-36.0;14.3;5.5;76.3;0.0353;0.0004;-0.7250;-0.1250;-5.8698;
94.26;1;0;0;45;44;44;44;44;44;688;143;3C0;3.2;21.4;130.5;14.3;5.5;76.3;0.5490;0.0007;-0.8000;0.0750;22.8494;
94.51;0;0;0;45;44;44;44;44;44;618;143;3C0;3.2;21.4;233.5;14.3;5.5;76.3;0.6941;0.0011;-0.5000;-0.2500;38.1452;
94.76;0;0;0;45;44;44;44;44;44;60D;143;3C0;3.2;21.4;256.0;14.3;5.5;76.3;0.6824;0.0016;-0.2500;-0.0250;41.5260;
95.01;0;0;0;46;44;44;44;44;44;607;143;3C0;3.2;21.4;274.0;14.4;5.5;76.3;0.6275;0.0023;-0.2500;-0.0250;44.2736;
95.26;0;0;0;46;44;44;44;44;44;60A;143;3C0;3.2;21.2;288.0;14.4;5.5;76.3;0.6000;0.0037;-0.1250;-0.4000;46.6263;
95.51;0;0;0;46;44;44;44;44;44;60A;143;3C0;3.2;21.0;285.0;14.4;5.5;76.3;0.5882;0.0034;0.0250;-0.1750;46.1406;
95.76;0;0;0;46;44;45;44;45;45;60E;143;3BE;3.2;21.0;282.5;14.4;5.5;76.3;0.5843;0.0034;0.1750;-0.0250;45.8542;
96.01;0;0;0;46;45;45;45;45;45;612;143;3C0;3.2;20.7;282.0;14.4;5.5;76.3;0.5843;0.0046;0.1750;-0.0250;45.8911;
96.26;0;0;0;46;45;45;45;45;45;61D;143;3BE;3.2;21.0;282.0;14.3;5.5;76.3;0.5843;0.0092;0.1500;0.2000;46.2160;
96.51;0;0;0;46;45;45;45;45;45;61A;143;3BE;3.2;21.0;282.0;14.3;5.5;76.3;0.5804;0.0092;0.1500;0.1500;46.1274;
96.76;0;0;0;46;45;45;45;45;45;61D;143;3C0;3.2;21.0;281.0;14.3;5.5;76.3;0.5804;0.0093;0.1250;0.2500;46.0521;
97.01;0;0;0;46;45;45;45;45;45;623;143;3C0;3.2;21.0;280.0;14.3;5.5;76.3;0.5804;0.0092;0.1750;0.1250;46.0641;
97.26;0;0;0;46;46;46;45;46;46;628;143;3BE;3.2;21.4;280.0;14.3;5.5;76.3;0.5804;0.0092;0.2000;0.2000;46.2107;
97.51;0;0;0;46;46;46;46;46;46;62F;143;3BE;3.2;21.4;280.0;14.3;5.5;76.3;0.5804;0.0086;0.2500;0.2000;46.4160;
97.78;0;0;0;46;46;46;46;46;46;635;143;3BE;3.2;21.5;279.0;14.3;5.5;76.3;0.5765;0.0071;0.2000;0.1250;46.4255;
98.03;0;0;0;46;46;46;46;46;46;637;143;3BE;3.2;21.5;279.0;14.3;5.5;76.3;0.5765;0.0043;0.2000;0.1000;46.4839;
98.28;0;0;0;46;46;46;46;46;47;63D;143;3BE;3.2;21.4;277.5;14.3;5.5;76.3;0.5725;0.0010;0.1500;0.0000;46.4084;
98.53;0;0;0;46;46;46;47;47;47;63F;143;3BE;3.2;20.8;276.5;14.3;5.5;76.3;0.5725;0.0010;0.1250;-0.0250;46.2991;
98.78;0;0;0;46;47;47;47;47;47;645;143;3BE;3.2;20.8;276.5;14.3;5.5;76.3;0.5725;0.0010;0.1250;0.0250;46.4728;
99.03;0;0;0;47;47;47;47;47;47;648;143;3BE;3.2;20.5;277.0;14.3;5.5;76.3;0.5725;0.0013;0.1500;0.0000;46.6439;
99.28;0;0;0;47;47;47;47;47;47;64E;143;3BE;3.2;20.8;276.5;14.3;5.5;76.3;0.5725;0.0029;0.1750;0.0000;46.7334;
99.53;0;0;0;47;47;48;47;47;48;652;143;3BE;3.2;20.8;277.0;14.3;5.5;76.3;0.5725;0.0033;0.1750;-0.0750;46.9339;
99.78;0;0;0;47;48;48;48;48;48;659;143;3BE;3.2;20.6;276.0;14.3;5.5;76.3;0.5725;0.0033;0.1750;0.0250;46.9668;
100.03;0;0;0;47;48;48;48;48;48;65B;143;3BE;3.2;20.6;275.5;14.3;5.5;76.3;0.5725;0.0033;0.2250;-0.0500;46.9394;
100.28;0;0;0;47;48;48;48;48;48;663;143;3BE;3.2;20.9;275.5;14.4;5.5;76.3;0.5725;0.0041;0.2000;0.0000;47.1702;
100.53;0;0;0;47;48;48;48;48;48;668;143;3BE;3.2;20.6;275.5;14.4;5.5;76.3;0.5725;0.0059;0.1750;-0.0750;47.3145;
100.78;0;0;0;47;48;49;48;49;49;66A;143;3BE;3.2;20.6;275.5;14.3;5.5;76.3;0.5725;0.0071;0.1500;0.2250;47.3722;
101.03;0;0;0;47;49;49;49;49;49;66B;143;3BE;3.2;20.8;276.0;14.3;5.5;76.3;0.5725;0.0070;0.1750;0.3500;47.4871;
101.28;0;0;0;47;49;49;49;49;49;672;143;3BE;3.2;20.8;275.5;14.4;5.5;76.3;0.5725;0.0055;0.1250;0.2000;47.6030;
101.53;0;0;0;48;49;49;49;49;49;677;143;3BE;3.2;20.8;275.5;14.3;5.5;76.3;0.5725;0.0034;0.1500;0.1250;47.7472;
101.78;0;0;0;48;49;49;49;49;49;67B;143;3BC;3.2;20.8;275.5;14.3;5.5;76.3;0.5725;0.0003;0.1500;-0.1750;47.8626;
102.03;0;0;0;48;49;49;49;49;4A;67D;143;3BE;3.2;20.7;275.0;14.4;5.5;76.3;0.5725;-0.0013;0.2000;-0.3250;47.8334;
102.28;0;0;0;48;4A;4A;4A;4A;4A;685;143;3BC;3.2;20.6;274.5;14.4;5.5;76.3;0.5725;0.0001;0.1750;-0.2750;47.9764;
102.53;0;0;0;48;4A;4A;4A;4A;4A;687;143;3BC;3.2;20.6;275.0;14.4;5.5;76.3;0.5725;0.0004;0.2000;-0.2500;48.1213;
102.79;0;0;0;48;4A;4A;4A;4A;4A;68F;143;3BE;3.2;20.4;275.0;14.4;5.5;76.3;0.5725;0.0015;0.1500;-0.0750;48.3517;
103.04;0;0;0;48;4A;4A;4A;4A;4A;692;143;3BC;3.2;20.4;274.5;14.4;5.5;76.3;0.5725;0.0023;0.1750;-0.0250;48.3501;
103.29;0;0;0;49;4B;4B;4B;4B;4B;69D;143;3BC;3.2;20.6;274.5;14.4;5.5;76.3;0.5725;0.0029;0.2000;-0.0250;48.6663;
103.54;0;0;0;49;4B;4B;4B;4B;4B;6A2;143;3BC;3.2;20.6;273.5;14.4;5.5;76.3;0.5725;0.0034;0.2250;-0.2000;48.6322;
103.79;0;0;0;49;4B;4B;4B;4B;4B;6A6;141;3BC;3.2;20.6;274.5;14.4;5.5;76.3;0.5725;0.0045;0.2250;0.1250;48.9250;
104.04;0;0;0;49;4B;4C;4B;4B;4B;6AE;141;3BC;3.2;20.5;273.5;14.4;5.5;76.3;0.5725;0.0051;0.2250;0.1000;48.9759;
104.29;0;0;0;49;4C;4C;4B;4C;4C;6B3;141;3BC;3.2;20.6;274.0;14.4;5.5;76.3;0.5725;0.0058;0.2500;0.0750;49.2089;
104.54;0;0;0;49;4C;4C;4C;4C;4C;6BA;141;3BC;3.2;20.6;274.0;14.4;5.5;76.3;0.5725;0.0058;0.2750;0.0500;49.4097;
104.79;0;0;0;49;4C;4C;4C;4C;4C;6BE;141;3BC;3.2;20.6;273.0;14.4;5.5;76.3;0.5725;0.0058;0.3250;0.1250;49.3437;
105.04;0;0;0;49;4C;4D;4D;4C;4D;6C5;141;3BC;3.2;20.6;273.0;14.4;5.5;76.3;0.5725;0.0048;0.3250;0.2250;49.5439;
105.29;0;0;0;49;4D;4D;4D;4D;4D;6D1;141;3BC;3.2;20.5;273.0;14.4;5.5;76.3;0.5725;0.0001;0.3500;-0.0500;49.8869;
105.54;0;0;0;49;4D;4D;4D;4D;4D;6D5;141;3BC;3.2;20.4;272.5;14.4;5.5;76.3;0.5725;-0.0003;0.3750;-0.2000;49.9097;
105.79;0;0;0;4A;4E;4E;4E;4E;4E;6DE;141;3BC;3.2;20.4;272.5;14.4;5.5;76.3;0.5725;-0.0001;0.3500;-0.0250;50.1665;
106.04;0;0;0;4A;4E;4E;4E;4E;4E;6E6;141;3BC;3.2;20.4;272.0;14.4;5.5;76.3;0.5725;0.0003;0.4000;-0.1250;50.3023;
106.29;0;0;0;4A;4E;4E;4E;4E;4F;6F3;141;3BC;3.2;20.4;272.0;14.4;5.5;76.3;0.5725;-0.0004;0.4250;-0.2750;50.6726;
106.54;0;0;0;4A;4F;4F;4F;4F;4F;6F9;141;3BC;3.2;20.3;272.0;14.4;5.5;76.3;0.5725;-0.0008;0.4250;-0.0500;50.8435;
106.79;0;0;0;4A;4F;4F;50;4F;4F;707;141;3BC;3.2;20.3;272.0;14.4;5.5;76.3;0.5765;-0.0004;0.4250;-0.2000;51.2423;
107.04;0;0;0;4A;50;50;50;50;50;70D;141;3BC;3.2;20.4;272.5;14.4;5.5;76.3;0.5765;-0.0003;0.4500;-0.2500;51.5077;
107.29;0;0;0;4A;50;50;50;50;50;719;141;3BC;3.2;20.3;273.0;14.5;5.5;76.3;0.5765;-0.0007;0.4500;-0.1000;51.9453;
107.54;0;0;0;4A;51;51;51;51;51;720;141;3BC;3.2;20.3;271.5;14.5;5.5;76.3;0.5765;-0.0007;0.4500;-0.3500;51.8589;
107.80;0;0;0;4A;51;51;51;51;51;72E;141;3BC;3.2;20.1;272.0;14.4;5.5;76.3;0.5765;-0.0003;0.4750;0.0000;52.3532;
108.05;0;0;0;4A;52;52;52;52;52;736;141;3BC;3.2;20.3;272.0;14.4;5.5;76.3;0.5765;0.0025;0.4750;-0.2000;52.5810;
108.30;0;0;0;4B;52;52;52;52;52;744;141;3BC;3.2;20.3;272.0;14.4;5.5;76.3;0.5765;0.0025;0.4750;0.0250;52.9798;
108.55;0;0;0;4B;52;53;52;53;53;74D;141;3BC;3.2;20.2;270.5;14.4;5.5;76.3;0.5020;0.0016;0.5000;-0.1000;52.9426;
108.80;1;0;0;4B;52;52;52;52;53;6E4;141;3BC;3.2;20.2;-34.5;14.4;5.5;76.3;0.0000;-0.0026;0.1750;-0.1500;-6.3730;
109.05;1;0;0;4B;52;52;51;51;52;62D;141;3BC;3.2;20.2;-31.5;14.4;5.5;76.3;0.0000;-0.0046;-0.1750;-0.4000;-5.2152;
109.30;0;0;0;4B;52;52;52;52;52;58C;141;3BC;3.2;20.9;271.5;14.4;5.5;76.3;0.5373;-0.0041;-0.3750;-0.2500;40.3726;
109.55;0;0;0;4B;52;52;52;52;52;5F2;141;3BC;3.2;20.9;266.0;14.4;5.5;76.3;0.5765;-0.0041;-0.1250;0.0250;42.3960;
109.80;0;0;0;4B;52;52;52;52;52;5F5;141;3BC;3.2;20.6;275.0;14.4;5.5;76.3;0.5765;-0.0058;0.1250;0.0000;43.9168;
110.05;0;0;0;4B;53;52;52;52;52;5FC;141;3BC;3.2;20.6;278.5;14.4;5.5;76.3;0.5725;-0.0141;0.1500;-0.5000;44.6799;
110.30;0;0;0;4B;53;53;53;53;53;5FC;141;3BC;3.2;20.8;278.0;14.4;5.5;76.3;0.5686;-0.0183;0.2250;-0.8250;44.5997;
110.55;0;0;0;4B;53;53;53;53;53;605;141;3BC;3.2;20.8;274.0;14.4;5.5;76.3;0.5608;-0.0208;0.2250;-0.9250;44.2162;
110.80;0;0;0;4C;53;53;53;53;53;60B;141;3BC;3.2;20.7;272.5;14.4;5.5;76.3;0.5569;-0.0215;0.2000;-1.0250;44.1454;
111.05;0;0;0;4C;54;53;53;53;53;60A;141;3BC;3.2;20.4;272.0;14.4;5.5;76.3;0.5569;-0.0246;0.1750;-1.3000;44.0359;
111.30;0;0;0;4C;54;53;54;54;54;60C;141;3BC;3.2;20.4;270.5;14.4;5.5;76.3;0.5490;-0.0289;0.2250;-1.5500;43.8497;
111.55;0;0;0;4C;54;53;54;53;54;619;141;3BC;3.2;20.3;266.0;14.4;5.5;76.3;0.5451;-0.0319;0.2500;-2.0250;43.4824;
111.80;0;0;0;4C;54;54;54;54;54;61A;141;3BC;3.2;20.3;263.0;14.4;5.5;76.3;0.5333;-0.0347;0.1500;-2.1500;43.0195;
112.05;0;0;0;4C;54;54;54;54;54;619;141;3BC;3.2;19.7;257.5;14.4;5.5;76.3;0.5176;-0.0361;0.2000;-2.4750;42.0929;
112.30;0;0;0;4C;54;54;55;54;54;61E;141;3BC;3.2;19.1;252.0;14.4;5.5;76.3;0.5020;-0.0361;0.1750;-2.1500;41.3258;
112.55;0;0;0;4C;55;54;55;54;55;621;141;3BC;3.2;19.1;247.0;14.4;5.5;76.3;0.5020;-0.0358;0.1250;-2.3000;40.5834;
112.82;0;0;0;4C;55;54;55;54;55;626;141;3BC;3.2;18.5;244.5;14.4;5.5;76.3;0.4980;-0.0341;0.1500;-2.1250;40.3007;
113.07;0;0;0;4C;55;55;55;55;55;623;141;3BC;3.2;17.9;245.0;14.4;5.5;76.3;0.4980;-0.0310;0.1000;-1.8250;40.3061;
113.32;0;0;0;4C;55;54;55;54;55;627;141;3BC;3.2;17.9;244.0;14.4;5.5;76.3;0.4941;-0.0310;0.1250;-1.9750;40.2438;
113.57;0;0;0;4C;55;55;55;55;55;628;141;3BC;3.2;16.9;242.0;14.4;5.5;76.3;0.4941;-0.0308;0.1000;-1.9500;39.9393;
113.82;0;0;0;4C;55;55;55;55;55;62C;141;3BC;3.2;16.9;239.5;14.4;5.5;76.3;0.4902;-0.0308;0.1250;-1.9750;39.6270;
114.07;0;0;0;4D;56;55;56;55;55;62F;141;3BC;3.2;16.7;241.5;14.4;5.5;76.3;0.4902;-0.0230;0.1000;-1.4250;40.0338;
114.32;0;0;0;4D;55;55;55;55;56;631;141;3BC;3.2;16.7;241.0;14.4;5.5;76.3;0.4902;-0.0156;0.1250;-0.9000;40.0014;
114.57;0;0;0;4D;55;55;55;55;56;633;141;3BC;3.2;16.3;240.0;14.4;5.5;76.3;0.4902;-0.0130;0.1000;-0.6500;39.8857;
114.82;0;0;0;4D;55;56;56;56;56;633;141;3BC;3.2;16.3;240.0;14.4;5.5;76.3;0.4902;-0.0110;0.0750;-0.4500;39.8857;
115.07;0;0;0;4D;56;56;56;56;56;637;141;3BC;3.2;16.3;239.5;14.4;5.5;76.3;0.4902;-0.0029;0.1000;-0.1000;39.9029;
115.32;0;0;0;4D;56;56;56;56;56;63A;141;3BC;3.2;17.0;238.5;14.4;5.5;76.3;0.4863;-0.0001;0.0750;-0.1750;39.8112;
115.57;0;0;0;4D;55;56;56;56;56;635;141;3BC;3.2;17.0;226.5;14.4;5.5;76.3;0.4706;0.0034;0.0500;0.0250;37.6895;
115.82;0;0;0;4D;56;56;56;56;56;638;141;3BC;3.2;17.0;216.5;14.4;5.5;76.3;0.4510;0.0062;0.0500;0.0500;36.0935;
116.07;0;0;0;4D;56;56;56;56;56;63B;141;3BC;3.2;17.9;211.0;14.4;5.5;76.3;0.4471;0.0170;0.0250;0.8250;35.2429;
116.32;0;0;0;4D;56;56;56;56;56;63A;141;3BC;3.2;17.9;208.5;14.4;5.5;76.3;0.4471;0.0183;0.0500;1.0250;34.8035;
116.57;0;0;0;4D;56;56;56;56;56;640;141;3BC;3.2;19.4;207.0;14.4;5.5;76.3;0.4471;0.0191;0.0500;1.0000;34.6832;
116.82;0;0;0;4D;56;56;56;56;56;640;141;3BC;3.2;19.4;208.5;14.4;5.5;76.3;0.4431;0.0198;0.0000;1.0750;34.9345;
117.07;0;0;0;4E;56;56;56;56;56;63F;141;3BC;3.2;20.6;207.5;14.4;5.5;76.3;0.4471;0.0204;0.0500;1.1000;34.7452;
117.32;0;0;0;4E;56;56;56;56;56;642;141;3BC;3.2;21.4;206.0;14.4;5.5;76.3;0.4431;0.0200;0.0500;1.1750;34.5588;
117.57;0;0;0;4E;56;57;56;57;57;642;141;3BC;3.2;21.4;206.5;14.4;5.5;76.3;0.4431;0.0193;0.1000;1.0500;34.6427;
117.83;0;0;0;4E;56;57;56;57;57;646;141;3BC;3.2;22.6;205.0;14.4;5.5;76.3;0.4431;0.0166;0.1250;0.7500;34.4769;
118.08;0;0;0;4E;56;57;57;57;57;64A;141;3BC;3.2;23.7;202.0;14.4;5.5;76.3;0.4353;0.0085;0.1250;0.3250;34.0570;
118.33;0;0;0;4E;57;57;57;57;57;650;141;3BC;3.2;23.7;200.5;14.4;5.5;76.3;0.4314;0.0086;0.1250;0.2250;33.9300;
118.58;0;0;0;4E;57;57;57;57;57;651;141;3BC;3.2;23.7;199.0;14.4;5.5;76.3;0.4314;0.0110;0.1500;0.3250;33.6970;
118.83;0;0;0;4E;57;57;57;57;57;651;141;3BC;3.2;24.0;198.5;14.4;5.5;76.3;0.4314;0.0133;0.1500;0.5500;33.6124;
119.08;0;0;0;4E;57;57;57;58;57;657;141;3BC;3.2;24.2;199.0;14.4;5.5;76.3;0.4314;0.0131;0.1250;0.6000;33.8221;
119.33;0;0;0;4E;57;57;57;57;58;656;141;3BC;3.2;24.2;198.5;14.4;5.5;76.3;0.4314;0.0111;0.1250;0.4500;33.7163;
119.58;0;0;0;4E;57;58;58;58;58;65D;141;3BC;3.2;24.8;198.0;14.4;5.5;76.3;0.4314;0.0086;0.1750;0.3750;33.7765;
119.83;0;0;0;4E;58;58;58;58;58;65D;13F;3BC;3.2;24.8;198.0;14.4;5.5;76.3;0.4314;0.0081;0.1750;0.3500;33.7765;
120.08;0;0;0;4E;58;58;58;58;58;663;13F;3BC;3.2;25.1;196.5;14.4;5.5;76.3;0.4275;0.0041;0.2000;0.0000;33.6441;
120.33;0;0;0;4E;58;58;58;58;58;66A;13F;3BC;3.2;25.1;196.5;14.4;5.5;76.3;0.4275;0.0038;0.2500;0.0750;33.7881;
120.58;0;0;0;4F;58;59;58;59;59;66F;13F;3BA;3.2;25.1;194.0;14.4;5.5;76.3;0.4235;0.0034;0.2000;0.0500;33.4598;
120.83;0;0;0;4F;59;59;59;59;59;672;13F;3BA;3.2;24.3;192.0;14.4;5.5;76.3;0.4235;0.0018;0.2250;-0.1000;33.1752;
121.08;0;0;0;4F;59;59;59;59;59;67A;13F;3BA;3.2;23.9;190.0;14.4;5.5;76.3;0.4196;0.0032;0.2750;-0.0500;32.9888;
121.33;0;0;0;4F;59;59;59;59;5A;67A;13F;3BC;3.2;23.9;189.5;14.4;5.5;76.3;0.4157;0.0059;0.2500;0.1750;32.9020;
121.58;0;0;0;4F;59;5A;5A;5A;5A;682;13F;3BC;3.2;23.5;184.5;14.4;5.5;76.3;0.4118;0.0080;0.2500;0.3750;32.1884;
121.83;0;0;0;4F;5A;5A;5A;5A;5A;684;13F;3BC;3.2;23.5;182.0;14.4;5.5;76.3;0.4118;0.0095;0.3250;0.3750;31.7904;
122.08;0;0;0;4F;5A;5A;5A;5A;5A;68C;13F;3BC;3.2;23.0;179.0;14.4;5.5;76.3;0.4039;0.0161;0.2750;0.6000;31.4163;
122.33;0;0;0;4F;5A;5B;5A;5B;5B;690;13F;3BC;3.2;23.1;177.0;14.4;5.5;76.3;0.4000;0.0173;0.2500;1.1750;31.1395;
122.58;0;0;0;4F;5A;5B;5A;5B;5B;697;13F;3BA;3.2;23.1;176.0;14.4;5.5;76.3;0.4000;0.0174;0.2500;1.0750;31.0926;
122.84;0;0;0;4F;5B;5B;5B;5B;5B;697;13F;3BC;3.2;23.1;175.5;14.4;5.5;76.3;0.4000;0.0174;0.2500;1.0000;31.0042;
123.09;0;0;0;4F;5B;5B;5B;5B;5B;69C;13F;3BC;3.2;23.6;171.5;14.4;5.5;76.3;0.3922;0.0174;0.2250;1.0250;30.3874;
123.34;0;0;0;4F;5B;5B;5B;5B;5C;69F;13F;3BA;3.2;24.0;164.0;14.4;5.5;76.3;0.3765;0.0166;0.2000;0.8750;29.1100;
123.59;0;0;0;50;5B;5C;5B;5C;5C;6A7;13F;3BA;3.2;24.0;158.0;14.4;5.5;76.3;0.3765;0.0158;0.1750;1.0000;28.1774;
123.84;0;0;0;50;5B;5C;5C;5C;5C;6A7;13F;3BA;3.2;23.9;155.5;14.4;5.5;76.3;0.3725;0.0128;0.1750;0.7750;27.7315;
124.09;0;0;0;50;5C;5C;5C;5C;5C;6AC;13F;3BC;3.2;24.2;151.5;14.4;5.5;76.3;0.3608;0.0093;0.1750;0.6000;27.0975;
124.34;0;0;0;50;5C;5C;5C;5C;5C;6AE;13F;3BC;3.2;24.2;142.5;14.4;5.5;76.3;0.3490;0.0088;0.1500;0.2750;25.5176;
124.59;0;0;0;50;5C;5C;5C;5C;5C;6AF;13F;3BA;3.2;24.3;129.0;14.4;5.5;76.3;0.3294;0.0088;0.1000;0.3250;23.1136;
124.84;0;0;0;50;5C;5C;5C;5C;5C;6B0;13F;3BA;3.2;24.3;122.5;14.4;5.5;76.3;0.3216;0.0085;0.0750;0.3500;21.9618;
125.09;0;0;0;50;5C;5C;5C;5C;5C;6AF;13F;3BA;3.2;24.5;114.0;14.4;5.5;76.3;0.3098;0.0068;0.0250;0.2250;20.4260;
125.34;0;0;0;50;5C;5D;5C;5C;5C;6AF;13F;3BA;3.2;24.9;111.0;14.4;5.5;76.3;0.3059;0.0015;-0.0500;0.1750;19.8885;
125.59;0;0;0;50;5C;5C;5C;5C;5C;6A6;13F;3BA;3.2;24.9;97.5;14.4;5.5;76.3;0.2784;-0.0020;-0.1000;0.0000;17.3777;
125.84;0;0;0;50;5C;5C;5C;5C;5C;6AB;13F;3BA;3.2;25.2;90.0;14.4;5.5;76.3;0.2745;-0.0018;-0.1250;-0.1500;16.0881;
126.09;0;0;0;50;5C;5C;5C;5C;5C;6A7;13F;3BC;3.2;25.0;89.0;14.4;5.5;76.3;0.2706;-0.0033;-0.1500;-0.1000;15.8721;
126.34;0;0;0;50;5C;5B;5C;5B;5C;6A4;13F;3BA;3.2;25.0;88.0;14.4;5.5;76.3;0.2706;-0.0075;-0.2000;-0.3500;15.6661;
126.59;0;0;0;50;5B;5B;5C;5B;5C;68F;13F;3BA;3.2;24.7;52.5;14.4;5.5;76.3;0.0353;-0.0100;-0.2250;-0.7000;9.2308;
126.84;0;0;0;50;5B;5B;5B;5B;5B;68A;13F;3BC;3.2;24.7;-17.0;14.4;5.5;76.3;0.0000;-0.0131;-0.2750;-0.6750;-2.9801;
127.09;0;0;0;50;5A;5A;5A;5A;5B;687;13F;3BA;3.2;24.5;-34.5;14.4;5.5;76.3;0.0000;-0.0156;-0.6000;-1.0000;-6.0370;
127.34;0;0;0;51;5A;5A;59;59;5A;67C;13F;3BA;3.2;24.5;-36.0;14.4;5.5;76.3;0.0000;-0.0155;-0.7250;-1.1500;-6.2581;
127.59;0;0;0;51;59;59;58;58;59;66C;13F;3BA;3.2;23.8;-35.5;14.4;5.5;76.3;0.0000;-0.0153;-0.7750;-0.9000;-6.1117;
127.85;0;0;0;51;58;58;58;57;58;660;13F;3BA;3.2;23.2;-35.5;14.4;5.5;76.3;0.0000;-0.0144;-0.8000;-0.9000;-6.0670;
128.10;0;0;0;51;57;57;57;57;57;652;13F;3BA;3.2;23.2;-35.5;14.4;5.5;76.3;0.0000;-0.0135;-0.7750;-0.8000;-6.0150;
128.35;0;0;0;51;57;57;56;56;57;64A;13F;3BA;3.2;23.0;-35.5;14.4;5.5;76.3;0.0000;-0.0110;-0.7250;-0.6500;-5.9853;
128.60;0;0;0;51;56;56;56;56;56;63C;13F;3BA;3.2;23.0;-35.0;14.4;5.5;76.3;0.0000;-0.0095;-0.7000;-0.2750;-5.8496;
128.85;0;0;0;51;55;56;55;55;56;634;13F;3BA;3.2;22.8;-35.0;14.4;5.5;76.3;0.0000;-0.0078;-0.6500;-0.2250;-5.8203;
129.10;0;0;0;51;55;55;55;55;55;628;13F;3BA;3.2;22.8;-35.0;14.4;5.5;76.3;0.0000;-0.0075;-0.6500;-0.2750;-5.7763;
129.35;0;0;0;51;54;55;54;54;55;61E;13F;3BA;3.2;22.8;-34.5;14.4;5.5;76.3;0.0000;-0.0064;-0.6000;-0.0500;-5.6577;
129.60;0;0;0;51;54;54;54;54;54;615;13F;3BA;3.2;22.8;-34.5;14.4;5.5;76.3;0.0000;-0.0048;-0.5750;-0.2750;-5.6252;
129.85;0;0;0;51;53;53;53;53;54;60A;13F;3BA;3.2;22.6;-34.5;14.4;5.5;76.3;0.0000;-0.0015;-0.5500;0.0000;-5.5854;
130.10;0;0;0;51;53;53;53;53;53;603;13F;3BA;3.2;22.6;-34.5;14.4;5.5;76.3;0.0000;0.0003;-0.5250;0.1750;-5.5601;
130.35;0;0;0;51;52;52;52;52;52;5F8;13F;3BA;3.2;23.3;-34.5;14.4;5.5;76.3;0.0000;0.0004;-0.6500;0.2250;-5.5204;
130.60;0;0;0;51;52;52;51;52;52;5F0;13F;3BA;3.2;23.3;-34.0;14.4;5.5;76.3;0.0000;0.0011;-0.5500;0.0500;-5.4119;
130.85;0;0;0;51;51;51;51;51;51;5E3;13F;3BA;3.2;23.7;-34.0;14.4;5.5;76.3;0.0000;0.0011;-0.6000;0.4250;-5.3656;
131.10;0;0;0;51;51;51;51;50;51;5D8;13F;3BA;3.2;23.7;-34.0;14.4;5.5;76.3;0.0000;0.0011;-0.7000;0.2000;-5.3265;
131.35;0;0;0;51;50;50;50;50;50;5D0;13F;3BA;3.2;23.7;-34.0;14.4;5.5;76.3;0.0000;0.0013;-0.6000;0.3750;-5.2980;
131.60;0;0;0;51;4F;4F;4F;4F;50;5C2;13F;3BA;3.2;23.7;-33.5;14.4;5.5;76.3;0.0000;0.0015;-0.6000;0.2250;-5.1710;
131.85;0;0;0;51;4F;4F;4E;4F;4F;5BA;13F;3BA;3.2;24.5;-33.5;14.4;5.5;76.3;0.0000;0.0018;-0.7000;0.1750;-5.1429;
132.10;0;0;0;51;4E;4E;4E;4E;4F;5AB;13F;3BA;3.2;25.3;-33.5;14.4;5.5;76.3;0.0000;0.0020;-0.7000;0.2750;-5.0903;
132.35;0;0;0;51;4E;4E;4D;4E;4E;5A6;13F;3BA;3.2;25.3;-33.5;14.4;5.5;76.3;0.0000;0.0023;-0.5750;0.2500;-5.0727;
132.60;0;0;0;51;4D;4D;4D;4D;4D;599;13F;3BA;3.2;25.3;-33.0;14.4;5.5;76.3;0.0000;0.0025;-0.6000;0.2250;-4.9521;
132.87;0;0;0;51;4C;4D;4C;4D;4D;590;13D;3BA;3.2;25.8;-33.0;14.4;5.5;76.3;0.0000;0.0025;-0.6000;0.6750;-4.9210;
133.12;0;0;0;51;4C;4C;4C;4C;4C;57F;13D;3BA;3.2;25.8;-33.0;14.4;5.5;76.3;0.0000;0.0025;-0.5750;0.4750;-4.8622;
133.37;0;0;0;51;4C;4C;4B;4B;4C;57E;13D;3BA;3.2;26.1;-33.0;14.4;5.5;76.3;0.0000;0.0004;-0.5750;0.1250;-4.8588;
133.62;0;0;0;51;4B;4B;4B;4B;4B;573;13D;3BA;3.2;26.1;-33.0;14.4;5.5;76.3;0.0000;-0.0013;-0.5750;0.2750;-4.8208;
133.87;0;0;0;51;4A;4B;4A;4B;4B;56C;13D;3BA;3.2;26.1;-33.0;14.4;5.5;76.3;0.0000;-0.0013;-0.5500;0.1500;-4.7966;
134.12;0;0;0;51;4A;4A;4A;4A;4A;563;13D;3BA;3.2;26.4;-33.0;14.4;5.5;76.3;0.0000;-0.0015;-0.5250;0.1750;-4.7655;
134.37;0;0;0;51;4A;4A;4A;49;4A;55C;13D;3BA;3.2;26.4;-33.0;14.4;5.5;76.3;0.0000;-0.0015;-0.5500;0.1250;-4.7413;
134.62;0;0;0;51;49;49;49;49;49;551;13D;3BA;3.2;26.2;-33.0;14.4;5.5;76.3;0.0000;-0.0013;-0.5500;0.0000;-4.7033;
134.87;0;0;0;51;49;49;48;49;49;54B;13D;3BA;3.2;25.9;-33.0;14.4;5.5;76.3;0.0000;0.0037;-0.5250;0.3750;-4.6825;
135.12;0;0;0;51;48;49;48;48;49;53E;13D;3BA;3.2;25.9;-32.5;14.4;5.5;76.3;0.0000;0.0046;-0.5250;0.2750;-4.5674;
135.37;0;0;0;51;48;48;48;48;48;539;13D;3BA;3.2;25.9;-33.0;14.4;5.5;76.3;0.0000;0.0033;-0.5250;0.4250;-4.6203;
135.62;0;0;0;51;47;47;47;47;48;52E;13D;3BA;3.2;26.2;-32.5;14.4;5.5;76.3;0.0000;0.0029;-0.5250;0.4000;-4.5129;
135.87;0;0;0;51;47;47;47;47;47;529;13D;3BA;3.2;26.4;-32.5;14.4;5.5;76.3;0.0000;0.0013;-0.5000;0.1500;-4.4959;
136.12;0;0;0;51;47;47;47;46;47;51F;13D;3BA;3.2;26.4;-32.5;14.4;5.5;76.3;0.0000;-0.0008;-0.5000;0.1000;-4.4618;
136.37;0;0;0;51;46;46;46;46;46;519;13D;3BA;3.2;26.1;-32.5;14.4;5.5;76.3;0.0000;-0.0020;-0.4750;0.0500;-4.4414;
136.62;1;0;0;51;46;46;46;46;46;4C0;13D;3BA;3.2;26.1;-32.0;14.4;5.5;76.3;0.0000;-0.0033;-0.4500;-0.2000;-4.0749;
136.87;1;0;0;51;45;46;46;45;46;419;13D;3BA;3.2;26.1;61.0;14.4;5.5;76.3;0.2902;-0.0032;-0.3500;-0.1000;6.7009;
137.12;1;0;0;51;45;45;45;45;46;599;13D;3BA;3.2;26.1;102.5;14.4;5.5;76.3;0.2863;-0.0025;-0.3750;0.1250;15.3815;
137.37;1;0;0;51;45;45;45;45;45;5AF;13D;3BA;3.2;26.1;-25.0;14.4;5.5;76.3;0.0000;-0.0020;-0.3250;0.0000;-3.8092;
137.62;1;0;0;51;45;44;45;44;45;626;13D;3BA;3.2;26.0;-35.5;14.4;5.5;76.3;0.0000;-0.0016;-0.4750;0.0750;-5.8514;
137.88;0;0;0;51;44;44;44;44;44;603;13D;3BA;3.2;25.8;-35.0;14.4;5.5;76.3;0.0000;0.0018;-0.5000;0.1250;-5.6407;
138.13;0;0;0;51;44;44;44;44;44;5FD;13D;3BA;3.2;25.8;-35.0;14.4;5.5;76.3;0.0000;0.0059;-0.4750;0.2750;-5.6187;
138.38;0;0;0;51;43;43;43;43;43;5F5;13D;3BA;3.2;26.1;-35.0;14.4;5.5;76.3;0.0000;0.0080;-0.4000;0.5000;-5.5894;
138.63;0;0;0;51;43;43;43;43;43;5ED;13D;3BA;3.2;26.1;-34.5;14.4;5.5;76.3;0.0000;0.0063;-0.4250;0.3500;-5.4807;
138.88;0;0;0;51;42;42;42;42;43;5E0;13D;3BA;3.2;26.6;-34.0;14.4;5.5;76.3;0.0000;0.0037;-0.4750;0.2250;-5.3549;
139.13;0;0;0;51;42;42;42;42;42;5D9;13D;3BA;3.2;26.6;-34.0;14.4;5.5;76.3;0.0000;0.0032;-0.4500;0.3750;-5.3300;
139.38;0;0;0;51;42;42;42;42;42;5D1;13D;3BA;3.2;26.6;-34.0;14.4;5.5;76.3;0.0000;0.0025;-0.4500;0.2250;-5.3015;
139.63;0;0;0;51;41;41;41;42;42;5C6;13D;3BA;3.2;26.6;-34.0;14.4;5.5;76.3;0.0000;0.0034;-0.4500;0.5500;-5.2624;
139.88;0;0;0;51;41;41;41;41;41;5C0;13D;3BA;3.2;26.5;-34.0;14.4;5.5;76.3;0.0000;0.0081;-0.4500;0.4750;-5.2410;
140.13;0;0;0;51;41;41;40;41;41;5B4;13D;3BA;3.2;26.5;-34.0;14.4;5.5;76.3;0.0000;0.0092;-0.4500;0.7000;-5.1983;
140.38;0;0;0;51;40;41;40;40;40;5B1;13D;3BA;3.2;26.5;-33.5;14.4;5.5;76.3;0.0000;0.0125;-0.4750;0.7000;-5.1113;
140.63;0;0;0;51;40;40;40;40;40;5A7;13D;3BA;3.2;26.9;-33.5;14.4;5.5;76.3;0.0000;0.0168;-0.4000;1.0500;-5.0762;
140.88;0;0;0;51;3F;40;3F;40;40;5A0;13D;3BA;3.2;27.1;-33.5;14.4;5.5;76.3;0.0000;0.0085;-0.4500;0.5500;-5.0517;
141.13;0;0;0;51;3F;3F;3F;3F;3F;595;13D;3BA;3.2;27.1;-33.5;14.4;5.5;76.3;0.0000;0.0056;-0.4000;0.4750;-5.0131;
141.38;0;0;0;51;3F;3F;3F;3F;3F;58F;13D;3BA;3.2;27.5;-33.5;14.4;5.5;76.3;0.0000;0.0029;-0.3750;0.3500;-4.9920;
141.63;0;0;0;51;3F;3F;3F;3F;3F;588;13D;3BA;3.2;27.5;-33.5;14.4;5.5;76.3;0.0000;0.0020;-0.3750;0.2750;-4.9675;
141.88;0;0;0;51;3E;3E;3E;3E;3E;587;13C;3BA;3.2;27.5;-33.0;14.4;5.5;76.3;0.0000;0.0013;-0.3750;0.1500;-4.8899;
142.13;0;0;0;51;3E;3E;3E;3E;3E;57C;13C;3BA;3.2;27.4;-33.0;14.4;5.5;76.3;0.0000;0.0016;-0.4000;0.4000;-4.8519;
142.38;0;0;0;51;3D;3D;3D;3D;3E;573;13C;3BA;3.2;27.4;-33.0;14.4;5.5;76.3;0.0000;0.0025;-0.3750;0.3250;-4.8208;
142.63;0;0;0;51;3D;3D;3D;3D;3E;571;13C;3BA;3.2;27.7;-33.0;14.4;5.5;76.3;0.0000;0.0033;-0.3500;0.2750;-4.8139;
142.89;0;0;0;51;3D;3D;3D;3D;3D;562;13C;3BA;3.2;27.3;-33.0;14.4;5.5;76.3;0.0000;0.0048;-0.3500;0.3500;-4.7620;
143.14;0;0;0;51;3D;3D;3D;3D;3D;560;13C;3BA;3.2;27.3;-33.0;14.4;5.5;76.3;0.0000;0.0051;-0.3500;0.5250;-4.7551;
143.39;0;0;0;51;3C;3D;3C;3C;3D;558;13C;3BA;3.2;27.1;-33.0;14.4;5.5;76.3;0.0000;0.0051;-0.3500;0.3750;-4.7275;
143.64;0;0;0;51;3C;3C;3C;3C;3C;552;13C;3BA;3.2;27.1;-33.0;14.4;5.5;76.3;0.0000;0.0050;-0.3250;0.1250;-4.7067;
143.89;0;0;0;51;3C;3C;3C;3C;3C;54E;13C;3BA;3.2;27.5;-32.5;14.4;5.5;76.3;0.0000;0.0050;-0.2750;0.5750;-4.6218;
144.14;0;0;0;51;3C;3B;3C;3C;3C;549;13C;3BA;3.2;27.5;-33.0;14.4;5.5;76.3;0.0000;0.0048;-0.3250;0.4250;-4.6756;
144.39;0;0;0;51;3B;3B;3B;3B;3C;544;13C;3BA;3.2;27.7;-33.0;14.4;5.5;76.3;0.0000;0.0038;-0.2750;0.1750;-4.6584;
144.64;0;0;0;51;3B;3B;3B;3B;3B;53E;13C;3BA;3.2;27.7;-33.0;14.4;5.5;76.3;0.0000;0.0029;-0.3250;0.4750;-4.6376;
144.89;0;0;0;51;3B;3B;3B;3B;3B;535;13C;3BA;3.2;27.1;-33.0;14.4;5.5;76.3;0.0000;0.0028;-0.3250;0.2250;-4.6065;
145.14;0;0;0;51;3B;3B;3B;3A;3B;533;13C;3BA;3.2;27.2;-33.0;14.4;5.5;76.3;0.0000;0.0026;-0.2750;0.1250;-4.5996;
145.39;0;0;0;51;3A;3A;3A;3A;3A;525;13C;3BA;3.2;27.2;-32.5;14.4;5.5;76.3;0.0000;0.0025;-0.3250;0.4000;-4.4823;
145.64;0;0;0;51;3A;3A;3A;3A;3A;526;13C;3BA;3.2;27.0;-32.5;14.4;5.5;76.3;0.0000;0.0023;-0.3250;0.1500;-4.4857;
145.89;0;0;0;51;3A;3A;3A;3A;3A;522;13C;3BA;3.2;27.0;-32.5;14.4;5.5;76.3;0.0000;0.0023;-0.2750;0.5250;-4.4721;
146.14;0;0;0;51;3A;3A;3A;3A;3A;518;13C;3BA;3.2;27.0;-32.5;14.4;5.5;76.3;0.0000;-0.0001;-0.3250;0.5500;-4.4380;
146.39;0;0;0;51;39;39;39;39;39;510;13C;3BA;3.2;27.2;-32.5;14.4;5.5;76.3;0.0000;-0.0018;-0.3500;0.2000;-4.4108;
146.64;0;0;0;51;39;39;39;39;39;511;13C;3BA;3.2;27.2;-32.5;14.4;5.5;76.3;0.0000;-0.0043;-0.3250;0.2250;-4.4142;
146.89;0;0;0;51;39;39;39;39;39;50D;13C;3BA;3.2;27.2;-32.5;14.4;5.5;76.3;0.0000;-0.0071;-0.2250;0.0000;-4.4006;
147.14;0;0;0;51;39;39;39;39;39;509;13C;3BA;3.2;27.0;-32.5;14.4;5.5;76.3;0.0000;-0.0092;-0.2250;0.0000;-4.3870;
147.39;0;0;0;51;38;39;38;38;39;501;13C;3BA;3.2;27.0;-32.5;14.4;5.5;76.3;0.0000;-0.0101;-0.2250;-0.1500;-4.3597;
147.64;0;0;0;51;38;38;38;38;38;4FD;13C;3BA;3.2;26.9;-32.0;14.4;5.5;76.3;0.0000;-0.0105;-0.2250;-0.0500;-4.2793;
147.91;0;0;0;51;38;38;38;38;38;4F5;13C;3BA;3.2;26.9;-32.0;14.4;5.5;76.3;0.0000;-0.0105;-0.2000;-0.3250;-4.2525;
148.16;0;0;0;51;38;38;38;38;38;4F2;13C;3BA;3.2;26.8;-32.0;14.4;5.5;76.3;0.0000;-0.0100;-0.3250;-0.2250;-4.2424;
148.41;0;0;0;51;38;38;38;38;38;4EB;13C;3BA;3.2;26.8;-32.0;14.4;5.5;76.3;0.0000;-0.0092;-0.2250;-0.2250;-4.2189;
148.66;0;0;0;51;37;37;37;37;37;4E9;13C;3BA;3.2;26.4;-32.0;14.4;5.5;76.3;0.0000;-0.0089;-0.2250;-0.2000;-4.2122;
148.91;0;0;0;51;37;37;37;37;37;4E4;13C;3BA;3.2;26.0;-32.0;14.4;5.5;76.3;0.0000;-0.0088;-0.1750;-0.2250;-4.1955;
149.16;0;0;0;51;37;37;37;37;37;4E4;13C;3BA;3.2;26.0;-32.0;14.4;5.5;76.3;0.0000;-0.0086;-0.2000;-0.2250;-4.1955;
149.41;0;0;0;51;37;37;37;37;37;4DC;13C;3BA;3.2;26.0;-32.0;14.4;5.5;76.3;0.0000;-0.0081;-0.1750;-0.0250;-4.1687;
149.66;0;0;0;51;37;37;37;37;37;4DB;13C;3BA;3.2;25.7;-32.0;14.4;5.5;76.3;0.0000;-0.0075;-0.2000;-0.2000;-4.1653;
149.91;0;0;0;50;36;37;37;37;37;4D4;13C;3BA;3.2;25.7;-32.0;14.4;5.5;76.3;0.0000;-0.0068;-0.1750;0.2250;-4.1419;
150.16;0;0;0;50;36;36;36;36;37;4D5;13C;3BA;3.2;25.4;-32.0;14.4;5.5;76.3;0.0000;-0.0067;-0.1750;-0.0750;-4.1452;
150.41;0;0;0;50;36;36;36;36;36;4CD;13C;3BA;3.2;25.4;-32.0;14.4;5.5;76.3;0.0000;-0.0078;-0.2000;0.0250;-4.1184;
150.66;0;0;0;50;36;36;36;36;36;4CF;13C;3BA;3.2;25.5;-31.5;14.4;5.5;76.3;0.0000;-0.0092;-0.1750;-0.0250;-4.0607;
150.91;0;0;0;50;36;36;36;36;36;4C6;13C;3BA;3.2;25.3;-32.0;14.4;5.5;76.3;0.0000;-0.0085;-0.2000;0.0500;-4.0950;
151.16;0;0;0;50;36;36;36;36;36;4CA;13C;3BA;3.2;25.3;-32.0;14.4;5.5;76.3;0.0000;-0.0078;-0.1500;0.0500;-4.1084;
151.41;0;0;0;50;36;35;36;36;36;4BE;13C;3BA;3.2;25.0;-32.0;14.4;5.5;76.3;0.0000;-0.0075;-0.2250;0.0000;-4.0682;
151.66;0;0;0;50;36;36;36;36;36;4C3;13C;3BA;3.2;25.4;-31.5;14.4;5.5;76.3;0.0000;-0.0068;-0.1500;0.0250;-4.0211;
151.91;0;0;0;50;35;35;35;35;36;4BA;13C;3BA;3.2;25.4;-31.5;14.4;5.5;76.3;0.0000;-0.0067;-0.1750;-0.0250;-3.9914;
152.16;0;0;0;50;35;35;35;35;35;4BC;13C;3BA;3.2;25.4;-31.5;14.4;5.5;76.3;0.0000;-0.0067;-0.1750;0.1000;-3.9980;
152.41;0;0;0;50;35;35;35;35;35;4B8;13C;3BA;3.2;25.5;-31.5;14.4;5.5;76.3;0.0000;-0.0059;-0.1250;0.0250;-3.9848;
152.66;0;0;0;50;35;35;35;35;35;4B5;13C;3BA;3.2;25.4;-31.5;14.4;5.5;76.3;0.0000;-0.0055;-0.1750;0.0500;-3.9749;
152.92;0;0;0;50;35;35;35;35;35;4B2;13C;3BA;3.2;25.4;-31.5;14.4;5.5;76.3;0.0000;-0.0053;-0.1750;0.0000;-3.9650;
153.17;0;0;0;50;35;34;35;35;35;4AA;13C;3BA;3.2;25.7;-31.5;14.4;5.5;76.3;0.0000;-0.0041;-0.1500;0.2000;-3.9386;
153.42;0;0;0;50;35;35;35;35;35;4AB;13C;3BA;3.2;25.7;-31.5;14.4;5.5;76.3;0.0000;-0.0029;-0.1750;0.0500;-3.9419;
153.67;0;0;0;50;35;35;34;34;35;4A6;13C;3BA;3.2;25.9;-31.5;14.4;5.5;76.3;0.0000;-0.0003;-0.1250;0.1500;-3.9254;
153.92;0;0;0;50;34;35;34;34;35;4A5;13C;3BA;3.2;25.8;-31.5;14.4;5.5;76.3;0.0000;0.0007;-0.1250;0.2250;-3.9221;
154.17;0;0;0;50;35;35;34;34;35;4A5;13C;3BA;3.2;25.8;-31.5;14.4;5.5;76.3;0.0000;0.0013;-0.1000;0.2500;-3.9221;
154.42;0;0;0;50;34;34;34;34;34;4A0;13C;3BA;3.2;26.0;-31.5;14.4;5.5;76.3;0.0000;0.0015;-0.1250;0.3750;-3.9056;
154.67;0;0;0;50;34;34;34;34;34;4A2;13C;3BA;3.2;26.3;-31.5;14.4;5.5;76.3;0.0000;0.0015;-0.0750;0.6500;-3.9122;
154.92;0;0;0;50;34;34;34;34;34;49B;13C;3BA;3.2;26.3;-31.5;14.4;5.5;76.3;0.0000;0.0004;-0.1750;0.6500;-3.8891;
155.17;0;0;0;50;34;34;34;34;34;499;13C;3BA;3.2;26.3;-31.5;14.4;5.5;76.3;0.0000;-0.0001;-0.1750;0.1000;-3.8825;
155.42;0;0;0;50;34;34;34;34;34;496;13C;3BA;3.2;26.3;-31.5;14.4;5.5;76.3;0.0000;-0.0007;-0.1750;0.3500;-3.8726;
155.67;0;0;0;50;34;34;33;33;34;490;13C;3BA;3.2;26.5;-31.5;14.4;5.5;76.3;0.0000;-0.0018;-0.1750;0.3500;-3.8528;
155.92;0;0;0;50;33;33;33;33;34;490;13C;3BA;3.2;26.6;-31.5;14.4;5.5;76.3;0.0000;-0.0020;-0.2000;0.3500;-3.8528;
156.17;0;0;0;50;33;33;33;33;33;48C;13C;3BA;3.2;26.6;-31.5;14.4;5.5;76.3;0.0000;-0.0021;-0.1500;0.2500;-3.8397;
156.42;0;0;0;50;33;33;33;33;33;486;13C;3BA;3.2;26.6;-31.5;14.4;5.5;76.3;0.0000;-0.0021;-0.2000;0.2250;-3.8199;
156.67;0;0;0;50;33;33;33;33;33;487;13C;3BA;3.2;26.4;-31.5;14.4;5.5;76.3;0.0000;-0.0008;-0.1750;0.3500;-3.8232;
156.92;0;0;0;50;33;33;33;33;33;482;13C;3BA;3.2;26.4;-31.5;14.4;5.5;76.3;0.0000;0.0013;-0.1250;0.4000;-3.8067;
157.17;0;0;0;50;32;33;33;33;33;47C;13C;3BA;3.2;26.4;-31.5;14.4;5.5;76.3;0.0000;0.0029;-0.2000;0.2000;-3.7869;
157.42;0;0;0;50;32;32;32;32;33;47A;13C;3BA;3.2;26.6;-31.5;14.4;5.5;76.3;0.0000;0.0028;-0.2000;0.1250;-3.7803;
157.67;0;0;0;50;32;32;32;32;32;473;13C;3BA;3.2;26.6;-31.5;14.4;5.5;76.3;0.0000;0.0025;-0.2000;0.3250;-3.7572;
157.94;0;0;0;50;32;32;32;32;32;470;13C;3BA;3.2;26.6;-31.5;14.4;5.5;76.3;0.0000;0.0023;-0.2000;0.3250;-3.7473;
158.19;0;0;0;50;32;32;32;32;32;46D;13C;3BA;3.2;26.5;-31.5;14.4;5.5;76.3;0.0000;0.0011;-0.1750;0.0750;-3.7374;
158.44;0;0;0;50;32;32;32;32;32;465;13C;3BA;3.2;26.5;-31.5;14.4;5.5;76.3;0.0000;0.0001;-0.2000;-0.0250;-3.7110;
158.69;0;0;0;50;31;31;31;32;32;45F;13C;3BA;3.2;26.5;-31.5;14.4;5.5;76.3;0.0000;-0.0004;-0.2250;0.5500;-3.6912;
158.94;0;0;0;50;32;31;31;31;31;463;13C;3BA;3.2;26.5;-31.5;14.4;5.5;76.3;0.0000;-0.0007;-0.2250;-0.0250;-3.7044;
159.19;0;0;0;50;31;31;31;31;31;459;13C;3BA;3.2;26.5;-31.5;14.4;5.5;76.3;0.0000;-0.0007;-0.2000;0.1000;-3.6714;
159.44;0;0;0;50;31;31;31;31;31;452;13C;3BA;3.2;26.3;-32.0;14.4;5.5;76.3;0.0000;-0.0003;-0.3500;0.1750;-3.7062;
159.69;0;0;0;50;31;31;30;31;31;44F;13A;3BA;3.2;26.2;-32.0;14.4;5.5;76.3;0.0000;0.0000;-0.2750;0.2000;-3.6962;
159.94;0;0;0;50;30;31;30;30;31;44B;13A;3BA;3.2;26.2;-32.0;14.4;5.5;76.3;0.0000;0.0001;-0.2500;0.0000;-3.6828;
160.19;0;0;0;50;30;30;30;30;30;445;13A;3BA;3.2;26.3;-32.0;14.4;5.5;76.3;0.0000;0.0003;-0.2500;0.0750;-3.6627;
160.44;0;0;0;50;30;30;30;30;30;43E;13A;3BA;3.2;26.3;-32.5;14.4;5.5;76.3;0.0000;0.0038;-0.2750;0.0500;-3.6961;
160.69;0;0;0;50;30;30;30;30;30;43A;13A;3BA;3.2;26.2;-32.5;14.4;5.5;76.3;0.0000;0.0046;-0.3250;0.1000;-3.6825;
160.94;1;0;0;50;2F;30;2F;2F;30;3F7;13A;3BA;3.2;26.2;-32.5;14.4;5.5;76.3;0.0000;0.0067;-0.2500;-0.0250;-3.4544;
161.19;1;0;0;50;2F;2F;2F;2F;2F;36C;13A;3BA;3.2;26.1;-1.0;14.4;5.5;76.3;0.0000;0.0083;-0.2000;-0.1000;-0.0917;
161.44;1;0;0;50;2F;2F;2F;2F;2F;369;13A;3BA;3.2;26.1;2.0;14.4;5.5;76.3;0.0000;0.0098;-0.1750;0.0250;0.1828;
161.69;1;0;0;50;2F;2F;2F;2F;2F;482;13A;3BA;3.2;26.1;-33.0;14.4;5.5;76.3;0.0000;0.0108;-0.2000;-0.1250;-3.9879;
161.94;1;0;0;50;2E;2E;2E;2E;2F;516;13A;3BA;3.2;26.0;-20.0;14.4;5.5;76.3;0.0000;0.0108;-0.4750;0.1000;-2.7269;
162.19;1;0;0;50;2E;2E;2E;2E;2E;514;13A;3BA;3.2;26.0;-32.5;14.4;5.5;76.3;0.0000;0.0100;-0.5250;-0.0250;-4.4244;
162.44;0;0;0;50;2D;2E;2D;2D;2E;508;13A;3BA;3.2;26.0;-33.5;14.4;5.5;76.3;0.0000;0.0095;-0.5000;0.2000;-4.5184;
162.69;0;0;0;50;2D;2D;2D;2D;2D;4F6;13A;3BA;3.2;26.1;-33.5;14.4;5.5;76.3;0.0000;0.0096;-0.5750;0.2000;-4.4553;
162.96;0;0;0;50;2C;2D;2C;2C;2D;4F5;13A;3BA;3.2;26.1;-33.5;14.4;5.5;76.3;0.0000;0.0113;-0.3750;0.7000;-4.4518;
163.21;0;0;0;4F;2C;2C;2C;2C;2C;4DB;13A;3BA;3.2;26.1;-33.5;14.4;5.5;76.3;0.0000;0.0116;-0.6000;0.5500;-4.3606;
163.46;0;0;0;4F;2B;2C;2B;2B;2C;4D4;13A;3BA;3.2;26.3;-33.5;14.4;5.5;76.3;0.0000;0.0085;-0.5500;0.2750;-4.3360;
163.71;0;0;0;4F;2B;2B;2B;2B;2B;4C5;13A;3BA;3.2;26.3;-33.5;14.4;5.5;76.3;0.0000;0.0080;-0.5000;0.3750;-4.2834;
163.96;0;0;0;4F;2B;2B;2B;2B;2B;4BC;13A;3BA;3.2;26.5;-33.5;14.5;5.5;76.3;0.0000;0.0080;-0.4250;0.3250;-4.2518;
164.21;0;0;0;4F;2A;2A;2A;2A;2A;4AE;13A;3BA;3.2;26.5;-33.0;14.5;5.5;76.3;0.0000;0.0080;-0.5000;0.2250;-4.1400;
164.46;0;0;0;4F;29;2A;2A;2A;2A;4A1;13A;3BA;3.2;26.6;-33.0;14.5;5.5;76.3;0.0000;0.0075;-0.5250;0.3500;-4.0951;
164.71;0;0;0;4F;29;2A;29;29;29;499;13A;3BA;3.2;26.6;-33.5;14.5;5.5;76.3;0.0000;0.0023;-0.4500;0.2000;-4.1290;
164.96;0;0;0;4F;29;29;29;29;29;493;13A;3BA;3.2;26.6;-33.5;14.5;5.5;76.3;0.0000;-0.0015;-0.2750;-0.0750;-4.1080;
165.21;0;0;0;4F;29;29;29;29;29;481;13A;3BA;3.2;26.6;-34.0;14.5;5.5;76.3;0.0000;-0.0013;-0.4750;-0.0500;-4.1052;
165.46;0;0;0;4F;28;28;28;28;29;47B;13A;3BA;3.2;26.7;-34.0;14.5;5.5;76.3;0.0000;-0.0080;-0.3750;-0.4000;-4.0839;
165.71;0;0;0;4F;28;28;28;28;28;478;13A;3BA;3.2;26.7;-33.5;14.5;5.5;76.3;0.0000;-0.0041;-0.3250;-0.1250;-4.0133;
165.96;0;0;0;4F;28;28;28;28;28;470;13A;3BA;3.2;26.7;-34.0;14.5;5.5;76.3;0.0000;0.0046;-0.3250;0.0750;-4.0447;
166.21;0;0;0;4F;27;28;27;28;28;464;13A;3BA;3.2;26.4;-34.0;14.5;5.5;76.3;0.0000;0.0133;-0.4000;0.0750;-4.0020;
166.46;0;0;0;4F;27;27;27;27;27;45C;13A;3BA;3.2;26.5;-34.5;14.5;5.5;76.3;0.0000;0.0492;-0.3750;1.1000;-4.0319;
166.71;0;0;0;4F;27;27;27;27;27;455;13A;3BA;3.2;26.5;-35.0;14.5;5.5;76.3;0.0000;0.0685;-0.2750;1.6250;-4.0647;
166.96;0;0;0;4F;26;27;26;27;27;446;13A;3BA;3.2;26.9;-35.0;14.5;5.5;76.3;0.0000;0.0853;-0.4250;1.8250;-4.0097;
167.21;0;0;0;4F;26;27;26;27;26;441;13A;3BA;3.2;26.9;-35.0;14.5;5.5;76.3;0.0000;0.0855;-0.3750;1.6500;-3.9914;
167.46;0;0;0;4F;25;27;25;26;26;43A;13A;3BA;3.2;27.7;-35.5;14.5;5.5;76.3;0.0000;0.0763;-0.3500;1.6750;-4.0224;
167.71;0;0;0;4F;25;26;25;26;26;42A;13A;3BA;3.2;28.3;-35.5;14.5;5.5;76.3;0.0000;0.0565;-0.4000;1.1500;-3.9629;
167.97;0;0;0;4F;25;25;25;25;25;41D;13A;3BA;3.2;28.3;-35.5;14.5;5.5;76.3;0.0000;0.0363;-0.5000;0.5500;-3.9146;
168.22;0;0;0;4F;25;25;25;25;25;412;13A;3BA;3.2;28.5;-35.5;14.5;5.5;76.3;0.0000;0.0204;-0.5000;0.0250;-3.8737;
168.47;0;0;0;4F;24;24;24;24;24;3FB;13A;3BA;3.2;28.1;-35.5;14.5;5.5;76.3;0.0000;-0.0262;-0.5750;-0.3750;-3.7882;
168.72;0;0;0;4F;24;23;24;23;24;3F2;13A;3BA;3.2;28.1;-36.0;14.5;5.5;76.3;0.0000;-0.0557;-0.5750;-0.9000;-3.8076;
168.97;0;0;0;4F;23;23;23;22;23;3DF;13A;3BA;3.2;28.1;-32.5;14.5;5.5;76.3;0.0000;-0.0775;-0.6000;-1.5000;-3.3728;
169.22;0;0;0;4F;23;22;23;22;23;3D6;13A;3BA;3.2;27.9;-21.5;14.5;5.5;76.3;0.0000;-0.0938;-0.5750;-1.5250;-2.2109;
169.47;0;0;0;4F;22;22;23;21;22;3CD;13A;3BA;3.2;27.2;0.0;14.5;5.5;76.3;0.0000;-0.1152;-0.5250;-1.4750;0.0000;
169.72;0;0;0;4F;22;21;22;21;22;3CF;13A;3BA;3.2;27.2;12.5;14.5;5.5;76.3;0.0000;-0.1200;-0.4500;-1.7500;1.2763;
169.97;1;0;0;4F;22;21;22;21;21;38A;13A;3BA;3.2;26.5;-4.0;14.5;5.5;76.3;0.0000;-0.1207;-0.3250;-1.6250;-0.3795;
170.22;1;0;0;4F;22;21;22;21;22;376;13A;3BA;3.2;26.5;0.5;14.5;5.5;76.3;0.0000;-0.1207;-0.1000;-1.8250;0.0464;
170.47;1;0;0;4F;22;21;22;21;22;373;13A;3BA;3.2;26.1;-0.5;14.5;5.5;76.3;0.0000;-0.1008;-0.0750;-1.3750;-0.0462;
170.72;1;0;0;4F;22;21;22;21;21;46D;13A;3BA;3.2;25.1;-37.0;14.5;5.5;76.3;0.0157;-0.0842;-0.2250;-1.0000;-4.3900;
170.97;1;0;0;4F;21;21;21;21;21;530;13A;3BA;3.2;25.1;9.5;14.5;5.5;76.3;0.1020;-0.0702;-0.2000;-0.7000;1.3211;
171.22;1;0;0;4F;21;21;21;21;21;539;13A;3BA;3.2;24.3;28.0;14.5;5.5;76.3;0.2000;-0.0642;-0.0750;-0.7500;3.9203;
171.47;0;0;0;4F;22;21;22;21;21;53A;13A;3BA;3.2;23.1;50.5;14.5;5.5;76.3;0.2588;-0.0420;0.1750;-0.4250;7.0758;
171.72;0;0;0;4F;22;22;22;22;22;546;13A;3BA;3.2;23.1;65.5;14.5;5.5;76.3;0.2902;-0.0328;0.2250;-0.4000;9.2598;
171.97;0;0;0;4F;22;22;22;22;22;561;13A;3BA;3.2;21.8;87.0;14.5;5.5;76.3;0.2941;-0.0288;0.5000;-0.2750;12.5453;
172.22;0;0;0;4F;23;23;23;23;23;575;13A;3BA;3.2;21.8;91.5;14.5;5.5;76.3;0.2980;-0.0203;0.6000;-0.0250;13.3859;
172.47;0;0;0;4F;24;23;24;24;24;58F;13A;3BA;3.2;21.2;97.0;14.5;5.5;76.3;0.3020;-0.0075;0.6000;0.0750;14.4546;
172.72;0;0;0;4F;24;24;24;24;24;5AA;13A;3BA;3.2;20.8;102.5;14.5;5.5;76.3;0.2980;-0.0037;0.6750;0.1500;15.5640;
172.99;0;0;0;4F;25;25;25;25;25;5C9;13A;3BA;3.2;20.8;105.5;14.5;5.5;76.3;0.2941;-0.0026;0.7750;0.1250;16.3620;
173.24;0;0;0;4F;26;26;26;26;26;5AD;13A;3BA;3.2;20.8;11.5;14.5;5.5;76.3;0.0000;-0.0013;0.8250;0.2750;1.7498;
173.49;1;0;0;4F;26;26;26;26;26;52F;13A;3BA;3.2;20.6;-30.5;14.4;5.5;76.3;0.0000;-0.0025;0.2750;0.1000;-4.2384;
173.74;1;0;0;4F;26;26;26;26;26;481;13A;3BA;3.2;21.3;-31.0;14.4;5.5;76.3;0.0000;-0.0041;0.1750;0.4500;-3.7430;
173.99;1;0;0;4F;26;26;26;26;26;416;13A;3BA;3.2;21.3;-7.5;14.4;5.5;76.3;0.1608;-0.0062;0.0000;0.0000;-0.8215;
174.24;1;0;0;4F;26;26;26;26;26;437;13A;3BA;3.2;22.0;45.0;14.4;5.5;76.3;0.1961;-0.0063;-0.0250;0.0750;5.0847;
174.49;0;0;0;4F;26;26;26;26;26;442;13A;3BA;3.2;22.7;46.0;14.4;5.5;76.3;0.2000;-0.0058;0.1750;0.0500;5.2506;
174.74;0;0;0;4F;26;26;27;27;27;43E;13A;3BA;3.2;22.7;28.0;14.4;5.5;76.3;0.1216;-0.0046;0.2500;0.0500;3.1843;
174.99;0;0;0;4F;26;27;27;27;27;447;13A;3BA;3.2;23.1;8.5;14.4;5.5;76.3;0.1255;-0.0041;0.1000;0.0500;0.9747;
175.24;0;0;0;4F;27;27;27;27;27;448;13A;3BA;3.2;23.1;8.5;14.4;5.5;76.3;0.1255;-0.0037;0.0500;0.0750;0.9756;
175.49;0;0;0;4F;27;27;27;27;27;450;13A;3BA;3.2;23.3;8.0;14.4;5.5;76.3;0.1255;-0.0015;0.1000;-0.0500;0.9249;
175.74;0;0;0;4F;27;27;27;27;27;451;13A;3BA;3.2;23.5;9.5;14.4;5.5;76.3;0.1255;-0.0001;0.1250;-0.0500;1.0993;
175.99;0;0;0;4F;27;27;27;27;27;458;13A;3BA;3.2;23.5;10.5;14.3;5.5;76.3;0.1333;0.0003;0.1750;-0.1000;1.2227;
176.24;0;0;0;4F;27;27;27;27;27;456;13A;3BA;3.2;23.7;12.0;14.3;5.5;76.3;0.1333;0.0004;0.0750;-0.0500;1.3949;
176.49;0;0;0;4F;27;27;27;27;27;45C;13A;3BA;3.2;24.0;12.0;14.3;5.5;76.3;0.1333;0.0007;0.0750;-0.0750;1.4024;
176.74;0;0;0;4F;27;27;27;27;27;45C;13A;3BA;3.2;24.0;12.0;14.3;5.5;76.3;0.1333;-0.0015;0.0500;-0.0500;1.4024;
176.99;0;0;0;4F;27;27;27;27;27;461;13A;3BA;3.2;24.4;12.0;14.4;5.5;76.3;0.1333;-0.0018;0.0500;-0.3250;1.4087;
177.24;0;0;0;4F;27;27;27;27;27;460;13A;3BA;3.2;24.4;12.0;14.4;5.5;76.3;0.1333;-0.0018;0.0500;-0.1750;1.4074;
177.49;0;0;0;4F;27;27;27;27;27;45D;13A;3BA;3.2;24.2;12.5;14.4;5.5;76.3;0.1333;-0.0013;0.0000;-0.1500;1.4621;
177.74;0;0;0;4F;28;28;27;27;27;464;13A;3BA;3.2;24.2;12.0;14.4;5.5;76.3;0.1333;-0.0007;0.0500;-0.4500;1.4125;
178.00;0;0;0;4F;27;27;27;27;27;45E;13A;3BA;3.2;24.4;12.5;14.4;5.5;76.3;0.1333;-0.0007;-0.0250;-0.1000;1.4635;
178.25;0;0;0;4F;28;28;27;27;28;465;13A;3BA;3.2;24.0;11.5;14.4;5.5;76.3;0.1333;-0.0003;0.0250;-0.3250;1.3548;
178.50;0;0;0;4F;28;27;28;28;28;465;13A;3BA;3.2;24.0;23.0;14.4;5.5;76.3;0.2118;0.0025;0.0000;-0.2750;2.7096;
178.75;0;0;0;4F;28;28;28;28;28;46C;13A;3BA;3.2;23.6;40.0;14.4;5.5;76.3;0.2118;0.0056;0.1250;0.0250;4.7417;
179.00;0;0;0;4F;28;28;28;28;28;45B;13A;3BA;3.2;23.6;0.5;14.4;5.5;76.3;0.0000;0.0068;0.1250;0.1750;0.0584;
179.25;0;0;0;4F;28;28;28;28;28;461;13A;3BA;3.2;23.8;-18.5;14.4;5.5;76.3;0.0000;0.0073;-0.0500;-0.2250;-2.1717;
179.50;0;0;0;4F;27;28;27;27;28;461;13A;3BA;3.2;23.8;-32.0;14.4;5.5;76.3;0.0000;0.0073;-0.1750;-0.1750;-3.7565;
179.75;0;0;0;4F;27;27;27;27;28;45B;13A;3BA;3.2;23.8;-32.0;14.4;5.5;76.3;0.0000;0.0080;-0.1000;-0.2250;-3.7364;
180.00;0;0;0;4F;27;27;27;27;27;458;13A;3BA;3.2;23.7;-32.0;14.4;5.5;76.3;0.0000;0.0092;-0.1500;0.1000;-3.7263;
180.25;0;0;0;4F;27;27;27;27;27;453;13A;3BA;3.2;23.8;-32.5;14.4;5.5;76.3;0.0000;0.0271;-0.2000;0.3750;-3.7676;
180.50;0;0;0;4F;27;27;27;27;27;456;13A;3BA;3.2;23.8;-32.5;14.4;5.5;76.3;0.0000;0.0370;-0.1500;0.3250;-3.7778;
180.75;0;0;0;4F;26;27;26;27;27;44B;13A;3BA;3.2;24.2;-32.5;14.4;5.5;76.3;0.0000;0.0540;-0.2500;1.0000;-3.7403;
181.00;0;0;0;4F;26;27;26;27;26;443;13A;3BA;3.2;24.2;-32.5;14.4;5.5;76.3;0.0000;0.0740;-0.2500;1.6500;-3.7131;
181.25;0;0;0;4F;25;27;25;27;26;43D;13A;3BA;3.2;24.6;-32.5;14.4;5.5;76.3;0.0000;0.0973;-0.3750;1.8750;-3.6927;
181.50;0;0;0;4F;25;26;25;26;26;433;13A;3BA;3.2;24.6;-33.0;14.4;5.5;76.3;0.0000;0.1013;-0.3250;2.0000;-3.7149;
181.75;0;0;0;4F;25;26;25;26;25;42D;13A;3BA;3.2;25.8;-28.0;14.4;5.5;76.3;0.1098;0.1086;-0.3750;1.8500;-3.1345;
182.00;0;0;0;4F;25;26;25;26;25;424;13A;3BA;3.2;25.8;3.5;14.4;5.5;76.3;0.1686;0.1108;-0.4250;2.2000;0.3885;
182.25;0;0;0;4F;25;26;25;26;25;437;13A;3BA;3.2;26.8;21.0;14.4;5.5;76.3;0.1961;0.1125;-0.1250;2.1750;2.3728;
182.50;0;0;0;4F;25;26;25;26;25;422;13A;3BA;3.2;27.7;43.5;14.3;5.5;76.3;0.2196;0.1120;-0.0750;2.1000;4.8195;
182.75;0;0;0;4F;25;26;25;26;25;427;13A;3BA;3.2;27.7;54.5;14.3;5.5;76.3;0.2235;0.1147;0.1000;2.4500;6.0668;
183.02;0;0;0;4F;25;26;25;26;26;42F;13A;3BA;3.2;28.8;58.0;14.3;5.5;76.3;0.2157;0.1225;0.1250;2.4000;6.5050;
183.27;0;0;0;4F;25;26;25;26;26;432;13A;3BA;3.2;30.1;57.5;14.4;5.5;76.3;0.2157;0.1188;0.1250;2.4500;6.4670;
183.52;0;0;0;4F;25;27;25;27;26;43D;13A;3BC;3.2;30.1;57.5;14.4;5.5;76.3;0.2157;0.1120;0.2500;2.1750;6.5332;
183.77;0;0;0;4F;26;27;26;27;26;440;13A;3BA;3.2;30.7;56.5;14.4;5.5;76.3;0.2157;0.0858;0.1000;1.0250;6.4373;
184.02;0;0;0;4F;26;27;26;27;26;449;13A;3BA;3.2;30.7;57.5;14.4;5.5;76.3;0.2196;0.0348;0.2000;-0.1500;6.6055;
184.27;0;0;0;4F;27;26;27;27;27;447;13A;3BA;3.2;31.3;60.0;14.4;5.5;76.3;0.2353;-0.0415;0.2250;-1.3750;6.8801;
184.52;0;0;0;4F;27;26;27;27;27;454;13A;3BA;3.2;31.0;60.5;14.4;5.5;76.3;0.2549;-0.0618;0.2250;-1.8000;7.0198;
184.77;0;0;0;4F;28;27;28;27;27;45C;13A;3BC;3.2;31.0;72.5;14.4;5.5;76.3;0.3020;-0.0650;0.2500;-1.9250;8.4729;
185.02;0;0;0;4F;28;27;28;27;27;467;13A;3BC;3.2;29.6;88.0;14.4;5.5;76.3;0.3176;-0.0648;0.3250;-1.6750;10.3857;
185.27;0;0;0;4F;28;28;28;28;28;473;13A;3BC;3.2;28.4;110.0;14.4;5.5;76.3;0.3176;-0.0483;0.4500;-1.6000;13.1203;
185.52;0;0;0;4F;28;28;28;28;28;477;13A;3BA;3.2;28.4;116.0;14.4;5.5;76.3;0.3137;-0.0264;0.4250;-1.0500;13.8846;
185.77;0;0;0;4F;29;29;29;29;29;48D;13A;3BC;3.2;28.4;122.5;14.4;5.5;76.3;0.3137;-0.0101;0.5250;-0.3500;14.9448;
186.02;0;0;0;4F;29;2A;29;29;29;495;13A;3BC;3.2;27.0;123.0;14.4;5.5;76.3;0.3137;0.0032;0.4750;-0.2750;15.1089;
186.27;0;0;0;4F;2A;2A;2A;2A;2A;4A7;13A;3BA;3.2;25.5;118.0;14.4;5.5;76.3;0.3020;0.0140;0.5000;-0.0500;14.7171;
186.52;0;0;0;4F;2A;2B;2A;2B;2A;4B5;13A;3BC;3.2;25.5;112.0;14.4;5.5;76.3;0.2863;0.0158;0.5500;0.0000;14.1330;
186.77;0;0;0;4F;2B;2B;2B;2B;2B;4BE;13A;3BA;3.2;24.6;72.5;14.4;5.5;76.3;0.2275;0.0160;0.4750;0.1500;9.2169;
187.02;0;0;0;4F;2B;2B;2B;2B;2B;4CA;13A;3BC;3.2;24.6;62.0;14.4;5.5;76.3;0.2235;0.0125;0.4000;-0.0500;7.9600;
187.27;0;0;0;4F;2C;2C;2B;2C;2C;4BF;13A;3BA;3.2;23.7;4.0;14.4;5.5;76.3;0.0000;0.0007;0.2750;-0.3500;0.5089;
187.52;0;0;0;4F;2B;2C;2B;2C;2C;4C7;13A;3BC;3.2;22.3;-18.5;14.4;5.5;76.3;0.0000;-0.0023;0.1000;-0.3250;-2.3693;
187.77;0;0;0;4F;2B;2B;2C;2B;2B;4D0;13A;3BA;3.2;22.3;-32.0;14.4;5.5;76.3;0.0000;-0.0076;-0.0750;-0.5750;-4.1285;
188.03;0;0;0;4F;2B;2B;2B;2B;2B;4CA;13A;3BC;3.2;21.6;-31.5;14.4;5.5;76.3;0.0000;-0.0105;-0.1250;-0.5000;-4.0442;
188.28;0;0;0;4F;2B;2B;2B;2B;2B;4C5;13A;3BC;3.2;20.8;-32.0;14.4;5.5;76.3;0.0000;-0.0110;-0.1750;-0.5500;-4.0916;
188.53;0;0;0;4F;2B;2B;2B;2B;2B;4C0;13A;3BC;3.2;20.8;-32.0;14.4;5.5;76.3;0.0000;-0.0105;-0.2000;-0.5250;-4.0749;
188.78;0;0;0;4F;2B;2B;2B;2B;2B;4BB;13A;3BC;3.2;21.1;-31.5;14.4;5.5;76.3;0.0000;-0.0093;-0.1750;-0.4750;-3.9947;
189.03;0;0;0;4F;2B;2B;2B;2A;2B;4B7;13A;3BC;3.2;21.1;-31.5;14.4;5.5;76.3;0.0000;-0.0073;-0.2000;-0.5500;-3.9815;
189.28;0;0;0;4F;2A;2B;2A;2A;2B;4B3;13A;3BC;3.2;22.2;-32.0;14.4;5.5;76.3;0.0000;-0.0041;-0.1250;-0.2250;-4.0313;
189.53;0;0;0;4F;2B;2B;2A;2A;2B;4B3;13A;3BC;3.2;22.9;-31.5;14.4;5.5;76.3;0.0000;-0.0070;-0.1250;-0.2500;-3.9683;
189.78;0;0;0;4F;2A;2A;2A;2A;2A;4AD;138;3BC;3.2;22.9;-31.5;14.4;5.5;76.3;0.0000;-0.0103;-0.1500;-0.4750;-3.9485;
190.03;0;0;0;4F;2B;2A;2A;2A;2A;4AD;138;3BA;3.2;22.9;-31.5;14.4;5.5;76.3;0.0000;-0.0098;-0.1500;-0.4000;-3.9485;
190.28;0;0;0;4F;2A;29;2A;2A;2A;4A0;138;3BA;3.2;23.4;-31.5;14.4;5.5;76.3;0.0000;-0.0080;-0.2750;-0.2500;-3.9056;
190.53;0;0;0;4F;2A;29;2A;29;2A;499;138;3BC;3.2;23.6;-31.5;14.4;5.5;76.3;0.0000;-0.0068;-0.3500;-0.2500;-3.8825;
190.78;0;0;0;4F;2A;29;29;29;2A;498;138;3BC;3.2;23.6;-31.5;14.4;5.5;76.3;0.0000;-0.0068;-0.2000;-0.5000;-3.8792;
191.03;0;0;0;4F;29;29;29;29;29;496;138;3BC;3.2;23.8;-31.5;14.4;5.5;76.3;0.0000;-0.0051;-0.1500;-0.1250;-3.8726;
191.28;0;0;0;4F;29;29;29;29;29;48B;138;3BC;3.2;23.9;-31.5;14.4;5.5;76.3;0.0000;-0.0041;-0.2500;-0.4750;-3.8364;
191.53;0;0;0;4F;29;29;29;29;29;487;138;3BC;3.2;23.9;-31.5;14.4;5.5;76.3;0.0000;-0.0034;-0.2500;-0.4750;-3.8232;
191.78;0;0;0;4F;29;29;29;29;29;483;138;3BC;3.2;24.1;-31.5;14.4;5.5;76.3;0.0000;-0.0007;-0.1500;-0.3500;-3.8100;
192.03;0;0;0;4F;28;28;28;28;29;47E;138;3BA;3.2;24.1;-31.5;14.4;5.5;76.3;0.0000;0.0041;-0.2000;-0.0750;-3.7935;
192.28;0;0;0;4F;28;28;28;28;28;479;138;3BC;3.2;24.0;-31.5;14.4;5.5;76.3;0.0000;0.0081;-0.2500;-0.2000;-3.7770;
192.53;0;0;0;4F;28;28;28;28;28;475;138;3BC;3.2;24.4;-31.5;14.4;5.5;76.3;0.0000;0.0085;-0.2000;-0.1000;-3.7638;
192.78;0;0;0;4F;28;28;28;28;28;46F;138;3BC;3.2;24.4;-31.5;14.4;5.5;76.3;0.0000;0.0076;-0.2000;-0.1250;-3.7440;
193.05;0;0;0;4F;28;28;28;28;28;46A;138;3BC;3.2;24.6;-31.5;14.4;5.5;76.3;0.0000;0.0038;-0.2000;-0.0750;-3.7275;
193.30;0;0;0;4F;27;28;28;28;28;463;138;3BC;3.2;24.6;-31.5;14.4;5.5;76.3;0.0000;0.0023;-0.2250;-0.4000;-3.7044;
193.55;0;0;0;4F;28;28;27;28;28;45F;138;3BC;3.2;24.6;-31.5;14.4;5.5;76.3;0.0000;0.0008;-0.0750;-0.5250;-3.6912;
193.80;0;0;0;4F;27;27;27;27;28;45E;138;3BC;3.2;24.7;-32.0;14.4;5.5;76.3;0.0000;0.0023;-0.1000;0.0750;-3.7465;
194.05;0;0;0;4F;27;27;27;27;27;45D;138;3BC;3.2;24.7;-32.0;14.4;5.5;76.3;0.0000;0.0023;-0.1000;-0.1750;-3.7431;
194.30;0;0;0;4F;27;27;27;27;27;459;138;3BC;3.2;24.6;-32.0;14.4;5.5;76.3;0.0000;0.0025;-0.1000;-0.2000;-3.7297;
194.55;0;0;0;4F;27;27;27;27;27;457;138;3BC;3.2;24.6;-32.5;14.4;5.5;76.3;0.0000;0.0026;-0.0750;-0.1250;-3.7812;
194.80;0;0;0;4F;27;27;27;27;27;458;138;3BC;3.2;24.7;-33.0;14.4;5.5;76.3;0.0000;0.0033;-0.0750;-0.2000;-3.8428;
195.05;0;0;0;4F;27;27;27;27;27;454;138;3BC;3.2;24.8;-33.0;14.4;5.5;76.3;0.0000;0.0041;-0.1250;-0.1000;-3.8290;
195.30;0;0;0;4F;27;27;27;27;27;453;138;3BC;3.2;24.8;-33.5;14.3;5.5;76.3;0.0000;0.0046;-0.1250;-0.3500;-3.8835;
195.55;0;0;0;4F;27;27;27;27;27;44F;138;3BC;3.2;24.9;-33.5;14.3;5.5;76.3;0.0000;0.0053;-0.1750;-0.1750;-3.8694;
195.80;0;0;0;4F;27;27;27;27;27;449;138;3BC;3.2;24.9;-34.0;14.3;5.5;76.3;0.0000;0.0058;-0.1500;-0.2000;-3.9058;
196.05;0;0;0;4F;27;27;27;27;27;447;138;3BC;3.2;25.0;-34.0;14.3;5.5;76.3;0.0000;0.0113;-0.1000;-0.1750;-3.8987;
196.30;0;0;0;4F;26;27;26;27;27;445;138;3BC;3.2;24.9;-34.0;14.4;5.5;76.3;0.0000;0.0143;-0.1250;-0.1500;-3.8916;
196.55;0;0;0;4F;26;27;26;27;27;446;138;3BC;3.2;24.9;-34.0;14.4;5.5;76.3;0.0000;0.0188;-0.0250;0.1250;-3.8952;
196.80;0;0;0;4F;26;26;26;26;26;43E;138;3BC;3.2;24.9;-34.5;14.4;5.5;76.3;0.0000;0.0225;-0.1750;-0.0250;-3.9235;
197.05;0;0;0;4F;26;26;26;26;26;43E;138;3BC;3.2;25.2;-34.5;14.4;5.5;76.3;0.0000;0.0330;-0.1750;0.4500;-3.9235;
197.30;0;0;0;4F;26;26;26;26;26;431;138;3BC;3.2;25.2;-35.0;14.4;5.5;76.3;0.0000;0.0393;-0.2750;0.3250;-3.9328;
197.55;0;0;0;4F;25;26;25;26;26;431;138;3BC;3.2;25.3;-35.0;14.4;5.5;76.3;0.0000;0.0428;-0.2000;0.4500;-3.9328;
197.80;0;0;0;4F;25;26;25;26;26;42C;138;3BC;3.2;25.3;-35.0;14.4;5.5;76.3;0.0000;0.0493;-0.1500;0.3500;-3.9144;
198.07;0;0;0;4F;25;26;25;26;26;42E;138;3BC;3.2;25.4;-35.0;14.5;5.5;76.3;0.0000;0.0603;-0.0750;0.7250;-3.9218;
198.32;0;0;0;4F;25;26;25;26;26;42E;138;3BC;3.2;25.4;-35.5;14.5;5.5;76.3;0.0000;0.0658;-0.0750;0.8250;-3.9778;
198.57;0;0;0;4F;25;26;25;26;26;42A;138;3BC;3.2;25.8;-35.5;14.5;5.5;76.3;0.0000;0.0658;-0.0500;0.5750;-3.9629;
198.82;0;0;0;4F;25;26;25;26;26;42B;138;3BC;3.2;25.8;-35.5;14.5;5.5;76.3;0.0000;0.0688;-0.0500;0.6500;-3.9666;
199.07;0;0;0;4F;25;26;25;26;26;42D;138;3BC;3.2;26.3;-36.0;14.5;5.5;76.3;0.0000;0.0851;0.0500;1.0250;-4.0300;
199.32;0;0;0;4F;25;26;25;26;26;431;138;3BC;3.2;26.6;-36.0;14.5;5.5;76.3;0.0000;0.0957;0.0750;1.3000;-4.0451;
199.57;0;0;0;4F;25;26;25;26;26;42D;138;3BC;3.2;26.6;-36.0;14.5;5.5;76.3;0.0000;0.1005;-0.0250;1.5000;-4.0300;
199.82;0;0;0;4F;25;26;25;26;26;42E;138;3BC;3.2;27.1;-36.0;14.5;5.5;76.3;0.0000;0.1025;-0.0500;1.5500;-4.0338;
200.07;1;0;0;4F;25;26;25;26;26;42B;138;3BC;3.2;28.2;-36.0;14.5;5.5;76.3;0.0000;0.1035;-0.0750;1.1250;-4.0225;
200.32;1;0;0;4F;25;26;25;26;26;391;138;3BC;3.2;28.2;-26.0;14.5;5.5;76.3;0.0000;0.1035;0.0500;1.3000;-2.4858;
200.57;1;0;0;4F;25;27;25;26;26;366;138;3BC;3.2;28.9;2.5;14.5;5.5;76.3;0.0000;0.1035;0.1500;1.7250;0.2278;
200.82;1;0;0;4F;26;27;25;26;26;3D1;138;3BC;3.2;28.9;-23.5;14.5;5.5;76.3;0.1020;0.1032;0.1250;1.4250;-2.4043;
201.07;1;0;0;4F;25;26;25;26;26;654;138;3BC;3.2;29.4;40.5;14.5;5.5;76.3;0.2314;0.0941;-0.1750;1.1750;6.8707;
201.32;1;0;0;4F;26;27;26;27;26;5FC;138;3BC;3.2;30.5;67.5;14.5;5.5;76.3;0.2588;0.0928;0.1750;1.5500;10.8291;
201.57;0;0;0;4F;27;28;27;28;27;62A;138;3BC;3.2;30.5;72.5;14.5;5.5;76.3;0.3176;0.0922;0.6500;1.5500;11.9805;
201.82;0;0;0;4F;27;29;27;28;28;63D;138;3BC;3.2;30.3;92.5;14.5;5.5;76.3;0.3176;0.0914;0.7500;1.5000;15.4695;
202.07;0;0;0;4F;28;2A;28;29;29;661;138;3BC;3.2;30.2;104.5;14.5;5.5;76.3;0.3216;0.0965;0.8500;1.7500;17.8703;
202.32;0;0;0;4F;29;2A;29;2A;2A;67C;138;3BC;3.2;30.2;111.5;14.5;5.5;76.3;0.3608;0.0973;0.9250;1.8750;19.3826;
202.57;0;0;0;4F;2A;2B;2A;2B;2B;6B2;138;3BC;3.2;30.2;143.0;14.5;5.5;76.3;0.4549;0.1012;1.0000;2.0500;25.6670;
202.82;0;0;0;4F;2B;2C;2B;2C;2C;6D7;138;3BC;3.2;30.7;174.0;14.5;5.5;76.3;0.4902;0.1012;1.1250;2.1000;31.9054;
203.08;0;0;0;4F;2D;2E;2D;2E;2D;711;138;3BC;3.2;30.5;237.0;14.5;5.5;76.3;0.5373;0.1038;1.3500;2.3750;44.8968;
203.33;0;0;0;4F;2E;2F;2E;2F;2E;742;138;3BC;3.2;30.5;256.5;14.5;5.5;76.3;0.5412;0.1058;1.4250;2.5750;49.9070;
203.58;0;0;0;4F;30;32;30;31;31;79A;138;3BC;3.2;30.5;257.0;14.5;5.5;76.3;0.5490;0.1060;1.7500;3.2250;52.3727;
203.83;0;0;0;4F;31;33;31;33;32;7CC;138;3BC;3.2;30.5;257.5;14.4;5.5;76.3;0.5490;0.1055;1.9250;2.8000;53.8228;
204.08;0;0;0;4F;34;35;34;35;34;826;138;3BC;3.2;30.6;255.0;14.4;5.5;76.3;0.5490;0.0855;2.0250;2.4750;55.7036;
204.33;0;0;0;4F;35;36;35;36;36;860;138;3BC;3.2;29.8;253.0;14.4;5.5;76.3;0.5373;0.0664;2.0750;2.0750;56.8033;
204.58;1;0;0;4F;37;37;37;38;37;84B;138;3BC;3.2;29.8;-42.0;14.4;5.5;76.3;0.0000;0.0412;1.7750;0.8000;-9.3374;
204.83;1;0;0;4F;37;38;37;37;38;792;138;3BC;3.2;29.4;-35.5;14.4;5.5;76.3;0.0000;0.0233;0.9000;0.1750;-7.2046;
205.08;1;0;0;4F;38;38;38;38;38;6D2;138;3BC;3.2;29.1;103.0;14.4;5.5;76.3;0.4039;0.0063;0.3500;-0.2250;18.8326;
205.33;0;0;0;4F;38;39;39;39;39;64E;138;3BC;3.2;29.1;175.5;14.4;5.5;76.3;0.6000;0.0067;0.6000;-0.1500;29.6626;
205.58;0;0;0;4F;3A;3A;3A;3A;3A;672;138;3BC;3.2;27.2;252.5;14.4;5.5;76.3;0.6431;0.0067;1.0250;-0.1250;43.6289;
205.83;0;0;0;4F;3B;3B;3B;3B;3B;68C;138;3BC;3.2;27.2;275.5;14.4;5.5;76.3;0.6431;0.0067;1.1750;-0.1750;48.3531;
206.08;0;0;0;4F;3D;3D;3D;3D;3D;6BE;138;3BC;3.2;26.5;303.5;14.4;5.5;76.3;0.6431;0.0080;1.3750;0.0000;54.8565;
206.33;0;0;0;4F;3E;3E;3E;3E;3E;6DE;138;3BC;3.2;26.0;303.0;14.4;5.5;76.3;0.6431;0.0080;1.6000;0.0500;55.7815;
206.58;0;0;0;4F;40;40;40;40;40;716;138;3BC;3.2;26.0;299.0;14.4;5.5;76.3;0.6392;0.0048;1.7000;-0.1500;56.7985;
206.83;0;0;0;4F;41;41;41;41;41;73B;138;3BC;3.2;26.0;297.0;14.4;5.5;76.3;0.6275;-0.0020;1.8000;-0.3750;57.5694;
207.08;0;0;0;4F;43;43;43;43;43;743;138;3BC;3.2;24.3;194.0;14.4;5.5;76.3;0.1843;-0.0041;1.7250;-0.4250;37.7668;
207.33;1;0;0;4F;43;43;44;43;44;72C;138;3BC;3.2;23.7;-36.5;14.4;5.5;76.3;0.0000;-0.0051;1.2250;-0.4250;-7.0177;
207.58;1;0;0;4F;44;44;44;44;44;606;138;3BC;3.2;23.7;-31.0;14.4;5.5;76.3;0.0000;-0.0075;0.4750;-0.2750;-5.0058;
207.83;1;0;0;4F;44;44;44;44;44;667;138;3BC;3.2;23.1;143.0;14.4;5.5;76.3;0.5569;-0.0075;0.2000;-0.5500;24.5439;
208.10;0;0;0;4F;45;45;45;45;45;627;138;3BC;3.2;22.3;250.0;14.4;5.5;76.3;0.6824;-0.0046;0.4750;-0.4250;41.2334;
208.35;0;0;0;4F;46;46;46;46;46;62B;138;3BC;3.2;22.3;274.5;14.4;5.5;76.3;0.6863;-0.0018;0.7250;-0.1500;45.3893;
208.60;0;0;0;4F;46;47;47;47;47;644;138;3BC;3.2;21.3;302.5;14.4;5.5;76.3;0.6824;0.0008;0.8250;-0.0250;50.8111;
208.85;0;0;0;4F;48;48;48;48;48;659;138;3BC;3.2;20.7;320.0;14.4;5.5;76.3;0.6824;0.0020;0.9750;-0.1250;54.4543;
209.10;0;0;0;4F;49;49;49;49;49;673;138;3BC;3.2;20.7;318.5;14.4;5.5;76.3;0.6784;-0.0041;1.0250;-0.2750;55.0662;
209.35;0;0;0;4F;4A;4A;4A;4A;4A;689;138;3BC;3.2;19.9;318.5;14.4;5.5;76.3;0.6784;-0.0062;1.2000;-0.5000;55.8000;
209.60;0;0;0;4F;4B;4B;4B;4B;4B;6A9;138;3BC;3.2;19.9;316.5;14.4;5.5;76.3;0.6745;-0.0041;1.2500;-0.4000;56.5102;
209.85;0;0;0;4F;4C;4C;4D;4C;4D;6BC;138;3BC;3.2;19.6;316.5;14.4;5.5;76.3;0.6784;-0.0007;1.2500;-0.2000;57.1399;
210.10;0;0;0;4F;4D;4D;4D;4D;4D;6DB;138;3BC;3.2;19.8;315.5;14.4;5.5;76.3;0.6745;0.0016;1.2000;-0.1750;57.9836;
210.35;0;0;0;4F;4F;4F;4F;4F;4F;6F1;138;3BC;3.2;19.8;312.5;14.4;5.5;76.3;0.6706;0.0013;1.1750;-0.1500;58.1522;
210.60;0;0;0;4F;4F;4F;50;4F;50;709;138;3BC;3.2;19.7;310.0;14.4;5.5;76.3;0.6510;0.0008;1.1000;-0.0750;58.4661;
210.85;0;0;0;50;51;51;51;51;51;71B;138;3BC;3.2;19.7;288.5;14.4;5.5;76.3;0.3490;0.0013;1.1000;-0.1000;54.9550;
211.10;1;0;0;50;50;51;50;50;51;67B;138;3BC;3.2;20.2;-30.5;14.4;5.5;76.3;0.0000;0.0013;0.6000;-0.1000;-5.2988;
211.35;1;0;0;50;50;50;50;50;50;5BE;138;3BC;3.2;20.2;-30.5;14.4;5.5;76.3;0.0353;0.0013;-0.0750;0.0500;-4.6951;
211.60;0;0;0;50;50;50;50;50;51;5F3;138;3BC;3.2;20.4;233.0;14.4;5.5;76.3;0.5922;0.0013;-0.1250;0.2500;37.1607;
211.85;0;0;0;50;51;51;51;51;51;5EB;138;3BC;3.2;20.8;270.5;14.4;5.5;76.3;0.6157;0.0011;0.1250;0.0000;42.9149;
212.10;0;0;0;50;51;51;51;51;51;5EC;138;3BC;3.2;20.8;292.5;14.4;5.5;76.3;0.6275;0.0020;0.4000;-0.0750;46.4359;
212.35;0;0;0;50;52;52;52;52;52;5F1;138;3BC;3.2;20.4;304.0;14.4;5.5;76.3;0.6431;0.0025;0.5250;0.1000;48.4207;
212.60;0;0;0;50;52;52;52;53;52;5FC;138;3BC;3.2;20.4;310.0;14.4;5.5;76.3;0.6510;0.0033;0.5500;0.0000;49.7335;
212.85;0;0;0;50;53;53;53;53;53;606;138;3BC;3.2;20.8;311.5;14.4;5.5;76.3;0.6510;0.0025;0.6000;0.1250;50.3004;
213.11;0;0;0;50;54;54;54;54;54;60F;138;3BC;3.2;20.5;311.0;14.4;5.5;76.3;0.6510;0.0015;0.6000;-0.0500;50.5127;
213.36;0;0;0;50;54;54;54;54;54;61D;138;3BC;3.2;20.5;309.0;14.4;5.5;76.3;0.6471;0.0015;0.6750;0.0250;50.6409;
213.61;0;0;0;50;55;55;55;55;55;62C;138;3BC;3.2;21.0;307.5;14.4;5.5;76.3;0.6471;-0.0007;0.6750;-0.1750;50.8781;
213.86;0;0;0;50;56;56;56;56;56;63A;138;3BC;3.2;21.2;308.0;14.4;5.5;76.3;0.6471;0.0004;0.7000;0.0000;51.4124;
214.11;0;0;0;51;56;56;56;56;56;647;138;3BC;3.2;21.2;308.0;14.4;5.5;76.3;0.6471;0.0007;0.6500;-0.0500;51.8317;
214.36;0;0;0;51;57;57;57;57;57;652;138;3BC;3.2;21.3;307.0;14.4;5.5;76.3;0.6471;0.0007;0.6500;-0.1250;52.0170;
214.61;0;0;0;51;57;58;58;57;58;65A;138;3BC;3.2;21.3;308.0;14.4;5.5;76.3;0.6471;0.0011;0.6750;-0.0750;52.4445;
214.86;0;0;0;51;58;58;58;58;59;669;138;3BC;3.2;21.7;306.0;14.4;5.5;76.3;0.6431;0.0011;0.7000;0.1000;52.5846;
215.11;0;0;0;51;59;59;59;59;59;674;138;3BC;3.2;21.7;305.0;14.4;5.5;76.3;0.6431;0.0011;0.6500;0.0500;52.7641;
215.36;0;0;0;51;5A;5A;5A;5A;5A;682;138;3BC;3.2;21.4;304.5;14.4;5.5;76.3;0.6431;0.0016;0.6500;0.0000;53.1240;
215.61;0;0;0;51;5A;5A;5A;5A;5A;68B;138;3BC;3.2;21.4;304.5;14.4;5.5;76.3;0.6431;0.0023;0.7000;0.1250;53.4110;
215.86;0;0;0;51;5B;5B;5B;5B;5B;697;138;3BC;3.2;21.3;303.5;14.4;5.5;76.3;0.6431;0.0023;0.6500;0.1250;53.6170;
216.11;0;0;0;51;5B;5C;5B;5B;5C;6A5;138;3BC;3.2;20.9;301.5;14.4;5.5;76.3;0.6431;0.0025;0.6000;0.1750;53.7057;
216.36;0;0;0;51;5C;5C;5C;5C;5C;6AE;138;3BC;3.2;20.9;301.5;14.4;5.5;76.3;0.6431;0.0023;0.6000;0.0750;53.9898;
216.61;0;0;0;52;5D;5D;5D;5D;5D;6BA;138;3BC;3.2;21.0;302.0;14.4;5.5;76.3;0.6431;0.0018;0.6000;0.1750;54.4589;
216.86;0;0;0;52;5D;5D;5D;5D;5D;6C7;138;3BC;3.2;21.1;303.0;14.4;5.5;76.3;0.6431;0.0007;0.6000;0.2250;55.0517;
217.11;0;0;0;52;5E;5E;5E;5E;5E;6CD;138;3BC;3.2;21.1;301.0;14.4;5.5;76.3;0.6392;0.0023;0.6500;0.2750;54.8774;
217.36;0;0;0;52;5E;5E;5E;5E;5F;6DB;138;3BC;3.2;21.3;299.5;14.4;5.5;76.3;0.6392;0.0028;0.6000;0.2500;55.0431;
217.61;0;0;0;52;5F;5F;5F;5F;5F;6E4;138;3BC;3.2;21.3;299.5;14.4;5.5;76.3;0.6392;0.0028;0.6500;0.2750;55.3253;
217.86;0;0;0;52;60;60;60;5F;60;6F3;138;3BC;3.2;21.3;296.0;14.4;5.5;76.3;0.6275;0.0025;0.6750;0.3250;55.1437;
218.13;0;0;0;52;60;60;60;60;60;6FC;138;3BC;3.2;21.5;294.0;14.4;5.5;76.3;0.6275;0.0004;0.6750;0.2000;55.0482;
218.38;0;0;0;52;61;61;61;61;61;705;138;3BC;3.2;21.5;278.5;14.4;5.5;76.3;0.5608;-0.0010;0.6750;0.0750;52.4085;
218.63;0;0;0;52;61;61;61;61;61;707;138;3BC;3.2;21.7;238.0;14.4;5.5;76.3;0.4549;-0.0032;0.5750;-0.0500;44.8370;
218.88;0;0;0;52;61;62;61;61;62;704;138;3BC;3.2;21.5;105.0;14.4;5.5;76.3;0.2667;-0.0041;0.4250;-0.0750;19.7481;
219.13;0;0;0;52;61;61;61;61;62;70D;138;3BC;3.2;21.5;73.5;14.4;5.5;76.3;0.2353;-0.0041;0.2500;-0.1750;13.8929;
219.38;0;0;0;53;61;61;61;61;61;70C;138;3BC;3.2;21.5;48.5;14.4;5.5;76.3;0.2000;-0.0041;0.0000;-0.0750;9.1624;
219.63;0;0;0;53;61;61;61;61;61;702;138;3BC;3.2;22.0;27.0;14.4;5.5;76.3;0.1608;-0.0048;-0.1500;-0.1750;5.0724;
219.88;0;0;0;53;61;61;61;61;61;700;138;3BC;3.2;22.3;25.0;14.4;5.5;76.3;0.1647;-0.0041;-0.3250;-0.1750;4.6914;
220.13;0;0;0;53;60;60;60;60;61;6F9;138;3BC;3.2;22.3;25.5;14.4;5.5;76.3;0.1647;-0.0008;-0.3750;-0.0750;4.7666;
220.38;0;0;0;53;60;60;60;60;60;6F8;138;3BC;3.2;22.5;26.5;14.4;5.5;76.3;0.1725;0.0037;-0.3250;0.4750;4.9507;
220.63;0;0;0;53;5F;60;60;60;60;6EF;138;3BC;3.2;22.5;28.0;14.4;5.5;76.3;0.1765;0.0033;-0.3250;0.4250;5.2046;
220.88;0;0;0;53;5F;5F;5F;5F;60;6E8;138;3BC;3.2;22.8;29.5;14.4;5.5;76.3;0.1804;0.0003;-0.4000;0.3750;5.4618;
221.13;0;0;0;53;5F;5F;5F;5F;60;6E6;138;3BC;3.2;23.6;32.5;14.4;5.5;76.3;0.2118;0.0003;-0.3500;0.2500;6.0104;
221.38;0;0;0;53;5F;5F;5F;5F;5F;6E0;138;3BC;3.2;23.6;51.5;14.4;5.5;76.3;0.2235;0.0008;-0.3250;0.2750;9.4918;
221.63;0;0;0;53;5F;5F;5F;5F;5F;6E0;138;3BC;3.2;24.0;54.5;14.4;5.5;76.3;0.2235;0.0011;-0.2250;0.3500;10.0447;
221.88;0;0;0;53;5E;5F;5F;5E;5F;6DB;138;3BC;3.2;24.1;57.5;14.4;5.5;76.3;0.2275;0.0034;-0.2250;0.4750;10.5675;
222.13;0;0;0;53;5E;5F;5E;5E;5F;6DA;138;3BC;3.2;24.1;59.5;14.4;5.5;76.3;0.2431;0.0034;-0.2500;0.3750;10.9289;
222.38;0;0;0;53;5E;5E;5E;5E;5F;6D5;138;3BC;3.2;24.6;74.0;14.4;5.5;76.3;0.2627;0.0033;-0.1750;0.2750;13.5535;
222.63;0;0;0;54;5E;5E;5E;5E;5E;6D7;138;3BC;3.2;24.6;80.5;14.4;5.5;76.3;0.2667;-0.0007;-0.1500;0.2750;14.7608;
222.88;0;0;0;54;5E;5F;5E;5E;5E;6D4;138;3BC;3.2;25.1;84.5;14.4;5.5;76.3;0.2667;-0.0016;-0.1250;0.1250;15.4677;
223.14;0;0;0;54;5E;5E;5E;5E;5E;6D2;138;3BC;3.2;25.0;85.0;14.4;5.5;76.3;0.2667;-0.0008;-0.1250;0.0500;15.5415;
223.39;0;0;0;54;5E;5E;5E;5E;5E;6D0;138;3BC;3.2;25.0;87.0;14.4;5.5;76.3;0.2706;-0.0004;-0.1750;0.2000;15.8889;
223.64;0;0;0;54;5E;5D;5E;5E;5E;6CC;138;3BC;3.2;25.1;88.0;14.4;5.5;76.3;0.2706;0.0004;-0.1500;0.3500;16.0347;
223.89;0;0;0;54;5E;5E;5E;5E;5E;6CD;138;3BC;3.2;25.1;87.0;14.4;5.5;76.3;0.2706;0.0016;-0.1500;0.3750;15.8616;
224.14;0;0;0;54;5E;5E;5E;5E;5E;6CB;138;3BC;3.2;25.3;87.5;14.4;5.5;76.3;0.2706;0.0016;-0.0250;0.4000;15.9344;
224.39;0;0;0;54;5D;5D;5D;5D;5E;6C7;138;3BC;3.2;25.3;87.0;14.4;5.5;76.3;0.2706;0.0016;-0.1250;0.0500;15.8069;
224.64;0;0;0;54;5D;5D;5D;5D;5E;6C6;138;3BC;3.2;25.2;86.5;14.4;5.5;76.3;0.2706;0.0016;-0.0750;0.1250;15.7070;
224.89;0;0;0;54;5D;5D;5D;5D;5E;6C6;138;3BC;3.2;25.2;87.0;14.4;5.5;76.3;0.2706;0.0016;-0.1250;0.2250;15.7978;
225.14;0;0;0;54;5D;5D;5D;5D;5E;6C5;138;3BC;3.2;25.2;87.0;14.4;5.5;76.3;0.2706;0.0016;-0.0500;0.1500;15.7887;
225.39;0;0;0;54;5D;5D;5D;5D;5D;6C4;138;3BC;3.2;24.6;87.0;14.4;5.5;76.3;0.2706;0.0020;-0.1000;0.2000;15.7796;
225.64;0;0;0;54;5D;5D;5D;5D;5D;6C1;138;3BC;3.2;24.6;87.5;14.4;5.5;76.3;0.2706;0.0023;-0.1000;0.2000;15.8428;
225.89;0;0;0;54;5D;5D;5D;5D;5D;6C1;138;3BC;3.2;24.6;87.5;14.4;5.5;76.3;0.2706;0.0023;-0.0750;0.2750;15.8428;
226.14;0;0;0;54;5D;5D;5D;5D;5D;6BF;138;3BC;3.2;24.6;87.5;14.4;5.5;76.3;0.2706;0.0023;-0.1000;0.1250;15.8245;
226.39;0;0;0;54;5D;5D;5D;5D;5D;6C1;138;3BC;3.2;24.6;88.0;14.4;5.5;76.3;0.2745;0.0020;-0.0500;0.1000;15.9333;
226.64;0;0;0;54;5D;5D;5D;5D;5D;6C0;138;3BC;3.2;24.1;88.0;14.4;5.5;76.3;0.2745;0.0020;-0.1250;0.0750;15.9241;
226.89;0;0;0;54;5D;5D;5D;5D;5D;6BD;138;3BC;3.2;24.1;87.5;14.4;5.5;76.3;0.2745;0.0018;-0.1250;0.1250;15.8061;
227.14;0;0;0;54;5D;5D;5D;5D;5D;6C0;138;3BC;3.2;24.1;87.0;14.4;5.5;76.3;0.2745;0.0020;-0.0500;0.1000;15.7431;
227.39;0;0;0;54;5D;5D;5D;5D;5D;6BA;138;3BC;3.2;24.2;89.0;14.4;5.5;76.3;0.2745;0.0023;-0.1250;0.1750;16.0491;
227.64;0;0;0;55;5C;5D;5C;5D;5D;6B7;138;3BC;3.2;24.2;89.5;14.4;5.5;76.3;0.2745;0.0023;-0.1250;0.1750;16.1112;
227.89;0;0;0;55;5C;5D;5C;5C;5D;6B6;138;3BC;3.2;24.3;89.5;14.4;5.5;76.3;0.2784;0.0023;-0.1250;0.2000;16.1018;
228.17;0;0;0;55;5C;5D;5C;5C;5D;6B3;138;3BC;3.2;24.3;90.0;14.4;5.5;76.3;0.2745;0.0023;-0.1000;0.1500;16.1635;
228.42;0;0;0;55;5C;5C;5C;5C;5D;6AE;138;3BC;3.2;24.2;90.0;14.4;5.5;76.3;0.2745;0.0025;-0.1250;0.1500;16.1164;
228.67;0;0;0;55;5C;5C;5C;5C;5C;6AC;138;3BC;3.2;24.1;90.0;14.4;5.5;76.3;0.2745;0.0032;-0.1750;0.1750;16.0975;
228.92;0;0;0;55;5C;5B;5C;5C;5C;6A8;138;3BC;3.2;24.1;89.5;14.4;5.5;76.3;0.2745;0.0032;-0.2750;0.1000;15.9706;
229.17;0;0;0;55;5C;5B;5B;5C;5C;6A6;138;3BC;3.2;24.0;89.0;14.4;5.5;76.3;0.2745;0.0032;-0.2000;0.1000;15.8627;
229.42;0;0;0;55;5B;5B;5B;5B;5C;6A2;138;3BC;3.2;24.0;90.0;14.4;5.5;76.3;0.2745;0.0032;-0.2000;0.3250;16.0033;
229.67;0;0;0;55;5B;5B;5B;5B;5B;699;138;3BC;3.2;24.1;86.0;14.4;5.5;76.3;0.2588;0.0003;-0.3750;0.2750;15.2110;
229.92;0;0;0;55;5B;5B;5B;5B;5B;690;138;3BC;3.2;24.2;60.0;14.4;5.5;76.3;0.2235;-0.0001;-0.3750;0.1750;10.5558;
230.17;0;0;0;55;5A;5A;5A;5A;5B;68A;138;3BC;3.2;24.2;58.0;14.4;5.5;76.3;0.2275;-0.0008;-0.4000;0.0000;10.1675;
230.42;0;0;0;55;5A;5A;5A;5A;5A;687;138;3BC;3.2;24.2;57.0;14.4;5.5;76.3;0.2235;-0.0004;-0.4500;-0.0750;9.9742;
230.67;0;0;0;55;59;59;59;59;5A;66B;138;3BC;3.2;24.2;2.0;14.4;5.5;76.3;0.0000;-0.0015;-0.5250;-0.1500;0.3441;
230.92;0;0;0;55;59;59;59;59;59;664;138;3BC;3.2;24.2;-20.0;14.4;5.5;76.3;0.0000;-0.0016;-0.5250;-0.1250;-3.4264;
231.17;0;0;0;55;58;58;58;58;58;65D;138;3BC;3.2;24.2;-34.0;14.4;5.5;76.3;0.0000;-0.0016;-0.7000;-0.1500;-5.8000;
231.42;0;0;0;55;57;57;57;57;58;658;138;3BC;3.2;24.2;-35.0;14.4;5.5;76.3;0.0000;-0.0008;-0.7500;0.1000;-5.9523;
231.67;0;0;0;55;56;57;57;57;57;646;138;3BC;3.2;24.4;-34.5;14.4;5.5;76.3;0.0000;0.0011;-0.8000;0.0000;-5.8022;
231.92;0;0;0;55;56;56;56;56;56;63B;138;3BC;3.2;24.4;-35.0;14.4;5.5;76.3;0.0000;0.0020;-0.8250;0.0000;-5.8460;
232.17;0;0;0;55;55;55;55;55;55;62D;138;3BC;3.2;24.5;-34.5;14.4;5.5;76.3;0.0000;0.0023;-0.8750;0.0000;-5.7119;
232.42;0;0;0;55;55;55;54;54;55;622;138;3BC;3.2;24.5;-34.5;14.4;5.5;76.3;0.0000;-0.0007;-0.8000;0.0000;-5.6721;
232.67;0;0;0;55;54;54;54;54;54;613;138;3BC;3.2;24.7;-34.5;14.4;5.5;76.3;0.0000;-0.0023;-0.7500;-0.2500;-5.6180;
232.92;0;0;0;55;53;53;53;53;54;609;138;3BC;3.2;25.0;-34.5;14.4;5.5;76.3;0.0000;-0.0020;-0.7000;-0.2250;-5.5818;
233.18;0;0;0;55;52;52;52;53;53;5FD;138;3BC;3.2;25.0;-34.0;14.4;5.5;76.3;0.0000;0.0018;-0.7250;-0.0750;-5.4582;
233.43;0;0;0;55;52;52;52;52;52;5F6;138;3BC;3.2;24.9;-34.0;14.4;5.5;76.3;0.0000;0.0033;-0.6750;0.1000;-5.4333;
233.68;0;0;0;55;51;52;51;52;52;5EC;138;3BC;3.2;25.0;-33.5;14.4;5.5;76.3;0.0000;0.0083;-0.6750;0.1750;-5.3183;
233.93;0;0;0;56;51;51;51;51;51;5E3;138;3BC;3.2;25.0;-33.5;14.4;5.5;76.3;0.0000;0.0100;-0.5250;0.5000;-5.2867;
234.18;0;0;0;56;51;51;51;51;51;5DD;138;3BC;3.2;25.3;-33.5;14.4;5.5;76.3;0.0000;0.0115;-0.5000;0.5750;-5.2657;
234.43;0;0;0;56;50;50;50;50;51;5D3;138;3BC;3.2;25.7;-33.5;14.4;5.5;76.3;0.0000;0.0125;-0.4250;0.6750;-5.2306;
234.68;0;0;0;56;50;50;50;50;50;5CF;138;3BC;3.2;25.7;-33.5;14.4;5.5;76.3;0.0000;0.0171;-0.4000;0.7250;-5.2166;
234.93;0;0;0;56;50;50;4F;50;50;5CE;138;3BC;3.2;26.1;-33.5;14.4;5.5;76.3;0.0000;0.0193;-0.2750;0.9250;-5.2131;
235.18;0;0;0;56;4F;50;4F;50;50;5C2;138;3BC;3.2;26.1;-33.5;14.4;5.5;76.3;0.0000;0.0213;-0.2250;1.1750;-5.1710;
235.43;0;0;0;56;4F;4F;4F;50;4F;5BE;138;3BC;3.2;26.6;-33.0;14.4;5.5;76.3;0.0000;0.0225;-0.2500;1.1000;-5.0800;
235.68;0;0;0;56;4F;4F;4F;4F;4F;5BE;138;3BC;3.2;27.3;-33.0;14.4;5.5;76.3;0.0000;0.0179;-0.2250;1.0250;-5.0800;
235.93;0;0;0;56;4F;4F;4F;4F;4F;5BE;138;3BC;3.2;27.3;-33.5;14.4;5.5;76.3;0.0000;0.0153;-0.2000;0.6500;-5.1569;
236.18;0;0;0;56;4F;4F;4F;4F;4F;5BF;138;3BC;3.2;27.3;-33.0;14.4;5.5;76.3;0.0000;0.0148;-0.1250;0.6000;-5.0834;
236.43;0;0;0;56;4F;4F;4F;4F;4F;5BC;138;3BC;3.2;27.7;-33.5;14.4;5.5;76.3;0.0000;0.0198;-0.0750;1.0500;-5.1499;
236.68;0;0;0;56;4F;4F;4F;4F;4F;5BD;138;3BC;3.2;27.4;-33.0;14.4;5.5;76.3;0.0000;0.0218;-0.0500;1.2250;-5.0765;
236.93;0;0;0;56;4F;4F;4F;4F;4F;5BD;138;3BC;3.2;27.4;-33.0;14.4;5.5;76.3;0.0000;0.0258;0.0000;1.2250;-5.0765;
237.18;0;0;0;56;4F;50;4F;4F;4F;5BF;138;3BC;3.2;28.4;-33.0;14.4;5.5;76.3;0.0000;0.0295;0.0250;1.8250;-5.0834;
237.43;0;0;0;56;4F;4F;4F;4F;4F;5BB;138;3BC;3.2;29.5;-33.0;14.4;5.5;76.3;0.0000;0.0295;0.0250;1.5250;-5.0696;
237.68;0;0;0;56;4F;50;4F;4F;4F;5C2;138;3BC;3.2;29.5;-33.5;14.4;5.5;76.3;0.0000;0.0310;0.0750;1.6000;-5.1710;
237.93;0;0;0;56;4F;50;4F;50;4F;5BD;138;3BC;3.2;30.0;-33.5;14.4;5.5;76.3;0.0000;0.0318;0.1000;1.8250;-5.1534;
238.20;0;0;0;56;4F;50;4F;50;50;5C7;138;3BC;3.2;30.0;-33.5;14.4;5.5;76.3;0.0000;0.0330;0.1500;1.7250;-5.1885;
238.45;0;0;0;56;4F;50;4F;50;50;5C8;138;3BC;3.2;30.6;-33.5;14.4;5.5;76.3;0.0000;0.0322;0.1750;1.9250;-5.1920;
238.70;0;0;0;56;4F;50;50;50;50;5CC;138;3BC;3.2;31.4;-33.5;14.4;5.5;76.3;0.0000;0.0280;0.1500;1.7500;-5.2060;
238.95;0;0;0;56;50;50;50;50;50;5D2;138;3BC;3.2;31.4;-33.5;14.4;5.5;76.3;0.0000;0.0233;0.1500;1.2000;-5.2271;
239.20;0;0;0;56;50;51;50;50;50;5CF;138;3BC;3.2;31.8;-33.5;14.4;5.5;76.3;0.0000;0.0230;0.1250;1.2250;-5.2166;
239.45;0;0;0;55;51;51;50;51;51;5D7;138;3BC;3.2;31.6;-33.5;14.4;5.5;76.3;0.0000;0.0230;0.1500;1.1250;-5.2446;
239.70;0;0;0;55;50;51;50;51;51;5DB;138;3BC;3.2;31.6;-33.5;14.4;5.5;76.3;0.0000;0.0225;0.2000;1.0500;-5.2587;
239.95;0;0;0;55;51;51;51;51;51;5DD;138;3BC;3.2;31.6;-33.5;14.4;5.5;76.3;0.0000;0.0203;0.1750;1.1000;-5.2657;
240.20;0;0;0;55;51;51;51;51;51;5E1;138;3BC;3.2;31.6;-33.5;14.4;5.5;76.3;0.0000;0.0183;0.1750;0.8500;-5.2797;
240.45;0;0;0;55;51;51;51;51;51;5DE;138;3BC;3.2;32.0;-33.5;14.4;5.5;76.3;0.0000;0.0186;0.1250;0.8250;-5.2692;
240.70;0;0;0;55;51;51;51;51;51;5E5;138;3BC;3.2;32.0;-33.5;14.4;5.5;76.3;0.0000;0.0196;0.1500;0.9000;-5.2937;
240.95;0;0;0;55;51;52;51;52;52;5E4;138;3BC;3.2;32.0;-33.5;14.4;5.5;76.3;0.0000;0.0211;0.1250;1.2000;-5.2902;
241.20;0;0;0;55;52;52;51;52;52;5EA;138;3BC;3.2;32.0;-34.0;14.4;5.5;76.3;0.0000;0.0211;0.1500;1.1000;-5.3906;
241.45;0;0;0;55;51;52;51;52;52;5EF;138;3BC;3.2;31.5;-34.0;14.4;5.5;76.3;0.0000;0.0241;0.1000;1.3500;-5.4084;
241.70;0;0;0;55;51;52;51;52;52;5EC;138;3BC;3.2;31.7;-33.5;14.4;5.5;76.3;0.0000;0.0258;0.0750;1.4500;-5.3183;
241.95;0;0;0;55;51;52;51;52;52;5ED;138;3BC;3.2;31.7;-34.0;14.4;5.5;76.3;0.0000;0.0264;0.0500;1.5250;-5.4012;
242.20;0;0;0;55;51;52;52;52;52;5F4;138;3BC;3.2;31.6;-33.5;14.4;5.5;76.3;0.0000;0.0271;0.1250;1.7000;-5.3464;
242.45;0;0;0;55;52;52;52;52;52;5F1;138;3BC;3.2;31.4;-34.0;14.4;5.5;76.3;0.0000;0.0286;0.1000;1.6250;-5.4155;
242.70;0;0;0;55;52;52;52;52;52;5F6;138;3BC;3.2;31.4;-34.0;14.4;5.5;76.3;0.0000;0.0300;0.1250;1.6500;-5.4333;
242.95;0;0;0;55;52;53;52;53;53;5FC;138;3BC;3.2;31.4;-34.0;14.4;5.5;76.3;0.0000;0.0323;0.2000;2.0250;-5.4546;
243.21;0;0;0;55;52;53;52;53;53;602;138;3BC;3.2;31.4;-34.0;14.4;5.5;76.3;0.0000;0.0298;0.2250;1.9750;-5.4760;
243.46;0;0;0;55;52;53;52;53;53;5FD;138;3BC;3.2;31.5;-34.0;14.4;5.5;76.3;0.0000;0.0292;0.0750;1.6250;-5.4582;
243.71;0;0;0;55;52;53;52;53;53;602;138;3BC;3.2;31.8;-34.0;14.4;5.5;76.3;0.0000;0.0323;0.1000;1.8500;-5.4760;
243.96;0;0;0;55;52;53;52;53;53;607;138;3BC;3.2;31.8;-34.0;14.4;5.5;76.3;0.0000;0.0330;0.0750;1.9250;-5.4938;
244.21;0;0;0;55;52;53;53;53;53;603;138;3BC;3.2;32.1;-34.0;14.4;5.5;76.3;0.0000;0.0331;0.0750;2.1500;-5.4796;
244.46;0;0;0;55;53;54;53;53;53;607;138;3BC;3.2;32.1;-34.0;14.4;5.5;76.3;0.0000;0.0323;0.0500;1.8500;-5.4938;
244.71;0;0;0;55;53;53;53;53;53;60C;138;3BC;3.2;32.5;-34.0;14.4;5.5;76.3;0.0000;0.0315;0.0750;2.0500;-5.5116;
244.96;0;0;0;55;53;54;53;54;53;611;138;3BC;3.2;32.5;-34.0;14.4;5.5;76.3;0.0000;0.0311;0.1250;1.8750;-5.5294;
245.21;0;0;0;55;53;54;53;54;54;60B;138;3BC;3.2;33.2;-34.0;14.4;5.5;76.3;0.0000;0.0306;0.0750;1.8750;-5.5080;
245.46;0;0;0;55;53;54;53;54;54;60E;138;3BC;3.2;33.5;-34.0;14.4;5.5;76.3;0.0000;0.0358;0.1000;2.1750;-5.5187;
245.71;0;0;0;55;53;54;53;54;54;613;138;3BC;3.2;33.5;-34.0;14.4;5.5;76.3;0.0000;0.0355;0.0750;2.2500;-5.5365;
245.96;0;0;0;55;53;54;53;54;54;610;138;3BC;3.2;33.6;-34.0;14.4;5.5;76.3;0.0000;0.0353;0.0500;2.1750;-5.5259;
246.21;0;0;0;55;53;54;53;54;54;60F;138;3BC;3.2;33.6;-34.0;14.4;5.5;76.3;0.0000;0.0348;0.0250;2.1250;-5.5223;
246.46;0;0;0;55;53;54;53;54;54;610;138;3BC;3.2;34.2;-34.0;14.4;5.5;76.3;0.0000;0.0292;0.0250;1.8250;-5.5259;
246.71;0;0;0;55;53;54;53;54;54;617;138;3BC;3.2;34.4;-34.0;14.4;5.5;76.3;0.0000;0.0258;0.0250;1.4750;-5.5508;
246.96;0;0;0;55;53;54;54;54;54;614;138;3BC;3.2;34.4;-34.5;14.4;5.5;76.3;0.0000;0.0225;0.0750;1.5000;-5.6216;
247.21;0;0;0;55;54;54;54;54;54;618;138;3BC;3.2;33.9;-34.5;14.4;5.5;76.3;0.0000;0.0174;0.0750;0.8000;-5.6360;
247.46;0;0;0;55;54;54;54;54;54;618;138;3BC;3.2;33.8;-34.5;14.4;5.5;76.3;0.0000;0.0108;0.1250;0.7250;-5.6360;
247.71;0;0;0;55;54;54;54;54;54;61E;138;3BC;3.2;33.8;-34.0;14.4;5.5;76.3;0.0000;0.0076;0.0750;0.3750;-5.5757;
247.96;0;0;0;55;54;55;54;54;55;620;138;3BC;3.2;33.2;-34.5;14.4;5.5;76.3;0.0000;0.0018;0.1000;0.1250;-5.6649;
248.23;0;0;0;55;55;55;54;54;55;623;138;3BC;3.2;32.3;-34.5;14.4;5.5;76.3;0.0000;-0.0008;0.1250;-0.0500;-5.6758;
248.48;0;0;0;55;55;54;55;55;55;624;138;3BC;3.2;32.3;-34.5;14.4;5.5;76.3;0.0000;-0.0041;0.1000;-0.1750;-5.6794;
248.73;0;0;0;55;55;55;55;55;55;62A;138;3BC;3.2;32.3;-34.5;14.4;5.5;76.3;0.0000;-0.0067;0.1250;-0.2500;-5.7010;
248.98;0;0;0;55;55;55;55;55;55;62D;138;3BC;3.2;31.1;-34.5;14.4;5.5;76.3;0.0000;-0.0078;0.0750;-0.2250;-5.7119;
249.23;0;0;0;55;55;55;55;55;55;627;138;3BC;3.2;30.3;-34.5;14.4;5.5;76.3;0.0000;-0.0085;0.0500;-0.4250;-5.6902;
249.48;0;0;0;55;55;55;55;55;55;62B;138;3BC;3.2;30.3;-34.5;14.4;5.5;76.3;0.0000;-0.0196;0.0500;-0.9250;-5.7047;
249.73;0;0;0;55;55;55;55;55;55;62C;138;3BC;3.2;29.5;-34.5;14.4;5.5;76.3;0.0000;-0.0218;0.0500;-1.4750;-5.7083;
249.98;0;0;0;55;55;55;55;55;55;62F;138;3BC;3.2;29.5;-34.5;14.4;5.5;76.3;0.0000;-0.0253;0.0500;-1.6000;-5.7191;
250.23;0;0;0;55;55;55;55;55;55;62A;138;3BC;3.2;27.9;-34.5;14.4;5.5;76.3;0.0000;-0.0286;-0.0250;-1.7500;-5.7010;
250.48;0;0;0;55;55;55;55;55;55;628;138;3BC;3.2;26.0;-34.5;14.4;5.5;76.3;0.0000;-0.0323;0.0000;-2.0000;-5.6938;
250.73;0;0;0;55;55;55;55;55;55;62E;137;3BC;3.2;26.0;-34.5;14.4;5.5;76.3;0.0000;-0.0348;-0.0500;-2.5000;-5.7155;
250.98;0;0;0;55;55;55;55;55;55;62D;137;3BC;3.2;24.4;-34.5;14.4;5.5;76.3;0.0000;-0.0352;-0.1000;-2.3750;-5.7119;
251.23;0;0;0;55;55;55;55;54;55;628;137;3BC;3.2;23.0;-34.5;14.4;5.5;76.3;0.0000;-0.0349;-0.0500;-2.4000;-5.6938;
251.48;0;0;0;55;55;55;55;55;55;627;137;3BC;3.2;23.0;-34.5;14.4;5.5;76.3;0.0000;-0.0345;-0.0750;-2.3750;-5.6902;
251.73;0;0;0;55;55;55;55;54;55;629;137;3BC;3.2;21.6;-34.5;14.4;5.5;76.3;0.0000;-0.0361;-0.0500;-2.1750;-5.6974;
251.98;0;0;0;55;55;55;55;55;55;628;137;3BC;3.2;21.6;-34.5;14.4;5.5;76.3;0.0000;-0.0365;-0.1250;-2.5000;-5.6938;
252.23;0;0;0;55;55;54;55;54;55;626;137;3BC;3.2;20.7;-34.5;14.4;5.5;76.3;0.0000;-0.0363;-0.1750;-2.4750;-5.6866;
252.48;0;0;0;55;55;54;55;54;55;625;137;3BC;3.2;19.9;-34.5;14.4;5.5;76.3;0.0000;-0.0330;-0.0750;-2.3500;-5.6830;
252.73;0;0;0;54;55;54;55;54;55;621;137;3BC;3.2;19.9;-34.5;14.4;5.5;76.3;0.0000;-0.0315;-0.1250;-1.9750;-5.6685;
252.98;0;0;0;54;55;54;55;54;55;622;137;3BE;3.2;19.9;-34.5;14.4;5.5;76.3;0.0000;-0.0315;-0.0750;-2.0000;-5.6721;
253.25;0;0;0;54;55;54;55;54;55;624;137;3BE;3.2;19.1;-34.5;14.4;5.5;76.3;0.0000;-0.0318;-0.0750;-2.1500;-5.6794;
253.50;0;0;0;54;55;54;55;54;55;623;137;3BE;3.2;18.8;-34.5;14.4;5.5;76.3;0.0000;-0.0298;-0.1000;-1.9750;-5.6758;
253.75;0;0;0;54;55;54;54;54;54;61E;137;3BC;3.2;18.8;-34.5;14.4;5.5;76.3;0.0000;-0.0278;-0.1500;-1.5500;-5.6577;
254.00;0;0;0;54;54;54;54;54;54;61B;137;3BE;3.2;17.9;-34.5;14.4;5.5;76.3;0.0000;-0.0275;-0.2000;-1.6250;-5.6469;
254.25;0;0;0;54;54;54;54;54;54;61C;137;3BE;3.2;17.8;-34.5;14.4;5.5;76.3;0.0000;-0.0280;-0.1000;-1.7750;-5.6505;
254.50;0;0;0;54;54;54;54;54;54;618;137;3BE;3.2;17.8;-34.5;14.4;5.5;76.3;0.0000;-0.0285;-0.1750;-1.7750;-5.6360;
254.75;0;0;0;54;54;53;54;53;54;612;137;3BE;3.2;18.2;-34.5;14.4;5.5;76.3;0.0000;-0.0285;-0.1750;-1.8000;-5.6143;
255.00;0;0;0;54;54;53;54;53;54;612;137;3BE;3.2;18.2;-34.5;14.4;5.5;76.3;0.0000;-0.0283;-0.1250;-1.8750;-5.6143;
255.25;0;0;0;54;54;53;54;53;54;612;137;3BE;3.2;18.1;-34.5;14.4;5.5;76.3;0.0000;-0.0281;-0.1500;-1.5250;-5.6143;
255.50;0;0;0;54;54;53;53;53;54;60D;137;3BE;3.2;18.3;-34.0;14.4;5.5;76.3;0.0000;-0.0281;-0.1500;-1.9500;-5.5152;
255.75;0;0;0;54;53;53;53;53;53;60B;137;3BE;3.2;18.3;-34.0;14.4;5.5;76.3;0.0000;-0.0285;-0.1500;-1.8000;-5.5080;
256.00;0;0;0;54;53;53;53;53;53;607;137;3BE;3.2;18.7;-34.0;14.4;5.5;76.3;0.0000;-0.0292;-0.1500;-2.0000;-5.4938;
256.25;0;0;0;54;53;53;53;52;53;604;137;3BE;3.2;18.6;-34.0;14.4;5.5;76.3;0.0000;-0.0306;-0.2250;-1.8500;-5.4831;
256.50;0;0;0;54;53;52;53;52;53;5FB;137;3BE;3.2;18.6;-34.0;14.4;5.5;76.3;0.0000;-0.0305;-0.2750;-2.0250;-5.4511;
256.75;0;0;0;54;53;52;53;52;53;5FD;137;3BE;3.2;18.6;-34.0;14.4;5.5;76.3;0.0000;-0.0298;-0.2250;-1.8500;-5.4582;
257.00;0;0;0;54;52;52;52;52;52;5F7;137;3BE;3.2;18.6;-34.0;14.4;5.5;76.3;0.0000;-0.0276;-0.2500;-1.8250;-5.4368;
257.25;0;0;0;54;52;52;52;52;52;5F5;137;3BE;3.2;18.8;-12.0;14.4;5.5;76.3;0.0824;-0.0250;-0.2500;-1.5000;-1.9164;
257.50;0;0;0;54;52;52;52;52;52;5FA;137;3BE;3.2;18.8;4.5;14.4;5.5;76.3;0.1608;-0.0233;-0.2000;-1.5000;0.7210;
257.75;0;0;0;54;52;52;52;52;52;5F6;137;3BE;3.2;18.8;33.5;14.4;5.5;76.3;0.2039;-0.0195;-0.1500;-1.1000;5.3534;
258.00;0;0;0;54;52;52;52;51;52;5F2;137;3BE;3.2;18.8;50.5;14.4;5.5;76.3;0.2471;-0.0155;-0.0500;-0.8500;8.0489;
258.26;0;0;0;54;52;52;52;52;52;5F3;137;3BE;3.2;19.0;83.0;14.4;5.5;76.3;0.2863;-0.0085;-0.0250;-0.2000;13.2375;
258.51;0;0;0;54;52;52;52;52;52;5F4;137;3BE;3.2;19.1;97.0;14.4;5.5;76.3;0.2980;-0.0089;0.1000;-0.4250;15.4805;
258.76;0;0;0;54;52;52;52;52;52;5F8;137;3BE;3.2;19.1;105.0;14.4;5.5;76.3;0.2980;-0.0096;0.0750;-0.2750;16.8012;
259.01;0;0;0;54;52;52;52;52;52;5F6;137;3BE;3.2;19.5;107.5;14.4;5.5;76.3;0.3020;-0.0100;0.1250;-0.4750;17.1788;
259.26;0;0;0;54;52;52;52;52;52;5FA;137;3BE;3.2;19.7;108.5;14.4;5.5;76.3;0.3020;-0.0098;0.0500;-0.5250;17.3840;
259.51;0;0;0;54;52;52;52;52;52;5FB;137;3BE;3.2;19.7;108.0;14.4;5.5;76.3;0.3020;-0.0080;0.0500;-0.5250;17.3152;
259.76;0;0;0;54;52;52;52;52;53;5FA;137;3BE;3.2;19.9;106.5;14.4;5.5;76.3;0.2980;-0.0051;0.0500;-0.1500;17.0636;
260.01;0;0;0;54;52;52;52;52;53;5FD;137;3BE;3.2;19.9;108.0;14.4;5.5;76.3;0.3216;-0.0037;0.0750;-0.2000;17.3378;
260.26;0;0;0;54;52;52;52;52;53;5FF;137;3BE;3.2;20.3;130.0;14.4;5.5;76.3;0.3490;0.0032;0.0250;0.1000;20.8968;
260.51;0;0;0;54;52;52;52;52;53;5FF;137;3BE;3.2;20.6;139.0;14.4;5.5;76.3;0.3490;0.0045;0.0500;0.1750;22.3435;
260.76;0;0;0;54;52;53;53;53;53;600;137;3BE;3.2;20.6;142.0;14.4;5.5;76.3;0.3490;0.0053;0.0750;0.3250;22.8406;
261.01;0;0;0;54;53;53;53;53;53;5FF;137;3BE;3.2;21.3;141.5;14.4;5.5;76.3;0.3490;0.0058;0.0750;0.3500;22.7454;
261.26;0;0;0;54;53;53;53;53;53;606;137;3BE;3.2;21.3;142.0;14.4;5.5;76.3;0.3490;0.0059;0.1000;0.3750;22.9299;
261.51;0;0;0;54;53;53;53;53;53;605;137;3BE;3.2;22.0;142.0;14.4;5.5;76.3;0.3490;0.0055;0.0500;0.2250;22.9150;
261.76;0;0;0;54;53;53;53;53;53;604;137;3BE;3.2;22.0;142.5;14.4;5.5;76.3;0.3490;0.0050;0.0250;0.3750;22.9808;
262.01;0;0;0;54;53;53;53;53;53;607;137;3BE;3.2;22.3;141.5;14.4;5.5;76.3;0.3490;0.0048;-0.0500;0.2750;22.8639;
262.26;0;0;0;54;53;53;53;53;53;606;137;3BE;3.2;22.7;142.0;14.4;5.5;76.3;0.3490;0.0045;-0.0250;0.2750;22.9299;
262.51;0;0;0;54;53;53;53;53;53;603;137;3BE;3.2;22.7;142.0;14.4;5.5;76.3;0.3490;-0.0008;-0.0250;0.0000;22.8852;
262.76;0;0;0;54;53;53;53;53;53;603;137;3BE;3.2;23.1;142.0;14.4;5.5;76.3;0.3490;-0.0020;-0.0250;0.0250;22.8852;
263.01;0;0;0;54;53;53;53;53;53;602;137;3BE;3.2;23.1;141.0;14.4;5.5;76.3;0.3451;-0.0020;-0.0250;-0.0250;22.7093;
263.28;0;0;0;54;53;53;53;53;53;604;137;3BE;3.2;22.9;140.0;14.4;5.5;76.3;0.3451;-0.0016;-0.0500;0.0500;22.5776;
263.53;0;0;0;54;53;53;53;53;53;601;137;3BE;3.2;23.0;140.0;14.4;5.5;76.3;0.3451;-0.0015;-0.0750;-0.0750;22.5336;
263.78;0;0;0;54;53;53;53;53;53;605;137;3BE;3.2;23.0;140.5;14.4;5.5;76.3;0.3451;-0.0008;-0.0750;0.0250;22.6729;
264.03;0;0;0;54;53;53;52;53;53;5FE;137;3BE;3.2;23.4;140.0;14.4;5.5;76.3;0.3451;-0.0001;-0.0500;-0.0500;22.4896;
264.28;0;0;0;54;52;53;53;53;53;600;137;3BE;3.2;23.3;140.0;14.4;5.5;76.3;0.3451;0.0025;-0.0500;0.0500;22.5189;
264.53;0;0;0;54;53;53;52;52;53;601;137;3BE;3.2;23.3;140.0;14.4;5.5;76.3;0.3451;0.0033;-0.0250;0.1000;22.5336;
264.78;0;0;0;54;52;53;53;53;53;601;137;3BE;3.2;23.2;140.0;14.4;5.5;76.3;0.3451;0.0029;0.0000;0.0750;22.5336;
265.03;0;0;0;54;53;52;52;53;53;5FE;137;3BE;3.2;23.4;140.0;14.4;5.5;76.3;0.3451;0.0000;-0.0500;0.0000;22.4896;
265.28;0;0;0;54;53;53;53;53;53;602;137;3BE;3.2;23.4;137.5;14.4;5.5;76.3;0.3451;-0.0003;0.0250;0.2250;22.1456;
265.53;0;0;0;54;53;53;53;53;53;603;137;3BE;3.2;23.4;138.0;14.4;5.5;76.3;0.3412;-0.0003;0.0500;0.0000;22.2406;
265.78;0;0;0;54;53;53;53;53;53;606;137;3BE;3.2;23.3;138.0;14.4;5.5;76.3;0.3412;-0.0007;0.0750;0.0000;22.2839;
266.03;0;0;0;54;53;53;53;53;53;604;137;3BE;3.2;22.9;137.5;14.4;5.5;76.3;0.3412;-0.0007;0.1000;-0.0500;22.1744;
266.28;0;0;0;54;53;53;53;53;53;60D;137;3BE;3.2;22.9;137.0;14.4;5.5;76.3;0.3451;-0.0008;0.1000;0.0500;22.2229;
266.53;0;0;0;54;53;53;53;53;53;60A;137;3BE;3.2;23.1;138.0;14.4;5.5;76.3;0.3412;-0.0008;0.1000;-0.1000;22.3418;
266.78;0;0;0;54;53;53;53;53;54;60F;137;3BE;3.2;23.1;137.5;14.4;5.5;76.3;0.3412;-0.0010;0.1000;0.0250;22.3328;
267.03;0;0;0;54;53;54;54;54;54;612;137;3BE;3.2;23.1;136.5;14.4;5.5;76.3;0.3412;-0.0008;0.1500;-0.0750;22.2133;
267.28;0;0;0;54;54;54;54;54;54;616;137;3BE;3.2;22.9;135.0;14.4;5.5;76.3;0.3373;0.0048;0.1500;0.3250;22.0257;
267.53;0;0;0;54;54;54;54;54;54;616;137;3BE;3.2;22.9;133.5;14.4;5.5;76.3;0.3373;0.0055;0.2000;0.3750;21.7810;
267.78;0;0;0;54;54;54;54;54;54;61C;137;3BE;3.2;23.2;124.5;14.4;5.5;76.3;0.3137;0.0053;0.1250;0.2750;20.3908;
268.03;0;0;0;54;54;55;54;54;55;61F;137;3BE;3.2;23.6;108.0;14.4;5.5;76.3;0.2863;0.0050;0.1750;0.4000;17.7224;
268.29;0;0;0;54;54;55;54;54;55;611;137;3BE;3.2;23.6;-14.5;14.4;5.5;76.3;0.0000;0.0023;0.0500;0.1750;-2.3581;
268.54;0;0;0;54;54;54;54;54;54;613;137;3BE;3.2;23.8;-32.5;14.4;5.5;76.3;0.0000;0.0013;-0.1250;0.1500;-5.2923;
268.79;0;0;0;54;54;54;54;54;54;613;137;3BE;3.2;23.8;-33.5;14.4;5.5;76.3;0.0000;0.0008;-0.2000;0.0250;-5.4551;
269.04;0;0;0;55;54;54;53;53;54;611;137;3BE;3.2;24.3;-34.0;14.4;5.5;76.3;0.0000;0.0010;-0.3250;0.0500;-5.5294;
269.29;0;0;0;55;53;53;53;53;54;60B;137;3BE;3.2;24.2;-34.0;14.4;5.5;76.3;0.0000;0.0011;-0.3250;-0.0250;-5.5080;
269.54;0;0;0;55;53;53;53;53;53;60B;137;3BE;3.2;24.2;-34.0;14.4;5.5;76.3;0.0000;0.0011;-0.2750;0.0500;-5.5080;
269.79;0;0;0;55;53;53;53;53;53;604;137;3BE;3.2;24.2;-34.0;14.4;5.5;76.3;0.0000;0.0013;-0.2250;0.0500;-5.4831;
270.04;0;0;0;55;53;53;52;53;53;604;137;3BE;3.2;24.5;-34.0;14.4;5.5;76.3;0.0000;0.0015;-0.2000;0.1000;-5.4831;
270.29;0;0;0;55;53;53;52;53;53;601;137;3BE;3.2;24.8;-34.0;14.4;5.5;76.3;0.0000;0.0015;-0.1750;0.1500;-5.4724;
270.54;0;0;0;55;53;53;52;52;53;5FD;137;3BE;3.2;24.8;-34.0;14.4;5.5;76.3;0.0000;0.0011;-0.1500;0.0000;-5.4582;
270.79;0;0;0;55;52;53;52;53;53;5FB;137;3BE;3.2;25.0;-34.0;14.4;5.5;76.3;0.0000;0.0008;-0.1250;0.2000;-5.4511;
271.04;0;0;0;55;52;52;52;52;53;5F8;137;3BE;3.2;25.3;-34.0;14.4;5.5;76.3;0.0000;0.0028;-0.1000;0.2750;-5.4404;
271.29;0;0;0;55;52;53;52;52;53;5F7;137;3BE;3.2;25.3;-34.0;14.4;5.5;76.3;0.0000;0.0058;-0.1250;0.4750;-5.4368;
271.54;0;0;0;55;52;52;52;52;52;5FC;137;3BE;3.2;25.8;-34.0;14.4;5.5;76.3;0.0000;0.0033;-0.0750;0.3750;-5.4546;
271.79;0;0;0;55;52;52;52;52;52;5FB;137;3BE;3.2;25.8;-34.0;14.4;5.5;76.3;0.0000;0.0020;-0.0500;0.2250;-5.4511;
272.04;0;0;0;55;52;52;52;52;52;5F9;137;3BE;3.2;26.3;-34.0;14.4;5.5;76.3;0.0000;0.0016;-0.0500;0.2250;-5.4440;
272.29;0;0;0;55;52;52;52;52;52;5F6;137;3BE;3.2;26.2;-34.0;14.4;5.5;76.3;0.0000;0.0013;0.0000;0.1750;-5.4333;
272.54;0;0;0;55;53;53;52;52;53;5FC;137;3BE;3.2;26.2;-34.0;14.4;5.5;76.3;0.0000;0.0013;0.0250;0.1500;-5.4546;
272.79;0;0;0;55;52;52;52;52;53;5F7;137;3BE;3.2;25.9;-34.0;14.4;5.5;76.3;0.0000;0.0015;0.0250;0.0500;-5.4368;
273.04;0;0;0;55;53;53;52;52;53;5FE;137;3BE;3.2;26.3;-34.0;14.4;5.5;76.3;0.0000;0.0016;0.0500;0.2500;-5.4618;
273.31;0;0;0;55;53;53;53;53;53;603;137;3BE;3.2;26.3;-34.0;14.4;5.5;76.3;0.0000;0.0033;0.1000;0.2000;-5.4796;
273.56;0;0;0;55;53;53;53;53;53;60C;137;3BE;3.2;26.6;-34.0;14.4;5.5;76.3;0.0000;0.0041;0.1750;0.3250;-5.5116;
273.81;0;0;0;55;53;53;53;53;53;606;137;3BE;3.2;26.6;-34.0;14.4;5.5;76.3;0.0000;0.0034;0.1750;0.2250;-5.4902;
274.06;0;0;0;55;54;53;53;53;54;60E;137;3BE;3.2;26.4;-34.0;14.4;5.5;76.3;0.0000;0.0028;0.1750;0.1500;-5.5187;
274.31;0;0;0;55;54;54;53;54;54;615;137;3BE;3.2;26.4;-34.0;14.4;5.5;76.3;0.0000;0.0026;0.2000;0.2250;-5.5437;
274.56;0;0;0;55;54;54;54;54;54;615;137;3BE;3.2;26.6;-34.0;14.4;5.5;76.3;0.0000;0.0011;0.2000;0.1500;-5.5437;
274.81;0;0;0;55;54;54;54;54;54;618;137;3BE;3.2;26.6;-34.0;14.4;5.5;76.3;0.0000;-0.0004;0.2000;0.1500;-5.5543;
275.06;0;0;0;55;54;54;54;54;54;61D;137;3BE;3.2;26.9;-34.5;14.4;5.5;76.3;0.0000;-0.0004;0.2000;0.0250;-5.6541;
275.31;0;0;0;55;54;54;54;54;55;622;137;3BE;3.2;26.5;-34.5;14.4;5.5;76.3;0.0000;0.0001;0.2000;0.0750;-5.6721;
275.56;0;0;0;55;55;55;55;55;55;621;137;3BE;3.2;26.5;-34.5;14.4;5.5;76.3;0.0000;0.0004;0.2000;0.0000;-5.6685;
275.81;0;0;0;55;55;55;55;55;55;627;137;3BE;3.2;26.5;-34.5;14.4;5.5;76.3;0.0000;0.0007;0.1750;0.1750;-5.6902;
276.06;0;0;0;55;55;55;55;55;55;62B;137;3BE;3.2;26.4;-34.5;14.4;5.5;76.3;0.0000;0.0007;0.1750;0.1000;-5.7047;
276.31;0;0;0;55;55;55;55;55;55;635;137;3BE;3.2;26.4;-34.5;14.4;5.5;76.3;0.0000;0.0003;0.1750;0.0750;-5.7408;
276.56;0;0;0;55;55;55;55;55;56;634;137;3BE;3.2;26.3;-34.5;14.4;5.5;76.3;0.0000;0.0003;0.2250;0.6500;-5.7372;
276.81;0;0;0;55;56;56;56;56;56;637;137;3BE;3.2;26.3;-34.5;14.4;5.5;76.3;0.0000;0.0004;0.2000;0.1000;-5.7480;
277.06;0;0;0;55;56;56;56;56;56;63D;137;3BE;3.2;26.5;-34.5;14.4;5.5;76.3;0.0000;0.0011;0.2250;0.1500;-5.7697;
277.31;0;0;0;55;56;56;56;56;56;63F;137;3BE;3.2;26.2;-34.5;14.4;5.5;76.3;0.0000;0.0015;0.2250;0.1500;-5.7769;
277.56;1;0;0;55;56;56;56;56;57;638;137;3BE;3.2;26.2;-35.0;14.4;5.5;76.3;0.0000;0.0016;0.2000;0.0500;-5.8350;
277.81;1;0;0;55;57;57;57;57;57;591;137;3C0;3.2;26.2;-33.0;14.4;5.5;76.3;0.0000;0.0018;0.2250;0.2750;-4.9244;
278.06;1;0;0;55;57;57;57;57;57;6F7;137;3BE;3.2;26.2;116.0;14.4;5.5;76.3;0.6392;0.0018;0.2500;0.1500;21.6590;
278.32;1;0;0;55;57;57;57;57;57;8B6;137;3BE;3.2;26.2;-32.5;14.4;5.5;76.3;0.0000;0.0018;0.3250;0.0000;-7.5896;
278.57;1;0;0;55;57;58;58;57;58;7A6;137;3C0;3.2;26.2;-26.5;14.4;5.5;76.3;0.0000;0.0018;0.2750;0.3750;-5.4336;
278.82;1;0;0;55;58;58;58;58;58;7C2;137;3C0;3.2;26.0;-40.5;14.4;5.5;76.3;0.0000;0.0018;0.3500;0.0250;-8.4229;
279.07;0;0;0;55;58;58;58;58;58;7C6;137;3C0;3.2;26.0;-40.5;14.4;5.5;76.3;0.0000;0.0023;0.2000;-0.0250;-8.4399;
279.32;0;0;0;55;58;58;58;58;58;7C7;137;3C0;3.2;26.0;-40.0;14.4;5.5;76.3;0.0000;0.0025;0.1250;0.2750;-8.3399;
279.57;0;0;0;55;58;58;58;58;58;7CE;137;3C0;3.2;26.1;-40.0;14.4;5.5;76.3;0.0000;0.0033;0.1000;0.2000;-8.3692;
279.82;0;0;0;55;58;58;58;58;59;7CE;137;3C0;3.2;26.1;-40.0;14.4;5.5;76.3;0.0000;0.0071;0.1500;0.4000;-8.3692;
280.07;0;0;0;55;59;59;58;59;59;7D5;137;3C0;3.2;26.3;-40.0;14.4;5.5;76.3;0.0000;0.0053;0.1500;0.5000;-8.3985;
280.32;0;0;0;54;59;59;59;59;59;7D9;137;3C0;3.2;26.5;-40.0;14.4;5.5;76.3;0.0000;0.0037;0.2000;0.4750;-8.4153;
280.57;0;0;0;54;59;59;59;59;59;7D9;137;3C0;3.2;26.5;-40.0;14.4;5.5;76.3;0.0000;0.0016;0.1250;0.1750;-8.4153;
280.82;0;0;0;54;59;59;59;59;59;7DF;137;3C0;3.2;26.6;-40.0;14.4;5.5;76.3;0.0000;0.0015;0.1000;0.0500;-8.4404;
281.07;0;0;0;54;5A;5A;59;59;5A;7E6;137;3C0;3.2;26.6;-40.0;14.4;5.5;76.3;0.0000;0.0020;0.1750;0.1750;-8.4697;
281.32;0;0;0;54;59;59;59;5A;5A;7E4;137;3C0;3.2;26.6;-40.0;14.4;5.5;76.3;0.0000;0.0020;0.0500;0.2000;-8.4614;
281.57;0;1;0;54;59;59;59;59;59;7DE;137;3C0;3.2;26.5;-40.0;14.4;5.5;76.3;0.0000;0.0018;-0.0750;0.2500;-8.4362;
281.82;0;1;0;54;59;59;59;59;59;7D4;137;3C0;3.2;26.5;-40.0;14.4;5.5;76.3;0.0000;0.0016;-0.3750;0.2250;-8.3943;
282.07;0;1;0;54;58;58;58;58;58;7C6;137;3C0;3.2;27.0;-40.0;14.4;5.5;76.3;0.0000;0.0000;-0.6500;0.2500;-8.3357;
282.32;0;1;0;54;57;58;58;58;58;7C0;137;3C0;3.2;27.0;-39.5;14.4;5.5;76.3;0.0000;-0.0001;-0.6500;0.0750;-8.2067;
282.57;0;1;0;54;57;57;57;57;57;7AF;137;3C0;3.2;27.6;-39.5;14.4;5.5;76.3;0.0000;-0.0004;-0.6750;0.0750;-8.1364;
282.82;0;0;0;54;57;57;57;57;57;7B1;139;3C0;3.2;27.6;-39.5;14.4;5.5;76.3;0.0000;-0.0007;-0.0750;0.3250;-8.1446;
283.07;0;1;0;54;56;57;57;57;57;7A6;139;3C0;3.2;27.7;-39.5;14.4;5.5;76.3;0.0000;-0.0008;-0.6750;0.0000;-8.0991;
283.34;0;1;0;54;56;56;56;56;56;79C;139;3C0;3.2;27.6;-39.0;14.4;5.5;76.3;0.0000;-0.0008;-0.5750;-0.0250;-7.9558;
283.59;0;1;0;54;55;55;55;55;56;78A;139;3C0;3.2;27.6;-39.0;14.4;5.5;76.3;0.0000;-0.0023;-0.7500;0.1250;-7.8823;
283.84;0;1;0;54;54;55;55;55;55;77E;139;3C0;3.2;28.3;-38.5;14.4;5.5;76.3;0.0000;-0.0032;-0.9000;0.0250;-7.7328;
284.09;0;1;0;54;55;54;54;54;54;770;139;3C0;3.2;28.4;-38.5;14.4;5.5;76.3;0.0000;-0.0018;-0.4250;0.0000;-7.6764;
284.34;0;1;0;54;53;53;53;53;54;75D;139;3C0;3.2;28.4;-38.5;14.4;5.5;76.3;0.0000;-0.0001;-1.0000;0.1750;-7.5998;
284.59;0;1;0;54;53;53;53;53;53;751;139;3C0;3.2;28.2;-37.5;14.4;5.5;76.3;0.0000;0.0007;-0.7500;0.0500;-7.3553;
284.84;0;1;0;54;52;52;52;52;52;745;139;3C0;3.2;28.8;-37.5;14.4;5.5;76.3;0.0000;0.0011;-0.4500;-0.1000;-7.3081;
285.09;0;1;0;54;52;52;52;51;52;735;139;3C0;3.2;28.8;-37.5;14.4;5.5;76.3;0.0000;0.0025;-0.6750;0.2750;-7.2453;
285.34;0;1;0;54;51;51;51;51;51;726;139;3C0;3.2;29.1;-37.0;14.4;5.5;76.3;0.0000;0.0023;-0.9000;0.2750;-7.0906;
285.59;0;1;0;54;51;51;50;50;51;71C;139;3C0;3.2;29.1;-37.0;14.4;5.5;76.3;0.0000;0.0013;-0.5250;0.2750;-7.0518;
285.84;0;1;0;54;50;50;50;50;50;713;139;3C0;3.2;29.4;-36.5;14.4;5.5;76.3;0.0000;-0.0007;-0.4250;-0.0500;-6.9221;
286.09;0;1;0;54;4F;4F;4F;4F;50;708;139;3C0;3.2;29.2;-36.5;14.4;5.5;76.3;0.0000;-0.0032;-0.5750;0.0000;-6.8801;
286.34;0;1;0;54;4F;4F;4F;4F;4F;6FF;139;3C0;3.2;29.2;-36.5;14.4;5.5;76.3;0.0000;-0.0037;-0.5250;-0.4000;-6.8457;
286.59;0;1;0;54;4F;4F;4F;4F;4F;6F6;139;3C0;3.2;29.2;-36.5;14.4;5.5;76.3;0.0000;-0.0038;-0.4250;-0.1750;-6.8113;
286.84;0;1;0;54;4F;4F;4F;4E;4F;6F3;139;3C0;3.2;28.8;-36.5;14.4;5.5;76.3;0.0000;-0.0032;-0.3750;-0.1250;-6.7998;
287.09;0;1;0;54;4E;4F;4E;4E;4F;6EB;139;3C0;3.2;28.8;-36.0;14.4;5.5;76.3;0.0000;0.0004;-0.3500;-0.2000;-6.6765;
287.34;0;1;0;54;4E;4E;4E;4E;4E;6E0;139;3C0;3.2;28.8;-36.0;14.4;5.5;76.3;0.0000;0.0013;-0.5750;0.1500;-6.6350;
287.59;0;1;0;54;4D;4D;4D;4D;4E;6DA;139;3C0;3.2;28.8;-36.0;14.4;5.5;76.3;0.0000;0.0015;-0.8500;0.2000;-6.6124;
287.84;0;1;0;54;4C;4D;4D;4D;4D;6D0;139;3C0;3.2;28.7;-36.0;14.4;5.5;76.3;0.0000;0.0013;-0.6750;-0.1000;-6.5747;
288.09;0;1;0;54;4C;4C;4C;4C;4C;6B9;139;3C0;3.2;28.7;-35.5;14.4;5.5;76.3;0.0000;-0.0010;-0.9250;0.1000;-6.3979;
288.35;0;1;0;54;4B;4B;4B;4B;4C;6A5;139;3C0;3.2;29.0;-35.5;14.4;5.5;76.3;0.0000;-0.0011;-0.7750;0.2000;-6.3236;
288.60;0;1;0;54;4B;4B;4B;4B;4B;699;139;3C0;3.2;29.0;-35.0;14.4;5.5;76.3;0.0000;-0.0007;-0.8750;0.0250;-6.1905;
288.85;0;1;0;54;4A;4A;49;4A;4A;682;139;3C0;3.2;29.2;-35.5;14.4;5.5;76.3;0.0000;0.0037;-0.8500;0.0000;-6.1934;
289.10;0;1;0;54;49;49;49;49;49;679;139;3C0;3.2;29.0;-35.5;14.4;5.5;76.3;0.0000;0.0034;-0.4250;0.1500;-6.1600;
289.35;0;1;0;54;49;49;49;49;49;66D;139;3C0;3.2;29.0;-36.0;14.4;5.5;76.3;0.0000;0.0020;-0.6000;0.2250;-6.2015;
289.60;0;1;0;54;48;48;48;48;49;664;139;3C0;3.2;29.1;-36.0;14.4;5.5;76.3;0.0000;-0.0004;-0.7500;0.3250;-6.1676;
289.85;0;1;0;54;48;48;48;48;48;65B;139;3C0;3.2;29.0;-36.0;14.5;5.5;76.3;0.0000;-0.0034;-0.4250;0.1250;-6.1336;
290.10;0;1;0;54;48;48;47;48;48;654;139;3C0;3.2;29.0;-36.5;14.5;5.5;76.3;0.0000;-0.0050;-0.7250;0.0500;-6.1921;
290.35;0;1;0;54;47;47;47;47;47;64A;139;3C0;3.2;28.9;-36.5;14.5;5.5;76.3;0.0000;-0.0063;-0.3500;-0.2500;-6.1539;
290.60;0;1;0;54;47;46;47;47;47;640;139;3C0;3.2;28.9;-36.5;14.5;5.5;76.3;0.0000;-0.0067;-0.5250;-0.2750;-6.1156;
290.85;0;1;0;54;46;46;46;46;46;633;139;3C0;3.2;29.1;-36.5;14.5;5.5;76.3;0.0000;-0.0070;-0.4750;-0.4250;-6.0659;
291.10;0;1;0;54;46;46;46;46;46;62F;139;3C0;3.2;29.1;-36.5;14.5;5.5;76.3;0.0000;-0.0070;-0.4500;-0.2750;-6.0507;
291.35;0;1;0;54;45;45;45;45;46;624;139;3C0;3.2;29.2;-36.5;14.5;5.5;76.3;0.0000;-0.0075;-0.3750;-0.3500;-6.0086;
291.60;0;1;0;54;45;45;45;45;45;619;139;3C0;3.2;29.2;-36.0;14.5;5.5;76.3;0.0000;-0.0075;-0.4500;-0.2000;-5.8848;
291.85;0;1;0;54;44;44;44;44;45;60B;139;3C2;3.2;29.2;-36.0;14.5;5.5;76.3;0.0000;-0.0080;-0.5250;-0.3500;-5.8321;
292.10;0;1;0;54;44;44;44;44;44;605;139;3C0;3.2;28.9;-36.0;14.5;5.5;76.3;0.0000;-0.0081;-0.5750;-0.2250;-5.8094;
292.35;0;1;0;54;43;44;44;43;44;5FB;139;3C2;3.2;28.9;-36.0;14.5;5.5;76.3;0.0000;-0.0096;-0.5250;-0.3250;-5.7717;
292.60;0;1;0;54;43;43;43;43;43;5ED;139;3C2;3.2;28.6;-36.0;14.5;5.5;76.3;0.0000;-0.0103;-0.3250;-0.3750;-5.7190;
292.85;0;1;0;54;43;42;43;42;43;5E1;139;3C2;3.2;28.3;-36.0;14.5;5.5;76.3;0.0000;-0.0108;-0.5750;-0.3500;-5.6737;
293.10;0;1;0;54;42;42;42;42;42;5D9;139;3C2;3.2;28.3;-36.0;14.5;5.5;76.3;0.0000;-0.0101;-0.6000;-0.2750;-5.6436;
293.37;0;1;0;54;41;41;41;41;41;5C4;139;3C2;3.2;27.9;-36.0;14.5;5.5;76.3;0.0000;-0.0088;-0.6750;-0.2750;-5.5644;
293.62;0;1;0;54;41;41;41;41;41;5BD;139;3C2;3.2;27.9;-35.5;14.5;5.5;76.3;0.0000;-0.0053;-0.7750;0.0500;-5.4611;
293.87;0;1;0;54;40;40;40;40;40;5AB;139;3C2;3.2;27.8;-35.5;14.5;5.5;76.3;0.0000;-0.0040;-0.8500;0.2250;-5.3942;
294.12;0;1;0;54;40;40;40;40;40;5A5;139;3C2;3.2;27.8;-35.5;14.5;5.5;76.3;0.0000;-0.0038;-0.2750;0.0250;-5.3719;
294.37;0;1;0;54;3F;3F;3F;3F;3F;592;139;3C2;3.2;27.8;-35.5;14.5;5.5;76.3;0.0000;-0.0038;-0.5500;0.0750;-5.3012;
294.62;0;1;0;54;3F;3F;3F;3E;3F;58D;139;3C2;3.2;27.6;-35.5;14.5;5.5;76.3;0.0000;-0.0038;-0.3500;-0.0500;-5.2826;
294.87;0;1;0;54;3E;3E;3E;3E;3E;578;139;3C2;3.2;27.6;-35.5;14.5;5.5;76.3;0.0000;-0.0046;-0.6750;0.2000;-5.2046;
295.12;0;1;0;54;3D;3D;3D;3D;3D;56F;139;3C2;3.2;27.7;-35.5;14.5;5.5;76.3;0.0000;-0.0051;-1.1500;0.1500;-5.1711;
295.37;0;1;0;54;3C;3C;3C;3C;3D;554;139;3C2;3.2;27.7;-35.0;14.5;5.5;76.3;0.0000;-0.0050;-1.0000;-0.2000;-4.9993;
295.62;0;1;0;54;3C;3C;3B;3B;3C;53F;139;3C2;3.2;27.9;-35.0;14.5;5.5;76.3;0.0000;-0.0046;-1.0750;-0.0250;-4.9224;
295.87;0;1;0;54;3A;3A;3A;3A;3A;527;139;3C2;3.2;28.1;-34.5;14.5;5.5;76.3;0.0000;-0.0034;-1.1000;0.2000;-4.7653;
296.12;1;1;0;54;39;39;39;39;3A;4E9;139;3C2;3.2;28.1;-34.0;14.5;5.5;76.3;0.0000;-0.0034;-1.0500;0.0500;-4.4755;
296.37;1;1;0;54;38;38;38;38;39;3D9;139;3C2;3.2;28.3;-32.5;14.5;5.5;76.3;0.0000;-0.0034;-0.9250;0.2250;-3.3523;
296.62;1;1;0;54;38;38;38;38;38;376;139;3C2;3.2;28.3;-5.0;14.5;5.5;76.3;0.0000;-0.0034;-0.9250;0.1250;-0.4639;
296.87;1;1;0;54;36;36;36;36;37;471;139;3C2;3.2;28.3;-34.5;14.5;5.5;76.3;0.0000;-0.0041;-1.4250;0.1750;-4.1078;
297.12;1;1;0;54;35;35;35;35;36;551;139;3C2;3.2;28.6;-36.0;14.5;5.5;76.3;0.0000;-0.0051;-1.3250;0.0000;-5.1308;
297.37;1;1;0;54;34;34;34;34;34;5C2;139;3C2;3.2;28.6;-30.5;14.5;5.5;76.3;0.0000;-0.0068;-1.4250;0.2250;-4.7079;
297.62;1;1;0;54;33;34;33;33;34;5B3;139;3C2;3.2;28.9;-37.0;14.5;5.5;76.3;0.0000;-0.0085;-1.1750;-0.0500;-5.6531;
297.87;0;0;0;54;33;33;33;33;33;5A3;139;3C2;3.2;28.6;-37.0;14.5;5.5;76.3;0.0000;-0.0108;-0.4750;-0.0750;-5.5911;
298.12;0;0;0;54;33;33;33;32;33;599;139;3C2;3.2;28.6;-36.5;14.5;5.5;76.3;0.0000;-0.0106;-0.4250;-0.2250;-5.4773;
298.38;0;0;0;54;32;32;32;32;32;58E;139;3C2;3.2;28.4;-36.5;14.5;5.5;76.3;0.0000;-0.0098;-0.4250;-0.2000;-5.4353;
298.63;0;0;0;54;32;32;32;32;32;583;139;3C2;3.2;28.2;-36.0;14.5;5.5;76.3;0.0000;-0.0093;-0.4500;-0.0500;-5.3193;
298.88;0;0;0;54;31;31;31;31;32;574;139;3C2;3.2;28.2;-36.0;14.5;5.5;76.3;0.0000;-0.0108;-0.5000;0.0000;-5.2628;
299.13;0;1;0;54;31;31;31;31;31;56B;139;3C2;3.2;28.2;-35.5;14.5;5.5;76.3;0.0000;-0.0106;-0.5500;-0.1000;-5.1562;
299.38;0;1;0;54;30;30;30;30;30;558;139;3C2;3.2;27.8;-35.5;14.5;5.5;76.3;0.0000;-0.0106;-0.4000;0.0000;-5.0856;
299.63;0;1;0;54;2F;2F;2F;2F;30;547;139;3C2;3.2;27.6;-35.5;14.5;5.5;76.3;0.0000;-0.0103;-0.7500;0.0000;-5.0224;
299.88;0;1;0;53;2F;2F;2F;2F;2F;52E;139;3C2;3.2;27.6;-35.0;14.5;5.5;76.3;0.0000;-0.0100;-0.5500;-0.0750;-4.8600;
300.13;0;1;0;53;2E;2E;2E;2E;2E;51C;139;3C2;3.2;27.3;-35.0;14.5;5.5;76.3;0.0000;-0.0093;-0.6000;-0.1250;-4.7941;
300.38;0;1;0;53;2D;2D;2D;2D;2D;503;139;3C2;3.2;27.3;-34.5;14.5;5.5;76.3;0.0000;-0.0075;-1.1250;0.0500;-4.6353;
300.63;0;0;0;53;2D;2C;2D;2D;2D;4F8;139;3C2;3.2;27.0;-34.5;14.5;5.5;76.3;0.0000;-0.0055;-0.6000;0.1250;-4.5955;
300.88;0;0;0;53;2C;2C;2C;2C;2C;4E3;139;3C2;3.2;27.0;-34.5;14.5;5.5;76.3;0.0000;-0.0041;-0.6750;0.2500;-4.5197;
301.13;0;0;0;53;2B;2B;2B;2B;2C;4D6;139;3C2;3.2;27.0;-34.0;14.5;5.5;76.3;0.0000;-0.0048;-0.6500;0.4000;-4.4079;
301.38;0;0;0;53;2B;2B;2B;2B;2B;4C2;139;3C2;3.2;26.5;-34.0;14.5;5.5;76.3;0.0000;-0.0041;-0.6750;0.2000;-4.3367;
301.63;0;0;0;53;2A;2A;2A;2A;2A;4B4;139;3C2;3.2;26.3;-34.0;14.5;5.5;76.3;0.0000;-0.0029;-0.7250;0.2500;-4.2868;
301.88;0;0;0;53;2A;2A;2A;2A;2A;4A1;139;3C2;3.2;26.3;-33.5;14.5;5.5;76.3;0.0000;-0.0004;-0.6750;0.2000;-4.1571;
302.13;0;0;0;53;29;29;29;29;29;491;139;3C2;3.2;26.5;-33.5;14.5;5.5;76.3;0.0000;0.0000;-0.7250;0.4250;-4.1010;
302.38;1;0;0;53;28;29;29;28;29;410;139;3C2;3.2;26.5;-33.0;14.5;5.5;76.3;0.0000;0.0000;-0.6750;0.2000;-3.5940;
302.63;1;0;0;53;28;28;28;28;28;380;139;3C2;3.2;26.6;-6.5;14.5;5.5;76.3;0.0000;0.0001;-0.5750;0.2500;-0.6099;
302.88;1;0;0;53;27;28;28;27;28;371;139;3C2;3.2;26.6;0.5;14.5;5.5;76.3;0.0000;0.0004;-0.6000;0.1000;0.0461;
303.13;1;0;0;53;27;27;27;27;27;3A3;139;3C2;3.2;26.6;-8.5;14.5;5.5;76.3;0.0863;0.0004;-0.6750;0.4250;-0.8287;
303.40;1;0;0;53;26;26;26;26;26;51C;139;3C2;3.2;26.6;-5.0;14.5;5.5;76.3;0.1098;0.0003;-0.9250;0.2000;-0.6849;
303.65;1;0;0;53;25;25;25;25;25;5C9;139;3C2;3.2;26.8;15.0;14.5;5.5;76.3;0.1059;-0.0015;-0.8250;0.1500;2.3263;
303.90;1;0;0;53;25;25;25;25;25;5B7;139;3C2;3.2;27.0;6.0;14.5;5.5;76.3;0.1137;-0.0015;-0.6000;0.2250;0.9192;
304.15;0;0;0;53;24;24;24;24;24;5A2;139;3C2;3.2;27.0;-8.0;14.5;5.5;76.3;0.0000;-0.0015;-0.5000;0.1250;-1.2080;
304.40;0;0;0;53;24;24;24;24;24;58B;139;3C2;3.2;26.7;-23.0;14.5;5.5;76.3;0.0000;-0.0015;-0.5250;0.2000;-3.4177;
304.65;0;0;0;53;23;23;23;23;23;574;139;3C2;3.2;26.5;-20.5;14.5;5.5;76.3;0.0824;-0.0018;-0.6750;0.2750;-2.9969;
304.90;0;0;0;53;23;22;23;23;23;565;139;3C2;3.2;26.5;-11.5;14.5;5.5;76.3;0.1020;-0.0020;-0.7000;0.1750;-1.6631;
305.15;0;0;0;53;22;22;22;22;22;558;139;3C2;3.2;26.5;1.0;14.5;5.5;76.3;0.1569;-0.0018;-0.5750;0.0500;0.1433;
305.40;0;0;0;53;22;22;22;22;22;548;139;3C2;3.2;26.5;18.5;14.5;5.5;76.3;0.2118;-0.0018;-0.5500;0.0750;2.6193;
305.65;0;0;0;53;21;21;21;21;21;539;139;3C2;3.2;26.3;47.0;14.5;5.5;76.3;0.2549;0.0025;-0.3750;0.1500;6.5805;
305.90;0;0;0;53;21;21;21;21;21;532;139;3C2;3.2;26.0;70.0;14.5;5.5;76.3;0.2745;0.0064;-0.2750;0.2000;9.7494;
306.15;0;0;0;53;21;21;21;21;21;533;139;3C2;3.2;26.0;87.0;14.5;5.5;76.3;0.2745;0.0083;-0.0250;0.3250;12.1262;
306.40;0;0;0;53;21;21;21;21;21;533;139;3C2;3.2;25.6;90.5;14.5;5.5;76.3;0.2667;0.0105;0.0250;0.2250;12.6141;
306.65;0;0;0;53;21;21;21;21;21;536;139;3C2;3.2;25.4;85.5;14.5;5.5;76.3;0.2510;0.0096;0.1000;0.4250;11.9440;
306.90;0;0;0;53;21;21;21;21;22;53A;139;3C2;3.2;25.4;77.5;14.5;5.5;76.3;0.2392;0.0068;0.0500;0.3250;10.8589;
307.15;0;0;0;53;21;22;21;21;22;538;139;3C2;3.2;25.1;54.5;14.5;5.5;76.3;0.2078;0.0013;-0.0250;0.0000;7.6249;
307.40;0;0;0;53;21;21;21;21;21;536;139;3C2;3.2;25.1;45.0;14.5;5.5;76.3;0.1961;-0.0041;-0.1000;-0.0250;6.2863;
307.65;0;0;0;53;21;21;21;21;21;52B;139;3C2;3.2;24.6;41.5;14.5;5.5;76.3;0.1961;-0.0067;-0.1500;0.2250;5.7496;
307.90;0;0;0;53;21;21;21;21;21;525;139;3C2;3.2;24.6;41.5;14.5;5.5;76.3;0.1961;-0.0059;-0.1750;0.2500;5.7235;
308.15;0;0;0;53;21;21;21;21;21;51C;139;3C2;3.2;24.3;43.0;14.5;5.5;76.3;0.2039;-0.0050;-0.2750;0.1250;5.8899;
308.42;0;0;0;53;20;21;21;20;21;516;139;3C2;3.2;24.3;46.5;14.5;5.5;76.3;0.2235;-0.0048;-0.2500;0.0750;6.3400;
308.67;0;0;0;53;20;20;20;20;20;50D;139;3C2;3.2;24.3;67.0;14.5;5.5;76.3;0.2627;-0.0048;-0.2250;0.2250;9.0720;
308.92;0;0;0;53;20;20;20;20;20;508;139;3C2;3.2;24.1;78.5;14.4;5.5;76.3;0.2667;-0.0058;-0.1750;0.3250;10.5880;
309.17;0;0;0;53;20;20;20;20;20;509;139;3C2;3.2;24.1;87.0;14.4;5.5;76.3;0.2784;-0.0073;-0.0500;0.2000;11.7436;
309.42;0;0;0;53;20;20;20;20;20;509;139;3C2;3.2;23.7;93.5;14.4;5.5;76.3;0.2902;-0.0119;-0.0250;0.1500;12.6210;
309.67;0;0;0;53;20;20;20;20;20;50C;139;3C2;3.2;23.5;102.0;14.4;5.5;76.3;0.2941;-0.0286;0.0500;-0.2000;13.8004;
309.92;0;0;0;53;21;20;21;20;20;511;139;3C2;3.2;23.5;104.5;14.4;5.5;76.3;0.2941;-0.0377;0.0500;-0.4500;14.1933;
310.17;0;0;0;53;21;20;21;20;21;512;139;3C2;3.2;23.1;107.5;14.4;5.5;76.3;0.2941;-0.0403;0.0750;-0.2500;14.6121;
310.42;0;0;0;53;21;20;21;20;21;516;139;3C2;3.2;23.1;107.5;14.4;5.5;76.3;0.2941;-0.0468;0.1250;-0.4750;14.6571;
310.67;0;0;0;53;21;21;21;21;21;523;139;3C2;3.2;22.7;107.5;14.4;5.5;76.3;0.3020;-0.0508;0.1250;-0.6500;14.8034;
310.92;0;0;0;53;21;21;21;21;21;528;139;3C2;3.2;22.3;110.0;14.4;5.5;76.3;0.3020;-0.0508;0.1500;-0.5750;15.2053;
311.17;0;0;0;53;21;21;21;21;21;531;139;3C2;3.2;22.3;114.0;14.4;5.5;76.3;0.3098;-0.0506;0.1750;-0.5250;15.8657;
311.42;0;0;0;53;22;21;22;21;21;53C;139;3C2;3.2;22.0;116.5;14.4;5.5;76.3;0.3216;-0.0492;0.2000;-0.4500;16.3478;
311.67;0;0;0;53;22;22;22;22;22;542;139;3C2;3.2;22.0;123.0;14.4;5.5;76.3;0.3216;-0.0218;0.2000;-0.1250;17.3372;
311.92;0;0;0;53;22;22;22;22;22;549;139;3C2;3.2;21.5;124.0;14.4;5.5;76.3;0.3176;0.0023;0.2000;0.3750;17.5690;
312.17;0;0;0;53;22;22;22;22;22;557;139;3C2;3.2;21.5;119.5;14.4;5.5;76.3;0.3098;0.0243;0.2250;0.7000;17.1067;
312.42;0;0;0;53;22;23;22;23;22;561;139;3C2;3.2;21.2;118.0;14.4;5.5;76.3;0.3098;0.0352;0.2250;1.0000;17.0155;
312.67;0;0;0;53;22;23;22;23;23;569;139;3C2;3.2;21.5;117.0;14.4;5.5;76.3;0.3098;0.0525;0.1750;1.3000;16.9693;
312.92;0;0;0;53;22;23;23;23;23;56D;139;3C2;3.2;21.5;116.0;14.4;5.5;76.3;0.3059;0.0515;0.1750;1.1750;16.8729;
313.17;0;0;0;53;23;23;23;23;23;573;139;3C2;3.2;21.8;108.5;14.4;5.5;76.3;0.2824;0.0486;0.1750;1.0000;15.8501;
313.43;0;0;0;53;23;23;23;23;23;573;139;3C2;3.2;21.8;91.5;14.4;5.5;76.3;0.2549;0.0401;0.0750;0.5250;13.3667;
313.68;0;0;0;53;23;23;23;23;23;578;139;3C2;3.2;21.8;81.0;14.4;5.5;76.3;0.2627;0.0259;-0.0250;0.4750;11.8752;
313.93;0;0;0;53;23;23;23;23;23;576;139;3C2;3.2;22.2;87.0;14.4;5.5;76.3;0.2980;0.0246;-0.0500;0.6750;12.7366;
314.18;0;0;0;53;23;23;23;23;23;577;139;3C2;3.2;22.2;101.0;14.4;5.5;76.3;0.2902;0.0246;0.0000;0.5000;14.7968;
314.43;0;0;0;53;23;23;23;23;23;578;139;3C2;3.2;22.5;102.0;14.4;5.5;76.3;0.2902;0.0245;0.0250;0.4000;14.9540;
314.68;0;0;0;53;23;23;23;23;23;57E;139;3C2;3.2;22.8;101.5;14.4;5.5;76.3;0.2863;0.0198;0.0500;0.3500;14.9445;
314.93;0;0;0;53;23;23;23;23;23;57E;139;3C2;3.2;22.8;74.0;14.4;5.5;76.3;0.2549;0.0195;0.0250;0.5000;10.8955;
315.18;0;0;0;53;23;23;23;23;23;576;139;3C2;3.2;23.3;57.0;14.4;5.5;76.3;0.2196;0.0183;-0.1250;0.4000;8.3447;
315.43;0;0;0;53;23;23;23;23;23;56B;139;3C2;3.2;23.7;57.0;14.4;5.5;76.3;0.2196;0.0135;-0.2000;0.1500;8.2790;
315.68;0;0;0;53;22;22;22;22;23;561;139;3C2;3.2;23.7;53.5;14.4;5.5;76.3;0.2157;-0.0034;-0.2500;-0.0500;7.7147;
315.93;0;0;0;53;22;22;22;22;22;558;139;3C2;3.2;23.7;47.0;14.4;5.5;76.3;0.2039;-0.0122;-0.3250;-0.1500;6.7331;
316.18;0;0;0;53;22;22;22;22;22;54B;139;3C2;3.2;24.1;47.5;14.4;5.5;76.3;0.2078;-0.0165;-0.3500;-0.2250;6.7400;
316.43;0;0;0;53;22;21;22;21;22;542;139;3C2;3.2;24.1;51.5;14.4;5.5;76.3;0.2157;-0.0258;-0.3500;-0.6000;7.2591;
316.68;0;0;0;53;21;21;21;21;21;534;139;3C2;3.2;24.1;56.0;14.4;5.5;76.3;0.2314;-0.0365;-0.3500;-0.6500;7.8113;
316.93;0;0;0;53;21;21;21;21;21;52C;139;3C2;3.2;23.6;64.5;14.4;5.5;76.3;0.2392;-0.0370;-0.2500;-0.4750;8.9429;
317.18;0;0;0;53;21;21;21;21;21;525;139;3C2;3.2;23.6;73.5;14.4;5.5;76.3;0.2667;-0.0370;-0.2500;-0.5500;10.1368;
317.43;0;0;0;53;21;21;21;21;21;520;139;3C2;3.2;22.9;84.5;14.4;5.5;76.3;0.2706;-0.0366;-0.1500;-0.7000;11.6097;
317.68;0;0;0;54;21;21;21;21;21;522;139;3C2;3.2;22.7;90.5;14.4;5.5;76.3;0.2784;-0.0355;-0.0750;-0.5750;12.4530;
317.93;0;0;0;54;21;20;21;21;21;520;13B;3C2;3.2;22.7;93.0;14.4;5.5;76.3;0.2745;-0.0328;-0.0250;-0.3750;12.7775;
318.18;0;0;0;54;21;20;21;21;21;520;13B;3C2;3.2;22.1;93.5;14.4;5.5;76.3;0.2745;-0.0292;-0.0500;-0.3250;12.8462;
318.45;0;0;0;54;21;21;21;21;21;51F;13B;3C2;3.2;21.8;94.0;14.4;5.5;76.3;0.2745;-0.0034;-0.0250;-0.0500;12.9050;
318.70;0;0;0;54;21;21;21;21;21;520;13B;3C2;3.2;21.8;92.5;14.4;5.5;76.3;0.2745;0.0190;-0.0500;0.4500;12.7088;
318.95;0;0;0;54;21;21;21;21;21;51E;13B;3C2;3.2;21.7;93.5;14.4;5.5;76.3;0.2745;0.0295;-0.0250;0.5750;12.8266;
319.20;0;0;0;54;20;21;21;21;21;51C;13B;3C2;3.2;21.7;93.0;14.4;5.5;76.3;0.2706;0.0379;-0.0250;0.6750;12.7385;
319.45;0;0;0;54;20;21;20;21;21;51C;13B;3C0;3.2;21.8;93.5;14.4;5.5;76.3;0.2745;0.0430;-0.0250;0.7000;12.8070;
319.70;0;0;0;54;20;21;20;21;21;51A;13B;3C2;3.2;21.7;94.0;14.4;5.5;76.3;0.2745;0.0385;-0.0500;0.6000;12.8558;
319.95;0;0;0;54;20;21;20;21;21;51F;13B;3C2;3.2;21.7;94.0;14.4;5.5;76.3;0.2745;0.0338;-0.0250;0.2750;12.9050;
320.20;0;0;0;54;20;21;21;21;21;51E;13B;3C2;3.2;21.7;94.0;14.4;5.5;76.3;0.2745;0.0283;0.0000;0.1500;12.8952;
320.45;0;0;0;54;21;21;21;21;21;51C;13B;3C2;3.2;21.8;93.5;14.4;5.5;76.3;0.2706;-0.0037;0.0000;-0.1000;12.8070;
320.70;0;0;0;54;21;21;21;21;21;51D;13B;3C2;3.2;21.9;92.5;14.4;5.5;76.3;0.2745;-0.0100;0.0000;-0.2000;12.6797;
320.95;0;0;0;54;21;21;21;21;21;522;13B;3C0;3.2;21.9;92.5;14.4;5.5;76.3;0.2745;-0.0138;0.0000;-0.2750;12.7282;
321.20;0;0;0;54;21;21;21;21;21;521;13B;3C2;3.2;21.9;92.0;14.4;5.5;76.3;0.2706;-0.0179;-0.0250;-0.3500;12.6497;
321.45;0;0;0;54;21;21;21;21;21;521;13B;3C2;3.2;21.9;91.0;14.4;5.5;76.3;0.2667;-0.0221;0.0000;-0.2500;12.5122;
321.70;0;0;0;54;21;21;21;21;21;520;13B;3C2;3.2;21.9;89.0;14.4;5.5;76.3;0.2627;-0.0243;-0.0500;-0.3750;12.2279;
321.95;0;0;0;54;21;21;21;21;21;51B;13B;3C0;3.2;22.0;86.5;14.4;5.5;76.3;0.2627;-0.0251;-0.0750;-0.3250;11.8391;
322.20;0;0;0;54;21;20;21;20;21;51A;13B;3C0;3.2;22.0;86.5;14.4;5.5;76.3;0.2627;-0.0251;-0.0750;-0.2250;11.8301;
322.45;0;0;0;54;21;21;21;20;21;519;13B;3C0;3.2;22.2;85.5;14.4;5.5;76.3;0.2627;-0.0248;-0.0500;-0.2500;11.6844;
322.70;0;0;0;54;21;21;21;20;21;51A;13B;3C0;3.2;22.0;86.0;14.4;5.5;76.3;0.2627;-0.0246;-0.0250;-0.3250;11.7617;
322.95;0;0;0;54;21;21;20;20;21;515;13B;3C2;3.2;22.0;86.0;14.4;5.5;76.3;0.2627;-0.0243;-0.0500;-0.1000;11.7167;
323.20;0;0;0;54;21;20;21;20;21;516;13B;3C0;3.2;22.1;86.0;14.4;5.5;76.3;0.2627;-0.0243;-0.0500;-0.1000;11.7257;
323.46;0;0;0;54;20;20;21;20;21;513;13B;3C0;3.2;21.8;86.0;14.4;5.5;76.3;0.2627;-0.0237;-0.0750;-0.1250;11.6987;
323.71;0;0;0;54;21;20;21;20;20;511;13B;3C2;3.2;21.8;86.0;14.4;5.5;76.3;0.2627;-0.0226;-0.0750;-0.1750;11.6807;
323.96;0;0;0;54;21;20;20;20;20;510;13B;3C2;3.2;21.4;86.0;14.4;5.5;76.3;0.2627;-0.0198;-0.0500;0.0500;11.6716;
324.21;0;0;0;54;20;20;20;20;20;50C;13B;3C0;3.2;21.4;86.0;14.4;5.5;76.3;0.2627;-0.0160;-0.0750;0.0750;11.6356;
324.46;0;0;0;54;20;20;20;20;20;509;13B;3C0;3.2;21.4;86.0;14.4;5.5;76.3;0.2627;-0.0070;-0.1000;0.1750;11.6086;
324.71;0;0;0;54;20;20;20;20;20;509;13B;3C0;3.2;21.4;86.0;14.4;5.5;76.3;0.2627;-0.0038;-0.0500;0.3500;11.6086;
324.96;0;0;0;54;20;20;20;20;20;506;13B;3C0;3.2;21.5;85.5;14.4;5.5;76.3;0.2627;-0.0018;-0.0500;0.1750;11.5143;
325.21;0;0;0;54;20;20;20;20;20;506;13B;3C0;3.2;21.5;86.0;14.4;5.5;76.3;0.2588;-0.0016;-0.0750;0.1500;11.5816;
325.46;0;0;0;54;20;20;20;20;20;500;13B;3C0;3.2;21.4;80.5;14.4;5.5;76.3;0.2392;-0.0018;-0.0750;0.2500;10.7903;
325.71;0;0;0;54;20;20;20;20;20;4FD;13B;3C0;3.2;21.9;73.0;14.4;5.5;76.3;0.2314;-0.0037;-0.1250;0.2500;9.7621;
325.96;0;0;0;54;20;20;20;20;20;4F7;13B;3C0;3.2;21.9;68.0;14.4;5.5;76.3;0.2314;-0.0050;-0.1500;0.2750;9.0507;
326.21;0;0;0;54;20;20;20;20;20;4F3;13B;3C0;3.2;22.0;66.5;14.4;5.5;76.3;0.2314;-0.0067;-0.1500;0.2500;8.8232;
326.46;0;0;0;54;20;20;20;20;20;4F0;13B;3C0;3.2;22.1;63.0;14.4;5.5;76.3;0.2275;-0.0108;-0.1500;0.1500;8.3390;
326.71;0;0;0;54;1F;1F;20;20;20;4E9;13B;3C0;3.2;22.1;60.5;14.4;5.5;76.3;0.1451;-0.0110;-0.1250;0.0500;7.9638;
326.96;0;0;0;54;1F;1F;1F;1F;1F;4C9;13B;3C0;3.2;22.5;-17.0;14.4;5.5;76.3;0.0000;-0.0141;-0.4250;0.0750;-2.1808;
327.21;0;0;0;54;1E;1E;1E;1E;1F;4AF;13B;3C0;3.2;22.5;-27.5;14.4;5.5;76.3;0.0000;-0.0200;-0.5500;-0.1000;-3.4529;
327.46;0;0;0;54;1E;1D;1E;1D;1E;49F;13B;3C0;3.2;23.0;-30.5;14.4;5.5;76.3;0.0000;-0.0295;-0.7250;0.0500;-3.7784;
327.71;0;0;0;55;1D;1D;1D;1D;1D;48E;13B;3C0;3.2;23.4;-30.5;14.4;5.5;76.3;0.0000;-0.0343;-0.7000;-0.0750;-3.7241;
327.96;0;0;0;55;1C;1C;1C;1C;1C;46C;13B;3C0;3.2;23.4;-30.5;14.4;5.5;76.3;0.0000;-0.0407;-0.7750;-0.3750;-3.6156;
328.21;0;0;0;55;1C;1C;1C;1C;1C;45D;13B;3C0;3.2;23.7;-30.5;14.4;5.5;76.3;0.0000;-0.0478;-0.7000;-0.3500;-3.5676;
328.47;1;0;0;55;1C;1B;1C;1B;1B;3D1;13B;3C0;3.2;23.7;-30.0;14.4;5.5;76.3;0.0000;-0.0642;-0.6500;-0.4000;-3.0693;
328.72;1;0;0;55;1B;1B;1B;1A;1B;36E;13B;3C0;3.2;24.0;-2.0;14.4;5.5;76.3;0.0000;-0.0753;-0.4500;-0.5500;-0.1839;
328.97;1;0;0;55;1B;1A;1B;1A;1B;36F;13B;3C0;3.2;24.0;2.5;14.4;5.5;76.3;0.0000;-0.0761;-0.5000;-0.4500;0.2301;
329.22;1;0;0;55;1B;1A;1A;1A;1A;36A;13B;3C0;3.2;24.0;2.5;14.4;5.5;76.3;0.0000;-0.0807;-0.4250;-0.5500;0.2288;
329.47;1;0;0;55;1A;19;1A;19;1A;398;13B;3C0;3.2;23.8;-21.0;14.4;5.5;76.3;0.0000;-0.0988;-0.5000;-0.6500;-2.0232;
329.72;1;0;0;55;19;19;19;18;19;395;13B;3C0;3.2;23.8;-28.5;14.4;5.5;76.3;0.0000;-0.1033;-0.6500;-0.6000;-2.7368;
329.97;1;0;0;55;19;18;19;18;18;40D;13B;3C0;3.2;24.1;-13.5;14.4;5.5;76.3;0.0706;-0.1055;-0.7750;-0.6750;-1.4660;
330.22;1;0;0;55;18;17;18;17;17;4CE;13B;3C0;3.2;24.1;-11.0;14.4;5.5;76.3;0.0745;-0.1068;-0.8750;-0.6000;-1.4169;
330.47;1;0;0;55;17;17;17;16;17;5EF;13B;3C0;3.2;24.1;-5.0;14.4;5.5;76.3;0.0706;-0.1075;-0.8250;-0.5250;-0.7953;
330.72;1;0;0;55;17;16;17;16;17;5B7;13B;3C0;3.2;24.4;-5.0;14.4;5.5;76.3;0.0706;-0.1070;-0.2500;-0.5000;-0.7660;
330.97;0;0;0;55;17;16;17;16;17;5B5;13B;3C0;3.2;24.4;-8.5;14.4;5.5;76.3;0.0627;-0.1021;-0.2000;-0.5000;-1.3005;
331.22;0;0;0;55;17;16;17;16;16;5A4;13B;3C0;3.2;24.2;-11.5;14.4;5.5;76.3;0.0000;-0.0923;-0.2000;-0.3750;-1.7390;
331.47;0;0;0;55;16;16;16;16;16;58C;13B;3C0;3.2;23.8;-25.5;14.4;5.5;76.3;0.0000;-0.0908;-0.2750;-0.3750;-3.7919;
331.72;0;0;0;55;16;15;16;15;16;580;13B;3C0;3.2;23.8;-30.5;14.4;5.5;76.3;0.0000;-0.0938;-0.4750;-0.3250;-4.4971;
331.97;0;0;0;55;16;15;16;15;15;565;13B;3C0;3.2;23.7;-32.0;14.4;5.5;76.3;0.0000;-0.0941;-0.4500;-0.2250;-4.6278;
332.22;0;0;0;55;15;15;15;15;15;54E;13B;3C0;3.2;23.9;-32.5;14.4;5.5;76.3;0.0000;-0.0961;-0.4500;-0.7000;-4.6218;
332.47;0;0;0;55;15;14;15;14;15;531;13B;3C0;3.2;23.9;-32.0;14.4;5.5;76.3;0.0000;-0.1025;-0.4500;-0.4500;-4.4535;
332.72;0;0;0;55;14;14;14;14;14;520;13B;3C0;3.2;23.9;-32.0;14.4;5.5;76.3;0.0000;-0.1015;-0.4500;-0.3250;-4.3966;
332.97;0;0;0;55;14;14;14;14;14;509;13B;3C0;3.2;23.8;-31.5;14.4;5.5;76.3;0.0000;-0.0980;-0.3750;-0.1500;-4.2520;
333.22;0;0;0;55;14;13;14;13;14;4F5;13B;3C0;3.2;24.0;-31.5;14.4;5.5;76.3;0.0000;-0.0906;-0.4000;-0.0500;-4.1860;
333.48;0;0;0;55;13;13;13;13;13;4D8;13B;3C0;3.2;24.0;-31.0;14.4;5.5;76.3;0.0000;-0.0830;-0.4250;0.0250;-4.0254;
333.73;0;0;0;55;13;13;13;13;13;4CD;13B;3C0;3.2;24.5;-31.0;14.4;5.5;76.3;0.0000;-0.0750;-0.4000;0.2500;-3.9897;
333.98;0;0;0;55;13;12;13;12;13;4BC;13B;3C0;3.2;24.5;-31.0;14.4;5.5;76.3;0.0000;-0.0750;-0.3250;-0.0750;-3.9345;
334.23;0;0;0;55;12;12;13;12;12;4A9;13B;3C0;3.2;24.7;-30.5;14.4;5.5;76.3;0.0000;-0.0752;-0.3250;0.0000;-3.8104;
334.48;0;0;0;55;12;12;12;12;12;497;13B;3C0;3.2;24.8;-31.0;14.4;5.5;76.3;0.0000;-0.0842;-0.2750;0.1500;-3.8144;
334.73;0;0;0;55;12;12;12;12;12;48C;13B;3C0;3.2;24.8;-31.0;14.4;5.5;76.3;0.0000;-0.1136;-0.2750;-0.7000;-3.7787;
334.98;0;0;0;55;12;11;12;11;12;474;13B;3C0;3.2;25.1;-30.5;14.4;5.5;76.3;0.0000;-0.1462;-0.3250;-0.4500;-3.6411;
335.23;0;0;0;55;12;11;12;11;11;46B;13B;3C0;3.2;25.6;-30.5;14.4;5.5;76.3;0.0000;-0.1675;-0.3250;-0.4500;-3.6124;
335.48;0;0;0;55;12;11;12;11;11;459;13B;3C0;3.2;25.6;-30.5;14.4;5.5;76.3;0.0000;-0.1908;-0.2750;-0.5000;-3.5549;
335.73;0;0;0;55;11;11;11;10;11;44D;13B;3C0;3.2;25.5;-31.0;14.4;5.5;76.3;0.0000;-0.1962;-0.2500;-0.3500;-3.5742;
335.98;0;0;0;55;11;10;11;10;11;44D;13B;3C0;3.2;25.5;-31.0;14.4;5.5;76.3;0.0000;-0.1963;-0.2000;-0.8250;-3.5742;
336.23;0;0;0;55;11;10;11;10;11;43B;13B;3C0;3.2;25.5;-31.5;14.4;5.5;76.3;0.0000;-0.1963;-0.1250;0.1750;-3.5725;
336.48;0;0;0;55;11;10;11;10;11;437;13B;3C0;3.2;25.7;-31.5;14.4;5.5;76.3;0.0000;-0.1942;-0.1750;-0.0250;-3.5593;
336.73;0;0;0;55;11;10;10;10;10;432;13B;3C0;3.2;25.7;-31.5;14.4;5.5;76.3;0.0000;-0.1914;-0.1500;-1.0500;-3.5428;
336.98;0;0;0;55;11;10;11;10;10;412;13B;3C0;3.2;25.7;-31.0;14.4;5.5;76.3;0.0000;-0.1870;-0.2750;-0.2000;-3.3827;
337.23;0;0;0;55;10;10;10;10;10;41C;13B;3C0;3.2;25.5;-31.5;14.4;5.5;76.3;0.0000;-0.1832;-0.1750;-0.2500;-3.4702;
337.48;0;0;0;55;10;10;10;10;10;40B;13B;3C0;3.2;25.5;-17.0;14.4;5.5;76.3;0.1412;-0.1442;-0.1250;-0.3750;-1.8425;
337.73;0;0;0;55;10;10;10;10;10;421;13B;3C0;3.2;25.5;8.5;14.4;5.5;76.3;0.1608;-0.1127;0.0750;0.0000;0.9409;
337.98;0;0;0;55;11;10;11;10;10;43E;13B;3C0;3.2;25.5;18.5;14.4;5.5;76.3;0.1608;-0.0748;0.2000;0.2000;2.1039;
338.23;0;0;0;55;11;11;11;11;11;447;13B;3C0;3.2;25.0;24.0;14.4;5.5;76.3;0.1647;-0.0373;0.4250;0.3500;2.7520;
338.50;0;0;0;55;11;11;11;11;11;441;13B;3C0;3.2;25.0;-6.5;14.4;5.5;76.3;0.0000;0.0412;0.4250;0.6500;-0.7413;
338.75;0;0;0;55;11;12;11;11;11;459;13B;3C0;3.2;25.2;-26.5;14.4;5.5;76.3;0.0000;0.0850;0.1000;1.0250;-3.0887;
339.00;0;0;0;55;11;11;11;12;11;45E;13B;3C0;3.2;25.2;-30.5;14.4;5.5;76.3;0.0000;0.1328;-0.0500;1.2250;-3.5708;
339.25;0;0;0;55;10;11;10;11;11;45B;13B;3C0;3.2;25.4;-20.5;14.4;5.5;76.3;0.1137;0.1902;-0.1500;1.7250;-2.3936;
339.50;0;0;0;55;11;12;10;12;11;45B;13B;3C0;3.2;26.2;-8.0;14.4;5.5;76.3;0.1216;0.2115;-0.0500;1.6750;-0.9341;
339.75;0;0;0;55;10;12;11;12;11;45E;13B;3C0;3.2;26.2;2.5;14.4;5.5;76.3;0.1216;0.2469;0.0250;1.8500;0.2927;
340.00;0;0;0;55;11;12;10;12;11;461;13B;3C0;3.2;27.2;5.0;14.4;5.5;76.3;0.1216;0.2653;0.0000;1.8750;0.5870;
340.25;0;0;0;55;11;12;10;12;11;457;13B;3C0;3.2;27.9;6.5;14.4;5.5;76.3;0.1255;0.3075;0.1250;2.3500;0.7562;
340.50;0;0;0;55;11;13;10;12;12;471;13B;3C0;3.2;27.9;6.5;14.4;5.5;76.3;0.1255;0.3283;0.1000;2.4500;0.7739;
340.75;0;0;0;55;11;13;10;12;12;476;13C;3C0;3.2;29.1;11.5;14.4;5.5;76.3;0.1412;0.3286;0.0250;2.1500;1.3753;
341.00;0;0;0;55;11;13;10;12;12;46C;13C;3C0;3.2;29.1;16.0;14.4;5.5;76.3;0.1529;0.3286;0.0000;2.1500;1.8967;
341.25;0;0;0;55;11;13;10;12;12;46F;13C;3C0;3.2;30.1;28.0;14.4;5.5;76.3;0.2039;0.3284;-0.0500;2.1250;3.3280;
341.50;0;0;0;55;11;12;10;12;12;46E;13C;3C0;3.2;30.1;39.5;14.4;5.5;76.3;0.2196;0.3250;-0.0250;2.1500;4.6907;
341.75;0;0;0;55;11;13;11;12;12;479;13C;3C0;3.2;30.7;55.0;14.4;5.5;76.3;0.2314;0.3183;0.0750;2.0250;6.5947;
342.00;0;0;0;55;11;13;11;13;12;484;13C;3C0;3.2;30.7;61.0;14.4;5.5;76.3;0.2314;0.3163;0.1250;2.0000;7.3844;
342.25;0;0;0;55;11;13;11;13;12;491;13C;3C0;3.2;31.5;65.0;14.4;5.5;76.3;0.2314;0.3114;0.1750;2.2500;7.9571;
342.50;0;0;0;54;11;13;11;13;12;496;13C;3C0;3.2;32.4;67.0;14.4;5.5;76.3;0.2314;0.2987;0.1250;2.1000;8.2370;
342.75;0;0;0;54;12;13;11;13;12;4A0;13C;3C0;3.2;32.4;68.0;14.4;5.5;76.3;0.2314;0.2826;0.0500;1.8500;8.4312;
343.00;0;0;0;54;12;13;11;13;12;4A8;13C;3C0;3.2;32.6;67.0;14.4;5.5;76.3;0.2314;0.2677;0.0750;1.8000;8.3633;
343.25;0;0;0;54;12;13;12;13;12;4A9;13C;3C0;3.2;32.5;64.0;14.4;5.5;76.3;0.2235;0.2568;0.0500;1.7500;7.9956;
343.51;0;0;0;54;12;13;12;13;12;49C;13C;3C0;3.2;32.5;60.0;14.4;5.5;76.3;0.2157;0.2568;0.0000;1.7250;7.4142;
343.76;0;0;0;54;12;13;11;13;12;497;13C;3C0;3.2;32.1;60.0;14.4;5.5;76.3;0.2353;0.2626;-0.1000;1.7500;7.3827;
344.01;0;0;0;54;11;13;11;13;12;496;13C;3C0;3.2;32.1;65.5;14.4;5.5;76.3;0.2471;0.2708;-0.1250;1.8000;8.0526;
344.26;0;0;0;54;11;13;11;13;12;497;13C;3C0;3.2;31.8;79.5;14.4;5.5;76.3;0.2745;0.3191;-0.1000;2.1000;9.7821;
344.51;0;0;0;54;11;13;11;13;12;4A1;13C;3C0;3.2;31.4;87.5;14.4;5.5;76.3;0.2745;0.3283;0.0000;2.4000;10.8581;
344.76;0;0;0;54;12;13;11;13;12;4AF;13C;3C0;3.2;31.4;92.0;14.4;5.5;76.3;0.2667;0.3283;0.1500;2.0750;11.5514;
345.01;0;0;0;54;12;14;12;14;13;4B9;13C;3C0;3.2;30.8;89.5;14.4;5.5;76.3;0.2549;0.3391;0.2000;2.5250;11.3313;
345.26;0;0;0;54;12;14;12;14;13;4C8;13C;3C0;3.2;30.8;77.5;14.4;5.5;76.3;0.2431;0.3549;0.1500;1.8250;9.9337;
345.51;0;0;0;54;12;14;12;14;13;4C3;13C;3C0;3.2;30.5;78.0;14.4;5.5;76.3;0.2471;0.3543;0.0750;2.3000;9.9570;
345.76;0;0;0;54;12;14;12;14;13;4D6;13C;3C0;3.2;30.5;78.0;14.4;5.5;76.3;0.2549;0.3440;0.1500;1.9750;10.1122;
346.01;0;0;0;55;13;15;12;14;13;4E4;13C;3C0;3.2;30.4;80.5;14.4;5.5;76.3;0.2588;0.3259;0.1750;2.0500;10.5543;
346.26;0;0;0;55;13;15;13;15;14;4F5;13C;3C0;3.2;30.3;83.0;14.4;5.5;76.3;0.2588;0.3183;0.2000;2.0750;11.0298;
346.51;0;0;0;55;13;15;13;15;14;503;13C;3C0;3.2;30.3;83.5;14.4;5.5;76.3;0.2588;0.3148;0.2250;2.0750;11.2187;
346.76;0;0;0;55;13;15;13;15;14;51F;13C;3C0;3.2;30.0;83.0;14.4;5.5;76.3;0.2549;0.2936;0.3250;1.7500;11.3949;
347.01;0;0;0;55;14;16;14;15;15;52D;13C;3C0;3.2;30.0;81.0;14.4;5.5;76.3;0.2471;0.2672;0.3500;1.5500;11.2390;
347.26;0;0;0;55;14;16;14;16;15;546;13C;3C0;3.2;30.1;75.5;14.4;5.5;76.3;0.2431;0.2392;0.2750;1.6250;10.6736;
347.51;0;0;0;55;14;16;14;16;15;54F;13C;3C0;3.2;29.9;73.0;14.4;5.5;76.3;0.2392;0.2140;0.2750;1.4000;10.3889;
347.76;0;0;0;55;15;16;15;16;15;55E;13C;3C0;3.2;29.9;72.5;14.4;5.5;76.3;0.2431;0.1634;0.2250;0.4750;10.4317;
348.01;0;0;0;55;15;16;15;16;15;566;13C;3C0;3.2;29.6;71.5;14.4;5.5;76.3;0.2431;0.0966;0.1750;-0.0250;10.3477;
348.26;0;0;0;55;15;15;15;16;15;566;13C;3C0;3.2;28.9;71.5;14.4;5.5;76.3;0.2431;0.0081;0.1250;-0.2750;10.3477;
348.52;0;0;0;55;15;15;15;15;15;55F;13C;3C0;3.2;28.9;73.0;14.4;5.5;76.3;0.2471;-0.0565;0.0000;-1.3750;10.5112;
348.77;0;0;0;55;15;15;16;15;15;55D;13C;3C0;3.2;27.8;74.0;14.4;5.5;76.3;0.2510;-0.1141;-0.1000;-1.5000;10.6397;
349.02;0;0;0;55;16;15;16;15;15;55B;13C;3C0;3.2;26.3;78.0;14.4;5.5;76.3;0.2667;-0.1634;-0.0500;-1.8750;11.1985;
349.27;0;0;0;55;16;14;16;15;15;55A;13C;3C0;3.2;26.3;88.0;14.4;5.5;76.3;0.2824;-0.2187;-0.0750;-2.3750;12.6250;
349.52;0;0;0;55;16;15;16;15;15;565;13C;3C0;3.2;26.3;93.5;14.4;5.5;76.3;0.2941;-0.2202;0.0750;-1.9500;13.5218;
349.77;0;0;0;55;16;15;16;15;16;598;13C;3C0;3.2;24.8;101.5;14.4;5.5;76.3;0.3137;-0.2108;0.2750;-0.5000;15.2208;
350.02;0;0;0;55;17;16;17;16;16;598;13C;3C0;3.2;23.2;123.0;14.4;5.5;76.3;0.3569;-0.2001;0.4250;-1.9250;18.4449;
350.27;0;0;0;55;18;16;17;16;17;5C9;13C;3C0;3.2;23.2;140.0;14.4;5.5;76.3;0.3569;-0.1708;0.5250;-1.4750;21.7126;
350.52;0;0;0;55;18;17;18;17;18;5ED;13C;3C0;3.2;21.6;145.0;14.4;5.5;76.3;0.3608;-0.1438;0.7500;-1.0250;23.0347;
350.77;0;0;0;55;19;18;19;18;18;625;13C;3C0;3.2;21.6;150.0;14.4;5.5;76.3;0.3647;-0.1081;0.7750;-0.5500;24.7086;
351.02;0;0;0;55;19;19;19;19;19;64B;13C;3C0;3.2;20.2;152.0;14.4;5.5;76.3;0.3686;-0.0815;0.8250;-0.4000;25.6429;
351.27;0;0;0;55;1A;1A;1A;1A;1A;689;13C;3C0;3.2;18.9;152.5;14.4;5.5;76.3;0.3686;-0.0152;0.8250;0.0500;26.7174;
351.52;0;0;0;55;1B;1B;1B;1B;1B;6B0;13C;3C0;3.2;18.9;153.5;14.4;5.5;76.3;0.3686;0.0007;0.9000;0.2750;27.5195;
351.77;0;0;0;55;1C;1C;1C;1C;1C;6F9;13C;3C0;3.2;18.0;152.0;14.4;5.5;76.3;0.3686;0.0058;0.9000;0.3250;28.4126;
352.02;0;0;0;55;1D;1D;1D;1D;1D;720;13C;3C0;3.2;17.4;152.5;14.4;5.5;76.3;0.3725;0.0053;0.9250;0.2500;29.1288;
352.27;0;0;0;55;1D;1D;1D;1D;1D;76B;13C;3C0;3.2;17.4;152.0;14.4;5.5;76.3;0.3765;-0.0158;0.9250;-0.2500;30.2271;
352.52;0;0;0;55;1E;1E;1F;1E;1E;793;13C;3C0;3.2;16.8;153.5;14.4;5.5;76.3;0.3765;-0.0237;0.9250;-0.0250;31.1684;
352.77;0;0;0;55;1F;1F;1F;1F;1F;7D7;13C;3C0;3.2;16.8;153.0;14.4;5.5;76.3;0.3765;-0.0262;0.9000;-0.2750;32.1564;
353.02;0;0;0;55;20;20;20;20;20;809;13C;3C0;3.2;16.7;151.5;14.4;5.5;76.3;0.3765;-0.0263;0.9750;-0.1500;32.6344;
353.27;1;0;0;55;20;20;20;20;20;7C9;13C;3C0;3.2;17.0;-40.0;14.4;5.5;76.3;0.0000;-0.0259;0.6000;-0.1750;-8.3483;
353.54;1;0;0;55;1F;1F;1F;1F;1F;6CB;13C;3C0;3.2;17.0;-32.0;14.4;5.5;76.3;0.0000;-0.0259;-0.4500;-0.2250;-5.8274;
353.79;1;0;0;55;1F;1F;1F;1E;1F;61D;13C;3C0;3.2;17.0;3.5;14.4;5.5;76.3;0.1961;-0.0258;-0.7250;-0.1250;0.5736;
354.04;1;0;0;55;1F;1F;1F;1F;1F;4A2;13C;3C0;3.2;18.0;183.0;14.4;5.5;76.3;0.4314;-0.0255;-0.2000;-0.1000;22.7282;
354.29;0;0;0;55;1F;1F;1F;1F;1F;4D8;13C;3C0;3.2;18.6;195.5;14.4;5.5;76.3;0.4863;-0.0248;0.1500;-0.0250;25.3862;
354.54;0;0;0;55;20;20;20;20;20;4F7;13C;3C0;3.2;18.6;211.0;14.4;5.5;76.3;0.4941;-0.0208;0.4250;-0.0250;28.0838;
354.79;0;0;0;55;20;20;20;20;20;507;13C;3C0;3.2;18.7;216.5;14.4;5.5;76.3;0.4863;-0.0168;0.4750;0.1500;29.1786;
355.04;0;0;0;55;21;21;21;21;21;523;13C;3C0;3.2;19.2;230.5;14.4;5.5;76.3;0.4824;-0.0168;0.5500;0.0000;31.7413;
355.29;0;0;0;55;21;21;21;21;21;541;13C;3C0;3.2;19.2;238.5;14.4;5.5;76.3;0.4824;-0.0173;0.6750;0.0000;33.5923;
355.54;0;0;0;55;22;22;22;22;22;55C;13C;3C0;3.2;19.2;238.0;14.4;5.5;76.3;0.4784;-0.0170;0.7750;-0.0250;34.1948;
355.79;0;0;0;55;23;23;23;23;23;576;13C;3C0;3.2;19.2;237.0;14.4;5.5;76.3;0.4784;-0.0156;0.8000;-0.0750;34.6964;
356.04;0;0;0;55;24;24;24;24;24;5A5;13C;3C0;3.2;19.3;235.0;14.4;5.5;76.3;0.4784;-0.0123;0.8750;0.1500;35.5602;
356.29;0;0;0;55;25;25;25;25;25;5C0;13C;3C0;3.2;18.9;234.0;14.4;5.5;76.3;0.4784;-0.0075;0.8750;0.1500;36.0705;
356.54;0;0;0;55;26;26;26;26;26;5E7;13C;3C0;3.2;18.9;232.0;14.4;5.5;76.3;0.4745;-0.0071;0.9750;0.2500;36.7097;
356.79;0;0;0;56;27;27;27;27;27;606;13C;3C0;3.2;19.3;232.0;14.4;5.5;76.3;0.4745;-0.0059;0.9000;0.2250;37.4629;
357.04;0;0;0;56;28;27;28;28;28;62C;13C;3C0;3.2;19.5;230.5;14.4;5.5;76.3;0.4745;-0.0037;0.9000;0.4250;38.1379;
357.29;0;0;0;56;28;28;28;28;28;64E;13C;3C0;3.2;19.5;229.5;14.4;5.5;76.3;0.4745;-0.0015;0.9750;0.4000;38.7896;
357.54;0;0;0;56;2A;29;29;29;29;678;13C;3C0;3.2;19.5;228.0;14.4;5.5;76.3;0.4745;-0.0015;1.0250;0.4000;39.5388;
357.79;0;0;0;56;2A;2A;2A;2A;2A;696;13C;3C0;3.2;19.5;227.0;14.4;5.5;76.3;0.4745;-0.0018;0.9250;0.4000;40.0786;
358.04;0;0;0;56;2B;2B;2B;2B;2B;6BD;13C;3C0;3.2;19.1;226.5;14.4;5.5;76.3;0.4745;-0.0041;0.9750;0.2750;40.9153;
358.29;0;0;0;56;2C;2C;2C;2C;2C;6DE;13C;3C0;3.2;19.1;224.0;14.4;5.5;76.3;0.4706;-0.0063;0.9250;0.2500;41.2378;
358.55;0;0;0;56;2D;2D;2D;2D;2D;706;13C;3C0;3.2;18.9;221.0;14.4;5.5;76.3;0.4667;-0.0092;0.9000;0.1500;41.6112;
358.80;0;0;0;56;2E;2E;2E;2E;2E;6F4;13C;3C0;3.2;18.9;115.0;14.4;5.5;76.3;0.1059;-0.0131;0.9000;0.0750;21.4361;
359.05;1;0;0;56;2D;2D;2D;2D;2D;68A;13C;3C0;3.2;19.1;-30.0;14.4;5.5;76.3;0.0000;-0.0165;0.0000;0.0750;-5.2590;
359.30;1;0;0;56;2D;2D;2D;2D;2D;5D6;13C;3C0;3.2;19.5;-30.0;14.4;5.5;76.3;0.0000;-0.0119;-0.3500;-0.0500;-4.6935;
359.55;1;0;0;56;2C;2D;2C;2C;2C;49E;13C;3C0;3.2;19.5;149.0;14.4;5.5;76.3;0.3412;-0.0093;-0.5000;0.0500;18.4430;
359.80;0;0;0;56;2C;2C;2C;2C;2C;4D9;13D;3C0;3.2;20.5;184.0;14.4;5.5;76.3;0.4941;-0.0092;-0.2250;0.2750;23.9121;
360.05;0;0;0;56;2D;2D;2D;2D;2D;4F2;13D;3C0;3.2;20.4;215.0;14.4;5.5;76.3;0.4902;-0.0100;0.1250;0.1000;28.5037;
360.30;0;0;0;56;2D;2D;2D;2D;2D;4FD;13D;3C0;3.2;20.4;223.0;14.4;5.5;76.3;0.4824;-0.0108;0.3250;0.0000;29.8211;
360.55;0;0;0;56;2E;2E;2E;2E;2E;519;13D;3C0;3.2;20.8;228.5;14.4;5.5;76.3;0.4510;-0.0131;0.4000;0.0500;31.2266;
360.80;0;0;0;56;2E;2E;2E;2E;2E;51C;13D;3C0;3.2;20.8;210.0;14.4;5.5;76.3;0.4275;-0.0144;0.4750;0.0000;28.7644;
361.05;0;0;0;56;2F;2E;2E;2E;2F;523;13D;3C0;3.2;20.8;178.0;14.4;5.5;76.3;0.3765;-0.0163;0.4500;0.0000;24.5118;
361.30;0;0;0;56;2F;2F;2F;2F;2F;529;13D;3C0;3.2;20.7;157.5;14.4;5.5;76.3;0.3490;-0.0188;0.3750;-0.1250;21.7877;
361.55;0;0;0;57;2F;2F;2F;2F;2F;536;13D;3C0;3.2;20.7;141.0;14.4;5.5;76.3;0.3412;-0.0200;0.2250;-0.3750;19.6972;
361.80;0;0;0;57;2F;2F;2F;2F;2F;53B;13D;3C0;3.2;21.2;140.0;14.4;5.5;76.3;0.3412;-0.0200;0.2000;-0.2750;19.6308;
362.05;0;0;0;57;2F;2F;2F;2F;2F;539;13D;3C0;3.2;21.2;135.0;14.4;5.5;76.3;0.3255;-0.0196;0.1500;-0.2500;18.9014;
362.30;0;0;0;57;2F;2F;30;2F;2F;53F;13D;3C0;3.2;20.9;121.5;14.4;5.5;76.3;0.3020;-0.0177;0.1500;-0.3250;17.0876;
362.55;0;0;0;57;2F;2F;30;2F;30;540;13D;3C0;3.2;20.9;100.5;14.4;5.5;76.3;0.2824;-0.0147;0.1000;-0.1500;14.1447;
362.80;0;0;0;57;30;30;30;30;30;546;13D;3C0;3.2;21.1;96.5;14.4;5.5;76.3;0.2784;-0.0115;0.0250;-0.0250;13.6424;
363.05;0;0;0;57;30;30;30;30;30;545;13D;3C0;3.2;21.3;94.0;14.4;5.5;76.3;0.2745;-0.0020;0.0250;0.0000;13.2791;
363.30;0;0;0;57;30;30;30;30;30;545;13D;3C0;3.2;21.3;94.0;14.4;5.5;76.3;0.2745;0.0028;0.0500;0.1250;13.2791;
363.56;0;0;0;57;30;30;30;30;30;545;13D;3C0;3.2;21.2;92.5;14.4;5.5;76.3;0.2667;0.0043;0.0000;0.1250;13.0672;
363.81;0;0;0;57;30;30;30;30;30;542;13D;3C0;3.2;21.0;82.0;14.4;5.5;76.3;0.2431;0.0043;-0.0750;-0.0500;11.5581;
364.06;0;0;0;57;2F;2F;2F;2F;30;52B;13D;3C0;3.2;21.0;11.0;14.4;5.5;76.3;0.0000;0.0050;-0.1000;-0.0500;1.5240;
364.31;0;0;0;57;2F;2F;2F;2F;2F;525;13D;3C0;3.2;21.4;-16.0;14.4;5.5;76.3;0.0000;0.0051;-0.4250;-0.0250;-2.2067;
364.56;0;0;0;57;2E;2E;2E;2E;2E;517;13D;3C0;3.2;21.4;-30.5;14.4;5.5;76.3;0.0000;0.0058;-0.5250;-0.0750;-4.1617;
364.81;0;0;0;57;2D;2E;2E;2E;2E;513;13D;3C0;3.2;21.7;-31.0;14.4;5.5;76.3;0.0000;0.0092;-0.6750;0.0000;-4.2170;
365.06;0;0;0;57;2D;2D;2D;2D;2D;501;13D;3C0;3.2;22.3;-31.0;14.4;5.5;76.3;0.0000;0.0041;-0.6750;0.0000;-4.1585;
365.31;0;0;0;57;2C;2C;2C;2C;2D;4F5;13D;3C0;3.2;22.3;-31.0;14.4;5.5;76.3;0.0000;0.0001;-0.7000;-0.2250;-4.1196;
365.56;0;0;0;57;2C;2C;2C;2C;2C;4E2;13D;3C0;3.2;22.9;-31.0;14.4;5.5;76.3;0.0000;-0.0011;-0.6500;-0.2250;-4.0579;
365.81;0;0;0;57;2B;2B;2B;2C;2C;4D2;13D;3C0;3.2;22.9;-31.0;14.4;5.5;76.3;0.0000;-0.0015;-0.6000;-0.2750;-4.0059;
366.06;0;0;0;57;2B;2B;2B;2B;2B;4C1;13D;3C0;3.2;22.9;-30.5;14.4;5.5;76.3;0.0000;-0.0013;-0.5750;-0.2750;-3.8870;
366.31;0;0;0;57;2A;2A;2A;2A;2B;4B4;13D;3C0;3.2;22.9;-30.5;14.4;5.5;76.3;0.0000;-0.0010;-0.6000;-0.2000;-3.8455;
366.56;0;0;0;57;2A;2A;2A;2A;2A;4A2;13D;3C0;3.2;23.4;-30.5;14.4;5.5;76.3;0.0000;-0.0011;-0.6000;-0.1750;-3.7880;
366.81;0;0;0;57;29;29;29;29;29;497;13D;3C0;3.2;23.9;-30.5;14.4;5.5;76.3;0.0000;-0.0025;-0.5750;-0.2500;-3.7529;
367.06;0;0;0;57;29;29;29;29;29;484;13D;3C0;3.2;23.9;-30.5;14.4;5.5;76.3;0.0000;-0.0032;-0.5750;-0.2250;-3.6922;
367.31;0;0;0;57;28;28;29;28;28;47B;13D;3C0;3.2;24.1;-30.5;14.4;5.5;76.3;0.0000;-0.0028;-0.5500;-0.2500;-3.6635;
367.56;0;0;0;57;28;28;28;28;28;469;13D;3C0;3.2;24.1;-30.0;14.4;5.5;76.3;0.0000;-0.0018;-0.5500;-0.2750;-3.5469;
367.81;0;0;0;57;27;27;27;27;27;45D;13D;3C0;3.2;24.3;-30.0;14.4;5.5;76.3;0.0000;-0.0008;-0.5750;-0.2000;-3.5092;
368.06;0;0;0;57;27;26;27;27;27;44D;13D;3C0;3.2;24.4;-30.0;14.4;5.5;76.3;0.0000;0.0023;-0.5250;-0.1750;-3.4589;
368.31;0;0;0;57;26;26;26;26;26;442;13D;3C0;3.2;24.4;-30.5;14.4;5.5;76.3;0.0000;0.0025;-0.5500;-0.2500;-3.4814;
368.58;0;0;0;58;26;26;26;26;26;434;13D;3C0;3.2;24.5;-30.5;14.4;5.5;76.3;0.0000;0.0028;-0.5500;-0.1750;-3.4367;
368.83;1;0;0;58;25;25;25;25;25;402;13D;3C0;3.2;24.5;-30.0;14.4;5.5;76.3;0.0000;0.0029;-0.5250;-0.2000;-3.2233;
369.08;1;0;0;58;25;25;25;25;25;367;13D;3C0;3.2;24.5;0.0;14.4;5.5;76.3;0.0000;0.0029;-0.4500;-0.2750;0.0000;
369.33;1;0;0;58;25;25;25;25;25;36A;13D;3C0;3.2;24.2;3.5;14.4;5.5;76.3;0.0000;0.0059;-0.3500;-0.0250;0.3203;
369.58;1;0;0;58;24;25;24;24;25;384;13D;3C0;3.2;24.2;0.0;14.4;5.5;76.3;0.0000;0.0076;-0.3500;0.0000;0.0000;
369.83;1;0;0;58;24;24;24;24;24;40A;13D;3C0;3.2;24.1;-31.5;14.4;5.5;76.3;0.0000;0.0076;-0.5500;-0.0250;-3.4108;
370.08;1;0;0;58;23;23;23;23;24;4BA;13D;3C0;3.2;24.4;-32.5;14.4;5.5;76.3;0.0000;0.0073;-0.6750;-0.1750;-4.1181;
370.33;1;0;0;58;22;23;22;22;23;55C;13D;3C0;3.2;24.4;-34.0;14.4;5.5;76.3;0.0000;0.0070;-0.8000;-0.1000;-4.8850;
370.58;1;0;0;58;22;22;22;22;22;55B;13D;3C0;3.2;24.4;-33.5;14.4;5.5;76.3;0.0000;0.0068;-0.6500;-0.2250;-4.8096;
370.83;0;0;0;58;22;22;21;22;22;548;13D;3C0;3.2;24.7;-33.0;14.4;5.5;76.3;0.0000;0.0071;-0.5000;-0.1250;-4.6722;
371.08;0;0;0;58;21;21;21;21;21;531;13D;3C0;3.2;24.4;-32.5;14.4;5.5;76.3;0.0000;0.0113;-0.5000;-0.0750;-4.5231;
371.33;0;0;0;58;21;21;21;21;21;522;13D;3C0;3.2;24.4;-32.0;14.4;5.5;76.3;0.0000;0.0093;-0.5000;-0.1500;-4.4033;
371.58;0;0;0;58;20;20;20;20;20;50C;13D;3C0;3.2;24.6;-31.5;14.4;5.5;76.3;0.0000;0.0033;-0.5000;-0.3500;-4.2619;
371.83;0;0;0;58;20;20;20;20;20;4FF;13D;3C0;3.2;25.0;-31.5;14.4;5.5;76.3;0.0000;-0.0043;-0.4750;-0.5750;-4.2190;
372.08;0;0;0;58;20;20;20;1F;20;4E9;13D;3C0;3.2;25.0;-31.0;14.4;5.5;76.3;0.0000;-0.0204;-0.5250;-0.5750;-4.0806;
372.33;0;0;0;58;1F;1F;1F;1F;1F;4DB;13D;3C0;3.2;24.7;-31.0;14.4;5.5;76.3;0.0000;-0.0228;-0.5000;-0.5000;-4.0352;
372.58;0;0;0;58;1F;1F;1E;1E;1F;4C7;13D;3C0;3.2;24.7;-30.5;14.4;5.5;76.3;0.0000;-0.0230;-0.5000;-0.5750;-3.9062;
372.83;0;0;0;58;1E;1E;1E;1E;1E;4BA;13D;3C0;3.2;24.5;-30.5;14.4;5.5;76.3;0.0000;-0.0226;-0.5500;-0.5250;-3.8647;
373.08;0;0;0;58;1E;1E;1E;1E;1E;4A0;13D;3C0;3.2;24.4;-30.5;14.4;5.5;76.3;0.0392;-0.0119;-0.5250;-0.3250;-3.7816;
373.33;0;0;0;58;1D;1D;1D;1D;1D;49C;13D;3C0;3.2;24.4;-8.5;14.4;5.5;76.3;0.1216;-0.0075;-0.4750;-0.3500;-1.0503;
373.59;0;0;0;58;1D;1D;1D;1D;1D;48C;13D;3C0;3.2;24.6;0.0;14.4;5.5;76.3;0.1255;-0.0048;-0.3500;-0.3250;0.0000;
373.84;0;0;0;58;1D;1D;1D;1D;1D;48C;13D;3C0;3.2;24.4;6.5;14.4;5.5;76.3;0.1255;-0.0038;-0.2250;-0.3250;0.7923;
374.09;0;0;0;58;1D;1D;1D;1D;1D;485;13D;3C0;3.2;24.4;8.0;14.4;5.5;76.3;0.1216;-0.0003;-0.1500;-0.1500;0.9693;
374.34;0;0;0;58;1D;1D;1D;1D;1D;469;13D;3C0;3.2;24.0;-15.5;14.4;5.5;76.3;0.0000;0.0025;-0.1000;-0.2000;-1.8325;
374.59;0;0;0;58;1C;1C;1C;1C;1D;471;13D;3C0;3.2;24.0;-27.5;14.4;5.5;76.3;0.0157;0.0043;-0.2250;-0.1750;-3.2743;
374.84;0;0;0;58;1C;1C;1C;1C;1C;46F;13D;3C0;3.2;24.0;-12.5;14.4;5.5;76.3;0.0902;0.0073;-0.2750;-0.2000;-1.4857;
375.09;0;0;0;58;1C;1C;1C;1C;1C;467;13D;3C0;3.2;24.0;-8.5;14.4;5.5;76.3;0.0000;0.0118;-0.2250;-0.1000;-1.0032;
375.34;0;0;0;58;1C;1C;1C;1C;1C;45C;13D;3C0;3.2;23.9;-16.5;14.4;5.5;76.3;0.0000;0.0123;-0.2000;-0.1250;-1.9283;
375.59;0;0;0;58;1C;1C;1C;1C;1C;452;13D;3C0;3.2;23.9;-22.0;14.4;5.5;76.3;0.0706;0.0115;-0.2500;-0.0500;-2.5480;
375.84;0;0;0;58;1B;1B;1B;1B;1B;44E;13D;3C0;3.2;23.7;-2.5;14.4;5.5;76.3;0.1412;0.0092;-0.2250;-0.2250;-0.2885;
376.09;0;0;0;57;1C;1B;1B;1B;1B;44F;13D;3C0;3.2;23.9;7.0;14.4;5.5;76.3;0.1451;0.0064;-0.1750;-0.0500;0.8085;
376.34;0;0;0;57;1B;1B;1B;1B;1B;44E;13D;3C0;3.2;23.9;17.0;14.4;5.5;76.3;0.1608;0.0018;-0.0750;-0.2250;1.9618;
376.59;0;0;0;57;1C;1B;1B;1B;1B;44B;13D;3C0;3.2;23.8;23.5;14.4;5.5;76.3;0.1686;0.0003;-0.0500;-0.1750;2.7045;
376.84;0;0;0;57;1B;1B;1B;1B;1B;449;13D;3C0;3.2;23.8;27.5;14.4;5.5;76.3;0.1608;-0.0003;0.0500;-0.4000;3.1591;
377.09;0;0;0;57;1B;1B;1B;1B;1B;44C;13D;3C0;3.2;23.8;27.0;14.4;5.5;76.3;0.1608;-0.0053;0.0500;-0.2250;3.1102;
377.34;0;0;0;57;1C;1B;1C;1B;1C;44F;13D;3C0;3.2;23.9;26.0;14.4;5.5;76.3;0.1608;-0.0068;0.0750;-0.3500;3.0032;
377.59;0;0;0;57;1C;1C;1C;1C;1C;455;13D;3C0;3.2;23.9;25.0;14.4;5.5;76.3;0.1608;-0.0093;0.0500;-0.2500;2.9034;
377.84;0;0;0;57;1C;1C;1C;1C;1C;457;13D;3C0;3.2;23.5;24.0;14.4;5.5;76.3;0.1608;-0.0100;0.0500;-0.3750;2.7922;
378.09;0;0;0;57;1C;1C;1C;1C;1C;457;13D;3C0;3.2;23.5;23.5;14.4;5.5;76.3;0.1569;-0.0098;0.0500;-0.2750;2.7341;
378.34;0;0;0;57;1C;1C;1C;1C;1C;459;13D;3C0;3.2;23.5;24.0;14.4;5.5;76.3;0.1569;-0.0092;0.0500;-0.4000;2.7973;
378.62;0;0;0;57;1C;1C;1C;1C;1C;45D;13D;3C0;3.2;23.5;23.5;14.4;5.5;76.3;0.1608;-0.0085;0.0750;-0.1750;2.7488;
378.87;0;0;0;57;1C;1C;1C;1C;1C;462;13D;3C0;3.2;23.5;24.0;14.4;5.5;76.3;0.1569;-0.0064;0.0750;-0.3250;2.8199;
379.12;0;0;0;57;1C;1C;1C;1C;1C;469;13D;3C0;3.2;23.1;24.0;14.4;5.5;76.3;0.1569;-0.0062;0.0750;-0.2750;2.8375;
379.37;0;0;0;57;1C;1C;1C;1C;1C;469;13D;3C0;3.2;23.1;24.0;14.4;5.5;76.3;0.1569;-0.0062;0.1000;-0.3250;2.8375;
379.62;0;0;0;57;1C;1C;1C;1C;1C;46F;13D;3C0;3.2;23.1;23.5;14.4;5.5;76.3;0.1608;-0.0059;0.1000;-0.4250;2.7931;
379.87;0;0;0;57;1C;1C;1C;1C;1C;476;13D;3C0;3.2;23.1;23.5;14.4;5.5;76.3;0.1569;-0.0048;0.1250;-0.2000;2.8104;
380.12;0;0;0;57;1D;1D;1D;1D;1D;47A;13D;3C0;3.2;23.1;23.5;14.4;5.5;76.3;0.1569;-0.0038;0.1250;-0.3250;2.8202;
380.37;0;0;0;57;1D;1D;1D;1D;1D;482;13D;3C0;3.2;22.7;23.5;14.4;5.5;76.3;0.1569;-0.0008;0.1000;-0.2250;2.8399;
380.62;0;0;0;57;1D;1D;1D;1D;1D;484;13D;3C0;3.2;22.7;23.5;14.4;5.5;76.3;0.1529;0.0037;0.1250;-0.0500;2.8448;
380.87;0;0;0;57;1D;1D;1D;1D;1D;48A;13D;3C0;3.2;22.7;19.0;14.4;5.5;76.3;0.1412;0.0147;0.1000;-0.0750;2.3120;
381.12;0;0;0;57;1D;1D;1D;1D;1D;48C;13D;3C0;3.2;22.7;9.0;14.4;5.5;76.3;0.0902;0.0177;0.0750;0.0000;1.0970;
381.37;0;0;0;57;1D;1D;1D;1D;1D;484;13D;3C0;3.2;22.7;-2.0;14.4;5.5;76.3;0.0902;0.0225;0.0250;0.0750;-0.2421;
381.62;0;0;0;57;1D;1D;1D;1D;1D;48E;13D;3C0;3.2;23.0;-1.5;14.4;5.5;76.3;0.0902;0.0228;0.0000;-0.0750;-0.1832;
381.87;0;0;0;57;1D;1D;1D;1D;1D;492;13D;3C0;3.2;23.4;-2.5;14.4;5.5;76.3;0.0941;0.0216;-0.0250;-0.0250;-0.3063;
382.12;0;0;0;57;1D;1D;1D;1D;1D;48E;13D;3C0;3.2;23.4;-1.0;14.4;5.5;76.3;0.0980;0.0208;0.0250;-0.0250;-0.1221;
382.37;0;0;0;57;1D;1D;1D;1D;1D;491;13D;3C0;3.2;23.3;0.0;14.4;5.5;76.3;0.0980;0.0198;0.0250;-0.0750;0.0000;
382.62;0;0;0;57;1D;1D;1D;1D;1D;495;13D;3C0;3.2;23.8;-0.5;14.4;5.5;76.3;0.0980;0.0173;0.0250;-0.0250;-0.0614;
382.87;0;0;0;57;1D;1D;1D;1D;1D;495;13D;3C0;3.2;23.8;0.0;14.4;5.5;76.3;0.0980;0.0092;0.0500;-0.1750;0.0000;
383.12;0;0;0;57;1D;1D;1D;1D;1D;499;13D;3C0;3.2;23.8;-0.5;14.4;5.5;76.3;0.0980;0.0018;0.0250;-0.3750;-0.0616;
383.37;0;0;0;57;1D;1D;1D;1D;1D;49B;13D;3C0;3.2;24.0;0.0;14.4;5.5;76.3;0.0980;-0.0059;0.0500;-0.3750;0.0000;
383.63;0;0;0;57;1E;1D;1E;1D;1D;49B;13D;3C0;3.2;24.0;0.0;14.4;5.5;76.3;0.0980;-0.0171;0.0250;-0.6000;0.0000;
383.88;0;0;0;57;1E;1D;1E;1D;1E;49D;13D;3C0;3.2;24.0;0.0;14.4;5.5;76.3;0.0980;-0.0230;0.0250;-0.5750;0.0000;
384.13;0;0;0;57;1E;1D;1E;1E;1E;4A0;13D;3C0;3.2;24.0;-0.5;14.4;5.5;76.3;0.0980;-0.0248;0.0250;-0.5000;-0.0620;
384.38;0;0;0;57;1E;1E;1E;1E;1E;4A2;13D;3C0;3.2;24.0;0.0;14.4;5.5;76.3;0.0941;-0.0248;0.0500;-0.6000;0.0000;
384.63;0;0;0;57;1E;1E;1E;1E;1E;4A3;13D;3C0;3.2;23.7;-0.5;14.4;5.5;76.3;0.0941;-0.0243;0.0500;-0.5000;-0.0622;
384.88;0;0;0;57;1E;1E;1E;1E;1E;4A5;13D;3C0;3.2;23.9;-1.0;14.4;5.5;76.3;0.0980;-0.0238;0.0500;-0.4500;-0.1245;
385.13;0;0;0;57;1E;1E;1E;1E;1E;4A8;13D;3C0;3.2;23.9;-1.0;14.4;5.5;76.3;0.0941;-0.0204;0.0500;-0.3750;-0.1248;
385.38;0;0;0;57;1E;1E;1E;1E;1E;4AC;13D;3C0;3.2;23.8;-1.0;14.4;5.5;76.3;0.0941;-0.0156;0.0750;-0.3750;-0.1252;
385.63;0;0;0;57;1E;1E;1E;1E;1E;4AE;13D;3C0;3.2;23.5;-0.5;14.4;5.5;76.3;0.0941;-0.0119;0.0500;-0.3500;-0.0627;
385.88;0;0;0;57;1E;1E;1E;1E;1E;4B2;13D;3C0;3.2;23.5;-0.5;14.4;5.5;76.3;0.0980;-0.0083;0.0500;-0.2500;-0.0629;
386.13;0;0;0;57;1E;1E;1E;1E;1E;4B5;13D;3C0;3.2;23.4;0.0;14.4;5.5;76.3;0.0941;-0.0081;0.0750;-0.4250;0.0000;
386.38;0;0;0;57;1E;1E;1E;1E;1E;4B9;13D;3C0;3.2;23.4;-0.5;14.4;5.5;76.3;0.0941;-0.0081;0.0250;-0.2500;-0.0633;
386.63;0;0;0;57;1F;1E;1E;1E;1E;4C1;13D;3C0;3.2;23.3;-0.5;14.4;5.5;76.3;0.0941;-0.0081;0.1000;-0.2500;-0.0637;
386.88;0;0;0;57;1F;1E;1E;1E;1E;4C3;13D;3C0;3.2;23.0;-0.5;14.4;5.5;76.3;0.0941;-0.0078;0.1000;-0.4000;-0.0638;
387.13;0;0;0;57;1F;1E;1F;1F;1F;4C7;13D;3C0;3.2;23.0;-9.0;14.4;5.5;76.3;0.0000;-0.0078;0.1250;-0.4250;-1.1527;
387.38;0;0;0;57;1F;1F;1F;1F;1F;4C6;13D;3C0;3.2;23.0;-18.5;14.4;5.5;76.3;0.0000;-0.0100;0.0750;-0.3250;-2.3674;
387.63;0;0;0;57;1F;1F;1F;1F;1F;4D0;13D;3C0;3.2;23.0;-5.5;14.4;5.5;76.3;0.1804;-0.0100;-0.0250;-0.2500;-0.7096;
387.88;0;0;0;57;1F;1F;1F;1F;1F;4DF;13D;3C0;3.2;23.0;14.5;14.4;5.5;76.3;0.1804;-0.0092;0.0500;-0.2750;1.8935;
388.13;0;0;0;57;1F;1F;1F;1F;1F;4D3;13D;3C0;3.2;23.0;3.5;14.4;5.5;76.3;0.0000;-0.0092;0.1500;-0.2750;0.4527;
388.38;0;0;0;57;1F;1F;1F;1F;1F;4D3;13D;3C0;3.2;23.2;-17.5;14.4;5.5;76.3;0.0000;-0.0100;0.1750;-0.4250;-2.2633;
388.64;0;0;0;57;1F;1F;1F;1F;1F;4E9;13D;3C0;3.2;23.2;-24.0;14.4;5.5;76.3;0.0902;-0.0100;0.0000;-0.3500;-3.1592;
388.89;0;0;0;57;1F;1F;1F;1F;1F;4E3;13B;3C0;3.2;23.2;-11.0;14.4;5.5;76.3;0.1059;-0.0098;0.0000;-0.2250;-1.4410;
389.14;0;0;0;57;1F;1F;1F;1F;1F;4E7;13B;3C0;3.2;23.4;-0.5;14.4;5.5;76.3;0.1137;-0.0110;0.1000;-0.4250;-0.0657;
389.39;0;0;0;57;1F;1F;1F;1F;20;4ED;13B;3C0;3.2;23.4;2.0;14.4;5.5;76.3;0.1137;-0.0141;0.1500;-0.5750;0.2641;
389.64;0;0;0;57;20;20;20;20;20;4F0;13B;3C0;3.2;23.4;4.5;14.4;5.5;76.3;0.1137;-0.0141;0.1250;-0.5500;0.5956;
389.89;0;0;0;57;20;20;20;20;20;4FD;13B;3C0;3.2;23.3;4.5;14.4;5.5;76.2;0.1137;-0.0089;0.1500;-0.4250;0.6018;
390.14;0;0;0;57;20;20;20;20;20;505;13B;3C0;3.2;23.3;4.5;14.4;5.5;76.2;0.1137;0.0025;0.2000;-0.2000;0.6055;
390.39;0;0;0;57;20;20;20;20;20;50A;13B;3C0;3.2;23.2;4.0;14.4;5.5;76.2;0.1098;0.0083;0.1750;-0.1500;0.5404;
390.64;0;0;0;57;20;21;20;20;21;514;13B;3C0;3.2;23.3;2.0;14.4;5.5;76.2;0.1020;0.0141;0.2250;-0.0500;0.2723;
390.89;0;0;0;57;20;21;20;21;21;51B;13B;3C0;3.2;23.3;0.5;14.4;5.5;76.2;0.0784;0.0292;0.2000;0.2000;0.0684;
391.14;0;0;0;57;21;21;21;21;21;522;13B;3C0;3.2;23.6;-12.0;14.4;5.5;76.2;0.0000;0.0300;0.1750;0.1250;-1.6512;
391.39;1;0;0;57;21;21;21;21;21;520;13B;3C0;3.2;23.6;-27.0;14.4;5.5;76.2;0.0000;0.0300;0.1000;0.2000;-3.7096;
391.64;1;0;0;57;21;21;21;21;21;47D;13B;3C0;3.2;23.9;-25.5;14.4;5.5;76.2;0.0000;0.0281;0.2000;0.1250;-3.0682;
391.89;1;0;0;57;21;21;21;22;22;3D3;13B;3C0;3.2;23.9;-27.5;14.4;5.5;76.2;0.0000;0.0096;0.2500;-0.1250;-2.8193;
392.14;1;0;0;57;22;22;22;22;22;3B2;13B;3C0;3.2;24.1;-29.5;14.4;5.5;76.2;0.0000;0.0092;0.2250;-0.2250;-2.9224;
392.39;1;0;0;57;22;22;22;22;22;3BF;13B;3C0;3.2;24.1;-29.0;14.4;5.5;76.2;0.0000;0.0092;0.1000;-0.1500;-2.9124;
392.64;0;0;0;57;22;22;22;22;22;3C6;13B;3C0;3.2;24.2;-30.0;14.4;5.5;76.2;0.0000;0.0092;0.1000;-0.2000;-3.0348;
392.89;0;0;0;57;22;22;22;22;22;3C9;13B;3C0;3.2;24.4;-30.0;14.4;5.5;76.2;0.0000;0.0093;0.1250;-0.1250;-3.0442;
393.14;0;0;0;57;22;22;22;22;22;3CE;13B;3C0;3.2;24.4;-30.5;14.4;5.5;76.2;0.0000;0.0113;0.0750;-0.1250;-3.1109;
393.39;0;0;0;57;22;22;22;22;22;3CC;13B;3C0;3.2;24.3;-30.5;14.4;5.5;76.2;0.0000;0.0119;0.0750;-0.2000;-3.1045;
393.66;0;0;0;57;22;22;22;22;23;3D5;13B;3C0;3.2;24.8;-30.5;14.4;5.5;76.2;0.0000;0.0135;0.1500;-0.1500;-3.1333;
393.91;0;0;0;57;22;23;22;22;23;3D7;13B;3C0;3.2;24.8;-30.5;14.4;5.5;76.2;0.0000;0.0131;0.0500;-0.0750;-3.1397;
394.16;0;0;0;57;23;23;23;23;23;3D9;13B;3C0;3.2;24.9;-31.0;14.4;5.5;76.2;0.0000;0.0126;0.1000;-0.0250;-3.1976;
394.41;0;0;0;57;23;23;23;23;23;3DB;13B;3C0;3.2;25.0;-31.0;14.4;5.5;76.2;0.0000;0.0126;0.1250;-0.0750;-3.2041;
394.66;0;0;0;57;23;23;23;23;23;3E1;13B;3C0;3.2;25.0;-31.0;14.4;5.5;76.2;0.0000;0.0155;0.1250;-0.1000;-3.2236;
394.91;0;0;0;57;23;23;23;23;23;3E3;13B;3C0;3.2;25.4;-31.0;14.4;5.5;76.2;0.0000;0.0196;0.0500;0.0000;-3.2301;
395.16;0;0;0;57;23;23;23;23;23;3E5;13B;3C0;3.2;25.4;-31.0;14.4;5.5;76.2;0.0000;0.0288;0.0750;0.1750;-3.2366;
395.41;0;0;0;57;23;23;23;23;23;3E8;13B;3C0;3.2;25.2;-31.0;14.4;5.5;76.2;0.0000;0.0285;0.1000;0.2250;-3.2463;
395.66;0;0;0;57;23;24;23;23;24;3F1;13B;3C0;3.2;25.2;-31.0;14.4;5.5;76.2;0.0000;0.0281;0.1750;0.1000;-3.2755;
395.91;0;0;0;57;23;24;23;24;24;3EE;13B;3C0;3.2;25.2;-31.5;14.4;5.5;76.2;0.0000;0.0325;0.0750;0.1750;-3.3185;
396.16;0;0;0;57;24;24;23;24;24;3F8;13B;3C0;3.2;25.2;-31.0;14.4;5.5;76.2;0.0000;0.0358;0.1500;0.5000;-3.2983;
396.41;0;0;0;57;23;24;24;24;24;3F8;13B;3C0;3.2;25.5;-31.5;14.4;5.5;76.2;0.0000;0.0358;0.0750;0.3250;-3.3515;
396.66;0;0;0;57;24;24;24;24;24;3FC;13B;3C0;3.2;25.5;-31.5;14.4;5.5;76.2;0.0000;0.0386;0.1000;0.4500;-3.3646;
396.91;0;0;0;57;24;24;24;24;24;3FD;13B;3C0;3.2;25.5;-31.5;14.4;5.5;76.2;0.0000;0.0421;0.1250;0.4750;-3.3679;
397.16;0;0;0;57;24;24;24;24;24;405;13B;3C0;3.2;25.8;-31.5;14.4;5.5;76.2;0.0000;0.0418;0.1500;0.3500;-3.3943;
397.41;0;0;0;57;24;25;24;25;24;407;13B;3C0;3.2;26.1;-31.5;14.4;5.5;76.2;0.0000;0.0401;0.1000;0.4750;-3.4009;
397.66;0;0;0;57;24;25;24;25;24;40D;13B;3C0;3.2;26.1;-31.5;14.4;5.5;76.2;0.0000;0.0385;0.1250;0.4250;-3.4207;
397.91;0;0;0;57;24;25;24;25;25;410;13B;3C0;3.2;26.1;-31.5;14.4;5.5;76.2;0.0000;0.0368;0.0750;0.6000;-3.4306;
398.16;0;0;0;57;24;25;24;25;25;410;13B;3C0;3.2;26.1;-31.5;14.4;5.5;76.2;0.0000;0.0349;0.0750;0.4750;-3.4306;
398.41;0;0;0;57;25;25;25;25;25;412;13B;3C0;3.2;26.5;-31.5;14.4;5.5;76.2;0.0000;0.0347;0.1000;0.3750;-3.4372;
398.67;0;0;0;57;25;25;25;25;25;417;13B;3C0;3.2;26.7;-31.5;14.4;5.5;76.2;0.0000;0.0378;0.1000;0.3750;-3.4537;
398.92;0;0;0;57;25;25;25;25;25;41A;13B;3C0;3.2;26.7;-31.5;14.4;5.5;76.2;0.0000;0.0383;0.0750;0.4000;-3.4636;
399.17;0;0;0;57;25;25;25;25;25;421;13B;3C0;3.2;26.8;-31.5;14.4;5.5;76.2;0.0000;0.0371;0.1250;0.4500;-3.4867;
399.42;0;0;0;57;25;25;25;25;25;421;13B;3C0;3.2;27.1;-31.5;14.4;5.5;76.2;0.0000;0.0361;0.1000;0.4500;-3.4867;
399.67;0;0;0;57;25;25;25;25;25;422;13B;3C0;3.2;27.1;-31.5;14.4;5.5;76.2;0.0000;0.0327;0.0750;0.4000;-3.4900;
399.92;0;0;0;57;25;26;25;25;25;423;13B;3C0;3.2;27.1;-31.5;14.4;5.5;76.2;0.0000;0.0300;0.0750;0.1500;-3.4933;
400.17;0;0;0;57;25;26;25;26;26;429;13B;3C0;3.2;27.0;-31.5;14.4;5.5;76.2;0.0000;0.0262;0.0750;0.1750;-3.5131;
400.42;0;0;0;57;26;26;25;26;26;428;13B;3C0;3.2;26.9;-31.5;14.4;5.5;76.2;0.0000;0.0213;0.0750;0.0250;-3.5098;
400.67;0;0;0;57;26;26;26;26;26;433;13B;3C0;3.2;26.9;-31.5;14.4;5.5;76.2;0.0000;0.0135;0.1250;0.0000;-3.5461;
400.92;0;0;0;57;26;26;26;26;26;435;13B;3C0;3.2;27.0;-31.5;14.4;5.5;76.2;0.0000;0.0126;0.1250;0.0000;-3.5527;
401.17;0;0;0;57;26;26;26;26;26;43B;13B;3C0;3.2;27.0;-31.5;14.4;5.5;76.2;0.0000;0.0133;0.1500;0.0250;-3.5725;
401.42;0;0;0;57;26;26;26;26;26;43C;13B;3C0;3.2;26.8;-31.5;14.4;5.5;76.2;0.0000;0.0133;0.1000;0.1750;-3.5758;
401.67;0;0;0;57;26;26;26;26;26;43E;13B;3C0;3.2;26.6;-31.5;14.4;5.5;76.2;0.0000;0.0136;0.1000;0.0750;-3.5824;
401.92;0;0;0;57;26;26;26;26;26;442;13B;3C0;3.2;26.6;-31.5;14.4;5.5;76.2;0.0000;0.0130;0.1000;0.0750;-3.5956;
402.17;0;0;0;57;26;27;26;27;27;444;13B;3C0;3.2;26.5;-31.5;14.4;5.5;76.2;0.0000;0.0123;0.1000;0.1250;-3.6022;
402.42;0;0;0;57;27;27;27;27;27;449;13B;3C0;3.2;26.4;-31.5;14.4;5.5;76.2;0.0000;0.0115;0.1250;0.0000;-3.6186;
402.67;0;0;0;57;27;27;27;27;27;44F;13B;3C0;3.2;26.4;-31.5;14.4;5.5;76.2;0.0000;0.0100;0.1000;0.0750;-3.6384;
402.92;0;0;0;57;27;27;27;27;27;44F;13B;3C0;3.2;26.3;-31.5;14.4;5.5;76.2;0.0000;0.0092;0.1250;0.0750;-3.6384;
403.17;0;0;0;57;27;27;27;27;27;458;13B;3C0;3.2;26.3;-31.5;14.4;5.5;76.2;0.0000;0.0083;0.1250;0.2500;-3.6681;
403.42;0;0;0;57;27;27;27;27;27;45A;13B;3C0;3.2;26.1;-31.5;14.4;5.5;76.2;0.0000;0.0070;0.1250;0.0750;-3.6747;
403.68;0;0;0;57;28;27;27;27;27;45D;13B;3C0;3.2;26.1;-31.5;14.4;5.5;76.2;0.0000;0.0025;0.0750;0.0250;-3.6846;
403.93;0;0;0;57;27;27;27;28;28;462;13B;3C0;3.2;26.1;-31.5;14.4;5.5;76.2;0.0000;-0.0004;0.1250;0.0500;-3.7011;
404.18;0;0;0;57;28;28;28;28;28;466;13B;3C0;3.2;26.1;-31.5;14.4;5.5;76.2;0.0000;-0.0040;0.1500;0.0000;-3.7143;
404.43;0;0;0;57;28;28;28;28;28;465;13B;3C0;3.2;26.1;-31.5;14.4;5.5;76.2;0.0000;-0.0080;0.0750;0.0500;-3.7110;
404.68;0;0;0;57;28;28;28;28;28;46A;13B;3C0;3.2;25.9;-31.0;14.4;5.5;76.2;0.0000;-0.0119;0.0750;0.0500;-3.6683;
404.93;0;0;0;57;28;28;28;28;28;46C;13B;3C0;3.2;25.9;-31.0;14.4;5.5;76.2;0.0000;-0.0128;0.1000;0.1500;-3.6748;
405.18;0;0;0;57;28;28;28;28;28;46F;13B;3C0;3.2;25.9;-31.0;14.4;5.5;76.2;0.0000;-0.0140;0.1250;-0.1750;-3.6846;
405.43;0;0;0;57;28;28;28;28;28;470;13B;3C0;3.2;26.0;-31.0;14.4;5.5;76.2;0.0000;-0.0148;0.0750;-0.0250;-3.6878;
405.68;0;0;0;57;28;28;28;28;28;474;13B;3C0;3.2;26.0;-30.5;14.4;5.5;76.2;0.0000;-0.0179;0.0500;0.0000;-3.6411;
405.93;0;0;0;57;28;28;28;28;28;478;13B;3C0;3.2;25.8;-31.0;14.4;5.5;76.2;0.0000;-0.0182;0.1000;-0.1250;-3.7138;
406.18;0;0;0;57;29;28;29;28;29;47B;13B;3C0;3.2;25.8;-30.5;14.4;5.5;76.2;0.0000;-0.0185;0.1250;-0.1250;-3.6635;
406.43;0;0;0;56;29;29;29;29;29;481;13B;3C0;3.2;25.8;-30.5;14.4;5.5;76.2;0.0000;-0.0241;0.1250;-0.2000;-3.6826;
406.68;0;0;0;56;29;29;29;29;29;483;13B;3C0;3.2;25.6;-30.5;14.4;5.5;76.2;0.0000;-0.0263;0.1000;-0.2750;-3.6890;
406.93;0;0;0;56;29;29;29;29;29;48F;13B;3C0;3.2;25.6;-30.5;14.4;5.5;76.2;0.0000;-0.0316;0.2000;-0.4750;-3.7273;
407.18;0;0;0;56;29;29;29;29;29;492;13B;3C0;3.2;25.4;-30.5;14.4;5.5;76.2;0.0000;-0.0330;0.2000;-0.4500;-3.7369;
407.43;0;0;0;56;2A;29;2A;29;2A;49A;13B;3C0;3.2;25.1;-30.5;14.4;5.5;76.2;0.0000;-0.0368;0.2000;-0.5250;-3.7625;
407.68;0;0;0;56;2A;29;2A;29;2A;49C;13B;3C0;3.2;25.1;-30.5;14.4;5.5;76.2;0.0000;-0.0519;0.1750;-0.9750;-3.7689;
407.93;0;0;0;56;2A;2A;2A;2A;2A;4A6;13B;3C0;3.2;24.7;-30.5;14.4;5.5;76.2;0.0000;-0.0555;0.2500;-0.9750;-3.8008;
408.18;0;0;0;56;2B;2A;2B;2A;2A;4A8;13B;3C0;3.2;24.7;-30.5;14.4;5.5;76.2;0.0000;-0.0575;0.2250;-1.0000;-3.8072;
408.43;0;0;0;56;2B;2A;2B;2A;2A;4AF;13B;3C0;3.2;24.1;-31.0;14.4;5.5;76.2;0.0000;-0.0575;0.2000;-1.0500;-3.8923;
408.70;0;0;0;56;2B;2A;2B;2A;2B;4BC;13B;3C0;3.2;24.1;-31.0;14.4;5.5;76.2;0.0000;-0.0573;0.2500;-1.2000;-3.9345;
408.95;0;0;0;56;2B;2B;2B;2B;2B;4BE;13B;3C0;3.2;23.6;-31.5;14.4;5.5;76.2;0.0000;-0.0577;0.1500;-1.0250;-4.0046;
409.20;0;0;0;56;2B;2B;2B;2B;2B;4C3;13B;3C0;3.2;23.6;-31.5;14.4;5.5;76.2;0.0000;-0.0582;0.1750;-1.1750;-4.0211;
409.45;0;1;0;56;2B;2A;2B;2B;2B;4C3;13B;3C0;3.2;23.5;-32.0;14.4;5.5;76.2;0.0000;-0.0582;-0.1500;-1.0750;-4.0849;
409.70;0;1;0;56;2B;2A;2B;2B;2B;4C3;13B;3C0;3.2;23.0;-32.0;14.4;5.5;76.2;0.0000;-0.0582;0.2000;-1.1500;-4.0849;
409.95;0;1;0;56;2B;2A;2B;2A;2B;4B4;13B;3C0;3.2;23.0;-32.0;14.4;5.5;76.2;0.0000;-0.0582;-0.1000;-0.9750;-4.0346;
410.20;0;1;0;56;2A;2A;2A;2A;2A;4AA;13B;3C0;3.2;22.7;-32.0;14.4;5.5;76.2;0.0000;-0.0582;-0.6750;-1.1500;-4.0011;
410.45;0;1;0;56;2A;29;2A;29;2A;49E;13B;3C0;3.2;22.9;-32.0;14.5;5.5;76.2;0.0000;-0.0577;0.1250;-0.9250;-3.9609;
410.70;0;1;0;56;2A;29;2A;29;29;495;13B;3C0;3.2;22.9;-32.0;14.5;5.5;76.2;0.0000;-0.0535;-0.7000;-1.1000;-3.9308;
410.95;0;1;0;56;29;29;29;29;29;485;13B;3C0;3.2;22.6;-32.0;14.5;5.5;76.2;0.0000;-0.0432;-0.4500;-0.6500;-3.8771;
411.20;0;1;0;56;29;28;29;28;29;477;13B;3C0;3.2;22.6;-32.0;14.5;5.5;76.2;0.0000;-0.0319;-0.8500;-0.5500;-3.8302;
411.45;0;1;0;56;28;28;28;28;28;474;13B;3C0;3.2;22.5;-32.0;14.5;5.5;76.2;0.0000;-0.0118;0.1000;-0.1750;-3.8202;
411.70;0;0;0;56;28;28;28;28;28;478;13B;3C0;3.2;23.0;-32.0;14.4;5.5;76.2;0.0000;-0.0037;0.1750;-0.1250;-3.8336;
411.95;0;0;0;56;28;28;28;28;29;47F;13B;3C0;3.2;23.0;-32.5;14.4;5.5;76.2;0.0000;0.0020;0.2000;0.0000;-3.9173;
412.20;0;0;0;56;28;28;28;28;29;47B;13B;3C0;3.2;23.2;-32.5;14.5;5.5;76.2;0.0000;0.0081;0.1250;0.0500;-3.9037;
412.45;0;0;0;56;28;28;28;29;29;47F;13B;3C0;3.2;23.2;-32.5;14.5;5.5;76.2;0.0000;0.0173;0.1000;0.1000;-3.9173;
412.70;0;0;0;56;29;29;28;29;29;482;13B;3C0;3.2;23.7;-32.5;14.5;5.5;76.2;0.0000;0.0191;0.1000;0.2500;-3.9275;
412.95;0;0;0;56;29;29;29;29;29;486;13B;3C0;3.2;23.7;-33.0;14.5;5.5;76.2;0.0000;0.0208;0.0750;0.2750;-4.0018;
413.20;0;0;0;56;29;29;28;29;29;483;13B;3C0;3.2;24.3;-33.0;14.5;5.5;76.2;0.0000;0.0220;0.0500;0.1500;-3.9914;
413.45;0;0;0;56;29;28;28;29;29;484;13B;3C0;3.2;24.6;-33.0;14.5;5.5;76.2;0.0000;0.0303;0.0750;0.4250;-3.9948;
413.71;0;0;0;56;29;29;29;29;29;482;13B;3C0;3.2;24.6;-33.0;14.5;5.5;76.2;0.0000;0.0371;0.0000;0.7250;-3.9879;
413.96;0;0;0;56;29;28;28;29;29;483;13B;3C0;3.2;25.2;-33.0;14.5;5.5;76.2;0.0000;0.0426;-0.0250;0.7750;-3.9914;
414.21;0;0;0;56;29;29;28;29;29;488;13B;3C0;3.2;25.8;-33.0;14.5;5.5;76.2;0.0000;0.0426;0.0500;0.5500;-4.0087;
414.46;0;0;0;56;29;28;29;29;29;482;13B;3C0;3.2;25.8;-33.0;14.5;5.5;76.2;0.0000;0.0458;-0.0500;1.2500;-3.9879;
414.71;0;0;0;56;28;29;28;29;29;47F;13B;3C0;3.2;26.5;-33.5;14.5;5.5;76.2;0.0000;0.0445;-0.1750;0.9750;-4.0378;
414.96;0;0;0;56;28;28;28;29;29;479;13B;3C0;3.2;26.5;-33.0;14.5;5.5;76.2;0.0000;0.0420;-0.1250;0.8000;-3.9568;
415.21;0;0;0;56;28;28;28;28;28;476;13B;3C0;3.2;27.3;-33.5;14.5;5.5;76.2;0.0000;0.0408;-0.2000;0.7750;-4.0063;
415.46;0;0;0;56;28;28;28;28;28;46B;13B;3C0;3.2;27.6;-33.5;14.5;5.5;76.2;0.0000;0.0315;-0.2750;0.5500;-3.9677;
415.71;0;0;0;56;27;28;27;28;28;466;13B;3C0;3.2;27.6;-33.5;14.5;5.5;76.2;0.0000;0.0215;-0.2750;0.5000;-3.9501;
415.96;0;0;0;56;27;28;27;28;28;461;13B;3C0;3.2;27.9;-33.5;14.5;5.5;76.2;0.0000;0.0183;-0.2250;0.3500;-3.9326;
416.21;0;0;0;56;27;27;27;27;27;45C;13B;3C2;3.2;28.0;-33.5;14.5;5.5;76.2;0.0000;0.0068;-0.2500;0.1500;-3.9151;
416.46;0;0;0;56;27;27;27;27;27;452;13B;3C2;3.2;28.0;-34.0;14.5;5.5;76.2;0.0000;-0.0051;-0.2250;0.0250;-3.9379;
416.71;0;0;0;56;27;27;26;27;27;44C;13B;3C2;3.2;28.0;-34.0;14.5;5.5;76.2;0.0000;-0.0088;-0.2500;0.0500;-3.9165;
416.96;0;0;0;56;26;26;26;26;27;444;13B;3C0;3.2;27.8;-34.0;14.5;5.5;76.2;0.0000;-0.0116;-0.2500;0.0750;-3.8880;
417.21;1;0;0;56;26;26;26;26;26;3FE;13B;3C0;3.2;27.9;-34.0;14.5;5.5;76.2;0.0000;-0.0140;-0.3250;-0.4250;-3.6388;
417.46;1;0;0;56;26;26;26;26;26;365;13B;3C0;3.2;27.9;5.0;14.5;5.5;76.2;0.0000;-0.0268;-0.3750;-0.3250;0.4550;
417.71;1;0;0;56;26;25;26;26;26;369;13B;3C0;3.2;27.6;4.5;14.5;5.5;76.2;0.0000;-0.0338;-0.3750;-0.5000;0.4114;
417.96;1;0;0;56;25;25;25;25;25;3DA;13B;3C2;3.2;27.6;-34.5;14.5;5.5;76.2;0.0000;-0.0371;-0.3750;-0.7250;-3.5623;
418.21;1;0;0;56;25;24;25;24;25;43A;13B;3C0;3.2;27.0;-35.0;14.5;5.5;76.2;0.0000;-0.0446;-0.7000;-1.1250;-3.9657;
418.46;1;0;0;56;24;23;24;24;24;59F;13B;3C0;3.2;26.6;-38.0;14.5;5.5;76.2;0.0000;-0.0518;-0.8250;-1.1250;-5.7263;
418.72;1;0;0;56;23;23;23;23;23;584;13B;3C2;3.2;26.6;-37.5;14.5;5.5;76.2;0.0000;-0.0525;-0.7250;-1.0250;-5.5449;
418.97;0;0;0;56;23;22;23;22;23;56E;13B;3C2;3.2;25.7;-37.0;14.5;5.5;76.2;0.0000;-0.0549;-0.6750;-0.8250;-5.3857;
419.22;0;0;0;56;22;22;22;21;22;540;13B;3C2;3.2;24.8;-36.0;14.5;5.5;76.2;0.0000;-0.0583;-0.7500;-0.8500;-5.0668;
419.47;0;0;0;56;22;21;22;21;22;535;13B;3C0;3.2;24.8;-36.0;14.5;5.5;76.2;0.0000;-0.0642;-0.6750;-0.7750;-5.0253;
419.72;0;0;0;56;21;20;21;20;21;511;13B;3C2;3.2;24.4;-35.5;14.5;5.5;76.2;0.0000;-0.0710;-0.7750;-1.1000;-4.8217;
419.97;0;0;0;56;20;1F;20;20;20;4FB;13B;3C2;3.2;24.4;-35.0;14.5;5.5;76.2;0.0000;-0.0768;-0.8000;-1.2250;-4.6731;
420.22;0;0;0;56;1F;1E;1F;1F;1F;4DC;13B;3C2;3.2;23.5;-6.0;14.5;5.5;76.2;0.2235;-0.0910;-0.8250;-1.6000;-0.7816;
420.47;0;0;0;56;1F;1E;1F;1E;1F;4E9;13B;3C2;3.2;23.0;27.5;14.5;5.5;76.2;0.2392;-0.1021;-0.8250;-1.2500;3.6199;
420.72;0;0;0;56;1F;1E;1F;1E;1E;4C0;13B;3C2;3.2;23.0;67.0;14.5;5.5;76.2;0.3020;-0.1021;-0.5000;-1.1000;8.5317;
420.97;0;0;0;56;1F;1E;1E;1E;1E;4B7;13B;3C2;3.2;23.0;93.5;14.5;5.5;76.2;0.3059;-0.1020;-0.3750;-1.4250;11.8181;
421.22;0;0;0;56;1E;1D;1E;1E;1E;4B4;13B;3C2;3.2;22.4;111.5;14.5;5.5;76.2;0.3059;-0.1007;-0.0750;-0.9250;14.0582;
421.47;0;0;0;56;1E;1E;1E;1D;1E;4B1;13B;3C2;3.2;21.4;115.0;14.5;5.5;76.2;0.3059;-0.0873;-0.1000;-1.0750;14.4634;
421.72;0;0;0;56;1E;1E;1E;1E;1E;4B5;13B;3C2;3.2;21.4;118.0;14.5;5.5;76.2;0.3059;-0.0803;0.0250;-0.8250;14.8901;
421.97;0;0;0;56;1E;1E;1E;1E;1E;4B7;13B;3C0;3.2;20.8;118.0;14.5;5.5;76.2;0.3137;-0.0658;0.0250;-0.7000;14.9148;
422.22;0;0;0;56;1E;1E;1E;1E;1E;4B0;13B;3C0;3.2;20.6;122.5;14.5;5.5;76.2;0.3216;-0.0443;-0.0500;-0.0750;15.3938;
422.47;0;0;0;56;1E;1E;1E;1E;1E;4B3;13B;3C2;3.2;20.6;125.0;14.5;5.5;76.2;0.3294;0.0123;-0.1000;0.4500;15.7472;
422.72;0;0;0;56;1E;1E;1E;1E;1E;4B5;139;3C0;3.2;20.4;138.0;14.5;5.5;76.2;0.3608;0.0338;0.0000;0.7500;17.4138;
422.97;0;0;0;56;1E;1E;1E;1E;1E;4B9;139;3C0;3.2;20.4;148.0;14.4;5.5;76.2;0.3647;0.0498;0.0250;0.9750;18.7377;
423.22;0;0;0;56;1E;1F;1E;1F;1E;4BD;139;3C0;3.2;20.3;156.5;14.4;5.5;76.2;0.3647;0.0633;0.0750;1.2250;19.8794;
423.47;0;0;0;56;1E;1F;1E;1F;1E;4C1;139;3C0;3.2;20.7;157.5;14.4;5.5;76.2;0.3686;0.0788;0.1000;1.4000;20.0724;
423.73;0;0;0;56;1E;1F;1E;1F;1F;4C6;139;3C0;3.2;20.7;161.0;14.4;5.5;76.2;0.3765;0.0796;0.1250;1.0750;20.6028;
423.98;0;0;0;56;1E;1F;1E;1F;1F;4CB;139;3C0;3.2;21.0;164.5;14.4;5.5;76.2;0.3765;0.0800;0.1250;1.3000;21.1368;
424.23;0;0;0;56;1E;1F;1E;1F;1F;4D9;139;3C2;3.2;21.3;168.0;14.4;5.5;76.2;0.3843;0.0817;0.1750;1.4000;21.8328;
424.48;0;0;0;56;1F;20;1F;20;1F;4E8;139;3C0;3.2;21.3;170.0;14.4;5.5;76.2;0.3843;0.0915;0.2750;1.5000;22.3598;
424.73;0;0;0;56;1F;20;1F;20;20;4F9;139;3C0;3.2;21.6;175.0;14.4;5.5;76.2;0.4039;0.0978;0.3750;1.6250;23.3289;
424.98;0;0;0;56;20;21;20;21;20;508;139;3C0;3.2;21.6;186.5;14.4;5.5;76.2;0.4196;0.1063;0.4000;1.8500;25.1549;
425.23;0;0;0;56;20;21;20;21;21;519;139;3C0;3.2;22.7;198.0;14.4;5.5;76.2;0.4275;0.1063;0.4000;1.8750;27.0585;
425.48;0;0;0;55;20;22;20;22;21;52A;139;3C0;3.2;22.7;201.5;14.4;5.5;76.2;0.4353;0.1045;0.4500;1.7250;27.8956;
425.73;0;0;0;56;21;22;21;22;22;544;139;3C0;3.2;23.7;209.0;14.4;5.5;76.2;0.4471;0.0978;0.5250;1.5250;29.5029;
425.98;0;0;0;56;22;23;22;22;22;555;139;3C0;3.2;23.7;211.5;14.4;5.5;76.2;0.4471;0.0863;0.5750;1.5250;30.2323;
426.23;0;0;0;56;23;23;23;23;23;573;139;3C0;3.2;24.2;213.5;14.4;5.5;76.2;0.4471;0.0752;0.5750;1.0750;31.1889;
426.48;0;0;0;56;23;24;23;24;23;58C;139;3C2;3.2;24.8;214.0;14.4;5.5;76.2;0.4471;0.0523;0.6750;0.8500;31.8222;
426.73;0;0;0;56;24;24;24;24;24;5A5;139;3C0;3.2;24.8;217.0;14.4;5.5;76.2;0.4549;0.0460;0.7250;0.7000;32.8364;
426.98;0;0;0;56;24;25;25;25;25;5B6;139;3C0;3.2;24.8;220.5;14.4;5.5;76.2;0.4667;0.0319;0.6500;0.2500;33.7586;
427.23;0;0;0;56;25;25;25;25;25;5D4;139;3C0;3.2;24.4;238.0;14.4;5.5;76.2;0.5020;0.0253;0.6750;0.0000;37.1856;
427.48;0;0;0;56;26;26;26;26;26;5EB;139;3C0;3.2;24.4;248.5;14.4;5.5;76.2;0.5216;0.0133;0.6750;0.0000;39.4246;
427.73;0;0;0;56;27;27;27;27;27;60F;139;3C0;3.2;23.8;257.5;14.4;5.5;76.2;0.5373;0.0080;0.7000;-0.0250;41.8232;
427.98;0;0;0;56;27;27;27;27;27;628;139;3C0;3.2;23.8;264.5;14.4;5.5;76.2;0.5686;0.0033;0.8250;-0.3500;43.6526;
428.23;0;0;0;56;29;28;28;28;28;64C;139;3C0;3.2;23.0;275.5;14.4;5.5;76.2;0.5804;-0.0029;0.7750;-0.1500;46.5067;
428.48;0;0;0;56;29;29;29;29;29;667;139;3C0;3.2;22.1;277.0;14.4;5.5;76.2;0.5843;-0.0070;0.8000;-0.3250;47.5431;
428.75;0;0;0;56;2A;2A;2A;2A;2A;68C;139;3C0;3.2;22.1;279.0;14.4;5.5;76.2;0.5882;-0.0086;0.8250;-0.1750;48.9674;
429.00;0;0;0;56;2B;2B;2B;2B;2B;6AB;139;3C0;3.2;21.4;278.5;14.4;5.5;76.2;0.5882;-0.0105;0.9000;-0.3500;49.7837;
429.25;0;0;0;56;2C;2C;2C;2C;2C;6D1;139;3C0;3.2;21.4;278.0;14.4;5.5;76.2;0.5882;-0.0182;0.9000;-0.3500;50.8006;
429.50;0;0;0;56;2D;2D;2D;2D;2C;6E7;139;3C0;3.2;20.5;278.0;14.4;5.5;76.2;0.5843;-0.0237;0.9750;-0.4250;51.4411;
429.75;0;0;0;56;2E;2D;2D;2D;2D;714;139;3C0;3.2;20.5;276.5;14.4;5.5;76.2;0.5843;-0.0280;0.9250;-0.5750;52.4665;
430.00;0;0;0;56;2E;2E;2E;2E;2E;72C;139;3C0;3.2;19.2;274.5;14.4;5.5;76.2;0.5804;-0.0308;0.8500;-0.4000;52.7769;
430.25;0;0;0;56;2F;2F;2F;2F;2F;750;139;3C0;3.2;18.4;272.5;14.4;5.5;76.2;0.5725;-0.0366;0.9000;-0.7250;53.4196;
430.50;0;0;0;56;30;30;30;30;30;774;139;3C0;3.2;18.4;266.5;14.4;5.5;76.2;0.4745;-0.0375;0.9250;-0.9000;53.2481;
430.75;1;0;0;56;30;2F;30;2F;30;6F1;139;3C0;3.2;17.6;-33.5;14.4;5.5;76.2;0.0000;-0.0437;0.2000;-1.1750;-6.2339;
431.00;1;0;0;56;2F;2E;2F;2E;2F;624;139;3C0;3.2;17.2;-30.0;14.4;5.5;76.2;0.0000;-0.0451;-0.6000;-1.0250;-4.9386;
431.25;0;0;0;56;2E;2D;2E;2D;2E;4F4;139;3C0;3.2;17.2;160.5;14.4;5.5;76.2;0.3843;-0.0547;-0.8250;-1.3250;21.3119;
431.50;0;0;0;56;2E;2D;2E;2D;2E;517;139;3C0;3.2;17.3;202.5;14.4;5.5;76.2;0.5412;-0.0547;-0.4500;-1.2500;27.6311;
431.75;0;0;0;57;2E;2D;2E;2E;2E;50F;139;3C0;3.2;17.3;238.5;14.4;5.5;76.2;0.5569;-0.0545;-0.1750;-1.6000;32.3435;
432.00;0;0;0;57;2E;2E;2E;2E;2E;519;139;3C0;3.2;16.8;243.0;14.4;5.5;76.2;0.5569;-0.0543;0.0500;-1.5250;33.2082;
432.25;0;0;0;57;2E;2E;2E;2E;2E;51E;139;3C0;3.2;16.8;252.0;14.4;5.5;76.2;0.5490;-0.0442;0.1500;-1.0000;34.5701;
432.50;0;0;0;57;2F;2E;2F;2E;2E;51F;139;3C0;3.2;16.8;255.0;14.4;5.5;76.2;0.5490;-0.0375;0.1000;-1.0250;35.0083;
432.75;0;0;0;57;2F;2E;2F;2E;2F;52A;139;3C0;3.2;16.6;260.5;14.4;5.5;76.2;0.5490;-0.0322;0.1500;-0.8750;36.0635;
433.00;0;0;0;57;2F;2F;2F;2F;2F;532;139;3C0;3.2;16.8;266.5;14.4;5.5;76.2;0.5490;-0.0288;0.2500;-0.7250;37.1174;
433.25;0;0;0;57;2F;2F;2F;2F;2F;538;139;3C0;3.2;16.8;272.0;14.4;5.5;76.2;0.5451;-0.0289;0.2750;-0.8750;38.0543;
433.50;0;0;0;57;30;2F;30;2F;2F;548;139;3C0;3.2;16.8;271.0;14.4;5.5;76.2;0.5451;-0.0276;0.3500;-1.1250;38.3685;
433.76;0;0;0;57;30;30;30;30;30;551;139;3C0;3.2;16.7;268.0;14.4;5.5;76.2;0.5373;-0.0250;0.3750;-0.5500;38.1963;
434.01;0;0;0;57;30;31;31;30;31;554;139;3C0;3.2;16.4;267.5;14.4;5.5;76.2;0.5373;-0.0221;0.4000;-1.4750;38.2091;
434.26;0;0;0;57;31;31;31;31;31;573;139;3C0;3.2;16.4;266.0;14.4;5.5;76.2;0.5373;-0.0171;0.6000;-1.7250;38.8584;
434.51;0;0;0;57;32;32;32;32;32;577;139;3C0;3.2;16.4;265.5;14.4;5.5;76.2;0.5373;-0.0110;0.6000;-0.4500;38.8965;
434.76;0;0;0;57;32;32;32;32;32;588;139;3C0;3.2;16.4;261.5;14.4;5.5;76.2;0.5176;-0.0068;0.5250;-0.4250;38.7761;
435.01;0;0;0;57;33;33;33;33;33;598;139;3C0;3.2;16.7;257.5;14.4;5.5;76.2;0.5137;-0.0034;0.5500;-0.3750;38.6144;
435.26;0;0;0;57;33;33;33;33;33;5A9;139;3C0;3.2;16.7;256.0;14.4;5.5;76.2;0.5098;0.0147;0.5250;0.0000;38.8452;
435.51;0;0;0;58;33;34;34;34;34;5B7;139;3C0;3.2;16.7;254.5;14.4;5.5;76.2;0.5098;0.0177;0.5250;0.3500;38.9907;
435.76;0;0;0;58;34;34;34;34;34;5C7;139;3C0;3.2;16.4;253.0;14.4;5.5;76.2;0.5098;0.0225;0.5250;0.4000;39.1848;
436.01;0;0;0;58;35;35;34;35;35;5CE;139;3C0;3.2;17.4;253.0;14.4;5.5;76.2;0.5059;0.0226;0.5000;0.5750;39.3702;
436.26;0;0;0;58;35;35;35;35;35;5DF;139;3C0;3.2;17.4;252.5;14.4;5.5;76.2;0.5176;0.0233;0.5000;0.5250;39.7419;
436.51;0;0;0;58;35;36;35;36;36;5E3;139;3C0;3.2;17.7;255.5;14.4;5.5;76.2;0.5216;0.0251;0.4750;0.4750;40.3211;
436.76;0;0;0;58;36;36;36;36;36;5F8;139;3C0;3.2;17.7;259.0;14.4;5.5;76.2;0.5294;0.0276;0.4750;0.7000;41.4431;
437.01;0;0;0;58;36;37;36;37;37;602;139;3C0;3.2;18.2;258.5;14.4;5.5;76.2;0.5176;0.0325;0.5250;1.0250;41.6337;
437.26;0;0;0;58;36;37;37;37;37;605;139;3C0;3.2;18.7;212.0;14.4;5.5;76.2;0.3922;0.0443;0.5000;1.2000;34.2111;
437.51;0;0;0;58;36;37;36;37;37;5E7;139;3C0;3.2;18.7;77.0;14.4;5.5;76.2;0.0000;0.0470;0.0750;1.3250;12.1838;
437.76;0;0;0;58;36;36;35;36;36;5EC;139;3C0;3.2;18.7;-20.5;14.4;5.5;76.2;0.0000;0.0471;-0.5000;1.4750;-3.2545;
438.01;0;0;0;58;34;35;34;35;35;5DB;139;3C0;3.2;19.8;-32.0;14.4;5.5;76.2;0.0000;0.0473;-0.9000;1.3500;-5.0232;
438.26;0;0;0;58;33;34;33;34;34;5B8;139;3C0;3.2;21.9;-30.5;14.4;5.5;76.2;0.0510;0.0473;-1.1000;1.4750;-4.6759;
438.51;0;0;0;58;32;33;32;33;33;5AA;139;3C0;3.2;21.9;-8.0;14.4;5.5;76.2;0.1804;0.0448;-1.0750;1.1750;-1.2147;
438.77;0;0;0;58;32;32;32;32;32;59D;139;3C0;3.2;23.2;26.5;14.4;5.5;76.2;0.1961;0.0432;-1.0250;1.0750;3.9878;
439.02;0;0;0;59;31;32;31;31;31;572;139;3C0;3.2;24.3;38.0;14.4;5.5;76.2;0.1961;0.0393;-0.8500;0.8750;5.5472;
439.27;0;0;0;59;31;31;31;31;31;569;139;3C0;3.2;24.3;40.5;14.4;5.5;76.2;0.2039;0.0335;-0.7750;0.7250;5.8740;
439.52;0;0;0;59;30;30;30;30;30;555;139;3C0;3.2;25.2;50.5;14.4;5.5;76.2;0.2235;0.0275;-0.7000;0.5750;7.2186;
439.77;0;0;0;59;30;30;30;30;30;549;139;3C0;3.2;25.2;59.0;14.4;5.5;76.2;0.2510;0.0230;-0.5750;0.3500;8.3595;
440.02;0;0;0;59;2F;2E;2F;2F;2F;53D;139;3C0;3.2;25.9;95.5;14.4;5.5;76.2;0.3373;0.0226;-0.4750;0.4500;13.4110;
440.27;0;0;0;59;2F;2F;2F;2F;2F;53A;139;3C0;3.2;25.9;122.0;14.4;5.5;76.2;0.3490;0.0218;-0.4500;0.2500;17.0940;
440.52;0;0;0;59;2F;2F;2F;2F;2F;538;139;3C0;3.2;25.9;144.0;14.4;5.5;76.2;0.3765;0.0190;-0.2750;0.2500;20.1464;
440.77;0;0;0;59;2F;2F;2F;2F;2F;52D;139;3C0;3.2;26.1;159.0;14.4;5.5;76.2;0.3922;0.0081;-0.2750;-0.2000;22.0618;
441.02;0;0;0;59;2E;2F;2F;2F;2F;52D;139;3C0;3.2;26.3;180.5;14.4;5.5;76.2;0.4078;0.0085;-0.1000;0.0000;25.0450;
441.27;0;0;0;59;2F;2F;2F;2F;2F;531;139;3C0;3.2;26.3;184.0;14.4;5.5;76.2;0.4039;0.0158;0.0000;-0.0750;25.6077;
441.52;0;0;0;59;2F;2F;2F;2F;2F;532;139;3C0;3.2;26.1;181.5;14.4;5.5;76.2;0.3922;0.0250;-0.0500;0.5250;25.2788;
441.77;0;0;0;59;2F;2F;2F;2F;2F;531;139;3C0;3.2;26.1;174.5;14.4;5.5;76.2;0.3765;0.0311;-0.0500;0.6000;24.2856;
442.02;0;0;0;59;2F;2F;2F;2F;2F;52B;139;3C0;3.2;25.4;141.0;14.4;5.5;76.2;0.3216;0.0322;-0.0500;0.5750;19.5347;
442.27;0;0;0;59;2F;2F;2F;2F;2F;52A;139;3C0;3.2;25.4;119.0;14.4;5.5;76.2;0.3059;0.0174;-0.0750;0.5500;16.4743;
442.52;0;0;0;59;2E;2F;2E;2F;2F;529;139;3C0;3.2;24.9;116.5;14.4;5.5;76.2;0.3098;0.0116;-0.1750;0.1000;16.1160;
442.77;0;0;0;59;2E;2E;2E;2E;2F;525;139;3C0;3.2;24.9;122.5;14.4;5.5;76.2;0.3490;0.0051;-0.2500;-0.1750;16.8947;
443.02;0;0;0;59;2E;2E;2E;2E;2E;520;139;3C0;3.2;24.1;148.5;14.4;5.5;76.2;0.3843;0.0037;-0.1750;0.0250;20.4028;
443.27;0;0;0;59;2E;2E;2E;2E;2E;51C;139;3C0;3.2;23.1;165.0;14.4;5.5;76.2;0.3922;0.0037;-0.1250;0.1750;22.6006;
443.52;0;0;0;59;2E;2E;2E;2E;2E;51F;139;3C0;3.2;23.1;184.0;14.4;5.5;76.2;0.4235;0.0016;-0.0500;-0.0750;25.2609;
443.79;0;0;0;59;2E;2E;2E;2E;2E;51F;139;3C0;3.2;22.8;199.5;14.4;5.5;76.2;0.4431;-0.0050;0.0250;-0.3500;27.3889;
444.04;0;0;0;59;2E;2E;2E;2E;2E;523;139;3C0;3.2;22.2;211.5;14.4;5.5;76.2;0.4471;-0.0115;0.0500;-0.8250;29.1249;
444.29;0;0;0;59;2E;2E;2F;2E;2F;523;139;3C0;3.2;22.2;214.0;14.4;5.5;76.2;0.4471;-0.0259;0.1250;-0.7000;29.4692;
444.54;0;0;0;59;2F;2E;2F;2E;2F;530;139;3C0;3.2;21.5;214.0;14.4;5.5;76.2;0.4471;-0.0301;0.1500;-1.0250;29.7605;
444.79;0;0;0;59;2F;2F;2F;2F;2F;52E;139;3C0;3.2;21.5;213.5;14.4;5.5;76.2;0.4431;-0.0301;0.1250;-0.7750;29.6463;
445.04;0;0;0;59;2F;2E;2F;2F;2F;532;139;3C0;3.2;21.0;212.0;14.4;5.5;76.2;0.4431;-0.0301;0.1250;-0.7750;29.5268;
445.29;0;0;0;59;2F;2F;2F;2F;2F;538;139;3C0;3.2;20.7;210.5;14.4;5.5;76.2;0.4392;-0.0295;0.1250;-0.8500;29.4501;
445.54;0;0;0;59;2F;2F;30;2F;2F;541;139;3C0;3.2;20.7;210.0;14.4;5.5;76.2;0.4392;-0.0275;0.1500;-0.7000;29.5781;
445.79;0;0;0;59;2F;2F;30;2F;30;53F;139;3C0;3.2;20.4;210.0;14.4;5.5;76.2;0.4392;-0.0238;0.1500;-0.6000;29.5341;
446.04;0;0;0;59;30;30;30;30;30;547;139;3BE;3.2;20.4;207.0;14.4;5.5;76.2;0.4314;-0.0177;0.2000;-0.3250;29.2856;
446.29;0;0;0;59;30;30;30;30;30;553;139;3C0;3.2;19.8;204.5;14.4;5.5;76.2;0.4275;0.0003;0.2000;0.0500;29.1889;
446.54;0;0;0;59;30;30;30;30;30;559;139;3BE;3.2;19.8;201.5;14.4;5.5;76.2;0.4275;0.0076;0.1750;0.4750;28.8873;
446.79;0;0;0;59;30;30;30;30;30;556;139;3C0;3.2;19.4;200.5;14.4;5.5;76.2;0.4275;0.0135;0.1750;0.5750;28.6810;
447.04;0;0;0;59;30;31;31;31;31;55E;139;3BE;3.2;19.4;199.5;14.4;5.5;76.2;0.4275;0.0148;0.1750;0.7750;28.7050;
447.29;0;0;0;5A;31;31;31;31;31;567;139;3BE;3.2;19.4;199.5;14.4;5.5;76.2;0.4275;0.0149;0.1500;0.6500;28.8931;
447.54;0;0;0;5A;31;31;31;31;31;56F;139;3BE;3.2;19.7;198.5;14.4;5.5;76.2;0.4196;0.0147;0.2250;0.4750;28.9145;
447.79;0;0;0;5A;31;31;31;31;31;571;139;3BE;3.2;19.7;195.0;14.4;5.5;76.2;0.4157;0.0125;0.2000;0.5750;28.4456;
448.04;0;0;0;5A;31;32;31;32;32;57B;139;3BE;3.2;19.5;189.0;14.4;5.5;76.2;0.4039;0.0083;0.2000;0.3250;27.7682;
448.29;0;0;0;5A;31;32;32;32;32;57E;139;3BE;3.2;20.0;171.5;14.4;5.5;76.2;0.3765;-0.0050;0.2250;-0.0500;25.2510;
448.54;0;0;0;5A;32;32;32;32;32;587;139;3BE;3.2;20.0;158.5;14.4;5.5;76.2;0.3686;-0.0103;0.2000;-0.1500;23.4863;
448.80;0;0;0;5A;32;32;32;32;32;58C;139;3BE;3.2;20.3;158.5;14.4;5.5;76.2;0.3725;-0.0149;0.1750;-0.3500;23.5693;
449.05;0;0;0;5A;32;32;32;32;32;593;139;3BE;3.2;20.4;158.5;14.4;5.5;76.2;0.3765;-0.0201;0.1500;-0.5000;23.6855;
449.30;0;0;0;5A;33;32;32;32;33;592;139;3BE;3.2;20.4;162.0;14.4;5.5;76.2;0.3765;-0.0195;0.1500;-0.4500;24.1915;
449.55;0;0;0;5A;33;33;33;33;33;59F;139;3BE;3.2;20.5;162.5;14.4;5.5;76.2;0.3765;-0.0182;0.2250;-0.3500;24.4874;
449.80;0;0;0;5A;33;33;33;33;33;5A9;139;3BE;3.2;20.7;163.0;14.4;5.5;76.2;0.3765;-0.0156;0.2500;-0.2500;24.7334;
450.05;0;0;0;5A;33;33;33;33;34;5B2;139;3BE;3.2;20.7;167.0;14.4;5.5;76.2;0.3882;-0.0119;0.3500;-0.1250;25.4978;
450.30;0;0;0;5A;34;34;34;34;34;5C4;139;3BE;3.2;20.7;171.5;14.4;5.5;76.2;0.4078;-0.0119;0.4750;-0.1000;26.5081;
450.55;0;0;0;5A;35;35;35;35;35;5D1;139;3BE;3.2;21.1;191.5;14.4;5.5;76.2;0.4314;-0.0081;0.5250;-0.2000;29.8602;
450.80;0;0;0;5A;36;36;36;36;36;5E9;139;3BE;3.2;20.8;201.5;14.4;5.5;76.2;0.4431;-0.0041;0.7000;0.1500;31.9259;
451.05;0;0;0;5A;36;36;36;36;36;608;139;3BE;3.2;20.8;209.0;14.4;5.5;76.2;0.4471;-0.0043;0.8250;-0.2000;33.7926;
451.30;0;0;0;5A;37;37;37;37;38;61E;139;3BE;3.2;20.7;213.0;14.4;5.5;76.2;0.4549;-0.0062;1.0500;-0.2500;34.9301;
451.55;0;0;0;5A;38;38;38;38;38;640;139;3BE;3.2;20.7;218.5;14.4;5.5;76.2;0.4667;-0.0067;1.1250;-0.2500;36.6100;
451.80;0;0;0;5A;3A;3A;3A;3A;3A;65E;139;3BE;3.2;20.4;220.5;14.4;5.5;76.2;0.4706;-0.0063;1.2500;-0.0750;37.6379;
452.05;0;0;0;5A;3B;3B;3B;3B;3B;682;139;3BE;3.2;20.1;226.5;14.4;5.5;76.2;0.4745;-0.0062;1.3250;-0.0750;39.5159;
452.30;0;0;0;5A;3C;3C;3C;3C;3C;6A0;139;3BE;3.2;20.1;226.0;14.4;5.5;76.2;0.4745;-0.0063;1.3750;-0.2250;40.1387;
452.55;0;0;0;5A;3D;3D;3D;3D;3D;6CA;139;3BE;3.2;19.7;221.0;14.4;5.5;76.2;0.4588;-0.0064;1.3250;-0.2000;40.2226;
452.80;0;0;0;5A;3F;3F;3F;3F;3F;6E4;139;3BE;3.2;19.6;211.0;14.4;5.5;76.2;0.4000;-0.0073;1.3500;-0.4250;38.9771;
453.05;1;0;0;5A;3F;3F;3F;3F;3F;6B5;139;3BE;3.2;19.6;-32.0;14.4;5.5;76.2;0.0000;-0.0092;0.9000;-0.4750;-5.7537;
453.30;1;0;0;5A;3F;3F;3F;3F;3F;617;139;3BE;3.2;19.8;-29.5;14.4;5.5;76.2;0.0000;-0.0093;0.3750;-0.2750;-4.8161;
453.55;1;0;0;5A;3F;3F;3F;3F;3F;5B3;139;3BE;3.2;19.8;67.5;14.4;5.5;76.2;0.3255;-0.0098;0.1750;-0.5500;10.3131;
453.83;0;0;0;5A;40;40;40;40;40;5AA;139;3BE;3.2;20.3;198.0;14.4;5.5;76.2;0.5137;-0.0096;0.4250;-0.4000;30.0650;
454.08;0;0;0;5A;41;41;41;41;41;5C4;139;3BE;3.2;20.2;223.0;14.4;5.5;76.2;0.5176;-0.0103;0.6000;-0.6000;34.4683;
454.33;0;0;0;5A;42;42;42;42;42;5D9;139;3BE;3.2;20.2;248.5;14.4;5.5;76.2;0.5176;-0.0103;0.8500;-0.5000;38.9562;
454.58;0;0;0;5A;43;43;43;43;43;5EF;139;3BE;3.2;20.2;253.5;14.4;5.5;76.2;0.5137;-0.0098;0.9750;-0.5500;40.3241;
454.83;0;0;0;5A;44;44;44;44;44;610;139;3BE;3.2;20.0;252.0;14.4;5.5;76.2;0.5137;-0.0092;1.2000;-0.5500;40.9563;
455.08;0;0;0;5A;45;45;45;45;45;621;139;3BE;3.2;20.0;253.0;14.4;5.5;76.2;0.5137;-0.0040;1.1500;-0.5250;41.5692;
455.33;0;0;0;5A;47;47;46;46;47;641;139;3BE;3.2;20.0;251.0;14.4;5.5;76.2;0.5137;0.0000;1.2250;-0.3250;42.0817;
455.58;0;0;0;5A;47;48;47;47;48;657;139;3BE;3.2;19.7;250.0;14.4;5.5;76.2;0.5098;0.0023;1.3250;-0.3500;42.4900;
455.83;0;0;0;5A;49;49;49;49;49;677;139;3BE;3.2;20.0;248.5;14.4;5.5;76.2;0.5020;0.0026;1.3000;-0.1250;43.0678;
456.08;0;0;0;5B;4A;4A;4A;4A;4A;66F;139;3BE;3.2;20.0;132.0;14.4;5.5;76.2;0.0627;0.0029;1.1750;0.0000;22.7665;
456.33;1;0;0;5B;4A;4A;4A;4A;4A;5ED;139;3BE;3.2;20.1;-29.0;14.4;5.5;76.2;0.0000;0.0029;0.5500;0.0000;-4.6069;
456.58;1;0;0;5B;4A;4A;4A;4A;4A;544;139;3BE;3.2;20.1;-29.5;14.4;5.5;76.2;0.0549;0.0029;0.3250;-0.1000;-4.1643;
456.83;0;0;0;5B;4A;4B;4A;4A;4B;549;137;3BE;3.2;20.6;159.0;14.4;5.5;76.2;0.4000;0.0038;0.1750;-0.1750;22.5280;
457.08;0;0;0;5B;4B;4B;4B;4B;4B;578;137;3BE;3.2;21.2;201.0;14.4;5.5;76.2;0.4667;0.0056;0.3750;-0.0250;29.4681;
457.33;0;0;0;5B;4B;4C;4C;4C;4C;583;137;3BE;3.2;21.2;227.0;14.4;5.5;76.2;0.4667;0.0068;0.6000;0.1000;33.5414;
457.58;0;0;0;5B;4C;4C;4C;4C;4C;58F;137;3BE;3.2;21.0;223.5;14.4;5.5;76.2;0.4588;0.0092;0.6750;0.1750;33.3051;
457.83;0;0;0;5B;4D;4D;4D;4D;4D;59D;137;3BE;3.2;20.9;215.0;14.4;5.5;76.2;0.4471;0.0092;0.7000;0.1250;32.3537;
458.08;0;0;0;5B;4D;4E;4E;4E;4E;5A4;137;3BE;3.2;20.9;213.5;14.4;5.5;76.2;0.4471;0.0083;0.7750;0.1750;32.2845;
458.33;0;0;0;5B;4F;4F;4E;4F;4F;5B8;137;3BE;3.2;21.2;208.5;14.4;5.5;76.2;0.4353;0.0083;0.7500;0.1000;31.9651;
458.58;0;0;0;5B;4F;4F;4F;4F;4F;5BB;137;3BE;3.2;21.2;195.0;14.4;5.5;76.2;0.4118;0.0086;0.7250;0.0250;29.9567;
458.84;0;0;0;5B;4F;50;50;50;50;5CE;137;3BE;3.2;21.6;180.5;14.4;5.5;76.2;0.3922;0.0092;0.5750;0.2500;28.0882;
459.09;0;0;0;5B;50;50;50;50;50;5D0;137;3BE;3.2;21.6;165.0;14.4;5.5;76.2;0.3647;0.0103;0.5250;0.1500;25.7108;
459.34;0;0;0;5B;50;51;50;51;51;5D9;137;3BE;3.2;22.0;139.0;14.4;5.5;76.2;0.3255;0.0108;0.5500;0.2000;21.7904;
459.59;0;0;0;5B;51;51;51;51;51;5E0;137;3BE;3.2;22.0;119.0;14.4;5.5;76.2;0.2902;0.0110;0.4750;0.2500;18.7423;
459.84;0;0;0;5B;51;51;51;51;51;5E5;137;3BE;3.2;22.6;78.5;14.4;5.5;76.2;0.2471;0.0110;0.3500;0.1250;12.4047;
460.09;0;0;0;5B;51;51;51;51;52;5E5;137;3BE;3.2;22.9;59.5;14.4;5.5;76.2;0.1882;0.0103;0.2250;0.1500;9.4023;
460.34;0;0;0;5B;51;52;51;51;52;5D8;137;3BE;3.2;22.9;-17.0;14.4;5.5;76.2;0.0000;0.0092;0.0750;0.1000;-2.6632;
460.59;0;0;0;5B;51;51;51;51;51;5DB;137;3BE;3.2;23.4;-27.5;14.4;5.5;76.2;0.0000;0.0059;-0.1000;0.1250;-4.3168;
460.84;0;0;0;5B;51;51;51;51;51;5EE;137;3BE;3.2;23.5;9.0;14.4;5.5;76.2;0.2196;0.0032;-0.1750;0.0000;1.4307;
461.09;0;0;0;5B;51;51;51;51;51;5E4;137;3BE;3.2;23.5;43.0;14.4;5.5;76.2;0.2235;0.0032;-0.1500;0.0000;6.7904;
461.34;0;0;0;5B;51;51;51;51;51;5E1;137;3BE;3.2;23.5;55.0;14.4;5.5;76.2;0.2235;0.0037;-0.0500;-0.0250;8.6682;
461.59;0;0;0;5B;51;51;51;51;51;5DE;137;3BE;3.2;23.5;57.5;14.4;5.5;76.2;0.2196;0.0037;0.0250;0.0000;9.0441;
461.84;0;0;0;5B;51;51;51;51;51;5E5;137;3BE;3.2;23.7;56.0;14.4;5.5;76.2;0.2196;0.0041;0.0250;0.1500;8.8492;
462.09;0;0;0;5B;51;51;51;51;51;5E1;137;3BE;3.2;23.9;57.0;14.4;5.5;76.2;0.2196;0.0053;0.0000;-0.0250;8.9834;
462.34;0;0;0;5B;51;51;51;51;51;5E2;137;3BE;3.2;23.9;56.0;14.4;5.5;76.2;0.2196;0.0053;-0.1000;0.1500;8.8316;
462.59;0;0;0;5B;51;51;51;51;51;5E4;137;3BE;3.2;24.4;56.0;14.4;5.5;76.2;0.2196;0.0043;0.0000;0.0750;8.8434;
462.84;0;0;0;5B;51;51;51;51;51;5E5;137;3BE;3.2;24.4;56.5;14.4;5.5;76.2;0.2196;0.0043;0.0250;0.0500;8.9282;
463.09;0;0;0;5B;51;51;51;51;51;5E6;137;3BE;3.2;24.4;56.0;14.4;5.5;76.2;0.2196;0.0025;0.0000;0.1250;8.8551;
463.34;0;0;0;5B;51;51;51;51;51;5E5;137;3BE;3.2;24.4;55.0;14.4;5.5;76.2;0.2118;0.0028;-0.0500;0.0000;8.6912;
463.59;0;0;0;5B;51;51;51;51;51;5D2;137;3BE;3.2;24.5;8.5;14.4;5.5;76.2;0.0000;0.0026;-0.1000;0.2000;1.3263;
463.85;0;0;0;5B;51;51;51;51;51;5D4;137;3BE;3.2;24.7;-22.0;14.4;5.5;76.2;0.0000;0.0018;-0.1500;0.0000;-3.4373;
464.10;0;0;0;5B;50;51;50;50;51;5D1;137;3BE;3.2;24.7;-32.5;14.4;5.5;76.2;0.0000;0.0023;-0.3250;-0.0500;-5.0677;
464.35;0;0;0;5B;50;51;50;50;50;5CE;137;3BE;3.2;24.6;-33.0;14.4;5.5;76.2;0.0000;0.0032;-0.3500;-0.1750;-5.1352;
464.60;0;0;0;5B;50;50;50;50;50;5CC;137;3BE;3.2;24.8;-33.0;14.4;5.5;76.2;0.0000;0.0041;-0.4000;0.0750;-5.1283;
464.85;0;0;0;5B;4F;50;4F;4F;50;5C4;137;3BE;3.2;24.8;-33.0;14.4;5.5;76.2;0.0000;0.0071;-0.4000;0.0000;-5.1007;
465.10;0;0;0;5B;4F;4F;4F;4F;4F;5BC;137;3BE;3.2;24.5;-32.5;14.4;5.5;76.2;0.0000;0.0103;-0.4750;0.3250;-4.9962;
465.35;0;0;0;5B;4F;4F;4E;4F;4F;5B6;137;3BE;3.2;24.5;-32.5;14.4;5.5;76.2;0.0000;0.0128;-0.4250;0.5500;-4.9758;
465.60;0;0;0;5B;4E;4F;4E;4E;4E;5AF;137;3BE;3.2;24.8;-32.5;14.4;5.5;76.2;0.0000;0.0125;-0.4000;0.5250;-4.9519;
465.85;0;0;0;5B;4E;4E;4E;4E;4E;5A8;137;3BE;3.2;25.4;-32.5;14.4;5.5;76.2;0.0000;0.0113;-0.4000;0.4500;-4.9281;
466.10;0;0;0;5B;4E;4E;4D;4E;4E;5A5;137;3BE;3.2;25.4;-32.5;14.4;5.5;76.2;0.0000;0.0123;-0.3750;0.5000;-4.9179;
466.35;0;0;0;5B;4D;4D;4D;4D;4E;59E;137;3BE;3.2;25.5;-32.5;14.4;5.5;76.2;0.0000;0.0138;-0.3250;0.4250;-4.8941;
466.60;0;0;0;5B;4D;4D;4D;4D;4D;59A;137;3BE;3.2;25.6;-32.5;14.4;5.5;76.2;0.0000;0.0140;-0.3500;0.6500;-4.8805;
466.85;0;0;0;5B;4D;4D;4D;4D;4D;594;137;3BE;3.2;25.6;-32.5;14.4;5.5;76.2;0.0000;0.0148;-0.3500;0.5250;-4.8600;
467.10;0;0;0;5B;4C;4C;4C;4D;4D;58F;137;3BE;3.2;25.6;-32.0;14.4;5.5;76.2;0.0000;0.0153;-0.3500;0.4750;-4.7685;
467.35;0;0;0;5B;4C;4C;4C;4C;4D;589;137;3BE;3.2;26.0;-32.0;14.4;5.5;76.2;0.0000;0.0158;-0.3500;0.6500;-4.7484;
467.60;0;0;0;5B;4C;4C;4C;4C;4C;587;137;3BE;3.2;26.4;-32.0;14.4;5.5;76.2;0.0000;0.0158;-0.3250;0.7000;-4.7417;
467.85;0;0;0;5B;4C;4C;4B;4C;4C;57F;137;3C0;3.2;26.4;-32.0;14.4;5.5;76.2;0.0000;0.0158;-0.3500;0.6500;-4.7149;
468.10;0;0;0;5B;4B;4C;4B;4B;4C;578;137;3BE;3.2;26.6;-32.0;14.4;5.5;76.2;0.0000;0.0158;-0.3500;0.5750;-4.6914;
468.35;0;0;0;5B;4B;4B;4B;4B;4B;574;137;3C0;3.2;26.6;-32.0;14.4;5.5;76.2;0.0000;0.0152;-0.3250;0.4250;-4.6780;
468.60;0;0;0;5B;4B;4B;4B;4B;4B;572;137;3BE;3.2;26.8;-31.5;14.4;5.5;76.2;0.0000;0.0148;-0.3250;0.5750;-4.5983;
468.86;0;0;0;5B;4B;4B;4B;4B;4B;56D;137;3BE;3.2;27.2;-31.5;14.4;5.5;76.2;0.0000;0.0147;-0.2500;0.6750;-4.5819;
469.11;0;0;0;5B;4A;4A;4A;4A;4B;568;137;3BE;3.2;27.2;-31.5;14.4;5.5;76.2;0.0000;0.0125;-0.2500;0.3750;-4.5654;
469.36;0;0;0;5B;4A;4A;4A;4A;4B;564;137;3BE;3.2;27.4;-31.5;14.4;5.5;76.2;0.0000;0.0064;-0.2250;0.1000;-4.5522;
469.61;0;0;0;5B;4A;4A;4A;4A;4A;561;137;3BE;3.2;27.4;-31.5;14.4;5.5;76.2;0.0000;0.0011;-0.1750;-0.2500;-4.5423;
469.86;0;0;0;5B;4A;4A;4A;4A;4A;561;137;3BE;3.2;27.4;-31.5;14.4;5.5;76.2;0.0000;-0.0041;-0.1750;-0.2750;-4.5423;
470.11;0;0;0;5B;4A;4A;4A;4A;4A;55E;137;3BE;3.2;27.0;-31.5;14.4;5.5;76.2;0.0000;-0.0041;-0.1750;-0.3500;-4.5324;
470.36;0;0;0;5B;4A;4A;4A;4A;4A;55B;137;3BE;3.2;27.0;-31.5;14.4;5.5;76.2;0.0000;-0.0051;-0.1750;-0.4750;-4.5225;
470.61;0;0;0;5B;4A;4A;49;49;4A;556;137;3BE;3.2;26.4;-31.5;14.4;5.5;76.2;0.0000;-0.0048;-0.1750;-0.7000;-4.5060;
470.86;0;0;0;5B;49;4A;49;4A;4A;557;137;3BE;3.2;26.2;-31.5;14.4;5.5;76.2;0.0000;-0.0040;-0.1250;-0.4750;-4.5093;
471.11;0;0;0;5B;49;49;49;49;4A;556;137;3BE;3.2;26.2;-31.5;14.4;5.5;76.2;0.0000;-0.0023;-0.1250;-0.2500;-4.5060;
471.36;0;0;0;5B;49;49;49;49;4A;554;137;3BE;3.2;26.2;-31.5;14.4;5.5;76.2;0.0000;-0.0007;-0.1250;-0.3500;-4.4994;
471.61;0;0;0;5B;49;49;49;49;49;553;137;3BE;3.2;25.9;-31.5;14.4;5.5;76.2;0.0000;0.0003;-0.1250;-0.2750;-4.4961;
471.86;0;0;0;5B;49;49;49;49;49;551;137;3C0;3.2;25.2;-31.5;14.4;5.5;76.2;0.0000;0.0023;-0.0750;-0.2250;-4.4895;
472.11;0;0;0;5B;49;49;49;49;4A;553;137;3BE;3.2;25.2;-31.5;14.4;5.5;76.2;0.0000;0.0026;0.0000;-0.1250;-4.4961;
472.36;0;0;0;5B;49;49;49;49;4A;553;137;3BE;3.2;25.0;-31.5;14.4;5.5;76.2;0.0000;0.0037;-0.0250;-0.0500;-4.4961;
472.61;0;0;0;5B;49;4A;49;49;4A;555;137;3BE;3.2;25.0;-31.5;14.4;5.5;76.2;0.0000;0.0033;0.0000;-0.0250;-4.5027;
472.86;0;0;0;5B;49;49;49;49;4A;554;137;3BE;3.2;25.0;-31.5;14.4;5.5;76.2;0.0000;-0.0001;0.0000;-0.0250;-4.4994;
473.11;0;0;0;5B;49;4A;49;49;4A;556;137;3BE;3.2;24.4;-31.5;14.4;5.5;76.2;0.0000;-0.0004;0.0000;-0.2250;-4.5060;
473.36;0;0;0;5B;49;4A;49;49;4A;556;137;3BE;3.2;24.4;-31.5;14.4;5.5;76.2;0.0000;-0.0004;0.0000;-0.2750;-4.5060;
473.61;0;0;0;5B;4A;4A;49;49;4A;554;137;3C0;3.2;24.3;-31.5;14.4;5.5;76.2;0.0000;-0.0004;0.0000;-0.2750;-4.4994;
473.88;0;0;0;5B;49;4A;49;4A;4A;557;137;3C0;3.2;24.0;-31.5;14.4;5.5;76.2;0.0000;-0.0001;0.0250;-0.1250;-4.5093;
474.13;0;0;0;5B;49;4A;49;4A;4A;558;137;3C0;3.2;24.0;-31.5;14.4;5.5;76.2;0.0000;0.0003;0.0250;-0.0500;-4.5126;
474.38;0;0;0;5B;4A;4A;49;4A;4A;557;137;3C0;3.2;24.1;-31.5;14.4;5.5;76.2;0.0000;0.0016;0.0000;-0.1000;-4.5093;
474.63;0;0;0;5A;4A;4A;4A;4A;4A;559;137;3C0;3.2;24.5;-31.5;14.4;5.5;76.2;0.0000;0.0026;0.0750;-0.0500;-4.5159;
474.88;0;0;0;5A;4A;4A;4A;4A;4A;559;137;3C0;3.2;24.5;-31.5;14.4;5.5;76.2;0.0000;0.0051;0.0500;0.0250;-4.5159;
475.13;0;0;0;5A;4A;4A;4A;4A;4A;55B;137;3C0;3.2;24.5;-31.5;14.4;5.5;76.2;0.0000;0.0051;0.0000;-0.0250;-4.5225;
475.38;0;0;0;5A;4A;4A;49;4A;4A;55A;137;3C0;3.2;24.5;-31.5;14.4;5.5;76.2;0.0000;0.0058;0.0250;0.1000;-4.5192;
475.63;0;0;0;5A;4A;4A;49;4A;4A;559;137;3C0;3.2;24.9;-31.5;14.4;5.5;76.2;0.0000;0.0059;-0.0250;0.1750;-4.5159;
475.88;0;0;0;5A;4A;4A;4A;4A;4A;55B;137;3C0;3.2;24.9;-31.5;14.4;5.5;76.2;0.0000;0.0059;0.0000;0.1250;-4.5225;
476.13;0;0;0;5A;4A;4A;4A;4A;4A;55B;137;3C0;3.2;25.2;-31.5;14.4;5.5;76.2;0.0000;0.0059;0.0250;0.0750;-4.5225;
476.38;0;0;0;5A;4A;4A;4A;4A;4A;55D;137;3C0;3.2;25.2;-31.5;14.4;5.5;76.2;0.0000;0.0059;0.0250;0.1500;-4.5291;
476.63;0;0;0;5A;4A;4A;4A;4A;4A;55E;137;3C0;3.2;25.2;-31.5;14.4;5.5;76.2;0.0000;0.0059;0.0500;0.0750;-4.5324;
476.88;0;0;0;5A;4A;4A;4A;4A;4A;55D;137;3C0;3.2;25.4;-31.5;14.4;5.5;76.2;0.0000;0.0059;0.0500;0.1250;-4.5291;
477.13;0;0;0;5A;4A;4A;4A;4A;4A;562;137;3C0;3.2;25.4;-31.5;14.4;5.5;76.2;0.0000;0.0059;0.0750;0.1750;-4.5456;
477.38;0;0;0;5A;4A;4A;4A;4A;4A;563;137;3C0;3.2;25.4;-31.5;14.4;5.5;76.2;0.0000;0.0059;0.0500;0.1500;-4.5489;
477.63;0;0;0;5A;4A;4A;4A;4A;4A;565;137;3C0;3.2;25.6;-31.5;14.4;5.5;76.2;0.0000;0.0059;0.0750;0.1750;-4.5555;
477.88;0;0;0;5A;4A;4A;4A;4A;4A;564;137;3C0;3.2;25.6;-32.0;14.4;5.5;76.2;0.0000;0.0059;0.0500;0.1000;-4.6244;
478.13;0;0;0;5A;4A;4A;4A;4A;4A;564;137;3C0;3.2;25.9;-32.0;14.4;5.5;76.2;0.0000;0.0058;0.0000;0.1000;-4.6244;
478.38;0;0;0;5A;4B;4B;4A;4A;4B;568;137;3C0;3.2;25.9;-31.5;14.4;5.5;76.2;0.0000;0.0041;0.0500;0.0500;-4.5654;
478.63;0;0;0;5A;4A;4A;4A;4A;4B;568;137;3C0;3.2;26.0;-32.0;14.4;5.5;76.2;0.0000;0.0034;0.0250;-0.1000;-4.6378;
478.89;0;0;0;5A;4A;4A;4A;4A;4B;568;137;3C0;3.2;26.0;-32.0;14.4;5.5;76.2;0.0000;-0.0001;0.0500;-0.1750;-4.6378;
479.14;0;0;0;5A;4B;4B;4B;4B;4B;56B;137;3C0;3.2;26.0;-32.0;14.4;5.5;76.2;0.0000;-0.0007;0.0500;-0.2500;-4.6479;
479.39;0;0;0;5A;4B;4B;4B;4B;4B;56E;137;3C0;3.2;26.0;-32.0;14.4;5.5;76.2;0.0000;-0.0008;0.0750;-0.0250;-4.6579;
479.64;0;0;0;5A;4B;4B;4B;4B;4B;56E;137;3C0;3.2;26.0;-32.0;14.4;5.5;76.2;0.0000;-0.0008;0.0500;-0.1250;-4.6579;
479.89;0;0;0;5A;4B;4B;4B;4B;4B;56F;137;3C0;3.2;25.6;-32.0;14.4;5.5;76.2;0.0000;-0.0007;0.0500;-0.3250;-4.6613;
480.14;0;0;0;5A;4B;4B;4B;4B;4B;570;137;3C0;3.2;25.6;-32.0;14.4;5.5;76.2;0.0000;-0.0007;0.0750;-0.1750;-4.6646;
480.39;0;0;0;5A;4B;4B;4B;4B;4B;570;137;3C0;3.2;25.6;-32.0;14.4;5.5;76.2;0.0000;-0.0008;0.0500;-0.4250;-4.6646;
480.64;0;0;0;5A;4B;4B;4B;4B;4B;573;137;3C0;3.2;25.5;-32.0;14.4;5.5;76.2;0.0000;-0.0008;0.0500;-0.2250;-4.6747;
480.89;0;0;0;5A;4B;4B;4B;4B;4B;574;137;3C0;3.2;25.5;-32.0;14.4;5.5;76.2;0.0000;-0.0023;0.0250;-0.3500;-4.6780;
481.14;0;0;0;5A;4B;4B;4B;4B;4B;574;137;3C0;3.2;25.2;-32.0;14.4;5.5;76.2;0.0000;-0.0033;0.0250;-0.4000;-4.6780;
481.39;0;0;0;5A;4B;4B;4B;4B;4B;574;137;3C0;3.2;25.0;-32.0;14.4;5.5;76.2;0.0000;-0.0028;0.0000;-0.4250;-4.6780;
481.64;0;0;0;5A;4B;4B;4B;4B;4B;575;137;3C0;3.2;25.0;-32.0;14.4;5.5;76.2;0.0000;-0.0011;0.0000;-0.4500;-4.6814;
481.89;0;0;0;5A;4B;4B;4B;4B;4B;574;135;3C0;3.2;24.8;-32.0;14.4;5.5;76.2;0.0000;0.0004;0.0250;-0.0500;-4.6780;
482.14;0;0;0;5A;4B;4B;4B;4B;4B;575;135;3C0;3.2;24.8;-32.0;14.4;5.5;76.2;0.0000;0.0016;0.0000;0.0000;-4.6814;
482.39;0;0;0;5A;4B;4C;4B;4B;4C;579;135;3C0;3.2;24.5;-32.0;14.4;5.5;76.2;0.0000;0.0020;0.0750;-0.1500;-4.6948;
482.64;0;0;0;5A;4B;4B;4B;4B;4C;57A;135;3C0;3.2;24.5;-32.0;14.4;5.5;76.2;0.0000;0.0023;0.0500;0.0000;-4.6981;
482.89;0;0;0;5A;4C;4B;4B;4B;4C;57A;135;3C0;3.2;24.5;-32.0;14.4;5.5;76.2;0.0000;-0.0001;0.0250;0.0000;-4.6981;
483.14;0;0;0;5A;4C;4C;4B;4B;4C;57B;135;3C0;3.2;24.3;-32.0;14.4;5.5;76.2;0.0000;0.0000;0.0500;-0.2750;-4.7015;
483.39;0;0;0;59;4C;4C;4B;4C;4C;57B;135;3C0;3.2;24.3;-32.0;14.4;5.5;76.2;0.0000;0.0001;0.0250;-0.2250;-4.7015;
483.64;0;0;0;59;4C;4C;4B;4C;4C;57B;135;3C0;3.2;24.3;-32.0;14.4;5.5;76.2;0.0000;0.0004;0.0000;-0.1500;-4.7015;
483.90;0;0;0;59;4C;4B;4C;4B;4C;57E;135;3C0;3.2;24.3;-32.0;14.4;5.5;76.2;0.0000;0.0018;0.0250;-0.0750;-4.7116;
484.15;0;0;0;59;4C;4C;4C;4C;4C;57E;135;3C0;3.2;24.3;-32.0;14.4;5.5;76.2;0.0000;0.0029;0.0250;-0.0250;-4.7116;
484.40;0;0;0;59;4C;4C;4C;4C;4C;57C;135;3C0;3.2;24.4;-32.5;14.4;5.5;76.2;0.0000;0.0046;-0.0250;0.0750;-4.7784;
484.65;0;0;0;59;4C;4C;4B;4C;4C;57E;135;3C0;3.2;24.4;-32.0;14.4;5.5;76.2;0.0000;0.0053;0.0000;0.1250;-4.7116;
484.90;0;0;0;59;4C;4C;4C;4C;4C;580;135;3C0;3.2;24.5;-32.5;14.4;5.5;76.2;0.0000;0.0053;0.0250;0.1000;-4.7920;
485.15;0;0;0;59;4C;4C;4C;4C;4C;582;135;3C0;3.2;24.5;-32.0;14.4;5.5;76.2;0.0000;0.0055;0.0750;0.0750;-4.7250;
485.40;0;0;0;59;4C;4C;4C;4C;4C;580;135;3C0;3.2;24.6;-32.5;14.4;5.5;76.2;0.0000;0.0056;-0.0250;-0.0750;-4.7920;
485.65;0;0;0;59;4C;4C;4C;4C;4C;582;135;3C0;3.2;24.8;-32.0;14.4;5.5;76.2;0.0000;0.0058;-0.0500;0.1250;-4.7250;
485.90;0;0;0;59;4C;4C;4C;4C;4C;585;135;3C0;3.2;24.8;-32.5;14.4;5.5;76.2;0.0000;0.0058;0.0750;0.4000;-4.8090;
486.15;0;0;0;59;4C;4C;4C;4C;4C;585;135;3C0;3.2;25.0;-32.5;14.4;5.5;76.2;0.0000;0.0058;0.0500;0.2000;-4.8090;
486.40;0;0;0;59;4C;4C;4C;4C;4C;581;135;3C0;3.2;25.2;-32.5;14.4;5.5;76.2;0.0000;0.0058;-0.0500;0.0000;-4.7954;
486.65;0;0;0;59;4C;4C;4C;4C;4C;583;135;3C0;3.2;25.2;-32.5;14.4;5.5;76.2;0.0000;0.0038;-0.0250;0.1000;-4.8022;
486.90;0;0;0;59;4C;4C;4C;4C;4C;586;135;3C0;3.2;25.4;-32.5;14.4;5.5;76.2;0.0000;0.0020;0.0250;0.1500;-4.8124;
487.15;0;0;0;59;4C;4C;4C;4C;4C;584;135;3C0;3.2;25.4;-32.5;14.4;5.5;76.2;0.0000;0.0011;0.0500;0.0000;-4.8056;
487.40;0;0;0;59;4C;4C;4C;4C;4C;585;135;3C0;3.2;25.5;-32.5;14.4;5.5;76.2;0.0000;0.0020;-0.0250;0.2250;-4.8090;
487.65;0;0;0;59;4C;4C;4C;4C;4C;584;135;3C0;3.2;25.7;-32.0;14.4;5.5;76.2;0.0000;0.0025;-0.0500;-0.2250;-4.7317;
487.90;0;0;0;59;4C;4C;4C;4C;4C;585;135;3C0;3.2;25.7;-32.5;14.4;5.5;76.2;0.0000;0.0025;-0.0250;0.3750;-4.8090;
488.15;0;0;0;59;4C;4C;4C;4C;4C;584;135;3C0;3.2;25.7;-32.5;14.4;5.5;76.2;0.0000;0.0025;-0.0500;-0.1250;-4.8056;
488.40;0;0;0;59;4C;4C;4C;4C;4C;580;135;3C0;3.2;25.9;-32.5;14.4;5.5;76.2;0.0000;0.0025;-0.1000;-0.0250;-4.7920;
488.65;0;0;0;59;4C;4C;4C;4C;4C;583;135;3C0;3.2;26.0;-32.5;14.4;5.5;76.2;0.0000;0.0008;-0.0750;0.2250;-4.8022;
488.92;0;0;0;59;4C;4C;4C;4C;4C;582;135;3C0;3.2;26.0;-32.5;14.4;5.5;76.2;0.0000;0.0001;-0.0500;0.1000;-4.7988;
489.17;0;0;0;59;4C;4C;4C;4C;4C;582;135;3C0;3.2;26.2;-32.5;14.4;5.5;76.2;0.0000;-0.0004;0.0000;-0.2750;-4.7988;
489.42;0;0;0;59;4C;4C;4C;4C;4C;581;135;3C0;3.2;26.1;-32.5;14.4;5.5;76.2;0.0000;-0.0011;0.0000;-0.0250;-4.7954;
489.67;0;0;0;59;4C;4C;4C;4C;4C;581;135;3C0;3.2;26.1;-32.5;14.4;5.5;76.2;0.0000;-0.0011;-0.0750;0.0500;-4.7954;
489.92;0;0;0;59;4C;4C;4C;4C;4C;57E;135;3C0;3.2;26.0;-32.0;14.4;5.5;76.2;0.0000;-0.0010;-0.1000;-0.0750;-4.7116;
490.17;0;0;0;59;4C;4C;4C;4C;4C;581;135;3C0;3.2;26.0;-32.5;14.4;5.5;76.2;0.0000;-0.0010;-0.0250;0.0750;-4.7954;
490.42;0;0;0;59;4C;4C;4C;4C;4C;581;135;3C0;3.2;26.1;-32.5;14.4;5.5;76.2;0.0000;-0.0008;-0.0500;0.0000;-4.7954;
490.67;0;0;0;59;4C;4C;4C;4B;4C;57E;135;3C0;3.2;25.9;-32.5;14.4;5.5;76.2;0.0000;0.0000;-0.0750;0.0000;-4.7852;
490.92;0;0;0;59;4B;4C;4C;4B;4C;57B;135;3C0;3.2;25.9;-32.5;14.4;5.5;76.2;0.0000;0.0003;-0.0500;0.1750;-4.7750;
491.17;0;0;0;59;4B;4C;4B;4C;4C;57B;135;3C0;3.2;25.7;-32.0;14.4;5.5;76.2;0.0000;0.0004;-0.0750;0.0000;-4.7015;
491.42;0;0;0;59;4B;4C;4B;4B;4C;57A;135;3C0;3.2;25.8;-32.0;14.4;5.5;76.2;0.0000;0.0007;-0.0750;-0.0750;-4.6981;
491.67;0;0;0;59;4C;4C;4B;4B;4C;57B;135;3C0;3.2;25.8;-32.0;14.4;5.5;76.2;0.0000;0.0013;-0.0750;0.2000;-4.7015;
491.92;0;0;0;59;4B;4C;4B;4B;4C;578;135;3C0;3.2;25.7;-32.0;14.4;5.5;76.2;0.0000;0.0013;-0.0750;0.1000;-4.6914;
492.17;0;0;0;59;4B;4B;4B;4B;4B;576;135;3C0;3.2;25.7;-32.0;14.4;5.5;76.2;0.0000;0.0011;-0.1000;-0.0500;-4.6847;
492.42;0;0;0;59;4B;4B;4B;4B;4B;575;135;3C0;3.2;25.6;-32.0;14.4;5.5;76.2;0.0000;0.0008;-0.0750;-0.0750;-4.6814;
492.67;0;0;0;59;4B;4B;4B;4B;4B;576;135;3C0;3.2;25.6;-32.0;14.4;5.5;76.2;0.0000;0.0008;-0.0750;0.0500;-4.6847;
492.92;0;0;0;59;4B;4B;4B;4B;4B;576;135;3C0;3.2;25.4;-32.0;14.4;5.5;76.2;0.0000;0.0008;-0.0500;0.0500;-4.6847;
493.17;0;0;0;59;4B;4B;4B;4B;4B;574;135;3C0;3.2;25.4;-32.0;14.4;5.5;76.2;0.0000;-0.0003;-0.0750;0.0500;-4.6780;
493.42;0;0;0;59;4B;4B;4B;4B;4B;575;135;3C0;3.2;25.3;-32.0;14.4;5.5;76.2;0.0000;-0.0025;-0.0250;-0.1000;-4.6814;
493.67;0;0;0;59;4B;4B;4B;4B;4B;575;135;3C0;3.2;25.4;-32.0;14.4;5.5;76.2;0.0000;-0.0059;-0.0250;-0.1000;-4.6814;
493.93;0;0;0;59;4B;4B;4B;4B;4B;575;135;3C0;3.2;25.4;-32.0;14.4;5.5;76.2;0.0000;-0.0053;0.0000;-0.1750;-4.6814;
494.18;0;0;0;59;4B;4B;4B;4B;4B;572;135;3C0;3.2;25.3;-32.0;14.4;5.5;76.2;0.0000;-0.0038;-0.0500;0.2500;-4.6713;
494.43;0;0;0;59;4B;4B;4B;4B;4B;573;135;3C0;3.2;25.1;-32.0;14.4;5.5;76.2;0.0000;-0.0021;0.0000;-0.4000;-4.6747;
494.68;0;0;0;59;4B;4B;4B;4B;4B;571;135;3C0;3.2;25.1;-32.0;14.4;5.5;76.2;0.0000;-0.0004;-0.0750;0.2750;-4.6680;
494.93;0;0;0;59;4B;4B;4B;4B;4B;571;135;3C0;3.2;25.5;-32.0;14.4;5.5;76.2;0.0000;0.0018;-0.1000;0.0000;-4.6680;
495.18;0;0;0;59;4B;4B;4B;4B;4B;56E;135;3C0;3.2;25.5;-32.0;14.4;5.5;76.2;0.0000;0.0013;-0.0750;0.2750;-4.6579;
495.43;0;0;0;59;4B;4B;4B;4B;4B;56F;135;3C0;3.2;25.6;-32.0;14.4;5.5;76.2;0.0000;0.0011;-0.0250;0.3750;-4.6613;
495.68;0;0;0;59;4B;4B;4B;4B;4B;56F;135;3C2;3.2;25.6;-32.0;14.4;5.5;76.2;0.0000;-0.0080;-0.0500;0.0000;-4.6613;
495.93;0;0;0;58;4B;4B;4B;4A;4B;571;135;3C2;3.2;25.6;-32.0;14.4;5.5;76.2;0.0000;-0.0126;-0.0250;-0.0250;-4.6680;
496.18;0;0;0;58;4B;4B;4B;4B;4B;570;135;3C2;3.2;25.7;-32.0;14.4;5.5;76.2;0.0000;-0.0128;0.0000;-0.4000;-4.6646;
496.43;0;0;0;58;4B;4B;4B;4B;4B;56A;135;3C0;3.2;25.7;-32.0;14.4;5.5;76.2;0.0000;-0.0140;-0.0750;-0.4250;-4.6445;
496.68;0;0;0;58;4B;4A;4B;4B;4B;56C;135;3C0;3.2;25.5;-32.0;14.4;5.5;76.2;0.0000;-0.0141;-0.0500;-1.1000;-4.6512;
496.93;0;0;0;58;4B;4B;4B;4B;4B;56C;135;3C0;3.2;25.5;-32.0;14.4;5.5;76.2;0.0000;-0.0144;-0.0500;-0.8250;-4.6512;
497.18;0;0;0;58;4A;4A;4A;4A;4B;56B;135;3C2;3.2;25.2;-32.0;14.4;5.5;76.2;0.0000;-0.0190;-0.1000;-0.3500;-4.6479;
497.43;0;0;0;58;4B;4A;4B;4A;4B;566;135;3C0;3.2;25.1;-32.0;14.4;5.5;76.2;0.0000;-0.0185;-0.1500;-0.3500;-4.6311;
497.68;0;0;0;58;4B;4B;4A;4A;4B;567;135;3C2;3.2;25.1;-32.0;14.4;5.5;76.2;0.0000;-0.0173;-0.0250;-0.8250;-4.6345;
497.93;0;0;0;58;4A;4A;4B;4A;4B;567;135;3C2;3.2;24.9;-32.0;14.4;5.5;76.2;0.0000;-0.0177;0.0250;-0.4000;-4.6345;
498.18;0;0;0;58;4B;4A;4A;4A;4B;569;135;3C2;3.2;24.9;-32.0;14.4;5.5;76.2;0.0000;-0.0198;-0.0500;-0.6750;-4.6412;
498.43;0;0;0;58;4B;4A;4A;4A;4B;566;135;3C2;3.2;24.6;-32.0;14.4;5.5;76.2;0.0000;-0.0240;-0.0750;-0.8250;-4.6311;
498.68;0;0;0;58;4A;4A;4A;4A;4A;562;135;3C2;3.2;24.6;-32.0;14.4;5.5;76.2;0.0000;-0.0230;-0.1750;-0.6500;-4.6177;
498.94;0;0;0;58;4A;4A;4A;4A;4A;560;135;3C2;3.2;24.6;-32.0;14.4;5.5;76.2;0.0000;-0.0216;-0.1500;-0.9250;-4.6110;
499.19;0;0;0;58;4A;4A;4A;4A;4A;55E;135;3C2;3.2;23.8;-32.0;14.4;5.5;76.2;0.0000;-0.0204;-0.1500;-0.7000;-4.6043;
499.44;0;0;0;58;4A;4A;4A;4A;4A;55E;135;3C2;3.2;23.2;-32.5;14.4;5.5;76.2;0.0000;-0.0185;-0.1250;-0.6500;-4.6763;
499.69;0;0;0;58;4A;4A;4A;49;4A;55B;135;3C2;3.2;23.2;-32.5;14.4;5.5;76.2;0.0000;-0.0153;-0.1000;-0.4250;-4.6661;
499.94;0;0;0;58;4A;4A;4A;49;4A;557;135;3C2;3.2;23.2;-33.0;14.4;5.5;76.2;0.0000;-0.0155;-0.2250;-0.3250;-4.7240;
500.19;0;0;0;58;49;4A;49;49;4A;554;135;3C2;3.2;23.0;-33.0;14.4;5.5;76.2;0.0000;-0.0130;-0.1750;-0.2500;-4.7136;
500.44;0;0;0;58;49;49;49;49;49;54F;135;3C2;3.2;23.0;-33.0;14.5;5.5;76.2;0.0000;-0.0108;-0.2500;-0.1750;-4.6964;
500.69;0;0;0;58;49;49;49;49;49;54D;135;3C2;3.2;23.0;-33.0;14.5;5.5;76.2;0.0000;-0.0133;-0.1750;-0.0750;-4.6895;
500.94;0;0;0;58;49;49;49;49;49;548;135;3C2;3.2;22.8;-33.5;14.5;5.5;76.2;0.0000;-0.0174;-0.2250;-0.2750;-4.7430;
501.19;0;0;0;58;49;48;48;48;49;545;135;3C2;3.2;23.3;-33.5;14.5;5.5;76.2;0.0000;-0.0204;-0.3250;-0.7000;-4.7324;
501.44;0;0;0;58;48;48;48;48;48;53E;135;3C2;3.2;23.3;-33.5;14.5;5.5;76.2;0.0000;-0.0243;-0.2750;-1.2250;-4.7079;
501.69;0;0;0;58;48;48;48;48;48;538;135;3C2;3.2;23.1;-33.5;14.5;5.5;76.2;0.0000;-0.0174;-0.2750;-0.1250;-4.6868;
501.94;0;0;0;58;48;47;48;47;48;533;135;3C2;3.2;23.1;-33.5;14.5;5.5;76.2;0.0000;-0.0174;-0.3500;-1.1500;-4.6693;
502.19;0;0;0;58;47;47;47;47;48;530;135;3C2;3.2;22.5;-33.5;14.5;5.5;76.2;0.0000;-0.0174;-0.3250;-0.3250;-4.6588;
502.44;0;0;0;58;47;47;47;47;47;52A;135;3C2;3.2;22.7;-33.5;14.5;5.5;76.2;0.0000;-0.0168;-0.3500;-0.3250;-4.6377;
502.69;0;0;0;58;47;47;47;47;47;526;135;3C2;3.2;22.7;-33.5;14.5;5.5;76.2;0.0000;-0.0174;-0.2500;-0.1250;-4.6237;
502.94;0;0;0;58;47;47;47;47;47;521;135;3C2;3.2;23.0;-33.5;14.5;5.5;76.2;0.0000;-0.0174;-0.3250;-0.4000;-4.6062;
503.19;0;0;0;58;47;46;46;46;47;520;135;3C2;3.2;22.8;-33.5;14.5;5.5;76.2;0.0000;-0.0173;-0.1750;-0.7750;-4.6026;
503.44;0;0;0;58;46;46;46;46;47;51B;135;3C2;3.2;22.8;-33.5;14.5;5.5;76.2;0.0000;-0.0177;-0.1750;0.0750;-4.5851;
503.69;0;0;0;58;46;46;46;46;46;515;135;3C2;3.2;22.8;-33.5;14.5;5.5;76.2;0.0000;-0.0185;-0.3500;-1.1000;-4.5641;
503.96;0;0;0;58;46;46;46;46;46;512;135;3C2;3.2;22.8;-33.5;14.5;5.5;76.2;0.0000;-0.0213;-0.2500;-0.5250;-4.5535;
504.21;0;0;0;58;46;45;46;45;46;510;135;3C2;3.2;22.7;-33.5;14.5;5.5;76.2;0.0000;-0.0271;-0.2500;-0.7000;-4.5465;
504.46;0;0;0;58;45;45;45;45;46;509;135;3C2;3.2;22.1;-33.5;14.5;5.5;76.2;0.0000;-0.0271;-0.2500;-0.9000;-4.5220;
504.71;0;0;0;58;45;45;45;45;45;505;135;3C2;3.2;22.1;-33.5;14.5;5.5;76.2;0.0000;-0.0280;-0.2750;-0.9250;-4.5079;
504.96;0;0;0;58;45;45;45;45;45;503;135;3C2;3.2;22.1;-33.5;14.5;5.5;76.2;0.0000;-0.0288;-0.2500;-1.1500;-4.5009;
505.21;0;0;0;58;45;44;45;44;45;4FA;135;3C2;3.2;22.0;-33.5;14.5;5.5;76.2;0.0000;-0.0333;-0.3250;-1.3000;-4.4693;
505.46;0;0;0;58;45;44;45;44;45;4F8;135;3C2;3.2;21.4;-33.5;14.5;5.5;76.2;0.0000;-0.0363;-0.3500;-1.3500;-4.4623;
505.71;0;0;0;58;44;44;44;44;44;4F5;135;3C2;3.2;21.4;-33.5;14.5;5.5;76.2;0.0000;-0.0360;-0.2500;-1.3000;-4.4518;
505.96;0;0;0;58;44;43;44;43;44;4EB;135;3C2;3.2;21.0;-33.5;14.5;5.5;76.2;0.0000;-0.0361;-0.3750;-1.2500;-4.4167;
506.21;0;0;0;58;44;43;44;43;44;4E4;135;3C2;3.2;21.3;-33.5;14.5;5.5;76.2;0.0000;-0.0360;-0.3750;-1.3000;-4.3922;
506.46;0;0;0;58;44;43;43;43;43;4E8;135;3C2;3.2;21.3;-18.5;14.5;5.5;76.2;0.1020;-0.0361;-0.3250;-1.4250;-2.4333;
506.71;0;0;0;58;43;42;43;42;43;4E5;135;3C2;3.2;20.7;5.5;14.5;5.5;76.2;0.1490;-0.0353;-0.3750;-1.7000;0.7217;
506.96;0;0;0;58;43;43;43;42;43;4DB;135;3C2;3.2;20.7;17.0;14.5;5.5;76.2;0.1608;-0.0353;-0.2500;-1.9250;2.2128;
507.21;0;0;0;58;43;42;43;42;43;4DA;135;3C2;3.2;20.0;35.5;14.5;5.5;76.2;0.2235;-0.0366;-0.1500;-1.6750;4.6172;
507.46;0;0;0;58;43;42;43;42;43;4D8;135;3C2;3.2;19.8;57.5;14.5;5.5;76.2;0.2510;-0.0404;-0.2500;-1.9750;7.4665;
507.71;0;0;0;58;43;42;43;42;43;4D7;135;3C2;3.2;19.8;90.0;14.5;5.5;76.2;0.3020;-0.0408;-0.0750;-1.9250;11.6773;
507.96;0;0;0;58;43;42;43;42;43;4DC;135;3C2;3.2;19.7;111.0;14.5;5.5;76.2;0.3255;-0.0410;0.0500;-1.8000;14.4601;
508.21;0;0;0;58;43;42;43;42;43;4DE;135;3C2;3.2;18.6;138.5;14.5;5.5;76.2;0.3608;-0.0418;0.0250;-1.7750;18.0716;
508.46;0;0;0;58;43;43;43;42;43;4DF;135;3C2;3.2;18.6;152.5;14.5;5.5;76.2;0.3725;-0.0471;0.1000;-1.9250;19.9143;
508.71;0;0;0;58;43;42;43;43;43;4DF;135;3C2;3.2;18.4;173.5;14.5;5.5;76.2;0.4118;-0.0480;0.0250;-2.1750;22.6566;
508.97;0;0;0;58;44;43;43;43;43;4DF;135;3C2;3.2;18.4;189.0;14.5;5.5;76.2;0.4275;-0.0476;0.0500;-2.2500;24.6807;
509.22;0;0;0;58;44;43;44;43;43;4E6;135;3C2;3.2;18.1;197.0;14.4;5.5;76.2;0.4314;-0.0460;0.1250;-1.7750;25.8698;
509.47;0;0;0;58;44;43;44;43;44;4E4;135;3C2;3.2;18.1;202.0;14.4;5.5;76.2;0.4353;-0.0460;0.1250;-1.8000;26.4840;
509.72;0;0;0;58;44;43;44;43;44;4E9;135;3C2;3.2;17.5;208.5;14.4;5.5;76.2;0.4353;-0.0481;0.1750;-2.0500;27.4454;
509.97;0;0;0;58;44;43;44;44;44;4EB;135;3C2;3.2;17.5;212.0;14.4;5.5;76.2;0.4431;-0.0518;0.1750;-2.2750;27.9505;
510.22;0;0;0;58;45;44;44;44;44;4F6;135;3C2;3.2;17.3;215.5;14.4;5.5;76.2;0.4471;-0.0518;0.2000;-2.4750;28.6602;
510.47;0;0;0;58;45;44;45;44;44;4F9;135;3C2;3.2;16.8;215.0;14.4;5.5;76.2;0.4471;-0.0510;0.2000;-2.5750;28.6613;
510.72;0;0;0;58;45;44;45;45;45;4FE;135;3C2;3.2;16.8;215.0;14.4;5.5;76.2;0.4431;-0.0503;0.2750;-2.4500;28.7738;
510.97;0;0;0;58;45;45;45;45;45;503;135;3C2;3.2;16.3;213.0;14.4;5.5;76.2;0.4431;-0.0475;0.3250;-2.6500;28.6177;
511.22;0;0;0;58;46;45;46;45;45;507;135;3C2;3.2;16.0;213.5;14.4;5.5;76.2;0.4431;-0.0448;0.2250;-2.0250;28.7743;
511.47;0;0;0;58;46;45;46;45;46;509;135;3C2;3.2;16.0;213.5;14.4;5.5;76.2;0.4431;-0.0432;0.2250;-2.1250;28.8190;
511.72;0;0;0;58;46;45;46;46;46;515;135;3C2;3.2;16.0;211.5;14.4;5.5;76.2;0.4431;-0.0433;0.3500;-2.1250;28.8148;
511.97;0;0;0;58;46;46;46;46;46;519;135;3C2;3.2;16.0;212.0;14.4;5.5;76.2;0.4431;-0.0440;0.3500;-2.1250;28.9718;
512.22;0;0;0;58;47;46;47;46;47;520;135;3C2;3.2;15.4;211.5;14.4;5.5;76.2;0.4431;-0.0442;0.2250;-2.1500;29.0585;
512.47;0;0;0;58;47;46;47;46;47;522;135;3C2;3.2;15.5;210.5;14.4;5.5;76.2;0.4392;-0.0442;0.2500;-2.1250;28.9652;
512.72;0;0;0;58;47;47;47;47;47;52A;135;3C2;3.2;15.5;210.5;14.4;5.5;76.2;0.4431;-0.0443;0.2750;-2.2500;29.1415;
512.97;0;0;0;58;48;47;47;47;47;530;135;3C2;3.2;15.5;210.0;14.4;5.5;76.2;0.4392;-0.0467;0.2500;-2.2750;29.2042;
513.22;0;0;0;58;48;47;48;47;48;535;135;3C2;3.2;15.5;209.5;14.4;5.5;76.2;0.4392;-0.0464;0.2750;-2.3500;29.2444;
513.47;0;0;0;58;48;47;48;47;48;539;135;3C2;3.2;15.1;208.5;14.4;5.5;76.2;0.4392;-0.0467;0.2500;-2.0250;29.1922;
513.72;0;0;0;58;48;48;49;48;48;541;135;3C2;3.2;15.1;209.0;14.4;5.5;76.2;0.4392;-0.0462;0.2750;-2.1500;29.4372;
513.98;0;0;0;58;49;48;49;48;48;543;135;3C2;3.2;15.2;209.0;14.4;5.5;76.2;0.4392;-0.0440;0.2250;-2.2500;29.4810;
514.23;0;0;0;58;49;48;49;48;49;547;135;3C2;3.2;15.1;209.5;14.4;5.5;76.2;0.4392;-0.0442;0.3500;-2.3000;29.6393;
514.48;0;0;0;58;49;49;49;49;49;54D;135;3C2;3.2;15.1;209.5;14.4;5.5;76.2;0.4392;-0.0443;0.2750;-2.2750;29.7709;
514.73;0;0;0;58;4A;49;49;49;49;556;135;3C2;3.2;15.0;206.5;14.4;5.5;76.2;0.4353;-0.0446;0.2750;-2.4250;29.5392;
514.98;0;0;0;58;4A;49;4A;49;4A;559;135;3C2;3.2;15.2;206.0;14.4;5.5;76.2;0.4353;-0.0467;0.3250;-2.4500;29.5324;
515.23;0;0;0;58;4A;49;4A;49;4A;564;135;3C2;3.2;15.2;205.5;14.4;5.5;76.2;0.4353;-0.0467;0.3500;-2.3750;29.6975;
515.48;0;0;0;58;4B;4A;4B;4A;4A;564;135;3C2;3.2;15.1;204.5;14.4;5.5;76.2;0.4314;-0.0475;0.2750;-2.7000;29.5530;
515.73;0;0;0;58;4B;4A;4B;4A;4B;567;135;3C2;3.2;15.1;204.5;14.4;5.5;76.2;0.4314;-0.0471;0.2250;-2.6750;29.6172;
515.98;0;0;0;58;4B;4A;4B;4A;4B;56F;135;3C2;3.2;14.8;203.0;14.4;5.5;76.2;0.4275;-0.0471;0.3250;-2.8000;29.5700;
516.23;0;0;0;58;4B;4B;4B;4B;4B;572;135;3C2;3.2;14.8;201.5;14.4;5.5;76.2;0.4275;-0.0470;0.2500;-2.4250;29.4148;
516.48;0;0;0;58;4C;4B;4C;4B;4B;577;135;3C2;3.2;14.8;195.0;14.4;5.5;76.2;0.4118;-0.0468;0.1500;-2.4250;28.5681;
516.73;0;0;0;58;4C;4B;4C;4B;4C;57E;135;3C2;3.2;14.8;182.0;14.4;5.5;76.2;0.4000;-0.0455;0.2000;-2.8250;26.7969;
516.98;0;0;0;58;4C;4B;4C;4B;4C;57F;135;3C2;3.2;14.5;181.0;14.4;5.5;76.2;0.4000;-0.0440;0.2500;-2.7250;26.6687;
517.23;0;0;0;58;4C;4C;4C;4C;4C;587;135;3C2;3.2;14.5;180.5;14.4;5.5;76.2;0.4000;-0.0415;0.2750;-2.2750;26.7462;
517.48;0;0;0;59;4D;4C;4D;4C;4C;589;135;3C2;3.2;14.5;179.5;14.4;5.5;76.2;0.3961;-0.0375;0.2000;-2.0500;26.6356;
517.73;0;0;0;59;4D;4C;4D;4C;4D;58E;135;3C2;3.2;14.6;169.0;14.4;5.5;76.2;0.3804;-0.0336;0.2000;-2.3000;25.1660;
517.98;0;0;0;59;4D;4D;4D;4D;4D;593;135;3C2;3.2;14.8;164.5;14.4;5.5;76.2;0.3765;-0.0241;0.2000;-1.6500;24.5821;
518.23;0;0;0;59;4D;4D;4D;4D;4D;597;135;3C2;3.2;14.8;156.5;14.4;5.5;76.2;0.3608;-0.0141;0.2000;-0.5000;23.4521;
518.48;0;0;0;59;4D;4D;4D;4D;4D;598;135;3C2;3.2;14.8;147.0;14.4;5.5;76.2;0.3451;0.0029;0.2000;-0.1250;22.0439;
518.73;0;0;0;59;4D;4D;4D;4D;4D;59A;135;3C2;3.2;14.8;126.5;14.4;5.5;76.2;0.3098;0.0092;0.1750;0.2000;18.9963;
518.99;0;0;0;59;4D;4E;4D;4D;4E;59C;135;3C2;3.2;15.6;115.0;14.4;5.5;76.2;0.3020;0.0170;0.1000;1.0250;17.2934;
519.24;0;0;0;59;4D;4E;4D;4E;4E;59E;135;3C2;3.2;16.9;99.5;14.4;5.5;76.2;0.2824;0.0215;0.0750;1.0500;14.9834;
519.49;0;0;0;59;4D;4E;4D;4E;4E;5A3;135;3C2;3.2;16.9;96.0;14.4;5.5;76.2;0.2824;0.0286;0.1000;1.2500;14.5066;
519.74;0;0;0;59;4D;4E;4D;4E;4E;5A3;135;3C2;3.2;18.1;99.5;14.4;5.5;76.2;0.2941;0.0319;0.0500;1.7750;15.0355;
519.99;0;0;0;59;4D;4E;4D;4E;4E;5A5;135;3C2;3.2;19.6;104.5;14.4;5.5;76.2;0.3020;0.0348;0.0000;2.0000;15.8129;
520.24;0;0;0;59;4D;4E;4D;4E;4E;5A3;135;3C2;3.2;19.6;118.5;14.4;5.5;76.2;0.3294;0.0361;0.0000;2.0250;17.9066;
520.49;0;0;0;59;4D;4E;4D;4E;4E;5A6;135;3C2;3.2;21.9;127.5;14.4;5.5;76.2;0.3412;0.0361;0.0750;1.9750;19.3067;
520.74;0;0;0;59;4D;4E;4D;4E;4E;5AA;135;3C2;3.2;21.9;143.5;14.4;5.5;76.2;0.3647;0.0358;0.1000;2.2750;21.7896;
520.99;0;0;0;59;4E;4F;4E;4E;4E;5AC;135;3C2;3.2;23.1;153.0;14.4;5.5;76.2;0.3765;0.0341;0.1250;1.8750;23.2641;
521.24;0;0;0;59;4E;4F;4E;4F;4E;5B1;135;3C2;3.2;24.8;165.5;14.4;5.5;76.2;0.4039;0.0328;0.1750;1.9500;25.2514;
521.49;0;0;0;59;4E;4F;4E;4F;4F;5B4;135;3C2;3.2;24.8;182.5;14.4;5.5;76.2;0.4196;0.0327;0.2500;1.8750;27.9026;
521.74;0;0;0;59;4F;4F;4F;4F;4F;5BD;135;3C2;3.2;24.8;198.0;14.4;5.5;76.2;0.4353;0.0325;0.2500;1.7750;30.4590;
521.99;0;0;0;59;4F;4F;4F;4F;4F;5BF;135;3C2;3.2;26.2;206.5;14.4;5.5;76.2;0.4431;0.0315;0.2500;1.9750;31.8098;
522.24;0;0;0;59;4F;50;4F;50;50;5C6;135;3C2;3.2;27.4;214.5;14.4;5.5;76.2;0.4588;0.0310;0.3500;1.1000;33.1994;
522.49;0;0;0;59;50;50;50;50;50;5CC;135;3C2;3.2;27.4;221.5;14.4;5.5;76.2;0.4667;0.0313;0.3500;1.7250;34.4220;
522.74;0;0;0;59;50;51;50;50;50;5D4;135;3C2;3.2;28.4;224.0;14.4;5.5;76.2;0.4706;0.0316;0.3500;1.8250;34.9982;
522.99;0;0;0;59;50;51;50;51;51;5DB;135;3C2;3.2;29.1;228.5;14.4;5.5;76.2;0.4745;0.0301;0.3500;1.4500;35.8688;
523.24;0;0;0;59;50;51;51;51;51;5E4;135;3C2;3.2;29.1;231.0;14.4;5.5;76.2;0.4745;0.0295;0.4000;1.7000;36.4789;
523.49;0;0;0;5A;51;52;51;52;52;5E9;135;3C2;3.2;29.2;231.5;14.4;5.5;76.2;0.4784;0.0289;0.4250;1.4000;36.6791;
523.74;0;0;0;5A;52;52;52;52;52;5F3;135;3C2;3.2;29.2;233.5;14.4;5.5;76.2;0.4784;0.0270;0.4500;1.5250;37.2405;
524.01;0;0;0;5A;52;53;52;53;52;5FC;135;3C2;3.2;29.1;237.0;14.4;5.5;76.2;0.4824;0.0234;0.3500;1.0750;38.0221;
524.26;0;0;0;5A;52;53;52;53;53;602;135;3C2;3.2;28.9;238.0;14.4;5.5;76.2;0.4863;0.0234;0.4250;1.3000;38.3320;
524.51;0;0;0;5A;53;53;53;53;53;609;135;3C2;3.2;28.9;237.0;14.4;5.5;76.2;0.4824;0.0234;0.4500;1.1000;38.3447;
524.76;0;0;0;5A;53;54;53;54;54;60D;135;3C2;3.2;27.8;236.0;14.4;5.5;76.2;0.4824;0.0238;0.4000;1.3750;38.2818;
525.01;0;0;0;5A;54;54;54;54;54;611;135;3C2;3.2;27.5;237.0;14.4;5.5;76.2;0.4824;0.0258;0.3750;1.6500;38.5433;
525.26;0;0;0;5A;54;54;54;54;54;61E;135;3C2;3.2;27.5;233.0;14.4;5.5;76.2;0.4784;0.0276;0.3750;1.4750;38.2099;
525.51;0;0;0;5A;54;55;54;55;54;626;135;3C2;3.2;27.4;231.0;14.4;5.5;76.2;0.4745;0.0285;0.2500;1.5250;38.0755;
525.76;0;0;0;5A;54;55;55;55;55;621;135;3C2;3.2;27.4;220.0;14.4;5.5;76.2;0.4431;0.0305;0.2750;1.8500;36.1472;
526.01;0;0;0;5A;54;55;55;55;55;62C;135;3C2;3.2;27.2;185.0;14.4;5.5;76.2;0.3922;0.0330;0.2750;2.6000;30.6096;
526.26;0;0;0;5A;54;55;55;55;55;62A;135;3C2;3.2;27.2;167.5;14.4;5.5;76.2;0.3843;0.0292;0.2250;1.3250;27.6790;
526.51;0;0;0;5A;55;55;55;55;55;62E;135;3C2;3.2;27.2;166.0;14.4;5.5;76.2;0.3882;0.0289;0.1500;1.6250;27.5007;
526.76;0;0;0;5A;55;55;55;55;55;628;135;3C2;3.2;27.2;168.5;14.4;5.5;76.2;0.3882;0.0292;0.0750;1.6000;27.8090;
527.01;0;0;0;5A;54;55;55;55;55;62B;135;3C2;3.2;27.8;170.0;14.4;5.5;76.2;0.3922;0.0276;-0.0250;1.7250;28.1099;
527.26;0;0;0;5A;55;55;55;55;55;628;135;3C2;3.2;27.6;174.0;14.4;5.5;76.2;0.4039;0.0246;-0.0500;1.4750;28.7167;
527.51;0;0;0;5A;55;55;55;55;55;62C;135;3C2;3.2;27.6;203.5;14.4;5.5;76.2;0.4510;0.0230;0.0750;1.4500;33.6705;
527.76;0;0;0;5A;55;56;55;55;55;62F;135;3C2;3.2;27.4;213.5;14.4;5.5;76.2;0.4549;0.0240;0.0500;1.0750;35.3922;
528.01;0;0;0;5A;55;56;55;56;55;631;135;3C2;3.2;27.5;215.0;14.4;5.5;76.2;0.4549;0.0263;0.0250;1.4500;35.6859;
528.26;0;0;0;5A;55;56;55;56;56;632;135;3C2;3.2;27.5;215.0;14.4;5.5;76.2;0.4549;0.0268;0.1250;1.7500;35.7084;
528.51;0;0;0;5A;55;56;55;56;56;635;135;3C2;3.2;27.5;215.5;14.4;5.5;76.2;0.4549;0.0270;0.1000;1.5250;35.8591;
528.76;0;0;0;5A;55;56;55;56;56;637;135;3C0;3.2;27.5;215.0;14.4;5.5;76.2;0.4549;0.0270;0.1250;1.6500;35.8210;
529.04;0;0;0;5A;56;56;55;56;56;63C;135;3C0;3.2;27.8;215.0;14.4;5.5;76.2;0.4549;0.0270;0.1750;1.6500;35.9335;
529.29;0;0;0;5A;56;56;56;56;56;63C;135;3C0;3.2;28.0;215.0;14.4;5.5;76.2;0.4549;0.0273;0.1000;1.7500;35.9335;
529.54;0;0;0;5A;56;57;56;56;56;63D;135;3C0;3.2;28.0;212.5;14.4;5.5;76.2;0.4510;0.0275;0.0500;1.8500;35.5380;
529.79;0;0;0;5A;56;56;56;56;56;63F;135;3C0;3.2;27.9;213.0;14.4;5.5;76.2;0.4510;0.0273;0.0250;1.4500;35.6662;
530.04;0;0;0;5A;56;56;56;56;56;63D;135;3C0;3.2;27.9;213.0;14.4;5.5;76.2;0.4510;0.0273;-0.0250;1.7250;35.6216;
530.29;0;0;0;5A;56;57;56;56;56;63F;135;3C2;3.2;28.0;212.5;14.4;5.5;76.2;0.4510;0.0276;0.0000;1.5250;35.5825;
530.54;0;0;0;5A;56;56;56;56;56;642;135;3C0;3.2;28.0;212.5;14.4;5.5;76.2;0.4510;0.0276;0.0250;1.7500;35.6492;
530.79;0;0;0;5A;56;56;56;56;56;63F;135;3C2;3.2;28.0;212.5;14.4;5.5;76.2;0.4510;0.0281;0.0000;1.6250;35.5825;
531.04;0;0;0;5A;56;57;56;56;56;642;135;3C0;3.2;27.6;211.0;14.4;5.5;76.2;0.4471;0.0278;-0.0250;1.5250;35.3976;
531.29;0;0;0;5A;56;56;56;56;56;640;135;3C0;3.2;27.6;210.5;14.4;5.5;76.2;0.4471;0.0256;-0.0250;1.5250;35.2696;
531.54;0;0;0;5A;56;56;56;56;56;640;135;3C0;3.2;27.8;211.0;14.4;5.5;76.2;0.4471;0.0255;0.0000;1.3500;35.3534;
531.79;0;0;0;5A;56;56;56;56;56;643;135;3C0;3.2;27.9;210.5;14.4;5.5;76.2;0.4471;0.0256;-0.0500;1.4250;35.3357;
532.04;0;0;0;5A;56;56;56;56;56;640;135;3C0;3.2;27.9;210.0;14.4;5.5;76.2;0.4471;0.0259;-0.0500;1.7000;35.1858;
532.29;0;0;0;5A;56;56;56;56;56;63E;135;3C0;3.2;27.7;207.0;14.4;5.5;76.2;0.4431;0.0293;-0.0750;1.6750;34.6398;
532.54;0;0;0;5A;56;56;56;56;56;63C;135;3C0;3.2;27.7;203.5;14.4;5.5;76.2;0.4392;0.0310;-0.0500;1.9500;34.0115;
532.79;0;0;0;5B;56;56;56;56;56;63B;135;3C0;3.2;28.0;202.0;14.4;5.5;76.2;0.4353;0.0300;-0.0500;1.9250;33.7397;
533.04;0;0;0;5B;56;56;56;56;56;63C;135;3C0;3.2;28.2;197.5;14.4;5.5;76.2;0.4275;0.0293;-0.0750;1.6250;33.0087;
533.29;0;0;0;5B;56;56;56;56;56;63A;135;3C0;3.2;28.2;192.5;14.4;5.5;76.2;0.4196;0.0280;-0.0750;1.6500;32.1327;
533.54;0;0;0;5B;56;56;56;56;56;639;135;3C0;3.2;28.2;182.5;14.4;5.5;76.2;0.3961;0.0270;-0.0750;1.6500;30.4444;
533.79;0;0;0;5B;55;56;55;56;56;638;135;3C0;3.2;28.4;169.5;14.4;5.5;76.2;0.3843;0.0270;-0.1250;1.3000;28.2580;
534.05;0;0;0;5B;55;56;55;56;56;632;135;3C0;3.2;28.4;157.0;14.4;5.5;76.2;0.3647;0.0285;-0.1500;1.8250;26.0754;
534.30;0;0;0;5B;55;56;55;56;56;62F;135;3C0;3.2;28.4;151.0;14.4;5.5;76.2;0.3608;0.0305;-0.1750;1.7250;25.0315;
534.55;0;0;0;5B;55;55;55;55;55;62C;135;3C0;3.2;28.4;149.0;14.4;5.5;76.2;0.3569;0.0305;-0.2000;1.9750;24.6531;
534.80;0;0;0;5B;55;55;55;55;55;62C;135;3C0;3.2;28.7;146.0;14.4;5.5;76.2;0.3569;0.0305;-0.2500;1.7750;24.1568;
535.05;0;0;0;5B;54;55;54;55;55;623;135;3C0;3.2;28.7;143.0;14.4;5.5;76.2;0.3412;0.0292;-0.3500;1.8750;23.5256;
535.30;0;0;0;5B;54;55;54;55;55;61F;135;3C0;3.2;28.8;126.0;14.4;5.5;76.2;0.3176;0.0288;-0.2750;1.6250;20.6761;
535.55;0;0;0;5B;54;55;54;54;55;61C;135;3C0;3.2;28.8;118.5;14.4;5.5;76.2;0.3137;0.0276;-0.3250;1.6750;19.4081;
535.80;0;0;0;5B;54;54;54;54;54;617;135;3C0;3.2;29.0;113.0;14.4;5.5;76.2;0.3020;0.0262;-0.3250;1.5500;18.4482;
536.05;0;0;0;5B;53;54;53;54;54;613;135;3C0;3.2;29.2;111.0;14.4;5.5;76.2;0.3020;0.0234;-0.2500;1.3250;18.0752;
536.30;0;0;0;5B;53;54;53;54;54;60F;135;3C0;3.2;29.2;111.0;14.4;5.5;76.2;0.3059;0.0200;-0.2500;1.2250;18.0287;
536.55;0;0;0;5B;53;54;53;54;54;60E;135;3C0;3.2;29.3;110.5;14.4;5.5;76.2;0.3059;0.0200;-0.2250;0.9750;17.9359;
536.80;0;0;0;5B;53;53;53;53;53;609;135;3C0;3.2;29.2;112.5;14.4;5.5;76.2;0.3059;0.0203;-0.2750;1.1000;18.2016;
537.05;0;0;0;5B;53;53;53;53;53;606;135;3C0;3.2;29.2;111.5;14.4;5.5;76.2;0.3059;0.0221;-0.2750;1.0250;18.0048;
537.30;0;0;0;5B;53;53;53;53;53;603;135;3C0;3.2;28.8;111.5;14.4;5.5;76.2;0.3059;0.0233;-0.2500;1.2000;17.9698;
537.55;0;0;0;5B;52;53;52;53;53;603;135;3C0;3.2;28.8;110.5;14.4;5.5;76.2;0.3059;0.0234;-0.2250;1.1000;17.8086;
537.80;0;0;0;5B;52;53;52;53;53;5FF;135;3C0;3.2;28.8;111.0;14.4;5.5;76.2;0.3020;0.0230;-0.1750;1.3250;17.8427;
538.05;0;0;0;5B;52;53;52;53;53;5FB;135;3C0;3.2;28.9;111.5;14.4;5.5;76.2;0.3059;0.0226;-0.1500;1.1500;17.8763;
538.30;0;0;0;5B;52;53;52;52;53;5F7;135;3C0;3.2;28.9;112.5;14.4;5.5;76.2;0.3059;0.0225;-0.1250;1.3750;17.9895;
538.55;0;0;0;5B;52;53;52;52;52;5F8;135;3C0;3.2;28.9;113.0;14.4;5.5;76.2;0.3059;0.0218;-0.0750;1.0750;18.0813;
538.80;0;0;0;5B;52;53;52;52;52;5F4;135;3C0;3.2;28.5;113.5;14.4;5.5;76.2;0.3059;0.0225;-0.1250;1.3000;18.1138;
539.06;0;0;0;5B;52;52;52;52;52;5F5;135;3C0;3.2;28.2;113.0;14.4;5.5;76.2;0.3059;0.0237;-0.1500;1.0500;18.0458;
539.31;0;0;0;5B;52;52;52;52;52;5F5;135;3C0;3.2;28.2;113.0;14.4;5.5;76.2;0.3059;0.0234;-0.1500;1.3000;18.0458;
539.56;0;0;0;5B;52;52;52;52;52;5F3;135;3C0;3.2;28.0;113.5;14.4;5.5;76.2;0.3098;0.0233;-0.0750;1.1250;18.1019;
539.81;0;0;0;5B;51;52;52;52;52;5EF;135;3C0;3.2;27.9;113.0;14.4;5.5;76.2;0.3059;0.0228;-0.1000;1.2000;17.9748;
540.06;0;0;0;5B;52;52;52;52;52;5F3;135;3C0;3.2;27.9;113.5;14.4;5.5;76.2;0.3059;0.0237;-0.1250;1.1250;18.1019;
540.31;0;0;0;5B;51;52;52;52;52;5F1;135;3C0;3.2;27.5;113.0;14.4;5.5;76.2;0.3059;0.0232;-0.0500;1.1750;17.9985;
540.56;0;0;0;5B;52;52;51;52;52;5F1;135;3C0;3.2;27.5;113.5;14.4;5.5;76.2;0.3098;0.0225;-0.0250;1.3250;18.0781;
540.81;0;0;0;5C;52;52;52;52;52;5F3;135;3C0;3.2;27.6;113.5;14.4;5.5;76.2;0.3059;0.0210;-0.0750;1.0750;18.1019;
541.06;0;0;0;5C;51;52;52;52;52;5EF;135;3C0;3.2;27.8;114.5;14.4;5.5;76.2;0.3098;0.0204;-0.0250;1.0500;18.2134;
541.31;0;0;0;5C;52;52;52;52;52;5EE;135;3C0;3.2;27.8;116.0;14.4;5.5;76.2;0.3098;0.0203;-0.0250;1.3500;18.4399;
541.56;0;0;0;5C;52;52;52;52;52;5EF;135;3C0;3.2;27.6;115.5;14.4;5.5;76.2;0.3098;0.0190;-0.0750;1.4250;18.3725;
541.81;0;0;0;5C;52;52;52;52;52;5EE;135;3C0;3.2;27.6;116.0;14.4;5.5;76.2;0.3137;0.0179;0.0500;0.9750;18.4399;
542.06;0;0;0;5C;51;52;52;52;52;5EC;135;3C0;3.2;27.6;116.0;14.4;5.5;76.2;0.3098;0.0160;-0.0750;1.0000;18.4156;
542.31;0;0;0;5C;51;52;52;52;52;5F1;135;3C0;3.2;27.5;115.5;14.4;5.5;76.2;0.3098;0.0158;-0.0500;0.7750;18.3967;
542.56;0;0;0;5C;51;52;52;52;52;5ED;135;3C0;3.2;27.5;115.5;14.4;5.5;76.2;0.3098;0.0158;-0.0500;0.9000;18.3483;
542.81;0;0;0;5C;51;52;52;52;52;5F2;135;3C0;3.2;27.2;115.0;14.4;5.5;76.2;0.3098;0.0161;0.0500;0.8750;18.3291;
543.06;0;0;0;5C;51;52;52;52;52;5F0;135;3C0;3.2;27.2;115.5;14.4;5.5;76.2;0.3098;0.0190;-0.0250;0.7500;18.3846;
543.31;0;0;0;5C;52;52;51;52;52;5F0;135;3C0;3.2;27.2;115.5;14.4;5.5;76.2;0.3098;0.0193;0.0000;0.8500;18.3846;
543.56;0;0;0;5C;52;52;52;52;52;5F1;135;3C0;3.2;27.2;115.0;14.4;5.5;76.2;0.3098;0.0186;0.0250;1.0500;18.3171;
543.81;0;0;0;5C;52;52;52;52;52;5F2;135;3C0;3.2;27.2;115.5;14.4;5.5;76.2;0.3098;0.0186;-0.0500;0.8750;18.4088;
544.08;0;0;0;5C;52;52;52;52;52;5F0;135;3C0;3.2;26.9;115.5;14.4;5.5;76.2;0.3137;0.0173;-0.0250;0.8750;18.3846;
544.33;0;0;0;5C;51;52;52;52;52;5F0;135;3C0;3.2;26.9;115.0;14.4;5.5;76.2;0.3098;0.0171;-0.0500;0.8250;18.3050;
544.58;0;0;0;5C;52;52;52;52;52;5F2;135;3C0;3.2;26.8;115.5;14.4;5.5;76.2;0.3098;0.0171;-0.0250;0.8250;18.4088;
544.83;0;0;0;5C;51;52;52;52;52;5F1;135;3C0;3.2;26.8;115.5;14.4;5.5;76.2;0.3098;0.0170;0.0000;0.8250;18.3967;
545.08;0;0;0;5C;52;52;52;52;52;5F3;135;3C0;3.2;26.8;114.5;14.4;5.5;76.2;0.3098;0.0166;0.0250;0.8250;18.2614;
545.33;0;0;0;5C;51;52;52;52;52;5F3;135;3C0;3.2;26.5;115.5;14.4;5.5;76.2;0.3098;0.0166;0.0000;0.7500;18.4209;
545.58;0;0;0;5C;52;52;52;52;52;5F5;135;3C0;3.2;26.5;115.0;14.4;5.5;76.2;0.3098;0.0174;0.0000;0.8750;18.3652;
545.83;0;0;0;5C;51;52;52;52;52;5F1;135;3C0;3.2;26.5;115.5;14.4;5.5;76.2;0.3098;0.0163;-0.0500;0.4250;18.3967;
546.08;0;0;0;5C;52;52;52;52;52;5F2;135;3C0;3.2;26.4;115.0;14.4;5.5;76.2;0.3098;0.0141;-0.0250;0.9000;18.3291;
546.33;0;0;0;5C;52;52;52;52;52;5F2;135;3C0;3.2;26.4;115.5;14.4;5.5;76.2;0.3098;0.0136;0.0500;0.8500;18.4088;
546.58;0;0;0;5C;52;52;52;52;52;5F4;135;3C0;3.2;26.2;115.0;14.4;5.5;76.2;0.3098;0.0136;0.0250;0.6500;18.3532;
546.83;0;0;0;5C;52;52;52;52;52;5F4;135;3C0;3.2;26.2;115.5;14.4;5.5;76.2;0.3098;0.0138;-0.0250;0.5750;18.4330;
547.08;0;0;0;5C;52;52;52;52;52;5F7;135;3C0;3.2;26.2;114.5;14.4;5.5;76.2;0.3098;0.0158;0.0500;0.7000;18.3094;
547.33;0;0;0;5C;52;52;52;52;52;5F6;135;3C0;3.2;26.2;113.5;14.4;5.5;76.2;0.3059;0.0165;0.0250;0.7500;18.1376;
547.58;0;0;0;5C;52;52;52;52;52;5F9;135;3C0;3.2;26.1;107.5;14.4;5.5;76.2;0.2902;0.0183;0.0250;0.9000;17.2125;
547.83;0;0;0;5C;52;52;52;52;52;5E4;135;3C0;3.2;26.1;-13.5;14.4;5.5;76.2;0.0000;0.0186;-0.0500;0.9250;-2.1319;
548.08;0;0;0;5C;51;52;51;52;52;5E8;135;3C0;3.2;26.1;-27.0;14.4;5.5;76.2;0.0000;0.0195;-0.2250;0.9250;-4.2751;
548.33;0;0;0;5C;51;51;51;51;52;5E8;135;3C0;3.2;26.4;-12.0;14.4;5.5;76.2;0.0000;0.0213;-0.2750;1.0750;-1.9000;
548.58;0;0;0;5C;51;51;51;51;51;5DF;135;3C0;3.2;26.4;-16.0;14.4;5.5;76.2;0.0000;0.0220;-0.3750;1.3250;-2.5183;
548.83;0;0;0;5C;51;51;50;51;51;5DB;135;3C0;3.2;26.8;-14.0;14.4;5.5;76.2;0.1137;0.0228;-0.3500;1.3750;-2.1976;
549.09;0;0;0;5C;50;51;50;51;51;5D5;135;3C0;3.2;27.1;-10.0;14.4;5.5;76.2;0.0000;0.0255;-0.2750;1.3250;-1.5635;
549.34;0;0;0;5C;50;50;50;50;50;5CF;135;3C0;3.2;27.1;-25.5;14.4;5.5;76.2;0.0000;0.0246;-0.2750;1.3750;-3.9708;
549.59;0;0;0;5C;50;50;50;50;50;5C7;135;3C0;3.2;27.4;-31.5;14.4;5.5;76.2;0.0000;0.0234;-0.3750;1.1000;-4.8787;
549.84;0;0;0;5C;4F;50;4F;50;50;5C5;135;3C0;3.2;27.9;-32.0;14.4;5.5;76.2;0.0000;0.0228;-0.3750;1.1250;-4.9495;
550.09;0;0;0;5C;4F;4F;4F;4F;4F;5BF;135;3C0;3.2;27.9;-32.5;14.4;5.5;76.2;0.0000;0.0220;-0.3750;1.0000;-5.0064;
550.34;0;0;0;5C;4E;4F;4F;4F;4F;5B7;135;3C0;3.2;28.2;-32.5;14.4;5.5;76.2;0.0000;0.0220;-0.3500;1.1500;-4.9792;
550.59;0;0;0;5C;4E;4F;4E;4F;4F;5B6;135;3C0;3.2;28.6;-32.5;14.4;5.5;76.2;0.0000;0.0220;-0.3250;1.0250;-4.9758;
550.84;0;0;0;5C;4E;4F;4E;4E;4E;5AF;136;3C0;3.2;28.6;-32.5;14.4;5.5;76.2;0.0000;0.0225;-0.2750;0.9250;-4.9519;
551.09;0;0;0;5C;4E;4E;4E;4E;4E;5A9;136;3C0;3.2;28.6;-32.5;14.4;5.5;76.2;0.0000;0.0258;-0.2750;1.2250;-4.9315;
551.34;0;0;0;5C;4D;4E;4D;4E;4E;5A6;136;3C0;3.2;29.0;-32.5;14.4;5.5;76.2;0.0000;0.0258;-0.2750;1.2250;-4.9213;
551.59;0;0;0;5C;4D;4E;4D;4E;4E;5A1;136;3C0;3.2;29.7;-32.5;14.4;5.5;76.2;0.0000;0.0258;-0.2500;1.4750;-4.9043;
551.84;0;0;0;5C;4D;4E;4D;4E;4E;59F;136;3C0;3.2;29.7;-32.0;14.4;5.5;76.2;0.0000;0.0256;-0.2250;1.0500;-4.8221;
552.09;0;0;0;5C;4D;4E;4D;4D;4D;596;136;3C0;3.2;30.1;-32.0;14.4;5.5;76.2;0.0000;0.0300;-0.2750;1.6250;-4.7920;
552.34;0;0;0;5C;4D;4D;4D;4D;4D;599;136;3C0;3.2;30.1;-32.0;14.4;5.5;76.2;0.0000;0.0298;-0.2500;1.4250;-4.8020;
552.59;0;0;0;5C;4C;4D;4C;4D;4D;592;136;3C0;3.2;30.2;-32.0;14.4;5.5;76.2;0.0000;0.0298;-0.2500;1.6500;-4.7786;
552.84;0;0;0;5C;4C;4D;4C;4D;4D;591;136;3C0;3.2;30.5;-32.0;14.4;5.5;76.2;0.0000;0.0347;-0.2000;1.9500;-4.7752;
553.09;0;0;0;5C;4C;4D;4C;4C;4D;58D;136;3C0;3.2;30.5;-32.0;14.4;5.5;76.2;0.0000;0.0275;-0.2000;1.3000;-4.7618;
553.34;0;0;0;5C;4C;4C;4C;4C;4C;58B;136;3C0;3.2;30.9;-32.0;14.4;5.5;76.2;0.0000;0.0273;-0.2250;1.4750;-4.7551;
553.59;0;0;0;5C;4C;4C;4C;4C;4C;587;136;3C0;3.2;30.9;-32.0;14.4;5.5;76.2;0.0000;0.0268;-0.2000;1.3000;-4.7417;
553.84;0;0;0;5C;4C;4C;4C;4C;4C;580;136;3C0;3.2;30.9;-32.0;14.4;5.5;76.2;0.0000;0.0258;-0.2000;1.4250;-4.7183;
554.10;0;0;0;5C;4C;4C;4B;4C;4C;582;136;3C0;3.2;30.8;-32.0;14.4;5.5;76.2;0.0000;0.0204;-0.1250;0.8500;-4.7250;
554.35;0;0;0;5C;4C;4C;4C;4C;4C;57D;136;3C0;3.2;30.8;-32.0;14.4;5.5;76.2;0.0000;0.0196;-0.1250;0.7250;-4.7082;
554.60;0;0;0;5C;4B;4C;4B;4C;4C;57E;136;3C0;3.2;30.9;-32.0;14.4;5.5;76.2;0.0000;0.0186;-0.1250;0.8750;-4.7116;
554.85;0;0;0;5C;4B;4C;4B;4C;4C;57A;136;3C0;3.2;30.8;-32.0;14.4;5.5;76.2;0.0000;0.0135;-0.1000;0.6750;-4.6981;
555.10;0;0;0;5C;4B;4B;4B;4B;4C;57D;136;3C0;3.2;30.8;-32.0;14.4;5.5;76.2;0.0000;0.0108;-0.1500;0.1750;-4.7082;
555.35;0;0;0;5B;4B;4C;4B;4C;4C;579;136;3C0;3.2;30.8;-32.0;14.4;5.5;76.2;0.0000;0.0092;-0.1250;0.2750;-4.6948;
555.60;0;0;0;5B;4B;4B;4B;4B;4C;579;136;3C0;3.2;30.5;-32.0;14.4;5.5;76.2;0.0000;0.0046;-0.1000;0.1000;-4.6948;
555.85;0;0;0;5B;4B;4B;4B;4B;4B;578;136;3C0;3.2;30.0;-32.0;14.4;5.5;76.2;0.0000;-0.0016;-0.1000;-0.1250;-4.6914;
556.10;0;0;0;5B;4B;4B;4B;4B;4B;575;136;3C0;3.2;30.0;-32.0;14.4;5.5;76.2;0.0000;-0.0016;-0.0750;-0.2250;-4.6814;
556.35;0;0;0;5B;4B;4B;4B;4B;4B;576;136;3C0;3.2;29.3;-32.0;14.4;5.5;76.2;0.0000;-0.0018;-0.0500;-0.2000;-4.6847;
556.60;0;0;0;5B;4B;4B;4B;4B;4B;572;136;3C0;3.2;28.6;-32.0;14.4;5.5;76.2;0.0000;-0.0038;-0.1250;-0.1250;-4.6713;
556.85;0;0;0;5B;4B;4B;4B;4B;4B;574;136;3C0;3.2;28.6;-32.0;14.4;5.5;76.2;0.0000;-0.0131;-0.1000;-0.2500;-4.6780;
557.10;0;0;0;5B;4B;4B;4B;4B;4B;574;136;3C0;3.2;27.9;-32.0;14.4;5.5;76.2;0.0000;-0.0160;-0.0750;-0.8000;-4.6780;
557.35;0;0;0;5B;4B;4B;4B;4B;4B;571;136;3C0;3.2;27.9;-32.0;14.4;5.5;76.2;0.0000;-0.0215;-0.0250;-1.1500;-4.6680;
557.60;0;0;0;5B;4B;4B;4B;4B;4B;573;136;3C0;3.2;26.7;-32.0;14.4;5.5;76.2;0.0000;-0.0241;-0.1000;-1.1250;-4.6747;
557.85;0;0;0;5B;4B;4B;4B;4B;4B;56E;136;3C0;3.2;25.6;-32.0;14.4;5.5;76.2;0.0000;-0.0264;-0.1000;-1.2250;-4.6579;
558.10;0;0;0;5B;4B;4B;4B;4B;4B;572;136;3C0;3.2;25.6;-31.5;14.4;5.5;76.2;0.0000;-0.0289;-0.0750;-1.5250;-4.5983;
558.35;0;0;0;5B;4B;4A;4B;4A;4B;570;136;3C0;3.2;24.6;-31.5;14.4;5.5;76.2;0.0000;-0.0308;-0.1000;-1.6000;-4.5918;
558.60;0;0;0;5B;4B;4A;4B;4A;4B;56A;136;3C0;3.2;23.6;-31.5;14.4;5.5;76.2;0.0000;-0.0308;-0.1000;-1.4750;-4.5720;
558.85;0;0;0;5B;4B;4A;4B;4A;4B;56E;136;3C0;3.2;23.6;-31.5;14.4;5.5;76.2;0.0000;-0.0355;-0.0750;-1.7250;-4.5852;
559.12;0;0;0;5B;4B;4A;4B;4A;4B;568;136;3C0;3.2;22.4;-31.5;14.4;5.5;76.2;0.0000;-0.0368;-0.0500;-1.8750;-4.5654;
559.37;0;0;0;5B;4B;4A;4B;4A;4B;56C;136;3C0;3.2;22.4;-31.5;14.4;5.5;76.2;0.0000;-0.0377;0.0000;-1.9750;-4.5786;
559.62;0;0;0;5B;4B;4A;4B;4A;4B;56A;136;3C0;3.2;21.7;-31.5;14.4;5.5;76.2;0.0000;-0.0377;-0.0750;-2.1250;-4.5720;
559.87;0;0;0;5B;4B;4A;4B;4A;4B;563;136;3C0;3.2;21.7;-31.5;14.4;5.5;76.2;0.0000;-0.0383;-0.1000;-2.3000;-4.5489;
560.12;0;0;0;5B;4A;4A;4A;4A;4A;566;136;3C0;3.2;20.9;-31.5;14.4;5.5;76.2;0.0000;-0.0355;-0.1250;-2.0250;-4.5588;
560.37;0;0;0;5B;4B;4A;4A;4A;4A;566;136;3C0;3.2;20.9;-31.5;14.4;5.5;76.2;0.0000;-0.0338;-0.1000;-1.7750;-4.5588;
560.62;0;0;0;5B;4B;4A;4A;4A;4A;562;136;3C0;3.2;20.1;-31.5;14.4;5.5;76.2;0.0000;-0.0336;-0.1000;-1.7500;-4.5456;
560.87;0;0;0;5B;4A;4A;4A;4A;4A;562;136;3C0;3.2;19.6;-31.5;14.4;5.5;76.2;0.0000;-0.0313;-0.1000;-1.8250;-4.5456;
561.12;0;0;0;5B;4A;4A;4A;4A;4A;55C;136;3C0;3.2;19.6;-31.5;14.4;5.5;76.2;0.0000;-0.0303;-0.1250;-1.4000;-4.5258;
561.37;0;0;0;5B;4A;4A;4A;4A;4A;55D;136;3C0;3.2;19.1;-31.5;14.4;5.5;76.2;0.0000;-0.0300;-0.1000;-1.2250;-4.5291;
561.62;0;0;0;5B;4A;49;4A;4A;4A;55E;136;3C0;3.2;18.5;-31.5;14.4;5.5;76.2;0.0000;-0.0305;-0.1250;-1.7250;-4.5324;
561.87;0;0;0;5B;4A;4A;4A;49;4A;55C;136;3C0;3.2;18.5;-31.5;14.4;5.5;76.2;0.0000;-0.0322;-0.0750;-1.8750;-4.5258;
562.12;0;0;0;5B;4A;49;4A;49;4A;555;136;3C0;3.2;18.7;-31.5;14.4;5.5;76.2;0.0000;-0.0327;-0.1500;-1.6500;-4.5027;
562.37;0;0;0;5B;4A;49;4A;49;4A;558;136;3C0;3.2;18.7;-31.5;14.4;5.5;76.2;0.0000;-0.0333;-0.2000;-1.8000;-4.5126;
562.62;0;0;0;5B;49;49;49;49;49;54E;136;3C0;3.2;18.8;-31.5;14.4;5.5;76.2;0.0000;-0.0365;-0.2250;-1.8250;-4.4796;
562.87;0;0;0;5B;49;49;49;49;49;54B;136;3C0;3.2;18.5;-31.5;14.4;5.5;76.2;0.0000;-0.0375;-0.2750;-1.9500;-4.4697;
563.12;0;0;0;5B;49;48;49;48;49;54C;136;3C0;3.2;18.5;-31.5;14.4;5.5;76.2;0.0000;-0.0377;-0.2750;-2.3500;-4.4730;
563.37;0;0;0;5B;49;49;49;48;49;548;136;3C0;3.2;18.4;-31.5;14.4;5.5;76.2;0.0000;-0.0373;-0.2000;-2.1500;-4.4598;
563.62;0;0;0;5B;48;48;48;48;49;53F;136;3C0;3.2;18.4;-31.5;14.4;5.5;76.2;0.0000;-0.0370;-0.2250;-1.8500;-4.4301;
563.87;0;0;0;5B;48;48;48;48;48;53C;136;3C0;3.2;18.3;-31.5;14.4;5.5;76.2;0.0000;-0.0370;-0.3250;-2.0000;-4.4202;
564.13;0;0;0;5B;48;47;48;47;48;535;136;3C0;3.2;18.3;-31.5;14.4;5.5;76.2;0.0000;-0.0371;-0.2500;-1.8250;-4.3971;
564.38;0;0;0;5B;48;47;48;47;48;532;136;3C0;3.2;18.5;-31.5;14.4;5.5;76.2;0.0000;-0.0370;-0.2750;-1.6750;-4.3872;
564.63;0;0;0;5B;47;47;47;47;48;52A;136;3C0;3.2;18.5;-31.0;14.4;5.5;76.2;0.0000;-0.0347;-0.2750;-1.5250;-4.2916;
564.88;0;0;0;5B;47;47;47;47;47;52D;136;3C0;3.2;18.5;-31.0;14.4;5.5;76.2;0.0000;-0.0301;-0.2500;-1.6250;-4.3014;
565.13;0;0;0;5B;47;46;47;46;47;522;136;3C0;3.2;18.5;-31.0;14.4;5.5;76.2;0.0000;-0.0310;-0.3750;-1.1750;-4.2657;
565.38;0;0;0;5B;47;46;46;46;47;51E;136;3C0;3.2;18.8;-31.0;14.4;5.5;76.2;0.0000;-0.0308;-0.3500;-1.1750;-4.2527;
565.63;0;0;0;5B;46;46;46;46;46;515;136;3C0;3.2;18.8;-31.0;14.4;5.5;76.2;0.0000;-0.0267;-0.3750;-1.0750;-4.2235;
565.88;0;0;0;5B;46;46;45;45;46;512;136;3C0;3.2;18.8;-30.5;14.4;5.5;76.2;0.0000;-0.0195;-0.4000;-0.9000;-4.1458;
566.13;0;0;0;5B;45;45;45;45;46;50D;136;3C0;3.2;18.8;-30.5;14.4;5.5;76.2;0.0000;-0.0163;-0.4000;-1.0000;-4.1298;
566.38;0;0;0;5A;45;45;45;45;45;503;136;3C0;3.2;19.0;-30.5;14.4;5.5;76.2;0.0000;-0.0116;-0.4250;-0.2000;-4.0978;
566.63;0;0;0;5A;45;44;44;44;45;4F7;136;3C0;3.2;19.6;-30.5;14.4;5.5;76.2;0.0000;-0.0108;-0.4500;-0.1000;-4.0595;
566.88;0;0;0;5A;44;44;44;44;44;4F1;136;3C0;3.2;19.6;-30.5;14.4;5.5;76.2;0.0000;-0.0081;-0.5250;-0.0750;-4.0403;
567.13;0;0;0;5A;44;44;44;44;44;4EC;136;3C0;3.2;20.1;-30.5;14.4;5.5;76.2;0.0000;-0.0067;-0.4750;-0.2500;-4.0244;
567.38;0;0;0;5A;43;43;43;43;43;4E3;136;3C0;3.2;20.8;-30.5;14.4;5.5;76.2;0.0000;-0.0071;-0.5250;-0.2500;-3.9956;
567.63;0;0;0;5A;43;43;43;43;43;4DB;136;3C0;3.2;20.8;-30.5;14.4;5.5;76.2;0.0000;-0.0078;-0.5250;-0.4500;-3.9701;
567.88;0;0;0;5A;42;42;42;42;42;4D4;137;3C0;3.2;20.8;-30.5;14.4;5.5;76.2;0.0000;-0.0076;-0.5750;-0.3750;-3.9477;
568.13;0;0;0;5A;42;42;42;42;42;4CA;137;3C0;3.2;21.3;-30.5;14.4;5.5;76.2;0.0000;-0.0075;-0.5500;-0.6500;-3.9158;
568.38;0;0;0;5A;41;41;41;41;42;4C3;137;3C0;3.2;21.6;-30.0;14.4;5.5;76.2;0.0000;-0.0068;-0.5250;-0.3750;-3.8296;
568.63;0;0;0;5A;41;41;41;41;41;4B7;137;3C0;3.2;21.6;-30.0;14.4;5.5;76.2;0.0000;-0.0046;-0.5500;-0.4500;-3.7919;
568.88;0;0;0;5A;40;40;40;40;40;4AF;137;3C0;3.2;22.1;-30.0;14.4;5.5;76.2;0.0000;-0.0023;-0.5750;-0.2500;-3.7668;
569.14;0;0;0;5A;40;40;40;40;40;4A3;137;3C0;3.2;22.1;-30.0;14.4;5.5;76.2;0.0000;0.0003;-0.6500;-0.0250;-3.7291;
569.39;0;0;0;5A;3F;3F;3F;3F;3F;49C;137;3C0;3.2;22.6;-30.0;14.4;5.5;76.2;0.0000;0.0041;-0.6000;-0.0750;-3.7071;
569.64;0;0;0;5A;3F;3F;3F;3F;3F;491;137;3C0;3.2;22.8;-30.0;14.4;5.5;76.2;0.0000;0.0086;-0.6000;0.1250;-3.6725;
569.89;0;0;0;5A;3E;3E;3E;3E;3E;489;137;3C0;3.2;22.8;-30.0;14.4;5.5;76.2;0.0000;0.0125;-0.5750;0.1000;-3.6474;
570.14;0;0;0;5A;3E;3E;3E;3E;3E;47D;137;3C0;3.2;23.4;-30.0;14.4;5.5;76.2;0.0000;0.0140;-0.5750;0.4000;-3.6097;
570.39;0;0;0;5A;3D;3D;3D;3D;3D;477;137;3C0;3.2;24.1;-30.0;14.4;5.5;76.2;0.0000;0.0148;-0.5750;0.2750;-3.5908;
570.64;0;0;0;5A;3D;3D;3D;3D;3D;46D;137;3C0;3.2;24.1;-30.0;14.4;5.5;76.2;0.0000;0.0158;-0.5250;0.4750;-3.5594;
570.89;0;0;0;5A;3C;3C;3C;3C;3C;463;137;3C0;3.2;24.2;-29.5;14.4;5.5;76.2;0.0000;0.0183;-0.5250;0.4500;-3.4692;
571.14;0;0;0;5A;3C;3C;3C;3C;3C;45A;137;3C0;3.2;24.2;-30.0;14.4;5.5;76.2;0.0000;0.0185;-0.5500;0.3750;-3.4997;
571.39;1;0;0;5A;3B;3B;3B;3B;3B;453;137;3C0;3.2;24.4;-30.0;14.4;5.5;76.2;0.0000;0.0188;-0.5500;0.3500;-3.4777;
571.64;1;0;0;5A;3B;3B;3B;3B;3B;3B1;137;3C0;3.2;25.0;-29.5;14.4;5.5;76.2;0.0000;0.0188;-0.5500;0.4750;-2.9193;
571.89;1;0;0;5A;3A;3B;3A;3B;3B;36F;137;3C0;3.2;25.0;2.5;14.4;5.5;76.2;0.0000;0.0174;-0.5000;0.4250;0.2301;
572.14;1;0;0;5A;3A;3A;3A;3A;3A;36C;137;3C0;3.2;25.0;0.0;14.4;5.5;76.2;0.0000;0.0158;-0.4500;0.3750;0.0000;
572.39;1;0;0;5A;39;3A;39;39;3A;3B5;137;3C0;3.2;25.3;-16.0;14.4;5.5;76.2;0.0000;0.0141;-0.5250;0.1750;-1.5901;
572.64;1;0;0;5A;39;39;39;39;39;557;137;3C0;3.2;25.4;31.0;14.4;5.5;76.2;0.1843;0.0133;-0.6500;-0.0250;4.4377;
572.89;0;0;0;5A;39;39;39;39;39;50E;137;3C0;3.2;25.4;48.0;14.4;5.5;76.2;0.2118;0.0135;-0.3750;0.1750;6.5044;
573.14;0;0;0;5A;39;39;38;39;39;50C;137;3C0;3.2;25.9;50.0;14.4;5.5;76.2;0.2118;0.0155;-0.2500;0.3250;6.7649;
573.39;0;0;0;5A;38;39;38;39;39;505;137;3C0;3.2;25.9;48.5;14.4;5.5;76.2;0.2039;0.0168;-0.2000;0.1750;6.5264;
573.64;0;0;0;5A;38;39;38;39;39;500;137;3C0;3.2;25.9;47.5;14.4;5.5;76.2;0.2039;0.0185;-0.1750;0.4750;6.3670;
573.89;0;0;0;5A;38;38;38;38;38;4FA;137;3C0;3.2;26.0;48.5;14.4;5.5;76.2;0.2039;0.0190;-0.2000;0.1500;6.4705;
574.16;0;0;0;5A;38;38;38;38;38;4F7;137;3C0;3.2;26.0;48.0;14.4;5.5;76.2;0.2039;0.0190;-0.1500;0.2500;6.3887;
574.41;0;0;0;5A;38;38;38;38;38;4FA;137;3C0;3.2;26.0;47.5;14.4;5.5;76.2;0.2039;0.0186;-0.1500;0.1750;6.3371;
574.66;0;0;0;5A;38;38;38;38;38;4F6;137;3C0;3.2;25.7;47.0;14.4;5.5;76.2;0.2039;0.0182;-0.1250;0.4000;6.2507;
574.91;0;0;0;5A;38;38;38;38;38;4F4;137;3C0;3.2;25.7;46.5;14.4;5.5;76.2;0.2039;0.0173;-0.1250;0.4000;6.1745;
575.16;0;0;0;5A;38;38;38;38;38;4EE;137;3C0;3.2;25.7;47.0;14.4;5.5;76.2;0.2039;0.0168;-0.1000;0.3750;6.2113;
575.41;0;0;0;5A;38;38;38;38;38;4ED;137;3C0;3.2;25.5;47.5;14.4;5.5;76.2;0.2039;0.0158;-0.1000;0.4000;6.2725;
575.66;0;0;0;5A;37;38;37;38;38;4E8;137;3C0;3.2;25.5;48.5;14.4;5.5;76.2;0.2039;0.0152;-0.1000;0.1750;6.3791;
575.91;0;0;0;5A;37;38;37;38;38;4EB;137;3C0;3.2;25.2;47.5;14.4;5.5;76.2;0.2039;0.0152;-0.0750;0.0750;6.2625;
576.16;0;0;0;5A;37;38;37;38;38;4EC;137;3C0;3.2;25.2;48.0;14.4;5.5;76.2;0.2039;0.0147;-0.0750;0.2250;6.3335;
576.41;0;0;0;5A;37;37;37;38;38;4EE;137;3C0;3.2;25.1;46.5;14.4;5.5;76.2;0.2039;0.0125;-0.1000;0.1000;6.1453;
576.66;0;0;0;5A;37;38;37;37;38;4EC;137;3C0;3.2;25.1;47.5;14.4;5.5;76.2;0.2039;0.0096;-0.0750;0.0500;6.2675;
576.91;0;0;0;5A;37;38;37;37;38;4EB;138;3C0;3.2;24.9;47.0;14.4;5.5;76.2;0.2039;0.0081;-0.0500;-0.1250;6.1966;
577.16;0;0;0;5A;37;38;37;38;38;4E8;138;3C0;3.2;24.9;47.0;14.4;5.5;76.2;0.2039;0.0075;-0.0500;0.0750;6.1818;
577.41;0;0;0;5A;37;37;37;37;38;4EA;138;3C0;3.2;24.9;47.5;14.4;5.5;76.2;0.2039;0.0081;0.0500;0.0500;6.2575;
577.66;0;0;0;5A;37;38;37;38;38;4E9;138;3C0;3.2;24.9;48.0;14.4;5.5;76.2;0.2039;0.0116;0.0250;0.0250;6.3184;
577.91;0;0;0;5A;37;38;37;38;38;4EB;138;3C0;3.2;24.9;47.5;14.4;5.5;76.2;0.2039;0.0125;0.0500;0.1750;6.2625;
578.16;0;0;0;5A;37;38;37;38;38;4F1;138;3C0;3.2;24.5;48.0;14.4;5.5;76.2;0.2039;0.0126;0.0500;0.0750;6.3586;
578.41;0;0;0;5A;38;38;37;38;38;4F2;138;3C0;3.2;24.7;47.0;14.4;5.5;76.2;0.2039;0.0130;0.0500;0.0000;6.2310;
578.66;0;0;0;5A;38;38;38;38;38;4F3;138;3C0;3.2;24.7;46.5;14.4;5.5;76.2;0.2000;0.0126;0.0250;0.1750;6.1696;
578.91;0;0;0;5A;38;38;37;38;38;4DE;138;3C0;3.2;24.8;-10.0;14.4;5.5;76.2;0.0000;0.0125;0.0250;0.2500;-1.3048;
579.17;0;0;0;5A;37;38;37;38;38;4E9;138;3C0;3.2;24.8;-22.0;14.4;5.5;76.2;0.0000;0.0101;-0.0750;0.1250;-2.8959;
579.42;0;0;0;5A;37;37;37;37;37;4E4;138;3C0;3.2;24.5;-30.5;14.4;5.5;76.2;0.0000;0.0070;-0.1500;0.0000;-3.9988;
579.67;1;0;0;5A;37;37;37;37;37;4E5;138;3C0;3.2;24.8;-30.5;14.4;5.5;76.2;0.0000;0.0045;-0.2000;-0.0750;-4.0020;
579.92;1;0;0;5A;37;37;37;37;37;425;138;3C0;3.2;24.8;-29.0;14.4;5.5;76.2;0.0000;0.0045;-0.1750;-0.0250;-3.2221;
580.17;1;0;0;5A;37;37;37;37;37;471;138;3C0;3.2;24.6;81.5;14.4;5.5;76.2;0.5725;0.0045;-0.1000;-0.1000;9.7039;
580.42;1;0;0;5A;37;37;37;37;37;61B;138;3C0;3.2;24.6;-22.5;14.4;5.5;76.2;0.0000;0.0043;-0.1500;-0.2250;-3.6827;
580.67;1;0;0;5A;37;37;37;37;37;5E0;138;3C0;3.2;24.4;-28.0;14.4;5.5;76.2;0.0000;0.0028;-0.1000;-0.1250;-4.4100;
580.92;0;0;0;5A;36;37;36;36;37;603;138;3C0;3.2;24.4;-33.5;14.4;5.5;76.2;0.0000;0.0026;-0.2250;-0.2250;-5.3990;
581.17;0;0;0;5A;36;36;36;36;36;5FF;138;3C0;3.2;24.7;-34.0;14.4;5.5;76.2;0.0000;0.0026;-0.2250;-0.1750;-5.4653;
581.42;0;0;0;5A;36;36;36;36;36;5F7;138;3C0;3.2;24.5;-34.0;14.4;5.5;76.2;0.0000;0.0028;-0.2500;-0.1500;-5.4368;
581.67;0;0;0;5A;36;36;36;36;36;5F5;138;3C0;3.2;24.5;-34.0;14.4;5.5;76.2;0.0000;0.0013;-0.2250;-0.1500;-5.4297;
581.92;0;0;0;5A;35;36;36;36;36;5EE;138;3C0;3.2;24.6;-33.5;14.4;5.5;76.2;0.0000;0.0011;-0.2000;-0.2500;-5.3253;
582.17;0;0;0;5A;35;36;35;36;36;5E9;138;3C0;3.2;24.6;-33.5;14.4;5.5;76.2;0.0000;0.0013;-0.2000;-0.1250;-5.3078;
582.42;0;0;0;5A;35;35;35;35;36;5E8;138;3C0;3.2;24.8;-33.5;14.4;5.5;76.2;0.0000;0.0015;-0.1500;-0.2250;-5.3043;
582.67;0;0;0;5A;35;35;35;35;35;5E3;138;3C0;3.2;24.7;-33.5;14.4;5.5;76.2;0.0000;0.0016;-0.1750;-0.1500;-5.2867;
582.92;0;0;0;5A;35;35;35;35;35;5E2;138;3C0;3.2;24.7;-33.5;14.4;5.5;76.2;0.0000;0.0025;-0.1500;-0.0500;-5.2832;
583.17;0;0;0;5A;35;35;35;35;35;5DB;138;3C0;3.2;24.5;-33.5;14.4;5.5;76.2;0.0000;0.0028;-0.2000;-0.0250;-5.2587;
583.42;0;0;0;5A;35;35;35;35;35;5DD;138;3C0;3.2;24.6;-33.5;14.4;5.5;76.2;0.0000;0.0032;-0.1250;-0.2500;-5.2657;
583.67;0;0;0;5A;35;35;35;35;35;5D5;138;3C0;3.2;24.6;-33.5;14.4;5.5;76.2;0.0000;0.0045;-0.1000;-0.0500;-5.2376;
583.92;0;0;0;5A;35;35;35;35;35;5D9;138;3C0;3.2;24.4;-33.0;14.4;5.5;76.2;0.0000;0.0046;-0.1000;-0.0500;-5.1733;
584.18;0;0;0;5A;35;35;35;35;35;5D3;138;3C0;3.2;24.5;-33.5;14.4;5.5;76.2;0.0000;0.0048;-0.1000;-0.0250;-5.2306;
584.43;0;0;0;5A;35;35;35;35;35;5D3;138;3C0;3.2;24.5;-33.5;14.4;5.5;76.2;0.0000;0.0050;-0.0500;-0.0750;-5.2306;
584.68;0;0;0;5A;35;35;35;35;35;5D3;138;3C0;3.2;24.5;-33.5;14.4;5.5;76.2;0.0000;0.0050;-0.0250;0.1000;-5.2306;
584.93;0;0;0;59;35;35;35;35;35;5D4;138;3C0;3.2;24.6;-33.5;14.4;5.5;76.2;0.0000;0.0050;-0.0250;0.1250;-5.2341;
585.18;0;0;0;59;35;35;35;35;35;5E0;138;3C0;3.2;24.8;-33.5;14.4;5.5;76.2;0.0000;0.0050;0.0500;0.1250;-5.2762;
585.43;0;1;0;59;35;35;35;35;35;5D6;138;3C0;3.2;24.8;-33.5;14.4;5.5;76.2;0.0000;0.0050;-0.0250;-0.0500;-5.2411;
585.68;0;1;0;59;35;35;35;35;35;5DC;138;3C0;3.2;24.9;-33.5;14.4;5.5;76.2;0.0000;0.0055;-0.4500;0.1750;-5.2622;
585.93;0;1;0;59;35;35;35;35;35;5D9;138;3C0;3.2;24.9;-33.5;14.4;5.5;76.2;0.0000;0.0059;-0.1750;0.1500;-5.2516;
586.18;0;1;0;59;35;35;35;35;35;5D0;138;3C0;3.2;25.1;-33.0;14.4;5.5;76.2;0.0000;0.0062;-0.3750;0.4250;-5.1422;
586.43;0;0;0;59;35;35;35;35;35;5D6;138;3C0;3.2;25.5;-33.5;14.4;5.5;76.2;0.0000;0.0067;0.0750;0.4500;-5.2411;
586.68;0;1;0;59;34;35;34;34;35;5C9;138;3C0;3.2;25.5;-33.0;14.4;5.5;76.2;0.0000;0.0075;-0.1500;0.3750;-5.1180;
586.93;0;1;0;59;34;34;34;34;34;5C2;138;3C0;3.2;25.7;-33.0;14.4;5.5;76.2;0.0000;0.0075;-0.3750;0.0000;-5.0938;
587.18;0;1;0;59;33;34;33;34;34;5B4;138;3C0;3.2;26.2;-33.0;14.4;5.5;76.2;0.0000;0.0073;-0.5000;0.3250;-5.0454;
587.43;0;1;0;59;33;33;33;33;33;5A9;138;3C0;3.2;26.2;-33.0;14.4;5.5;76.2;0.0000;0.0073;-0.7750;0.3750;-5.0074;
587.68;0;1;0;59;33;33;33;33;33;5A5;138;3C0;3.2;26.9;-33.0;14.4;5.5;76.2;0.0000;0.0068;-0.6750;0.5750;-4.9936;
587.93;0;1;0;59;32;32;32;32;32;588;138;3C0;3.2;26.9;-32.5;14.4;5.5;76.2;0.0000;0.0064;-0.6000;0.3500;-4.8192;
588.18;0;1;0;59;31;32;31;32;32;581;138;3C0;3.2;27.3;-32.5;14.4;5.5;76.2;0.0000;0.0059;-0.8250;0.5000;-4.7954;
588.43;0;1;0;59;31;31;31;31;31;571;138;3C0;3.2;27.8;-32.0;14.4;5.5;76.2;0.0000;0.0058;-0.6750;0.4750;-4.6680;
588.68;0;1;0;59;30;30;30;30;30;556;138;3C0;3.2;27.8;-32.0;14.4;5.5;76.2;0.0000;0.0056;-0.7250;0.0000;-4.5775;
588.93;0;1;0;59;30;30;30;30;30;545;138;3C0;3.2;27.8;-31.5;14.4;5.5;76.2;0.0000;0.0055;-0.6750;0.1750;-4.4499;
589.19;0;1;0;59;2F;2F;2F;2F;2F;532;138;3C0;3.2;28.3;-31.5;14.4;5.5;76.2;0.0000;0.0055;-0.6750;0.1250;-4.3872;
589.44;0;1;0;59;2F;2F;2F;2F;2F;52C;138;3C0;3.2;28.6;-31.5;14.4;5.5;76.2;0.0000;0.0037;-0.8250;-0.1250;-4.3674;
589.69;0;1;0;59;2E;2E;2E;2E;2E;51B;138;3C0;3.2;28.6;-31.0;14.4;5.5;76.2;0.0000;-0.0083;-0.4250;0.0750;-4.2429;
589.94;0;1;0;59;2E;2E;2D;2D;2E;50A;138;3C0;3.2;29.2;-31.0;14.4;5.5;76.2;0.0000;-0.0130;-0.4250;-0.2750;-4.1877;
590.19;0;1;0;59;2D;2D;2D;2D;2D;4F5;138;3C0;3.2;29.4;-31.0;14.4;5.5;76.2;0.0000;-0.0138;-0.7000;-0.1000;-4.1196;
590.44;0;1;0;59;2C;2C;2D;2C;2D;4EB;138;3C0;3.2;29.4;-31.0;14.4;5.5;76.2;0.0000;-0.0141;-0.6500;-0.5000;-4.0871;
590.69;0;1;0;59;2C;2C;2C;2C;2C;4DD;138;3C0;3.2;29.3;-31.0;14.4;5.5;76.2;0.0000;-0.0204;-0.4250;-0.1250;-4.0417;
590.94;0;0;0;59;2C;2C;2C;2C;2C;4E4;138;3C0;3.2;29.3;-31.0;14.4;5.5;76.2;0.0000;-0.0240;0.0500;-0.4250;-4.0644;
591.19;0;0;0;59;2C;2C;2C;2C;2C;4E5;138;3C0;3.2;29.2;-31.0;14.4;5.5;76.2;0.0000;-0.0297;0.0250;-0.6500;-4.0676;
591.44;0;0;0;59;2C;2C;2C;2C;2C;4E4;138;3C0;3.2;28.3;-31.0;14.4;5.5;76.2;0.0000;-0.0338;0.0250;-0.8750;-4.0644;
591.69;0;0;0;59;2C;2C;2C;2C;2C;4E8;138;3C0;3.2;28.3;-31.0;14.4;5.5;76.2;0.0000;-0.0440;0.0250;-1.3000;-4.0774;
591.94;0;0;0;59;2C;2C;2C;2C;2C;4E2;138;3C0;3.2;27.5;-31.0;14.4;5.5;76.2;0.0000;-0.0525;-0.0250;-1.3500;-4.0579;
592.19;0;0;0;59;2D;2C;2C;2C;2C;4E5;138;3C0;3.2;26.6;-31.0;14.4;5.5;76.2;0.0000;-0.0588;0.0000;-1.3000;-4.0676;
592.44;0;0;0;59;2D;2C;2D;2C;2C;4E9;138;3C0;3.2;26.6;-31.0;14.4;5.5;76.2;0.0000;-0.0643;0.0250;-1.6000;-4.0806;
592.69;0;0;0;59;2D;2C;2D;2C;2C;4E5;138;3C0;3.2;25.4;-31.0;14.4;5.5;76.2;0.0000;-0.0643;0.0000;-1.4750;-4.0676;
592.94;0;0;0;59;2D;2C;2D;2C;2C;4EC;138;3C0;3.2;25.4;-31.0;14.4;5.5;76.2;0.0000;-0.0648;0.0250;-1.6000;-4.0904;
593.19;0;0;0;59;2D;2C;2D;2C;2D;4F1;138;3C0;3.2;24.5;-31.0;14.4;5.5;76.2;0.0000;-0.0618;0.1000;-1.4000;-4.1066;
593.44;0;0;0;59;2D;2C;2D;2C;2D;4F5;138;3C0;3.2;24.5;-31.0;14.4;5.5;76.2;0.0000;-0.0566;0.1000;-1.4000;-4.1196;
593.69;0;0;0;59;2D;2C;2D;2C;2D;4FB;138;3C0;3.2;23.4;-31.0;14.4;5.5;76.2;0.0000;-0.0706;0.1250;-2.0000;-4.1390;
593.94;0;0;0;59;2D;2C;2D;2C;2D;4FA;138;3C0;3.2;23.4;-31.0;14.4;5.5;76.2;0.0000;-0.0810;0.1250;-2.0750;-4.1358;
594.21;0;0;0;59;2E;2D;2E;2D;2D;4FF;138;3C0;3.2;22.5;-31.0;14.4;5.5;76.2;0.0000;-0.0873;0.1000;-2.3750;-4.1520;
594.46;0;0;0;59;2E;2D;2E;2D;2D;500;138;3C0;3.2;21.3;-31.0;14.4;5.5;76.2;0.0000;-0.0881;0.0500;-2.4500;-4.1553;
594.71;0;0;0;59;2E;2D;2E;2D;2D;502;138;3C0;3.2;21.3;-31.0;14.4;5.5;76.2;0.0000;-0.0872;0.0750;-2.4000;-4.1618;
594.96;0;0;0;59;2E;2D;2E;2D;2D;50A;138;3C0;3.2;20.1;-31.0;14.4;5.5;76.2;0.0000;-0.0798;0.0750;-2.3500;-4.1877;
595.21;0;0;0;59;2E;2D;2E;2D;2D;509;138;3C0;3.2;19.4;-31.0;14.4;5.5;76.2;0.0000;-0.0727;0.0250;-1.5500;-4.1845;
595.46;0;0;0;59;2E;2D;2E;2D;2E;506;138;3C0;3.2;19.4;-31.0;14.4;5.5;76.2;0.0000;-0.0508;0.0750;-1.3500;-4.1748;
595.71;0;0;0;59;2D;2D;2E;2D;2D;505;138;3C0;3.2;19.1;-31.0;14.4;5.5;76.2;0.0000;-0.0407;-0.0250;-0.7750;-4.1715;
595.96;0;0;0;59;2D;2D;2D;2D;2D;501;138;3C0;3.2;19.1;-30.5;14.4;5.5;76.2;0.0000;-0.0340;-0.1250;-1.0750;-4.0915;
596.21;0;0;0;59;2D;2D;2D;2D;2D;4FE;138;3C0;3.2;19.1;-30.5;14.4;5.5;76.2;0.0000;-0.0285;-0.1000;-0.5500;-4.0819;
596.46;0;0;0;59;2D;2D;2D;2D;2D;4FE;138;3C0;3.2;19.6;-30.5;14.4;5.5;76.2;0.0000;-0.0208;-0.1250;-0.3750;-4.0819;
596.71;0;1;0;59;2D;2D;2D;2D;2D;4F9;138;3C0;3.2;19.6;-30.5;14.4;5.5;76.2;0.0000;-0.0191;-0.0250;-0.4000;-4.0659;
596.96;0;1;0;59;2D;2D;2D;2D;2D;4F0;138;3C0;3.2;20.1;-30.5;14.4;5.5;76.2;0.0000;-0.0163;-0.3750;-0.1500;-4.0372;
597.21;0;1;0;59;2C;2C;2C;2C;2C;4E5;138;3C0;3.2;20.1;-30.5;14.4;5.5;76.2;0.0000;-0.0103;-0.2750;0.0000;-4.0020;
597.46;0;1;0;59;2C;2C;2C;2C;2C;4DD;138;3C0;3.2;20.5;-30.5;14.4;5.5;76.2;0.0000;-0.0004;-0.6750;-0.0250;-3.9765;
597.71;0;1;0;59;2B;2C;2C;2C;2C;4D2;138;3C0;3.2;20.5;-30.5;14.4;5.5;76.2;0.0000;0.0056;-0.1000;0.3250;-3.9413;
597.96;0;0;0;59;2B;2B;2B;2B;2B;4C8;138;3C0;3.2;21.4;-30.5;14.4;5.5;76.2;0.0000;0.0153;-0.2500;0.0500;-3.9094;
598.21;0;0;0;59;2B;2B;2B;2B;2B;4C4;138;3C0;3.2;21.7;-30.5;14.4;5.5;76.2;0.0000;0.0300;-0.2500;0.8000;-3.8966;
598.46;0;0;0;59;2A;2B;2A;2B;2B;4BE;138;3C0;3.2;21.7;-30.5;14.4;5.5;76.2;0.0000;0.0758;-0.2500;1.8500;-3.8775;
598.71;0;0;0;59;2A;2B;2A;2B;2B;4B4;138;3C0;3.2;22.9;-30.5;14.4;5.5;76.2;0.0000;0.0958;-0.3250;2.1250;-3.8455;
598.96;0;0;0;59;2A;2B;2A;2B;2A;4AF;138;3C0;3.2;22.9;-31.0;14.4;5.5;76.2;0.0000;0.1098;-0.3250;2.6250;-3.8923;
599.22;0;0;0;59;29;2A;29;2A;2A;49F;138;3C0;3.2;25.0;-31.0;14.4;5.5;76.2;0.0000;0.1153;-0.4000;2.9750;-3.8404;
599.47;0;0;0;59;29;2A;29;2A;2A;49B;138;3C0;3.2;27.3;-31.0;14.4;5.5;76.2;0.0000;0.0991;-0.3750;2.2500;-3.8274;
599.72;0;0;0;59;29;2A;29;2A;29;48D;138;3C0;3.2;27.3;-31.5;14.4;5.5;76.2;0.0667;0.0915;-0.4000;2.1000;-3.8430;
599.97;0;0;0;59;28;29;28;29;29;492;138;3C0;3.2;28.9;-9.0;14.4;5.5;76.2;0.1569;0.0895;-0.3500;2.4250;-1.1027;
600.22;0;0;0;59;28;29;28;29;29;496;138;3C0;3.2;29.7;13.0;14.5;5.5;76.2;0.1255;0.0837;-0.2500;2.2500;1.5982;
600.47;0;0;0;59;28;29;28;29;29;468;138;3C0;3.2;29.7;-10.0;14.5;5.5;76.2;0.0000;0.0766;-0.2500;1.8250;-1.1812;
600.72;0;0;0;59;28;29;28;28;28;46D;138;3C0;3.2;30.6;-26.5;14.5;5.5;76.2;0.0549;0.0766;-0.3250;1.6500;-3.1442;
600.97;0;0;0;59;27;28;27;28;28;471;138;3C0;3.2;31.5;-13.5;14.5;5.5;76.2;0.1216;0.0779;-0.4000;1.6250;-1.6074;
601.22;0;0;0;59;27;28;27;28;27;464;138;3C0;3.2;31.5;8.0;14.5;5.5;76.2;0.1451;0.0856;-0.4000;1.6000;0.9416;
601.47;0;0;0;59;26;27;26;27;27;467;138;3C0;3.2;31.5;15.5;14.5;5.5;76.2;0.1608;0.0875;-0.3750;1.7500;1.8293;
601.72;0;0;0;59;26;27;26;27;27;44D;138;3C0;3.2;31.9;28.5;14.5;5.5;76.2;0.1922;0.0856;-0.4000;1.5500;3.2859;
601.97;0;0;0;59;26;27;26;27;27;44A;138;3C0;3.2;32.4;37.5;14.5;5.5;76.2;0.1961;0.0758;-0.2750;1.3750;4.3118;
602.22;0;0;0;59;26;27;27;27;27;449;138;3C0;3.2;32.4;44.0;14.5;5.5;76.2;0.2078;0.0697;-0.1000;0.7750;5.0546;
602.47;0;0;0;59;26;27;26;27;26;442;138;3C2;3.2;32.8;49.0;14.4;5.5;76.2;0.2118;0.0653;-0.1750;0.8500;5.5931;
602.72;0;0;0;59;26;27;26;27;26;448;138;3C2;3.2;32.8;51.0;14.4;5.5;76.2;0.2157;0.0651;-0.1000;0.9750;5.8534;
602.97;0;0;0;59;26;27;26;27;27;44B;138;3C2;3.2;32.5;53.0;14.4;5.5;76.2;0.2157;0.0637;0.0750;0.8500;6.0996;
603.22;0;0;0;59;26;27;26;27;27;44B;138;3C0;3.2;31.7;53.0;14.4;5.5;76.2;0.2118;0.0598;0.1000;0.7000;6.0996;
603.47;0;0;0;59;27;27;27;27;27;450;138;3C0;3.2;31.7;53.0;14.4;5.5;76.2;0.2118;0.0467;0.1500;0.7500;6.1274;
603.72;0;0;0;58;27;27;27;27;27;44F;138;3C0;3.2;30.5;33.0;14.4;5.5;76.2;0.0549;0.0432;0.1250;0.7500;3.8117;
603.97;0;0;0;58;27;27;27;27;27;445;138;3C2;3.2;29.2;-10.5;14.4;5.5;76.2;0.0000;0.0358;0.0250;0.6000;-1.2018;
604.25;0;0;0;58;27;27;27;27;27;444;138;3C2;3.2;29.2;-28.0;14.4;5.5;76.2;0.0000;0.0253;-0.0500;0.4500;-3.2019;
604.50;0;0;0;58;26;27;27;27;27;445;138;3C2;3.2;28.9;-31.0;14.4;5.5;76.2;0.0549;0.0218;-0.2750;0.3750;-3.5482;
604.75;0;0;0;58;26;26;26;26;26;445;138;3C0;3.2;28.9;-12.5;14.4;5.5;76.2;0.1137;0.0196;-0.2250;0.3750;-1.4307;
605.00;0;0;0;58;26;26;26;26;26;43A;138;3C2;3.2;28.5;-7.0;14.4;5.5;76.2;0.0000;0.0158;-0.1750;0.0750;-0.7931;
605.25;0;0;0;58;26;26;26;26;26;43B;138;3C0;3.2;27.7;-16.5;14.4;5.5;76.2;0.0000;0.0108;-0.1750;0.3750;-1.8713;
605.50;0;0;0;58;26;26;26;26;26;437;138;3C2;3.2;27.7;-28.5;14.4;5.5;76.2;0.0000;-0.0008;-0.1750;0.1000;-3.2203;
605.75;0;0;0;58;26;26;26;26;26;434;138;3C2;3.2;27.7;-31.0;14.4;5.5;76.2;0.0000;-0.0051;-0.2500;0.2750;-3.4930;
606.00;1;0;0;58;25;26;26;26;26;3BA;138;3C0;3.2;27.4;-27.0;14.4;5.5;76.2;0.0000;-0.0075;-0.2750;0.1250;-2.6974;
606.25;1;0;0;58;25;25;26;25;26;36E;138;3C0;3.2;26.8;-4.0;14.4;5.5;76.2;0.0000;-0.0136;-0.2000;-0.0500;-0.3678;
606.50;1;0;0;58;25;25;25;25;25;368;138;3C0;3.2;26.8;4.5;14.4;5.5;76.2;0.0000;-0.0160;-0.1500;0.1000;0.4109;
606.75;1;0;0;58;25;25;25;25;25;3C3;138;3C0;3.2;26.3;-31.0;14.4;5.5;76.2;0.0000;-0.0195;-0.3250;0.2750;-3.1262;
607.00;1;0;0;59;24;24;24;24;24;4B1;138;3C2;3.2;26.3;-24.0;14.4;5.5;76.2;0.0353;-0.0273;-0.6000;-0.2000;-3.0184;
607.25;1;0;0;58;24;24;24;23;24;5A6;138;3C2;3.2;26.3;-8.0;14.4;5.5;76.2;0.1059;-0.0345;-0.7250;-0.2750;-1.2114;
607.50;1;0;0;58;24;23;24;23;24;59B;138;3C2;3.2;26.1;33.5;14.4;5.5;76.2;0.2000;-0.0470;-0.3250;-0.5000;5.0341;
607.75;0;0;0;58;24;23;24;23;24;589;138;3C0;3.2;26.1;56.5;14.4;5.5;76.2;0.2510;-0.0579;-0.1250;-1.1500;8.3839;
608.00;0;0;0;58;24;23;24;23;24;59D;138;3C0;3.2;25.3;77.5;14.4;5.5;76.2;0.2745;-0.0713;0.1500;-1.2250;11.6624;
608.25;0;0;0;58;25;24;25;24;24;5A7;138;3C0;3.2;24.7;88.0;14.4;5.5;76.2;0.2902;-0.0770;0.3250;-1.1750;13.3346;
608.50;0;0;0;58;25;24;25;24;25;5BF;138;3C2;3.2;24.7;102.0;14.4;5.5;76.2;0.3020;-0.0766;0.4750;-1.4000;15.7124;
608.75;0;0;0;58;26;25;26;25;25;5CE;138;3C0;3.2;23.6;108.0;14.4;5.5;76.2;0.3137;-0.0763;0.4750;-1.3500;16.8063;
609.00;0;0;0;58;26;26;26;26;26;5EE;138;3C0;3.2;22.2;117.0;14.4;5.5;76.2;0.3216;-0.0681;0.6000;-0.9750;18.5989;
609.26;0;0;0;58;27;26;27;26;27;603;138;3C2;3.2;22.2;121.0;14.4;5.5;76.2;0.3255;-0.0393;0.6750;-0.8250;19.5008;
609.51;0;0;0;58;27;27;28;27;27;624;138;3C2;3.2;21.6;124.0;14.4;5.5;76.2;0.3255;-0.0301;0.7500;-0.3500;20.4128;
609.76;0;0;0;58;28;28;28;28;28;637;138;3C0;3.2;21.6;124.5;14.4;5.5;76.2;0.3216;-0.0262;0.7500;-0.3250;20.7428;
610.01;0;0;0;58;29;29;29;29;29;65A;138;3C2;3.2;21.0;121.0;14.4;5.5;76.2;0.3176;-0.0141;0.7500;0.1500;20.6032;
610.26;0;0;0;58;29;29;29;2A;29;66F;138;3C2;3.2;21.0;119.0;14.4;5.5;76.2;0.3137;0.0055;0.7500;0.1000;20.5243;
610.51;1;0;0;58;2A;2A;2A;2A;2A;666;138;3C2;3.2;20.5;-35.0;14.4;5.5;76.2;0.0000;0.0108;0.5750;0.4000;-6.0036;
610.76;1;0;0;58;2A;2A;29;2A;2A;5DF;13A;3C2;3.2;20.5;-28.5;14.4;5.5;76.2;0.0000;0.0111;0.1500;0.2750;-4.4857;
611.01;1;0;0;58;29;29;29;29;2A;4EB;13A;3C2;3.2;20.4;-30.0;14.4;5.5;76.2;0.0000;0.0118;-0.1250;0.3750;-3.9553;
611.26;1;0;0;58;29;29;29;29;29;4B5;13A;3C2;3.2;20.7;24.0;14.4;5.5;76.2;0.1882;0.0166;-0.1750;0.2000;3.0285;
611.51;0;0;0;58;29;29;29;29;29;483;13A;3C2;3.2;20.7;-4.5;14.4;5.5;76.2;0.0000;0.0210;-0.1000;0.4250;-0.5443;
611.76;0;0;0;59;29;29;29;29;29;483;13A;3C2;3.2;20.5;-17.5;14.4;5.5;76.2;0.0000;0.0263;-0.2250;0.5000;-2.1166;
612.01;0;0;0;58;28;28;28;29;29;47C;13A;3C2;3.2;20.9;-29.5;14.4;5.5;76.2;0.0000;0.0285;-0.4000;0.5000;-3.5464;
612.26;0;0;0;59;28;28;28;28;28;476;13A;3C0;3.2;20.9;-30.0;14.4;5.5;76.2;0.0000;0.0404;-0.4250;0.8250;-3.5877;
612.51;0;0;0;58;27;28;27;28;28;464;13A;3C2;3.2;22.3;-27.5;14.4;5.5;76.2;0.0157;0.0493;-0.4500;1.0000;-3.2369;
612.76;0;0;0;58;27;28;27;28;27;45D;13A;3C2;3.2;22.3;-28.5;14.4;5.5;76.2;0.0000;0.0598;-0.5250;1.3250;-3.3337;
613.01;0;0;0;58;26;27;26;27;27;44D;13A;3C2;3.2;23.3;-29.5;14.4;5.5;76.2;0.0000;0.0625;-0.4500;1.3750;-3.4012;
613.26;0;0;0;58;26;27;26;27;27;446;13A;3C0;3.2;24.8;-30.0;14.4;5.5;76.2;0.0000;0.0651;-0.4250;1.0500;-3.4369;
613.51;0;0;0;58;26;27;26;26;26;43F;13A;3C2;3.2;24.8;-17.0;14.4;5.5;76.2;0.1451;0.0664;-0.4250;1.3000;-1.9351;
613.76;0;0;0;58;25;26;25;26;26;43B;13A;3C2;3.2;26.3;4.0;14.4;5.5;76.2;0.1608;0.0667;-0.4000;1.3000;0.4536;
614.01;0;0;0;58;25;26;25;26;26;438;13A;3C0;3.2;26.3;21.0;14.4;5.5;76.2;0.1608;0.0667;-0.3250;1.0750;2.3750;
614.27;0;0;0;58;25;26;25;26;25;42E;13A;3C0;3.2;27.0;25.0;14.4;5.5;76.2;0.1843;0.0698;-0.2250;1.1000;2.8013;
614.52;0;0;0;58;25;26;25;26;25;427;13A;3C0;3.2;27.0;44.0;14.4;5.5;76.2;0.2510;0.0783;-0.1750;0.8000;4.8980;
614.77;0;0;0;58;25;26;25;26;26;42E;13A;3C2;3.2;27.6;70.0;14.4;5.5;76.2;0.2863;0.0880;0.0250;1.7000;7.8435;
615.02;0;0;0;58;25;26;25;26;26;431;13A;3C2;3.2;28.1;101.5;14.4;5.5;76.2;0.3176;0.0914;0.1000;1.8000;11.4050;
615.27;0;0;0;58;25;26;26;27;26;434;13A;3C0;3.2;28.1;120.5;14.4;5.5;76.2;0.3373;0.1015;0.1750;2.0000;13.5778;
615.52;0;0;0;58;26;27;26;27;26;446;13A;3C2;3.2;28.2;137.0;14.4;5.5;76.2;0.3529;0.1077;0.1750;2.0750;15.6952;
615.77;0;0;0;58;26;28;26;27;27;453;13A;3C2;3.2;28.8;147.0;14.4;5.5;76.2;0.3608;0.1116;0.4000;2.3750;17.0409;
616.02;0;0;0;58;27;28;27;28;27;461;13A;3C2;3.2;28.8;157.0;14.4;5.5;76.2;0.3686;0.1138;0.5500;2.2750;18.4304;
616.27;0;0;0;58;27;29;27;29;28;468;13A;3C0;3.2;29.4;161.0;14.4;5.5;76.2;0.3647;0.1150;0.5250;2.4750;19.0179;
616.52;0;0;0;58;28;29;28;29;28;476;13A;3C2;3.2;29.4;160.0;14.4;5.5;76.2;0.3647;0.1150;0.4750;2.6250;19.1344;
616.77;0;0;0;58;28;2A;28;29;29;480;13A;3C2;3.2;29.6;160.0;14.4;5.5;76.2;0.3608;0.1150;0.4500;2.7250;19.3019;
617.02;0;0;0;58;28;2A;28;2A;29;491;13A;3C2;3.2;30.0;157.5;14.4;5.5;76.2;0.3608;0.1162;0.4750;2.6500;19.2807;
617.27;0;0;0;58;29;2A;29;2A;2A;496;13A;3C0;3.2;30.0;157.5;14.4;5.5;76.2;0.3608;0.1157;0.3750;2.8000;19.3632;
617.52;0;0;0;58;29;2B;29;2A;2A;4A5;13A;3C0;3.2;30.1;158.0;14.4;5.5;76.2;0.3647;0.1150;0.3750;2.8250;19.6729;
617.77;0;0;0;58;2A;2B;2A;2B;2A;4AF;13A;3C2;3.2;30.3;158.5;14.4;5.5;76.2;0.3647;0.1115;0.4250;2.7000;19.9011;
618.02;0;0;0;58;2A;2B;2A;2B;2B;4BA;13A;3C0;3.2;30.3;159.0;14.4;5.5;76.2;0.3647;0.1058;0.4250;2.6250;20.1470;
618.27;0;0;0;59;2B;2C;2B;2C;2B;4C5;13A;3C0;3.2;30.3;158.5;14.4;5.5;76.2;0.3647;0.0957;0.4000;2.5250;20.2663;
618.52;0;0;0;59;2B;2C;2B;2C;2B;4D1;13A;3C0;3.2;30.8;158.5;14.4;5.5;76.2;0.3647;0.0872;0.3500;2.1000;20.4654;
618.77;0;0;0;59;2B;2C;2B;2C;2C;4D9;13A;3C2;3.2;30.9;158.0;14.4;5.5;76.2;0.3647;0.0779;0.4000;1.8250;20.5332;
619.02;0;0;0;59;2C;2D;2C;2C;2C;4E3;13A;3C2;3.2;30.9;158.5;14.4;5.5;76.2;0.3647;0.0692;0.3750;1.7250;20.7642;
619.28;0;0;0;59;2C;2D;2C;2D;2C;4E5;13A;3C2;3.2;31.1;158.0;14.4;5.5;76.2;0.3647;0.0681;0.2000;1.8250;20.7318;
619.53;0;0;0;59;2C;2D;2C;2D;2D;4EB;13A;3C0;3.2;31.1;156.5;14.4;5.5;76.2;0.3608;0.0675;0.1500;1.7500;20.6333;
619.78;0;0;0;59;2C;2D;2C;2D;2D;4EF;13A;3C2;3.2;30.7;151.5;14.4;5.5;76.2;0.3529;0.0625;0.1000;1.6000;20.0375;
620.03;0;0;0;59;2C;2D;2C;2D;2D;4F4;13A;3C0;3.2;30.9;140.0;14.4;5.5;76.2;0.3255;0.0513;0.1500;1.0250;18.5899;
620.28;0;0;0;59;2C;2C;2D;2D;2D;4F2;13A;3C0;3.2;30.9;113.0;14.4;5.5;76.2;0.3020;0.0323;0.0500;0.8500;14.9810;
620.53;0;0;0;59;2C;2D;2D;2D;2D;4EC;13A;3C2;3.2;30.6;94.0;14.4;5.5;76.2;0.2588;0.0204;-0.0500;0.5000;12.4030;
620.78;0;0;0;59;2C;2C;2C;2C;2D;4EB;13A;3C2;3.2;29.5;25.0;14.4;5.5;76.2;0.2078;0.0171;-0.1750;0.6500;3.2961;
621.03;0;0;0;59;2C;2C;2C;2C;2C;4CB;13A;3C0;3.2;29.5;-11.5;14.4;5.5;76.2;0.0000;0.0115;-0.4250;0.1500;-1.4776;
621.28;0;0;0;59;2B;2B;2B;2B;2B;4C6;13A;3C2;3.2;29.0;-16.0;14.4;5.5;76.2;0.0549;0.0034;-0.5250;0.4750;-2.0475;
621.53;0;0;0;59;2B;2B;2A;2B;2B;4C8;13A;3C0;3.2;29.0;7.0;14.4;5.5;76.2;0.1608;0.0034;-0.7000;-0.2000;0.8972;
621.78;0;0;0;59;2A;2A;2A;2A;2A;4A7;13A;3C0;3.2;28.8;-13.5;14.4;5.5;76.2;0.0000;0.0025;-0.7000;0.0250;-1.6837;
622.03;0;0;0;59;29;29;29;29;29;48A;13A;3C2;3.2;27.3;-24.0;14.4;5.5;76.2;0.0000;-0.0004;-0.7250;-0.1750;-2.9204;
622.28;0;0;0;59;28;28;28;28;29;481;13A;3C2;3.2;27.3;-30.0;14.4;5.5;76.2;0.0000;-0.0013;-0.8250;-0.1500;-3.6223;
622.53;0;0;0;59;28;28;28;28;28;46C;13A;3C0;3.2;27.3;-30.0;14.4;5.5;76.2;0.0000;0.0013;-0.7750;-0.1500;-3.5563;
622.78;0;0;0;59;27;27;27;27;27;458;13A;3C0;3.2;26.6;-30.0;14.4;5.5;76.2;0.0000;0.0015;-0.8500;-0.0750;-3.4935;
623.03;1;0;0;59;26;26;26;26;26;403;13A;3C0;3.2;26.2;-29.5;14.4;5.5;76.2;0.0000;0.0015;-0.8500;0.0250;-3.1726;
623.28;1;0;0;59;25;26;26;25;26;37C;13A;3C0;3.2;26.2;-2.0;14.4;5.5;76.2;0.0000;-0.0008;-0.8000;-0.0750;-0.1868;
623.53;1;0;0;59;25;25;25;25;25;368;13A;3C0;3.2;25.4;0.0;14.4;5.5;76.2;0.0000;-0.0008;-0.7500;-0.2250;0.0000;
623.78;1;0;0;59;24;24;24;24;24;38E;13A;3C0;3.2;25.3;-30.0;14.4;5.5;76.2;0.0000;-0.0008;-0.7750;-0.1500;-2.8588;
624.03;1;0;0;59;23;23;23;23;23;46A;13A;3C0;3.2;25.3;-31.0;14.4;5.5;76.2;0.0000;-0.0008;-1.0750;-0.0750;-3.6683;
624.29;1;0;0;59;22;22;22;22;22;54D;13A;3C0;3.2;24.6;-26.5;14.4;5.5;76.2;0.0000;-0.0029;-1.2250;-0.1000;-3.7658;
624.54;1;0;0;59;21;21;21;21;21;529;13A;3C0;3.2;24.6;-33.0;14.4;5.5;76.2;0.0000;-0.0032;-1.0750;-0.0500;-4.5650;
624.79;0;0;0;59;20;20;20;20;20;503;13A;3C0;3.2;24.6;-32.0;14.4;5.5;76.2;0.0000;-0.0029;-1.0000;-0.1250;-4.2994;
625.04;0;0;0;59;20;20;1F;20;20;4EC;13A;3C0;3.2;24.6;-29.0;14.4;5.5;76.2;0.0549;-0.0021;-0.9750;0.0500;-3.8265;
625.29;0;0;0;59;1F;1F;1F;1F;1F;4CF;13A;3C0;3.2;24.6;-6.5;14.4;5.5;76.2;0.1373;-0.0037;-0.8000;0.0750;-0.8379;
625.54;0;0;0;59;1E;1E;1E;1E;1E;4C6;13A;3C0;3.2;24.4;8.0;14.4;5.5;76.2;0.1804;-0.0051;-0.7750;-0.2250;1.0237;
625.79;0;0;0;59;1E;1E;1E;1D;1E;4A0;13A;3C0;3.2;23.9;29.0;14.4;5.5;76.2;0.1961;-0.0136;-0.5750;-0.3750;3.5957;
626.04;0;0;0;59;1D;1D;1D;1D;1D;498;13A;3C0;3.2;23.9;38.0;14.4;5.5;76.2;0.2196;-0.0306;-0.5000;-0.8000;4.6797;
626.29;0;0;0;59;1D;1D;1D;1D;1D;493;13A;3C0;3.2;23.9;63.5;14.4;5.5;76.2;0.2706;-0.0757;-0.3750;-1.0750;7.7868;
626.54;0;0;0;59;1D;1D;1D;1D;1D;48E;13A;3C0;3.2;23.9;81.5;14.4;5.5;76.2;0.2902;-0.0963;-0.2250;-1.5250;9.9514;
626.79;0;0;0;59;1D;1C;1D;1C;1D;48B;13A;3C0;3.2;23.2;102.5;14.4;5.5;76.2;0.3020;-0.1081;-0.0750;-1.6000;12.4834;
627.04;0;0;0;59;1D;1C;1D;1C;1D;48E;13A;3C0;3.2;23.2;111.0;14.4;5.5;76.2;0.3059;-0.1133;0.0500;-1.7000;13.5535;
627.29;0;0;0;59;1D;1D;1E;1D;1D;48F;13A;3C0;3.2;22.0;117.0;14.4;5.5;76.2;0.3098;-0.1148;0.0500;-1.7000;14.2983;
627.54;0;0;0;59;1E;1D;1E;1D;1D;496;13A;3C0;3.2;22.0;119.0;14.4;5.5;76.2;0.3098;-0.1148;0.1000;-1.7750;14.6300;
627.79;0;0;0;59;1E;1D;1E;1D;1E;4A0;13A;3C0;3.2;21.6;118.0;14.4;5.5;76.2;0.3059;-0.1148;0.1500;-1.8250;14.6306;
628.04;0;0;0;59;1E;1D;1E;1D;1E;4A4;13A;3C0;3.2;20.7;116.0;14.4;5.5;76.2;0.2980;-0.1150;0.1500;-1.5250;14.4312;
628.29;0;0;0;59;1E;1D;1E;1D;1E;4AE;13A;3C0;3.2;20.7;112.0;14.4;5.5;76.2;0.2980;-0.1175;0.1750;-1.6000;14.0509;
628.54;0;0;0;59;1F;1D;1F;1E;1E;4B7;13A;3C0;3.2;19.8;112.0;14.4;5.5;76.2;0.3020;-0.1247;0.1750;-1.8500;14.1564;
628.79;0;0;0;59;1F;1E;1F;1E;1E;4C7;13A;3C0;3.2;18.7;112.5;14.4;5.5;76.2;0.3020;-0.1250;0.2250;-1.6500;14.4081;
629.04;0;0;0;59;1F;1E;1F;1E;1F;4CD;13A;3C0;3.2;18.7;113.5;14.4;5.5;76.2;0.3059;-0.1250;0.2000;-1.6250;14.6075;
629.31;0;0;0;59;20;1E;1F;1E;1F;4D6;13A;3C0;3.2;18.0;116.5;14.4;5.5;76.2;0.3059;-0.1250;0.2500;-1.6000;15.1034;
629.56;0;0;0;59;20;1E;20;1F;1F;4DC;13A;3C0;3.2;18.0;117.0;14.4;5.5;76.2;0.3098;-0.1242;0.2250;-1.3000;15.2418;
629.81;0;0;0;59;20;1F;20;1F;1F;4DF;13A;3C0;3.2;17.4;118.5;14.4;5.5;76.2;0.3098;-0.1221;0.1500;-1.7250;15.4744;
630.06;0;0;0;59;20;1F;20;1F;20;4E8;13A;3C0;3.2;16.5;119.5;14.4;5.5;76.2;0.3098;-0.1108;0.2000;-1.4750;15.7176;
630.31;0;0;0;59;20;1F;20;1F;20;4F8;13A;3C0;3.2;16.5;119.0;14.4;5.5;76.2;0.3098;-0.1050;0.2500;-1.4500;15.8512;
630.56;0;0;0;59;20;1F;20;20;20;4FE;13A;3C0;3.2;16.2;119.5;14.4;5.5;76.2;0.3137;-0.0958;0.2500;-1.4500;15.9929;
630.81;0;0;0;59;21;20;21;20;20;517;13A;3C0;3.2;16.2;121.0;14.4;5.5;76.2;0.3176;-0.0850;0.3750;-1.0750;16.5104;
631.06;0;0;0;59;21;20;21;20;21;51E;13A;3C0;3.2;16.2;122.0;14.4;5.5;76.2;0.3216;-0.0630;0.3750;-0.8750;16.7363;
631.31;0;0;0;59;21;21;21;21;21;52F;13A;3C0;3.2;16.2;123.0;14.4;5.5;76.2;0.3216;-0.0538;0.4000;-0.7750;17.0925;
631.56;0;0;0;59;22;21;22;21;22;53B;13A;3C0;3.2;16.5;123.0;14.4;5.5;76.2;0.3137;-0.0371;0.4250;-0.3750;17.2470;
631.81;0;0;0;59;22;22;22;22;22;552;13A;3C0;3.2;16.6;115.5;14.4;5.5;76.2;0.3020;-0.0106;0.4000;0.3750;16.4736;
632.06;0;0;0;59;22;22;22;22;22;55E;13A;3C0;3.2;16.6;112.0;14.4;5.5;76.2;0.2980;0.0015;0.4000;0.4250;16.1151;
632.31;0;0;0;59;23;23;23;23;23;56D;13A;3C0;3.2;17.1;109.0;14.4;5.5;76.2;0.2980;0.0038;0.3750;0.2000;15.8547;
632.56;0;0;0;59;23;23;23;23;23;57E;13A;3C0;3.2;17.1;108.5;14.4;5.5;76.2;0.2980;0.0050;0.3750;0.1750;15.9751;
632.81;0;0;0;59;24;24;24;24;24;590;13A;3C0;3.2;18.0;109.0;14.4;5.5;76.2;0.3020;0.0064;0.4500;0.2500;16.2542;
633.06;0;0;0;59;24;24;24;24;24;5A0;13A;3C0;3.2;18.4;109.5;14.4;5.5;76.2;0.3020;0.0076;0.4250;0.3250;16.5122;
633.31;0;0;0;59;25;24;24;25;25;5B1;13A;3C0;3.2;18.4;114.5;14.4;5.5;76.2;0.3216;0.0073;0.4500;0.1750;17.4700;
633.56;0;0;0;59;25;25;25;25;25;5BF;13A;3C0;3.2;19.1;120.0;14.4;5.5;76.2;0.3294;0.0046;0.4250;0.3750;18.4851;
633.81;0;0;0;59;25;25;25;25;25;5DD;13A;3C0;3.2;19.7;133.0;14.4;5.5;76.2;0.3804;-0.0051;0.4750;-0.1000;20.9055;
634.06;0;0;0;59;26;26;26;26;26;5F0;13A;3C0;3.2;19.7;154.0;14.4;5.5;76.2;0.4235;-0.0103;0.5250;-0.1000;24.5128;
634.32;0;0;0;59;27;27;27;27;27;60F;13A;3C0;3.2;20.1;184.0;14.4;5.5;76.2;0.4196;-0.0028;0.7250;0.2250;29.8853;
634.57;0;0;0;59;28;28;28;28;28;62C;13A;3C0;3.2;20.3;187.5;14.4;5.5;76.2;0.4196;0.0029;0.9000;0.5250;31.0232;
634.82;0;0;0;59;29;29;29;29;29;656;13A;3C0;3.2;20.3;198.0;14.4;5.5;76.2;0.4431;0.0051;0.9250;0.2000;33.6314;
635.07;0;0;0;5A;2A;2A;2A;2A;2A;673;13A;3C0;3.2;20.3;205.5;14.4;5.5;76.2;0.4588;0.0050;0.9750;0.4750;35.5294;
635.32;0;0;0;5A;2B;2B;2B;2B;2B;6AB;13A;3C0;3.2;20.8;227.5;14.4;5.5;76.2;0.5020;0.0016;1.1250;0.1750;40.6671;
635.57;0;0;0;5A;2C;2C;2C;2C;2C;6C8;13A;3C0;3.2;20.9;240.0;14.4;5.5;76.2;0.5059;-0.0003;1.1500;0.2750;43.6304;
635.82;0;0;0;5A;2D;2D;2D;2D;2D;708;13A;3C0;3.2;20.9;246.0;14.4;5.5;76.2;0.5137;0.0000;1.3000;0.0250;46.3699;
636.07;0;0;0;5A;2E;2F;2F;2E;2F;726;13A;3C0;3.2;20.7;246.0;14.4;5.5;76.2;0.5137;0.0020;1.3000;0.0000;47.1427;
636.32;0;0;0;5A;30;30;30;30;30;764;13A;3C0;3.2;20.7;244.5;14.4;5.5;76.2;0.5137;0.0055;1.3250;0.2500;48.4427;
636.57;0;0;0;5A;31;31;31;31;31;78C;13A;3C0;3.2;20.5;243.0;14.4;5.5;76.2;0.5137;0.0070;1.3500;0.3250;49.1634;
636.82;0;0;0;5A;32;32;32;32;32;7C4;13A;3C0;3.2;20.0;241.5;14.4;5.5;76.2;0.4941;0.0096;1.2500;0.2500;50.2762;
637.07;1;0;0;5A;32;32;32;32;32;791;13A;3C0;3.2;20.0;12.5;14.4;5.5;76.2;0.0000;0.0080;0.6750;0.3500;2.5355;
637.32;1;0;0;5A;32;32;32;32;32;6B5;13A;3C0;3.2;19.8;-31.0;14.4;5.5;76.2;0.0000;0.0037;0.0000;0.4250;-5.5739;
637.57;1;0;0;5A;31;31;31;31;31;60B;13A;3C0;3.2;20.5;-12.0;14.4;5.5;76.2;0.1608;0.0008;-0.4750;-0.3500;-1.9440;
637.82;0;0;0;5A;32;32;32;32;32;59A;13A;3C0;3.2;20.5;133.0;14.4;5.5;76.2;0.3882;-0.0008;-0.0750;-0.4250;19.9724;
638.07;0;0;0;5A;32;32;32;32;32;583;13A;3C0;3.2;20.4;161.5;14.4;5.5;76.2;0.3922;0.0018;0.0750;-0.0750;23.8632;
638.32;0;0;0;5A;32;32;32;32;32;58E;13A;3C0;3.2;20.4;169.5;14.4;5.5;76.2;0.3882;0.0016;0.1250;0.2250;25.2405;
638.57;0;0;0;5A;32;32;33;32;33;595;13A;3C0;3.2;20.2;169.5;14.4;5.5;76.2;0.3843;-0.0008;0.3500;-0.0750;25.3647;
638.82;0;0;0;5A;33;33;33;33;33;5A0;13A;3C0;3.2;20.9;168.0;14.4;5.5;76.2;0.3804;-0.0020;0.3500;0.0000;25.3338;
639.07;0;0;0;5A;33;33;33;33;33;5A8;13A;3C0;3.2;20.9;160.0;14.4;5.5;76.2;0.3569;-0.0021;0.3250;0.1000;24.2615;
639.33;0;0;0;5A;33;33;33;33;33;5AE;13A;3C0;3.2;20.9;148.0;14.4;5.5;76.2;0.3451;-0.0021;0.2750;0.0000;22.5349;
639.58;0;0;0;5A;34;34;34;34;34;5B6;13A;3C0;3.2;20.7;141.0;14.4;5.5;76.2;0.3412;-0.0021;0.2250;0.2000;21.5871;
639.83;0;0;0;5A;34;34;34;34;34;5BD;13A;3C0;3.2;20.7;138.0;14.4;5.5;76.2;0.3412;-0.0021;0.2250;0.5250;21.2290;
640.08;0;0;0;5A;34;34;34;34;34;5BE;13A;3C0;3.2;20.7;136.0;14.4;5.5;76.2;0.3412;-0.0020;0.1500;-0.0500;20.9356;
640.33;0;0;0;5A;34;34;34;34;34;5C6;13A;3C0;3.2;21.3;136.0;14.4;5.5;76.2;0.3412;-0.0015;0.1750;0.4500;21.0495;
640.58;0;0;0;5A;34;35;34;34;34;5C7;13A;3C0;3.2;21.8;136.0;14.4;5.5;76.2;0.3412;-0.0015;0.1750;0.1750;21.0638;
640.83;0;0;0;5A;34;34;34;34;34;5CA;13B;3C0;3.2;21.8;131.5;14.4;5.5;76.2;0.3176;-0.0015;0.1500;-0.0250;20.4081;
641.08;0;0;0;5A;34;35;35;35;35;5CD;13B;3C0;3.2;21.9;108.0;14.4;5.5;76.2;0.2941;-0.0025;0.1000;0.3250;16.7950;
641.33;0;0;0;5A;34;34;34;35;35;5CD;13B;3C0;3.2;21.9;105.0;14.4;5.5;76.2;0.2941;-0.0028;0.0250;0.1500;16.3284;
641.58;0;0;0;5A;34;34;34;34;35;5CC;13B;3C0;3.2;22.2;104.5;14.4;5.5;76.2;0.2941;-0.0026;-0.0750;0.0500;16.2397;
641.83;0;0;0;5A;34;35;34;34;34;5C9;13B;3C0;3.2;21.7;105.5;14.4;5.5;76.2;0.2980;-0.0028;-0.0750;-0.0750;16.3620;
642.08;0;0;0;5A;34;34;34;34;34;5C8;13B;3C0;3.2;21.7;106.5;14.4;5.5;76.2;0.3020;-0.0004;-0.0750;0.2000;16.5059;
642.33;0;0;0;5A;34;34;34;34;34;5C2;13B;3C0;3.2;21.4;108.5;14.4;5.5;76.2;0.3020;0.0007;-0.0750;-0.1000;16.7477;
642.58;0;0;0;5A;34;34;34;34;34;5BE;13B;3C0;3.2;21.9;109.5;14.4;5.5;76.2;0.3020;0.0018;-0.1250;-0.0250;16.8562;
642.83;0;0;0;5A;34;34;34;34;34;5BF;13B;3C0;3.2;21.9;110.5;14.4;5.5;76.2;0.3020;0.0055;-0.1250;0.1250;17.0217;
643.08;0;0;0;5A;34;34;34;34;34;5BC;13B;3C0;3.2;21.9;114.0;14.4;5.5;76.2;0.3137;0.0073;-0.0750;0.2250;17.5251;
643.33;0;0;0;5A;34;34;34;34;34;5BD;13B;3C0;3.2;21.9;119.0;14.4;5.5;76.2;0.3412;0.0078;-0.1000;0.0500;18.3062;
643.58;0;0;0;5A;34;34;34;34;34;5BA;13B;3C0;3.2;21.8;141.0;14.4;5.5;76.2;0.3765;0.0080;-0.0500;0.1750;21.6462;
643.83;0;0;0;5A;34;34;34;34;34;5BB;13B;3C0;3.2;21.8;154.5;14.4;5.5;76.2;0.3882;0.0081;-0.0500;0.0000;23.7349;
644.08;0;0;0;5A;34;34;34;34;34;5BD;13B;3C0;3.2;22.0;169.5;14.4;5.5;76.2;0.3961;0.0092;-0.0250;0.2000;26.0747;
644.35;0;0;0;5A;34;34;34;34;34;5BE;13B;3C0;3.2;22.0;174.5;14.4;5.5;76.2;0.4000;0.0085;0.0000;0.1000;26.8622;
644.60;0;0;0;5A;34;34;34;34;34;5C3;13B;3C0;3.2;22.0;180.0;14.4;5.5;76.2;0.4039;0.0083;0.0500;-0.0750;27.8031;
644.85;0;0;0;5A;34;34;34;34;34;5C7;13B;3C0;3.2;21.8;183.0;14.4;5.5;76.2;0.4118;0.0056;0.1000;-0.0500;28.3431;
645.10;0;0;0;5A;34;34;34;34;34;5CD;13B;3C0;3.2;21.8;200.5;14.4;5.5;76.2;0.4431;0.0025;0.1250;0.1000;31.1795;
645.35;0;0;0;5A;35;35;35;35;35;5D6;13B;3C0;3.2;21.7;223.0;14.4;5.5;76.2;0.5098;-0.0001;0.2000;0.0000;34.8886;
645.60;0;0;0;5A;35;35;35;35;35;5E0;13B;3C0;3.2;21.5;256.0;14.4;5.5;76.2;0.6000;0.0008;0.2500;-0.1000;40.3196;
645.85;0;0;0;5A;35;35;35;35;35;5E6;13B;3C0;3.2;21.5;270.5;14.4;5.5;76.2;0.6196;0.0010;0.3500;-0.1250;42.7733;
646.10;0;0;0;5A;36;36;36;36;36;5EE;13B;3C0;3.2;21.0;291.0;14.4;5.5;76.2;0.6314;-0.0041;0.4250;0.0000;46.2587;
646.35;0;0;0;5A;36;36;36;36;36;603;13B;3C0;3.2;21.0;303.5;14.4;5.5;76.2;0.6353;-0.0075;0.4500;-0.4500;48.9132;
646.60;0;0;0;5A;37;37;37;37;37;619;13B;3C0;3.2;20.8;304.5;14.4;5.5;76.2;0.6353;-0.0071;0.6000;-0.2500;49.7759;
646.85;0;0;0;5A;38;38;37;38;38;625;13B;3C0;3.2;20.3;302.0;14.4;5.5;76.2;0.6353;-0.0055;0.6750;-0.4500;49.7467;
647.10;0;0;0;5A;38;38;39;38;38;63C;13B;3C0;3.2;20.3;303.0;14.4;5.5;76.2;0.6392;-0.0026;0.7250;-0.3750;50.6412;
647.35;0;0;0;5B;39;39;39;39;39;655;13B;3C0;3.2;19.5;306.0;14.4;5.5;76.2;0.6549;-0.0011;0.8250;-0.2000;51.9437;
647.60;0;0;0;5B;3A;3A;3A;3A;3A;671;13B;3C0;3.2;19.5;312.5;14.4;5.5;76.2;0.6667;-0.0003;0.9250;-0.2000;53.9634;
647.85;0;0;0;5B;3B;3B;3B;3B;3B;682;13B;3C0;3.2;19.1;315.0;14.4;5.5;76.2;0.6706;0.0003;0.9750;-0.3750;54.9559;
648.10;0;0;0;5B;3C;3C;3C;3C;3C;6A4;13B;3C0;3.2;19.1;318.0;14.4;5.5;76.2;0.6824;0.0025;0.9000;-0.1750;56.6115;
648.35;0;0;0;5B;3D;3C;3D;3D;3D;6B6;13B;3C0;3.2;18.8;320.5;14.4;5.5;76.2;0.6863;0.0041;0.9250;0.0000;57.6607;
648.60;0;0;0;5B;3D;3E;3E;3E;3E;6D5;13B;3C0;3.2;18.3;321.5;14.4;5.5;76.2;0.6902;0.0055;0.9250;-0.0250;58.8843;
648.85;0;0;0;5B;3E;3E;3E;3E;3F;6E9;13B;3C0;3.2;18.3;321.0;14.4;5.5;76.2;0.6902;0.0081;0.9000;0.1250;59.4650;
649.10;0;0;0;5B;40;40;3F;3F;40;705;13B;3C0;3.2;18.0;321.5;14.4;5.5;76.2;0.6941;0.0103;1.0000;0.1000;60.5003;
649.36;0;0;0;5B;40;41;41;41;41;719;13B;3C0;3.2;17.8;321.5;14.4;5.5;76.2;0.6941;0.0119;1.0250;0.2250;61.1737;
649.61;0;0;0;5B;41;41;41;41;41;736;13B;3C0;3.2;17.8;320.5;14.4;5.5;76.2;0.6902;0.0126;0.9750;0.3750;61.9567;
649.86;0;0;0;5B;42;42;42;42;42;745;13B;3C0;3.2;17.8;318.0;14.4;5.5;76.2;0.6902;0.0128;0.9000;0.2250;61.9729;
650.11;0;0;0;5B;43;43;43;43;43;764;13B;3C0;3.2;17.8;318.0;14.4;5.5;76.2;0.6902;0.0126;0.8750;0.4000;63.0053;
650.36;0;0;0;5B;44;44;44;44;44;77D;13B;3C0;3.2;17.7;315.5;14.4;5.5;76.2;0.6863;0.0126;0.9250;0.5000;63.3359;
650.61;0;0;0;5B;44;45;45;45;45;792;13B;3C0;3.2;17.9;315.5;14.4;5.5;76.2;0.6863;0.0126;0.9000;0.4750;64.0297;
650.86;0;0;0;5B;45;46;46;46;46;7A6;13B;3C0;3.2;17.9;313.0;14.4;5.5;76.2;0.6824;0.0135;0.8750;0.5500;64.1779;
651.11;0;0;0;5B;46;46;46;46;46;7B6;13B;3C0;3.2;18.2;276.0;14.4;5.5;76.2;0.3882;0.0125;0.8250;0.3750;57.0538;
651.36;1;0;0;5B;45;46;46;46;46;755;13B;3C0;3.2;18.5;-36.5;14.4;5.5;76.2;0.0000;0.0110;0.2500;0.2250;-7.1744;
651.61;1;0;0;5B;45;46;45;45;46;642;13B;3C0;3.2;18.5;-31.5;14.4;5.5;76.2;0.0863;0.0103;-0.3250;0.3500;-5.2845;
651.86;1;0;0;5B;45;45;45;45;45;65E;13B;3C0;3.2;18.5;218.0;14.4;5.5;76.2;0.5137;0.0086;-0.4500;0.2250;37.2111;
652.11;0;0;0;5B;45;45;45;45;45;62B;13B;3C0;3.2;19.8;293.0;14.4;5.5;76.2;0.6275;0.0080;-0.1000;0.2000;48.4483;
652.36;0;0;0;5B;46;46;46;46;46;62A;13B;3C0;3.2;20.0;299.5;14.4;5.5;76.2;0.6275;0.0075;0.2000;0.1750;49.4917;
652.61;0;0;0;5B;46;46;46;46;46;637;13B;3C0;3.2;20.0;300.0;14.4;5.5;76.2;0.6275;0.0068;0.3500;0.1250;49.9827;
652.86;0;0;0;5B;47;47;47;47;47;63F;13B;3C0;3.2;20.0;301.0;14.4;5.5;76.2;0.6275;0.0086;0.4500;0.0500;50.4015;
653.11;0;0;0;5B;47;47;47;47;47;64E;13B;3C0;3.2;20.0;299.5;14.4;5.5;76.2;0.6275;0.0093;0.4500;0.2750;50.6208;
653.36;0;0;0;5B;48;48;48;48;48;655;13B;3C0;3.2;20.7;299.0;14.4;5.5;76.2;0.6275;0.0095;0.5750;0.1750;50.7555;
653.61;0;0;0;5B;48;48;48;48;48;667;13B;3C0;3.2;20.8;298.5;14.4;5.5;76.2;0.6275;0.0095;0.5500;0.1000;51.2332;
653.86;0;0;0;5B;49;49;49;49;49;675;13B;3BE;3.2;20.8;298.0;14.4;5.5;76.2;0.6275;0.0135;0.6500;0.3750;51.5843;
654.11;0;0;0;5B;49;4A;49;49;4A;67C;13B;3C0;3.2;21.0;296.0;14.4;5.5;76.2;0.6275;0.0138;0.6750;0.2750;51.4551;
654.38;0;0;0;5B;4A;4A;4A;4A;4A;68D;13B;3BE;3.2;21.1;296.5;14.4;5.5;76.2;0.6275;0.0136;0.6000;0.4750;52.0699;
654.63;0;0;0;5C;4A;4B;4B;4B;4B;698;13B;3BE;3.2;21.1;295.5;14.4;5.5;76.2;0.6275;0.0131;0.6500;0.5250;52.2346;
654.88;0;0;0;5C;4B;4B;4B;4B;4B;6A8;13B;3C0;3.2;21.5;295.5;14.4;5.5;76.2;0.6275;0.0126;0.5500;0.3750;52.7297;
655.13;0;0;0;5C;4C;4C;4C;4C;4C;6B2;13B;3BE;3.2;21.5;294.5;14.4;5.5;76.2;0.6275;0.0101;0.5500;0.4000;52.8597;
655.38;0;0;0;5C;4C;4D;4C;4C;4D;6C2;13B;3BE;3.2;21.5;295.5;14.4;5.5;76.2;0.6275;0.0098;0.5250;0.5000;53.5343;
655.63;0;0;0;5C;4D;4D;4D;4D;4D;6CD;13B;3BE;3.2;21.5;295.0;14.4;5.5;76.2;0.6275;0.0098;0.6000;0.2750;53.7835;
655.88;0;0;0;5C;4D;4E;4D;4E;4E;6DB;13B;3BE;3.2;21.5;294.0;14.4;5.5;76.2;0.6275;0.0125;0.5250;0.3250;54.0323;
656.13;0;0;0;5C;4E;4E;4E;4E;4E;6E5;13B;3BE;3.2;21.5;294.0;14.4;5.5;76.2;0.6275;0.0147;0.5500;0.5250;54.3401;
656.38;0;0;0;5C;4E;4F;4E;4F;4F;6F4;13B;3BE;3.2;20.7;293.0;14.4;5.5;76.2;0.6275;0.0158;0.5750;0.5500;54.6155;
656.63;0;0;0;5C;4F;4F;4F;4F;4F;6FE;13B;3BE;3.2;20.9;292.0;14.4;5.5;76.2;0.6275;0.0158;0.6000;0.6500;54.7349;
656.88;0;0;0;5C;4F;50;50;50;50;70B;13B;3BE;3.2;20.9;293.0;14.4;5.5;76.2;0.6275;0.0161;0.6500;0.7750;55.3212;
657.13;0;0;0;5C;50;50;50;50;50;717;13B;3BE;3.2;21.4;292.5;14.4;5.5;76.2;0.6275;0.0161;0.6000;0.7750;55.5944;
657.38;0;0;0;5C;51;51;51;51;51;723;13B;3BE;3.2;21.2;290.5;14.4;5.5;76.2;0.6235;0.0161;0.5750;0.7000;55.5793;
657.63;0;0;0;5C;51;51;51;51;51;72F;13B;3BE;3.2;21.2;290.5;14.4;5.5;76.2;0.6235;0.0161;0.6000;0.7500;55.9444;
657.88;0;0;0;5C;52;52;52;52;52;73E;13B;3BE;3.2;21.3;290.5;14.4;5.5;76.2;0.6235;0.0160;0.5750;0.7750;56.4007;
658.13;0;0;0;5C;52;53;52;52;53;74A;13B;3BE;3.2;21.3;290.0;14.4;5.5;76.2;0.6196;0.0141;0.5750;0.7000;56.6680;
658.38;0;0;0;5C;53;53;53;53;53;757;13B;3BE;3.2;21.6;289.5;14.4;5.5;76.2;0.6235;0.0133;0.6000;0.6000;56.9645;
658.63;0;0;0;5C;53;54;53;54;54;758;13B;3BE;3.2;21.8;255.5;14.4;5.5;76.2;0.2510;0.0110;0.6000;0.4000;50.3011;
658.88;1;0;0;5C;53;53;53;53;53;6D4;13B;3BE;3.2;21.8;-30.0;14.4;5.5;76.2;0.0000;0.0086;0.0750;0.5000;-5.4915;
659.13;1;0;0;5C;52;52;52;53;53;62D;13B;3BE;3.2;21.7;-30.5;14.4;5.5;76.2;0.0196;0.0092;-0.4000;0.1250;-5.0496;
659.39;0;0;0;5C;52;53;52;52;53;61D;13B;3BE;3.2;22.6;231.0;14.4;5.5;76.2;0.5216;0.0092;-0.3750;0.4750;37.8578;
659.64;0;0;0;5C;52;52;52;53;53;605;13B;3BE;3.2;22.6;268.5;14.4;5.5;76.2;0.5922;0.0093;-0.1500;0.2750;43.3287;
659.89;0;0;0;5C;53;53;53;53;53;603;13B;3BE;3.2;22.6;288.5;14.4;5.5;76.2;0.6000;0.0093;0.1250;0.2000;46.4957;
660.14;0;0;0;5C;53;53;53;53;53;609;13B;3BE;3.2;22.6;289.5;14.4;5.5;76.2;0.6000;0.0092;0.1500;0.4500;46.8388;
660.39;0;0;0;5C;53;54;53;54;54;611;13B;3BE;3.2;22.6;288.0;14.4;5.5;76.2;0.6000;0.0092;0.2750;0.3750;46.8374;
660.64;0;0;0;5C;54;54;54;54;54;616;13B;3BE;3.2;22.6;288.5;14.4;5.5;76.2;0.5961;-0.0001;0.3750;0.0000;47.0697;
660.89;0;0;0;5C;54;54;54;54;54;621;13B;3BE;3.2;22.9;286.5;14.4;5.5;76.2;0.5922;0.0020;0.3750;-0.1000;47.0735;
661.14;0;0;0;5C;55;55;55;55;55;627;13B;3BE;3.2;22.9;284.0;14.4;5.5;76.2;0.5882;0.0046;0.4750;-0.0750;46.8411;
661.39;0;0;0;5D;55;55;55;55;55;631;13B;3BE;3.2;22.5;282.0;14.4;5.5;76.2;0.5843;0.0073;0.5000;0.2000;46.8066;
661.64;0;0;0;5D;56;56;55;56;56;63B;13B;3BE;3.2;22.3;280.0;14.4;5.5;76.2;0.5804;0.0092;0.4750;0.2500;46.7678;
661.89;0;0;0;5D;56;56;56;56;56;645;13B;3BE;3.2;22.3;279.5;14.4;5.5;76.2;0.5765;0.0103;0.4750;0.5500;46.9770;
662.14;0;0;0;5D;56;57;56;56;57;643;13B;3BE;3.2;22.4;278.5;14.4;5.5;76.2;0.5765;0.0108;0.4500;0.3750;46.7506;
662.39;0;0;0;5D;57;57;57;57;57;64E;13B;3BE;3.2;22.5;273.0;14.4;5.5;76.2;0.5647;0.0140;0.4500;0.7000;46.1418;
662.64;0;0;0;5D;57;57;57;57;57;656;13B;3BE;3.2;22.5;272.5;14.4;5.5;76.2;0.5647;0.0158;0.4250;1.0000;46.2856;
662.89;0;0;0;5D;58;58;58;58;58;65D;13B;3BC;3.2;22.4;269.5;14.4;5.5;76.2;0.5569;0.0179;0.3750;1.1250;45.9736;
663.14;0;0;0;5D;58;58;58;58;58;663;13B;3BE;3.2;22.4;264.0;14.4;5.5;76.2;0.5333;0.0186;0.3500;1.0500;45.2012;
663.39;0;0;0;5D;58;59;58;59;59;66B;13B;3BE;3.2;22.6;246.0;14.4;5.5;76.2;0.4824;0.0213;0.3500;1.1750;42.3254;
663.64;0;0;0;5D;58;59;58;59;59;66C;13B;3BC;3.2;22.6;229.5;14.4;5.5;76.2;0.4706;0.0237;0.2500;1.7250;39.5106;
663.89;0;0;0;5D;59;59;59;59;59;672;13B;3BC;3.2;22.6;223.0;14.4;5.5;76.2;0.4667;0.0246;0.2250;1.6500;38.5316;
664.14;0;0;0;5D;59;59;59;59;59;67C;13B;3BC;3.2;23.0;224.0;14.4;5.5;76.2;0.4706;0.0248;0.3250;1.7500;38.9390;
664.41;0;0;0;5D;59;5A;59;5A;5A;67C;13B;3BC;3.2;23.0;225.0;14.4;5.5;76.2;0.4706;0.0281;0.2250;1.9500;39.1128;
664.66;0;0;0;5D;59;5A;59;5A;5A;67D;13B;3BC;3.2;23.8;224.5;14.4;5.5;76.2;0.4706;0.0281;0.1250;2.0000;39.0494;
664.91;0;0;0;5D;59;5A;59;5A;5A;684;13B;3BE;3.2;23.8;224.5;14.4;5.5;76.2;0.4706;0.0275;0.0750;1.8750;39.2140;
665.16;0;0;0;5D;5A;5A;5A;5A;5A;683;13B;3BC;3.2;24.4;225.0;14.4;5.5;76.2;0.4706;0.0275;0.1500;1.7000;39.2778;
665.41;0;0;0;5D;59;5A;5A;5A;5A;688;13B;3BC;3.2;25.2;224.5;14.4;5.5;76.2;0.4706;0.0273;0.0750;1.7500;39.3080;
665.66;0;0;0;5D;5A;5A;5A;5A;5A;689;13B;3BC;3.2;25.2;224.0;14.4;5.5;76.2;0.4706;0.0264;0.1000;1.8000;39.2439;
665.91;0;0;0;5D;5A;5B;5A;5A;5B;690;13B;3BC;3.2;26.1;224.0;14.4;5.5;76.2;0.4706;0.0255;0.1500;1.6500;39.4081;
666.16;0;0;0;5D;5A;5B;5A;5B;5B;692;13B;3BC;3.2;26.8;223.5;14.4;5.5;76.2;0.4706;0.0220;0.1750;1.0750;39.3670;
666.41;0;0;0;5D;5A;5B;5B;5B;5B;697;13B;3BC;3.2;26.8;224.0;14.4;5.5;76.2;0.4706;0.0171;0.2000;1.0000;39.5723;
666.66;0;0;0;5D;5B;5B;5B;5B;5B;69C;13B;3BC;3.2;26.8;224.5;14.4;5.5;76.2;0.4706;0.0143;0.1750;1.0000;39.7782;
666.91;0;0;0;5D;5B;5B;5B;5B;5B;69D;13B;3BC;3.2;26.8;223.5;14.4;5.5;76.2;0.4706;0.0138;0.1250;0.5750;39.6244;
667.16;0;0;0;5D;5B;5C;5B;5C;5C;6A2;13B;3BC;3.2;27.2;222.5;14.4;5.5;76.2;0.4667;0.0136;0.2250;0.9000;39.5636;
667.41;0;0;0;5D;5B;5C;5B;5C;5C;6A4;13B;3BC;3.2;26.8;219.5;14.4;5.5;76.2;0.4588;0.0140;0.1750;0.6000;39.0762;
667.66;0;0;0;5E;5B;5C;5B;5C;5C;6A4;13B;3BC;3.2;26.8;200.5;14.4;5.5;76.2;0.4196;0.0148;0.2000;0.6000;35.6937;
667.91;0;0;0;5E;5B;5C;5B;5C;5C;6A6;13B;3BC;3.2;26.7;182.0;14.4;5.5;76.2;0.4118;0.0147;0.1250;0.5750;32.4384;
668.16;0;0;0;5E;5B;5C;5C;5C;5C;6A8;13B;3BC;3.2;26.7;182.0;14.4;5.5;76.2;0.4118;0.0147;0.1000;0.7000;32.4765;
668.41;0;0;0;5E;5C;5C;5C;5C;5C;6A9;13B;3BC;3.2;26.7;182.0;14.4;5.5;76.2;0.4118;0.0143;0.0750;1.0750;32.4956;
668.66;0;0;0;5E;5C;5C;5C;5C;5C;6AA;13B;3BC;3.2;26.7;184.0;14.4;5.5;76.2;0.4118;0.0168;0.0750;0.7750;32.8719;
668.91;0;0;0;5E;5C;5C;5B;5C;5C;6AF;13B;3BC;3.2;26.1;183.0;14.4;5.5;76.2;0.4118;0.0158;0.0500;0.5750;32.7891;
669.16;0;0;0;5E;5C;5C;5C;5C;5C;6B2;13B;3BC;3.2;26.0;189.0;14.4;5.5;76.2;0.4275;0.0160;0.1000;0.5250;33.9235;
669.42;0;0;0;5E;5C;5C;5C;5C;5C;6B2;13B;3BC;3.2;26.0;186.5;14.4;5.5;76.2;0.4157;0.0160;0.0500;0.7750;33.4748;
669.67;0;0;0;5E;5C;5C;5C;5C;5C;6B1;13B;3BC;3.2;25.8;183.5;14.4;5.5;76.2;0.4118;0.0155;0.0250;1.0250;32.9171;
669.92;0;0;0;5E;5C;5D;5C;5D;5D;6B4;13B;3BC;3.2;25.8;184.0;14.4;5.5;76.2;0.4118;0.0131;0.1250;0.6500;33.0646;
670.17;0;0;0;5E;5C;5D;5C;5D;5D;6B4;13B;3BC;3.2;25.1;184.0;14.4;5.5;76.2;0.4118;0.0108;0.0750;0.5250;33.0646;
670.42;0;0;0;5E;5C;5D;5C;5C;5D;6B3;13B;3BC;3.2;25.0;181.0;14.4;5.5;76.2;0.4078;0.0088;0.0750;0.3750;32.5066;
670.67;0;0;0;5E;5C;5D;5C;5C;5D;6B4;13B;3BC;3.2;25.0;172.0;14.4;5.5;76.2;0.3961;0.0048;0.0500;0.1000;30.9082;
670.92;0;0;0;5E;5C;5D;5C;5C;5D;6B8;13B;3BC;3.2;24.8;166.0;14.4;5.5;76.2;0.3843;0.0038;0.0000;0.0750;29.8996;
671.17;0;0;0;5E;5C;5D;5C;5C;5D;6B7;13B;3BC;3.2;24.4;149.5;14.4;5.5;76.2;0.3608;0.0029;-0.0250;-0.0750;26.9120;
671.42;0;0;0;5E;5C;5D;5C;5D;5D;6B9;13B;3BC;3.2;24.4;146.0;14.4;5.5;76.2;0.3569;0.0026;-0.0500;0.0000;26.3125;
671.67;0;0;0;5E;5D;5D;5D;5D;5D;6BA;13B;3BC;3.2;24.4;144.0;14.4;5.5;76.2;0.3569;0.0026;0.0250;0.0500;25.9671;
671.92;0;0;0;5E;5D;5D;5D;5D;5D;6B6;13B;3BC;3.2;24.4;143.5;14.4;5.5;76.2;0.3569;0.0015;-0.0500;-0.0500;25.8169;
672.17;0;0;0;5E;5C;5D;5C;5D;5D;6B5;13B;3BC;3.2;24.0;143.5;14.4;5.5;76.2;0.3569;0.0011;-0.0750;-0.2250;25.8018;
672.42;0;0;0;5E;5C;5D;5D;5C;5D;6B5;13B;3BC;3.2;23.4;144.5;14.4;5.5;76.2;0.3569;0.0008;-0.0750;0.0500;25.9817;
672.67;0;0;1;5E;5C;5D;5C;5C;5D;6B2;13B;3BC;3.2;23.4;141.5;14.4;5.5;76.2;0.3529;0.0008;0.0000;-0.4000;25.3978;
672.92;0;0;0;5E;5C;5D;5C;5C;5D;6B6;13B;3BC;3.2;23.4;141.5;14.4;5.5;76.2;0.3529;0.0010;-0.0750;-0.0750;25.4571;
673.17;0;0;0;5E;5C;5D;5C;5C;5D;6B7;13B;3BC;3.2;23.2;139.5;14.4;5.5;76.2;0.3529;-0.0004;-0.0750;-0.0500;25.1118;
673.42;0;0;0;5E;5C;5C;5C;5C;5D;6AD;13B;3BC;3.2;22.7;109.0;14.4;5.5;76.2;0.2314;-0.0028;-0.1000;-0.4250;19.5073;
673.67;0;0;0;5E;5C;5C;5C;5C;5C;6A1;13B;3BC;3.2;22.7;-15.0;14.4;5.5;76.2;0.0000;-0.0041;-0.2000;-0.5500;-2.6656;
673.92;0;0;0;5E;5B;5B;5B;5B;5C;69B;13B;3BC;3.2;22.1;-28.0;14.4;5.5;76.2;0.0000;-0.0043;-0.4000;-0.7500;-4.9583;
674.17;0;0;0;5E;5B;5B;5A;5A;5B;695;13B;3BC;3.2;22.2;-34.5;14.4;5.5;76.2;0.0000;-0.0041;-0.5500;-0.6000;-6.0876;
674.44;0;0;0;5E;5A;5A;5A;5A;5A;68C;13B;3BC;3.2;22.2;-19.0;14.4;5.5;76.2;0.1529;-0.0041;-0.7000;-0.4500;-3.3347;
674.69;0;0;0;5E;5A;5A;5A;5A;5A;67F;13B;3BC;3.2;21.7;38.0;14.4;5.5;76.2;0.2353;-0.0001;-0.6750;-0.1500;6.6177;
674.94;0;0;0;5E;59;59;59;59;5A;67F;13B;3BC;3.2;21.7;60.0;14.4;5.5;76.2;0.2549;0.0038;-0.6500;-0.2250;10.4489;
675.19;0;0;0;5E;59;59;59;59;59;675;13B;3BC;3.2;21.7;83.5;14.4;5.5;76.2;0.2941;0.0086;-0.4250;0.0500;14.4540;
675.44;0;0;0;5E;59;59;59;59;59;672;13B;3BC;3.2;21.9;105.5;14.4;5.5;76.2;0.3451;0.0111;-0.3750;0.5250;18.2291;
675.69;0;0;0;5E;58;59;58;59;59;66C;13B;3BC;3.2;21.9;143.5;14.4;5.5;76.2;0.3765;0.0147;-0.3500;0.5250;24.7049;
675.94;0;0;0;5E;58;58;58;58;59;66B;13B;3BC;3.2;22.3;158.5;14.4;5.5;76.2;0.3922;0.0152;-0.2500;0.5000;27.2706;
676.19;0;0;0;5E;58;59;58;58;59;66B;13B;3BC;3.2;22.6;178.0;14.4;5.5;76.2;0.4118;0.0158;-0.1250;0.6500;30.6257;
676.44;0;0;0;5E;58;59;58;59;59;66A;13B;3BC;3.2;22.6;182.0;14.4;5.5;76.2;0.4118;0.0161;-0.0750;0.7500;31.2949;
676.69;0;0;0;5E;58;59;58;59;59;66C;13B;3BC;3.2;22.8;187.5;14.4;5.5;76.2;0.4196;0.0174;0.0000;0.8250;32.2799;
676.94;0;0;0;5E;58;59;58;59;59;66E;13B;3BC;3.2;22.8;189.0;14.4;5.5;76.2;0.4196;0.0177;0.0250;0.8500;32.5777;
677.19;0;0;0;5E;58;59;58;59;59;66B;13B;3BC;3.2;23.3;188.5;14.4;5.5;76.2;0.4196;0.0177;0.0250;1.1000;32.4323;
677.44;0;0;0;5E;58;59;58;59;59;673;13B;3BC;3.2;23.3;189.5;14.4;5.5;76.2;0.4196;0.0191;0.0000;0.9250;32.7631;
677.69;0;0;0;5E;59;59;58;59;59;66F;13B;3BC;3.2;23.7;189.5;14.4;5.5;76.2;0.4196;0.0213;0.0250;1.1000;32.6837;
677.94;0;0;0;5E;58;59;59;59;59;671;13B;3BC;3.2;23.7;189.0;14.4;5.5;76.2;0.4196;0.0213;-0.0750;1.3000;32.6371;
678.19;0;0;0;5E;59;59;59;59;59;672;13B;3BC;3.2;24.1;187.5;14.4;5.5;76.2;0.4157;0.0200;0.0000;1.3000;32.3977;
678.44;0;0;0;5E;59;59;58;59;59;673;13B;3BC;3.2;24.6;187.5;14.4;5.5;76.2;0.4157;0.0170;0.0000;1.0500;32.4173;
678.69;0;0;0;5E;59;59;59;59;59;675;13B;3BC;3.2;24.6;185.5;14.4;5.5;76.2;0.4118;0.0093;0.1250;0.6500;32.1104;
678.94;0;0;0;5E;59;59;59;59;59;674;13B;3BC;3.2;25.1;185.5;14.4;5.5;76.2;0.4118;0.0086;0.0250;0.6000;32.0910;
679.19;0;0;0;5E;59;59;59;59;59;677;13B;3BC;3.2;24.9;182.5;14.4;5.5;76.2;0.4118;0.0070;0.0250;0.4000;31.6293;
679.47;0;0;0;5E;59;59;59;59;59;676;13B;3BC;3.2;24.9;184.5;14.4;5.5;76.2;0.4118;0.0048;0.0500;0.4250;31.9566;
679.72;0;0;0;5E;59;59;59;59;59;678;13B;3BC;3.2;24.8;181.5;14.4;5.5;76.2;0.4039;0.0016;0.0750;0.0750;31.4750;
679.97;0;0;0;5E;59;59;59;59;5A;67A;13B;3BC;3.2;24.9;177.0;14.4;5.5;76.2;0.4000;-0.0011;0.1000;0.1500;30.7317;
680.22;0;0;0;5E;59;59;59;59;5A;673;13B;3BC;3.2;24.9;139.5;14.4;5.5;76.2;0.3294;-0.0040;0.0000;0.1250;24.1185;
680.47;0;0;0;5E;59;59;59;59;59;679;13B;3BC;3.2;24.2;123.5;14.4;5.5;76.2;0.3216;-0.0089;-0.0500;-0.5000;21.4298;
680.72;0;0;0;5E;59;59;59;59;59;674;13B;3BC;3.2;24.2;107.0;14.4;5.5;76.2;0.2941;-0.0110;-0.0750;-0.3500;18.5107;
680.97;0;0;0;5E;59;59;59;59;59;677;13B;3BC;3.2;24.1;97.5;14.4;5.5;76.2;0.2863;-0.0131;-0.1250;-0.8000;16.8978;
681.22;0;0;0;5E;59;59;59;59;59;677;13B;3BC;3.2;24.1;94.0;14.4;5.5;76.2;0.2824;-0.0170;-0.1000;-1.0750;16.2913;
681.47;0;0;0;5E;59;59;59;59;59;674;13B;3BC;3.2;23.4;91.0;14.4;5.5;76.2;0.2784;-0.0168;-0.1250;-1.3500;15.7427;
681.72;0;0;0;5E;59;59;59;59;59;672;13B;3BC;3.2;23.4;86.0;14.4;5.5;76.2;0.2667;-0.0148;-0.0750;-1.0250;14.8597;
681.97;0;0;0;5E;59;59;59;59;59;674;13B;3BC;3.2;22.5;85.0;14.4;5.5;76.2;0.2667;-0.0168;-0.0750;-1.0000;14.7047;
682.22;0;0;0;5E;59;58;59;59;59;670;13B;3BC;3.2;22.0;64.5;14.4;5.5;76.2;0.2314;-0.0226;-0.1000;-1.1750;11.1313;
682.47;0;0;0;5E;59;58;59;59;59;66D;13B;3BC;3.2;22.0;62.0;14.4;5.5;76.2;0.2314;-0.0243;-0.1250;-1.7750;10.6804;
682.72;0;0;0;5E;59;59;59;58;59;66E;13B;3BC;3.2;21.3;63.0;14.4;5.5;76.2;0.2314;-0.0267;-0.0500;-1.7000;10.8592;
682.97;0;0;0;5E;59;58;59;58;59;66F;13B;3BC;3.2;20.0;63.5;14.4;5.5;76.2;0.2314;-0.0267;-0.0750;-1.8000;10.9521;
683.22;0;0;0;5E;59;59;59;59;59;671;13B;3BC;3.2;20.0;62.0;14.4;5.5;76.2;0.2314;-0.0253;0.1000;-1.9750;10.7063;
683.47;0;0;0;5E;59;59;59;59;59;672;13B;3BC;3.2;19.6;63.5;14.4;5.5;76.2;0.2314;-0.0213;0.1000;-1.4750;10.9720;
683.72;0;0;0;5E;59;58;59;59;59;673;13B;3BC;3.2;19.6;64.5;14.4;5.5;76.2;0.2353;-0.0186;0.0250;-1.3000;11.1516;
683.97;0;0;0;5E;59;59;59;59;59;675;13B;3BC;3.2;19.4;64.0;14.4;5.5;76.2;0.2353;-0.0156;0.0500;-1.0500;11.0785;
684.22;0;0;0;5E;59;59;59;59;59;675;13B;3BC;3.2;18.7;64.5;14.4;5.5;76.2;0.2353;-0.0130;0.0750;-0.8000;11.1651;
684.48;0;0;0;5E;59;59;59;59;59;67B;13B;3BC;3.2;18.7;64.0;14.4;5.5;76.2;0.2314;-0.0118;0.0750;-0.8250;11.1187;
684.73;0;0;0;5E;59;59;59;59;5A;67B;13B;3BC;3.2;18.7;64.0;14.4;5.5;76.2;0.2314;-0.0126;0.1250;-0.6500;11.1187;
684.98;0;0;0;5E;5A;59;59;59;5A;67E;13B;3BC;3.2;18.9;65.0;14.4;5.5;76.2;0.2353;-0.0135;0.0750;-0.8000;11.3129;
685.23;0;0;0;5E;5A;59;59;59;5A;67C;13B;3BC;3.2;18.9;65.0;14.4;5.5;76.2;0.2314;-0.0138;0.1000;-1.1250;11.2993;
685.48;0;0;0;5E;59;5A;59;59;5A;67B;13B;3BC;3.2;18.9;64.0;14.4;5.5;76.2;0.2353;-0.0126;0.1000;-1.2250;11.1187;
685.73;0;0;0;5E;5A;5A;5A;5A;5A;686;13B;3BC;3.2;19.1;64.0;14.4;5.5;76.2;0.2353;-0.0106;0.0750;-0.5250;11.1924;
685.98;0;0;0;5E;5A;5A;5A;5A;5A;681;13B;3BC;3.2;19.0;65.0;14.4;5.5;76.2;0.2353;-0.0096;-0.0250;-0.4250;11.3333;
686.23;0;0;0;5E;5A;59;5A;5A;5A;682;13B;3BC;3.2;19.0;64.5;14.4;5.5;76.2;0.2353;-0.0092;0.0000;-0.6000;11.2529;
686.48;0;0;0;5E;5A;5A;5A;5A;5A;685;13B;3BC;3.2;19.6;65.0;14.4;5.5;76.2;0.2392;-0.0089;0.1250;-0.6750;11.3605;
686.73;0;0;0;5E;5A;5A;5A;5A;5A;687;13B;3BC;3.2;19.6;68.0;14.4;5.5;76.2;0.2471;-0.0075;0.0500;-0.1750;11.8991;
686.98;0;0;0;5E;5A;5A;5A;5A;5A;688;13B;3BC;3.2;20.0;81.5;14.4;5.5;76.2;0.3020;-0.0073;0.0500;-0.2750;14.2700;
687.23;0;0;0;5E;5A;5A;5A;5A;5A;68E;13B;3BC;3.2;20.3;102.5;14.4;5.5;76.2;0.3176;-0.0075;0.0250;-0.4250;18.0113;
687.48;0;0;0;5E;5A;5A;5A;5A;5A;68F;13B;3BC;3.2;20.3;127.5;14.4;5.5;76.2;0.3608;-0.0101;0.1250;-0.6750;22.4176;
687.73;0;0;0;5E;5B;5A;5B;5A;5B;695;13B;3BC;3.2;21.0;145.0;14.4;5.5;76.2;0.3882;-0.0108;0.1750;-0.4750;25.5857;
687.98;0;0;0;5E;5B;5A;5B;5B;5B;695;13B;3BC;3.2;21.3;186.5;14.4;5.5;76.2;0.4275;-0.0119;0.1250;-0.6500;32.9084;
688.23;0;0;0;5E;5B;5B;5B;5B;5B;69F;13B;3BC;3.2;21.3;196.5;14.4;5.5;76.2;0.4392;-0.0135;0.2250;-0.8250;34.8787;
688.48;0;0;0;5E;5B;5B;5B;5B;5C;6A1;13B;3BC;3.2;20.9;212.0;14.4;5.5;76.2;0.4588;-0.0136;0.2250;-0.8250;37.6744;
688.73;0;0;0;5E;5C;5B;5C;5B;5C;6A6;13B;3BC;3.2;20.9;225.0;14.4;5.5;76.2;0.4824;-0.0136;0.2250;-0.8250;40.1024;
688.98;0;0;0;5E;5C;5C;5C;5C;5C;6AD;13B;3BC;3.2;20.9;243.0;14.4;5.5;76.2;0.5059;-0.0133;0.2250;-0.7000;43.4888;
689.23;0;0;0;5E;5C;5C;5C;5C;5C;6B3;13B;3BC;3.2;20.5;247.5;14.4;5.5;76.2;0.5137;-0.0133;0.2250;-0.7250;44.4496;
689.50;0;0;0;5E;5C;5D;5D;5D;5D;6BF;13B;3BC;3.2;20.5;251.5;14.4;5.5;76.2;0.5255;-0.0119;0.4000;-0.5250;45.4840;
689.75;0;0;0;5E;5D;5D;5D;5D;5D;6C1;13B;3BC;3.2;20.5;257.0;14.4;5.5;76.2;0.5373;-0.0105;0.3250;-0.7750;46.5325;
690.00;0;0;0;5E;5D;5D;5D;5D;5D;6C4;13B;3BC;3.2;19.9;258.0;14.4;5.5;76.2;0.5373;-0.0096;0.3250;-0.5250;46.7947;
690.25;0;0;0;5E;5E;5D;5D;5D;5E;6C8;13B;3BC;3.2;20.2;261.0;14.4;5.5;76.2;0.5490;-0.0073;0.3250;-0.5750;47.4481;
690.50;0;0;0;5E;5E;5E;5E;5E;5E;6CF;13B;3BC;3.2;20.2;263.0;14.4;5.5;76.2;0.5490;-0.0029;0.2250;-0.2000;48.0045;
690.75;0;0;0;5E;5E;5E;5E;5E;5E;6D0;139;3BC;3.2;19.7;262.5;14.4;5.5;76.2;0.5490;-0.0003;0.2500;-0.2000;47.9407;
691.00;0;0;0;5E;5E;5E;5E;5E;5E;6D5;139;3BC;3.2;19.3;261.5;14.4;5.5;76.2;0.5451;0.0016;0.2250;0.3250;47.8950;
691.25;0;0;0;5E;5E;5F;5E;5E;5F;6D7;139;3BC;3.2;19.3;260.0;14.4;5.5;76.2;0.5373;0.0026;0.1000;0.0750;47.6747;
691.50;0;0;0;5E;5F;5F;5F;5F;5F;6DA;139;3BC;3.2;19.8;259.5;14.4;5.5;76.2;0.5412;0.0032;0.2250;-0.1250;47.6646;
691.75;0;0;0;5E;5E;5F;5F;5F;5F;6DF;139;3BC;3.2;19.8;259.5;14.4;5.5;76.2;0.5412;0.0033;0.1000;0.0500;47.8004;
692.00;0;0;0;5E;5F;5F;5F;5F;5F;6E0;139;3BC;3.2;19.7;260.5;14.4;5.5;76.2;0.5451;0.0020;0.0500;0.0000;48.0119;
692.25;0;0;0;5E;5F;5F;5F;5F;5F;6E6;139;3BC;3.2;19.5;266.0;14.4;5.5;76.2;0.5843;0.0008;0.1000;0.0000;49.1927;
692.50;0;0;0;5E;5F;5F;5F;5F;5F;6E8;139;3BC;3.2;19.5;294.0;14.4;5.5;76.2;0.6275;-0.0034;0.0500;-0.5500;54.4325;
692.75;0;0;0;5E;5F;5F;5F;5F;60;6ED;139;3BC;3.2;19.9;294.5;14.4;5.5;76.2;0.6275;-0.0025;0.0750;-0.2500;54.6793;
693.00;0;0;0;5E;5F;5F;5F;5F;60;6E6;139;3BC;3.2;19.9;293.0;14.4;5.5;76.2;0.6235;-0.0021;0.0250;0.0250;54.1860;
693.25;0;0;0;5E;5F;60;5F;60;60;6EC;139;3BC;3.2;19.9;291.5;14.4;5.5;76.2;0.6235;-0.0018;0.1000;-0.3250;54.0917;
693.50;0;0;0;5E;60;60;5F;60;60;6F0;139;3BC;3.2;19.9;291.5;14.4;5.5;76.2;0.6196;-0.0008;0.0250;-0.4250;54.2138;
693.75;0;0;0;5E;60;60;60;60;60;6F1;139;3BC;3.2;19.9;291.0;14.4;5.5;76.2;0.6196;0.0016;0.0250;-0.3750;54.1513;
694.00;0;0;0;5E;60;60;60;60;60;6F5;139;3BC;3.2;20.3;289.5;14.4;5.5;76.2;0.6196;0.0059;-0.0500;0.5250;53.9935;
694.25;0;0;0;5E;5F;60;60;60;60;6F1;139;3BC;3.2;20.3;290.5;14.4;5.5;76.2;0.6196;0.0100;-0.1500;0.3500;54.0583;
694.51;0;0;0;5E;5F;60;5F;60;60;6EB;139;3BC;3.2;20.3;291.0;14.4;5.5;76.2;0.6157;0.0095;-0.0750;0.1750;53.9685;
694.76;0;0;0;5E;5F;60;5F;60;60;6EC;139;3BC;3.2;20.6;290.0;14.4;5.5;76.2;0.6157;0.0092;-0.1500;0.3250;53.8134;
695.01;0;0;0;5E;5F;60;5F;5F;60;6EE;139;3BC;3.2;20.6;290.0;14.4;5.5;76.2;0.6196;0.0085;-0.0750;0.3750;53.8741;
695.26;0;0;0;5E;5F;60;5F;5F;60;6E8;139;3BC;3.2;20.9;291.5;14.4;5.5;76.2;0.6157;0.0078;-0.1250;0.5000;53.9696;
695.51;0;0;0;5E;5F;5F;5F;5F;5F;6E6;139;3BC;3.2;20.9;289.0;14.4;5.5;76.2;0.6157;0.0076;-0.1750;0.2750;53.4462;
695.76;0;0;0;5E;5F;5F;5F;5F;5F;6E4;139;3BA;3.2;20.6;290.0;14.4;5.5;76.2;0.6157;0.0068;-0.1500;0.2500;53.5704;
696.01;0;0;0;5E;5F;5F;5F;5F;5F;6E0;139;3BC;3.2;20.5;290.5;14.4;5.5;76.2;0.6157;0.0062;-0.1250;0.2000;53.5411;
696.26;0;0;0;5E;5F;5F;5F;5F;5F;6DC;139;3BA;3.2;20.5;290.0;14.4;5.5;76.2;0.6118;0.0053;-0.2000;0.1000;53.3275;
696.51;0;0;0;5E;5E;5E;5E;5E;5F;6DD;139;3BA;3.2;20.8;290.0;14.4;5.5;76.2;0.6157;0.0053;-0.2250;0.2250;53.3579;
696.76;0;0;0;5E;5E;5E;5E;5E;5F;6D9;139;3BA;3.2;20.7;289.5;14.4;5.5;76.2;0.6118;0.0055;-0.1750;0.1000;53.1446;
697.01;0;0;0;5E;5E;5E;5E;5E;5E;6D6;139;3BA;3.2;20.7;288.5;14.4;5.5;76.2;0.6118;0.0058;-0.2000;0.1750;52.8704;
697.26;0;0;0;5E;5E;5E;5E;5E;5E;6D4;139;3BA;3.2;20.8;289.5;14.4;5.5;76.2;0.6118;0.0071;-0.2250;0.2250;52.9930;
697.51;0;0;0;5E;5E;5E;5E;5E;5E;6CB;139;3BA;3.2;20.8;290.0;14.4;5.5;76.2;0.6118;0.0071;-0.2250;0.2000;52.8112;
697.76;0;0;0;5E;5D;5E;5D;5E;5E;6CC;139;3BA;3.2;21.3;288.5;14.4;5.5;76.2;0.6118;0.0071;-0.1250;0.5000;52.5683;
698.01;0;0;0;5E;5E;5E;5E;5E;5E;6CB;139;3BA;3.2;21.3;290.0;14.4;5.5;76.2;0.6118;0.0071;-0.1500;0.2000;52.8112;
698.26;0;0;0;5E;5D;5D;5D;5D;5E;6C7;139;3BA;3.2;21.4;290.0;14.4;5.5;76.2;0.6118;0.0045;-0.1750;0.4000;52.6897;
698.51;0;0;0;5E;5D;5D;5D;5D;5D;6C7;139;3BA;3.2;21.4;290.5;14.4;5.5;76.2;0.6196;0.0043;-0.2000;0.1000;52.7806;
698.76;0;0;0;5E;5D;5D;5D;5D;5D;6C6;139;3BA;3.2;21.4;294.0;14.4;5.5;76.2;0.6275;0.0018;-0.1750;-0.2000;53.3857;
699.01;0;0;0;5E;5D;5D;5D;5D;5D;6C1;139;3BA;3.2;21.4;296.5;14.4;5.5;76.2;0.6314;-0.0020;-0.1500;-0.1750;53.6844;
699.26;0;0;0;5E;5D;5D;5D;5D;5D;6C3;139;3BA;3.2;21.4;297.5;14.4;5.5;76.2;0.6314;-0.0093;-0.1250;-0.4000;53.9278;
699.53;0;0;0;5E;5D;5D;5D;5D;5D;6B8;139;3BA;3.2;21.1;297.5;14.4;5.5;76.2;0.6314;-0.0135;-0.1250;-0.6500;53.5851;
699.78;0;0;0;5E;5D;5D;5D;5D;5D;6B9;139;3BA;3.2;20.8;297.5;14.4;5.5;76.2;0.6275;-0.0148;-0.1500;-1.0750;53.6163;
700.03;0;0;0;5E;5D;5C;5D;5C;5D;6BA;139;3BA;3.2;20.8;297.0;14.4;5.5;76.2;0.6275;-0.0196;-0.1000;-1.3000;53.5572;
700.28;0;0;0;5E;5D;5C;5D;5C;5D;6BB;139;3BA;3.2;20.2;295.5;14.4;5.5;76.2;0.6275;-0.0213;-0.0250;-1.2500;53.3177;
700.53;0;0;0;5E;5D;5C;5D;5D;5D;6B8;139;3BA;3.2;20.2;295.5;14.4;5.5;76.2;0.6196;-0.0248;-0.1000;-1.8000;53.2249;
700.78;0;0;0;5E;5D;5C;5D;5C;5D;6B8;139;3BA;3.2;19.7;293.0;14.4;5.5;76.2;0.6235;-0.0264;-0.1500;-2.0250;52.7746;
701.03;0;0;0;5E;5C;5C;5C;5C;5D;6B7;139;3B8;3.2;19.1;292.5;14.4;5.5;76.2;0.6196;-0.0271;-0.1250;-2.1500;52.6539;
701.28;0;0;0;5E;5C;5C;5C;5C;5C;6B4;139;3B8;3.2;19.1;294.0;14.4;5.5;76.2;0.6235;-0.0292;-0.1500;-2.2000;52.8315;
701.53;0;0;0;5F;5C;5C;5C;5C;5D;6B1;139;3B8;3.2;18.5;293.0;14.4;5.5;76.2;0.6196;-0.0267;-0.1000;-1.9750;52.5598;
701.78;0;0;0;5F;5C;5C;5C;5C;5C;6A8;139;3B8;3.2;17.5;292.5;14.4;5.5;76.2;0.6196;-0.0241;-0.1500;-1.5000;52.1944;
702.03;0;0;0;5F;5C;5B;5C;5C;5C;6AB;139;3B8;3.2;17.5;292.5;14.4;5.5;76.2;0.6196;-0.0241;-0.2000;-1.7500;52.2863;
702.28;0;0;0;5F;5C;5B;5C;5B;5C;6A4;139;3B8;3.2;17.5;292.5;14.4;5.5;76.2;0.6196;-0.0237;-0.1500;-1.6500;52.0719;
702.53;0;0;0;5F;5C;5B;5C;5C;5C;6A7;139;3B8;3.2;17.2;291.5;14.4;5.5;76.2;0.6157;-0.0218;-0.1750;-1.7000;51.9855;
702.78;0;0;0;5F;5C;5B;5B;5B;5C;69F;139;3B8;3.2;16.7;293.0;14.4;5.5;76.2;0.6157;-0.0177;-0.2000;-1.1000;52.0075;
703.03;0;0;0;5F;5B;5C;5B;5B;5C;6A0;139;3B8;3.2;16.7;291.0;14.4;5.5;76.2;0.6157;-0.0147;-0.1750;-0.8750;51.6830;
703.28;0;0;0;5F;5B;5B;5B;5B;5B;69B;139;3B8;3.2;16.0;288.0;14.4;5.5;76.2;0.5961;-0.0144;-0.1750;-0.7250;50.9994;
703.53;0;0;0;5F;5B;5B;5B;5B;5B;697;139;3B8;3.2;16.0;281.5;14.4;5.5;76.2;0.5804;-0.0144;-0.1750;-0.7750;49.7304;
703.78;0;0;0;5F;5B;5B;5B;5B;5B;68C;139;3B8;3.2;16.0;224.0;14.4;5.5;76.2;0.4039;-0.0141;-0.2250;-0.5750;39.3143;
704.03;0;0;0;5F;5A;5A;5A;5A;5B;65E;139;3B8;3.2;16.1;31.0;14.4;5.5;76.2;0.0000;-0.0141;-0.2750;-0.8250;5.2915;
704.28;0;0;0;5F;59;59;59;59;59;661;139;3B8;3.2;16.1;-21.0;14.4;5.5;76.2;0.0000;-0.0144;-0.7500;-0.7250;-3.5912;
704.54;0;0;0;5F;58;58;58;58;59;65B;139;3B8;3.2;16.5;-32.5;14.4;5.5;76.2;0.0000;-0.0174;-1.0250;-0.8250;-5.5373;
704.79;0;0;0;5F;57;56;57;57;57;648;139;3B8;3.2;17.0;-34.0;14.4;5.5;76.2;0.0000;-0.0208;-1.1500;-1.2250;-5.7252;
705.04;0;0;0;5F;56;56;56;56;56;637;139;3B8;3.2;17.0;-33.5;14.4;5.5;76.2;0.0000;-0.0215;-1.1500;-1.6500;-5.5814;
705.29;0;0;0;5F;55;54;55;54;55;620;139;3B8;3.2;17.5;-33.5;14.4;5.5;76.2;0.0000;-0.0223;-1.2000;-1.4750;-5.5007;
705.54;0;0;0;5F;54;53;54;53;54;60D;139;3B8;3.2;17.5;-33.5;14.4;5.5;76.2;0.0000;-0.0213;-1.2000;-1.3750;-5.4341;
705.79;0;0;0;5F;52;52;52;52;53;5F5;139;3B8;3.2;17.9;-33.0;14.4;5.5;76.2;0.0000;-0.0232;-1.3000;-1.5250;-5.2700;
706.04;0;0;0;5F;52;51;52;51;52;5EB;139;3B8;3.2;18.5;-11.5;14.4;5.5;76.2;0.1961;-0.0288;-1.2000;-1.9250;-1.8245;
706.29;0;0;0;5F;51;50;51;50;51;5D2;139;3B8;3.2;18.5;-8.5;14.4;5.5;76.2;0.0000;-0.0356;-1.1000;-2.1250;-1.3263;
706.54;0;0;0;5F;50;4F;50;4F;50;5B7;139;3B8;3.2;18.5;-20.0;14.4;5.5;76.2;0.0000;-0.0355;-1.1250;-2.4000;-3.0641;
706.79;0;0;0;5F;4E;4E;4F;4E;4F;5AB;139;3B8;3.2;18.3;-31.0;14.4;5.5;76.2;0.0000;-0.0341;-1.1000;-2.3750;-4.7104;
707.04;0;0;0;5F;4E;4D;4E;4D;4E;5A1;139;3B8;3.2;18.1;-31.5;14.4;5.5;76.2;0.0000;-0.0330;-1.1500;-1.9750;-4.7534;
707.29;0;0;0;5F;4C;4C;4C;4C;4D;58F;139;3B8;3.2;18.1;-22.0;14.4;5.5;76.2;0.1412;-0.0191;-1.1500;-1.6250;-3.2784;
707.54;0;0;0;60;4C;4C;4C;4B;4C;5A3;139;3B8;3.2;18.3;13.0;14.4;5.5;76.2;0.2510;-0.0064;-1.0500;-0.7250;1.9644;
707.79;0;0;0;60;4B;4B;4B;4B;4B;575;139;3B8;3.2;18.5;120.0;14.4;5.5;76.2;0.4118;0.0058;-0.8750;0.0500;17.5552;
708.04;0;0;0;60;4B;4B;4B;4B;4B;56E;139;3B8;3.2;18.5;160.0;14.4;5.5;76.2;0.4667;0.0096;-0.6500;0.2000;23.2897;
708.29;0;0;0;60;4A;4A;4A;4A;4B;565;139;3B8;3.2;18.5;189.5;14.4;5.5;76.2;0.5098;0.0245;-0.4250;1.2250;27.4051;
708.54;0;0;0;60;4A;4A;4A;4A;4A;56A;139;3B8;3.2;18.5;201.0;14.4;5.5;76.2;0.5412;0.0248;-0.2750;1.2000;29.1735;
708.79;0;0;0;60;4A;4B;4A;4A;4A;561;139;3B8;3.2;19.5;219.5;14.4;5.5;76.2;0.5686;0.0300;-0.2000;1.8000;31.6517;
709.04;0;0;0;60;4A;4B;4A;4B;4A;564;139;3B8;3.2;20.0;232.5;14.4;5.5;76.2;0.5725;0.0313;-0.1500;1.7500;33.5993;
709.29;0;0;0;60;4A;4B;4A;4A;4A;565;139;3B8;3.2;20.0;256.0;14.4;5.5;76.2;0.5686;0.0311;-0.0500;1.4750;37.0222;
709.56;0;0;0;60;4A;4B;4A;4A;4A;565;139;3B8;3.2;20.7;268.0;14.4;5.5;76.2;0.5647;0.0330;-0.0500;1.7000;38.7576;
709.81;0;0;0;60;4A;4B;4A;4A;4A;567;139;3B8;3.2;21.7;279.0;14.4;5.5;76.2;0.5647;0.0365;0.0000;2.0000;40.4068;
710.06;0;0;0;60;4A;4B;4A;4B;4A;567;139;3B8;3.2;21.7;277.5;14.4;5.5;76.2;0.5647;0.0445;0.0500;2.6250;40.1896;
710.31;0;0;0;60;4A;4B;4A;4B;4A;562;139;3B6;3.2;22.5;278.5;14.4;5.5;76.2;0.5647;0.0473;0.0000;2.6250;40.1886;
710.56;0;0;0;60;4A;4B;4A;4B;4B;569;139;3B8;3.2;22.5;277.5;14.4;5.5;76.2;0.5608;0.0492;0.1000;2.7250;40.2477;
710.81;0;0;0;60;4A;4B;4A;4B;4B;566;139;3B6;3.2;23.9;277.0;14.4;5.5;76.2;0.5608;0.0498;0.0250;2.7250;40.0882;
711.06;0;0;0;60;4A;4B;4A;4B;4B;56B;139;3B6;3.2;23.9;277.5;14.4;5.5;76.2;0.5608;0.0492;0.0750;2.8250;40.3058;
711.31;0;0;0;60;4A;4B;4A;4B;4B;571;139;3B6;3.2;25.9;280.0;14.4;5.5;76.2;0.5725;0.0481;0.1250;2.3750;40.8449;
711.56;0;0;0;60;4B;4B;4B;4B;4B;56C;139;3B6;3.2;27.2;287.0;14.4;5.5;76.2;0.5922;0.0462;0.1500;2.4500;41.7157;
711.81;0;0;0;60;4B;4C;4B;4B;4B;57B;137;3B6;3.2;27.2;290.5;14.4;5.5;76.2;0.5922;0.0425;0.1250;2.0750;42.6808;
712.06;0;0;0;60;4B;4C;4B;4B;4C;57E;137;3B6;3.2;28.0;289.0;14.4;5.5;76.2;0.5922;0.0398;0.1250;2.0500;42.5512;
712.31;0;0;0;60;4B;4C;4B;4C;4C;57A;137;3B6;3.2;28.0;291.0;14.4;5.5;76.2;0.5922;0.0420;0.1250;2.3750;42.7238;
712.56;0;0;0;60;4B;4C;4B;4C;4C;582;137;3B6;3.2;28.9;287.5;14.4;5.5;76.2;0.5922;0.0467;0.1000;2.8000;42.4508;
712.81;0;0;0;60;4B;4C;4B;4C;4C;57C;137;3B6;3.2;28.7;289.5;14.4;5.5;76.2;0.5922;0.0501;0.0750;2.9500;42.5642;
713.06;0;0;0;60;4B;4C;4B;4C;4C;585;137;3B6;3.2;28.7;288.5;14.4;5.5;76.2;0.5922;0.0432;0.0500;2.7500;42.6891;
713.31;0;0;0;60;4B;4C;4B;4C;4C;57D;137;3B6;3.2;29.3;288.0;14.4;5.5;76.2;0.5922;0.0393;0.0250;2.2750;42.3738;
713.56;0;0;0;60;4C;4C;4C;4C;4C;587;137;3B6;3.2;29.8;290.5;14.4;5.5;76.2;0.5922;0.0358;0.0250;1.7000;43.0458;
713.81;0;0;0;60;4C;4C;4C;4C;4C;583;137;3B6;3.2;29.8;289.0;14.4;5.5;76.2;0.5922;0.0303;0.0250;1.8250;42.7025;
714.06;0;0;0;60;4C;4C;4C;4C;4C;580;137;3B6;3.2;29.4;291.0;14.4;5.5;76.2;0.5922;-0.0059;0.0500;0.0500;42.9066;
714.31;0;0;0;60;4C;4C;4C;4C;4C;588;137;3B6;3.2;29.4;290.5;14.4;5.5;76.2;0.6039;-0.0168;0.0250;-0.6500;43.0763;
714.57;0;0;0;60;4C;4C;4C;4C;4C;58C;137;3B6;3.2;28.8;300.5;14.4;5.5;76.2;0.6431;-0.0259;0.0250;-1.5250;44.6850;
714.82;0;0;0;60;4C;4C;4C;4C;4C;58C;137;3B6;3.2;28.8;302.0;14.4;5.5;76.2;0.6627;-0.0340;0.0500;-2.1500;44.9080;
715.07;0;0;0;60;4C;4C;4C;4C;4C;587;137;3B6;3.2;27.0;300.0;14.4;5.5;76.2;0.6980;-0.0347;0.0250;-2.0500;44.4535;
715.32;0;0;0;60;4D;4C;4C;4C;4C;58D;137;3B6;3.2;27.0;301.5;14.4;5.5;76.2;0.7255;-0.0343;0.0000;-1.9750;44.8652;
715.57;0;0;0;60;4C;4C;4C;4C;4C;585;137;3B6;3.2;25.0;300.5;14.4;5.5;76.2;0.7216;-0.0341;0.0000;-1.6250;44.4647;
715.82;0;0;0;60;4C;4C;4C;4C;4C;58E;137;3B6;3.2;23.5;300.5;14.4;5.5;76.2;0.7176;-0.0322;-0.0250;-1.7500;44.7479;
716.07;0;0;0;60;4C;4C;4C;4C;4C;583;137;3B6;3.2;23.5;300.0;14.4;5.5;76.2;0.7059;-0.0336;-0.0250;-1.7750;44.3279;
716.32;0;0;0;60;4C;4C;4C;4C;4C;58D;137;3B6;3.2;22.1;300.0;14.4;5.5;76.2;0.6980;-0.0338;-0.0250;-1.7000;44.6420;
716.57;0;0;0;60;4C;4C;4C;4C;4C;588;137;3B6;3.2;20.4;302.0;14.4;5.5;76.2;0.6863;-0.0335;0.0000;-1.3500;44.7815;
716.82;0;0;0;60;4C;4C;4C;4C;4C;588;137;3B6;3.2;20.4;300.5;14.4;5.5;76.2;0.6745;-0.0343;0.0000;-2.0250;44.5591;
717.07;0;0;0;60;4D;4C;4C;4C;4C;586;137;3B6;3.2;19.3;301.0;14.4;5.5;76.2;0.6588;-0.0442;-0.0750;-2.3250;44.5702;
717.32;0;0;0;60;4C;4C;4C;4C;4C;587;137;3B6;3.2;19.3;301.5;14.4;5.5;76.2;0.6510;-0.0443;-0.0500;-2.4750;44.6758;
717.57;0;0;0;60;4C;4B;4C;4C;4C;589;137;3B6;3.2;17.4;301.5;14.4;5.5;76.2;0.6471;-0.0443;-0.1000;-2.6750;44.7389;
717.82;0;0;0;60;4C;4C;4C;4C;4C;580;137;3B6;3.2;15.3;301.0;14.4;5.5;76.2;0.6431;-0.0442;-0.0500;-2.6250;44.3811;
718.07;0;0;0;60;4C;4C;4C;4C;4C;58B;137;3B6;3.2;15.3;299.5;14.4;5.5;76.2;0.6431;-0.0404;-0.0750;-2.0500;44.5049;
718.32;0;0;0;60;4C;4C;4C;4C;4C;580;137;3B6;3.2;14.4;300.5;14.4;5.5;76.2;0.6431;-0.0391;-0.0750;-2.1500;44.3073;
718.57;0;0;0;60;4C;4B;4C;4C;4C;58A;137;3B6;3.2;13.5;299.0;14.4;5.5;76.2;0.6431;-0.0343;-0.0250;-1.9250;44.3993;
718.82;0;0;0;60;4C;4C;4C;4C;4C;584;137;3B6;3.2;13.5;300.5;14.4;5.5;76.2;0.6431;-0.0313;-0.0250;-1.7000;44.4332;
719.07;0;0;0;60;4C;4C;4C;4C;4C;58A;137;3B6;3.2;13.5;300.0;14.4;5.5;76.2;0.6431;-0.0262;0.0250;-1.3500;44.5478;
719.32;0;0;0;61;4C;4C;4C;4C;4C;587;137;3B6;3.2;13.6;299.5;14.4;5.5;76.2;0.6431;-0.0211;0.0250;-1.1500;44.3794;
719.59;0;0;0;61;4C;4C;4C;4C;4C;586;137;3B6;3.2;14.1;300.0;14.4;5.5;76.2;0.6431;-0.0170;0.0500;-0.7500;44.4221;
719.84;0;0;0;61;4C;4C;4C;4C;4C;587;137;3B6;3.2;14.1;300.0;14.4;5.5;76.2;0.6431;-0.0096;-0.0500;-0.4250;44.4535;
720.09;0;0;0;61;4C;4C;4C;4C;4C;57D;137;3B6;3.2;14.5;299.5;14.4;5.5;76.2;0.6549;-0.0081;-0.0750;0.0250;44.0658;
720.34;0;0;0;61;4C;4C;4C;4C;4C;58D;137;3B6;3.2;14.5;300.5;14.4;5.5;76.2;0.6745;-0.0063;-0.0250;-0.1500;44.7164;
720.59;0;0;0;61;4C;4C;4C;4C;4C;583;137;3B6;3.2;15.0;302.0;14.4;5.5;76.2;0.7216;-0.0013;0.0500;0.0000;44.6234;
720.84;0;0;0;61;4C;4C;4C;4C;4C;58A;137;3B6;3.2;15.6;301.0;14.4;5.5;76.2;0.7294;0.0046;0.0500;0.4000;44.6963;
721.09;0;0;0;61;4C;4C;4C;4C;4C;584;137;3B6;3.2;15.6;302.0;14.4;5.5;76.2;0.7216;0.0092;-0.0250;0.6000;44.6550;
721.34;0;0;0;61;4C;4C;4C;4C;4C;586;137;3B6;3.2;16.2;300.5;14.4;5.5;76.2;0.7176;0.0093;-0.0250;0.3750;44.4962;
721.59;0;0;0;61;4C;4C;4C;4C;4C;589;137;3B6;3.2;17.1;301.5;14.4;5.5;76.2;0.7137;0.0095;0.0000;0.5000;44.7389;
721.84;0;0;0;61;4C;4C;4C;4C;4C;586;137;3B6;3.2;17.1;300.0;14.4;5.5;76.2;0.7137;0.0096;-0.0250;0.4500;44.4221;
722.09;0;0;0;61;4C;4C;4C;4C;4C;58B;137;3B6;3.2;18.4;302.0;14.4;5.5;76.2;0.7059;0.0095;0.0000;0.5750;44.8764;
722.34;0;0;0;61;4C;4C;4C;4C;4C;580;137;3B6;3.2;18.4;301.0;14.4;5.5;76.2;0.7059;0.0083;-0.0250;0.4750;44.3811;
722.59;0;0;0;61;4C;4C;4C;4C;4C;58B;137;3B6;3.2;19.1;301.0;14.4;5.5;76.2;0.7059;0.0064;-0.0250;0.4000;44.7278;
722.84;0;0;0;61;4C;4C;4C;4C;4C;585;137;3B6;3.2;19.8;301.5;14.4;5.5;76.2;0.7020;0.0051;-0.0250;0.5000;44.6127;
723.09;0;0;0;61;4C;4C;4C;4C;4C;587;137;3B6;3.2;19.8;300.5;14.4;5.5;76.2;0.6902;0.0008;-0.1000;0.2250;44.5276;
723.34;0;0;0;61;4C;4C;4C;4C;4C;585;137;3B4;3.2;19.8;300.0;14.4;5.5;76.2;0.6745;-0.0013;-0.1500;-0.0750;44.3907;
723.59;0;0;0;61;4C;4C;4C;4C;4C;58A;137;3B4;3.2;20.4;300.0;14.4;5.5;76.2;0.6667;-0.0016;-0.0500;-0.0750;44.5478;
723.84;0;0;0;61;4C;4C;4C;4C;4C;58C;137;3B4;3.2;20.7;302.0;14.4;5.5;76.2;0.6627;-0.0015;0.0000;0.0750;44.9080;
724.09;0;0;0;61;4C;4C;4C;4C;4C;580;137;3B4;3.2;20.7;299.0;14.4;5.5;76.2;0.6588;-0.0015;-0.0250;0.0500;44.0862;
724.34;0;0;0;61;4C;4C;4C;4C;4C;58D;137;3B4;3.2;20.6;301.5;14.4;5.5;76.2;0.6588;-0.0015;0.0500;-0.0250;44.8652;
724.60;0;0;0;61;4C;4C;4C;4C;4C;57B;137;3B4;3.2;20.9;301.0;14.4;5.5;76.2;0.6510;-0.0048;-0.0750;0.0250;44.2235;
724.85;0;0;0;61;4C;4C;4C;4C;4C;58A;137;3B4;3.2;20.9;299.5;14.4;5.5;76.2;0.6431;-0.0135;-0.0500;-0.5000;44.4735;
725.10;0;0;0;61;4C;4C;4C;4C;4C;580;137;3B4;3.2;20.9;299.5;14.4;5.5;76.2;0.6392;-0.0141;-0.1000;-0.7250;44.1599;
725.35;0;0;0;61;4C;4C;4C;4C;4C;589;137;3B4;3.2;20.4;299.5;14.4;5.5;76.2;0.6353;-0.0153;-0.0750;-0.7000;44.4422;
725.60;0;0;0;61;4C;4C;4C;4C;4C;585;137;3B4;3.2;20.4;299.0;14.4;5.5;76.2;0.6314;-0.0160;-0.1500;-0.8000;44.2427;
725.85;0;0;0;61;4C;4B;4C;4C;4C;583;137;3B4;3.2;19.8;299.0;14.4;5.5;76.2;0.6235;-0.0191;-0.0750;-1.1250;44.1801;
726.10;0;0;0;61;4C;4C;4C;4C;4C;587;137;3B4;3.2;19.8;296.5;14.4;5.5;76.2;0.6078;-0.0174;-0.0250;-0.8000;43.9349;
726.35;0;0;0;61;4C;4C;4C;4C;4C;581;137;3B4;3.2;19.3;296.5;14.4;5.5;76.2;0.6039;-0.0110;0.0250;-0.6750;43.7486;
726.60;0;0;0;61;4C;4C;4C;4C;4C;585;137;3B4;3.2;18.9;288.5;14.4;5.5;76.2;0.5843;-0.0080;-0.0750;-0.1000;42.6891;
726.85;0;0;0;61;4C;4C;4C;4C;4C;582;137;3B4;3.2;18.9;281.5;14.4;5.5;76.2;0.5725;-0.0080;0.0250;-0.1000;41.5648;
727.10;0;0;0;61;4C;4B;4C;4C;4C;584;137;3B4;3.2;18.8;266.0;14.4;5.5;76.2;0.5059;-0.0073;-0.1250;0.0500;39.3319;
727.35;0;0;0;61;4C;4C;4C;4C;4C;583;137;3B4;3.2;18.8;229.5;14.4;5.5;76.2;0.4588;-0.0075;-0.1000;-0.1750;33.9108;
727.60;0;0;0;61;4C;4B;4C;4C;4C;579;137;3B4;3.2;18.8;193.0;14.4;5.5;76.2;0.4078;-0.0075;-0.1250;-0.4500;28.3155;
727.85;0;0;0;61;4B;4B;4B;4B;4B;57E;135;3B4;3.2;18.8;185.0;14.4;5.5;76.2;0.4078;-0.0034;-0.2500;-0.2250;27.2387;
728.10;0;0;0;62;4B;4B;4B;4B;4B;572;135;3B4;3.2;18.6;184.5;14.4;5.5;76.2;0.4078;-0.0007;-0.3500;-0.2000;26.9332;
728.35;0;0;0;61;4B;4B;4A;4B;4B;56A;135;3B4;3.2;18.8;191.0;14.4;5.5;76.2;0.4196;0.0073;-0.3500;0.1500;27.7220;
728.60;0;0;0;61;4A;4B;4A;4B;4B;567;135;3B4;3.2;18.8;197.5;14.4;5.5;76.2;0.4275;0.0092;-0.2750;0.8750;28.6034;
728.85;0;0;0;62;4A;4A;4A;4A;4A;565;135;3B2;3.2;19.1;204.0;14.4;5.5;76.2;0.4431;0.0161;-0.2750;0.8250;29.5021;
729.10;0;0;0;62;4A;4B;4A;4A;4A;565;135;3B2;3.2;19.1;228.5;14.4;5.5;76.2;0.4784;0.0190;-0.2750;0.9000;33.0452;
729.35;0;0;0;62;49;4A;49;4A;4A;556;135;3B2;3.2;19.6;242.5;14.4;5.5;76.2;0.5020;0.0228;-0.2500;1.0500;34.6889;
729.62;0;0;0;62;49;4A;49;4A;4A;55C;135;3B2;3.2;20.2;256.0;14.4;5.5;76.2;0.5490;0.0264;-0.2000;1.0500;36.7809;
729.87;0;0;0;62;49;4A;49;4A;4A;554;135;3B2;3.2;20.2;258.5;14.4;5.5;76.2;0.5686;0.0311;-0.2750;1.7000;36.9236;
730.12;0;0;0;62;49;4A;49;4A;4A;550;135;3B2;3.2;20.9;261.5;14.4;5.5;76.2;0.5882;0.0311;-0.1750;1.6000;37.2425;
730.37;0;0;0;62;49;4A;49;49;49;559;135;3B2;3.2;22.1;269.0;14.4;5.5;76.2;0.5922;0.0343;-0.1250;1.5500;38.5642;
730.62;0;0;0;62;49;4A;49;49;49;552;135;3B2;3.2;22.1;273.5;14.4;5.5;76.2;0.6000;0.0353;-0.0500;2.1250;39.0088;
730.87;0;0;0;62;48;49;49;49;49;54A;135;3B2;3.2;23.0;280.5;14.4;5.5;76.2;0.5922;0.0428;-0.2000;1.7000;39.7722;
731.12;0;0;0;62;49;49;48;49;49;555;135;3B2;3.2;23.0;282.0;14.4;5.5;76.2;0.5922;0.0448;-0.1250;2.0750;40.3098;
731.37;0;0;0;62;48;49;48;49;49;548;135;3B2;3.2;23.8;281.5;14.4;5.5;76.2;0.5882;0.0531;-0.1750;2.7250;39.8551;
731.62;0;0;0;62;48;49;48;49;49;541;135;3B2;3.2;23.8;279.0;14.4;5.5;76.2;0.5882;0.0525;-0.1500;2.7750;39.2966;
731.87;0;0;0;62;48;49;48;49;49;550;135;3B2;3.2;25.0;279.5;14.4;5.5;76.2;0.5882;0.0462;-0.1000;2.3000;39.8061;
732.12;0;0;0;62;48;49;48;49;49;549;135;3B2;3.2;25.0;279.5;14.4;5.5;76.2;0.5882;0.0476;-0.0500;2.4750;39.6012;
732.37;0;0;0;62;48;49;48;49;49;53F;135;3B2;3.2;26.4;278.5;14.4;5.5;76.2;0.5843;0.0518;-0.1000;2.5750;39.1679;
732.62;0;0;0;62;48;49;48;49;49;549;135;3B2;3.2;27.0;278.0;14.4;5.5;76.2;0.5843;0.0540;-0.0500;2.6250;39.3887;
732.87;0;0;0;62;48;49;48;49;49;546;135;3B2;3.2;27.0;279.0;14.4;5.5;76.2;0.5843;0.0527;-0.0750;2.6750;39.4427;
733.12;0;0;0;62;48;49;48;49;49;53C;135;3B2;3.2;28.0;277.5;14.4;5.5;76.2;0.5843;0.0495;-0.1000;2.4750;38.9400;
733.37;0;0;0;62;48;49;48;49;48;546;135;3B2;3.2;28.8;276.5;14.4;5.5;76.2;0.5843;0.0438;-0.1000;2.2750;39.0893;
733.62;0;0;0;62;48;49;48;48;48;542;135;3B2;3.2;28.8;277.5;14.4;5.5;76.2;0.5804;0.0430;-0.1000;1.6000;39.1144;
733.87;0;0;0;62;48;49;48;49;48;53C;135;3B2;3.2;29.2;278.0;14.4;5.5;76.2;0.5765;0.0456;-0.0750;2.2500;39.0102;
734.12;0;0;0;62;48;49;48;49;48;537;135;3B2;3.2;29.2;275.5;14.4;5.5;76.2;0.5725;0.0455;-0.0500;2.0250;38.5151;
734.37;0;0;0;62;48;49;48;48;48;547;135;3B2;3.2;29.1;277.5;14.4;5.5;76.2;0.5725;0.0437;-0.0250;2.3000;39.2597;
734.63;0;0;0;62;48;49;48;48;48;541;135;3B2;3.2;29.5;277.0;14.4;5.5;76.2;0.5725;0.0425;-0.0750;2.0750;39.0149;
734.88;0;0;0;62;47;49;47;48;48;531;135;3B2;3.2;29.5;274.0;14.4;5.5;76.2;0.5725;0.0458;-0.0500;2.1750;38.1333;
735.13;0;0;0;62;47;48;48;48;48;543;135;3B2;3.2;29.4;275.0;14.4;5.5;76.2;0.5725;0.0471;-0.1250;2.4000;38.7908;
735.38;0;0;0;62;47;49;47;48;48;53E;135;3B2;3.2;29.4;276.0;14.4;5.5;76.2;0.5647;0.0473;-0.1250;2.3250;38.7874;
735.63;0;0;0;62;47;48;48;48;48;539;135;3B2;3.2;29.4;275.0;14.4;5.5;76.2;0.5569;0.0473;-0.1000;2.4750;38.5028;
735.88;0;0;0;62;48;48;48;48;48;538;135;3B2;3.2;29.4;274.5;14.4;5.5;76.2;0.5490;0.0473;-0.0500;2.3250;38.4041;
736.13;0;0;0;62;47;48;48;48;48;541;135;3B2;3.2;29.4;267.0;14.4;5.5;76.2;0.5137;0.0476;-0.0500;2.3250;37.6064;
736.38;0;0;0;62;47;48;47;48;48;530;135;3B2;3.2;29.0;210.5;14.4;5.5;76.2;0.4118;0.0476;-0.1250;2.3500;29.2738;
736.63;0;0;0;62;47;48;47;48;48;52D;135;3B2;3.2;29.0;139.5;14.4;5.5;76.2;0.2902;0.0480;-0.1250;2.1750;19.3561;
736.88;0;0;0;62;46;47;46;47;47;517;135;3B2;3.2;29.3;-8.5;14.4;5.5;76.2;0.0000;0.0549;-0.4500;2.6250;-1.1598;
737.13;0;0;0;62;45;46;45;46;46;502;135;3B2;3.2;29.3;-19.5;14.4;5.5;76.2;0.0000;0.0547;-0.8000;2.6750;-2.6179;
737.38;0;0;0;63;44;45;44;45;45;4FC;135;3B2;3.2;29.4;-29.0;14.4;5.5;76.2;0.0000;0.0525;-1.0750;2.5750;-3.8750;
737.63;0;0;0;63;43;44;43;44;44;4EF;135;3B2;3.2;29.9;-29.0;14.4;5.5;76.2;0.0000;0.0460;-1.0500;2.1000;-3.8356;
737.88;0;0;0;63;42;43;42;43;43;4DA;133;3B2;3.2;29.9;-25.0;14.4;5.5;76.2;0.1765;0.0430;-1.0500;1.6250;-3.2515;
738.13;0;0;0;63;42;43;42;42;42;502;133;3B2;3.2;30.4;21.0;14.4;5.5;76.2;0.2471;0.0453;-1.0750;1.8000;2.8193;
738.38;0;0;0;63;41;42;41;42;41;4C2;133;3B2;3.2;30.6;74.5;14.4;5.5;76.2;0.2667;0.0453;-0.9250;1.7250;9.5024;
738.63;0;0;0;63;40;41;41;41;41;4BB;133;3B2;3.2;30.6;85.5;14.4;5.5;76.2;0.2667;0.0407;-0.8000;1.7000;10.8427;
738.88;0;0;0;63;40;41;40;41;41;4B1;133;3B2;3.2;30.4;89.0;14.4;5.5;76.2;0.2667;0.0358;-0.6000;1.0500;11.1934;
739.13;0;0;0;63;40;40;40;40;40;4A9;133;3B2;3.2;30.4;88.5;14.4;5.5;76.2;0.2667;0.0353;-0.5500;1.4000;11.0564;
739.38;0;0;0;63;3F;40;3F;40;40;4A1;133;3B2;3.2;30.7;88.5;14.4;5.5;76.2;0.2667;0.0390;-0.5250;1.3250;10.9822;
739.65;0;0;0;63;3F;3F;3F;40;3F;49D;133;3B2;3.2;30.3;89.0;14.4;5.5;76.2;0.2667;0.0410;-0.4500;1.7000;11.0070;
739.90;0;0;0;63;3F;3F;3E;3F;3F;492;133;3B2;3.2;30.3;89.0;14.4;5.5;76.2;0.2667;0.0377;-0.4500;1.3250;10.9045;
740.15;0;0;0;63;3E;3F;3E;3F;3F;48D;133;3B2;3.2;30.1;89.5;14.4;5.5;76.2;0.2667;0.0333;-0.4500;1.0250;10.9189;
740.40;0;0;0;63;3E;3E;3E;3E;3E;487;133;3B2;3.2;30.1;89.5;14.4;5.5;76.2;0.2667;0.0333;-0.4000;1.1250;10.8626;
740.65;0;0;0;63;3E;3E;3E;3E;3E;47F;133;3B2;3.2;30.3;89.5;14.4;5.5;76.2;0.2667;0.0343;-0.4250;1.3250;10.7877;
740.90;0;0;0;63;3D;3E;3D;3E;3E;467;133;3B2;3.2;30.3;29.0;14.4;5.5;76.2;0.0000;0.0341;-0.3750;1.2000;3.4226;
741.15;1;0;0;63;3C;3D;3C;3D;3D;452;133;3B2;3.2;29.6;-27.5;14.4;5.5;76.2;0.0000;0.0323;-0.7250;0.9250;-3.1851;
741.40;1;0;0;63;3C;3C;3C;3C;3C;392;133;3B2;3.2;28.9;-5.5;14.4;5.5;76.2;0.0000;0.0193;-0.8000;0.5000;-0.5264;
741.65;1;0;0;62;3B;3B;3B;3B;3B;36F;133;3B0;3.2;28.9;-2.5;14.4;5.5;76.2;0.0000;0.0158;-0.9000;0.5750;-0.2301;
741.90;1;0;0;62;3A;3B;3A;3A;3B;36A;133;3B2;3.2;28.4;0.5;14.4;5.5;76.2;0.0745;0.0076;-0.8750;0.2250;0.0458;
742.15;1;0;0;62;39;39;39;39;39;482;133;3B0;3.2;27.3;-8.0;14.4;5.5;76.2;0.1333;0.0020;-1.0750;0.0500;-0.9668;
742.40;1;0;0;62;39;39;39;39;39;501;133;3B0;3.2;27.3;64.5;14.4;5.5;76.2;0.2314;-0.0043;-0.8000;0.0000;8.6524;
742.65;0;0;0;62;39;39;38;38;39;508;133;3B0;3.2;26.9;86.5;14.4;5.5;76.2;0.2706;-0.0063;-0.5250;-0.1000;11.6670;
742.90;0;0;0;62;38;38;38;38;38;4FE;133;3B0;3.2;26.9;91.5;14.4;5.5;76.2;0.2706;-0.0096;-0.4000;0.0000;12.2456;
743.15;0;0;0;62;38;38;38;38;38;4F8;133;3B0;3.2;26.2;91.5;14.4;5.5;76.2;0.2667;-0.0140;-0.3500;-0.2250;12.1881;
743.40;0;0;0;62;38;38;38;37;38;4F0;133;3B2;3.2;25.3;90.5;14.4;5.5;76.2;0.2667;-0.0185;-0.3750;-0.5500;11.9791;
743.65;0;0;0;62;37;37;38;37;38;4EC;133;3B0;3.2;25.3;90.5;14.4;5.5;76.2;0.2667;-0.0204;-0.3250;-0.5500;11.9412;
743.90;0;0;0;62;37;37;37;37;37;4E3;133;3B0;3.2;24.9;88.0;14.4;5.5;76.2;0.2627;-0.0288;-0.2500;-0.3250;11.5284;
744.15;0;0;0;62;37;36;37;36;37;4DE;133;3B0;3.2;24.9;84.0;14.4;5.5;76.2;0.2353;-0.0345;-0.3250;-1.1250;10.9604;
744.40;0;0;0;62;37;36;37;36;37;4BB;133;3B0;3.2;23.5;-0.5;14.4;5.5;76.2;0.0000;-0.0476;-0.3750;-1.4500;-0.0634;
744.66;0;0;0;62;36;35;36;35;36;4B3;133;3B0;3.2;23.5;-23.5;14.4;5.5;76.2;0.0000;-0.0527;-0.5750;-1.9250;-2.9605;
744.91;0;0;0;62;36;35;36;35;36;4B7;133;3B0;3.2;22.7;-28.0;14.4;5.5;76.2;0.0000;-0.0535;-0.6500;-2.2750;-3.5391;
745.16;0;0;0;62;35;34;35;34;35;4A8;133;3B0;3.2;22.1;-5.0;14.4;5.5;76.2;0.1451;-0.0577;-0.7500;-1.9500;-0.6241;
745.41;0;0;0;62;34;34;34;34;34;4A2;133;3B0;3.2;22.1;11.5;14.4;5.5;76.2;0.1529;-0.0585;-0.7000;-1.8750;1.4283;
745.66;0;0;0;62;34;33;34;33;34;47B;133;3B0;3.2;20.6;-11.0;14.4;5.5;76.2;0.0000;-0.0693;-0.5500;-2.0000;-1.3212;
745.91;0;0;0;62;33;33;33;33;33;47B;133;3B0;3.2;20.6;-22.5;14.4;5.5;76.2;0.0000;-0.0698;-0.5000;-2.1750;-2.7026;
746.16;0;0;0;63;33;32;33;32;32;476;133;3B0;3.2;19.4;-28.5;14.4;5.5;76.2;0.0000;-0.0675;-0.6500;-1.9250;-3.4083;
746.41;0;0;0;63;32;32;32;32;32;46F;133;3B0;3.2;19.0;-28.5;14.4;5.5;76.2;0.0000;-0.0663;-0.6000;-1.7750;-3.3874;
746.66;0;0;0;63;31;31;31;31;32;45E;133;3B0;3.2;19.0;-28.5;14.4;5.5;76.2;0.0000;-0.0462;-0.5750;-0.7750;-3.3367;
746.91;0;0;0;63;31;31;31;31;31;454;133;3B0;3.2;18.3;-29.0;14.4;5.5;76.2;0.0000;-0.0421;-0.6500;-0.2250;-3.3649;
747.16;0;0;0;63;31;30;31;30;30;448;133;3B0;3.2;18.3;-29.0;14.4;5.5;76.2;0.0000;-0.0341;-0.6500;-0.6500;-3.3284;
747.41;0;0;0;63;30;30;30;30;30;440;133;3B0;3.2;18.3;-29.5;14.4;5.5;76.2;0.0000;-0.0318;-0.5250;-0.4000;-3.3611;
747.66;0;0;0;63;30;2F;30;2F;30;438;133;3B0;3.2;18.8;-29.5;14.4;5.5;76.2;0.0000;-0.0283;-0.5000;-0.4000;-3.3364;
747.91;0;0;0;63;30;2F;30;2F;2F;430;133;3B0;3.2;18.8;-29.5;14.4;5.5;76.2;0.0000;-0.0278;-0.4750;-0.1250;-3.3117;
748.16;0;0;0;63;2F;2F;2F;2F;2F;42A;133;3B0;3.2;18.9;-29.5;14.4;5.5;76.2;0.0000;-0.0275;-0.3500;0.0000;-3.2931;
748.41;0;0;0;62;2F;2E;2F;2E;2F;422;133;3B0;3.2;18.9;-30.0;14.4;5.5;76.2;0.0000;-0.0271;-0.3750;0.0250;-3.3238;
748.66;0;0;0;62;2E;2E;2E;2E;2E;412;133;3B0;3.2;19.5;-30.0;14.4;5.5;76.2;0.0000;-0.0243;-0.5250;-0.4000;-3.2735;
748.91;0;0;0;62;2E;2E;2E;2E;2E;413;133;3B0;3.2;19.5;-30.0;14.4;5.5;76.2;0.0000;-0.0323;-0.4750;-0.2500;-3.2767;
749.16;0;0;0;62;2E;2D;2E;2D;2E;40C;133;3B0;3.2;20.3;-30.0;14.4;5.5;76.2;0.0000;-0.0412;-0.3500;-0.7000;-3.2547;
749.41;0;0;0;62;2D;2D;2D;2D;2D;403;133;3B0;3.2;20.7;-30.0;14.4;5.5;76.2;0.0000;-0.0440;-0.3500;-0.9250;-3.2264;
749.68;0;0;0;62;2D;2D;2D;2D;2D;3FD;133;3B0;3.2;20.7;-30.0;14.4;5.5;76.2;0.0000;-0.0522;-0.3750;-1.1500;-3.2076;
749.93;0;0;0;62;2D;2C;2D;2D;2D;3F9;133;3B0;3.2;21.2;-30.0;14.4;5.5;76.2;0.0000;-0.0522;-0.2500;-1.1250;-3.1950;
750.18;0;0;0;62;2D;2C;2D;2C;2D;3F4;133;3B0;3.2;21.2;-30.0;14.4;5.5;76.2;0.0000;-0.0519;-0.2000;-0.9750;-3.1793;
750.43;0;0;0;62;2D;2C;2D;2C;2D;3F7;133;3B0;3.2;21.2;-30.0;14.4;5.5;76.2;0.0000;-0.0522;-0.1000;-1.1250;-3.1887;
750.68;0;0;0;62;2D;2C;2D;2C;2D;3F1;133;3B0;3.2;21.8;-30.0;14.4;5.5;76.2;0.0000;-0.0557;-0.1500;-1.2000;-3.1699;
750.93;0;0;0;62;2D;2C;2D;2C;2C;3F0;133;3B0;3.2;21.8;-30.0;14.4;5.5;76.2;0.0000;-0.0560;-0.1500;-1.0250;-3.1667;
751.18;0;0;0;62;2D;2C;2D;2C;2C;3F0;133;3B0;3.2;22.1;-30.0;14.4;5.5;76.2;0.0000;-0.0560;-0.1250;-1.4250;-3.1667;
751.43;0;0;0;62;2D;2C;2D;2C;2D;3ED;133;3B0;3.2;21.5;-30.0;14.4;5.5;76.2;0.0000;-0.0560;0.0000;-1.1250;-3.1573;
751.68;0;0;0;62;2D;2C;2D;2C;2C;3EF;133;3B0;3.2;21.5;-30.0;14.4;5.5;76.2;0.0000;-0.0493;-0.0500;-1.0500;-3.1636;
751.93;0;0;0;62;2C;2C;2D;2C;2C;3EF;131;3B0;3.2;21.6;-30.0;14.4;5.5;76.2;0.0000;-0.0423;0.0000;-0.8750;-3.1636;
752.18;0;0;0;62;2C;2C;2C;2C;2C;3EE;131;3B0;3.2;21.5;-30.0;14.4;5.5;76.2;0.0000;-0.0373;0.0000;-0.4500;-3.1604;
752.43;0;0;0;62;2D;2C;2D;2C;2D;3F4;131;3B0;3.2;21.5;-30.0;14.4;5.5;76.2;0.0000;-0.0353;0.0250;-0.2250;-3.1793;
752.68;0;0;0;62;2D;2C;2D;2C;2D;3F5;131;3B0;3.2;21.5;-30.0;14.4;5.5;76.2;0.0000;-0.0375;0.0500;-0.4750;-3.1824;
752.93;1;0;0;62;2D;2C;2D;2C;2D;3EB;131;3B0;3.2;21.5;-30.0;14.4;5.5;76.2;0.0000;-0.0460;0.0250;-0.8000;-3.1510;
753.18;1;0;0;62;2D;2D;2D;2D;2D;372;131;3B0;3.2;21.1;-3.5;14.4;5.5;76.2;0.0902;-0.0463;0.2250;-0.7000;-0.3233;
753.43;1;0;0;62;2D;2D;2D;2D;2D;449;131;3B0;3.2;21.1;78.0;14.4;5.5;76.2;0.5922;-0.0462;0.1500;-0.9000;8.9605;
753.68;1;0;0;62;2E;2D;2E;2D;2E;5A5;131;3B0;3.2;21.0;-20.5;14.4;5.5;76.2;0.0000;-0.0462;0.2500;-1.1250;-3.1021;
753.93;1;0;0;62;2E;2E;2E;2E;2E;531;131;3B0;3.2;21.0;-24.5;14.4;5.5;76.2;0.0000;-0.0443;0.3750;-0.9750;-3.4097;
754.18;1;0;0;62;2E;2E;2E;2E;2E;51D;131;3B0;3.2;20.9;-31.5;14.4;5.5;76.2;0.0000;-0.0404;0.4250;-0.5500;-4.3180;
754.43;0;0;0;62;2E;2E;2F;2E;2E;525;131;3B0;3.2;21.3;-32.0;14.4;5.5;76.2;0.0000;-0.0385;0.3250;-0.6750;-4.4133;
754.70;0;0;0;62;2F;2F;2F;2E;2F;531;131;3B0;3.2;21.3;-31.5;14.4;5.5;76.2;0.0000;-0.0395;0.3500;-0.4750;-4.3839;
754.95;0;0;0;62;2F;2F;2F;2F;2F;530;131;3B0;3.2;21.2;-31.5;14.4;5.5;76.2;0.0000;-0.0464;0.3250;-1.1500;-4.3806;
755.20;0;0;0;62;30;2F;2F;2F;2F;53C;131;3B0;3.2;21.5;-31.5;14.4;5.5;76.2;0.0000;-0.0483;0.2750;-1.0000;-4.4202;
755.45;0;0;0;62;30;30;30;2F;30;545;131;3B0;3.2;21.5;-31.5;14.4;5.5;76.2;0.0000;-0.0478;0.2250;-1.0750;-4.4499;
755.70;0;0;0;62;30;2F;30;30;30;54F;131;3B0;3.2;21.7;-31.5;14.4;5.5;76.2;0.0000;-0.0468;0.2500;-1.0750;-4.4829;
755.95;0;0;0;62;30;30;30;30;30;54E;131;3B0;3.2;21.4;-32.0;14.4;5.5;76.2;0.0000;-0.0453;0.2250;-0.9000;-4.5507;
756.20;0;0;0;61;31;30;31;30;30;556;131;3B0;3.2;21.4;-32.5;14.4;5.5;76.2;0.0000;-0.0471;0.2000;-1.2250;-4.6490;
756.45;0;0;0;61;31;30;31;30;31;55F;131;3B0;3.2;21.5;-33.0;14.4;5.5;76.2;0.0000;-0.0519;0.2000;-1.3250;-4.7517;
756.70;0;0;0;61;31;31;31;30;31;569;131;3B0;3.2;21.5;-33.0;14.4;5.5;76.2;0.0000;-0.0498;0.3250;-1.2500;-4.7862;
756.95;0;0;0;61;31;31;31;31;31;56C;131;3B0;3.2;21.0;-33.0;14.5;5.5;76.2;0.0000;-0.0467;0.2500;-0.9250;-4.7966;
757.20;0;0;0;61;32;31;32;31;32;578;131;3B0;3.2;21.0;-33.5;14.5;5.5;76.2;0.0000;-0.0450;0.3250;-1.0250;-4.9114;
757.45;0;0;0;61;32;31;32;32;32;57E;131;3B0;3.2;20.6;-33.5;14.5;5.5;76.2;0.0000;-0.0418;0.2750;-0.6750;-4.9324;
757.70;0;0;0;61;32;32;32;32;32;589;131;3B0;3.2;20.6;-33.5;14.5;5.5;76.2;0.0000;-0.0382;0.2750;-0.7000;-4.9710;
757.95;0;0;0;61;32;32;32;32;32;592;131;3B0;3.2;21.1;-33.5;14.5;5.5;76.2;0.0000;-0.0370;0.2750;-0.7000;-5.0026;
758.20;0;0;0;61;32;32;32;32;32;592;131;3B0;3.2;21.1;-33.5;14.5;5.5;76.2;0.0000;-0.0310;0.1000;-0.7000;-5.0026;
758.45;0;0;0;61;33;33;33;32;33;596;131;3B0;3.2;21.1;-34.0;14.5;5.5;76.2;0.0000;-0.0177;0.2000;-0.3750;-5.0915;
758.70;0;0;0;61;33;33;33;33;33;59D;131;3B0;3.2;20.9;-34.0;14.5;5.5;76.2;0.0000;-0.0163;0.2250;-0.4750;-5.1164;
758.95;0;0;0;61;33;33;33;33;33;5A5;131;3B0;3.2;21.1;-34.0;14.5;5.5;76.2;0.0000;-0.0122;0.1750;-0.1000;-5.1449;
759.20;0;0;0;61;33;33;33;33;33;5AA;131;3B0;3.2;21.1;-34.0;14.5;5.5;76.2;0.0000;-0.0070;0.1750;-0.0500;-5.1627;
759.45;0;0;0;61;33;33;33;33;34;5B1;131;3B0;3.2;21.4;-34.0;14.5;5.5;76.2;0.0000;-0.0037;0.1750;-0.3250;-5.1876;
759.72;0;0;0;61;34;34;34;34;34;5BD;131;3B0;3.2;21.4;-34.0;14.5;5.5;76.2;0.0000;-0.0008;0.2750;-0.1250;-5.2303;
759.97;0;0;0;61;34;34;34;34;34;5C1;131;3B0;3.2;21.7;-34.0;14.5;5.5;76.2;0.0000;0.0037;0.2250;0.1250;-5.2446;
760.22;0;0;0;61;34;34;34;34;34;5C8;131;3B0;3.2;22.2;-34.0;14.5;5.5;76.2;0.0000;0.0043;0.2250;0.1500;-5.2695;
760.47;0;1;0;60;35;35;35;34;35;5CE;131;3B0;3.2;22.2;-34.0;14.5;5.5;76.2;0.0000;0.0041;0.3750;-0.0750;-5.2909;
760.72;0;1;0;60;35;35;35;35;35;5D2;131;3B0;3.2;22.7;-34.0;14.5;5.5;76.2;0.0000;0.0029;0.0250;-0.1500;-5.3051;
760.97;0;1;0;60;34;34;35;35;35;5CA;131;3B0;3.2;22.7;-34.0;14.5;5.5;76.2;0.0000;0.0004;-1.0750;0.1250;-5.2766;
761.22;0;1;0;60;34;34;34;34;34;5C9;131;3B0;3.2;23.5;-34.0;14.5;5.5;76.2;0.0000;-0.0007;-0.2000;-0.1000;-5.2731;
761.47;0;1;0;60;34;34;34;34;34;5C1;131;3B2;3.2;23.5;-34.0;14.5;5.5;76.2;0.0000;-0.0008;-0.2750;0.1250;-5.2446;
761.72;0;1;0;60;34;34;34;34;34;5B8;131;3B2;3.2;24.2;-34.0;14.5;5.5;76.2;0.0000;-0.0008;-0.1750;0.1750;-5.2125;
761.97;0;1;0;60;33;33;33;33;33;5AB;131;3B0;3.2;24.5;-33.5;14.5;5.5;76.2;0.0000;-0.0008;-0.5250;0.0500;-5.0903;
762.22;0;1;0;60;33;33;33;33;33;5A8;131;3B0;3.2;24.5;-33.5;14.5;5.5;76.2;0.0000;-0.0041;-0.3500;0.1000;-5.0797;
762.47;0;1;0;60;32;33;33;32;33;593;131;3B0;3.2;25.1;-33.5;14.5;5.5;76.2;0.0000;-0.0064;-0.7000;-0.3750;-5.0061;
762.72;0;1;0;60;32;32;32;32;32;592;131;3B0;3.2;25.1;-33.0;14.5;5.5;76.2;0.0000;-0.0067;-0.4250;-0.1500;-4.9279;
762.97;0;1;0;60;32;32;32;32;32;589;131;3B0;3.2;25.7;-33.5;14.5;5.5;76.2;0.0000;-0.0064;0.4250;-0.2250;-4.9710;
763.22;0;0;0;60;32;32;32;32;32;588;131;3B0;3.2;25.6;-33.5;14.5;5.5;76.2;0.0000;-0.0064;-0.0500;-0.3250;-4.9675;
763.47;0;0;0;60;33;32;32;32;32;592;131;3B2;3.2;25.6;-33.5;14.5;5.5;76.2;0.0000;-0.0032;0.1000;-0.1500;-5.0026;
763.72;0;0;0;60;32;32;32;32;32;593;131;3B2;3.2;25.4;-33.5;14.5;5.5;76.2;0.0000;0.0013;0.1250;0.0000;-5.0061;
763.97;0;0;0;60;33;33;33;32;33;59B;131;3B2;3.2;25.5;-33.5;14.5;5.5;76.2;0.0000;0.0037;0.2000;-0.5250;-5.0341;
764.22;0;0;0;60;33;33;33;33;33;59F;131;3B2;3.2;25.5;-33.5;14.5;5.5;76.2;0.0000;0.0088;0.2250;-0.2500;-5.0482;
764.47;0;0;0;60;33;33;33;33;33;5A2;131;3B2;3.2;25.3;-33.5;14.5;5.5;76.2;0.0000;0.0161;0.0750;0.1000;-5.0587;
764.73;0;0;0;60;33;33;33;33;33;5A0;12F;3B2;3.2;25.3;-33.5;14.5;5.5;76.2;0.0000;0.0188;0.0500;0.1750;-5.0517;
764.98;0;0;0;60;33;33;33;33;33;5A8;12F;3B2;3.2;25.2;-33.5;14.5;5.5;76.2;0.0000;0.0213;0.0750;0.3500;-5.0797;
765.23;0;0;0;5F;33;33;33;33;33;5A7;12F;3B2;3.2;25.2;-34.0;14.5;5.5;76.2;0.0000;0.0245;0.1000;0.3750;-5.1520;
765.48;0;0;0;5F;33;33;33;33;33;5AC;12F;3B2;3.2;25.2;-34.0;14.5;5.5;76.2;0.0000;0.0322;0.1000;0.5000;-5.1698;
765.73;0;0;0;5F;33;33;33;33;33;5AD;12F;3B2;3.2;25.2;-33.5;14.5;5.5;76.2;0.0000;0.0347;0.0500;0.7000;-5.0973;
765.98;0;0;0;5F;33;34;33;34;33;5B1;12F;3B2;3.2;25.2;-34.0;14.5;5.5;76.2;0.0000;0.0358;0.0500;0.5750;-5.1876;
766.23;0;0;0;5F;33;34;33;34;34;5B5;12F;3B2;3.2;25.3;-34.0;14.5;5.5;76.2;0.0000;0.0388;0.1000;0.9750;-5.2018;
766.48;0;0;0;5F;33;34;33;34;34;5B7;12F;3B2;3.2;25.3;-34.0;14.5;5.5;76.2;0.0000;0.0425;0.0750;1.1250;-5.2090;
766.73;0;0;0;5F;33;34;33;34;34;5B7;12F;3B2;3.2;25.5;-34.0;14.5;5.5;76.2;0.0000;0.0425;0.1000;0.9750;-5.2090;
766.98;0;0;0;5F;34;35;34;34;34;5C0;12F;3B2;3.2;25.9;-34.0;14.5;5.5;76.2;0.0000;0.0375;0.1250;1.8000;-5.2410;
767.23;0;0;0;5F;34;34;34;34;34;5C1;12F;3B2;3.2;25.9;-34.0;14.5;5.5;76.2;0.0000;0.0335;0.1250;1.1000;-5.2446;
767.48;0;0;0;5F;34;34;34;34;34;5C0;12F;3B2;3.2;26.4;-34.0;14.5;5.5;76.2;0.0000;0.0313;0.0750;0.8750;-5.2410;
767.73;0;0;0;5F;34;34;34;34;34;5C4;12F;3B2;3.2;26.4;-34.0;14.5;5.5;76.2;0.0000;0.0306;0.0500;0.5750;-5.2553;
767.98;0;0;0;5F;34;34;34;34;34;5C4;12F;3B2;3.2;26.8;-34.0;14.5;5.5;76.2;0.0000;0.0295;0.0750;0.7750;-5.2553;
768.23;0;0;0;5F;34;34;34;34;34;5CA;12F;3B2;3.2;27.1;-34.0;14.5;5.5;76.2;0.0000;0.0264;0.0250;0.6500;-5.2766;
768.48;0;0;0;5F;34;35;34;35;35;5CE;12F;3B2;3.2;27.1;-34.0;14.5;5.5;76.2;0.0000;0.0185;0.1250;0.3250;-5.2909;
768.73;0;0;0;5F;34;35;34;35;35;5CE;12F;3B2;3.2;27.6;-34.0;14.5;5.5;76.2;0.0000;0.0165;0.0750;0.4500;-5.2909;
768.98;0;0;0;5F;35;35;35;35;35;5D4;12F;3B2;3.2;27.5;-34.0;14.5;5.5;76.2;0.0000;0.0110;0.0750;0.0250;-5.3122;
769.23;0;0;0;5F;35;35;35;35;35;5D3;12F;3B2;3.2;27.5;-34.0;14.5;5.5;76.2;0.0000;0.0073;0.1250;0.0000;-5.3087;
769.48;0;0;0;5F;35;35;35;35;35;5DD;12F;3B2;3.2;27.5;-34.5;14.5;5.5;76.2;0.0000;0.0020;0.1250;-0.0750;-5.4229;
769.75;0;0;0;5F;35;35;35;35;35;5DB;12F;3B2;3.2;27.2;-34.0;14.5;5.5;76.2;0.0000;-0.0001;0.1500;-0.2000;-5.3371;
770.00;0;0;0;5F;36;35;35;35;35;5E8;12F;3B2;3.2;27.1;-34.5;14.5;5.5;76.2;0.0000;-0.0001;0.1750;-0.1250;-5.4626;
770.25;0;0;0;5F;35;36;35;35;36;5E5;12F;3B2;3.2;27.1;-34.5;14.5;5.5;76.2;0.0000;-0.0003;0.1750;-0.2000;-5.4518;
770.50;0;0;0;5F;36;36;36;36;36;5EF;12F;3B2;3.2;26.6;-34.5;14.5;5.5;76.2;0.0000;0.0003;0.1500;-0.2250;-5.4879;
770.75;0;0;0;5F;36;36;36;36;36;5F3;12F;3B2;3.2;26.1;-34.5;14.5;5.5;76.2;0.0000;0.0003;0.2000;-0.1000;-5.5023;
771.00;0;0;0;5F;36;36;36;36;36;5FB;12F;3B2;3.2;26.1;-34.5;14.5;5.5;76.2;0.0000;-0.0025;0.1750;-0.1500;-5.5312;
771.25;0;0;0;5F;37;37;36;36;37;608;12F;3B2;3.2;25.8;-35.0;14.5;5.5;76.2;0.0000;-0.0025;0.4000;-0.6500;-5.6591;
771.50;0;0;0;5F;36;36;36;36;36;5F9;12F;3B2;3.2;25.8;-35.0;14.5;5.5;76.2;0.0000;-0.0021;0.0500;-0.3500;-5.6041;
771.75;0;0;0;5F;36;36;36;36;36;602;12F;3B2;3.2;25.3;-35.0;14.5;5.5;76.2;0.0000;-0.0025;-0.0250;-0.2250;-5.6371;
772.00;0;0;0;5F;36;36;36;36;36;601;12F;3B2;3.2;24.9;-35.0;14.5;5.5;76.2;0.0000;-0.0038;0.0000;0.0000;-5.6334;
772.25;0;0;0;5F;36;36;36;36;36;5FB;12F;3B2;3.2;24.9;-35.0;14.5;5.5;76.2;0.0000;-0.0041;-0.2000;0.0000;-5.6114;
772.50;0;0;0;5E;36;36;36;36;36;5EE;12F;3B2;3.2;24.6;-34.5;14.5;5.5;76.2;0.0000;-0.0016;-0.3250;-0.2000;-5.4843;
772.75;0;0;0;5E;35;35;35;35;36;5E8;12F;3B2;3.2;24.3;-34.5;14.5;5.5;76.2;0.0000;-0.0021;-0.4750;0.0000;-5.4626;
773.00;0;0;0;5E;35;35;35;35;35;5DD;12F;3B2;3.2;24.3;-34.5;14.5;5.5;76.2;0.0000;-0.0016;-0.4000;-0.1000;-5.4229;
773.25;0;0;0;5E;35;35;35;35;35;5DB;12F;3B2;3.2;24.0;-32.0;14.5;5.5;76.2;0.1255;-0.0041;-0.2250;-0.1000;-5.0232;
773.50;0;0;0;5E;34;34;34;34;34;5D9;12F;3B2;3.2;24.0;7.0;14.5;5.5;76.2;0.1882;-0.0064;-0.6000;-0.2250;1.0974;
773.75;0;0;0;5E;34;34;33;34;34;5BE;12F;3B2;3.2;24.1;36.0;14.5;5.5;76.2;0.2863;-0.0089;-0.5250;-0.3500;5.5418;
774.00;0;0;0;5E;34;34;34;34;34;5BF;12F;3B2;3.2;24.1;93.0;14.5;5.5;76.2;0.3216;-0.0089;-0.3250;-0.4750;14.3260;
774.25;0;0;0;5E;33;34;34;34;34;5B9;12F;3B2;3.2;23.8;116.0;14.5;5.5;76.2;0.3490;-0.0110;-0.2000;-0.2000;17.7961;
774.50;0;0;0;5E;34;33;34;34;34;5BB;12F;3B2;3.2;23.8;143.0;14.5;5.5;76.2;0.3843;-0.0098;-0.2000;-0.0750;21.9682;
774.76;0;0;0;5E;34;34;34;34;34;5BB;12F;3B2;3.2;23.2;186.5;14.5;5.5;76.2;0.4275;-0.0075;-0.0750;0.0000;28.6509;
775.01;0;0;0;5E;34;33;34;34;34;5C1;12F;3B2;3.2;23.1;195.5;14.5;5.5;76.2;0.4275;-0.0051;0.0500;0.1000;30.1563;
775.26;0;0;0;5E;34;34;34;34;34;5C8;12F;3B2;3.2;23.1;199.0;14.5;5.5;76.2;0.4275;-0.0007;0.1500;0.1000;30.8421;
775.51;0;0;0;5E;34;35;34;35;35;5CF;12F;3B2;3.2;22.4;195.5;14.5;5.5;76.2;0.4196;-0.0001;0.1750;0.1250;30.4429;
775.76;0;0;0;5E;35;35;35;35;35;5D8;12F;3B2;3.2;21.9;191.0;14.5;5.5;76.2;0.4157;-0.0010;0.2000;0.1500;29.9222;
776.01;0;0;0;5E;35;35;35;35;35;5DB;12F;3B2;3.2;21.9;190.0;14.5;5.5;76.2;0.4118;-0.0092;0.2500;-0.1000;29.8252;
776.26;0;0;0;5E;35;35;35;35;35;5E0;12F;3B2;3.2;21.8;183.0;14.5;5.5;76.2;0.3843;-0.0163;0.1500;-0.4250;28.8222;
776.51;0;0;0;5E;35;35;35;35;36;5E9;12F;3B2;3.2;21.8;159.5;14.5;5.5;76.2;0.3647;-0.0170;0.2000;-0.4500;25.2713;
776.76;0;0;0;5E;35;35;35;35;36;5E4;12F;3B2;3.2;21.3;124.5;14.5;5.5;76.2;0.3176;-0.0166;0.0500;-0.5250;19.6607;
777.01;0;0;0;5E;35;35;35;35;35;5E1;12F;3B2;3.2;20.4;111.5;14.5;5.5;76.2;0.2863;-0.0170;-0.0500;-0.7000;17.5728;
777.26;0;0;0;5E;35;35;35;35;35;5D5;12F;3B2;3.2;20.4;84.0;14.4;5.5;76.2;0.2588;-0.0163;-0.2000;-0.3250;13.1331;
777.51;0;0;0;5E;35;35;35;35;35;5D0;12F;3B2;3.2;20.2;82.5;14.4;5.5;76.2;0.2667;-0.0141;-0.3500;-0.4000;12.8554;
777.76;0;0;0;5E;34;34;34;34;34;5C6;12F;3B2;3.2;20.2;87.5;14.5;5.5;76.2;0.2941;-0.0106;-0.4000;-0.2000;13.5429;
778.01;0;0;0;5E;34;34;34;34;34;5BA;12F;3B2;3.2;20.1;99.5;14.5;5.5;76.2;0.3020;-0.0075;-0.4750;-0.0750;15.2752;
778.26;0;0;0;5E;34;34;34;34;34;5B9;12F;3B2;3.2;20.1;106.5;14.5;5.5;76.2;0.3020;-0.0059;-0.2750;-0.1000;16.3386;
778.51;0;0;0;5E;33;33;33;33;34;5AB;12F;3B2;3.2;19.9;111.5;14.5;5.5;76.2;0.3176;-0.0053;-0.3250;-0.1750;16.9422;
778.76;0;0;0;5E;33;33;33;33;33;5AD;12F;3B2;3.2;20.1;119.0;14.5;5.5;76.2;0.3216;-0.0051;-0.2750;0.0000;18.1068;
779.01;0;0;0;5E;33;33;33;33;33;5A7;12F;3B2;3.2;20.1;122.5;14.5;5.5;76.2;0.3255;-0.0041;-0.2250;-0.0500;18.5624;
779.26;0;0;0;5E;33;33;33;33;33;59E;12F;3B2;3.2;20.3;128.0;14.5;5.5;76.2;0.3373;-0.0041;-0.2250;0.0250;19.2751;
779.51;0;0;0;5E;33;33;33;33;33;59C;12F;3B2;3.2;20.3;132.0;14.5;5.5;76.2;0.3373;-0.0058;-0.2250;0.1750;19.8498;
779.78;0;0;0;5E;32;32;32;32;33;598;12F;3B2;3.2;20.3;132.0;14.5;5.5;76.2;0.3333;-0.0058;-0.2000;0.0500;19.7945;
780.03;0;0;0;5E;32;32;32;32;32;58F;12F;3B2;3.2;20.6;134.0;14.5;5.5;76.2;0.3373;-0.0056;-0.2250;0.1000;19.9682;
780.28;0;0;0;5E;32;32;32;32;32;58E;12F;3B2;3.2;20.6;138.5;14.5;5.5;76.2;0.3569;-0.0040;-0.2000;0.0000;20.6242;
780.53;0;0;0;5E;32;32;32;32;32;589;12F;3B2;3.2;20.7;147.0;14.5;5.5;76.2;0.3647;-0.0029;-0.1500;0.0000;21.8130;
780.78;0;0;0;5E;32;32;32;32;32;586;12D;3B2;3.2;20.8;153.0;14.5;5.5;76.2;0.3569;-0.0021;-0.1250;0.1000;22.6553;
781.03;0;0;0;5E;32;32;32;32;32;584;12D;3B2;3.2;20.8;150.0;14.5;5.5;76.2;0.3569;-0.0015;-0.1000;0.2750;22.1796;
781.28;0;0;0;5E;32;32;32;32;32;580;12D;3B2;3.2;21.1;143.5;14.5;5.5;76.2;0.3373;-0.0007;-0.1750;0.0500;21.1584;
781.53;0;0;0;5F;32;32;32;32;32;57C;12D;3B2;3.2;21.1;131.5;14.5;5.5;76.2;0.3216;-0.0010;-0.1500;-0.0250;19.3340;
781.78;0;0;0;5F;31;31;31;31;32;578;12D;3B2;3.2;21.3;122.5;14.5;5.5;76.2;0.3137;-0.0018;-0.2000;0.0750;17.9594;
782.03;0;0;0;5F;31;31;31;31;31;572;12D;3B2;3.2;21.3;119.0;14.5;5.5;76.2;0.3059;-0.0023;-0.1750;-0.0750;17.3715;
782.28;0;0;0;5F;31;31;31;31;31;563;12D;3B2;3.2;21.3;114.0;14.5;5.5;76.2;0.3020;-0.0026;-0.2750;0.0500;16.4626;
782.53;0;0;0;5F;31;31;31;31;31;562;12D;3B2;3.2;21.3;113.0;14.4;5.5;76.2;0.3020;-0.0026;-0.3500;0.3250;16.3063;
782.78;0;0;0;5F;30;30;30;30;30;559;12D;3B2;3.2;21.3;113.0;14.4;5.5;76.2;0.3059;-0.0026;-0.3500;0.2500;16.1998;
783.03;0;0;0;5F;30;30;30;30;30;550;12D;3B2;3.2;21.5;114.5;14.5;5.5;76.2;0.3098;-0.0028;-0.3250;0.1750;16.3070;
783.28;0;0;0;5F;30;30;30;30;30;546;12D;3B2;3.2;21.5;118.0;14.5;5.5;76.2;0.3098;-0.0028;-0.3500;0.0750;16.6819;
783.53;0;0;0;5F;30;30;2F;2F;2F;53E;12D;3B2;3.2;21.3;118.0;14.5;5.5;76.2;0.3137;-0.0023;-0.3750;0.0750;16.5830;
783.78;0;0;0;5F;2F;2F;2F;2F;2F;539;12D;3B2;3.2;21.5;124.5;14.5;5.5;76.2;0.3373;-0.0023;-0.3250;0.1250;17.4313;
784.03;0;0;0;5F;2F;2F;2F;2F;2F;534;12D;3B2;3.2;21.5;135.0;14.5;5.5;76.2;0.3569;-0.0023;-0.3250;0.1250;18.8307;
784.28;0;0;0;5F;2E;2F;2F;2F;2F;52D;12D;3B2;3.2;21.4;148.0;14.5;5.5;76.2;0.3608;-0.0023;-0.2500;0.0000;20.5355;
784.53;0;0;0;5F;2F;2E;2E;2F;2F;528;12D;3B2;3.2;21.4;152.0;14.5;5.5;76.2;0.3608;-0.0041;-0.2000;0.1250;21.0110;
784.79;0;0;0;5F;2E;2F;2E;2F;2F;526;12D;3B2;3.2;21.3;155.5;14.5;5.5;76.2;0.3647;-0.0081;-0.1250;0.1000;21.4622;
785.04;0;0;0;5F;2E;2E;2E;2E;2E;522;12D;3B2;3.2;21.3;157.5;14.5;5.5;76.2;0.3765;-0.0093;-0.2000;-0.2250;21.6723;
785.29;0;0;0;5F;2E;2E;2E;2E;2E;525;12D;3B2;3.2;21.3;167.0;14.5;5.5;76.2;0.3882;-0.0111;-0.1000;-0.3750;23.0320;
785.54;0;0;0;5F;2E;2E;2E;2E;2E;523;12D;3B2;3.2;21.2;171.0;14.5;5.5;76.2;0.3882;-0.0108;0.0000;-0.0250;23.5478;
785.79;0;0;0;5F;2E;2E;2E;2E;2E;522;12D;3B2;3.2;21.0;172.0;14.5;5.5;76.2;0.3804;-0.0110;0.0250;0.1750;23.6675;
786.04;0;0;0;5F;2E;2E;2E;2E;2F;521;12D;3B2;3.2;21.0;167.5;14.5;5.5;76.2;0.3765;-0.0108;0.0500;-0.5750;23.0308;
786.29;0;0;0;5F;2E;2E;2E;2E;2E;523;12D;3B2;3.2;21.0;164.0;14.5;5.5;76.2;0.3686;-0.0122;-0.0250;-0.0500;22.5839;
786.54;0;0;0;5F;2E;2E;2E;2E;2E;524;12D;3B2;3.2;20.8;150.5;14.5;5.5;76.2;0.3412;-0.0144;-0.0500;-0.3750;20.7406;
786.79;0;0;0;60;2E;2E;2E;2E;2E;51C;12D;3B2;3.2;20.6;97.5;14.5;5.5;76.2;0.2588;-0.0173;-0.1500;-0.6000;13.3549;
787.04;0;0;0;60;2E;2E;2E;2D;2E;506;12D;3B2;3.2;20.6;40.0;14.5;5.5;76.2;0.0745;-0.0208;-0.3250;-0.5000;5.3868;
787.29;0;0;0;60;2D;2D;2D;2D;2D;4EE;12D;3B0;3.2;20.3;-15.5;14.5;5.5;76.2;0.0000;-0.0310;-0.6000;-0.7500;-2.0484;
787.54;0;0;0;60;2C;2C;2C;2C;2C;4D6;12D;3B2;3.2;20.3;-28.5;14.5;5.5;76.2;0.0000;-0.0366;-1.0000;-1.0250;-3.6948;
787.79;0;0;0;60;2B;2B;2B;2B;2B;4C2;12D;3B0;3.2;20.3;-17.5;14.5;5.5;76.2;0.0588;-0.0418;-1.1500;-0.9000;-2.2321;
788.04;0;0;0;60;2A;29;2A;2A;2A;4AA;12D;3B0;3.2;20.3;-17.0;14.5;5.5;76.2;0.0000;-0.0538;-1.1250;-1.5000;-2.1256;
788.29;0;0;0;60;29;28;29;28;29;481;12D;3B0;3.2;20.3;-26.5;14.5;5.5;76.2;0.0000;-0.0690;-1.2000;-1.4250;-3.1997;
788.54;0;0;0;60;28;27;28;27;28;46D;12D;3B0;3.2;20.0;-30.5;14.4;5.5;76.2;0.0000;-0.0716;-1.2250;-1.3750;-3.6187;
788.79;0;0;0;60;27;26;27;26;27;44E;12D;3B0;3.2;19.8;-30.5;14.4;5.5;76.2;0.0000;-0.0738;-1.1750;-1.3750;-3.5197;
789.04;1;0;0;60;26;25;26;25;26;3EA;12D;3B0;3.2;19.8;-30.0;14.5;5.5;76.2;0.0000;-0.0790;-1.1250;-1.9750;-3.1479;
789.29;1;0;0;60;26;24;25;24;25;373;12D;3B0;3.2;19.6;2.0;14.5;5.5;76.2;0.0000;-0.1042;-1.0500;-2.0750;0.1849;
789.54;1;0;0;60;24;23;24;23;24;369;12D;3B0;3.2;19.3;1.0;14.4;5.5;76.2;0.0000;-0.1185;-1.1000;-2.1250;0.0914;
789.81;1;0;0;60;24;22;24;22;23;36F;12D;3B0;3.2;19.3;7.0;14.5;5.5;76.2;0.0392;-0.1235;-1.0000;-2.2500;0.6443;
790.06;1;0;0;60;22;21;22;21;22;3EB;12D;3B0;3.2;18.9;8.5;14.5;5.5;76.2;0.1412;-0.1302;-1.2500;-2.0250;0.8928;
790.31;1;0;0;60;21;20;21;20;21;551;12D;3B0;3.2;18.9;31.0;14.5;5.5;76.2;0.1961;-0.1333;-1.4000;-2.0750;4.4182;
790.56;1;0;0;60;21;1F;21;20;20;4F7;12D;3B0;3.2;18.9;87.5;14.5;5.5;76.2;0.2863;-0.1308;-0.8000;-1.9250;11.6461;
790.81;0;0;0;60;20;1F;20;1F;20;4FC;12D;3B0;3.2;18.9;130.5;14.5;5.5;76.2;0.3569;-0.1238;-0.5250;-1.9750;17.4377;
791.06;0;0;0;60;20;1F;20;1F;20;4F0;12D;3B0;3.2;18.6;144.5;14.5;5.5;76.2;0.3569;-0.0653;-0.3750;-0.6000;19.1269;
791.31;0;0;0;60;20;1F;20;1F;20;4F4;12D;3B0;3.2;18.6;145.5;14.5;5.5;76.2;0.3490;-0.0204;-0.1500;-0.0250;19.3202;
791.56;0;0;0;60;1F;20;1F;20;20;4E7;12D;3B0;3.2;17.9;146.0;14.5;5.5;76.2;0.3529;0.0298;-0.1000;0.7750;19.1878;
791.81;0;0;0;60;1F;20;1F;20;20;4E8;12D;3B0;3.2;17.8;149.0;14.5;5.5;76.2;0.3647;0.0725;-0.1250;1.5000;19.5977;
792.06;0;0;0;60;1F;20;1F;20;20;4EF;12D;3B0;3.2;17.8;165.0;14.5;5.5;76.2;0.4039;0.1213;-0.0250;1.9250;21.8231;
792.31;0;0;0;60;1F;20;1F;20;20;4F6;12D;3B0;3.2;18.4;189.5;14.4;5.5;76.2;0.4471;0.1320;0.0500;2.0250;25.2024;
792.56;0;0;0;60;20;21;20;21;20;506;12D;3B0;3.2;19.2;212.5;14.4;5.5;76.2;0.4510;0.1358;0.2500;2.2000;28.6173;
792.81;0;0;0;60;20;21;20;21;21;521;12D;3B0;3.2;19.2;216.0;14.4;5.5;76.2;0.4510;0.1358;0.6000;2.0500;29.6994;
793.06;0;0;0;60;21;22;21;22;21;53A;12D;3B0;3.2;19.5;217.5;14.4;5.5;76.2;0.4510;0.1344;0.6000;1.8750;30.4750;
793.31;0;0;0;60;21;23;21;23;22;54B;12D;3B0;3.2;19.5;217.0;14.4;5.5;76.2;0.4510;0.1262;0.6750;1.7500;30.7913;
793.56;0;0;0;60;22;23;22;23;23;569;12D;3B0;3.2;20.5;217.5;14.4;5.5;76.2;0.4510;0.1120;0.6500;1.5250;31.5455;
793.81;0;0;0;60;23;24;22;23;23;57A;12D;3B0;3.2;21.3;218.0;14.4;5.5;76.2;0.4549;0.0996;0.6750;1.6250;32.0061;
794.06;0;0;0;60;23;24;23;24;24;5A0;12D;3B0;3.2;21.3;222.0;14.4;5.5;76.2;0.4667;0.0703;0.7250;0.9250;33.4768;
794.31;0;0;0;60;24;25;24;25;24;5B3;12D;3B0;3.2;21.7;226.0;14.4;5.5;76.2;0.4745;0.0565;0.7250;0.7000;34.5297;
794.56;0;0;0;60;25;26;25;26;25;5DA;12D;3B0;3.2;21.7;233.5;14.4;5.5;76.2;0.4824;0.0468;0.7500;0.6000;36.6292;
794.82;0;0;0;60;26;26;26;26;26;5F6;12D;3B0;3.2;22.0;235.5;14.4;5.5;76.2;0.4824;0.0358;0.8750;0.4250;37.6335;
795.07;0;0;0;60;27;27;27;27;27;621;12D;3B0;3.2;22.0;236.5;14.4;5.5;76.2;0.4824;0.0182;0.9250;0.2500;38.8582;
795.32;0;0;0;60;28;28;28;28;28;639;12D;3B0;3.2;22.1;236.0;14.4;5.5;76.2;0.4824;0.0147;0.9000;-0.0500;39.3692;
795.57;0;0;0;60;29;29;29;29;29;664;12D;3B0;3.2;22.4;235.0;14.4;5.5;76.2;0.4824;0.0096;0.9250;-0.1000;40.2606;
795.82;0;0;0;60;2A;2A;2A;2A;2A;681;12B;3B0;3.2;22.4;234.0;14.4;5.5;76.2;0.4824;0.0086;0.9250;-0.0500;40.7999;
796.07;0;0;0;60;2B;2B;2B;2B;2B;6A5;12B;3B0;3.2;22.1;231.0;14.4;5.5;76.2;0.4784;0.0033;0.8750;-0.2750;41.1476;
796.32;0;0;0;60;2B;2B;2B;2C;2B;6C3;12B;3B0;3.2;22.1;229.0;14.4;5.5;76.2;0.4784;-0.0015;0.9250;-0.1500;41.5108;
796.57;0;0;0;60;2C;2C;2C;2C;2C;6E8;12B;3B0;3.2;21.1;227.0;14.4;5.5;76.2;0.4745;-0.0015;0.9000;-0.2750;42.0278;
796.82;0;0;0;60;2D;2D;2D;2D;2D;709;12B;3B0;3.2;20.0;223.5;14.4;5.5;76.2;0.4667;-0.0013;0.9250;-0.3750;42.1522;
797.07;0;0;0;60;2E;2E;2E;2E;2E;734;12B;3B0;3.2;20.0;217.5;14.4;5.5;76.2;0.4588;-0.0013;1.0000;-0.3750;42.0000;
797.32;0;0;0;5F;2E;2F;2E;2E;2F;6EB;12B;3B0;3.2;19.4;23.0;14.4;5.5;76.2;0.0000;-0.0007;0.9750;-0.3500;4.2655;
797.57;1;0;0;5F;2E;2E;2E;2E;2E;683;12B;3B0;3.2;19.0;-31.5;14.4;5.5;76.2;0.0000;0.0018;-0.1500;-0.3250;-5.4989;
797.82;1;0;0;5F;2D;2D;2D;2D;2E;5F0;12B;3B0;3.2;19.0;-29.0;14.4;5.5;76.2;0.0902;0.0034;-0.5000;-0.4250;-4.6160;
798.07;0;0;0;5F;2D;2D;2D;2D;2D;524;12B;3B0;3.2;18.8;132.5;14.4;5.5;76.2;0.3686;0.0076;-0.2500;-0.2500;18.2600;
798.32;0;0;0;5F;2D;2D;2D;2D;2D;516;12B;3B0;3.2;18.8;153.5;14.4;5.5;76.2;0.4000;0.0106;-0.1750;-0.0250;20.9290;
798.57;0;0;0;5F;2D;2E;2D;2D;2E;50C;12B;3B0;3.2;18.6;179.0;14.5;5.5;76.2;0.4039;0.0130;0.0500;0.1500;24.2183;
798.82;0;0;0;5F;2E;2E;2E;2E;2E;514;12B;3B0;3.2;18.6;181.0;14.5;5.5;76.2;0.3961;0.0200;0.1750;0.2500;24.6406;
799.07;0;0;0;5F;2E;2E;2E;2E;2E;51C;12B;3B0;3.2;18.6;180.0;14.5;5.5;76.2;0.3961;0.0288;0.2250;0.2750;24.6552;
799.32;0;0;0;5F;2E;2E;2E;2E;2E;520;12B;3B0;3.2;18.6;179.5;14.5;5.5;76.2;0.3922;0.0311;0.2500;0.4000;24.6619;
799.57;0;0;0;5F;2E;2F;2E;2F;2F;528;12B;3B0;3.2;19.1;173.5;14.5;5.5;76.2;0.3843;0.0353;0.2500;0.5250;23.9829;
799.84;0;0;0;5F;2F;30;2F;30;2F;53A;12B;3B0;3.2;19.4;169.5;14.5;5.5;76.2;0.3804;0.0378;0.4000;0.8250;23.7495;
800.09;0;0;0;60;2F;30;2F;30;30;543;12B;3B0;3.2;19.4;166.5;14.4;5.5;76.2;0.3765;0.0428;0.3750;0.8250;23.4861;
800.34;0;0;0;60;30;30;30;30;30;54A;12B;3B0;3.2;20.1;165.0;14.4;5.5;76.2;0.3765;0.0430;0.3750;0.9750;23.3954;
800.59;0;0;0;60;30;30;30;30;30;558;12B;3B0;3.2;21.0;162.0;14.4;5.5;76.2;0.3686;0.0430;0.3750;0.8750;23.2076;
800.84;0;0;0;60;30;31;30;31;31;561;12B;3B0;3.2;21.0;158.0;14.4;5.5;76.2;0.3647;0.0428;0.3250;1.4750;22.7835;
801.09;0;0;0;60;31;31;31;31;31;568;12B;3B0;3.2;21.7;148.5;14.4;5.5;76.2;0.3333;0.0420;0.3750;1.1000;21.5224;
801.34;0;0;0;60;31;31;31;31;31;56C;12B;3B0;3.2;22.7;127.5;14.4;5.5;76.2;0.3137;0.0391;0.2750;1.2500;18.5323;
801.59;0;0;0;60;31;31;31;32;32;576;12B;3B0;3.2;22.7;106.5;14.4;5.5;76.2;0.2824;0.0298;0.2500;1.1750;15.5914;
801.84;0;0;0;60;32;32;31;31;32;57D;12B;3B0;3.2;23.1;98.0;14.4;5.5;76.2;0.2824;0.0191;0.1500;0.6000;14.4189;
802.09;0;0;0;60;31;32;31;31;32;572;12B;3B0;3.2;23.1;92.5;14.4;5.5;76.2;0.2706;0.0123;0.0500;0.2000;13.5031;
802.34;0;0;0;60;31;32;32;31;32;57B;12B;3B0;3.2;22.9;85.5;14.5;5.5;76.2;0.2431;0.0025;0.0750;0.0250;12.5618;
802.59;0;0;0;60;31;31;31;31;31;56D;12B;3B0;3.2;23.4;-9.5;14.5;5.5;76.2;0.0000;-0.0013;-0.1000;-0.0750;-1.3818;
802.84;0;0;0;60;31;31;31;31;31;55F;12B;3B0;3.2;23.4;-24.0;14.5;5.5;76.2;0.0000;-0.0078;-0.3500;-0.1750;-3.4558;
803.09;0;0;0;60;31;31;31;30;31;566;12B;3B0;3.2;23.4;-7.0;14.5;5.5;76.2;0.1608;-0.0118;-0.3750;-0.2500;-1.0131;
803.34;0;0;0;60;30;30;30;30;30;55E;12B;3B0;3.2;23.7;15.5;14.5;5.5;76.2;0.1725;-0.0152;-0.3750;-0.3750;2.2302;
803.59;0;0;0;60;30;30;30;30;30;551;12B;3B0;3.2;23.8;32.0;14.5;5.5;76.2;0.2157;-0.0174;-0.2750;-0.4250;4.5608;
803.84;0;0;0;60;30;30;30;30;30;548;12B;3B0;3.2;23.8;49.0;14.5;5.5;76.2;0.2510;-0.0186;-0.3250;-0.0750;6.9375;
804.09;0;0;0;60;30;30;30;2F;30;549;12B;3B0;3.2;23.7;70.5;14.5;5.5;76.2;0.2510;-0.0103;-0.2250;0.1000;9.9889;
804.34;0;0;0;60;30;30;30;30;30;544;12B;3B0;3.2;23.5;74.5;14.5;5.5;76.2;0.2510;-0.0089;-0.0750;-0.2500;10.5166;
804.59;0;0;0;60;30;30;30;30;30;547;12B;3B0;3.2;23.5;76.5;14.5;5.5;76.2;0.2510;-0.0078;-0.0250;-0.0500;10.8229;
804.85;0;0;0;61;30;30;30;30;30;544;12B;3B0;3.2;23.1;76.0;14.5;5.5;76.2;0.2392;-0.0092;-0.0500;-0.0250;10.7283;
805.10;0;0;0;61;2F;2F;30;2F;30;532;12B;3B0;3.2;23.1;21.0;14.5;5.5;76.2;0.1373;-0.0108;-0.0750;-0.2000;2.9248;
805.35;0;0;0;61;2F;30;2F;2F;30;53E;12B;3B0;3.2;23.0;83.5;14.5;5.5;76.2;0.2784;-0.0093;-0.1000;-0.0750;11.7346;
805.60;0;0;0;61;30;2F;30;2F;30;546;12B;3B0;3.2;22.6;91.5;14.5;5.5;76.2;0.2941;-0.0088;-0.0250;0.0000;12.9355;
805.85;0;0;0;61;30;30;30;30;30;549;12B;3B0;3.2;22.6;108.0;14.5;5.5;76.2;0.3137;-0.0063;0.0750;-0.1500;15.3021;
806.10;0;0;0;61;30;30;30;30;30;54A;12B;3B0;3.2;21.8;122.0;14.5;5.5;76.2;0.3216;-0.0041;0.1250;-0.0500;17.2984;
806.35;0;0;0;61;30;30;30;30;30;54D;12B;3B0;3.2;21.8;124.0;14.5;5.5;76.2;0.3176;-0.0004;0.1500;0.0250;17.6210;
806.60;0;0;0;61;30;30;30;30;30;555;12B;3B0;3.2;21.8;121.5;14.5;5.5;76.2;0.3137;-0.0001;0.1750;0.0750;17.3675;
806.85;0;0;0;61;30;30;30;30;30;55B;12B;3B0;3.2;21.7;118.5;14.5;5.5;76.2;0.3098;-0.0008;0.1500;0.1000;17.0131;
807.10;0;0;0;61;30;30;31;31;31;55C;12B;3B0;3.2;21.7;116.5;14.5;5.5;76.2;0.3059;-0.0033;0.1500;0.0500;16.7382;
807.35;0;0;0;61;31;31;31;31;31;562;12B;3B0;3.2;21.3;113.0;14.5;5.5;76.2;0.3020;-0.0021;0.1250;0.0000;16.3063;
807.60;0;0;0;61;31;31;31;31;31;567;12B;3B0;3.2;21.3;111.0;14.5;5.5;76.2;0.2980;0.0025;0.1250;0.0500;16.0758;
807.85;0;0;0;61;31;31;31;31;31;56D;12B;3B0;3.2;21.2;108.0;14.5;5.5;76.2;0.2941;0.0133;0.1000;0.1500;15.7092;
808.10;0;0;0;61;31;31;31;31;31;56B;12B;3B0;3.2;21.2;106.5;14.5;5.5;76.2;0.2902;0.0185;0.1250;0.2750;15.4687;
808.35;0;0;0;61;31;31;31;31;31;571;12B;3B0;3.2;21.3;103.0;14.5;5.5;76.2;0.2863;0.0185;0.1000;0.3250;15.0251;
808.60;0;0;0;61;31;31;31;31;31;575;12B;3B0;3.2;21.5;100.5;14.5;5.5;76.2;0.2824;0.0183;0.0750;0.2750;14.7025;
808.85;0;0;0;61;31;31;31;31;32;578;129;3B0;3.2;21.5;98.0;14.5;5.5;76.2;0.2784;0.0191;0.1000;0.2250;14.3676;
809.10;0;0;0;61;31;32;31;32;32;57A;129;3B0;3.2;21.8;96.0;14.5;5.5;76.2;0.2784;0.0210;0.0750;0.4750;14.0944;
809.35;0;0;0;61;31;32;31;32;32;57D;129;3B0;3.2;21.6;92.5;14.5;5.5;76.2;0.2706;0.0232;0.0750;0.3500;13.6096;
809.60;0;0;0;61;31;31;32;32;32;57F;129;3B0;3.2;21.6;91.5;14.5;5.5;76.2;0.2706;0.0258;0.0750;0.5500;13.4817;
809.87;0;0;0;61;32;32;32;32;32;57F;129;3B0;3.2;21.9;89.0;14.5;5.5;76.2;0.2667;0.0273;0.0750;0.4000;13.1133;
810.12;0;0;0;61;32;32;32;32;32;584;129;3B0;3.2;21.9;87.0;14.5;5.5;76.2;0.2627;0.0288;0.0250;0.3500;12.8642;
810.37;0;0;0;61;32;32;32;32;32;584;129;3B0;3.2;22.5;84.0;14.5;5.5;76.2;0.2588;0.0331;0.0500;0.6750;12.4206;
810.62;0;0;0;61;32;32;32;32;32;584;129;3B0;3.2;22.5;83.5;14.5;5.5;76.2;0.2588;0.0370;0.0250;1.0000;12.3467;
810.87;0;0;0;61;32;32;32;32;32;58C;129;3B0;3.2;22.5;79.5;14.5;5.5;76.2;0.2549;0.0358;0.0250;0.8750;11.8218;
811.12;0;0;0;61;32;32;32;32;32;588;129;3B0;3.2;23.2;79.5;14.5;5.5;76.2;0.2510;0.0352;0.0500;0.7750;11.7885;
811.37;0;0;0;61;32;32;32;32;32;589;129;3B0;3.2;23.2;77.0;14.5;5.5;76.2;0.2510;0.0325;0.0000;0.5500;11.4259;
811.62;0;0;0;61;32;32;32;32;32;58B;129;3B0;3.2;23.8;76.5;14.5;5.5;76.2;0.2471;0.0298;0.0250;0.4250;11.3677;
811.87;0;0;0;61;32;32;32;32;32;58D;129;3B0;3.2;23.8;75.0;14.5;5.5;76.2;0.2471;0.0297;0.0000;0.5500;11.1605;
812.12;0;0;0;61;32;32;32;32;32;58C;129;3B0;3.2;23.9;74.0;14.5;5.5;76.2;0.2431;0.0331;0.0250;0.8250;11.0040;
812.37;0;0;0;61;32;32;32;32;32;58C;129;3B0;3.2;24.2;72.5;14.5;5.5;76.2;0.2431;0.0353;0.0000;0.7750;10.7809;
812.62;0;0;0;61;32;32;32;32;32;58B;129;3B0;3.2;24.2;70.5;14.5;5.5;76.2;0.2392;0.0355;0.0000;0.6000;10.4761;
812.87;0;0;0;61;32;32;32;33;32;58D;129;3B0;3.2;24.6;69.5;14.5;5.5;76.2;0.2392;0.0293;0.0000;0.7750;10.3421;
813.12;0;0;0;61;32;33;32;32;32;594;129;3B0;3.2;24.6;67.0;14.5;5.5;76.2;0.2353;0.0273;0.0500;0.6000;10.0192;
813.37;0;0;0;61;32;33;32;33;33;594;129;3B0;3.2;24.7;64.0;14.5;5.5;76.2;0.2314;0.0250;0.0500;0.5250;9.5705;
813.62;0;0;0;61;32;33;32;33;33;595;129;3B0;3.2;24.8;62.0;14.5;5.5;76.2;0.2235;0.0230;0.0500;0.5250;9.2780;
813.87;0;0;0;61;32;33;32;33;33;599;129;3B0;3.2;24.8;58.5;14.5;5.5;76.2;0.2235;0.0040;0.0500;0.2250;8.7787;
814.12;0;0;0;61;33;33;33;33;33;598;129;3B0;3.2;24.9;57.5;14.5;5.5;76.2;0.2196;-0.0003;0.0500;-0.1750;8.6226;
814.37;0;0;0;61;32;33;32;33;33;597;129;3B0;3.2;24.8;55.0;14.5;5.5;76.2;0.2157;0.0016;-0.0250;-0.1750;8.2420;
814.62;0;0;0;61;33;32;33;32;33;596;129;3B0;3.2;24.8;54.5;14.5;5.5;76.2;0.2157;0.0025;-0.0750;-0.2000;8.1613;
814.88;0;0;0;61;32;32;32;33;33;597;129;3B0;3.2;24.3;53.0;14.5;5.5;76.2;0.2118;0.0059;-0.0250;0.0000;7.9423;
815.13;0;0;0;61;32;32;33;33;33;597;129;3B0;3.2;23.9;52.5;14.5;5.5;76.2;0.2118;0.0071;-0.0250;-0.0250;7.8673;
815.38;0;0;0;61;32;33;32;32;33;595;129;3B0;3.2;23.9;51.5;14.5;5.5;76.2;0.2078;0.0075;-0.0750;0.0250;7.7067;
815.63;0;0;0;61;32;33;32;32;33;594;129;3B0;3.2;23.9;52.0;14.5;5.5;76.2;0.2118;0.0080;-0.0500;0.1750;7.7761;
815.88;0;0;0;61;32;33;32;32;33;594;129;3B0;3.2;23.8;51.5;14.5;5.5;76.2;0.2078;0.0096;0.0250;0.2500;7.7013;
816.13;0;0;0;61;32;33;32;32;33;595;129;3B0;3.2;23.6;49.5;14.5;5.5;76.2;0.2078;0.0092;-0.0500;0.5000;7.4074;
816.38;0;0;0;61;32;33;32;32;33;596;129;3B0;3.2;23.6;49.5;14.5;5.5;76.2;0.2039;0.0083;-0.0250;0.2000;7.4126;
816.63;0;0;0;61;32;33;32;32;33;596;129;3B0;3.2;23.6;48.5;14.5;5.5;76.2;0.2039;0.0067;-0.0250;0.2750;7.2628;
816.88;0;0;0;61;32;32;32;32;33;596;129;3B0;3.2;23.6;48.0;14.5;5.5;76.2;0.2039;0.0020;-0.0750;0.0750;7.1880;
817.13;0;0;0;61;32;32;32;32;33;594;129;3B0;3.2;23.5;47.5;14.5;5.5;76.2;0.2000;-0.0003;0.0000;0.0750;7.1031;
817.38;0;0;0;61;32;32;32;33;33;598;129;3B0;3.2;23.0;45.5;14.5;5.5;76.2;0.1961;-0.0018;0.0250;-0.0750;6.8231;
817.63;0;0;0;61;33;33;33;33;33;59A;129;3B0;3.2;23.0;43.5;14.5;5.5;76.2;0.1961;-0.0038;0.0250;0.1000;6.5323;
817.88;0;0;0;61;33;33;33;33;33;59E;129;3B0;3.2;23.2;40.5;14.5;5.5;76.2;0.1843;-0.0073;0.1500;0.1000;6.0988;
818.13;0;0;0;61;33;33;33;33;33;5A0;129;3B0;3.2;22.9;37.0;14.5;5.5;76.2;0.1804;-0.0078;0.0750;0.0000;5.5795;
818.38;0;0;0;61;33;33;33;33;33;5A5;129;3B0;3.2;22.9;32.5;14.5;5.5;76.2;0.1725;-0.0096;0.0750;-0.2000;4.9179;
818.63;0;0;0;61;33;33;33;33;33;5A3;129;3B0;3.2;22.8;31.0;14.5;5.5;76.2;0.1686;-0.0149;0.0500;-0.1500;4.6844;
818.88;0;0;0;61;33;33;33;33;33;5A7;129;3B0;3.2;22.8;26.5;14.5;5.5;76.2;0.1608;-0.0198;0.0500;-0.3500;4.0155;
819.13;0;0;0;61;33;33;33;33;33;5A5;129;3B0;3.2;23.2;24.0;14.5;5.5;76.2;0.1569;-0.0216;0.0000;-0.5750;3.6317;
819.38;0;0;0;61;33;33;33;33;33;5AB;129;3B0;3.2;22.9;20.5;14.5;5.5;76.2;0.1490;-0.0243;0.0250;-0.7000;3.1149;
819.63;0;0;0;61;33;33;33;33;33;5A6;129;3B0;3.2;22.9;18.5;14.5;5.5;76.2;0.1451;-0.0331;-0.1000;-1.6250;2.8014;
819.90;0;0;0;61;33;33;33;33;33;5A6;129;3B0;3.2;22.9;17.5;14.5;5.5;76.2;0.1451;-0.0415;-0.1000;-1.4500;2.6499;
820.15;0;0;0;61;33;33;33;33;33;5A2;129;3B0;3.2;22.5;17.0;14.5;5.5;76.2;0.1412;-0.0415;-0.0250;-1.3500;2.5671;
820.40;0;0;0;61;34;33;33;33;33;5A8;129;3B0;3.1;22.1;16.0;14.5;5.5;76.2;0.1373;-0.0415;-0.0250;-1.4750;2.4261;
820.65;0;0;0;61;33;33;33;33;33;5AA;129;3B0;3.1;22.1;12.0;14.5;5.5;76.2;0.1255;-0.0403;0.1000;-0.9750;1.8221;
820.90;0;0;0;61;33;33;33;33;33;5AC;129;3B0;3.1;21.4;8.5;14.5;5.5;76.2;0.1176;-0.0288;0.0250;-0.7750;1.2925;
821.15;0;0;0;61;33;33;33;33;33;5A9;129;3B0;3.1;21.1;6.0;14.5;5.5;76.2;0.1137;-0.0262;-0.0750;-0.8000;0.9104;
821.40;0;0;0;61;33;33;33;33;33;5AA;129;3B0;3.1;21.1;4.5;14.5;5.5;76.2;0.1098;-0.0241;-0.0500;-0.5000;0.6833;
821.65;0;0;0;61;33;33;33;33;33;5A8;129;3B0;3.1;21.2;3.0;14.5;5.5;76.2;0.1059;-0.0198;0.0000;-0.2250;0.4549;
821.90;0;0;0;61;33;33;33;33;33;5A8;129;3B0;3.1;21.2;1.0;14.5;5.5;76.2;0.1020;-0.0110;-0.0500;-0.1750;0.1516;
822.15;0;0;0;61;33;33;33;33;33;5A8;129;3B0;3.1;20.9;0.0;14.5;5.5;76.2;0.0980;-0.0096;-0.0500;0.0250;0.0000;
822.40;0;0;0;61;33;33;33;33;33;5A9;129;3B0;3.1;21.0;0.0;14.5;5.5;76.2;0.0941;-0.0086;-0.0250;0.0000;0.0000;
822.65;0;0;0;61;33;33;33;33;33;5A5;129;3B0;3.1;21.0;-2.0;14.5;5.5;76.2;0.0902;-0.0075;-0.1000;0.4250;-0.3026;
822.90;0;0;0;61;33;33;33;33;33;5A8;127;3B0;3.1;21.4;-3.0;14.5;5.5;76.2;0.0902;-0.0041;-0.0250;0.4000;-0.4549;
823.15;0;0;0;61;33;33;33;33;33;5A6;127;3B0;3.1;21.4;-3.0;14.5;5.5;76.2;0.0902;-0.0020;-0.0500;0.2750;-0.4543;
823.40;0;0;0;61;33;33;33;33;33;5A4;127;3B0;3.1;21.4;-4.0;14.5;5.5;76.2;0.0863;0.0003;-0.0500;0.5000;-0.6049;
823.65;0;0;0;61;33;33;33;33;33;5A7;127;3B0;3.2;21.7;-5.5;14.5;5.5;76.2;0.0745;0.0015;0.0750;-0.1250;-0.8334;
823.90;0;0;0;61;33;33;33;33;33;5A9;127;3B0;3.2;21.7;-9.0;14.5;5.5;76.2;0.0667;0.0034;0.1000;0.1000;-1.3657;
824.15;0;0;0;61;33;33;33;33;33;5A2;127;3AE;3.2;21.9;-11.5;14.5;5.5;76.2;0.0588;0.0111;-0.0750;0.3750;-1.7366;
824.40;0;0;0;61;33;33;33;33;33;5A2;127;3B0;3.2;21.9;-13.0;14.5;5.5;76.2;0.0588;0.0125;-0.1250;0.3750;-1.9631;
824.65;0;0;0;61;33;33;33;33;33;5A4;127;3B0;3.2;22.9;-13.0;14.5;5.5;76.2;0.0588;0.0118;-0.0750;-0.0750;-1.9658;
824.91;0;0;0;61;33;33;33;33;33;5A1;127;3B0;3.2;22.9;-13.0;14.5;5.5;76.2;0.0588;0.0093;-0.1000;0.0750;-1.9617;
825.16;0;0;0;61;33;33;33;33;33;5A0;127;3B0;3.2;23.5;-12.0;14.5;5.5;76.2;0.0627;0.0101;-0.1250;0.2500;-1.8096;
825.41;0;0;0;61;32;33;32;33;33;595;127;3B0;3.2;23.7;-11.5;14.5;5.5;76.2;0.0667;0.0101;-0.2000;0.0000;-1.7209;
825.66;0;0;0;61;32;33;32;33;33;595;127;3B0;3.2;23.7;-7.5;14.5;5.5;76.2;0.0784;0.0096;-0.1500;0.2250;-1.1223;
825.91;0;0;0;61;32;32;32;32;33;594;127;3B0;3.2;24.2;-6.0;14.5;5.5;76.2;0.0824;0.0086;-0.1000;0.0500;-0.8972;
826.16;0;0;0;61;32;32;32;32;32;58F;127;3B0;3.2;24.3;-5.5;14.5;5.5;76.2;0.0824;0.0080;-0.1000;-0.0250;-0.8196;
826.41;0;0;0;61;32;32;32;32;32;58E;127;3B0;3.2;24.3;-4.0;14.5;5.5;76.2;0.0902;0.0080;-0.1500;0.0000;-0.5956;
826.66;0;0;0;61;32;32;32;32;32;58C;127;3B0;3.2;24.2;-2.0;14.5;5.5;76.2;0.0941;0.0103;-0.1000;-0.1250;-0.2974;
826.91;0;0;0;61;32;32;32;32;32;58F;127;3B0;3.2;24.2;-1.0;14.5;5.5;76.2;0.0980;0.0110;-0.1000;-0.1500;-0.1490;
827.16;0;0;0;61;32;32;32;32;32;588;127;3B0;3.2;23.9;0.0;14.5;5.5;76.2;0.0980;0.0126;-0.1250;-0.0250;0.0000;
827.41;0;0;0;61;32;32;32;32;32;588;127;3B0;3.2;24.0;0.5;14.5;5.5;76.2;0.1059;0.0163;-0.1250;0.0000;0.0741;
827.66;0;0;0;61;32;32;32;32;32;582;127;3B0;3.2;24.0;2.5;14.5;5.5;76.2;0.1098;0.0207;-0.1250;0.1500;0.3691;
827.91;0;0;0;61;32;32;31;32;32;57D;127;3B0;3.2;24.1;5.0;14.5;5.5;76.2;0.1176;0.0228;-0.1250;0.3250;0.7357;
828.16;0;0;0;61;31;32;31;32;32;57B;127;3B0;3.2;24.1;7.5;14.5;5.5;76.2;0.1255;0.0243;-0.1500;0.2500;1.1019;
828.41;0;0;0;61;31;32;31;32;32;575;127;3B0;3.2;24.1;10.5;14.5;5.5;76.2;0.1294;0.0245;-0.1500;0.2000;1.5361;
828.66;0;0;0;61;31;31;31;31;31;572;127;3B0;3.2;24.1;14.0;14.5;5.5;76.2;0.1412;0.0226;-0.1750;0.3500;2.0437;
828.91;0;0;0;61;31;31;31;31;31;570;127;3B0;3.2;23.9;17.5;14.5;5.5;76.2;0.1490;0.0211;-0.1500;0.3500;2.5510;
829.16;0;0;0;61;31;31;31;31;31;570;127;3B0;3.2;23.9;21.5;14.5;5.5;76.2;0.1569;0.0128;-0.1000;-0.0500;3.1341;
829.41;0;0;0;61;31;31;31;31;31;56B;127;3B0;3.2;23.9;23.5;14.5;5.5;76.2;0.1608;0.0092;-0.1000;-0.0250;3.4133;
829.66;0;0;0;61;30;31;31;31;31;564;127;3B0;3.2;23.8;26.5;14.5;5.5;76.2;0.1686;0.0041;-0.2000;-0.1250;3.8296;
829.94;0;0;0;60;31;31;31;31;31;566;127;3B0;3.2;23.5;32.0;14.5;5.5;76.2;0.1765;0.0028;-0.2000;-0.0750;4.6311;
830.19;0;0;0;60;31;30;31;31;31;562;127;3B0;3.2;23.5;34.5;14.5;5.5;76.2;0.1804;0.0025;-0.1250;-0.1000;4.9785;
830.44;0;0;0;60;31;31;31;31;31;562;127;3B0;3.2;23.4;37.5;14.5;5.5;76.2;0.1843;0.0025;-0.0500;-0.5250;5.4114;
830.69;0;0;0;60;30;31;30;31;31;55F;127;3B0;3.2;23.4;38.5;14.5;5.5;76.2;0.1882;0.0029;-0.0750;-0.3750;5.5436;
830.94;0;0;0;60;30;31;30;31;31;563;127;3B0;3.2;23.3;41.0;14.5;5.5;76.2;0.1922;0.0043;-0.0500;-0.2500;5.9208;
831.19;0;0;0;60;31;31;31;31;31;564;127;3B0;3.2;23.1;42.0;14.5;5.5;76.2;0.1922;0.0050;0.0500;-0.1750;6.0696;
831.44;0;0;0;60;31;30;31;31;31;55D;127;3B0;3.2;23.1;43.5;14.5;5.5;76.2;0.1961;0.0058;-0.0750;-0.1250;6.2544;
831.69;0;0;0;60;31;31;30;31;31;561;127;3B0;3.2;23.0;44.5;14.5;5.5;76.2;0.1961;0.0068;0.0000;-0.2000;6.4169;
831.94;0;0;0;60;30;31;31;31;31;560;127;3B0;3.2;22.8;44.5;14.5;5.5;76.2;0.2000;0.0068;0.0000;-0.2000;6.4122;
832.19;0;0;0;60;30;31;31;31;31;560;127;3B0;3.2;22.8;45.5;14.5;5.5;76.2;0.2000;0.0068;-0.0250;-0.1750;6.5563;
832.44;0;0;0;60;31;31;31;31;31;561;127;3B0;3.2;22.8;48.0;14.5;5.5;76.2;0.2039;0.0058;-0.0500;-0.0750;6.9216;
832.69;0;0;0;60;31;30;31;30;31;55D;127;3B0;3.2;22.7;48.5;14.5;5.5;76.2;0.2078;0.0056;-0.0500;-0.1500;6.9733;
832.94;0;0;0;60;31;31;30;30;31;561;127;3B0;3.2;22.4;51.0;14.5;5.5;76.2;0.2118;0.0056;-0.0500;-0.1750;7.3542;
833.19;0;0;0;60;30;31;30;31;30;55C;127;3B0;3.2;22.4;53.0;14.5;5.5;76.2;0.2157;0.0056;-0.0500;-0.1500;7.6148;
833.44;0;0;0;60;30;31;30;30;31;55F;127;3B0;3.2;22.1;55.5;14.5;5.5;76.2;0.2157;0.0053;0.0250;-0.2250;7.9914;
833.69;0;0;0;60;30;31;31;31;31;55D;127;3B0;3.2;22.1;55.5;14.5;5.5;76.2;0.2157;0.0034;0.0250;-0.2500;7.9798;
833.94;0;0;0;60;30;31;31;31;31;55E;127;3B0;3.2;22.0;56.0;14.5;5.5;76.2;0.2196;0.0029;0.0250;-0.3500;8.0576;
834.19;0;0;0;60;31;31;31;31;31;560;127;3B0;3.2;21.9;56.5;14.5;5.5;76.2;0.2196;0.0018;0.0250;-0.3500;8.1413;
834.44;0;0;0;60;31;31;31;31;31;562;127;3B0;3.2;21.9;56.5;14.5;5.5;76.2;0.2196;0.0003;0.0250;-0.3250;8.1532;
834.69;0;0;0;60;31;31;31;31;31;566;127;3B0;3.2;22.0;56.0;14.5;5.5;76.2;0.2196;-0.0028;0.0250;-0.4250;8.1045;
834.95;0;0;0;60;31;31;31;31;31;566;127;3B0;3.2;22.0;56.5;14.5;5.5;76.2;0.2196;-0.0029;0.0000;-0.2750;8.1768;
835.20;0;0;0;60;31;31;31;31;31;563;127;3B0;3.2;22.0;57.0;14.5;5.5;76.2;0.2196;-0.0029;0.0000;-0.3500;8.2313;
835.45;0;0;0;60;31;31;31;31;31;565;127;3B0;3.2;21.8;56.5;14.5;5.5;76.2;0.2196;-0.0029;0.0500;-0.2000;8.1709;
835.70;0;0;0;60;31;31;31;31;31;56B;127;3B0;3.2;21.8;55.0;14.5;5.5;76.2;0.2157;-0.0029;0.0250;-0.2500;7.9885;
835.95;0;0;0;60;31;31;31;31;31;569;127;3B0;3.2;21.8;55.5;14.5;5.5;76.2;0.2157;-0.0028;0.0250;-0.2750;8.0495;
836.20;0;0;0;60;31;31;31;31;31;567;127;3B0;3.2;21.8;55.0;14.5;5.5;76.2;0.2157;-0.0028;0.0000;-0.2000;7.9655;
836.45;0;0;0;60;31;31;31;31;31;568;127;3B0;3.2;21.8;55.5;14.5;5.5;76.2;0.2196;-0.0023;0.0000;-0.4000;8.0437;
836.70;0;0;0;60;31;31;31;31;31;567;127;3B0;3.2;21.8;56.5;14.5;5.5;76.2;0.2196;-0.0021;0.0250;-0.3500;8.1827;
836.95;0;0;0;60;31;31;31;31;31;56E;127;3B0;3.2;21.6;56.0;14.5;5.5;76.2;0.2196;-0.0015;0.0250;-0.2500;8.1514;
837.20;0;0;0;60;31;31;31;31;31;56B;127;3B0;3.2;21.6;56.0;14.5;5.5;76.2;0.2196;-0.0010;0.0000;-0.3250;8.1338;
837.45;0;0;0;60;31;31;31;31;31;570;127;3B0;3.2;21.6;56.0;14.5;5.5;76.2;0.2196;0.0007;0.0250;-0.1750;8.1631;
837.70;0;0;0;60;31;31;31;31;31;56D;127;3B0;3.2;21.6;56.0;14.5;5.5;76.2;0.2157;0.0013;0.0500;-0.2250;8.1455;
837.95;0;0;0;60;31;31;31;31;31;56B;127;3B0;3.2;21.5;55.5;14.5;5.5;76.2;0.2157;0.0013;-0.0250;-0.1500;8.0612;
838.20;0;0;0;60;31;31;31;31;31;56D;127;3B0;3.2;21.5;56.0;14.5;5.5;76.2;0.2196;0.0020;-0.1250;-0.3750;8.1455;
838.45;0;0;0;60;31;31;31;31;31;56A;127;3B0;3.2;21.4;58.5;14.5;5.5;76.2;0.2235;0.0053;-0.0500;-0.1250;8.4908;
838.70;0;0;0;61;31;31;31;31;31;56D;127;3B0;3.2;21.4;59.0;14.5;5.5;76.2;0.2235;0.0081;0.0500;-0.1000;8.5819;
838.95;0;0;0;61;31;31;31;31;31;56C;127;3B0;3.2;21.4;59.0;14.5;5.5;76.2;0.2235;0.0103;0.0250;-0.0250;8.5757;
839.20;0;0;0;61;31;31;31;31;31;570;127;3B0;3.2;21.5;59.0;14.5;5.5;76.2;0.2235;0.0126;0.0000;-0.0500;8.6004;
839.45;0;0;0;61;31;31;31;31;31;56E;127;3B0;3.2;21.5;59.5;14.5;5.5;76.2;0.2235;0.0152;-0.0500;-0.1000;8.6608;
839.70;0;0;0;61;31;31;31;31;31;56D;127;3B0;3.2;21.8;59.0;14.5;5.5;76.2;0.2235;0.0152;0.0000;0.0750;8.5819;
839.96;0;0;0;61;31;31;31;31;31;56F;125;3B0;3.2;21.9;59.5;14.5;5.5;76.2;0.2235;0.0155;0.0000;0.0000;8.6671;
840.21;0;0;0;61;31;31;31;31;31;56E;125;3B0;3.2;21.9;60.5;14.5;5.5;76.2;0.2275;0.0170;-0.0500;0.0000;8.8064;
840.46;0;0;0;61;31;31;31;31;31;56D;125;3B0;3.2;22.0;61.0;14.5;5.5;76.2;0.2275;0.0186;-0.0500;0.1250;8.8728;
840.71;0;0;0;61;31;31;31;31;31;56F;125;3B0;3.2;22.0;61.5;14.5;5.5;76.2;0.2275;0.0201;-0.0250;0.1000;8.9584;
840.96;0;0;0;61;31;31;31;31;31;570;125;3B0;3.2;22.1;61.5;14.5;5.5;76.2;0.2275;0.0233;0.0000;0.1500;8.9648;
841.21;0;0;0;61;31;31;31;31;31;56E;125;3B0;3.2;22.1;62.0;14.5;5.5;76.2;0.2275;0.0233;-0.0750;0.2500;9.0247;
841.46;0;0;0;61;31;31;31;31;31;56A;125;3B0;3.2;22.4;48.5;14.5;5.5;76.2;0.1804;0.0228;-0.0250;0.2500;7.0394;
841.71;0;0;0;61;31;31;31;31;31;562;125;3B0;3.2;22.4;22.5;14.5;5.5;76.2;0.2941;0.0230;-0.0750;0.1500;3.2468;
841.96;0;0;0;61;31;31;31;31;31;56F;125;3B0;3.2;22.7;101.5;14.5;5.5;76.2;0.3686;0.0232;-0.1250;0.4250;14.7850;
842.21;0;0;0;61;31;31;31;31;31;572;125;3B0;3.2;22.8;139.0;14.5;5.5;76.2;0.3922;0.0237;0.0500;0.3500;20.2911;
842.46;0;0;0;61;31;32;31;32;32;581;125;3B0;3.2;22.8;170.0;14.5;5.5;76.2;0.4078;0.0251;0.3750;0.2750;25.0835;
842.71;0;0;0;61;32;32;32;32;32;58C;125;3B0;3.2;22.8;181.0;14.5;5.5;76.2;0.4078;0.0256;0.3750;0.2250;26.9151;
842.96;0;0;0;61;32;33;32;33;33;59B;125;3B0;3.2;22.8;184.5;14.5;5.5;76.2;0.4078;0.0256;0.4750;0.4000;27.7253;
843.21;0;0;0;61;33;33;33;33;33;5AC;125;3B0;3.2;22.8;184.0;14.4;5.5;76.2;0.4078;0.0256;0.5250;0.4250;27.9778;
843.46;0;0;0;61;34;34;34;34;34;5B9;125;3B0;3.2;22.8;185.0;14.4;5.5;76.2;0.4118;0.0255;0.5250;0.3500;28.3817;
843.71;0;0;0;61;34;35;34;34;34;5CA;125;3B0;3.2;22.8;186.5;14.4;5.5;76.2;0.4118;0.0237;0.5750;0.2750;28.9438;
843.96;0;0;0;61;35;34;35;35;35;5DE;125;3B0;3.2;22.4;194.5;14.4;5.5;76.2;0.4392;0.0228;0.5500;0.5750;30.5927;
844.21;0;0;0;61;35;36;35;36;36;5EC;125;3B0;3.2;22.4;218.0;14.4;5.5;76.2;0.4745;0.0218;0.6000;0.6750;34.6086;
844.46;0;0;0;61;36;36;36;36;36;605;125;3B0;3.2;22.4;231.5;14.4;5.5;76.2;0.4824;0.0152;0.7250;0.1250;37.3579;
844.71;0;0;0;61;37;37;37;37;37;618;125;3B0;3.2;22.3;238.5;14.4;5.5;76.2;0.4941;0.0098;0.7750;0.1500;38.9620;
844.98;0;0;0;61;38;38;38;38;38;631;125;3B0;3.2;22.3;242.0;14.4;5.5;76.2;0.4941;0.0085;0.8500;-0.1250;40.1674;
845.23;0;0;0;61;39;39;39;39;39;645;125;3B0;3.2;21.7;243.0;14.4;5.5;76.2;0.4980;0.0085;0.8750;0.0000;40.8423;
845.48;0;0;0;61;3A;3A;3A;3A;3A;65F;125;3B0;3.2;21.7;244.5;14.4;5.5;76.2;0.5020;0.0085;0.8750;0.0250;41.7601;
845.73;0;0;0;61;3B;3B;3B;3B;3B;673;125;3B0;3.2;21.1;245.0;14.4;5.5;76.2;0.5020;0.0085;0.8750;-0.1250;42.3586;
845.98;0;0;0;61;3B;3B;3B;3B;3B;691;125;3B0;3.2;20.6;245.0;14.4;5.5;76.2;0.5020;0.0085;0.8500;0.0000;43.1283;
846.23;0;0;0;61;3C;3C;3C;3C;3C;6A1;125;3B0;3.2;20.6;245.0;14.4;5.5;76.2;0.5059;0.0070;0.8500;-0.2000;43.5388;
846.48;0;0;0;61;3D;3D;3D;3D;3D;6BC;125;3B0;3.2;20.2;246.0;14.5;5.5;76.2;0.5098;0.0023;0.8000;-0.1500;44.4121;
846.73;0;0;0;61;3E;3E;3E;3E;3E;6CE;125;3AE;3.2;19.8;246.5;14.5;5.5;76.2;0.5098;0.0028;0.8000;-0.2250;44.9670;
846.98;0;0;0;61;3F;3E;3E;3E;3E;6E5;125;3B0;3.2;19.8;247.0;14.5;5.5;76.2;0.5098;0.0041;0.8000;-0.4250;45.6531;
847.23;0;0;0;61;3F;3F;3F;3F;3F;6F6;125;3B0;3.2;19.4;246.0;14.5;5.5;76.2;0.5098;0.0059;0.8000;-0.2500;45.9062;
847.48;0;0;0;61;40;40;40;40;40;712;125;3B0;3.2;19.4;245.5;14.5;5.5;76.2;0.5098;0.0092;0.8750;-0.3750;46.5327;
847.73;0;0;0;61;41;41;41;41;41;726;125;3AE;3.2;19.2;244.5;14.5;5.5;76.2;0.5059;0.0111;0.8250;-0.0500;46.8553;
847.98;0;0;0;61;41;41;41;41;42;73A;125;3B0;3.2;18.8;243.0;14.4;5.5;76.2;0.5059;0.0161;0.7750;0.5500;47.0768;
848.23;0;0;0;61;42;42;42;43;42;74D;125;3AE;3.2;18.8;244.5;14.4;5.5;76.2;0.5059;0.0186;0.6750;0.5500;47.8538;
848.48;0;0;0;61;43;43;42;43;43;766;125;3B0;3.2;18.7;240.5;14.4;5.5;76.2;0.5020;0.0185;0.6500;0.2000;47.7006;
848.73;0;0;0;61;44;44;44;44;44;771;125;3AE;3.2;19.1;242.0;14.4;5.5;76.2;0.5059;0.0185;0.6000;0.7500;48.2769;
848.98;0;0;0;61;44;44;44;44;44;78C;125;3AE;3.2;19.1;241.0;14.4;5.5;76.2;0.5059;0.0185;0.7000;0.6000;48.7588;
849.23;0;0;0;61;45;45;45;45;45;795;125;3B0;3.2;19.1;239.0;14.4;5.5;76.2;0.5020;0.0190;0.4750;0.7500;48.5794;
849.48;0;0;0;61;45;46;45;45;45;7AA;125;3B0;3.2;19.4;238.0;14.4;5.5;76.2;0.5020;0.0188;0.6500;0.8250;48.8995;
849.73;0;0;0;61;46;46;46;46;46;7BA;125;3AE;3.2;19.5;238.0;14.4;5.5;76.2;0.5020;0.0174;0.6500;0.9000;49.2983;
849.99;0;0;0;61;46;47;47;47;47;7CD;125;3B0;3.2;19.5;236.0;14.4;5.5;76.2;0.4980;0.0163;0.5500;0.5500;49.3536;
850.24;0;0;0;61;47;47;47;47;47;7C2;125;3AE;3.2;19.7;141.5;14.4;5.5;76.2;0.1255;0.0148;0.5750;0.6750;29.4282;
850.49;1;0;0;61;47;47;47;47;47;7B1;125;3AE;3.2;19.7;-38.5;14.4;5.5;76.2;0.0000;0.0046;0.2000;0.4250;-7.9384;
850.74;1;0;0;60;46;46;46;46;46;6D6;125;3AE;3.2;20.0;-32.5;14.4;5.5;76.2;0.0000;-0.0018;-0.4000;0.2750;-5.9559;
850.99;1;0;0;60;46;46;46;46;46;70A;125;3AE;3.2;20.8;102.0;14.4;5.5;76.2;0.3922;-0.0041;-0.6000;-0.0750;19.2479;
851.24;0;0;0;60;46;46;46;46;46;627;125;3AE;3.2;20.8;223.5;14.4;5.5;76.2;0.5176;-0.0080;-0.2500;-0.0500;36.8627;
851.49;0;0;0;60;46;46;46;46;46;635;125;3AE;3.2;21.2;248.5;14.4;5.5;76.2;0.5255;-0.0155;-0.0750;-0.6000;41.3503;
851.74;0;0;0;60;46;46;46;46;46;63A;125;3AE;3.2;21.0;256.5;14.4;5.5;76.2;0.5333;-0.0196;0.0750;-0.8250;42.8158;
851.99;0;0;0;60;46;46;47;46;47;63F;125;3AE;3.2;21.0;259.0;14.4;5.5;76.2;0.5333;-0.0198;0.1500;-1.0750;43.3687;
852.24;0;0;0;60;47;47;47;47;47;646;125;3AE;3.2;21.0;259.0;14.4;5.5;76.2;0.5333;-0.0200;0.2750;-1.1000;43.5586;
852.49;0;0;0;60;47;47;47;47;47;64B;125;3AE;3.2;21.0;259.0;14.4;5.5;76.2;0.5294;-0.0276;0.3250;-1.1750;43.6942;
852.74;0;0;0;60;48;47;48;47;48;65A;125;3AE;3.2;20.3;257.5;14.4;5.5;76.2;0.5294;-0.0283;0.4250;-1.5500;43.8456;
852.99;0;0;0;60;49;48;49;48;48;668;125;3AE;3.2;19.2;257.0;14.4;5.5;76.2;0.5294;-0.0281;0.5000;-1.3000;44.1373;
853.24;0;0;0;60;49;49;49;49;49;677;125;3AE;3.2;19.2;256.5;14.4;5.5;76.2;0.5294;-0.0288;0.5250;-1.2000;44.4543;
853.49;0;0;0;60;4A;49;49;49;49;67C;125;3AE;3.2;19.2;255.5;14.4;5.5;76.2;0.5294;-0.0325;0.5250;-1.4500;44.4148;
853.74;0;0;0;60;4A;4A;4A;4A;4A;688;125;3AE;3.2;18.6;257.5;14.4;5.5;76.2;0.5333;-0.0333;0.5250;-1.7250;45.0860;
853.99;0;0;0;61;4B;4A;4A;4A;4A;694;125;3AE;3.2;18.3;255.5;14.4;5.5;76.2;0.5294;-0.0335;0.5250;-1.6000;45.0569;
854.24;0;0;0;61;4B;4B;4B;4B;4B;6A3;125;3AE;3.2;18.3;256.5;14.4;5.5;76.2;0.5294;-0.0336;0.5250;-1.7000;45.6362;
854.49;0;0;0;61;4C;4B;4C;4B;4B;6AE;125;3AE;3.2;17.6;254.5;14.4;5.5;76.2;0.5255;-0.0356;0.5500;-1.9750;45.5735;
854.74;0;0;0;61;4C;4C;4C;4C;4C;6BC;123;3AE;3.2;16.6;253.5;14.4;5.5;76.2;0.5255;-0.0356;0.5500;-2.1250;45.7661;
855.00;0;0;0;61;4D;4C;4D;4C;4D;6C6;123;3AE;3.2;16.6;252.0;14.4;5.5;76.2;0.5176;-0.0356;0.6500;-2.1250;45.7592;
855.25;0;0;0;61;4E;4D;4E;4D;4D;6AB;123;3AE;3.2;15.5;99.5;14.4;5.5;76.2;0.0784;-0.0316;0.6750;-1.5500;17.7863;
855.50;1;0;0;61;4E;4D;4E;4D;4D;68F;123;3AE;3.2;15.5;-32.0;14.4;5.5;76.2;0.0000;-0.0308;0.3250;-1.8750;-5.6264;
855.75;1;0;0;61;4D;4D;4D;4D;4D;5BF;123;3AE;3.2;14.9;-26.0;14.4;5.5;76.2;0.0980;-0.0285;-0.0250;-1.4250;-4.0051;
856.00;1;0;0;61;4D;4D;4D;4C;4D;694;123;3AE;3.2;15.1;124.0;14.4;5.5;76.2;0.3765;-0.0262;-0.1750;-1.2000;21.8672;
856.25;0;0;0;61;4D;4D;4D;4D;4D;5AE;123;3AE;3.2;15.1;215.5;14.4;5.5;76.2;0.5059;-0.0283;-0.0500;-1.6500;32.8126;
856.50;0;0;0;61;4E;4D;4E;4D;4E;5A4;123;3AE;3.2;15.3;242.0;14.4;5.5;76.2;0.5137;-0.0315;0.0750;-1.8000;36.5941;
856.75;0;0;0;61;4F;4E;4E;4E;4E;5AB;123;3AE;3.2;15.3;254.0;14.4;5.5;76.2;0.5059;-0.0331;0.4000;-1.7750;38.5949;
857.00;0;0;0;61;4F;4E;4F;4E;4F;5B7;123;3AE;3.2;15.3;252.0;14.4;5.5;76.2;0.5059;-0.0315;0.4500;-1.6000;38.6077;
857.25;0;0;0;61;4F;4F;4F;4F;4F;5BE;123;3AE;3.2;15.5;252.0;14.4;5.5;76.2;0.5020;-0.0268;0.4500;-1.3250;38.7924;
857.50;0;0;0;61;50;4F;4F;4F;4F;5C6;123;3AE;3.2;15.5;250.5;14.4;5.5;76.2;0.5020;-0.0262;0.4500;-1.3750;38.7713;
857.75;0;0;0;61;50;50;50;50;50;5D0;123;3AE;3.2;15.6;250.5;14.4;5.5;76.2;0.5020;-0.0262;0.4500;-1.4000;39.0337;
858.00;0;0;0;61;50;50;51;50;50;5D8;123;3AE;3.2;15.6;250.0;14.4;5.5;76.2;0.5020;-0.0255;0.4750;-1.2250;39.1652;
858.25;0;0;0;61;51;51;51;51;51;5E0;123;3AE;3.2;15.9;249.5;14.4;5.5;76.2;0.5020;-0.0198;0.4500;-0.8750;39.2959;
858.50;0;0;0;61;51;51;51;51;51;5E8;123;3AE;3.2;15.9;249.0;14.4;5.5;76.2;0.5020;-0.0125;0.5250;-0.5250;39.4257;
858.75;0;0;0;61;52;52;52;52;52;5F2;123;3AE;3.2;15.8;247.5;14.4;5.5;76.2;0.4980;-0.0096;0.5250;-0.3250;39.4474;
859.00;0;0;0;61;52;52;52;52;52;5F9;123;3AE;3.2;16.5;246.0;14.4;5.5;76.2;0.4980;-0.0070;0.5250;0.1500;39.3887;
859.25;0;0;0;62;53;53;53;53;53;603;123;3AE;3.2;16.5;245.5;14.4;5.5;76.2;0.4980;-0.0041;0.4500;0.1000;39.5657;
859.50;0;0;0;62;53;53;53;53;53;607;123;3AE;3.2;17.6;245.0;14.4;5.5;76.2;0.4980;-0.0003;0.5000;0.0000;39.5877;
859.75;0;0;0;62;53;54;53;54;54;610;123;3AE;3.2;17.8;240.5;14.4;5.5;76.2;0.4863;0.0029;0.4250;0.1750;39.0873;
860.02;0;0;0;62;54;54;54;54;54;618;123;3AE;3.2;17.8;238.5;14.4;5.5;76.2;0.4824;0.0050;0.4000;0.1750;38.9620;
860.27;0;0;0;62;54;54;54;54;54;61E;123;3AE;3.2;17.8;231.0;14.4;5.5;76.2;0.4745;0.0067;0.4250;0.1750;37.8820;
860.52;0;0;0;62;55;55;55;55;55;624;123;3AE;3.2;17.8;229.0;14.4;5.5;76.2;0.4745;0.0088;0.4000;0.1750;37.6979;
860.77;0;0;0;62;55;55;55;55;55;628;123;3AE;3.2;18.4;224.5;14.4;5.5;76.2;0.4667;0.0088;0.2750;0.2500;37.0511;
861.02;0;0;0;62;55;55;55;55;55;62A;123;3AE;3.2;18.9;216.5;14.4;5.5;76.2;0.4471;0.0080;0.2250;0.2750;35.7761;
861.27;0;0;0;62;55;55;55;55;55;631;123;3AE;3.2;18.9;206.0;14.4;5.5;76.2;0.4392;0.0092;0.1500;-0.1000;34.1920;
861.52;0;0;0;62;55;55;55;55;56;62D;123;3AE;3.2;19.6;198.0;14.4;5.5;76.2;0.4196;0.0092;0.1250;0.3750;32.7813;
861.77;0;0;0;62;55;55;55;55;56;631;123;3AE;3.2;19.6;170.0;14.4;5.5;76.2;0.3725;0.0096;0.1500;0.2250;28.2167;
862.02;0;0;0;62;55;56;55;56;56;630;123;3AE;3.2;20.2;156.5;14.4;5.5;76.2;0.3686;0.0100;0.0000;0.2750;25.9596;
862.27;0;0;0;62;55;55;55;55;56;62E;123;3AE;3.2;20.2;147.5;14.4;5.5;76.2;0.3529;0.0100;-0.0750;0.3500;24.4358;
862.52;0;0;0;62;55;56;55;55;56;631;123;3AE;3.2;20.6;142.5;14.4;5.5;76.2;0.3490;0.0100;-0.0750;0.2750;23.6523;
862.77;0;0;0;62;55;55;55;55;55;630;123;3AE;3.2;21.5;141.5;14.4;5.5;76.2;0.3490;0.0105;-0.0500;0.4750;23.4715;
863.02;0;0;0;62;55;55;55;55;55;62E;123;3AE;3.2;21.5;140.0;14.4;5.5;76.2;0.3451;0.0111;-0.0750;0.3750;23.1933;
863.27;0;0;0;62;55;55;55;55;55;62C;123;3AE;3.2;21.9;137.0;14.4;5.5;76.2;0.3412;0.0115;-0.1500;0.2750;22.6676;
863.52;0;0;0;62;55;55;55;55;55;62B;123;3AE;3.2;21.9;136.5;14.4;5.5;76.2;0.3412;0.0116;-0.2000;0.4250;22.5706;
863.77;0;0;0;62;54;55;55;55;55;629;123;3AE;3.2;22.0;136.5;14.4;5.5;76.2;0.3412;0.0076;-0.0500;0.4500;22.5420;
864.02;0;0;0;62;55;55;55;55;55;629;123;3AE;3.2;22.5;137.0;14.4;5.5;76.2;0.3412;0.0058;-0.1000;0.0250;22.6246;
864.27;0;0;0;62;55;55;55;55;55;62A;123;3AE;3.2;22.5;137.5;14.4;5.5;76.2;0.3412;0.0033;-0.0250;0.0500;22.7216;
864.52;0;0;0;62;55;55;55;55;55;62A;123;3AE;3.2;22.7;136.5;14.4;5.5;76.2;0.3412;0.0032;-0.0500;0.0250;22.5563;
864.77;0;0;0;62;55;55;55;55;55;62C;121;3AE;3.2;22.4;136.5;14.4;5.5;76.2;0.3412;0.0023;0.0500;-0.0500;22.5849;
865.03;0;0;0;62;55;55;55;55;55;62E;121;3AE;3.2;22.4;137.0;14.4;5.5;76.2;0.3412;0.0000;0.0500;-0.1250;22.6963;
865.28;0;0;0;62;55;55;55;55;55;62C;121;3AE;3.2;22.5;126.5;14.4;5.5;76.2;0.3216;-0.0013;0.0000;-0.3250;20.9303;
865.53;0;0;0;62;55;55;55;55;55;62C;121;3AE;3.2;22.5;122.0;14.4;5.5;76.2;0.3216;-0.0037;0.0000;-0.4750;20.1858;
865.78;0;0;0;62;55;55;55;55;55;62E;121;3AE;3.2;22.5;121.5;14.4;5.5;76.2;0.3216;-0.0034;0.0250;-0.3500;20.1285;
866.03;0;0;0;62;55;55;55;55;55;62A;121;3AE;3.2;22.5;102.5;14.4;5.5;76.2;0.2745;-0.0028;0.0000;-0.5000;16.9379;
866.28;0;0;0;62;55;55;55;55;55;62E;121;3AE;3.2;22.3;89.5;14.4;5.5;76.2;0.2706;-0.0004;0.0000;-0.2750;14.8272;
866.53;0;0;0;62;55;55;55;55;55;62F;121;3AC;3.2;22.0;90.5;14.4;5.5;76.2;0.2745;-0.0004;0.0000;-0.2000;15.0023;
866.78;0;0;0;62;55;55;55;55;56;630;121;3AE;3.2;22.0;91.0;14.4;5.5;76.2;0.2745;-0.0008;0.0000;-0.3250;15.0947;
867.03;0;0;0;62;55;55;55;55;56;630;121;3AE;3.2;22.2;91.0;14.4;5.5;76.2;0.2784;-0.0011;-0.0250;-0.4000;15.0947;
867.28;0;0;0;62;55;55;55;55;56;62F;121;3AE;3.2;22.2;91.5;14.4;5.5;76.2;0.2745;-0.0013;0.0000;-0.2000;15.1681;
867.53;0;0;0;62;55;56;55;56;56;630;121;3AC;3.2;21.9;91.0;14.4;5.5;76.2;0.2745;-0.0021;0.1250;-0.4000;15.0947;
867.78;0;0;0;62;56;56;56;56;56;639;121;3AC;3.2;21.5;90.5;14.4;5.5;76.2;0.2745;-0.0023;0.1500;-0.2000;15.0971;
868.03;0;0;0;62;56;56;56;56;56;63A;121;3AC;3.2;21.5;91.0;14.4;5.5;76.2;0.2745;-0.0015;0.1250;-0.2250;15.1900;
868.28;0;0;0;62;56;56;56;56;56;640;121;3AE;3.2;21.4;91.0;14.4;5.5;76.2;0.2745;-0.0018;0.1750;-0.2750;15.2472;
868.53;0;0;0;62;56;56;56;56;57;646;121;3AC;3.2;21.5;90.5;14.4;5.5;76.2;0.2745;-0.0018;0.2000;-0.2000;15.2203;
868.78;0;0;0;62;56;57;57;57;57;649;121;3AC;3.2;21.5;90.5;14.4;5.5;76.2;0.2784;-0.0018;0.2500;-0.0500;15.2487;
869.03;0;0;0;62;57;57;57;57;57;64F;121;3AE;3.2;21.5;90.0;14.4;5.5;76.2;0.2745;-0.0013;0.2250;-0.1000;15.2210;
869.28;0;0;0;62;57;57;57;57;57;655;121;3AC;3.2;21.5;90.5;14.4;5.5;76.2;0.2745;-0.0008;0.2500;-0.1750;15.3624;
869.53;0;0;0;62;57;57;57;57;58;65A;121;3AE;3.2;21.7;91.0;14.4;5.5;76.2;0.2745;-0.0004;0.2500;0.0000;15.4950;
869.78;0;0;0;62;58;58;58;58;58;662;121;3AE;3.2;21.9;90.5;14.4;5.5;76.2;0.2745;-0.0018;0.2750;-0.1000;15.4856;
870.04;0;0;0;62;58;58;58;58;58;669;121;3AE;3.2;21.9;88.5;14.4;5.5;76.2;0.2706;-0.0033;0.3500;0.0000;15.2083;
870.29;0;0;0;62;58;58;59;58;59;66A;121;3AE;3.2;21.9;87.5;14.4;5.5;76.2;0.2667;-0.0021;0.2500;-0.1000;15.0456;
870.54;0;0;0;62;59;59;59;59;59;673;121;3AE;3.2;22.2;82.5;14.4;5.5;76.2;0.2627;-0.0013;0.3750;-0.1000;14.2636;
870.79;0;0;0;62;59;59;59;59;59;67A;121;3AE;3.2;22.2;81.0;14.4;5.5;76.2;0.2627;-0.0001;0.2750;0.0500;14.0637;
871.04;0;0;0;62;5A;5A;5A;5A;5A;67E;121;3AC;3.2;22.2;80.5;14.4;5.5;76.2;0.2588;-0.0001;0.2750;0.0000;14.0106;
871.29;0;0;0;62;5A;5A;5A;5A;5A;685;121;3AE;3.2;22.2;80.5;14.4;5.5;76.2;0.2627;0.0000;0.3500;0.0250;14.0696;
871.54;0;0;0;62;5A;5A;5A;5A;5A;687;121;3AC;3.2;22.8;81.5;14.4;5.5;76.2;0.2627;0.0003;0.2000;0.2000;14.2614;
871.79;0;0;0;62;5A;5A;5A;5A;5B;68E;121;3AE;3.2;22.8;81.5;14.4;5.5;76.2;0.2627;0.0003;0.1750;0.0750;14.3212;
872.04;0;0;0;62;5A;5A;5A;5A;5B;690;121;3AE;3.2;22.8;80.5;14.4;5.5;76.2;0.2627;-0.0008;0.1000;0.0000;14.1623;
872.29;0;0;0;62;5A;5B;5A;5A;5B;692;121;3AE;3.2;22.8;80.5;14.4;5.5;76.2;0.2627;-0.0051;0.1500;-0.1750;14.1792;
872.54;0;0;0;62;5B;5A;5A;5B;5B;694;121;3AE;3.2;22.9;80.5;14.4;5.5;76.2;0.2627;-0.0075;0.1500;-0.5250;14.1960;
872.79;0;0;0;62;5B;5B;5B;5B;5B;694;121;3AE;3.2;23.0;80.0;14.4;5.5;76.2;0.2588;-0.0089;0.1000;-0.2750;14.1078;
873.04;0;0;0;62;5B;5B;5B;5B;5B;694;121;3AE;3.2;23.0;80.5;14.4;5.5;76.2;0.2627;-0.0100;0.0500;-0.4750;14.1960;
873.29;0;0;0;62;5B;5B;5B;5B;5B;699;121;3AC;3.2;22.7;79.5;14.4;5.5;76.2;0.2588;-0.0173;0.0750;-1.0500;14.0613;
873.54;0;0;0;62;5B;5B;5B;5B;5B;699;121;3AE;3.2;22.6;79.5;14.4;5.5;76.2;0.2588;-0.0174;0.0500;-1.2000;14.0613;
873.79;0;0;0;62;5B;5B;5B;5B;5B;695;121;3AE;3.2;22.6;78.5;14.4;5.5;76.2;0.2549;-0.0171;0.0000;-0.9000;13.8515;
874.04;0;0;0;62;5B;5B;5B;5B;5B;696;121;3AE;3.2;22.0;78.5;14.4;5.5;76.2;0.2588;-0.0163;0.0000;-1.1500;13.8598;
874.29;0;0;0;62;5B;5B;5B;5B;5B;698;121;3AE;3.2;22.0;78.0;14.4;5.5;76.2;0.2588;-0.0153;0.0000;-0.5500;13.7878;
874.54;0;0;0;62;5B;5A;5B;5B;5B;695;121;3AE;3.2;21.7;79.5;14.4;5.5;76.2;0.2588;-0.0144;-0.1250;-0.5250;14.0280;
874.79;0;0;0;62;5B;5B;5B;5A;5B;695;11F;3AE;3.2;21.7;79.0;14.4;5.5;76.2;0.2627;-0.0141;-0.1000;-0.8250;13.9398;
875.05;0;0;0;62;5A;5A;5A;5A;5B;68E;11F;3AE;3.2;21.8;81.5;14.4;5.5;76.2;0.2588;-0.0110;-0.2000;-0.4000;14.3212;
875.30;0;0;0;62;5B;5B;5A;5A;5B;68F;11F;3AE;3.2;21.8;80.0;14.4;5.5;76.2;0.2627;-0.0076;-0.1000;-0.4750;14.0660;
875.55;0;0;0;62;5A;5A;5A;5A;5B;68F;11F;3AE;3.2;21.5;80.0;14.4;5.5;76.2;0.2588;-0.0064;-0.1500;-0.3250;14.0660;
875.80;0;0;0;62;5A;5A;5A;5A;5A;688;11F;3AE;3.2;20.9;80.5;14.4;5.5;76.2;0.2627;-0.0029;-0.1750;-0.2000;14.0949;
876.05;0;0;0;62;5A;5A;5A;5A;5A;689;11F;3AE;3.2;20.9;82.0;14.4;5.5;76.2;0.2667;0.0007;-0.1500;0.0750;14.3661;
876.30;0;0;0;62;5A;5A;5A;5A;5A;685;11F;3AE;3.2;21.2;81.5;14.4;5.5;76.2;0.2667;0.0028;-0.1250;0.0750;14.2443;
876.55;0;0;0;62;5A;5A;5A;5A;5A;684;11F;3AE;3.2;21.2;82.0;14.4;5.5;76.2;0.2627;0.0037;-0.1500;0.2500;14.3231;
876.80;0;0;0;62;5A;5A;5A;5A;5A;680;11F;3AE;3.2;21.2;81.5;14.4;5.5;76.2;0.2667;0.0037;-0.1500;0.1000;14.2017;
877.05;0;0;0;62;59;5A;59;59;5A;67D;11F;3AE;3.2;21.2;81.5;14.4;5.5;76.2;0.2667;0.0025;-0.2000;0.2500;14.1761;
877.30;0;0;0;62;59;59;59;59;5A;679;11F;3AE;3.2;21.2;82.0;14.4;5.5;76.2;0.2667;0.0025;-0.2250;0.1000;14.2287;
877.55;0;0;0;62;59;59;59;59;59;674;11F;3AE;3.2;21.6;82.0;14.4;5.5;76.2;0.2627;0.0011;-0.2250;0.1500;14.1858;
877.80;0;0;0;62;59;59;59;59;59;673;11F;3AE;3.2;22.0;82.0;14.4;5.5;76.2;0.2627;-0.0001;-0.3500;0.0750;14.1772;
878.05;0;0;0;62;59;59;58;59;59;66C;11F;3AE;3.2;22.0;81.5;14.4;5.5;76.2;0.2627;-0.0013;-0.2250;-0.1500;14.0310;
878.30;0;0;0;62;58;59;58;58;59;66B;11F;3AE;3.2;22.3;82.0;14.4;5.5;76.2;0.2627;-0.0020;-0.2250;0.1000;14.1085;
878.55;0;0;0;62;58;58;58;58;58;663;11F;3AE;3.2;22.3;82.0;14.4;5.5;76.2;0.2627;-0.0021;-0.3250;-0.1000;14.0398;
878.80;0;0;0;62;58;58;58;58;58;660;11F;3AE;3.2;22.6;82.0;14.4;5.5;76.2;0.2627;-0.0013;-0.2500;-0.0500;14.0140;
879.05;0;0;0;62;57;58;57;58;58;657;11F;3AE;3.2;22.6;83.0;14.4;5.5;76.2;0.2627;0.0000;-0.3500;-0.2500;14.1067;
879.30;0;0;0;62;57;57;57;57;57;656;11F;3AE;3.2;22.5;82.5;14.4;5.5;76.2;0.2627;0.0000;-0.3750;-0.0500;14.0131;
879.55;0;0;0;62;57;57;57;57;57;64D;11F;3AE;3.2;22.7;84.0;14.4;5.5;76.2;0.2667;-0.0004;-0.4000;-0.1500;14.1887;
879.80;0;0;0;62;57;57;56;57;57;64B;11F;3AE;3.2;22.7;83.0;14.4;5.5;76.2;0.2667;-0.0008;-0.4000;-0.3500;14.0024;
880.07;0;0;0;62;56;56;56;56;57;645;11F;3AE;3.2;22.9;83.0;14.4;5.5;76.2;0.2667;0.0004;-0.4000;-0.4000;13.9502;
880.32;0;0;0;62;56;56;56;56;56;641;11F;3AE;3.2;22.8;87.0;14.4;5.5;76.2;0.2706;0.0008;-0.3750;-0.1750;14.5861;
880.57;0;0;0;62;56;56;55;56;56;637;11F;3AC;3.2;22.8;89.0;14.4;5.5;76.2;0.2706;0.0013;-0.4000;-0.2500;14.8282;
880.82;0;0;0;62;55;55;55;55;56;634;11F;3AC;3.2;22.6;89.0;14.4;5.5;76.2;0.2706;0.0013;-0.3500;0.0000;14.8003;
881.07;0;0;0;62;55;55;55;55;55;62C;11F;3AE;3.2;22.6;90.0;14.4;5.5;76.2;0.2745;0.0038;-0.2250;-0.1500;14.8911;
881.32;0;0;0;62;55;55;55;55;55;629;11F;3AE;3.2;22.5;89.0;14.4;5.5;76.2;0.2667;0.0053;-0.3750;-0.0750;14.6977;
881.57;0;0;0;62;54;55;54;54;55;623;11F;3AE;3.2;22.5;88.0;14.4;5.5;76.2;0.2706;0.0070;-0.3750;0.0250;14.4773;
881.82;0;0;0;62;54;55;54;54;54;61D;11F;3AE;3.2;22.5;88.5;14.4;5.5;76.2;0.2706;0.0105;-0.3500;0.1500;14.5039;
882.07;0;0;0;62;54;54;54;54;54;617;11F;3AE;3.2;22.3;91.5;14.4;5.5;76.2;0.2824;0.0186;-0.3750;0.6500;14.9381;
882.32;0;0;0;62;53;53;53;54;54;613;11F;3AC;3.2;22.8;99.5;14.4;5.5;76.2;0.3294;0.0195;-0.3750;0.9000;16.2025;
882.57;0;0;0;62;53;53;53;53;53;610;11F;3AE;3.2;22.8;133.0;14.4;5.5;76.2;0.3569;0.0195;-0.3500;1.1500;21.6158;
882.82;0;0;0;62;53;53;53;53;53;60B;11F;3AC;3.2;22.8;146.5;14.4;5.5;76.2;0.3686;0.0183;-0.2250;0.7750;23.7332;
883.07;0;0;0;62;53;53;53;53;53;608;11F;3AC;3.2;23.5;162.0;14.4;5.5;76.2;0.3922;0.0225;-0.1750;0.9250;26.1933;
883.32;0;0;0;62;52;53;53;53;53;605;11F;3AC;3.2;23.5;172.0;14.4;5.5;76.2;0.4118;0.0255;-0.2250;1.1500;27.7562;
883.57;0;0;0;62;53;53;53;53;53;609;11F;3AC;3.2;23.5;198.0;14.4;5.5;76.2;0.4431;0.0276;-0.1250;1.3500;32.0348;
883.82;0;0;0;62;53;53;53;53;53;609;11F;3AC;3.2;23.8;212.5;14.4;5.5;76.2;0.4549;0.0286;0.0500;1.5250;34.3808;
884.07;0;0;0;62;53;54;53;54;53;609;11F;3AC;3.2;23.8;217.0;14.4;5.5;76.2;0.4588;0.0330;0.0750;1.8500;35.1089;
884.32;0;0;0;62;53;54;53;54;54;611;11F;3AC;3.2;24.6;218.0;14.4;5.5;76.2;0.4588;0.0322;0.1500;1.8250;35.4533;
884.57;0;0;0;62;53;54;54;54;54;616;11F;3AC;3.2;25.1;220.0;14.4;5.5;76.2;0.4667;0.0286;0.2000;1.5250;35.8937;
884.82;0;0;0;62;54;54;54;54;54;619;11D;3AC;3.2;25.1;222.0;14.4;5.5;76.2;0.4667;0.0258;0.3250;1.1750;36.2898;
885.08;0;0;0;62;54;55;54;55;55;627;11D;3AC;3.2;25.6;239.0;14.4;5.5;76.2;0.5059;0.0225;0.2500;1.1500;39.4191;
885.33;0;0;0;62;55;55;55;55;55;629;11D;3AC;3.2;25.6;252.5;14.4;5.5;76.2;0.5176;0.0211;0.4500;1.0500;41.6986;
885.58;0;0;0;62;55;55;55;56;56;631;11D;3AC;3.2;25.6;254.0;14.4;5.5;76.2;0.5216;0.0196;0.4750;1.0750;42.1591;
885.83;0;0;0;62;56;56;56;56;56;63E;11D;3AC;3.2;25.9;255.0;14.4;5.5;76.2;0.5216;0.0183;0.5000;0.7250;42.6723;
886.08;0;0;0;62;56;57;56;56;57;649;11D;3AC;3.2;25.9;256.5;14.4;5.5;76.2;0.5255;0.0148;0.5500;0.5250;43.2187;
886.33;0;0;0;62;57;58;57;57;57;653;11D;3AC;3.2;25.9;257.0;14.4;5.5;76.2;0.5294;0.0140;0.5500;0.5500;43.5721;
886.58;0;0;0;62;57;58;57;58;58;65E;11D;3AC;3.2;25.4;257.5;14.4;5.5;76.2;0.5294;0.0125;0.5500;0.5500;43.9535;
886.83;0;0;0;62;58;58;58;58;58;665;11D;3AC;3.2;25.4;257.0;14.4;5.5;76.2;0.5294;0.0092;0.6000;0.3250;44.0565;
887.08;0;0;0;62;59;59;59;59;59;675;11D;3AC;3.2;25.4;259.5;14.4;5.5;76.2;0.5412;0.0033;0.5750;0.1500;44.9199;
887.33;0;0;0;62;5A;5A;5A;5A;5A;680;11D;3AC;3.2;24.8;273.0;14.4;5.5;76.2;0.5686;0.0013;0.6500;-0.1750;47.5713;
887.58;0;0;0;62;5A;5A;5A;5A;5A;68B;11D;3AC;3.2;24.6;280.0;14.4;5.5;76.2;0.5922;0.0004;0.6500;-0.2750;49.1136;
887.83;0;0;0;62;5B;5B;5B;5B;5B;692;11D;3AC;3.2;24.6;280.5;14.4;5.5;76.2;0.5922;0.0004;0.6750;-0.1750;49.4069;
888.08;0;0;0;62;5B;5B;5B;5B;5C;6A2;11D;3AC;3.2;24.0;280.5;14.4;5.5;76.2;0.5882;0.0001;0.6000;0.0000;49.8769;
888.33;0;0;0;62;5C;5C;5C;5C;5D;6AD;11D;3AC;3.2;22.8;278.5;14.4;5.5;76.2;0.5882;-0.0013;0.7500;-0.1750;49.8420;
888.58;0;0;0;62;5D;5D;5D;5D;5D;6C2;11D;3AC;3.2;22.8;278.5;14.4;5.5;76.2;0.5804;-0.0020;0.7750;-0.1750;50.4545;
888.83;0;0;0;62;5E;5E;5E;5E;5E;6D5;11D;3AC;3.2;22.1;276.5;14.4;5.5;76.2;0.5804;-0.0023;0.8000;-0.1750;50.6423;
889.08;0;0;0;62;5E;5F;5E;5E;5F;6DD;11D;3AC;3.2;22.1;276.0;14.4;5.5;76.2;0.5804;-0.0015;0.7750;-0.3750;50.7820;
889.33;0;0;0;62;5F;5F;5F;5F;5F;6E6;11D;3AC;3.2;21.3;275.0;14.4;5.5;76.2;0.5804;-0.0011;0.7500;-0.3750;50.8571;
889.58;0;0;0;62;60;60;60;60;60;6F7;11D;3AC;3.2;20.8;274.5;14.4;5.5;76.2;0.5804;-0.0008;0.7750;-0.2500;51.2534;
889.83;0;0;0;62;61;61;61;61;61;704;11D;3AC;3.2;20.8;275.0;14.4;5.5;76.2;0.5804;-0.0004;0.7750;-0.0500;51.7211;
890.09;0;0;0;62;61;61;61;61;61;70F;11D;3AC;3.2;20.4;273.5;14.4;5.5;76.2;0.5765;-0.0004;0.7750;-0.2750;51.7540;
890.34;0;0;0;62;62;62;62;62;62;720;11D;3AC;3.2;20.0;271.0;14.4;5.5;76.2;0.5725;-0.0008;0.7750;-0.1250;51.7634;
890.59;0;0;0;62;63;63;63;63;63;72A;11D;3AC;3.2;20.0;270.0;14.4;5.5;76.2;0.5725;-0.0008;0.7750;-0.1250;51.8551;
890.84;0;0;0;62;63;64;64;64;64;73E;11D;3AC;3.2;19.7;270.5;14.4;5.5;76.2;0.5725;-0.0010;0.7500;-0.1250;52.5177;
891.09;0;0;0;62;64;64;64;64;64;746;11D;3AC;3.2;19.7;268.5;14.4;5.5;76.2;0.5686;-0.0034;0.6500;-0.2000;52.3543;
891.34;0;0;0;62;65;65;65;65;65;74E;11D;3AC;3.2;19.5;256.0;14.4;5.5;76.2;0.5098;0.0004;0.7250;-0.0500;50.1314;
891.59;0;0;0;62;65;66;65;65;66;756;11D;3AC;3.2;19.5;217.5;14.4;5.5;76.2;0.4314;0.0046;0.7000;0.3500;42.7744;
891.84;0;0;0;62;66;66;66;66;66;75E;11D;3AC;3.2;19.4;138.0;14.4;5.5;76.2;0.2824;0.0064;0.6500;0.3750;27.2552;
892.09;0;0;0;62;66;66;66;66;66;756;11D;3AC;3.2;19.4;-7.0;14.4;5.5;76.2;0.0000;0.0008;0.2500;0.3500;-1.3766;
892.34;0;0;0;62;65;66;65;65;66;755;11D;3AC;3.2;20.0;-33.5;14.4;5.5;76.2;0.0000;-0.0004;-0.1500;0.1250;-6.5847;
892.59;0;0;0;62;65;66;65;65;65;757;11D;3AC;3.2;21.1;-35.5;14.4;5.5;76.2;0.0000;-0.0043;-0.2250;-0.0250;-6.9853;
892.84;0;0;0;62;64;65;65;65;65;74A;11D;3AC;3.2;21.1;-35.5;14.4;5.5;76.2;0.0000;-0.0050;-0.2250;-0.2750;-6.9370;
893.09;0;0;0;62;64;64;64;64;65;744;11D;3AC;3.2;21.3;-35.5;14.4;5.5;76.2;0.0000;-0.0043;-0.4500;0.1000;-6.9146;
893.34;0;0;0;62;64;64;64;64;64;73E;11D;3AC;3.2;21.6;-35.5;14.4;5.5;76.2;0.0000;-0.0041;-0.4250;-0.0500;-6.8923;
893.59;0;0;0;62;64;64;64;64;64;739;11D;3AC;3.2;21.6;-35.5;14.4;5.5;76.2;0.0000;-0.0041;-0.4000;-0.1000;-6.8738;
893.84;0;0;0;62;63;63;63;63;64;735;11D;3AC;3.2;22.4;-35.5;14.4;5.5;76.2;0.0000;-0.0041;-0.3750;0.0250;-6.8589;
894.09;0;0;0;62;63;63;63;63;63;72D;11D;3AC;3.2;22.4;-35.5;14.4;5.5;76.2;0.0000;-0.0048;-0.3500;-0.0250;-6.8291;
894.34;0;0;0;62;62;62;62;62;63;725;11D;3AC;3.2;22.8;-35.0;14.4;5.5;76.2;0.0000;-0.0050;-0.4000;-0.1250;-6.7036;
894.59;0;0;0;62;62;62;62;62;63;720;11D;3AC;3.2;22.9;-35.0;14.4;5.5;76.2;0.0000;-0.0050;-0.4250;-0.1750;-6.6853;
894.84;0;0;0;62;62;62;62;62;62;71B;11D;3AC;3.2;22.9;-35.0;14.4;5.5;76.2;0.0000;-0.0059;-0.3500;-0.2000;-6.6670;
895.11;0;0;0;62;62;62;62;62;62;717;11D;3AC;3.2;23.4;-35.0;14.4;5.5;76.2;0.0000;-0.0076;-0.3250;-0.2250;-6.6523;
895.36;0;0;0;62;61;61;61;61;62;70E;11D;3AC;3.2;23.4;-35.0;14.4;5.5;76.2;0.0000;-0.0078;-0.3500;-0.4500;-6.6193;
895.61;0;0;0;62;61;61;61;61;62;70D;11D;3AC;3.2;23.9;-34.5;14.4;5.5;76.2;0.0000;-0.0080;-0.3250;-0.2000;-6.5212;
895.86;0;0;0;61;61;61;61;61;61;706;11D;3AC;3.2;23.9;-34.5;14.4;5.5;76.2;0.0000;-0.0075;-0.2750;-0.2500;-6.4959;
896.11;0;0;0;61;61;61;60;60;61;701;11D;3AC;3.2;23.9;-34.5;14.4;5.5;76.2;0.0000;-0.0068;-0.3250;-0.1000;-6.4778;
896.36;0;0;0;61;60;60;60;60;61;6FA;11D;3AC;3.2;23.9;-34.5;14.4;5.5;76.2;0.0000;-0.0063;-0.3500;-0.1750;-6.4525;
896.61;0;0;0;61;60;60;60;60;60;6F7;11D;3AC;3.2;23.9;-34.5;14.4;5.5;76.2;0.0000;-0.0063;-0.3250;-0.3250;-6.4417;
896.86;0;0;0;61;60;60;60;60;60;6F3;11D;3AC;3.2;23.2;-34.5;14.4;5.5;76.2;0.0000;-0.0056;-0.2500;0.0000;-6.4272;
897.11;0;0;0;61;60;5F;60;5F;60;6EE;11D;3AC;3.2;23.2;-34.0;14.4;5.5;76.2;0.0000;-0.0055;-0.2500;-0.0750;-6.3163;
897.36;0;0;0;61;5F;5F;5F;5F;60;6E6;11D;3AC;3.2;23.2;-34.5;14.4;5.5;76.2;0.0000;-0.0058;-0.2500;-0.0500;-6.3803;
897.61;0;0;0;61;5F;5F;5F;5F;5F;6E4;11D;3AC;3.2;23.4;-34.0;14.4;5.5;76.2;0.0000;-0.0062;-0.2750;-0.1500;-6.2807;
897.86;0;0;0;61;5F;5F;5E;5E;5F;6DD;11B;3AC;3.2;23.4;-34.0;14.4;5.5;76.2;0.0000;-0.0064;-0.3750;-0.3250;-6.2557;
898.11;0;0;0;61;5E;5E;5E;5E;5F;6D9;11B;3AC;3.2;23.2;-34.0;14.4;5.5;76.2;0.0000;-0.0063;-0.3750;-0.1750;-6.2415;
898.36;0;0;0;61;5E;5E;5E;5E;5E;6CE;11B;3AC;3.2;23.1;-34.0;14.4;5.5;76.2;0.0000;-0.0062;-0.3500;0.0000;-6.2023;
898.61;0;0;0;61;5E;5E;5E;5E;5E;6C7;11B;3AC;3.2;23.1;-34.0;14.4;5.5;76.2;0.0000;-0.0062;-0.4250;-0.3500;-6.1774;
898.86;0;0;0;61;5D;5D;5D;5D;5D;6C4;11B;3AC;3.2;23.1;-34.0;14.4;5.5;76.2;0.0000;-0.0111;-0.4000;-0.3500;-6.1667;
899.11;0;0;0;61;5D;5D;5D;5D;5D;6BC;11B;3AC;3.2;23.1;-34.0;14.4;5.5;76.2;0.0000;-0.0115;-0.3250;-0.5250;-6.1383;
899.36;0;0;0;61;5C;5C;5C;5C;5D;6B1;11B;3AC;3.2;23.1;-34.0;14.4;5.5;76.2;0.0000;-0.0105;-0.4250;-0.8500;-6.0991;
899.61;0;0;0;61;5C;5C;5C;5C;5C;6AF;11B;3AC;3.2;23.1;-34.0;14.4;5.5;76.2;0.0000;-0.0089;-0.4250;-0.4250;-6.0920;
899.86;0;0;0;61;5C;5C;5C;5C;5C;6A5;11B;3AC;3.2;22.7;-34.0;14.4;5.5;76.2;0.0000;-0.0055;-0.4000;-0.2250;-6.0564;
900.13;0;0;0;61;5B;5B;5B;5B;5C;6AF;11B;3AC;3.2;22.9;-2.0;14.4;5.5;76.2;0.1804;-0.0053;-0.4250;-0.1250;-0.3584;
900.38;0;0;0;61;5B;5B;5B;5B;5B;69F;11B;3AC;3.2;22.9;26.5;14.4;5.5;76.2;0.2039;-0.0053;-0.3750;0.0000;4.7037;
900.63;0;0;0;61;5B;5B;5B;5B;5B;69B;11B;3AC;3.2;23.2;45.5;14.4;5.5;76.2;0.2157;-0.0053;-0.2250;-0.2000;8.0572;
900.88;0;0;0;61;5B;5B;5B;5B;5B;697;11B;3AC;3.2;23.2;50.0;14.4;5.5;76.2;0.2157;-0.0053;-0.2000;-0.0250;8.8331;
901.13;0;0;0;61;5B;5B;5B;5B;5B;692;11B;3AC;3.2;22.8;52.0;14.4;5.5;76.2;0.2157;-0.0075;-0.1500;-0.1750;9.1592;
901.38;0;0;0;61;5B;5A;5B;5A;5B;696;11B;3AE;3.2;22.7;52.0;14.4;5.5;76.2;0.2157;-0.0093;-0.1750;-0.4000;9.1810;
901.63;0;0;0;61;5B;5A;5A;5A;5B;691;11B;3AC;3.2;22.7;52.0;14.4;5.5;76.2;0.2157;-0.0108;-0.2000;-0.3750;9.1538;
901.88;0;0;0;61;5B;5A;5A;5A;5B;68D;11B;3AC;3.2;22.9;53.0;14.4;5.5;76.2;0.2157;-0.0106;-0.2000;-0.5000;9.3076;
902.13;0;0;0;61;5A;5A;5A;5A;5A;689;11B;3AC;3.2;22.6;52.5;14.4;5.5;76.2;0.2157;-0.0095;-0.1750;-0.4250;9.1978;
902.38;0;0;0;61;5A;5A;5A;5A;5A;687;11B;3AC;3.2;22.6;52.0;14.4;5.5;76.2;0.2157;-0.0075;-0.1750;-0.1500;9.0993;
902.63;0;0;0;61;5A;5A;5A;5A;5A;684;11B;3AC;3.2;22.3;52.0;14.4;5.5;76.2;0.2157;-0.0051;-0.2250;-0.3250;9.0830;
902.88;0;0;0;60;5A;5A;5A;5A;5A;683;11B;3AC;3.2;22.3;52.5;14.4;5.5;76.2;0.2157;-0.0032;-0.1750;-0.0250;9.1648;
903.13;0;0;0;60;5A;5A;5A;5A;5A;67D;11B;3AC;3.2;22.4;51.5;14.4;5.5;76.2;0.2157;-0.0029;-0.2000;-0.1250;8.9579;
903.38;0;0;0;60;59;59;59;59;5A;67A;11B;3AC;3.2;22.7;51.5;14.4;5.5;76.2;0.2157;-0.0033;-0.2000;-0.0500;8.9417;
903.63;0;0;0;60;59;59;59;59;59;678;11B;3AC;3.2;22.7;52.0;14.4;5.5;76.2;0.2157;-0.0041;-0.2000;0.0250;9.0176;
903.88;0;0;0;60;59;59;59;59;59;674;11B;3AC;3.2;22.7;51.0;14.4;5.5;76.2;0.2157;-0.0071;-0.2000;0.0250;8.8228;
904.13;0;0;0;60;59;59;59;59;59;66A;11B;3AC;3.2;22.7;0.0;14.4;5.5;76.2;0.0000;-0.0093;-0.2000;-0.5500;0.0000;
904.38;0;0;0;60;58;58;58;58;59;65F;11B;3AC;3.2;22.7;-18.5;14.4;5.5;76.2;0.0000;-0.0118;-0.2250;-0.4000;-3.1598;
904.63;0;0;0;60;58;58;58;58;58;67A;11B;3AC;3.2;22.7;-0.5;14.4;5.5;76.2;0.1804;-0.0130;-0.3250;-0.7750;-0.0868;
904.88;0;0;0;60;58;58;58;58;58;663;11B;3AC;3.2;22.5;26.0;14.4;5.5;76.2;0.1961;-0.0171;-0.3250;-0.7500;4.4516;
905.14;0;0;0;60;58;58;58;57;58;65D;11B;3AC;3.2;22.1;40.5;14.4;5.5;76.2;0.2039;-0.0174;-0.2750;-1.2500;6.9088;
905.39;0;0;0;60;58;58;58;57;58;65C;11B;3AC;3.2;22.1;46.0;14.4;5.5;76.2;0.2157;-0.0177;-0.2750;-1.2000;7.8423;
905.64;0;0;0;60;57;57;57;57;58;658;11B;3AC;3.2;21.8;56.0;14.4;5.5;76.2;0.2353;-0.0177;-0.2250;-1.1750;9.5236;
905.89;0;0;0;60;57;57;57;57;58;658;11B;3AC;3.2;21.8;64.0;14.4;5.5;76.2;0.2471;-0.0177;-0.1500;-1.1000;10.8842;
906.14;0;0;0;60;57;57;57;57;58;656;11B;3AC;3.2;21.4;75.0;14.4;5.5;76.2;0.2588;-0.0174;-0.1250;-1.1250;12.7392;
906.39;0;0;0;60;57;57;57;57;57;651;11B;3AC;3.2;21.0;79.5;14.4;5.5;76.2;0.2667;-0.0173;-0.1750;-0.8500;13.4619;
906.64;0;0;0;60;57;57;57;57;57;654;11B;3AC;3.2;21.0;91.0;14.4;5.5;76.2;0.2902;-0.0174;-0.1250;-1.3000;15.4378;
906.89;0;0;0;60;58;57;57;57;58;659;11B;3AC;3.2;21.0;98.5;14.4;5.5;76.2;0.2980;-0.0178;0.0250;-1.1000;16.7617;
907.14;0;0;0;61;57;57;57;57;57;657;11B;3AC;3.2;20.5;106.0;14.4;5.5;76.2;0.3020;-0.0177;0.0000;-1.0750;18.0158;
907.39;0;0;0;61;57;57;57;57;58;655;11B;3AC;3.2;20.5;106.5;14.4;5.5;76.2;0.3020;-0.0174;0.0000;-1.1000;18.0785;
907.64;0;0;0;61;57;57;58;57;58;656;11B;3AC;3.2;19.7;105.0;14.4;5.5;76.2;0.2980;-0.0161;0.0500;-1.0000;17.8348;
907.89;0;0;0;61;58;57;58;57;58;65A;11B;3AC;3.2;19.7;106.0;14.4;5.5;76.2;0.3020;-0.0136;0.1000;-0.7000;18.0491;
908.14;0;0;0;61;57;57;58;57;58;65B;11B;3AC;3.2;19.5;105.0;14.4;5.5;76.2;0.2980;-0.0130;0.0000;-0.6500;17.8898;
908.39;0;0;0;61;58;58;58;57;58;65C;11B;3AC;3.2;19.5;105.0;14.4;5.5;76.2;0.2980;-0.0108;0.0500;-0.5250;17.9008;
908.64;0;0;0;61;58;57;58;58;58;65E;11B;3AC;3.2;19.5;105.0;14.4;5.5;76.2;0.2980;-0.0075;0.0500;-0.2500;17.9228;
908.89;0;0;0;61;57;57;57;58;58;65A;11B;3AC;3.2;19.5;106.0;14.4;5.5;76.2;0.2980;-0.0041;-0.0750;-0.1250;18.0491;
909.14;0;0;0;61;57;58;57;57;58;657;11B;3AC;3.2;19.1;81.5;14.4;5.5;76.2;0.1608;-0.0041;-0.0500;-0.1250;13.8518;
909.39;0;0;0;61;57;58;57;57;58;64E;11B;3AC;3.2;19.7;-11.0;14.4;5.5;76.2;0.0000;-0.0029;-0.1250;0.0000;-1.8592;
909.64;0;0;0;61;57;57;57;57;57;647;11B;3AC;3.2;19.7;-31.5;14.4;5.5;76.2;0.0000;-0.0010;-0.2500;0.0000;-5.3010;
909.89;0;0;0;61;56;56;56;56;57;642;11B;3AC;3.2;20.2;-33.5;14.4;5.5;76.2;0.0000;0.0028;-0.4250;0.0750;-5.6200;
910.16;0;0;0;61;56;56;56;56;56;63D;11B;3AC;3.2;20.7;-33.5;14.4;5.5;76.2;0.0000;0.0028;-0.5000;0.2750;-5.6025;
910.41;0;0;0;61;56;56;55;55;56;635;11B;3AC;3.2;20.7;-33.5;14.4;5.5;76.2;0.0000;0.0028;-0.5000;0.2250;-5.5744;
910.66;0;0;0;61;55;55;55;55;55;632;11B;3AC;3.2;21.5;-12.0;14.4;5.5;76.2;0.1569;0.0034;-0.5000;0.2500;-1.9930;
910.91;0;0;0;61;55;55;55;55;55;635;11B;3AC;3.2;22.1;12.5;14.4;5.5;76.2;0.1608;0.0034;-0.4500;0.3750;2.0800;
911.16;0;0;0;61;54;54;54;54;55;61F;11B;3AC;3.2;22.1;22.5;14.4;5.5;76.2;0.1608;0.0038;-0.4000;0.2500;3.6922;
911.41;0;0;0;61;54;54;54;54;54;61B;11B;3AC;3.2;22.7;24.0;14.4;5.5;76.2;0.1608;0.0038;-0.3750;0.4250;3.9282;
911.66;0;0;0;61;54;54;54;54;54;616;11B;3AC;3.2;22.7;24.0;14.4;5.5;76.2;0.1608;0.0038;-0.3500;0.3500;3.9157;
911.91;0;0;0;61;54;54;53;54;54;60F;11B;3AC;3.2;23.3;24.5;14.4;5.5;76.2;0.1608;0.0038;-0.3500;0.2750;3.9793;
912.16;0;0;0;61;53;53;53;53;54;609;11B;3AC;3.2;23.3;24.5;14.4;5.5;76.2;0.1608;0.0037;-0.3500;0.3250;3.9639;
912.41;0;0;0;61;53;53;53;53;53;606;11B;3AC;3.2;24.0;14.5;14.4;5.5;76.2;0.0000;0.0037;-0.3500;0.3500;2.3414;
912.66;0;0;0;61;52;53;52;52;53;5F8;11B;3AC;3.2;24.0;-20.5;14.4;5.5;76.2;0.0000;0.0038;-0.3750;0.2750;-3.2802;
912.91;0;0;0;61;52;52;52;52;52;5F5;11B;3AC;3.2;24.3;-31.5;14.4;5.5;76.2;0.0000;0.0038;-0.4250;0.4500;-5.0305;
913.16;0;0;0;61;51;52;51;52;52;5EC;11B;3AC;3.2;24.8;-32.0;14.4;5.5;76.2;0.0000;0.0037;-0.4750;0.0750;-5.0802;
913.41;0;0;0;61;51;51;51;51;52;5E9;11B;3AC;3.2;24.8;-32.5;14.4;5.5;76.2;0.0000;0.0025;-0.4750;0.1750;-5.1493;
913.66;0;0;0;61;51;51;51;51;51;5DD;11B;3AC;3.2;25.3;-32.5;14.4;5.5;76.2;0.0000;-0.0018;-0.4750;0.0750;-5.1085;
913.91;0;0;0;61;50;50;50;50;51;5D6;119;3AC;3.2;25.2;-32.5;14.4;5.5;76.2;0.0000;-0.0043;-0.5000;0.0250;-5.0847;
914.16;0;0;0;61;50;50;50;50;50;5D1;119;3AC;3.2;25.2;-32.0;14.4;5.5;76.2;0.0000;-0.0075;-0.4500;-0.4000;-4.9897;
914.41;0;0;0;61;50;50;50;50;50;5CA;119;3AC;3.2;24.9;-32.0;14.4;5.5;76.2;0.0000;-0.0075;-0.3750;-0.2250;-4.9662;
914.66;0;0;0;61;4F;4F;4F;4F;50;5C3;119;3AC;3.2;24.9;-32.0;14.4;5.5;76.2;0.0000;-0.0089;-0.4250;-0.2500;-4.9428;
914.91;0;0;0;61;4F;4F;4F;4F;4F;5BE;119;3AC;3.2;24.8;-32.0;14.4;5.5;76.2;0.0000;-0.0108;-0.4500;-0.2500;-4.9260;
915.17;0;0;0;61;4F;4F;4F;4F;4F;5B4;119;3AC;3.2;24.6;-32.0;14.4;5.5;76.2;0.0000;-0.0115;-0.3500;-0.4000;-4.8925;
915.42;0;0;0;61;4E;4E;4E;4E;4E;5AF;119;3AC;3.2;24.6;-32.5;14.4;5.5;76.2;0.0000;-0.0148;-0.2750;-0.4500;-4.9519;
915.67;0;0;0;61;4E;4E;4E;4E;4E;5A9;119;3AC;3.2;24.5;-33.0;14.4;5.5;76.2;0.0000;-0.0155;-0.2750;-0.5750;-5.0074;
915.92;0;0;0;61;4E;4E;4E;4E;4E;5A5;119;3AC;3.2;24.2;-33.5;14.4;5.5;76.2;0.0000;-0.0163;-0.3250;-1.0250;-5.0692;
916.17;0;0;0;61;4E;4D;4E;4D;4E;5A0;119;3AC;3.2;24.2;-33.0;14.5;5.5;76.2;0.0000;-0.0166;-0.3250;-0.4250;-4.9763;
916.42;0;0;0;61;4D;4D;4D;4D;4D;59C;119;3AC;3.2;24.2;-33.5;14.5;5.5;76.2;0.0000;-0.0174;-0.3250;-1.0000;-5.0376;
916.67;0;0;0;61;4D;4D;4D;4D;4D;594;119;3AC;3.2;23.6;-33.5;14.5;5.5;76.2;0.0000;-0.0182;-0.3250;-0.7000;-5.0096;
916.92;0;0;0;61;4D;4C;4D;4C;4D;590;119;3AC;3.2;23.5;-33.5;14.5;5.5;76.2;0.0000;-0.0185;-0.3250;-0.9000;-4.9956;
917.17;0;0;0;61;4C;4C;4C;4C;4D;58A;119;3AC;3.2;23.5;-33.5;14.5;5.5;76.2;0.0000;-0.0174;-0.2750;-1.0500;-4.9745;
917.42;0;0;0;61;4C;4C;4C;4C;4C;589;119;3AC;3.2;22.9;-33.5;14.5;5.5;76.2;0.0000;-0.0174;-0.2250;-0.7750;-4.9710;
917.67;0;0;0;61;4C;4C;4C;4C;4C;586;119;3AC;3.2;22.9;-33.5;14.5;5.5;76.2;0.0000;-0.0096;-0.2000;-0.5750;-4.9605;
917.92;0;0;0;61;4C;4C;4C;4C;4C;583;119;3AC;3.2;22.1;-33.5;14.5;5.5;76.2;0.0000;-0.0037;-0.2000;-0.1000;-4.9499;
918.17;0;0;0;61;4B;4C;4C;4B;4C;57D;119;3AC;3.2;22.3;-33.5;14.5;5.5;76.2;0.0000;-0.0018;-0.1750;0.1500;-4.9289;
918.42;0;0;0;61;4C;4C;4C;4B;4C;57D;119;3AC;3.2;22.3;-33.5;14.5;5.5;76.2;0.0000;-0.0023;-0.1500;0.2000;-4.9289;
918.67;0;0;0;61;4B;4B;4B;4C;4C;579;119;3AC;3.2;22.6;-33.5;14.5;5.5;76.2;0.0000;-0.0018;-0.1000;-0.1750;-4.9149;
918.92;0;0;0;61;4B;4B;4B;4B;4B;577;119;3AC;3.2;22.5;-33.5;14.5;5.5;76.2;0.0000;-0.0016;-0.1500;0.0000;-4.9078;
919.17;0;0;0;61;4B;4B;4B;4B;4B;577;119;3AC;3.2;22.5;-33.0;14.5;5.5;76.2;0.0000;-0.0011;-0.1000;0.1500;-4.8346;
919.42;0;0;0;61;4B;4B;4B;4B;4B;577;119;3AC;3.2;22.6;-33.0;14.5;5.5;76.2;0.0000;-0.0007;-0.0750;0.1750;-4.8346;
919.67;0;0;0;61;4B;4B;4B;4B;4B;577;119;3AC;3.2;22.6;-33.0;14.5;5.5;76.2;0.0000;0.0013;-0.0500;0.0000;-4.8346;
919.92;0;0;0;61;4B;4B;4B;4B;4B;575;119;3AC;3.2;22.8;-33.0;14.5;5.5;76.2;0.0000;0.0020;-0.0750;0.3250;-4.8277;
920.18;0;0;0;61;4B;4B;4B;4B;4B;573;119;3AC;3.2;23.3;-33.0;14.5;5.5;76.2;0.0000;0.0023;-0.0750;0.0000;-4.8208;
920.43;0;0;0;60;4B;4B;4B;4B;4B;575;119;3AC;3.2;23.3;-33.0;14.5;5.5;76.2;0.0000;0.0028;0.0250;0.1750;-4.8277;
920.68;0;0;0;60;4B;4B;4B;4B;4B;576;119;3AC;3.2;23.3;-33.0;14.5;5.5;76.2;0.0000;0.0029;0.0500;0.0750;-4.8311;
920.93;0;0;0;60;4B;4B;4B;4B;4B;574;119;3AC;3.2;23.5;-33.0;14.5;5.5;76.2;0.0000;0.0029;0.0000;0.1000;-4.8242;
921.18;0;0;0;60;4B;4B;4B;4B;4B;572;119;3AC;3.2;23.7;-33.0;14.5;5.5;76.2;0.0000;0.0029;-0.0500;0.0750;-4.8173;
921.43;0;0;0;60;4B;4B;4B;4B;4B;573;119;3AC;3.2;23.7;-33.0;14.5;5.5;76.2;0.0000;0.0029;-0.0500;0.1750;-4.8208;
921.68;0;0;0;60;4B;4B;4B;4B;4B;570;119;3AC;3.2;24.6;-33.0;14.5;5.5;76.2;0.0000;-0.0001;-0.1000;0.0500;-4.8104;
921.93;0;0;0;60;4B;4B;4B;4B;4B;56E;119;3AC;3.2;24.8;-33.0;14.5;5.5;76.2;0.0000;-0.0034;-0.1000;-0.2250;-4.8035;
922.18;0;0;0;60;4B;4B;4B;4B;4B;56F;119;3AC;3.2;24.8;-33.0;14.5;5.5;76.2;0.0000;-0.0013;-0.0750;-0.1500;-4.8070;
922.43;0;0;0;60;4B;4B;4B;4B;4B;56E;119;3AC;3.2;24.6;-33.0;14.5;5.5;76.2;0.0000;0.0007;0.0000;0.0000;-4.8035;
922.68;0;0;0;60;4B;4B;4B;4B;4B;56C;119;3AC;3.2;24.6;-33.0;14.5;5.5;76.2;0.0000;0.0029;-0.0250;0.0750;-4.7966;
922.93;0;0;0;60;4A;4B;4B;4B;4B;569;119;3AC;3.2;24.5;-33.0;14.5;5.5;76.2;0.0000;0.0038;-0.1250;0.1250;-4.7862;
923.18;0;0;0;60;4A;4B;4A;4A;4B;569;119;3AC;3.2;24.6;-33.0;14.5;5.5;76.2;0.0000;0.0034;-0.1250;0.1750;-4.7862;
923.43;0;0;0;60;4A;4A;4A;4B;4B;569;119;3AC;3.2;24.6;-33.0;14.5;5.5;76.2;0.0000;0.0020;-0.0750;0.1250;-4.7862;
923.68;0;0;0;60;4A;4A;4A;4A;4B;568;119;3AC;3.2;24.8;-33.0;14.5;5.5;76.2;0.0000;0.0025;-0.0250;0.0000;-4.7828;
923.93;0;0;0;60;4A;4A;4A;4A;4A;564;119;3AC;3.2;24.6;-33.0;14.5;5.5;76.2;0.0000;0.0028;-0.0750;-0.1250;-4.7689;
924.18;0;0;0;60;4A;4A;4A;4A;4A;563;119;3AC;3.2;24.6;-33.0;14.5;5.5;76.2;0.0000;0.0020;-0.1000;0.0000;-4.7655;
924.43;0;0;0;60;4A;4A;4A;4A;4A;561;119;3AC;3.2;24.5;-33.0;14.5;5.5;76.2;0.0000;0.0015;-0.1000;-0.0500;-4.7586;
924.68;0;0;0;60;4A;4A;4A;4A;4A;560;119;3AC;3.2;24.5;-33.0;14.5;5.5;76.2;0.0000;0.0015;-0.1000;-0.0500;-4.7551;
924.93;0;0;0;60;4A;4A;4A;4A;4A;55F;119;3AC;3.2;24.6;-33.0;14.5;5.5;76.2;0.0000;0.0018;-0.1000;0.0250;-4.7517;
925.20;0;0;0;60;4A;4A;4A;4A;4A;55D;119;3AC;3.2;24.6;-33.0;14.5;5.5;76.2;0.0000;0.0020;-0.0750;-0.1250;-4.7447;
925.45;0;0;0;60;49;4A;4A;4A;4A;558;119;3AC;3.2;24.4;-33.0;14.5;5.5;76.2;0.0000;0.0023;-0.1250;0.0250;-4.7275;
925.70;0;0;0;60;49;4A;49;4A;4A;556;119;3AC;3.2;24.4;-33.0;14.5;5.5;76.2;0.0000;0.0023;-0.1250;-0.1250;-4.7206;
925.95;0;0;0;60;49;49;49;4A;4A;555;119;3AC;3.1;24.0;-32.5;14.5;5.5;76.2;0.0000;0.0025;-0.1500;-0.1000;-4.6456;
926.20;0;0;0;60;49;49;49;49;49;553;119;3AC;3.1;24.2;-33.0;14.5;5.5;76.2;0.0000;0.0025;-0.1250;-0.1750;-4.7102;
926.45;0;0;0;60;49;49;49;49;49;551;119;3AC;3.1;24.2;-32.5;14.5;5.5;76.2;0.0000;0.0025;-0.1000;-0.1750;-4.6320;
926.70;0;0;0;60;49;49;49;49;49;54D;119;3AC;3.1;24.1;-32.5;14.5;5.5;76.2;0.0000;0.0038;-0.1250;-0.1250;-4.6184;
926.95;0;0;0;60;49;49;49;49;49;54B;119;3AC;3.1;24.1;-32.5;14.5;5.5;76.2;0.0000;0.0045;-0.1750;-0.0500;-4.6116;
927.20;0;0;0;60;49;49;49;49;49;546;119;3AC;3.1;24.1;-32.5;14.5;5.5;76.2;0.0000;0.0048;-0.1750;-0.0250;-4.5946;
927.45;0;0;0;5F;48;48;48;49;49;543;119;3AC;3.1;24.2;-32.5;14.5;5.5;76.2;0.0000;0.0053;-0.2000;0.0000;-4.5844;
927.70;0;0;0;5F;48;49;48;48;49;542;119;3AC;3.1;24.2;-32.5;14.5;5.5;76.2;0.0000;0.0055;-0.1750;-0.1500;-4.5810;
927.95;0;0;0;5F;48;48;48;48;48;53F;119;3AC;3.1;23.9;-32.5;14.5;5.5;76.2;0.0000;0.0055;-0.1250;0.1000;-4.5708;
928.20;0;0;0;5F;48;48;48;48;48;53D;119;3AC;3.2;23.9;-32.5;14.5;5.5;76.2;0.0000;0.0051;-0.1000;-0.0250;-4.5639;
928.45;0;0;0;5F;48;48;48;48;48;53B;119;3AE;3.2;23.9;-32.5;14.5;5.5;76.2;0.0000;0.0045;-0.0750;0.0250;-4.5571;
928.70;0;0;0;5F;48;48;48;48;48;53A;119;3AC;3.2;24.0;-32.5;14.5;5.5;76.2;0.0000;0.0045;-0.0500;0.0000;-4.5537;
928.95;0;0;0;5F;48;48;48;48;48;536;119;3AC;3.2;24.0;-32.5;14.5;5.5;76.2;0.0000;0.0032;-0.1000;0.0000;-4.5401;
929.20;0;0;0;5F;48;48;48;48;48;534;119;3AC;3.2;23.9;-32.5;14.5;5.5;76.2;0.0000;0.0028;-0.1250;-0.1250;-4.5333;
929.45;0;0;0;5F;47;47;48;47;48;533;119;3AC;3.2;23.9;-32.5;14.5;5.5;76.2;0.0000;0.0016;-0.1500;-0.2250;-4.5299;
929.70;0;0;0;5F;47;48;47;48;48;532;119;3AC;3.2;24.0;-32.5;14.5;5.5;76.2;0.0000;-0.0007;-0.1500;-0.2750;-4.5265;
929.95;0;0;0;5F;47;47;47;47;48;52F;118;3AC;3.2;23.9;-32.5;14.5;5.5;76.2;0.0000;-0.0013;-0.1500;-0.2750;-4.5163;
930.21;0;0;0;5F;47;47;47;47;48;52E;118;3AE;3.2;23.9;-32.5;14.5;5.5;76.2;0.0000;-0.0025;-0.1000;-0.4000;-4.5129;
930.46;0;0;0;5F;47;47;47;47;47;52D;118;3AE;3.2;23.8;-32.5;14.5;5.5;76.2;0.0000;-0.0025;-0.1000;-0.3250;-4.5095;
930.71;0;0;0;5F;47;47;47;47;47;52C;118;3AE;3.2;23.8;-32.5;14.5;5.5;76.2;0.0000;-0.0025;-0.0500;-0.2500;-4.5061;
930.96;0;0;0;5F;47;47;47;47;47;529;118;3AC;3.2;23.8;-32.5;14.5;5.5;76.2;0.0000;-0.0021;-0.0750;-0.4000;-4.4959;
931.21;0;0;0;5F;47;47;47;47;47;528;118;3AE;3.2;23.7;-32.5;14.5;5.5;76.2;0.0000;-0.0016;-0.0750;-0.4250;-4.4925;
931.46;0;0;0;5F;47;47;47;47;47;528;118;3AE;3.2;23.7;-32.5;14.5;5.5;76.2;0.0000;0.0001;0.0000;-0.4250;-4.4925;
931.71;0;0;0;5F;47;47;47;47;47;527;118;3AE;3.2;23.5;-32.5;14.5;5.5;76.2;0.0000;0.0011;-0.0250;-0.3750;-4.4891;
931.96;0;0;0;5F;47;47;47;47;47;524;118;3AC;3.2;23.5;-32.5;14.5;5.5;76.2;0.0000;0.0016;-0.0750;-0.0750;-4.4789;
932.21;0;0;0;5F;47;46;47;47;47;525;118;3AE;3.2;23.5;-32.5;14.5;5.5;76.2;0.0000;0.0011;-0.0750;-0.2000;-4.4823;
932.46;1;0;0;5F;47;47;47;47;47;471;118;3AE;3.2;23.5;-30.5;14.5;5.5;76.2;0.1294;0.0011;0.0000;-0.1500;-3.6315;
932.71;1;0;0;5F;47;47;47;47;47;58B;118;3AE;3.2;23.4;91.5;14.5;5.5;76.2;0.4471;0.0015;0.1000;-0.1500;13.5967;
932.96;1;0;0;5F;47;47;47;47;47;74A;118;3AE;3.2;23.4;-25.0;14.5;5.5;76.2;0.0000;0.0013;0.1000;0.0250;-4.8852;
933.21;1;0;0;5F;47;47;47;47;48;6F7;118;3AE;3.2;23.4;-30.0;14.5;5.5;76.2;0.0000;0.0015;0.1250;-0.2000;-5.6015;
933.46;1;0;0;5F;47;47;47;47;48;645;118;3AE;3.2;23.2;-35.5;14.5;5.5;76.2;0.0000;0.0025;0.0750;-0.0250;-5.9667;
933.71;0;0;0;5F;47;47;47;47;48;650;118;3AE;3.2;23.2;-36.0;14.5;5.5;76.2;0.0000;0.0026;0.0000;-0.0250;-6.0922;
933.96;0;0;0;5F;47;47;47;47;48;650;118;3AE;3.2;23.2;-36.0;14.5;5.5;76.2;0.0000;0.0026;0.0000;-0.1000;-6.0922;
934.21;0;0;0;5F;47;47;47;47;47;64E;118;3AE;3.2;23.4;-36.0;14.5;5.5;76.2;0.0000;0.0008;-0.0250;-0.2000;-6.0846;
934.46;0;0;0;5F;47;47;47;47;48;64C;118;3AE;3.2;23.4;-36.0;14.5;5.5;76.2;0.0000;-0.0023;-0.0250;-0.2500;-6.0771;
934.71;0;0;0;5F;48;47;47;47;48;64E;118;3AE;3.2;23.4;-36.0;14.5;5.5;76.2;0.0000;-0.0020;0.0000;-0.6500;-6.0846;
934.96;1;0;0;5F;47;47;47;47;48;61E;118;3AE;3.2;23.4;-35.5;14.5;5.5;76.2;0.0000;-0.0013;-0.0500;-0.3750;-5.8217;
935.22;1;0;0;5F;47;48;47;48;48;544;118;3AE;3.2;23.4;9.0;14.5;5.5;76.2;0.3961;-0.0007;0.0250;-0.2500;1.2705;
935.47;1;0;0;5F;47;47;47;47;48;706;118;3AE;3.2;23.4;93.0;14.5;5.5;76.2;0.5216;0.0013;0.0000;-0.0250;17.5106;
935.72;1;0;0;5E;48;48;48;48;48;78A;118;3AE;3.2;23.4;-29.5;14.5;5.5;76.2;0.0000;0.0020;0.0750;-0.3500;-5.9622;
935.97;1;0;0;5E;47;48;47;48;48;79B;118;3AE;3.2;23.4;-39.5;14.5;5.5;76.2;0.0000;0.0025;0.1250;-0.0500;-8.0536;
936.22;0;0;0;5E;47;47;47;47;48;7DD;118;3AE;3.2;23.5;-41.5;14.5;5.5;76.2;0.0000;0.0033;-0.0250;0.0000;-8.7482;
936.47;0;0;0;5E;47;47;47;47;48;7DE;118;3AE;3.2;23.5;-41.5;14.5;5.5;76.2;0.0000;0.0037;-0.1000;-0.2750;-8.7526;
936.72;0;0;0;5E;47;47;47;47;48;7DA;118;3AE;3.2;23.5;-41.0;14.5;5.5;76.2;0.0000;0.0038;-0.0750;-0.0250;-8.6300;
936.97;0;0;0;5E;47;47;47;47;48;7DA;118;3AE;3.2;23.5;-41.0;14.5;5.5;76.2;0.0000;0.0041;-0.0750;-0.1000;-8.6300;
937.22;0;0;0;5E;47;47;47;47;47;7D7;118;3AE;3.2;23.5;-40.5;14.5;5.5;76.2;0.0000;0.0051;-0.1000;-0.0500;-8.5120;
937.47;0;0;0;5E;47;47;47;47;47;7D8;118;3AE;3.2;23.5;-41.0;14.5;5.5;76.2;0.0000;0.0076;-0.1000;0.1250;-8.6214;
937.72;0;0;0;5E;47;47;47;47;47;7D8;118;3AE;3.2;23.8;-40.5;14.5;5.5;76.2;0.0000;0.0083;-0.0750;0.0000;-8.5162;
937.97;0;0;0;5E;47;47;47;47;47;7D4;118;3AE;3.2;23.9;-40.5;14.5;5.5;76.2;0.0000;0.0086;-0.1250;0.0750;-8.4993;
938.22;0;0;0;5E;47;47;47;47;47;7D3;118;3AE;3.2;23.9;-40.5;14.5;5.5;76.2;0.0000;0.0085;-0.1250;0.0250;-8.4950;
938.47;0;0;0;5E;47;47;47;47;47;7D4;118;3AE;3.2;23.9;-40.5;14.5;5.5;76.2;0.0000;0.0071;-0.0500;0.2500;-8.4993;
938.72;0;0;0;5E;47;47;47;47;47;7CF;118;3AE;3.2;24.2;-40.5;14.5;5.5;76.2;0.0000;0.0045;-0.0750;0.0250;-8.4781;
938.97;0;0;0;5E;47;47;47;47;47;7CE;118;3AE;3.2;24.2;-40.5;14.5;5.5;76.2;0.0000;0.0038;-0.1000;-0.2000;-8.4738;
939.22;0;0;0;5E;47;47;47;47;47;7CC;118;3AE;3.2;24.2;-40.5;14.5;5.5;76.2;0.0000;0.0032;-0.0500;0.0000;-8.4653;
939.47;0;1;0;5D;46;47;46;46;47;7C5;118;3AE;3.2;24.2;-40.5;14.5;5.5;76.2;0.0000;0.0058;0.5000;-0.0250;-8.4356;
939.72;0;1;0;5D;46;46;46;46;46;7BB;118;3AE;3.2;24.4;-40.5;14.5;5.5;76.2;0.0000;0.0068;0.1250;0.5250;-8.3932;
939.97;0;0;0;5D;46;46;46;46;46;7B8;118;3AE;3.2;24.7;-40.5;14.5;5.5;76.2;0.0000;0.0105;-0.4250;0.2000;-8.3805;
940.23;0;1;0;5D;45;46;45;45;46;7A6;118;3AE;3.2;24.7;-40.0;14.5;5.5;76.2;0.0000;0.0119;-0.5000;0.4000;-8.2017;
940.48;0;1;0;5D;45;45;45;45;45;79C;118;3AE;3.2;24.8;-39.5;14.5;5.5;76.2;0.0000;0.0126;-0.4500;0.1000;-8.0578;
940.73;0;1;0;5D;44;44;44;44;44;783;118;3AE;3.2;25.4;-39.0;14.5;5.5;76.2;0.0000;0.0143;-0.5500;0.3250;-7.8537;
940.98;0;1;0;5D;43;44;43;44;44;76E;118;3AE;3.2;25.4;-39.0;14.5;5.5;76.2;0.0000;0.0147;-0.7750;0.2750;-7.7679;
941.23;0;1;0;5D;43;43;43;43;43;75B;118;3AE;3.2;26.0;-38.5;14.5;5.5;76.2;0.0000;0.0143;-0.6500;0.3750;-7.5917;
941.48;0;1;0;5D;42;42;42;42;42;749;118;3AE;3.2;26.0;-38.5;14.5;5.5;76.2;0.0000;0.0119;-0.6000;0.3250;-7.5191;
941.73;0;1;0;5D;41;41;41;41;42;730;118;3AE;3.2;26.3;-38.0;14.5;5.5;76.2;0.0000;0.0096;-0.8000;0.1500;-7.3220;
941.98;0;1;0;5D;41;41;41;41;41;721;118;3AE;3.2;26.3;-37.5;14.5;5.5;76.2;0.0000;0.0073;-0.9000;0.0500;-7.1668;
942.23;0;1;0;5D;40;40;40;40;40;708;118;3AE;3.2;26.8;-37.0;14.5;5.5;76.2;0.0000;0.0058;-0.9000;-0.0250;-6.9743;
942.48;0;1;0;5D;3F;3F;3F;3F;3F;6F6;118;3AE;3.2;26.8;-37.0;14.5;5.5;76.2;0.0000;0.0038;-1.1000;-0.1500;-6.9046;
942.73;0;1;0;5D;3E;3F;3E;3E;3E;6DB;118;3AE;3.2;27.0;-36.5;14.5;5.5;76.2;0.0000;0.0032;-0.8000;-0.1500;-6.7081;
942.98;0;1;0;5D;3D;3E;3E;3E;3E;6CA;118;3AE;3.2;26.9;-36.5;14.5;5.5;76.2;0.0000;0.0033;-0.8000;-0.1250;-6.6431;
943.23;0;1;0;5D;3D;3D;3D;3D;3D;6BD;118;3AE;3.2;26.9;-36.0;14.5;5.5;76.2;0.0000;0.0051;-0.4500;-0.0750;-6.5031;
943.48;0;1;0;5D;3D;3D;3D;3D;3D;6B7;118;3AE;3.2;27.5;-36.0;14.5;5.5;76.2;0.0000;0.0070;-0.4500;-0.1250;-6.4805;
943.73;0;1;0;5D;3C;3C;3C;3C;3C;69E;118;3AE;3.2;27.4;-36.0;14.5;5.5;76.2;0.0000;0.0083;-0.5250;-0.1750;-6.3862;
943.98;0;1;0;5D;3B;3C;3C;3C;3C;694;118;3AE;3.2;27.4;-36.0;14.5;5.5;76.2;0.0000;0.0096;-0.4500;0.0250;-6.3485;
944.23;0;1;0;5D;3B;3B;3B;3B;3B;681;118;3AE;3.2;27.6;-36.0;14.5;5.5;76.2;0.0000;0.0113;-0.8000;-0.0250;-6.2769;
944.48;0;1;0;5D;3A;3B;3A;3A;3B;66D;118;3AE;3.2;27.6;-36.0;14.5;5.5;76.2;0.0000;0.0101;-0.7250;-0.0250;-6.2015;
944.73;0;1;0;5D;39;3A;39;3A;3A;65E;118;3AE;3.2;27.9;-35.5;14.5;5.5;76.2;0.0000;0.0092;-0.7250;0.0750;-6.0596;
944.98;0;1;0;5D;39;39;39;39;39;64E;118;3AE;3.2;27.5;-35.5;14.5;5.5;76.2;0.0000;0.0071;-0.8500;-0.1500;-6.0001;
945.25;0;1;0;5D;38;38;38;38;38;636;118;3AE;3.2;27.5;-35.5;14.5;5.5;76.2;0.0000;0.0059;-0.4750;-0.1250;-5.9109;
945.50;0;1;0;5D;37;37;37;38;38;629;118;3AE;3.2;27.2;-35.5;14.5;5.5;76.2;0.0000;0.0038;-0.9000;-0.0250;-5.8626;
945.75;0;1;0;5D;37;37;37;37;37;611;118;3AE;3.2;27.2;-35.0;14.5;5.5;76.2;0.0000;0.0029;-0.6000;-0.1750;-5.6920;
946.00;0;1;0;5D;36;36;36;36;37;608;118;3AE;3.2;27.2;-35.0;14.5;5.5;76.2;0.0000;0.0028;-0.6500;-0.0250;-5.6591;
946.25;0;1;0;5D;36;36;36;36;36;5FB;118;3AE;3.2;27.2;-35.0;14.5;5.5;76.2;0.0000;0.0026;0.1500;-0.3250;-5.6114;
946.50;0;1;0;5D;36;35;35;36;36;5F2;118;3B0;3.2;26.8;-34.5;14.5;5.5;76.2;0.0000;0.0015;-0.7000;-0.1750;-5.4987;
946.75;0;0;0;5D;36;36;36;36;36;5EE;118;3B0;3.2;26.7;-35.0;14.5;5.5;76.2;0.0000;0.0004;0.2750;-0.4250;-5.5638;
947.00;0;0;0;5D;36;36;35;36;36;5ED;118;3AE;3.2;26.7;-34.5;14.5;5.5;76.2;0.0000;0.0004;0.1250;-0.5000;-5.4807;
947.25;0;1;0;5D;35;36;36;36;36;5EE;118;3B0;3.2;26.4;-35.0;14.5;5.5;76.2;0.0000;0.0001;-0.0750;-0.4500;-5.5638;
947.50;0;1;0;5D;35;35;35;35;36;5E5;118;3B0;3.2;25.9;-34.5;14.5;5.5;76.2;0.0000;-0.0007;-0.6500;-0.3250;-5.4518;
947.75;0;1;0;5D;35;35;35;35;35;5DE;118;3B0;3.2;25.9;-34.5;14.5;5.5;76.2;0.0000;-0.0011;-0.5250;-0.2750;-5.4265;
948.00;0;1;0;5D;34;34;34;34;34;5C9;118;3B0;3.2;26.2;-34.5;14.5;5.5;76.2;0.0000;-0.0015;-0.6000;-0.2000;-5.3506;
948.25;0;1;0;5D;34;34;34;34;34;5BF;118;3B0;3.2;26.2;-34.0;14.5;5.5;76.2;0.0000;-0.0015;-1.1250;-0.2250;-5.2375;
948.50;0;1;0;5D;33;33;33;33;34;5AE;118;3B0;3.2;25.9;-34.0;14.5;5.5;76.2;0.0000;-0.0021;-0.5750;0.0000;-5.1769;
948.75;0;1;0;5D;33;33;33;33;33;59D;118;3B0;3.2;25.7;-34.0;14.5;5.5;76.2;0.0000;-0.0021;-0.7250;-0.1000;-5.1164;
949.00;0;1;0;5D;32;32;32;32;32;597;118;3B0;3.2;25.7;-34.0;14.5;5.5;76.2;0.0000;-0.0021;-0.7750;-0.1750;-5.0950;
949.25;0;1;0;5D;32;32;32;32;32;592;118;3B0;3.2;25.8;-33.5;14.5;5.5;76.2;0.0000;-0.0041;0.2000;-0.1750;-5.0026;
949.50;0;0;0;5D;32;33;32;32;32;597;118;3B0;3.2;25.8;-33.5;14.5;5.5;76.2;0.0000;-0.0041;0.2500;0.0750;-5.0201;
949.75;0;0;0;5D;33;33;33;33;33;5A4;118;3B0;3.2;25.3;-34.0;14.5;5.5;76.2;0.0000;-0.0043;0.2000;-0.2500;-5.1413;
950.00;0;0;0;5D;33;33;33;33;33;5A2;118;3B0;3.2;25.3;-34.0;14.5;5.5;76.2;0.0000;-0.0034;0.2250;0.0500;-5.1342;
950.26;0;1;0;5D;33;33;33;33;33;5AC;118;3B0;3.2;24.8;-34.0;14.5;5.5;76.2;0.0000;0.0015;0.1000;-0.0250;-5.1698;
950.51;0;1;0;5D;33;33;33;33;33;5AB;118;3B0;3.2;24.8;-34.0;14.5;5.5;76.2;0.0000;0.0025;-0.2250;0.0750;-5.1662;
950.76;0;1;0;5D;33;33;33;33;33;5A3;118;3B0;3.2;24.8;-34.0;14.5;5.5;76.2;0.0000;0.0028;-0.2000;0.0000;-5.1378;
951.01;0;1;0;5D;33;33;33;33;33;5A9;118;3B0;3.2;24.7;-34.0;14.5;5.5;76.2;0.0000;0.0028;-0.6750;0.1000;-5.1591;
951.26;0;1;0;5D;33;33;33;33;33;599;118;3B0;3.2;24.7;-34.0;14.5;5.5;76.2;0.0000;0.0028;0.2000;0.0000;-5.1022;
951.51;0;1;0;5D;32;32;32;32;32;590;118;3B0;3.2;25.3;-34.0;14.5;5.5;76.2;0.0000;0.0029;-0.4750;-0.1000;-5.0701;
951.76;0;1;0;5D;32;32;32;32;32;588;118;3B0;3.2;25.7;-33.5;14.5;5.5;76.2;0.0000;0.0029;-1.3000;0.0250;-4.9675;
952.01;0;1;0;5D;31;31;31;31;32;576;118;3B0;3.2;25.7;-33.5;14.5;5.5;76.2;0.0000;0.0029;-0.4750;0.1250;-4.9043;
952.26;0;1;0;5D;31;31;31;31;31;565;118;3B0;3.2;25.8;-33.5;14.5;5.5;76.2;0.0000;0.0029;-0.5000;-0.0500;-4.8447;
952.51;0;1;0;5D;30;30;30;30;31;565;118;3B0;3.2;26.1;-33.0;14.5;5.5;76.2;0.0000;0.0029;-0.5500;-0.0250;-4.7724;
952.76;0;1;0;5D;30;30;30;30;30;557;118;3B0;3.2;26.1;-33.0;14.5;5.5;76.2;0.0000;0.0025;-0.4750;0.2250;-4.7240;
953.01;0;1;0;5D;30;30;30;30;30;544;118;3B0;3.2;26.2;-33.0;14.5;5.5;76.2;0.0000;0.0015;-0.0250;0.1750;-4.6584;
953.26;0;1;0;5D;2F;2F;2F;2F;2F;535;118;3B0;3.2;26.2;-33.0;14.5;5.5;76.2;0.0000;-0.0021;-0.5250;0.1000;-4.6065;
953.51;0;1;0;5D;2F;2F;2F;2F;2F;536;118;3B0;3.2;26.5;-33.0;14.5;5.5;76.2;0.0000;-0.0059;-0.2500;-0.0750;-4.6100;
953.76;0;1;0;5D;2F;2F;2F;2E;2F;52A;118;3B0;3.2;27.1;-33.0;14.5;5.5;76.2;0.0000;-0.0076;-0.4750;-0.1500;-4.5685;
954.01;0;1;0;5D;2F;2F;2F;2F;2F;524;118;3B0;3.2;27.1;-33.0;14.5;5.5;76.2;0.0000;-0.0083;0.1250;-0.2500;-4.5478;
954.26;0;0;0;5D;2F;2F;2F;2F;2F;52B;118;3B0;3.2;27.1;-33.0;14.5;5.5;76.2;0.0000;-0.0088;0.1750;-0.3750;-4.5720;
954.51;0;0;0;5D;30;2F;2F;2F;2F;539;118;3B0;3.2;27.1;-33.0;14.5;5.5;76.2;0.0000;-0.0108;0.3250;-0.5250;-4.6203;
954.76;0;0;0;5D;30;30;2F;30;30;546;118;3B0;3.2;26.9;-33.0;14.5;5.5;76.2;0.0000;-0.0141;0.2750;-0.6000;-4.6653;
955.01;0;0;0;5D;30;30;30;30;30;54D;118;3B0;3.2;26.9;-33.5;14.5;5.5;76.2;0.0000;-0.0149;0.2750;-0.5500;-4.7605;
955.27;0;1;0;5D;30;30;30;30;30;553;118;3B0;3.2;26.9;-33.5;14.5;5.5;76.2;0.0000;-0.0186;0.3500;-0.1500;-4.7816;
955.52;0;1;0;5D;30;30;30;30;30;54E;118;3B0;3.2;26.3;-33.5;14.5;5.5;76.2;0.0000;-0.0198;0.0750;-0.6750;-4.7640;
955.77;0;1;0;5D;30;30;30;30;30;552;118;3B0;3.2;26.3;-33.5;14.5;5.5;76.2;0.0000;-0.0203;-0.7250;-0.5000;-4.7780;
956.02;0;1;0;5D;30;30;30;30;30;551;118;3B0;3.2;26.1;-33.5;14.5;5.5;76.2;0.0000;-0.0203;-0.8000;-0.3250;-4.7745;
956.27;0;1;0;5D;30;30;30;30;30;54C;118;3B0;3.2;26.1;-33.5;14.5;5.5;76.2;0.0000;-0.0198;0.2000;-0.5250;-4.7570;
956.52;0;1;0;5D;30;30;30;30;30;545;118;3B0;3.2;25.7;-33.5;14.5;5.5;76.2;0.0000;-0.0191;-0.3500;-1.4750;-4.7324;
956.77;0;1;0;5D;30;30;30;30;30;550;118;3B0;3.2;25.2;-33.5;14.5;5.5;76.2;0.0000;-0.0177;0.0000;-1.3750;-4.7710;
957.02;0;1;0;5D;30;30;30;30;30;552;118;3B0;3.2;25.2;-33.5;14.5;5.5;76.2;0.0000;-0.0165;-0.4500;0.2000;-4.7780;
957.27;0;1;0;5D;30;30;30;30;30;547;118;3B0;3.2;25.2;-33.5;14.5;5.5;76.2;0.0000;-0.0141;0.2250;-0.5250;-4.7395;
957.52;0;0;0;5D;30;30;30;30;30;54F;118;3B0;3.2;24.8;-33.5;14.5;5.5;76.2;0.0000;-0.0130;0.1500;0.2250;-4.7675;
957.77;0;0;0;5D;30;30;30;30;30;558;118;3B0;3.2;24.8;-33.5;14.5;5.5;76.2;0.0000;-0.0119;0.2000;0.0000;-4.7991;
958.02;0;1;0;5D;31;30;31;30;31;561;118;3B0;3.2;24.3;-33.5;14.5;5.5;76.2;0.0000;-0.0108;-0.5250;0.0500;-4.8307;
958.27;0;1;0;5D;31;31;30;30;31;559;118;3B0;3.2;24.3;-33.5;14.5;5.5;76.2;0.0000;-0.0075;0.2000;-0.0750;-4.8026;
958.52;0;1;0;5D;30;30;30;30;30;547;118;3B0;3.2;24.5;-33.5;14.5;5.5;76.2;0.0000;-0.0075;-0.3750;-0.2000;-4.7395;
958.77;0;1;0;5D;30;30;30;30;30;545;118;3B0;3.2;24.5;-33.5;14.5;5.5;76.2;0.0000;-0.0075;-0.7000;0.0000;-4.7324;
959.02;0;1;0;5D;2F;2F;2F;2F;2F;535;118;3B0;3.2;25.3;-33.5;14.5;5.5;76.2;0.0000;-0.0076;-0.5750;0.0000;-4.6763;
959.27;0;1;0;5D;2F;2F;2F;2E;2F;528;118;3B0;3.2;25.3;-33.0;14.5;5.5;76.2;0.0000;-0.0076;-0.1500;-0.3750;-4.5616;
959.52;0;1;0;5D;2E;2E;2E;2E;2E;512;118;3B0;3.2;25.6;-33.0;14.5;5.5;76.2;0.0000;-0.0073;-0.3500;-0.3750;-4.4856;
959.77;0;1;0;5D;2E;2D;2E;2D;2E;50C;118;3B0;3.2;25.9;-33.0;14.5;5.5;76.2;0.0000;-0.0059;-0.5750;-0.2750;-4.4648;
960.02;0;1;0;5D;2D;2D;2D;2D;2D;507;118;3B0;3.2;25.9;-33.0;14.5;5.5;76.2;0.0000;-0.0041;-0.3750;-0.2000;-4.4476;
960.29;0;1;0;5D;2D;2D;2D;2D;2D;508;118;3B0;3.2;26.1;-33.0;14.5;5.5;76.2;0.0000;0.0001;-0.1750;-0.1250;-4.4510;
960.54;0;1;0;5D;2D;2D;2D;2D;2D;501;118;3B0;3.2;26.2;-33.0;14.5;5.5;76.2;0.0000;0.0023;-0.2500;-0.0500;-4.4268;
960.79;0;1;0;5D;2D;2D;2D;2D;2D;4F9;118;3B0;3.2;26.2;-33.0;14.5;5.5;76.2;0.0000;0.0050;0.1250;-0.1750;-4.3992;
961.04;0;1;0;5D;2D;2D;2D;2D;2D;4F3;118;3B0;3.2;26.4;-33.0;14.5;5.5;76.2;0.0000;0.0092;0.0000;-0.3250;-4.3784;
961.29;0;1;0;5D;2D;2D;2D;2D;2D;4F3;118;3B0;3.2;26.4;-33.0;14.5;5.5;76.2;0.0000;0.0140;-0.1500;0.0000;-4.3784;
961.54;0;1;0;5D;2C;2D;2D;2D;2D;4EA;118;3B0;3.2;26.4;-32.5;14.5;5.5;76.2;0.0000;0.0178;-0.3750;0.0750;-4.2815;
961.79;0;1;0;5D;2C;2C;2C;2D;2C;4EF;118;3B0;3.2;26.5;-32.5;14.5;5.5;76.2;0.0000;0.0226;-0.2750;0.4000;-4.2985;
962.04;0;1;0;5D;2C;2D;2C;2D;2C;4EC;118;3B0;3.2;26.5;-32.5;14.5;5.5;76.2;0.0000;0.0288;-0.2500;0.7750;-4.2883;
962.29;0;1;0;5D;2C;2D;2C;2D;2D;4EE;118;3B0;3.2;27.1;-32.5;14.5;5.5;76.2;0.0000;0.0347;0.2750;0.5000;-4.2951;
962.54;0;1;0;5D;2C;2D;2C;2D;2D;4F4;118;3B0;3.2;27.1;-33.0;14.5;5.5;76.2;0.0000;0.0363;-0.2750;0.8000;-4.3819;
962.79;0;1;0;5C;2C;2D;2C;2D;2D;4E8;118;3B0;3.2;27.2;-33.0;14.5;5.5;76.2;0.0000;0.0361;-0.2000;0.8750;-4.3404;
963.04;0;1;0;5C;2C;2C;2C;2C;2C;4E0;118;3B0;3.2;27.2;-33.0;14.5;5.5;76.2;0.0000;0.0361;-0.0250;0.8500;-4.3128;
963.29;0;1;0;5C;2C;2C;2C;2C;2C;4D6;118;3B0;3.2;27.4;-32.5;14.5;5.5;76.2;0.0000;0.0377;-0.8500;0.3750;-4.2134;
963.54;0;1;0;5C;2B;2C;2B;2C;2C;4CD;118;3B0;3.2;27.7;-32.5;14.5;5.5;76.2;0.0000;0.0391;-0.4000;0.5000;-4.1828;
963.79;0;1;0;5C;2B;2B;2B;2C;2B;4CF;118;3B0;3.2;27.7;-32.5;14.5;5.5;76.2;0.0000;0.0391;-0.3500;0.5500;-4.1896;
964.04;0;1;0;5C;2B;2C;2B;2C;2C;4D3;118;3B0;3.2;27.7;-32.5;14.5;5.5;76.2;0.0000;0.0401;0.3250;0.8000;-4.2032;
964.29;0;0;0;5C;2B;2C;2B;2C;2C;4DB;118;3B0;3.2;27.7;-32.5;14.5;5.5;76.2;0.0000;0.0421;0.1750;0.8000;-4.2304;
964.54;0;0;0;5C;2C;2D;2C;2C;2C;4EC;118;3B0;3.2;27.9;-33.0;14.5;5.5;76.2;0.0000;0.0425;0.3750;0.7000;-4.3542;
964.79;0;1;0;5C;2C;2D;2C;2D;2D;4EC;118;3B0;3.2;28.3;-33.0;14.5;5.5;76.2;0.0000;0.0425;0.4250;0.8500;-4.3542;
965.04;0;1;0;5C;2C;2D;2C;2D;2D;4EF;118;3B0;3.2;28.3;-33.0;14.5;5.5;76.2;0.0000;0.0425;-0.0250;0.6000;-4.3646;
965.30;0;1;0;5C;2D;2D;2C;2D;2D;4F0;118;3B0;3.2;28.4;-33.0;14.5;5.5;76.2;0.0000;0.0425;0.0250;0.4500;-4.3681;
965.55;0;1;0;5C;2C;2D;2D;2D;2D;4F3;118;3B0;3.2;28.9;-33.0;14.5;5.5;76.2;0.0000;0.0425;0.3500;0.5250;-4.3784;
965.80;0;1;0;5C;2C;2D;2C;2D;2D;4F1;118;3B0;3.2;28.9;-33.0;14.5;5.5;76.2;0.0000;0.0421;-0.1750;0.4000;-4.3715;
966.05;0;1;0;5C;2C;2D;2C;2D;2D;4F4;118;3B2;3.2;29.0;-33.0;14.5;5.5;76.2;0.0000;0.0404;0.2750;0.7250;-4.3819;
966.30;0;0;0;5C;2D;2D;2D;2D;2D;4FD;118;3B2;3.2;29.0;-33.0;14.5;5.5;76.2;0.0000;0.0400;0.2000;0.6000;-4.4130;
966.55;0;0;0;5C;2D;2D;2D;2D;2D;507;118;3B2;3.2;29.0;-33.5;14.5;5.5;76.2;0.0000;0.0400;0.2250;0.7250;-4.5149;
966.80;0;0;0;5C;2D;2E;2D;2E;2E;511;118;3B0;3.2;29.0;-33.5;14.5;5.5;76.2;0.0000;0.0401;0.4000;0.8250;-4.5500;
967.05;0;0;0;5C;2E;2E;2E;2E;2E;51A;118;3B2;3.2;29.0;-33.5;14.5;5.5;76.2;0.0000;0.0401;0.3500;0.8500;-4.5816;
967.30;0;0;0;5C;2E;2F;2E;2F;2E;51F;118;3B2;3.2;28.6;-33.0;14.5;5.5;76.2;0.0000;0.0404;0.3250;0.7250;-4.5305;
967.55;0;1;0;5C;2E;2F;2E;2F;2F;52D;118;3B2;3.2;28.6;-33.5;14.5;5.5;76.2;0.0000;0.0404;0.3250;0.8500;-4.6482;
967.80;0;1;0;5C;2E;2F;2F;2F;2F;530;118;3B2;3.2;28.3;-33.5;14.5;5.5;76.2;0.0000;0.0404;0.1750;0.7750;-4.6588;
968.05;0;1;0;5C;2F;2F;2F;2F;2F;532;118;3B2;3.2;28.3;-33.5;14.5;5.5;76.2;0.0000;0.0404;0.0000;1.0000;-4.6658;
968.30;0;1;0;5C;2F;2F;2F;2F;2F;52D;118;3B2;3.2;28.5;-33.5;14.5;5.5;76.2;0.0000;0.0393;-0.1750;1.0000;-4.6482;
968.55;0;1;0;5C;2E;2F;2E;2F;2F;52C;118;3B2;3.2;28.6;-33.5;14.5;5.5;76.2;0.0000;0.0391;-0.0750;0.4250;-4.6447;
968.80;0;1;0;5C;2F;2F;2E;2F;2F;52D;118;3B2;3.2;28.6;-33.5;14.5;5.5;76.2;0.0000;0.0386;0.2000;0.4250;-4.6482;
969.05;0;1;0;5C;2E;2F;2E;2F;2F;52A;118;3B2;3.2;28.7;-33.5;14.5;5.5;76.2;0.0000;0.0379;-0.1250;0.4250;-4.6377;
969.30;0;1;0;5C;2E;2F;2E;2F;2F;529;118;3B2;3.2;28.7;-33.5;14.5;5.5;76.2;0.0000;0.0365;0.0750;0.7000;-4.6342;
969.55;0;1;0;5C;2E;2E;2E;2E;2E;51F;118;3B2;3.2;28.7;-33.0;14.5;5.5;76.2;0.0000;0.0358;-0.4500;0.8750;-4.5305;
969.80;0;1;0;5C;2E;2E;2E;2E;2E;51D;118;3B2;3.2;28.7;-33.5;14.5;5.5;76.2;0.0000;0.0349;-0.4750;0.9750;-4.5921;
970.05;0;1;0;5C;2E;2E;2E;2E;2E;513;118;3B2;3.2;28.7;-33.0;14.5;5.5;76.2;0.0000;0.0333;-0.1500;1.1500;-4.4890;
970.31;0;1;0;5C;2D;2E;2D;2E;2E;50E;118;3B2;3.2;28.8;-33.0;14.5;5.5;76.2;0.0000;0.0292;-0.3500;0.7750;-4.4717;
970.56;0;1;0;5C;2D;2E;2D;2D;2E;508;118;3B2;3.2;28.7;-33.0;14.5;5.5;76.2;0.0000;0.0258;0.0750;0.3750;-4.4510;
970.81;0;0;0;5C;2D;2E;2D;2E;2E;50E;118;3B2;3.2;28.7;-33.0;14.5;5.5;76.2;0.0000;0.0226;0.0500;0.3250;-4.4717;
971.06;0;0;0;5C;2D;2E;2D;2E;2E;512;118;3B2;3.2;28.7;-33.0;14.5;5.5;76.2;0.0000;0.0190;0.1000;0.6750;-4.4856;
971.31;0;0;0;5C;2E;2E;2E;2E;2E;51E;118;3B2;3.2;28.6;-33.0;14.5;5.5;76.2;0.0000;0.0179;0.2000;0.1500;-4.5270;
971.56;0;0;0;5C;2E;2E;2E;2E;2E;51C;118;3B2;3.2;28.3;-33.0;14.5;5.5;76.2;0.0000;0.0126;0.1500;0.3750;-4.5201;
971.81;0;0;0;5C;2E;2F;2E;2F;2F;527;118;3B2;3.2;28.3;-33.0;14.5;5.5;76.2;0.0000;0.0062;0.2250;-0.3250;-4.5581;
972.06;0;0;0;5C;2F;2F;2F;2F;2F;52A;118;3B2;3.2;28.2;-33.0;14.5;5.5;76.2;0.0000;-0.0081;0.2250;-0.4250;-4.5685;
972.31;0;0;0;5C;2F;2F;2F;2F;2F;52E;118;3B2;3.2;27.8;-33.0;14.5;5.5;76.2;0.0000;-0.0118;0.1500;-0.6000;-4.5823;
972.56;0;0;0;5C;2F;2F;2F;2F;2F;531;118;3B2;3.2;27.8;-33.0;14.4;5.5;76.2;0.0000;-0.0128;0.1000;-0.0500;-4.5927;
972.81;0;0;0;5C;2F;2F;2F;2F;2F;52F;118;3B2;3.2;26.9;-33.0;14.4;5.5;76.2;0.0000;-0.0141;0.0750;-0.2750;-4.5858;
973.06;0;0;0;5C;2F;2F;2F;2F;2F;531;118;3B2;3.2;26.9;-33.0;14.4;5.5;76.2;0.0000;-0.0152;0.0250;-0.0500;-4.5927;
973.31;0;0;0;5C;2F;2F;2F;2F;2F;539;118;3B2;3.2;26.4;-33.0;14.4;5.5;76.2;0.0000;-0.0185;0.1000;-0.5750;-4.6203;
973.56;0;0;0;5C;2F;2F;2F;2F;2F;541;118;3B2;3.2;25.9;-33.0;14.4;5.5;76.2;0.0000;-0.0198;0.1250;-0.5500;-4.6480;
973.81;0;0;0;5C;30;2F;30;30;30;549;118;3B2;3.2;25.9;-33.5;14.4;5.5;76.2;0.0000;-0.0211;0.2500;0.4500;-4.7465;
974.06;0;0;0;5C;30;30;30;30;30;546;118;3B2;3.2;25.0;-33.5;14.4;5.5;76.2;0.0000;-0.0233;0.1000;0.4750;-4.7360;
974.31;0;0;0;5C;30;30;30;30;30;54C;118;3B2;3.2;24.5;-33.5;14.5;5.5;76.2;0.0000;-0.0233;0.1500;-0.4750;-4.7570;
974.56;0;0;0;5C;30;30;30;30;30;54E;118;3B2;3.2;24.5;-33.5;14.5;5.5;76.2;0.0000;-0.0243;0.0750;-0.7250;-4.7640;
974.81;0;0;0;5C;30;30;30;30;30;54E;118;3B2;3.2;24.3;-33.5;14.5;5.5;76.2;0.0000;-0.0271;-0.0500;-1.1000;-4.7640;
975.06;0;0;0;5C;30;2F;30;30;30;543;118;3B2;3.2;24.3;-33.5;14.5;5.5;76.2;0.0000;-0.0270;-0.1000;-0.5750;-4.7254;
975.34;0;1;0;5C;2F;2F;2F;2F;2F;536;118;3B2;3.2;23.7;-33.0;14.5;5.5;76.2;0.0000;-0.0275;-0.3500;-0.5500;-4.6100;
975.59;0;1;0;5C;2F;2F;2F;2F;2F;532;118;3B2;3.2;23.7;-33.0;14.5;5.5;76.2;0.0000;-0.0278;-0.4500;-0.4500;-4.5961;
975.84;0;1;0;5C;2E;2E;2E;2E;2E;51F;118;3B2;3.2;23.4;-33.0;14.5;5.5;76.2;0.0000;-0.0281;-0.6500;-0.5000;-4.5305;
976.09;0;1;0;5C;2E;2D;2E;2E;2E;50E;118;3B2;3.2;23.4;-32.5;14.5;5.5;76.2;0.0000;-0.0318;-0.7500;-0.4250;-4.4040;
976.34;0;1;0;5C;2D;2D;2D;2D;2D;4F3;118;3B2;3.2;23.1;-32.5;14.5;5.5;76.2;0.0000;-0.0315;-0.8500;-0.7000;-4.3121;
976.59;0;1;0;5C;2C;2C;2C;2C;2C;4E2;118;3B2;3.2;23.0;-32.5;14.5;5.5;76.2;0.0000;-0.0310;-0.6750;-0.6000;-4.2542;
976.84;0;1;0;5C;2B;2B;2B;2B;2B;4BD;118;3B2;3.2;23.0;-32.0;14.5;5.5;76.2;0.0000;-0.0289;-1.3250;-0.6750;-4.0648;
977.09;0;1;0;5C;2A;2A;2A;2A;2A;4AD;118;3B2;3.2;23.1;-32.0;14.5;5.5;76.2;0.0000;-0.0295;-1.2250;-0.6750;-4.0112;
977.34;0;1;0;5C;29;29;29;29;29;48A;118;3B2;3.2;23.1;-31.5;14.5;5.5;76.2;0.0000;-0.0298;-1.0500;-0.5750;-3.8331;
977.59;0;1;0;5C;28;28;28;28;28;477;118;3B2;3.2;23.1;-31.5;14.5;5.5;76.2;0.0000;-0.0298;-1.1500;-0.5750;-3.7704;
977.84;1;1;0;5C;27;27;27;27;27;454;118;3B2;3.2;23.3;-31.5;14.5;5.5;76.2;0.0000;-0.0297;-1.0750;-0.4500;-3.6549;
978.09;1;1;0;5C;27;26;27;26;27;3EA;118;3B2;3.2;23.3;-31.0;14.5;5.5;76.2;0.0000;-0.0275;-0.7000;-0.4250;-3.2528;
978.34;1;1;0;5C;25;25;26;25;26;370;118;3B2;3.2;23.5;-2.0;14.5;5.5;76.2;0.0000;-0.0240;-0.8750;-0.5500;-0.1843;
978.59;1;1;0;5C;25;25;25;25;25;36C;118;3B2;3.2;23.3;-3.0;14.5;5.5;76.2;0.0000;-0.0237;-0.4000;-0.0750;-0.2752;
978.84;1;1;0;5C;24;24;24;24;24;3B3;118;3B2;3.2;23.3;-32.0;14.5;5.5;76.2;0.0000;-0.0237;-1.0250;-0.2250;-3.1734;
979.09;1;1;0;5C;23;23;23;23;23;43B;118;3B2;3.2;23.5;-33.0;14.5;5.5;76.2;0.0000;-0.0241;-1.5500;-0.1500;-3.7426;
979.34;1;1;0;5C;22;22;22;22;22;568;118;3B2;3.2;23.5;-35.5;14.5;5.5;76.2;0.0000;-0.0280;-1.4250;-0.2750;-5.1451;
979.59;1;1;0;5C;21;21;21;21;22;531;118;3B2;3.2;24.1;-34.5;14.5;5.5;76.2;0.0000;-0.0298;-0.7750;0.2000;-4.8015;
979.84;0;1;0;5C;20;20;21;20;20;511;118;3B2;3.2;24.1;-34.0;14.5;5.5;76.2;0.0000;-0.0305;-0.9000;0.1500;-4.6179;
980.09;0;1;0;5C;20;20;20;20;20;505;118;3B2;3.2;24.3;-34.0;14.5;5.5;76.2;0.0000;-0.0300;-0.2750;-0.2500;-4.5752;
980.35;0;1;0;5C;1F;1F;1F;1F;1F;4DA;118;3B2;3.2;24.3;-33.0;14.5;5.5;76.2;0.0000;-0.0303;-0.7000;0.3250;-4.2920;
980.60;0;1;0;5C;1E;1E;1E;1E;1E;4C6;118;3B2;3.2;24.3;-33.0;14.5;5.5;76.2;0.0000;-0.0295;-0.4250;-0.1000;-4.2229;
980.85;0;1;0;5C;1E;1E;1E;1E;1E;4AC;118;3B2;3.2;24.6;-32.5;14.5;5.5;76.2;0.0000;-0.0288;-0.5750;-0.1750;-4.0705;
981.10;0;1;0;5C;1D;1D;1D;1D;1D;4A1;118;3B2;3.2;24.8;-32.5;14.5;5.5;76.2;0.0000;-0.0292;-0.5500;-0.1750;-4.0330;
981.35;0;0;0;5C;1D;1D;1D;1D;1D;490;118;3B2;3.2;24.8;-32.0;14.5;5.5;76.2;0.0000;-0.0292;-0.4500;-0.2250;-3.9140;
981.60;0;0;0;5C;1D;1D;1D;1D;1D;48A;118;3B2;3.2;24.6;-32.0;14.5;5.5;76.2;0.0000;-0.0293;-0.2750;-0.1750;-3.8939;
981.85;0;0;0;5C;1D;1D;1D;1D;1D;47E;118;3B2;3.2;24.6;-32.0;14.5;5.5;76.2;0.0000;-0.0253;-0.2750;-0.1500;-3.8537;
982.10;0;0;0;5C;1C;1C;1C;1C;1C;472;118;3B2;3.2;24.7;-32.0;14.5;5.5;76.2;0.0000;-0.0250;-0.3750;-0.0750;-3.8135;
982.35;0;0;0;5C;1C;1C;1C;1C;1C;464;118;3B2;3.2;24.8;-32.0;14.5;5.5;76.2;0.0000;-0.0241;-0.3500;-0.1000;-3.7666;
982.60;0;1;0;5C;1C;1C;1C;1C;1C;45E;118;3B2;3.2;24.8;-32.0;14.5;5.5;76.2;0.0000;-0.0223;-0.1750;-0.0250;-3.7465;
982.85;0;1;0;5C;1C;1B;1C;1B;1C;44C;118;3B2;3.2;24.9;-32.0;14.5;5.5;76.2;0.0000;-0.0215;-0.6500;-0.1000;-3.6861;
983.10;1;1;0;5C;1B;1B;1B;1B;1B;43D;118;3B2;3.2;24.8;-32.0;14.5;5.5;76.2;0.0000;-0.0218;-0.3500;0.0000;-3.6359;
983.35;1;1;0;5C;1B;1B;1B;1B;1B;373;118;3B2;3.2;24.8;-2.5;14.5;5.5;76.2;0.0000;-0.0243;-0.7000;-0.0250;-0.2312;
983.60;1;1;0;5C;1A;1A;1A;1A;1A;376;118;3B2;3.2;24.8;-5.5;14.5;5.5;76.2;0.0000;-0.0251;-0.7500;0.2000;-0.5103;
983.85;1;1;0;5C;1A;1A;1A;19;1A;36C;118;3B2;3.2;24.6;-1.5;14.5;5.5;76.2;0.0000;-0.0300;-0.7500;0.3500;-0.1376;
984.10;1;1;0;5C;19;19;19;19;19;397;118;3B2;3.2;24.8;-16.5;14.5;5.5;76.2;0.0000;-0.0298;-1.1500;-0.6000;-1.5879;
984.35;1;1;0;5C;18;18;18;18;18;439;118;3B2;3.2;24.8;-33.0;14.5;5.5;76.2;0.0000;-0.0305;-1.3000;-0.0250;-3.7357;
984.60;1;1;0;5C;17;16;17;16;17;4D4;118;3B2;3.2;24.9;-34.5;14.5;5.5;76.2;0.0000;-0.0303;-0.8750;0.1000;-4.4655;
984.85;1;1;0;5C;16;16;16;16;16;5A4;118;3B2;3.2;24.9;-36.5;14.5;5.5;76.2;0.0000;-0.0306;-0.9250;-0.1000;-5.5194;
985.10;1;1;0;5C;15;15;15;15;15;554;118;3B2;3.2;25.2;-35.0;14.5;5.5;76.2;0.0000;-0.0318;-1.0250;0.0500;-4.9993;
985.37;0;1;0;5C;14;14;14;14;14;529;118;3B2;3.2;25.4;-34.5;14.5;5.5;76.2;0.0000;-0.0345;-0.7750;0.0000;-4.7726;
985.62;0;1;0;5C;13;13;13;13;13;4E1;118;3B2;3.2;25.4;-33.5;14.5;5.5;76.2;0.0000;-0.0366;-1.3250;0.0250;-4.3816;
985.87;0;1;0;5C;13;12;13;12;13;4AB;118;3B2;3.2;25.7;-32.5;14.5;5.5;76.2;0.0000;-0.0408;-1.1250;-0.0500;-4.0671;
986.12;0;1;0;5C;11;11;11;11;11;454;118;3B2;3.2;26.2;-32.5;14.5;5.5;76.2;0.0000;-0.0433;-1.5250;0.0250;-3.7710;
986.37;0;1;0;5C;10;10;10;10;10;41E;118;3B2;3.2;26.2;-27.0;14.5;5.5;76.2;0.0000;-0.0467;-0.9750;0.0250;-2.9801;
986.62;1;1;0;5C;F;F;F;F;F;3AD;118;3B2;3.2;26.6;-17.0;14.5;5.5;76.2;0.0000;-0.0493;-0.9250;0.0000;-1.6752;
986.87;1;1;0;5C;E;E;E;E;E;38B;118;3B2;3.2;26.6;-7.5;14.5;5.5;76.2;0.0000;-0.0670;-1.6750;-0.0500;-0.7124;
987.12;1;1;0;5C;D;D;D;D;D;36E;118;3B2;3.2;26.8;-1.0;14.5;5.5;76.2;0.0000;-0.0760;-1.0750;0.0750;-0.0919;
987.37;1;1;0;5C;C;C;C;C;C;36F;118;3B2;3.2;27.2;1.5;14.5;5.5;76.2;0.0000;-0.0865;-1.4750;-0.0750;0.1381;
987.62;1;1;0;5C;B;A;B;A;B;371;118;3B2;3.2;27.2;0.0;14.5;5.5;76.2;0.0000;-0.0932;-1.1000;0.1000;0.0000;
987.87;1;1;0;5C;A;A;A;A;A;36A;118;3B2;3.2;27.2;4.0;14.5;5.5;76.2;0.0000;-0.1120;-0.7250;0.0000;0.3661;
988.12;1;1;0;5C;9;9;9;9;9;368;118;3B2;3.2;27.6;7.5;14.5;5.5;76.2;0.0000;-0.1316;-1.0250;-0.0500;0.6849;
988.37;1;1;0;5C;8;8;8;8;8;36E;118;3B2;3.2;27.5;5.5;14.5;5.5;76.2;0.0000;-0.1537;-0.8250;0.0000;0.5057;
988.62;1;1;0;5C;7;7;7;7;7;370;118;3B2;3.2;27.5;5.5;14.5;5.5;76.2;0.0000;-0.1685;-1.2500;0.0500;0.5068;
988.87;1;1;0;5C;7;6;7;6;7;372;118;3B2;3.2;27.5;6.0;14.5;5.5;76.2;0.0000;-0.2042;-1.1500;0.0500;0.5542;
989.12;1;0;0;5C;6;5;6;5;6;371;118;3B2;3.2;27.3;6.0;14.5;5.5;76.2;0.0000;-0.2269;-0.5000;0.0500;0.5535;
989.37;1;0;0;5C;6;5;6;5;5;372;118;3B2;3.2;27.3;5.0;14.5;5.5;76.2;0.0000;-0.2399;-0.4500;0.0250;0.4618;
989.62;1;0;0;5B;5;5;5;5;5;358;118;3B2;3.2;27.1;19.5;14.5;5.5;76.2;0.0000;-0.2459;-0.2000;0.0500;1.7480;
989.87;1;0;0;5B;6;5;6;5;5;366;118;3B2;3.2;27.1;16.5;14.5;5.5;76.2;0.0000;-0.2692;-0.0500;0.0750;1.5033;
990.12;1;0;0;5B;6;5;6;5;5;36C;118;3B2;3.2;26.7;17.5;14.5;5.5;76.2;0.0000;-0.2796;0.0750;0.0500;1.6054;
990.38;1;0;0;5B;6;5;6;5;5;36D;118;3B2;3.2;25.9;18.5;14.5;5.5;76.2;0.0000;-0.2809;0.0750;0.0000;1.6990;
990.63;1;0;0;5B;6;5;6;5;6;36E;118;3B2;3.2;25.9;19.5;14.5;5.5;76.2;0.0000;-0.2847;0.1250;0.0000;1.7929;
990.88;1;0;0;5B;6;6;6;5;6;36D;118;3B2;3.2;25.3;20.0;14.5;5.5;76.2;0.0000;-0.2947;0.1500;0.0500;1.8368;
991.13;1;0;0;5B;7;6;6;6;6;36E;118;3B2;3.2;24.8;21.0;14.5;5.5;76.2;0.0000;-0.3042;0.2000;0.0250;1.9308;
991.38;1;0;0;5B;7;6;7;6;6;36E;118;3B2;3.2;24.8;21.5;14.5;5.5;76.2;0.0000;-0.3191;0.2250;-0.2750;1.9768;
991.63;1;0;0;5B;7;6;7;6;7;366;118;3B2;3.2;24.0;26.0;14.5;5.5;76.2;0.0000;-0.3300;0.2750;-0.1000;2.3688;
991.88;1;0;0;5B;7;7;7;7;7;35F;118;3B2;3.2;24.0;35.0;14.5;5.5;76.2;0.0000;-0.3846;0.3250;-0.4750;3.1631;
992.13;1;0;0;5B;8;7;8;7;7;380;118;3B2;3.2;23.2;20.0;14.5;5.5;76.2;0.0000;-0.4143;0.3250;-0.4250;1.8766;
992.38;1;0;0;5B;8;7;8;7;7;385;118;3B2;3.2;23.2;14.5;14.5;5.5;76.2;0.0000;-0.4455;0.2000;-0.5000;1.3681;
992.63;0;0;0;5B;8;7;8;7;7;385;118;3B2;3.2;22.7;2.5;14.5;5.5;76.2;0.0745;-0.4615;-0.0250;-0.4000;0.2359;
992.88;0;0;0;5B;8;7;8;7;7;37E;118;3B2;3.2;22.7;3.0;14.5;5.5;76.2;0.1333;-0.4681;-0.1250;-0.7000;0.2809;
993.13;0;0;0;5B;8;7;8;6;7;37D;118;3B2;3.2;22.2;21.0;14.5;5.5;76.2;0.1804;-0.4675;-0.1250;-0.3500;1.9638;
993.38;0;0;0;5B;8;7;8;7;7;397;118;3B2;3.2;21.8;32.0;14.5;5.5;76.2;0.2000;-0.4675;0.0500;-0.3500;3.0796;
993.63;0;0;0;5B;9;8;8;7;8;3BB;118;3B2;3.2;21.8;41.5;14.5;5.5;76.2;0.1961;-0.4680;0.4250;-0.5000;4.1503;
993.88;0;0;0;5B;9;8;9;8;8;3FA;118;3B2;3.2;21.2;38.0;14.5;5.5;76.2;0.1882;-0.4906;0.5500;-0.9750;4.0510;
994.13;0;0;0;5B;A;8;A;8;9;438;118;3B2;3.2;20.6;41.5;14.5;5.5;76.2;0.1922;-0.4903;0.5250;-0.4500;4.6935;
994.38;0;0;0;5C;A;9;A;8;9;471;118;3B2;3.2;20.6;39.5;14.5;5.5;76.2;0.1961;-0.4842;0.5500;-0.9000;4.7031;
994.63;0;0;0;5C;B;A;B;9;A;4BD;118;3B2;3.2;20.3;42.5;14.5;5.5;76.2;0.2000;-0.4451;0.6000;-0.3750;5.3986;
994.88;0;0;0;5C;C;A;B;A;B;50C;118;3B2;3.2;20.3;42.5;14.5;5.5;76.2;0.2039;-0.4055;0.7500;-0.5000;5.7502;
995.13;0;0;0;5C;C;B;C;A;B;54B;118;3B2;3.2;19.8;57.0;14.5;5.5;76.2;0.2392;-0.4028;0.6000;-0.5250;8.0880;
995.39;0;0;0;5C;D;C;D;C;C;5BB;118;3B2;3.1;19.5;63.0;14.5;5.5;76.2;0.2667;-0.4000;0.8500;-1.0500;9.6783;
995.64;0;0;0;5C;E;D;E;D;D;656;118;3B2;3.1;19.5;76.5;14.5;5.5;76.2;0.2667;-0.3853;1.1000;-1.5250;12.9939;
995.89;0;0;0;5C;10;E;F;E;F;6B7;118;3B2;3.1;18.7;80.5;14.5;5.5;76.2;0.2627;-0.3339;1.2500;-0.9250;14.4911;
996.14;0;0;0;5C;10;F;10;F;10;74E;118;3B2;3.1;18.7;77.5;14.5;5.5;76.2;0.2510;-0.2815;1.1750;-0.5500;15.1765;
996.39;0;0;0;5C;11;10;10;10;10;757;118;3B2;3.2;18.3;2.5;14.5;5.5;76.2;0.0000;-0.2157;0.7000;0.1000;0.4919;
996.64;1;0;0;5C;10;10;10;10;10;6C7;118;3B2;3.2;18.3;-34.0;14.5;5.5;76.2;0.0000;-0.1555;0.1000;-0.0250;-6.1774;
996.89;1;0;0;5C;10;F;10;F;10;627;118;3B2;3.2;18.1;-34.5;14.5;5.5;76.2;0.0000;-0.1097;-0.1250;-0.2000;-5.6902;
997.14;1;0;0;5C;10;F;10;F;F;540;118;3B2;3.2;18.6;0.5;14.5;5.5;76.2;0.1255;-0.0918;-0.2500;-0.2000;0.0704;
997.39;1;0;0;5C;10;10;10;10;10;3D6;118;3B2;3.2;18.6;31.0;14.5;5.5;76.2;0.1725;-0.0817;0.3250;-0.2000;3.1879;
997.64;0;0;0;5C;11;11;11;10;11;435;118;3B2;3.2;18.4;97.5;14.5;5.5;76.2;0.2863;-0.0690;0.4500;0.1500;10.9964;
997.89;0;0;0;5C;12;12;12;12;12;45E;118;3B2;3.2;18.2;102.0;14.5;5.5;76.2;0.2941;-0.0476;0.8000;0.0500;11.9418;
998.14;0;0;0;5C;13;12;13;12;12;4B3;118;3B2;3.2;18.2;106.5;14.5;5.5;76.2;0.2980;-0.0303;0.9000;0.1500;13.4166;
998.39;0;0;0;5C;14;14;14;14;14;4E3;118;3B2;3.2;18.6;108.0;14.5;5.5;76.2;0.2980;-0.0168;1.0250;0.2000;14.1485;
998.64;0;0;0;5C;14;14;14;14;14;52E;118;3B2;3.2;18.6;108.0;14.5;5.5;76.2;0.2941;-0.0078;1.0500;0.2250;14.9967;
998.89;0;0;0;5C;16;16;16;16;15;560;118;3B2;3.2;18.6;106.5;14.5;5.5;76.2;0.2902;0.0080;1.0250;0.3500;15.3461;
999.14;0;0;0;5C;16;16;16;16;16;5A9;118;3B2;3.2;18.8;102.0;14.5;5.5;76.2;0.2863;0.0100;1.1000;0.3250;15.4774;
999.39;0;0;0;5C;17;18;18;18;17;5DB;118;3B2;3.2;18.8;99.0;14.5;5.5;76.2;0.2784;0.0092;1.0250;0.2000;15.5405;
999.64;0;0;0;5C;18;18;18;18;18;614;118;3B2;3.2;18.8;87.5;14.5;5.5;76.2;0.2588;0.0149;0.8500;0.4750;14.2576;
999.89;0;0;0;5C;19;19;19;19;19;62E;118;3B2;3.2;19.8;73.0;14.5;5.5;76.2;0.2353;0.0193;0.7000;0.2750;12.0937;
1000.14;0;0;0;5C;19;19;19;19;19;65E;118;3B2;3.2;19.8;66.5;14.5;5.5;76.2;0.2353;0.0195;0.5750;-0.0750;11.3511;
1000.41;0;0;0;5C;1A;1A;1A;1A;1A;670;118;3B2;3.2;19.8;66.0;14.5;5.5;76.2;0.2353;0.0170;0.4750;0.1750;11.3902;
1000.66;0;0;0;5C;1A;1A;1A;1A;1A;695;118;3B2;3.2;20.5;65.0;14.5;5.5;76.2;0.2275;0.0161;0.4750;0.5250;11.4694;
1000.91;0;0;0;5C;1A;1A;1A;1B;1B;6A8;118;3B2;3.2;20.6;57.0;14.5;5.5;76.2;0.2235;0.0141;0.3750;0.3250;10.1712;
1001.16;0;0;0;5C;1B;1B;1B;1B;1B;6C0;118;3B2;3.2;20.6;56.5;14.5;5.5;76.2;0.2314;0.0018;0.4000;0.0250;10.2240;
1001.41;0;0;0;5C;1B;1B;1B;1B;1B;6D4;118;3B2;3.2;20.4;75.0;14.5;5.5;76.2;0.2902;-0.0051;0.4000;0.0500;13.7288;
1001.66;0;0;0;5C;1C;1C;1C;1C;1C;705;118;3B2;3.2;20.4;94.5;14.5;5.5;76.2;0.3098;-0.0136;0.5500;0.0250;17.7831;
1001.91;0;0;0;5C;1D;1D;1D;1D;1D;726;11A;3B2;3.2;20.5;106.0;14.5;5.5;76.2;0.3098;-0.0168;0.8250;0.0000;20.3135;
1002.16;0;0;0;5C;1D;1D;1D;1D;1D;769;11A;3B2;3.2;20.4;109.0;14.5;5.5;76.2;0.3098;-0.0171;0.8500;-0.0250;21.6532;
1002.41;0;0;0;5C;1F;1E;1F;1E;1F;79A;11A;3B2;3.2;20.4;107.0;14.5;5.5;76.2;0.3098;-0.0163;0.8750;0.0250;21.8050;
1002.66;1;0;0;5C;1F;1F;1F;1F;1F;793;11A;3B2;3.2;20.5;0.0;14.5;5.5;76.2;0.0000;-0.0096;0.8000;-0.0750;0.0000;
1002.91;1;0;0;5C;1F;1F;1F;1F;1F;71E;11A;3B2;3.2;20.8;-33.5;14.5;5.5;76.2;0.0000;-0.0055;0.0750;0.0500;-6.3918;
1003.16;1;0;0;5C;1F;1F;1E;1F;1F;62B;11A;3B2;3.2;20.8;-34.0;14.5;5.5;76.2;0.0000;0.0043;-0.2000;0.3250;-5.6220;
1003.41;1;0;0;5C;1F;1F;1F;1F;1F;591;11A;3B2;3.2;21.4;61.0;14.5;5.5;76.2;0.1804;0.0046;0.0000;0.3250;9.1028;
1003.66;0;0;0;5C;1F;1F;1F;1F;1F;4D6;11A;3B2;3.2;21.4;103.0;14.5;5.5;76.2;0.3020;0.0101;0.1750;0.2750;13.3532;
1003.91;0;0;0;5C;20;20;1F;20;20;4E4;11A;3B2;3.2;21.7;110.5;14.5;5.5;76.2;0.3020;0.0147;0.4500;0.6000;14.4876;
1004.16;0;0;0;5C;20;20;20;20;20;503;11A;3B2;3.2;21.5;112.0;14.5;5.5;76.2;0.3020;0.0204;0.5000;0.5250;15.0478;
1004.41;0;0;0;5C;21;21;20;21;21;511;11A;3B2;3.2;21.5;109.5;14.5;5.5;76.2;0.2941;0.0246;0.5000;0.7000;14.8725;
1004.66;0;0;0;5C;21;21;21;21;21;527;11A;3B2;3.2;21.5;107.5;14.5;5.5;76.2;0.2863;0.0327;0.5250;0.8750;14.8485;
1004.91;0;0;0;5C;21;22;21;22;22;533;11A;3B2;3.2;21.6;83.5;14.4;5.5;76.2;0.2588;0.0345;0.5000;0.7250;11.6384;
1005.16;0;0;0;5C;22;22;22;22;22;549;11A;3B2;3.2;21.8;72.5;14.4;5.5;76.2;0.2392;0.0325;0.3500;0.8000;10.2722;
1005.42;0;0;0;5C;22;22;22;22;22;554;11A;3B2;3.2;21.8;69.5;14.4;5.5;76.2;0.2353;0.0313;0.2750;0.8000;9.9272;
1005.67;0;0;0;5D;22;22;22;22;22;55A;11A;3B2;3.2;22.0;68.0;14.4;5.5;76.2;0.2392;0.0210;0.2000;0.6750;9.7557;
1005.92;0;0;0;5D;22;23;22;23;22;561;11A;3B2;3.2;22.2;74.0;14.5;5.5;76.2;0.2784;0.0149;0.1750;0.5750;10.6707;
1006.17;0;0;0;5D;23;23;23;23;23;574;11A;3B2;3.2;22.2;85.5;14.5;5.5;76.2;0.2902;0.0092;0.2500;0.2750;12.4991;
1006.42;0;0;0;5D;24;24;24;24;24;58F;11A;3B2;3.2;22.8;99.0;14.4;5.5;76.2;0.3020;0.0076;0.5500;0.2750;14.7526;
1006.67;0;0;0;5D;24;24;24;24;24;5A1;11A;3B2;3.2;22.8;106.5;14.4;5.5;76.2;0.3059;0.0070;0.6000;0.4750;16.0710;
1006.92;0;0;0;5D;25;25;25;25;25;5BC;11A;3B2;3.2;23.0;111.0;14.4;5.5;76.2;0.3098;0.0058;0.6500;0.9250;17.0639;
1007.17;0;0;0;5D;25;25;25;25;25;5C4;11A;3B2;3.2;23.0;115.5;14.4;5.5;76.2;0.3059;0.0071;0.6000;0.4500;17.8524;
1007.42;0;0;0;5D;26;26;26;26;26;5E5;11A;3B2;3.2;23.0;113.0;14.4;5.5;76.2;0.3059;0.0073;0.6000;0.3250;17.8565;
1007.67;0;0;0;5D;26;26;26;26;26;5F3;11A;3B2;3.2;22.6;113.0;14.5;5.5;76.2;0.3059;0.0147;0.5500;0.3750;18.0222;
1007.92;0;0;0;5D;26;27;27;27;27;5EF;11A;3B2;3.2;22.6;-2.5;14.5;5.5;76.2;0.0000;0.0178;0.4000;0.6000;-0.3977;
1008.17;1;0;0;5D;26;26;26;26;26;585;11A;3B2;3.2;22.6;-29.0;14.5;5.5;76.2;0.0000;0.0200;0.0250;0.5000;-4.2911;
1008.42;1;0;0;5D;26;26;26;26;26;495;11A;3B2;3.2;23.3;-29.5;14.5;5.5;76.2;0.0000;0.0216;-0.2500;0.4750;-3.6237;
1008.67;1;0;0;5D;26;26;26;26;26;42C;11A;3B2;3.2;23.3;-30.5;14.5;5.5;76.2;0.0000;0.0267;-0.2500;0.7250;-3.4111;
1008.92;0;0;0;5D;25;25;25;25;25;421;11A;3B2;3.2;23.7;-31.0;14.5;5.5;76.2;0.0000;0.0325;-0.4250;0.8000;-3.4314;
1009.17;0;0;0;5D;25;25;25;25;25;41A;11A;3B2;3.2;23.7;-31.0;14.5;5.5;76.2;0.0000;0.0333;-0.4750;0.8250;-3.4086;
1009.42;0;0;0;5D;24;25;24;24;25;40E;11A;3B2;3.2;24.1;-31.5;14.5;5.5;76.2;0.0000;0.0347;-0.4750;0.9750;-3.4240;
1009.67;0;0;0;5D;24;24;24;24;24;404;11A;3B2;3.2;24.1;-31.5;14.5;5.5;76.2;0.0000;0.0425;-0.4250;0.8500;-3.3910;
1009.92;0;0;0;5D;23;24;23;24;24;3F3;11A;3B2;3.2;24.4;-31.5;14.4;5.5;76.2;0.0000;0.0423;-0.5500;1.0000;-3.3350;
1010.17;0;0;0;5D;23;23;23;23;23;3EA;11A;3B2;3.2;24.9;-31.5;14.4;5.5;76.2;0.0000;0.0415;-0.5250;0.8750;-3.3053;
1010.43;0;0;0;5D;22;23;23;23;23;3DD;11A;3B2;3.2;24.9;-31.5;14.4;5.5;76.2;0.0000;0.0416;-0.4750;1.0500;-3.2624;
1010.68;0;0;0;5D;22;22;22;23;22;3D1;11A;3B2;3.2;25.3;-30.0;14.4;5.5;76.2;0.0000;0.0462;-0.5000;0.8750;-3.0693;
1010.93;0;0;0;5D;22;22;22;22;22;3C9;11A;3B2;3.2;26.0;-12.0;14.4;5.5;76.2;0.0000;0.0483;-0.4000;1.0500;-1.2177;
1011.18;0;0;0;5E;22;22;22;22;22;3CA;11A;3B2;3.2;26.0;-9.0;14.4;5.5;76.2;0.0000;0.0497;-0.3250;1.0750;-0.9142;
1011.43;0;0;0;5E;21;22;21;22;22;3B8;11A;3B2;3.2;26.5;-7.0;14.5;5.5;76.2;0.0000;0.0497;-0.2750;0.9250;-0.6979;
1011.68;0;0;0;5E;21;21;21;22;21;3B9;11A;3B2;3.2;26.5;-6.0;14.5;5.5;76.2;0.0000;0.0443;-0.2500;0.7750;-0.5988;
1011.93;0;0;0;5E;21;21;21;21;21;3AC;11A;3B2;3.2;27.2;-5.5;14.5;5.5;76.2;0.0000;0.0358;-0.2000;0.6000;-0.5414;
1012.18;1;0;0;5E;21;21;21;21;21;3AF;11A;3B2;3.2;27.6;-7.5;14.5;5.5;76.2;0.0000;0.0315;-0.2250;0.7500;-0.7406;
1012.43;1;0;0;5E;21;21;21;21;21;375;11A;3B2;3.2;27.6;-4.5;14.5;5.5;76.2;0.0000;0.0251;-0.1250;0.7000;-0.4170;
1012.68;1;0;0;5E;21;21;21;21;21;374;11A;3B2;3.2;27.4;-1.0;14.4;5.5;76.2;0.0000;0.0232;-0.1500;0.6500;-0.0926;
1012.93;1;0;0;5E;21;21;21;21;21;371;11A;3B2;3.2;27.4;-0.5;14.4;5.5;76.2;0.0000;0.0232;-0.1500;0.6500;-0.0461;
1013.18;1;0;0;5E;20;21;20;20;21;3BF;11A;3B2;3.2;27.4;-32.5;14.4;5.5;76.2;0.0000;0.0253;-0.2500;0.6750;-3.2639;
1013.43;1;0;0;5E;1F;20;20;20;20;462;11A;3B2;3.2;27.4;-33.0;14.4;5.5;76.2;0.0000;0.0286;-0.6000;0.7250;-3.8774;
1013.68;1;0;0;5E;1F;1F;1F;1F;1F;4F1;11A;3B2;3.2;27.5;-33.5;14.4;5.5;76.2;0.0000;0.0443;-0.7750;1.1250;-4.4378;
1013.93;1;0;0;5E;1E;1F;1E;1F;1F;4C8;11A;3B2;3.2;27.5;-33.5;14.5;5.5;76.2;0.0000;0.0506;-0.5000;1.4000;-4.2939;
1014.18;0;0;0;5E;1E;1E;1E;1E;1E;4AE;11A;3B2;3.2;27.5;-33.0;14.5;5.5;76.2;0.0000;0.0530;-0.6500;0.8250;-4.1400;
1014.43;0;0;0;5E;1D;1E;1D;1E;1E;499;11A;3B2;3.2;27.6;-32.5;14.4;5.5;76.2;0.0000;0.0607;-0.6000;0.9250;-4.0058;
1014.68;0;0;0;5E;1D;1D;1D;1D;1D;48D;11A;3B2;3.2;27.6;-32.0;14.4;5.5;76.2;0.0000;0.0601;-0.5250;1.0000;-3.9040;
1014.93;0;0;0;5E;1C;1D;1C;1D;1D;47B;11A;3B2;3.2;27.7;-32.0;14.4;5.5;76.2;0.0000;0.0618;-0.5250;1.0250;-3.8436;
1015.18;0;0;0;5E;1C;1D;1C;1D;1C;46F;11A;3B2;3.2;27.7;-31.5;14.4;5.5;76.2;0.0000;0.0633;-0.4750;0.8750;-3.7440;
1015.44;0;0;0;5E;1C;1C;1C;1C;1C;465;11A;3B2;3.2;27.7;-31.5;14.4;5.5;76.2;0.0000;0.0633;-0.3500;1.2500;-3.7110;
1015.69;0;0;0;5E;1C;1C;1B;1C;1C;45B;11A;3B2;3.2;27.7;-31.5;14.4;5.5;76.2;0.0000;0.0630;-0.3250;0.7500;-3.6780;
1015.94;0;0;0;5E;1B;1C;1B;1C;1C;44F;11A;3B2;3.2;27.7;-31.5;14.5;5.5;76.2;0.0000;0.0582;-0.3500;0.8000;-3.6384;
1016.19;0;0;0;5E;1B;1B;1B;1B;1B;444;11A;3B2;3.2;27.7;-32.0;14.5;5.5;76.2;0.0000;0.0558;-0.3500;0.8500;-3.6593;
1016.44;0;0;0;5E;1B;1B;1B;1B;1B;438;11A;3B2;3.2;27.8;-32.0;14.5;5.5;76.2;0.0000;0.0531;-0.3500;0.9250;-3.6191;
1016.69;0;0;0;5E;1A;1A;1A;1A;1B;427;11A;3B2;3.2;28.1;-32.0;14.5;5.5;76.2;0.0000;0.0460;-0.4750;0.7000;-3.5621;
1016.94;1;1;0;5E;1A;1A;1A;1A;1A;3C9;11A;3B2;3.2;28.1;-31.5;14.5;5.5;76.2;0.0000;0.0463;-0.4500;0.7750;-3.1964;
1017.19;1;1;0;5E;19;19;19;19;19;376;11A;3B2;3.2;28.1;-4.5;14.5;5.5;76.2;0.0000;0.0475;-1.0250;0.6000;-0.4175;
1017.44;1;1;0;5E;18;19;18;19;19;36E;11A;3B2;3.2;28.1;-0.5;14.5;5.5;76.2;0.0000;0.0511;-0.8250;0.9250;-0.0460;
1017.69;1;1;0;5E;17;18;17;18;17;39D;11A;3B2;3.2;28.2;-21.5;14.5;5.5;76.2;0.0000;0.0565;-1.3500;0.7000;-2.0826;
1017.94;1;1;0;5E;16;16;16;16;16;3D2;11A;3B2;3.2;28.2;-32.5;14.5;5.5;76.2;0.0000;0.0591;-1.7250;0.7000;-3.3285;
1018.19;1;1;0;5E;14;15;14;15;15;437;11A;3B2;3.2;28.5;-33.0;14.5;5.5;76.2;0.0000;0.0598;-1.7500;0.6000;-3.7288;
1018.44;1;1;0;5E;13;14;13;14;14;4F1;11A;3B2;3.2;28.5;-34.0;14.5;5.5;76.2;0.0000;0.0600;-1.3000;0.5250;-4.5040;
1018.69;1;1;0;5E;13;13;13;13;13;4C0;11A;3B2;3.2;28.9;-33.5;14.5;5.5;76.2;0.0000;0.0600;-0.4000;0.5250;-4.2659;
1018.94;0;0;0;5E;12;13;12;13;13;4A6;11A;3B2;3.2;28.9;-33.0;14.5;5.5;76.2;0.0000;0.0600;-0.4750;0.3500;-4.1123;
1019.19;0;0;0;5E;12;12;12;12;12;49E;11A;3B2;3.2;28.9;-32.5;14.5;5.5;76.2;0.0000;0.0600;-0.5500;0.5500;-4.0228;
1019.44;0;0;0;5E;11;12;11;12;12;475;11A;3B2;3.2;28.5;-32.0;14.5;5.5;76.2;0.0000;0.0563;-0.5250;0.3500;-3.8235;
1019.69;0;0;0;5E;11;11;11;11;11;460;11A;3B2;3.2;29.0;-32.0;14.5;5.5;76.2;0.0000;0.0473;-0.5000;0.3500;-3.7532;
1019.94;0;0;0;5E;11;11;10;11;11;43B;11A;3B2;3.2;29.0;-32.0;14.5;5.5;76.2;0.0000;0.0319;-0.5250;0.2000;-3.6292;
1020.19;0;0;0;5E;10;10;10;10;10;421;11A;3B2;3.2;28.6;-32.0;14.5;5.5;76.2;0.0000;-0.0237;-0.5250;-0.5250;-3.5420;
1020.46;0;0;0;5E;10;F;10;F;10;3FA;11A;3B2;3.2;28.6;-32.0;14.5;5.5;76.2;0.0000;-0.1842;-0.6000;-0.9000;-3.4114;
1020.71;0;0;0;5E;10;F;F;E;F;3D4;11A;3B2;3.2;28.0;-28.0;14.5;5.5;76.2;0.0000;-0.2648;-0.6000;-1.3750;-2.8735;
1020.96;0;0;0;5E;10;E;F;E;F;3C0;11A;3B2;3.2;27.5;-19.0;14.5;5.5;76.2;0.0000;-0.3339;-0.5750;-1.7750;-1.9101;
1021.21;0;0;0;5D;F;E;F;D;F;3A1;11A;3B2;3.2;27.5;-4.5;14.5;5.5;76.2;0.0000;-0.3798;-0.3500;-1.5500;-0.4378;
1021.46;0;0;0;5D;10;E;F;D;E;399;11A;3B2;3.2;27.5;-4.5;14.5;5.5;76.2;0.0000;-0.4165;-0.2750;-1.4500;-0.4340;
1021.71;0;0;0;5D;F;D;F;D;E;38B;11A;3B2;3.2;26.5;-1.0;14.5;5.5;76.2;0.0510;-0.4174;-0.2750;-0.7750;-0.0950;
1021.96;0;0;0;5D;10;D;F;D;E;398;11A;3B2;3.2;25.4;-1.5;14.5;5.5;76.2;0.1098;-0.4185;-0.1250;-2.1000;-0.1445;
1022.21;0;0;0;5D;F;D;F;D;E;385;11A;3B2;3.2;25.4;11.0;14.5;5.5;76.2;0.1961;-0.4186;-0.2000;-1.6250;1.0379;
1022.46;0;0;0;5D;F;D;F;D;E;3A9;11A;3B2;3.2;24.1;26.5;14.5;5.5;76.2;0.2157;-0.3977;-0.0250;-1.7500;2.6002;
1022.71;0;0;0;5D;F;E;F;E;E;3AF;11A;3B2;3.2;22.5;50.5;14.5;5.5;76.2;0.2353;-0.3577;0.2000;-1.1750;4.9869;
1022.96;0;0;0;5D;10;E;10;E;F;3D6;11A;3B2;3.2;22.5;60.0;14.5;5.5;76.2;0.2392;-0.3066;0.5250;0.0000;6.1701;
1023.21;0;0;0;5D;10;10;10;F;10;407;11A;3B2;3.2;21.6;73.5;14.5;5.5;76.2;0.2510;-0.2289;0.6500;-0.0750;7.9355;
1023.46;0;0;0;5D;11;10;10;10;10;428;11A;3B2;3.2;21.6;76.5;14.5;5.5;76.2;0.2510;-0.1136;0.6000;0.0000;8.5238;
1023.71;0;0;0;5D;12;11;11;11;11;45B;11A;3B2;3.2;20.6;77.0;14.4;5.5;76.2;0.2471;-0.0488;0.7500;0.0000;8.9907;
1023.96;0;0;0;5D;11;11;11;12;12;47F;11A;3B2;3.2;19.5;76.0;14.4;5.5;76.2;0.2431;-0.0021;0.7000;0.5000;9.1605;
1024.21;0;0;0;5D;12;13;12;13;12;4AC;11A;3B2;3.2;19.5;74.0;14.4;5.5;76.2;0.2431;0.0391;0.6500;1.1750;9.2681;
1024.46;0;0;0;5D;12;13;13;13;13;4CD;11A;3B2;3.2;19.3;73.5;14.4;5.5;76.2;0.2431;0.0736;0.6500;0.5500;9.4595;
1024.71;0;0;0;5D;13;13;13;14;14;4BE;11A;3B2;3.2;19.2;4.0;14.4;5.5;76.2;0.0000;0.0938;0.6000;0.8000;0.5085;
1024.96;0;0;0;5D;13;14;13;14;13;4D4;11A;3B2;3.2;19.2;-18.0;14.4;5.5;76.2;0.0000;0.1067;0.0750;0.7750;-2.3298;
1025.21;0;0;0;5D;12;13;13;13;13;4C0;11A;3B2;3.2;19.7;-32.5;14.4;5.5;76.2;0.0000;0.1073;-0.2750;1.1500;-4.1385;
1025.47;0;0;0;5D;12;12;12;13;12;485;11A;3B2;3.2;19.7;-27.5;14.4;5.5;76.2;0.0000;0.1047;-0.6500;1.0250;-3.3319;
1025.72;0;0;0;5D;12;12;11;12;12;46F;11A;3B2;3.2;21.0;-19.0;14.4;5.5;76.2;0.1020;0.1037;-0.6500;1.0750;-2.2583;
1025.97;0;0;0;5D;11;11;11;12;11;46E;11A;3B2;3.2;21.0;-8.0;14.4;5.5;76.2;0.1373;0.0963;-0.5750;0.5250;-0.9500;
1026.22;0;0;0;5D;11;12;11;11;11;45A;11A;3B2;3.2;21.7;7.0;14.4;5.5;76.2;0.1373;0.0938;-0.2750;0.5000;0.8166;
1026.47;0;0;0;5D;11;11;11;11;11;459;11A;3B2;3.2;21.7;11.0;14.4;5.5;76.2;0.1451;0.0885;-0.2500;0.2500;1.2821;
1026.72;0;0;0;5D;11;12;11;11;11;459;11A;3B2;3.2;22.3;16.0;14.5;5.5;76.2;0.1490;0.0698;-0.0750;0.3250;1.8648;
1026.97;0;0;0;5D;11;12;11;11;11;45D;11A;3B2;3.2;23.0;17.5;14.5;5.5;76.2;0.1490;0.0660;0.0000;0.4500;2.0470;
1027.22;0;0;0;5D;11;11;11;11;11;455;11A;3B2;3.2;23.0;19.5;14.5;5.5;76.2;0.1412;0.0366;-0.0750;-0.7250;2.2646;
1027.47;0;0;0;5D;11;11;11;11;11;44F;11A;3B2;3.2;23.5;-8.5;14.5;5.5;76.2;0.0000;0.0015;0.0750;-0.1000;-0.9818;
1027.72;0;0;0;5D;11;11;11;11;11;42E;11A;3B2;3.2;24.1;-18.0;14.5;5.5;76.2;0.0902;-0.0270;-0.1750;-1.3250;-2.0169;
1027.97;0;0;0;5D;11;10;11;10;10;42F;11A;3B2;3.2;24.1;-9.5;14.5;5.5;76.2;0.1059;-0.0612;-0.3750;-0.8250;-1.0655;
1028.22;0;0;0;5D;10;10;11;10;10;429;11A;3B2;3.2;24.4;2.5;14.5;5.5;76.2;0.1333;-0.1148;-0.2750;-1.1500;0.2788;
1028.47;0;0;0;5D;11;10;10;10;10;41E;11A;3B2;3.2;24.4;6.5;14.5;5.5;76.2;0.1412;-0.2075;-0.2000;-0.9750;0.7174;
1028.72;0;0;0;5D;11;F;11;10;10;412;11A;3B2;3.2;24.1;19.5;14.5;5.5;76.2;0.1961;-0.2275;-0.1500;-1.9250;2.1278;
1028.97;0;0;0;5D;11;10;11;F;10;425;11A;3B2;3.2;23.5;30.5;14.4;5.5;76.2;0.2000;-0.2342;-0.0250;-1.7250;3.3888;
1029.22;0;0;0;5D;11;10;11;10;10;432;11A;3B2;3.2;23.5;41.5;14.4;5.5;76.2;0.2039;-0.2404;0.2000;-0.7000;4.6675;
1029.47;0;0;0;5D;11;10;11;10;11;439;11A;3B2;3.2;22.6;47.0;14.4;5.5;76.2;0.2078;-0.2452;0.1500;-1.1000;5.3205;
1029.72;0;0;0;5D;12;10;11;10;11;447;11A;3B2;3.2;22.6;47.5;14.4;5.5;76.2;0.2039;-0.2532;0.2000;-1.3250;5.4467;
1029.97;0;0;0;5D;12;11;11;10;11;44E;11A;3B2;3.2;21.4;48.0;14.4;5.5;76.2;0.2078;-0.2536;0.1750;-1.8000;5.5393;
1030.22;0;0;0;5D;11;11;11;11;11;45E;11A;3B2;3.2;21.4;51.0;14.4;5.5;76.2;0.2196;-0.2530;0.1750;-1.8750;5.9709;
1030.48;0;0;0;5D;12;11;12;11;11;45C;11A;3B2;3.2;20.4;57.5;14.4;5.5;76.2;0.2353;-0.2354;0.1250;-1.5000;6.7199;
1030.73;0;0;0;5D;12;11;12;11;11;476;11A;3B2;3.2;19.7;66.0;14.4;5.5;76.2;0.2471;-0.2227;0.0750;-1.1750;7.8929;
1030.98;0;0;0;5D;13;11;13;11;12;48D;11A;3B2;3.2;19.7;69.0;14.4;5.5;76.2;0.2431;-0.2235;0.4000;-2.0250;8.4179;
1031.23;0;0;0;5D;13;12;13;12;12;4AA;11A;3B2;3.2;18.9;75.0;14.4;5.5;76.2;0.2510;-0.2221;0.4500;-2.1500;9.3777;
1031.48;0;0;0;5D;13;12;13;12;13;4B2;11A;3B2;3.2;17.9;77.0;14.4;5.5;76.2;0.2431;-0.2192;0.2500;-1.6750;9.6922;
1031.73;0;0;0;5D;14;12;13;13;13;4AE;11A;3B2;3.2;17.9;77.5;14.4;5.5;76.2;0.2510;-0.2145;0.0750;-1.6500;9.7227;
1031.98;0;0;0;5D;14;12;13;12;13;4CD;11A;3B2;3.2;17.3;75.5;14.4;5.5;76.2;0.2510;-0.2128;0.1750;-1.3500;9.7169;
1032.23;0;0;0;5D;13;12;13;12;13;4D2;11A;3B2;3.2;17.3;77.0;14.4;5.5;76.2;0.2510;-0.2097;0.0750;-1.4250;9.9503;
1032.48;0;0;0;5D;14;13;14;12;13;4D6;11A;3B2;3.2;16.5;77.0;14.4;5.5;76.2;0.2510;-0.1916;0.0250;-1.2500;9.9825;
1032.73;0;0;0;5D;14;13;14;12;13;4D5;11A;3B2;3.2;15.9;79.5;14.4;5.5;76.2;0.2510;-0.1757;0.0500;-1.0500;10.2983;
1032.98;0;0;0;5D;13;13;13;13;13;4D7;11A;3B2;3.2;15.9;80.0;14.4;5.5;76.2;0.2510;-0.1595;0.0000;-1.3750;10.3798;
1033.23;0;0;0;5D;14;13;13;12;13;4E3;11A;3B2;3.2;16.0;76.5;14.4;5.5;76.2;0.2471;-0.1412;0.0750;-0.8250;10.0218;
1033.48;0;0;0;5D;14;13;14;13;13;4DE;11A;3B2;3.2;16.0;75.5;14.4;5.5;76.2;0.2431;-0.0936;0.0500;-0.5750;9.8513;
1033.73;0;0;0;5D;14;14;13;13;13;4F2;11C;3B2;3.2;16.0;69.0;14.4;5.5;76.2;0.2235;-0.0553;0.1500;-0.3250;9.1477;
1033.98;0;0;0;5D;14;13;14;14;14;4EE;11C;3B2;3.2;16.0;61.0;14.4;5.5;76.2;0.2157;-0.0297;0.1250;0.4250;8.0615;
1034.23;0;0;0;5D;14;14;13;14;14;500;11C;3B2;3.2;16.0;53.0;14.4;5.5;76.2;0.2078;0.0080;0.1000;0.0500;7.1042;
1034.48;0;0;0;5D;14;14;14;14;14;4F9;11C;3B2;3.2;16.4;52.0;14.4;5.5;76.2;0.2078;0.0130;0.1000;0.5500;6.9320;
1034.73;0;0;0;5D;14;14;14;14;14;504;11C;3B2;3.2;16.4;45.5;14.4;5.5;76.2;0.1961;0.0106;0.1250;0.0000;6.1179;
1034.98;0;0;0;5D;14;14;14;14;14;527;11C;3B2;3.2;17.1;41.5;14.4;5.5;76.2;0.1961;0.0241;0.2500;0.4750;5.7322;
1035.23;0;0;0;5D;14;15;14;15;14;52E;11C;3B2;3.2;17.1;40.0;14.5;5.5;76.2;0.1961;0.0385;0.2250;0.4500;5.5543;
1035.50;0;0;0;5D;14;15;14;15;15;51C;11C;3B2;3.2;17.5;37.5;14.5;5.5;76.2;0.1961;0.0628;0.1500;-0.3250;5.1365;
1035.75;0;0;0;5E;15;15;15;15;15;537;11C;3B2;3.2;18.4;39.0;14.5;5.5;76.2;0.1765;0.0697;0.1750;0.1000;5.4522;
1036.00;0;0;0;5E;14;15;14;15;15;52E;11C;3B2;3.2;18.4;-5.0;14.5;5.5;76.2;0.0000;0.0722;0.0000;0.3250;-0.6943;
1036.25;0;0;0;5E;14;14;14;15;14;519;11C;3B2;3.2;19.3;-22.0;14.5;5.5;76.2;0.0000;0.0788;-0.1500;1.3250;-3.0065;
1036.50;0;0;0;5E;13;14;13;14;14;4F8;11C;3B2;3.2;20.3;-28.5;14.5;5.5;76.2;0.0000;0.0996;-0.5250;0.5250;-3.7963;
1036.75;0;0;0;5E;13;14;13;13;13;4DF;11C;3B2;3.2;20.3;-14.5;14.5;5.5;76.2;0.1059;0.1053;-0.6750;0.7750;-1.8935;
1037.00;0;0;0;5E;12;13;12;13;13;4CE;11C;3B2;3.2;21.5;-1.5;14.5;5.5;76.2;0.1098;0.1123;-0.5000;0.4500;-0.1932;
1037.25;0;0;0;5E;12;13;13;13;13;4B6;11C;3B2;3.2;21.5;0.5;14.4;5.5;76.2;0.1137;0.1180;-0.4250;0.6750;0.0631;
1037.50;0;0;0;5E;12;13;12;13;12;4AB;11C;3B2;3.2;22.4;-5.0;14.4;5.5;76.2;0.0000;0.1158;-0.2500;0.2750;-0.6257;
1037.75;0;0;0;5E;12;12;12;13;12;48C;11C;3B2;3.2;23.1;-12.0;14.4;5.5;76.2;0.0000;0.1127;-0.2000;0.5750;-1.4627;
1038.00;0;0;0;5E;11;12;11;12;12;476;11C;3B2;3.2;23.1;-31.0;14.4;5.5;76.2;0.0000;0.1025;-0.5250;0.2750;-3.7073;
1038.25;0;0;0;5E;11;11;11;11;11;458;11C;3B2;3.2;23.1;-31.0;14.4;5.5;76.2;0.0000;0.0791;-0.6500;0.7000;-3.6099;
1038.50;0;0;0;5E;11;10;10;11;10;43C;11C;3B2;3.2;24.0;-31.0;14.5;5.5;76.2;0.0000;0.0318;-0.6000;-0.1250;-3.5190;
1038.75;0;0;0;5E;10;10;10;10;10;40A;11C;3B2;3.2;24.6;-31.5;14.5;5.5;76.2;0.0000;0.0258;-0.6500;-0.0500;-3.4108;
1039.00;0;0;0;5E;F;F;F;10;F;40B;11C;3B2;3.2;24.6;-31.5;14.5;5.5;76.2;0.0000;0.0119;-0.6000;0.1500;-3.4141;
1039.25;0;0;0;5E;F;10;F;F;F;3CE;11C;3B2;3.2;24.7;-26.0;14.5;5.5;76.2;0.0000;0.0135;-0.6000;-0.4250;-2.6519;
1039.50;0;0;0;5E;E;E;E;E;E;3AE;11C;3B2;3.2;25.1;2.5;14.5;5.5;76.2;0.0000;0.0225;-0.7750;0.0000;0.2466;
1039.75;0;0;0;5E;E;E;E;E;E;3A8;11C;3B2;3.2;25.1;16.5;14.5;5.5;76.2;0.0000;0.0325;-0.4250;0.0500;1.6173;
1040.00;0;0;0;5E;E;D;E;E;E;38B;11C;3B2;3.2;25.3;30.0;14.5;5.5;76.2;0.0627;0.0333;-0.3500;0.5250;2.8494;
1040.25;0;0;0;5E;E;E;E;E;E;396;11C;3B2;3.2;25.3;21.5;14.4;5.5;76.2;0.0000;0.0319;-0.0250;-0.5250;2.0669;
1040.51;0;0;0;5E;F;E;E;E;E;389;11C;3B2;3.2;25.1;15.0;14.4;5.5;76.2;0.1333;0.0347;-0.1000;0.0500;1.4216;
1040.76;0;0;0;5E;E;E;E;E;E;388;11C;3B2;3.2;24.7;15.0;14.4;5.5;76.2;0.1961;0.0360;-0.1250;-0.1750;1.4200;
1041.01;0;0;0;5E;E;E;E;E;E;3A3;11C;3B2;3.2;24.7;48.0;14.5;5.5;76.2;0.2510;0.0377;-0.0500;0.0750;4.6797;
1041.26;0;0;0;5E;E;F;F;E;E;3B0;11C;3B2;3.2;24.5;71.5;14.5;5.5;76.2;0.2627;0.0577;0.1750;0.1000;7.0682;
1041.51;0;0;0;5E;F;F;F;F;F;3D7;11C;3B2;3.2;23.9;78.5;14.5;5.5;76.2;0.2471;0.0788;0.5250;0.2250;8.0808;
1041.76;0;0;0;5E;F;10;F;10;F;405;11C;3B2;3.2;23.9;77.0;14.5;5.5;76.2;0.2471;0.0966;0.7000;0.2000;8.2973;
1042.01;0;0;0;5E;10;11;10;11;11;447;11C;3B2;3.2;23.4;75.5;14.5;5.5;76.2;0.2471;0.1045;0.8000;1.1250;8.6574;
1042.26;0;0;0;5E;11;11;11;12;11;46C;11C;3B2;3.2;23.4;73.5;14.5;5.5;76.2;0.2275;0.1158;0.8750;0.2250;8.7129;
1042.51;0;0;0;5E;11;13;12;13;12;4B0;11C;3B2;3.2;23.0;62.0;14.5;5.5;76.2;0.1961;0.1583;0.9000;1.2000;7.7911;
1042.76;0;0;0;5E;13;13;12;13;13;4B4;11C;3B2;3.2;23.0;42.0;14.5;5.5;76.2;0.1843;0.1848;0.8000;1.6250;5.2955;
1043.01;0;0;0;5E;12;14;12;14;13;4CF;11C;3B2;3.2;22.7;32.0;14.4;5.5;76.2;0.1725;0.1898;0.3250;1.4750;4.1251;
1043.26;0;0;0;5E;12;13;12;13;13;4BB;11C;3B2;3.2;22.7;31.0;14.4;5.5;76.2;0.1608;0.1960;0.2000;0.9250;3.9313;
1043.51;0;0;0;5E;12;14;12;13;13;4D4;11C;3B2;3.2;23.1;27.5;14.4;5.5;76.2;0.1725;0.1965;0.0750;1.2500;3.5594;
1043.76;0;0;0;5E;12;13;12;13;13;4CB;11C;3B2;3.2;23.5;29.5;14.4;5.5;76.2;0.1765;0.1958;0.0000;0.8000;3.7905;
1044.01;0;0;0;5E;12;14;12;14;13;4C7;11C;3B2;3.2;23.5;33.5;14.4;5.5;76.2;0.1804;0.1938;-0.0500;0.5000;4.2904;
1044.26;0;0;0;5E;12;13;12;14;13;4CB;11C;3B2;3.2;23.6;35.5;14.5;5.5;76.2;0.1843;0.1865;0.0000;0.4250;4.5614;
1044.51;0;0;0;5E;12;14;13;14;13;4CF;11C;3B2;3.2;24.1;39.5;14.5;5.5;76.2;0.2039;0.1800;0.0250;0.2750;5.0919;
1044.76;0;0;0;5E;13;14;12;13;13;4DC;11C;3B2;3.2;24.1;44.5;14.5;5.5;76.2;0.2196;0.1607;0.0500;0.1000;5.7971;
1045.01;0;0;0;5E;13;15;13;14;13;505;11C;3B2;3.2;24.5;53.5;14.5;5.5;76.2;0.2235;0.1540;0.3250;0.2750;7.1992;
1045.26;0;0;0;5E;14;14;13;14;14;512;11C;3B2;3.2;24.5;57.0;14.5;5.5;76.2;0.2235;0.1168;0.3250;0.5250;7.7478;
1045.52;0;0;0;5E;14;15;14;15;14;521;11C;3B2;3.2;24.3;57.5;14.5;5.5;76.2;0.2314;0.1095;0.3250;0.5250;7.9061;
1045.77;0;0;0;5E;14;15;14;15;14;52D;11C;3B2;3.2;24.6;64.5;14.5;5.5;76.2;0.2431;0.0855;0.2250;1.4500;8.9496;
1046.02;0;0;0;5E;14;15;14;15;15;542;11C;3B2;3.2;24.6;75.0;14.5;5.5;76.2;0.2784;0.0548;0.2250;-0.6000;10.5715;
1046.27;0;0;0;5E;15;15;15;15;15;573;11C;3B2;3.2;24.7;86.0;14.5;5.5;76.2;0.3020;0.0343;0.4000;0.8750;12.5632;
1046.52;0;0;0;5E;16;16;16;16;16;5A4;11C;3B2;3.2;24.7;103.0;14.4;5.5;76.2;0.3020;0.0297;0.7500;0.5250;15.5752;
1046.77;0;0;0;5E;17;17;17;17;17;5C9;11C;3B2;3.2;24.2;107.0;14.4;5.5;76.2;0.3020;0.0118;0.8500;0.4000;16.5946;
1047.02;0;0;0;5E;18;18;18;18;18;615;11C;3B2;3.2;24.2;111.5;14.4;5.5;76.2;0.3216;-0.0053;1.0250;-0.5750;18.1799;
1047.27;0;0;0;5E;18;19;19;19;19;637;11C;3B2;3.2;23.7;122.0;14.4;5.5;76.2;0.3412;0.0025;0.8500;0.2750;20.3263;
1047.52;0;0;0;5E;1A;1A;1A;1A;1A;68F;11C;3B2;3.2;22.8;130.0;14.4;5.5;76.2;0.3412;0.0092;1.0250;-0.1000;22.8572;
1047.77;0;0;0;5E;1B;1B;1B;1B;1B;6CC;11C;3B2;3.2;22.8;130.0;14.5;5.5;76.2;0.3412;0.0092;1.1500;-0.3250;23.6876;
1048.02;0;0;0;5E;1C;1C;1C;1C;1C;713;11C;3B2;3.2;21.7;132.0;14.5;5.5;76.2;0.3412;0.0092;1.0500;0.2250;25.0335;
1048.27;0;0;0;5E;1D;1D;1D;1D;1D;752;11C;3B2;3.2;21.7;128.5;14.5;5.5;76.2;0.3333;0.0023;1.1500;0.2250;25.2175;
1048.52;0;0;0;5E;1E;1E;1E;1E;1E;79C;11C;3B2;3.2;21.0;123.5;14.5;5.5;76.2;0.2902;-0.0055;1.1500;0.1750;25.1933;
1048.77;0;0;0;5E;1F;1F;1F;1F;1F;782;11C;3B2;3.2;20.1;10.5;14.4;5.5;76.2;0.0000;-0.0078;1.0250;0.0000;2.1133;
1049.02;1;0;0;5E;1F;1E;1E;1E;1F;717;11C;3B2;3.2;20.1;-34.0;14.4;5.5;76.2;0.0000;-0.0092;0.0750;0.2500;-6.4623;
1049.27;1;0;0;5E;1E;1E;1E;1E;1E;679;11C;3B2;3.2;19.6;-34.0;14.4;5.5;76.2;0.0000;-0.0125;-0.1250;-0.1750;-5.8997;
1049.52;1;0;0;5E;1E;1E;1E;1E;1E;592;11C;3B2;3.2;20.0;-17.0;14.4;5.5;76.2;0.0745;-0.0190;-0.2500;0.0000;-2.5386;
1049.77;1;0;0;5E;1E;1E;1E;1E;1E;492;11C;3B2;3.2;20.0;-2.5;14.4;5.5;76.2;0.1176;-0.0208;-0.0500;-0.4000;-0.3063;
1050.02;0;0;0;5E;1E;1E;1E;1E;1E;4B1;11C;3B2;3.2;19.9;16.0;14.4;5.5;76.2;0.1373;-0.0268;-0.1500;0.2250;2.0123;
1050.27;0;0;0;5E;1E;1E;1E;1E;1E;4A4;11C;3B2;3.2;19.9;-10.0;14.5;5.5;76.2;0.0000;-0.0288;-0.1250;-0.8750;-1.2441;
1050.55;0;0;0;5E;1E;1D;1E;1E;1E;490;11C;3B2;3.2;19.8;-27.5;14.5;5.5;76.2;0.0000;-0.0288;-0.1250;-0.3750;-3.3636;
1050.80;0;0;0;5E;1D;1D;1D;1D;1D;493;11C;3B2;3.2;19.8;-31.0;14.5;5.5;76.2;0.0000;-0.0288;-0.3250;-0.1250;-3.8014;
1051.05;0;0;0;5E;1D;1D;1D;1D;1D;48A;11C;3B2;3.2;20.4;-31.0;14.5;5.5;76.2;0.0000;-0.0289;-0.3500;-0.1750;-3.7722;
1051.30;0;0;0;5E;1D;1C;1D;1D;1D;481;11C;3B2;3.2;21.0;-31.0;14.5;5.5;76.2;0.0000;-0.0271;-0.2750;-0.1000;-3.7430;
1051.55;0;0;0;5E;1D;1C;1D;1C;1D;475;11C;3B2;3.2;21.0;-31.0;14.5;5.5;76.2;0.0000;-0.0268;-0.3250;-0.2750;-3.7040;
1051.80;0;0;0;5E;1C;1C;1C;1C;1C;46A;11C;3B2;3.2;21.4;-31.0;14.5;5.5;76.2;0.0000;-0.0262;-0.3250;-0.0500;-3.6683;
1052.05;0;0;0;5E;1C;1C;1C;1C;1C;463;11C;3B2;3.2;21.4;-31.0;14.5;5.5;76.2;0.0000;-0.0210;-0.2500;-0.0250;-3.6456;
1052.30;0;0;0;5E;1C;1C;1C;1C;1C;459;11C;3B2;3.2;21.9;-31.5;14.5;5.5;76.2;0.0000;-0.0149;-0.3250;-0.0750;-3.6714;
1052.55;0;0;0;5E;1B;1B;1B;1B;1C;44E;11C;3B2;3.2;22.5;-31.5;14.5;5.5;76.2;0.0000;-0.0155;-0.3250;-0.1750;-3.6351;
1052.80;0;0;0;5E;1B;1B;1B;1B;1B;44B;11C;3B2;3.2;22.5;-31.5;14.5;5.5;76.2;0.0000;-0.0208;-0.3250;-0.2000;-3.6252;
1053.05;0;0;0;5E;1B;1B;1B;1B;1B;431;11C;3B2;3.2;23.2;-31.5;14.5;5.5;76.2;0.0000;-0.0198;-0.3250;-0.2000;-3.5395;
1053.30;0;0;0;5E;1B;1A;1A;1A;1B;435;11C;3B2;3.2;23.2;-31.5;14.5;5.5;76.2;0.0000;-0.0138;-0.2250;0.0000;-3.5527;
1053.55;0;0;0;5E;1B;1A;1B;1A;1B;426;11C;3B2;3.2;23.2;-32.0;14.5;5.5;76.2;0.0000;-0.0110;-0.2750;0.7750;-3.5588;
1053.80;0;0;0;5E;1A;1A;1A;19;1A;417;11C;3B2;3.2;23.0;-32.0;14.5;5.5;76.2;0.0000;-0.0075;-0.4500;-0.5000;-3.5085;
1054.05;0;0;0;5E;1A;1A;1A;1A;1A;412;11C;3B2;3.2;23.0;-32.0;14.5;5.5;76.2;0.0000;-0.0038;-0.3750;-0.1500;-3.4918;
1054.30;0;0;0;5E;19;19;19;19;1A;405;11C;3B2;3.2;23.5;-32.0;14.4;5.5;76.2;0.0000;-0.0038;-0.3250;-0.2000;-3.4482;
1054.55;0;0;0;5E;19;19;19;19;19;3F3;11C;3B2;3.2;23.6;-32.0;14.4;5.5;76.2;0.0000;-0.0038;-0.3500;0.0000;-3.3879;
1054.80;0;0;0;5E;19;19;19;19;19;3E8;11C;3B2;3.2;23.6;-32.0;14.4;5.5;76.2;0.0000;-0.0038;-0.3500;-0.1750;-3.3510;
1055.05;1;0;0;5E;19;18;18;19;19;3D0;11C;3B2;3.2;23.6;-32.0;14.5;5.5;76.2;0.0000;-0.0073;-0.3750;-0.4750;-3.2706;
1055.30;1;1;0;5E;18;18;19;18;19;368;11C;3B2;3.2;23.4;0.0;14.4;5.5;76.2;0.0000;-0.0185;0.0250;-0.4000;0.0000;
1055.56;1;1;0;5E;18;18;18;18;18;367;11C;3B2;3.2;23.5;0.5;14.4;5.5;76.2;0.0000;-0.0208;-0.5500;-0.4000;0.0456;
1055.81;1;1;0;5E;18;18;18;18;18;379;11C;3B2;3.2;23.5;0.5;14.4;5.5;76.2;0.0000;-0.0198;-0.2250;-0.4250;0.0465;
1056.06;1;0;0;5E;18;18;18;17;18;39A;11C;3B2;3.2;23.3;-24.5;14.4;5.5;76.2;0.0000;-0.0063;-0.5000;0.1250;-2.3655;
1056.31;1;0;0;5E;17;17;17;17;17;3C2;11C;3B2;3.2;23.4;-32.5;14.4;5.5;76.2;0.0000;-0.0033;-0.7250;-0.5250;-3.2741;
1056.56;1;0;0;5E;16;16;16;16;16;419;11C;3B2;3.2;23.4;-33.0;14.5;5.5;76.2;0.0000;-0.0003;-0.7500;-0.6500;-3.6251;
1056.81;1;0;0;5E;15;15;15;15;15;4BB;11C;3B2;3.2;23.7;-33.5;14.5;5.5;76.2;0.0000;0.0048;-0.8750;-1.0250;-4.2483;
1057.06;1;0;0;5E;15;15;14;14;15;531;11C;3B2;3.2;23.7;-34.5;14.5;5.5;76.2;0.0000;0.0149;-0.8750;-0.0500;-4.8015;
1057.31;1;0;0;5E;14;14;14;14;14;505;11C;3B2;3.2;23.7;-34.0;14.5;5.5;76.2;0.0000;0.0216;-0.7500;0.0250;-4.5752;
1057.56;1;0;0;5E;14;13;13;14;14;4E2;11C;3B2;3.2;23.7;-33.0;14.5;5.5;76.2;0.0000;0.0379;-0.6500;-0.6000;-4.3197;
1057.81;0;0;0;5E;13;12;13;13;13;4C3;11C;3B2;3.2;23.7;-32.5;14.4;5.5;76.2;0.0000;0.0522;-0.5500;-0.0750;-4.1487;
1058.06;0;0;0;5E;12;13;12;13;13;4AB;11C;3B2;3.2;23.6;-32.5;14.4;5.5;76.2;0.0000;0.0938;-0.5500;0.8250;-4.0671;
1058.31;0;0;0;5E;12;12;12;12;12;48E;11C;3B2;3.2;24.0;-32.0;14.4;5.5;76.2;0.0000;0.0970;-0.5500;0.2000;-3.9073;
1058.56;0;0;0;5E;11;12;11;12;12;46C;11C;3B2;3.2;24.0;-28.0;14.4;5.5;76.2;0.0549;0.0985;-0.5750;-0.2000;-3.3192;
1058.81;0;0;0;5E;11;11;11;11;11;434;11C;3B2;3.2;24.2;-11.5;14.5;5.5;76.2;0.1059;0.0985;-0.7500;0.3500;-1.2958;
1059.06;0;0;0;5E;10;11;10;10;10;43C;11C;3B2;3.2;24.2;-4.0;14.5;5.5;76.2;0.1412;0.0977;-0.6000;-0.1750;-0.4541;
1059.31;0;0;0;5E;10;10;10;11;10;43B;11C;3B2;3.2;24.2;13.0;14.5;5.5;76.2;0.1804;0.1003;-0.1250;0.2500;1.4743;
1059.56;0;0;0;5E;10;11;11;11;11;447;11C;3B2;3.2;24.2;25.5;14.5;5.5;76.2;0.2118;0.1123;0.1250;1.1000;2.9240;
1059.81;0;0;0;5E;11;12;11;12;11;460;11C;3B2;3.2;24.5;45.0;14.5;5.5;76.2;0.2235;0.1147;0.4250;0.1250;5.2779;
1060.06;0;0;0;5E;12;12;12;12;12;490;11C;3B2;3.2;24.5;53.5;14.5;5.5;76.2;0.2314;0.1115;0.5250;0.7000;6.5437;
1060.31;0;0;0;5E;12;12;12;13;12;4B4;11C;3B2;3.2;24.5;62.0;14.4;5.5;76.2;0.2314;0.0948;0.5500;0.4250;7.8171;
1060.58;0;0;0;5E;13;14;13;13;13;4C7;11C;3B2;3.2;24.2;69.0;14.4;5.5;76.2;0.2549;0.0725;0.6500;-0.2750;8.8370;
1060.83;0;0;0;5E;14;13;14;14;14;513;11C;3B2;3.2;24.2;81.0;14.4;5.5;76.2;0.2667;0.0538;0.8000;-0.6500;11.0185;
1061.08;0;0;0;5E;15;15;15;15;15;544;11C;3B2;3.2;23.7;86.0;14.5;5.5;76.2;0.2706;0.0311;0.9000;-0.5000;12.1400;
1061.33;0;0;0;5E;16;16;16;16;16;589;11C;3B2;3.2;23.2;87.0;14.5;5.5;76.2;0.2627;0.0273;0.9000;0.1500;12.9097;
1061.58;0;0;0;5E;17;17;17;17;17;5BA;11C;3B2;3.2;23.2;83.5;14.5;5.5;76.2;0.2588;0.0256;1.0000;-0.1250;12.8188;
1061.83;0;0;0;5E;17;18;18;18;18;5F9;11C;3B2;3.2;22.9;82.5;14.5;5.5;76.2;0.2588;0.0264;0.9000;0.0000;13.2096;
1062.08;0;0;0;5E;18;19;18;18;18;60C;11C;3B2;3.2;22.6;82.5;14.5;5.5;76.2;0.2588;0.0225;0.7250;-0.0750;13.3738;
1062.33;0;0;0;5E;19;19;19;19;19;60C;11C;3B2;3.2;22.6;6.5;14.5;5.5;76.2;0.0000;0.0193;0.5750;-0.2500;1.0537;
1062.58;0;0;0;5E;18;18;18;18;19;628;11C;3B2;3.2;21.9;-19.0;14.5;5.5;76.2;0.0000;0.0130;0.0000;0.4500;-3.1357;
1062.83;0;0;0;5E;18;18;18;18;18;606;11C;3B2;3.2;21.9;-33.5;14.5;5.5;76.2;0.0000;0.0092;-0.2750;-0.1500;-5.4095;
1063.08;0;0;0;5E;17;17;17;17;18;5ED;11C;3B2;3.2;22.1;-35.0;14.5;5.5;76.2;0.0000;0.0045;-0.5000;-0.0250;-5.5601;
1063.33;0;0;0;5E;17;17;17;17;17;5C9;11C;3B2;3.2;22.1;-34.5;14.5;5.5;76.2;0.0000;0.0050;-0.5750;0.5250;-5.3506;
1063.58;0;0;0;5E;16;16;16;16;16;5AC;11C;3B2;3.2;22.3;-34.0;14.5;5.5;76.2;0.0000;0.0056;-0.6000;-0.1250;-5.1698;
1063.83;0;0;0;5E;16;16;16;16;16;581;11C;3B2;3.2;22.3;-33.5;14.5;5.5;76.2;0.0000;0.0056;-0.6500;0.0000;-4.9429;
1064.08;0;0;0;5E;15;15;15;15;15;55F;11C;3B2;3.2;22.0;-33.0;14.5;5.5;76.2;0.0000;0.0056;-0.5750;0.3250;-4.7517;
1064.33;0;0;0;5E;15;15;15;15;15;53A;11C;3B2;3.2;22.3;-33.0;14.5;5.5;76.2;0.0000;0.0056;-0.6000;0.0500;-4.6238;
1064.58;0;0;0;5E;14;14;14;14;14;519;11C;3B2;3.2;22.3;-32.5;14.5;5.5;76.2;0.0000;0.0062;-0.6000;0.1750;-4.4414;
1064.83;0;0;0;5E;14;13;14;14;14;4F2;11C;3B2;3.2;22.7;-32.0;14.5;5.5;76.2;0.0000;0.0062;-0.6000;-0.1500;-4.2424;
1065.08;0;0;0;5E;13;13;13;13;13;4DB;11C;3B2;3.2;23.3;-31.5;14.5;5.5;76.2;0.0000;0.0067;-0.6500;0.2000;-4.1002;
1065.33;0;0;0;5E;12;12;12;13;13;4A9;11C;3B2;3.2;23.3;-31.5;14.5;5.5;76.2;0.0000;0.0067;-0.6500;-0.0500;-3.9353;
1065.59;0;0;0;5E;12;12;12;12;12;495;11C;3B2;3.2;23.7;-25.5;14.5;5.5;76.2;0.0314;0.0067;-0.6750;0.2750;-3.1323;
1065.84;0;0;0;5E;11;11;11;11;11;461;11C;3B2;3.2;23.7;-14.5;14.5;5.5;76.2;0.1294;0.0064;-0.6000;-0.1750;-1.7022;
1066.09;0;0;0;5E;11;11;11;11;11;478;11C;3B2;3.2;24.0;20.0;14.5;5.5;76.2;0.2157;0.0051;-0.3250;-0.0500;2.3960;
1066.34;0;0;0;5E;12;12;11;12;12;478;11C;3B2;3.2;24.5;40.5;14.5;5.5;76.2;0.2196;0.0023;0.0250;0.1250;4.8519;
1066.59;0;0;0;5E;12;11;12;12;12;468;11C;3B2;3.2;24.5;51.5;14.5;5.5;76.2;0.2196;0.0007;0.2000;-0.4500;6.0834;
1066.84;0;0;0;5E;12;12;12;12;12;48F;11C;3B2;3.2;24.2;57.5;14.5;5.5;76.2;0.2157;-0.0103;0.2250;-0.1500;7.0270;
1067.09;0;0;0;5E;12;13;12;13;12;49F;11C;3B2;3.2;23.5;56.0;14.5;5.5;76.2;0.2157;-0.0177;0.2000;-0.0250;6.9375;
1067.34;0;0;0;5E;12;13;12;13;13;4B4;11C;3B2;3.2;23.5;55.5;14.5;5.5;76.2;0.2157;-0.0135;0.2250;-1.1750;6.9976;
1067.59;0;0;0;5E;13;13;13;13;13;4C1;11C;3B2;3.2;23.5;56.5;14.5;5.5;76.2;0.2157;-0.0128;0.2500;0.7000;7.2006;
1067.84;0;0;0;5E;13;13;13;13;13;4D8;11C;3B2;3.2;23.2;56.5;14.5;5.5;76.2;0.2196;-0.0128;0.2500;-0.4000;7.3367;
1068.09;0;0;0;5E;13;14;14;14;13;4DD;11C;3B2;3.2;22.7;58.0;14.5;5.5;76.2;0.2235;-0.0122;0.3250;0.1750;7.5618;
1068.34;0;0;0;5E;13;13;14;13;14;4FE;11C;3B2;3.2;22.7;58.5;14.5;5.5;76.2;0.2196;-0.0105;0.3500;0.3500;7.8292;
1068.59;0;0;0;5E;14;14;13;14;14;507;11C;3B2;3.2;22.2;58.5;14.5;5.5;76.2;0.2235;-0.0064;0.2750;-0.1000;7.8843;
1068.84;0;0;0;5E;14;14;14;14;14;520;11C;3B2;3.2;22.2;59.0;14.5;5.5;76.2;0.2275;-0.0043;0.2750;-0.1000;8.1061;
1069.09;0;0;0;5E;15;14;15;15;14;52A;11C;3B2;3.2;21.7;60.0;14.5;5.5;76.2;0.2275;0.0086;0.2750;0.0000;8.3064;
1069.34;0;0;0;5E;14;15;15;15;15;53F;11C;3B2;3.2;21.1;62.5;14.5;5.5;76.2;0.2314;0.0096;0.3500;-0.2750;8.7899;
1069.59;0;0;0;5E;14;15;15;15;15;55A;11C;3B2;3.2;21.1;68.0;14.5;5.5;76.2;0.2471;0.0095;0.3500;-0.9000;9.7557;
1069.84;0;0;0;5E;15;16;15;16;16;57A;11E;3B2;3.2;20.9;76.5;14.4;5.5;76.2;0.2784;0.0136;0.3750;-0.0250;11.2315;
1070.09;0;0;0;5E;16;16;16;16;16;58F;11E;3B2;3.2;20.4;89.0;14.4;5.5;76.2;0.2824;0.0130;0.5500;-0.1500;13.2624;
1070.34;0;0;0;5E;17;17;17;17;17;5CA;11E;3B2;3.2;20.4;98.0;14.4;5.5;76.2;0.3176;0.0147;0.6750;0.0000;15.2091;
1070.61;0;0;0;5E;18;18;18;18;18;60C;11E;3B2;3.2;20.0;114.5;14.4;5.5;76.2;0.3216;0.0135;0.8250;-0.1250;18.5612;
1070.86;0;0;0;5E;18;19;19;19;19;635;11E;3B2;3.2;20.0;119.0;14.4;5.5;76.2;0.3216;0.0001;0.8750;0.1000;19.8016;
1071.11;0;0;0;5E;1A;19;1A;1A;1A;680;11E;3B2;3.2;20.0;118.5;14.4;5.5;76.2;0.3216;-0.0033;1.0000;0.1000;20.6491;
1071.36;0;0;0;5E;1B;1B;1B;1B;1B;6B9;11E;3B2;3.2;19.9;116.0;14.5;5.5;76.2;0.3137;-0.0138;1.1250;-0.0500;20.9058;
1071.61;0;0;0;5E;1C;1C;1C;1C;1C;6F6;11E;3B2;3.2;19.9;113.0;14.5;5.5;76.2;0.3098;-0.0147;0.9750;0.4250;21.0870;
1071.86;0;0;0;5E;1C;1C;1C;1D;1C;72A;11E;3B2;3.2;19.9;110.5;14.5;5.5;76.2;0.3059;-0.0174;1.0000;0.0750;21.2222;
1072.11;0;0;0;5E;1D;1D;1D;1D;1D;769;11E;3B2;3.2;19.7;104.0;14.5;5.5;76.2;0.2902;-0.0203;0.9250;-0.4500;20.6600;
1072.36;0;0;0;5E;1E;1E;1E;1E;1E;786;11E;3B2;3.2;19.6;98.5;14.4;5.5;76.2;0.2863;-0.0253;0.8500;-0.4000;19.8665;
1072.61;0;0;0;5E;1F;1F;1F;1F;1F;786;11E;3B2;3.2;19.6;8.5;14.4;5.5;76.2;0.0000;-0.0262;0.8250;0.3500;1.7144;
1072.86;1;0;0;5E;1F;1F;1F;1F;1F;75C;11E;3B2;3.2;19.5;-35.0;14.4;5.5;76.2;0.0000;-0.0240;0.3500;-0.3500;-6.9052;
1073.11;1;0;0;5E;1E;1E;1E;1E;1E;66C;11E;3B2;3.2;19.7;-33.5;14.5;5.5;76.2;0.0000;-0.0215;-0.2750;-0.0250;-5.7673;
1073.36;1;0;0;5E;1E;1E;1E;1E;1E;5C8;11E;3B2;3.2;19.7;-33.5;14.5;5.5;76.2;0.0706;-0.0216;-0.2250;0.0000;-5.1920;
1073.61;1;0;0;5E;1E;1E;1E;1E;1E;48E;11E;3B2;3.2;20.0;36.0;14.5;5.5;76.2;0.1961;-0.0215;-0.0250;-0.0500;4.3957;
1073.86;0;0;0;5E;1E;1E;1E;1E;1E;4B3;11E;3B2;3.2;20.0;82.0;14.5;5.5;76.2;0.2627;-0.0207;0.0750;-0.4750;10.3302;
1074.11;0;0;0;5E;1F;1E;1F;1F;1F;4DD;11E;3B2;3.2;19.8;84.0;14.5;5.5;76.2;0.2745;-0.0188;0.1250;-0.3500;10.9516;
1074.36;0;0;0;5E;1F;1F;1F;1F;1F;4E1;11E;3B2;3.2;20.0;89.5;14.5;5.5;76.2;0.2706;-0.0168;0.2250;0.1750;11.7062;
1074.61;0;0;0;5E;20;20;20;20;20;4F3;11E;3B2;3.2;20.0;88.5;14.5;5.5;76.2;0.2588;-0.0133;0.4750;0.0500;11.7422;
1074.86;0;0;0;5E;20;20;20;1F;20;4F5;11E;3B2;3.2;20.2;84.5;14.5;5.5;76.2;0.2471;-0.0028;0.3500;0.2000;11.2292;
1075.11;0;0;0;5E;20;20;20;20;20;4FC;11E;3B2;3.2;20.5;74.0;14.5;5.5;76.2;0.2235;0.0007;0.1750;-0.4750;9.8881;
1075.36;0;0;0;5E;20;20;20;20;20;509;11E;3B2;3.2;20.5;63.5;14.5;5.5;76.2;0.2157;0.0016;0.2250;0.8000;8.5715;
1075.62;0;0;0;5E;20;20;20;20;20;501;11E;3B2;3.2;21.1;56.0;14.5;5.5;76.2;0.2157;0.0020;-0.0250;0.4250;7.5122;
1075.87;0;0;0;5E;20;20;20;20;20;50E;11E;3B2;3.2;21.1;54.0;14.5;5.5;76.2;0.2157;-0.0007;0.0000;0.1500;7.3174;
1076.12;0;0;0;5E;20;20;20;20;20;507;11E;3B2;3.2;21.4;54.5;14.5;5.5;76.2;0.2157;-0.0003;-0.0250;0.4250;7.3452;
1076.37;0;0;0;5E;20;20;20;20;20;509;11E;3B2;3.2;21.4;55.0;14.5;5.5;76.2;0.2196;0.0003;-0.0250;0.7250;7.4241;
1076.62;0;0;0;5E;20;20;20;20;20;505;11E;3B2;3.2;22.0;57.0;14.5;5.5;76.2;0.2196;0.0025;-0.0250;0.5500;7.6702;
1076.87;0;0;0;5E;20;20;20;20;20;508;11E;3B2;3.2;22.3;55.5;14.5;5.5;76.2;0.2157;0.0026;0.0000;0.3250;7.4858;
1077.12;0;0;0;5E;20;20;20;20;20;512;11E;3B2;3.2;22.3;54.0;14.5;5.5;76.2;0.2157;0.0032;0.0250;0.2750;7.3400;
1077.37;0;0;0;5E;20;21;20;20;20;516;11E;3B2;3.2;22.4;53.0;14.4;5.5;76.2;0.2000;0.0055;0.0250;0.6500;7.2263;
1077.62;0;0;0;5E;20;20;20;20;20;4F4;11E;3B2;3.2;22.4;25.5;14.4;5.5;76.2;0.1412;0.0073;-0.1500;-0.0750;3.3860;
1077.87;0;0;0;5E;20;20;20;20;20;4FF;11E;3B2;3.2;22.5;19.5;14.4;5.5;76.2;0.1608;0.0101;-0.2250;1.1250;2.6118;
1078.12;0;0;0;5E;20;20;20;20;20;4EF;11E;3B2;3.2;22.9;25.0;14.4;5.5;76.2;0.1608;0.0100;-0.2500;0.1500;3.3065;
1078.37;0;0;0;5E;1F;20;20;1F;20;4EF;11E;3B2;3.2;22.9;25.0;14.5;5.5;76.2;0.1608;0.0093;-0.2000;0.2250;3.3065;
1078.62;0;0;0;5F;1F;20;1F;1F;1F;4E2;11E;3B2;3.2;23.1;29.0;14.5;5.5;76.2;0.1804;0.0093;-0.2750;-0.0500;3.7961;
1078.87;0;0;0;5F;1F;1F;1F;1F;1F;4DF;11E;3B2;3.2;23.1;33.0;14.5;5.5;76.2;0.2039;0.0093;-0.2250;0.1750;4.3093;
1079.12;0;0;0;5F;1F;1F;1F;1F;1F;4D6;11E;3B2;3.2;23.4;53.0;14.5;5.5;76.2;0.2510;0.0085;-0.2750;0.8000;6.8711;
1079.37;0;0;0;5F;1F;1F;1F;1F;1F;4DA;11E;3B2;3.2;23.7;68.0;14.5;5.5;76.2;0.2549;0.0083;-0.0500;0.4500;8.8442;
1079.62;0;0;0;5F;1F;1F;1F;1F;1F;4CE;11E;3B2;3.2;23.7;49.0;14.5;5.5;76.2;0.0980;0.0083;0.1000;0.4250;6.3115;
1079.87;0;0;0;5F;1F;1F;1F;1F;1F;4CE;11E;3B2;3.2;23.4;-11.0;14.5;5.5;76.2;0.0000;0.0063;-0.0250;2.2000;-1.4169;
1080.12;0;0;0;5F;1E;1E;1E;1E;1E;4B3;11E;3B2;3.2;23.4;-18.0;14.5;5.5;76.2;0.1059;0.0056;-0.2750;0.6750;-2.2676;
1080.37;0;0;0;5F;1E;1E;1E;1E;1E;4A3;11E;3B2;3.2;23.8;-3.5;14.5;5.5;76.2;0.1804;0.0038;-0.6750;0.3750;-0.4351;
1080.64;0;0;0;5F;1E;1E;1E;1D;1E;4A7;11E;3B2;3.2;23.8;8.5;14.4;5.5;76.2;0.0000;0.0058;-0.4000;1.0500;1.0601;
1080.89;0;0;0;5F;1D;1C;1D;1D;1D;47F;11E;3B2;3.2;24.2;-20.0;14.4;5.5;76.2;0.0000;0.0070;-0.4750;0.2750;-2.4106;
1081.14;0;0;0;5F;1C;1C;1C;1C;1C;46A;11E;3B2;3.2;24.1;-31.0;14.4;5.5;76.2;0.0000;0.0068;-0.6500;0.2500;-3.6683;
1081.39;1;0;0;5F;1C;1C;1C;1C;1C;45E;11E;3B2;3.2;24.1;-25.5;14.4;5.5;76.2;0.0000;0.0075;-0.6000;0.7750;-2.9855;
1081.64;1;0;0;5F;1B;1B;1B;1B;1B;386;11E;3B2;3.2;24.8;-4.0;14.4;5.5;76.2;0.0000;0.0075;-0.5750;0.5250;-0.3778;
1081.89;1;0;0;5F;1B;1B;1A;1A;1B;37D;11E;3B2;3.2;24.9;-2.0;14.5;5.5;76.2;0.0000;0.0092;-0.7000;0.6750;-0.1870;
1082.14;1;0;0;5F;1A;1A;1A;1A;1A;36B;11E;3B2;3.2;24.9;-0.5;14.5;5.5;76.2;0.0000;0.0095;-0.5750;-0.0500;-0.0458;
1082.39;1;0;0;5F;1A;1A;1A;1A;1A;364;11E;3B2;3.2;24.6;4.5;14.5;5.5;76.2;0.0000;0.0080;-0.4750;0.6750;0.4090;
1082.64;1;0;0;5F;19;19;19;19;19;378;11E;3B2;3.2;24.6;1.5;14.5;5.5;76.2;0.0000;0.0070;-0.5500;0.5750;0.1395;
1082.89;1;0;0;5F;18;18;18;18;18;393;11E;3B2;3.2;25.1;-18.0;14.4;5.5;76.2;0.0000;0.0051;-0.7500;0.7750;-1.7247;
1083.14;1;0;0;5F;18;18;18;18;18;3A6;11E;3B2;3.2;25.5;-25.5;14.4;5.5;76.2;0.0627;0.0026;-0.7500;-0.1250;-2.4941;
1083.39;1;0;0;5F;16;17;16;17;17;41C;11E;3B2;3.2;25.5;-14.5;14.4;5.5;76.2;0.0667;0.0001;-1.0250;0.3500;-1.5974;
1083.64;1;0;0;5F;16;16;16;16;16;544;11E;3B2;3.2;25.5;-13.5;14.4;5.5;76.2;0.0549;-0.0021;-1.1000;0.1500;-1.9057;
1083.89;1;0;0;5F;15;15;15;15;15;555;11E;3B2;3.2;26.0;-29.5;14.5;5.5;76.2;0.0000;-0.0011;-0.8500;0.6500;-4.2168;
1084.14;1;0;0;5F;14;14;14;14;14;522;11E;3B2;3.2;26.0;-32.0;14.4;5.5;76.2;0.0000;-0.0001;-0.8500;0.2000;-4.4033;
1084.39;0;0;0;5F;13;13;13;13;14;4F7;11E;3B2;3.2;26.0;-33.0;14.4;5.5;76.2;0.0000;0.0000;-0.9000;0.2500;-4.3923;
1084.64;0;0;0;5F;13;13;13;13;13;4B8;11E;3B2;3.2;25.7;-32.0;14.4;5.5;76.2;0.0000;0.0000;-0.9250;0.5500;-4.0480;
1084.89;0;0;0;5F;12;12;12;12;12;49A;11E;3B2;3.2;25.7;-32.0;14.4;5.5;76.2;0.0000;-0.0033;-0.8250;0.2500;-3.9475;
1085.14;0;0;0;5F;11;11;11;11;11;462;11E;3B2;3.2;25.7;-31.5;14.4;5.5;76.2;0.0000;-0.0067;-0.8750;0.4000;-3.7011;
1085.39;0;0;0;5F;10;10;10;10;10;430;11E;3B2;3.2;25.7;-31.5;14.4;5.5;76.2;0.0000;-0.0076;-0.9000;-0.0750;-3.5362;
1085.65;0;0;0;5F;10;10;10;10;10;406;11E;3B2;3.2;25.7;-20.0;14.4;5.5;76.2;0.2118;-0.0075;-0.8500;0.0250;-2.1572;
1085.90;0;0;0;5F;F;F;F;F;F;40B;11E;3B2;3.2;25.3;32.0;14.4;5.5;76.2;0.2627;0.0007;-0.5250;0.9000;3.4683;
1086.15;0;0;0;5F;10;10;10;10;10;3FB;11E;3B2;3.2;25.4;62.5;14.5;5.5;76.2;0.2706;0.0004;-0.0250;0.3500;6.6693;
1086.40;0;0;0;5F;10;10;10;10;10;416;11E;3B2;3.2;25.4;85.5;14.5;5.5;76.2;0.2745;0.0016;0.3750;0.1250;9.3654;
1086.65;0;0;0;5F;11;11;10;11;10;43E;11E;3B2;3.2;24.8;89.5;14.5;5.5;76.2;0.2706;0.0033;0.4500;0.3500;10.1784;
1086.90;0;0;0;5F;11;11;11;11;11;46B;11E;3B2;3.2;24.3;88.5;14.5;5.5;76.2;0.2667;0.0029;0.6000;-0.0250;10.4818;
1087.15;0;0;0;5F;12;12;12;12;12;485;11E;3B2;3.2;24.3;88.0;14.5;5.5;76.2;0.2510;0.0020;0.5750;0.4500;10.6621;
1087.40;0;0;0;5F;12;12;12;12;12;49E;11E;3B2;3.2;23.5;67.5;14.5;5.5;76.2;0.2235;-0.0041;0.5250;-0.0500;8.3551;
1087.65;0;0;0;5F;12;12;12;12;12;49E;11E;3B2;3.2;23.5;51.0;14.5;5.5;76.2;0.1804;-0.0089;0.3250;0.3750;6.3127;
1087.90;0;0;0;5F;12;12;12;12;12;4A4;11E;3B2;3.2;22.8;27.5;14.5;5.5;76.2;0.1608;-0.0073;0.0750;0.4000;3.4212;
1088.15;0;0;0;5F;13;13;12;12;12;4B1;11E;3B2;3.2;22.5;26.5;14.4;5.5;76.2;0.1647;-0.0055;0.0750;-0.5000;3.3329;
1088.40;0;0;0;5F;12;13;12;12;12;4AC;11E;3B2;3.2;22.5;26.5;14.4;5.5;76.2;0.1647;-0.0037;0.0500;-0.2750;3.3190;
1088.65;0;0;0;5F;12;12;12;12;12;492;11E;3B2;3.2;22.5;28.0;14.4;5.5;76.2;0.1647;-0.0016;-0.2750;-0.9000;3.4306;
1088.90;0;0;0;5F;12;12;12;12;12;490;11E;3B2;3.2;22.2;29.5;14.5;5.5;76.2;0.1686;-0.0003;-0.1750;-0.4500;3.6082;
1089.15;0;0;0;5F;12;12;12;12;12;495;11E;3B2;3.2;21.5;28.0;14.5;5.5;76.2;0.1686;0.0008;-0.1250;0.0500;3.4394;
1089.40;0;0;0;5F;12;12;12;12;12;487;11E;3B2;3.2;21.5;30.5;14.5;5.5;76.2;0.1765;0.0025;-0.1250;0.0250;3.7018;
1089.65;0;0;0;5F;12;12;12;12;12;48A;11E;3B2;3.2;21.4;31.5;14.5;5.5;76.2;0.1804;0.0029;-0.0500;0.2500;3.8331;
1089.90;0;0;0;5F;12;12;12;12;12;498;11E;3B2;3.2;21.3;31.5;14.5;5.5;76.2;0.1804;0.0071;0.0250;0.9250;3.8792;
1090.15;0;0;0;5F;12;12;12;12;12;493;11E;3B2;3.2;21.3;33.0;14.5;5.5;76.2;0.1804;-0.0016;-0.0250;-0.0750;4.0467;
1090.40;0;0;0;5F;12;12;12;12;12;492;11E;3B2;3.2;20.9;35.5;14.5;5.5;76.2;0.2118;-0.0003;-0.0500;0.5750;4.3495;
1090.67;0;0;0;5F;12;12;12;12;12;495;11E;3B2;3.2;20.9;43.5;14.5;5.5;76.2;0.2157;0.0020;0.0000;0.5750;5.3434;
1090.92;0;0;0;5F;12;13;12;12;12;49D;11E;3B2;3.2;21.4;52.5;14.5;5.5;76.2;0.2196;0.0051;0.0750;0.1500;6.4929;
1091.17;0;0;0;5F;12;13;12;13;12;4B4;11E;3B2;3.2;21.5;53.0;14.5;5.5;76.2;0.2157;0.0059;0.2000;0.1750;6.6824;
1091.42;0;0;0;5F;12;13;13;12;13;4C0;11E;3B2;3.2;21.5;54.5;14.5;5.5;76.2;0.2157;0.0058;0.2000;0.0000;6.9400;
1091.67;0;0;0;5F;13;13;13;13;13;4C3;11E;3B2;3.2;21.9;54.5;14.5;5.5;76.2;0.2157;0.0046;0.1500;0.4500;6.9571;
1091.92;0;0;0;5F;13;13;13;13;13;4D4;11E;3B2;3.2;22.2;54.5;14.5;5.5;76.2;0.2157;0.0041;0.1250;0.2000;7.0541;
1092.17;0;0;0;5F;13;13;13;13;13;4DB;11E;3B2;3.2;22.2;54.5;14.5;5.5;76.2;0.2118;0.0050;0.1500;0.4250;7.0941;
1092.42;0;0;0;5F;13;13;13;13;13;4E1;11E;3B2;3.2;22.2;49.0;14.5;5.5;76.2;0.1961;0.0046;0.0750;0.4750;6.4090;
1092.67;0;0;0;5F;14;13;13;13;13;4DF;11E;3B2;3.2;22.2;43.0;14.5;5.5;76.2;0.1922;0.0000;0.0500;0.0500;5.6152;
1092.92;0;0;0;5F;13;14;13;13;13;4E7;11E;3B2;3.2;22.3;41.0;14.4;5.5;76.2;0.1922;-0.0004;0.0250;-0.0500;5.3884;
1093.17;0;0;0;5F;13;13;13;13;13;4D8;11E;3B2;3.2;22.3;42.0;14.4;5.5;76.2;0.1961;-0.0001;-0.1250;0.2750;5.4538;
1093.42;0;0;0;5F;13;13;13;13;13;4D3;11E;3B2;3.2;22.6;40.5;14.4;5.5;76.2;0.1961;-0.0008;-0.1000;-0.5500;5.2378;
1093.67;0;0;0;5F;13;13;13;13;13;4D0;11E;3B2;3.2;22.6;43.5;14.4;5.5;76.2;0.1961;0.0051;0.0000;-0.6500;5.6121;
1093.92;0;0;0;5F;13;13;13;13;13;4D1;11E;3B2;3.2;22.5;44.0;14.4;5.5;76.2;0.1961;-0.0034;-0.0750;-0.2000;5.6813;
1094.17;0;0;0;5F;13;13;13;13;13;4C4;11E;3B2;3.2;22.2;42.5;14.4;5.5;76.2;0.1961;-0.0048;-0.1250;-0.7500;5.4297;
1094.42;0;0;0;5F;13;13;13;13;13;4BC;11E;3B2;3.2;22.2;43.5;14.5;5.5;76.2;0.2000;-0.0051;-0.1500;0.2000;5.5210;
1094.67;0;0;0;5F;13;13;13;13;13;4BC;11E;3B2;3.2;21.9;44.5;14.5;5.5;76.2;0.2000;-0.0050;-0.0500;0.2000;5.6480;
1094.92;0;0;0;5F;13;13;13;13;13;4C5;11E;3B2;3.2;22.1;45.0;14.5;5.5;76.2;0.2078;-0.0051;-0.0250;-0.0750;5.7538;
1095.17;0;0;0;5F;13;13;13;13;13;4C5;11E;3B2;3.2;22.1;48.0;14.5;5.5;76.2;0.2157;-0.0051;0.0000;0.4750;6.1374;
1095.42;0;0;0;5F;13;13;13;13;13;4C1;11E;3B2;3.2;21.9;52.0;14.5;5.5;76.2;0.2118;-0.0055;-0.0750;0.1750;6.6271;
1095.68;0;0;0;5F;12;12;13;13;13;4BC;11E;3B2;3.2;21.4;53.0;14.5;5.5;76.2;0.2157;-0.0043;-0.2000;-0.4250;6.7268;
1095.93;0;0;0;5F;13;13;13;13;13;4CC;11E;3B2;3.2;21.4;52.5;14.5;5.5;76.2;0.2157;-0.0041;0.1000;0.1750;6.7513;
1096.18;0;0;0;5F;13;13;13;13;13;4CB;11E;3B2;3.2;21.4;52.0;14.5;5.5;76.2;0.2118;-0.0013;0.0500;0.6750;6.6815;
1096.43;0;0;0;5F;13;13;13;13;13;4C0;11E;3B2;3.2;21.4;52.0;14.5;5.5;76.2;0.2078;-0.0010;-0.0250;0.0750;6.6216;
1096.68;0;0;0;5F;13;13;13;13;13;4C6;11E;3B2;3.2;21.4;50.5;14.5;5.5;76.2;0.2078;-0.0001;-0.0250;0.2750;6.4624;
1096.93;0;0;0;5F;13;13;13;13;13;4C8;11E;3B2;3.2;21.4;50.0;14.5;5.5;76.2;0.2118;0.0033;0.0000;-0.1500;6.4088;
1097.18;0;0;0;5F;13;13;13;13;13;4D3;11E;3B2;3.2;21.3;49.5;14.5;5.5;76.2;0.2078;0.0046;0.0250;0.0500;6.4018;
1097.43;0;0;0;5F;13;13;13;13;13;4CA;11E;3B2;3.2;21.3;50.0;14.4;5.5;76.2;0.2039;0.0064;0.0250;0.4000;6.4193;
1097.68;0;0;0;5F;13;13;13;13;13;4DA;11E;3B2;3.2;21.4;48.0;14.4;5.5;76.2;0.2118;0.0018;0.0750;0.2000;6.2430;
1097.93;0;0;0;5F;13;13;13;13;13;4E6;11E;3B2;3.2;21.5;50.0;14.4;5.5;76.2;0.2118;-0.0001;0.1000;0.6500;6.5659;
1098.18;0;0;0;5F;13;13;13;13;13;4CE;11E;3B2;3.2;21.5;50.5;14.4;5.5;76.2;0.2157;0.0015;-0.0500;0.2250;6.5047;
1098.43;0;0;0;5F;13;13;13;13;13;4D5;11E;3B2;3.2;21.5;53.0;14.4;5.5;76.2;0.2157;0.0020;-0.0500;0.2750;6.8655;
1098.68;0;0;0;5F;13;13;13;13;13;4E2;11E;3B2;3.2;21.5;55.5;14.4;5.5;76.2;0.2157;0.0033;-0.0750;0.4750;7.2649;
1098.93;0;0;0;5F;13;13;13;13;13;4E6;11E;3B2;3.2;21.5;53.5;14.4;5.5;76.2;0.2235;0.0041;0.0500;0.1750;7.0255;
1099.18;0;0;0;5F;13;13;13;13;13;4E1;11E;3B2;3.2;21.6;60.0;14.4;5.5;76.2;0.2275;0.0062;0.0250;0.0250;7.8477;
1099.43;0;0;0;5F;13;13;13;13;13;4E3;11E;3B2;3.2;21.6;71.5;14.4;5.5;76.2;0.2863;0.0071;-0.0500;0.1250;9.3668;
1099.68;0;0;0;5F;14;14;14;14;14;511;11E;3B2;3.2;21.6;98.0;14.4;5.5;76.2;0.3020;0.0085;0.4750;-0.1750;13.3105;
1099.93;0;0;0;5F;14;14;14;14;14;526;11E;3B2;3.2;21.7;109.5;14.5;5.5;76.2;0.3059;0.0086;0.4250;0.7250;15.1133;
1100.18;0;0;0;60;15;15;15;15;15;55B;11E;3B2;3.2;21.7;115.0;14.5;5.5;76.2;0.3137;0.0092;0.6500;0.6500;16.5106;
1100.43;0;0;0;60;16;16;16;16;16;599;11E;3B2;3.2;21.5;115.5;14.5;5.5;76.2;0.3176;0.0125;0.8000;0.2000;17.3323;
1100.69;0;0;0;60;17;16;17;17;17;5BA;11E;3B2;3.2;21.2;119.0;14.5;5.5;76.2;0.3176;0.0125;0.7000;0.5000;18.2688;
1100.94;0;0;0;60;17;17;17;17;17;5DA;11E;3B2;3.2;21.2;121.5;14.4;5.5;76.2;0.3255;0.0125;0.7250;0.4000;19.0597;
1101.19;0;0;0;60;18;18;18;18;18;61E;11E;3B2;3.2;21.2;126.0;14.4;5.5;76.2;0.3294;0.0119;0.7500;0.8250;20.6629;
1101.44;0;0;0;60;19;19;19;19;19;63B;11E;3B2;3.2;20.9;129.0;14.5;5.5;76.2;0.3412;0.0118;0.7250;0.3750;21.5466;
1101.69;0;0;0;60;1A;1A;19;1A;1A;678;11E;3B2;3.2;20.6;131.5;14.5;5.5;76.2;0.3412;0.0105;0.8000;0.4750;22.8042;
1101.94;0;0;0;60;1A;1A;1A;1A;1A;69F;11E;3B2;3.2;20.6;132.5;14.5;5.5;76.2;0.3412;0.0083;0.8500;0.6750;23.5187;
1102.19;0;0;0;60;1B;1B;1B;1C;1B;6E7;11E;3B2;3.2;20.5;133.5;14.5;5.5;76.2;0.3490;0.0018;0.9250;0.2750;24.7028;
1102.44;0;0;0;60;1C;1C;1C;1C;1C;71C;11E;3B2;3.2;20.5;136.5;14.5;5.5;76.2;0.3490;-0.0032;1.0750;-0.3500;26.0155;
1102.69;0;0;0;60;1D;1D;1D;1D;1D;75B;11E;3B2;3.2;20.1;135.0;14.5;5.5;76.2;0.3490;-0.0037;0.9750;0.9250;26.6203;
1102.94;0;0;0;60;1E;1E;1E;1E;1E;791;11E;3B2;3.2;19.8;133.5;14.4;5.5;76.2;0.3451;-0.0034;1.0750;-0.1000;27.0794;
1103.19;0;0;0;60;1F;1F;1F;1F;1F;7CF;11E;3B2;3.2;19.8;130.0;14.4;5.5;76.2;0.3412;-0.0037;0.9750;0.4500;27.2135;
1103.44;0;0;0;60;20;20;20;20;20;7FC;11E;3B2;3.2;19.5;127.5;14.4;5.5;76.2;0.3373;-0.0037;0.9750;0.7000;27.2910;
1103.69;1;0;0;60;20;20;20;20;20;7C5;11E;3B2;3.2;19.3;-37.5;14.4;5.5;76.2;0.0000;-0.0046;0.5500;0.0750;-7.8108;
1103.94;1;0;0;60;20;20;20;20;20;72E;11E;3B2;3.2;19.3;-34.5;14.4;5.5;76.2;0.0000;-0.0041;-0.1750;0.4750;-6.6404;
1104.19;1;0;0;5F;1F;1F;1F;1F;1F;645;11E;3B2;3.2;19.7;-34.0;14.5;5.5;76.2;0.0235;-0.0038;-0.4750;-0.2000;-5.7146;
1104.44;1;0;0;5F;1E;1F;1E;1E;1F;631;11E;3B2;3.2;19.7;16.5;14.5;5.5;76.2;0.1922;-0.0029;-0.5500;0.0750;2.7387;
1104.69;1;0;0;5F;1F;1E;1E;1E;1E;4E2;11E;3B2;3.2;20.2;47.0;14.5;5.5;76.2;0.2980;-0.0020;-0.2250;-0.0750;6.1523;
1104.94;0;0;0;5F;1F;1F;1F;1F;1F;4D0;11E;3B0;3.2;20.2;125.5;14.5;5.5;76.2;0.3373;0.0032;-0.0500;0.5000;16.1913;
1105.19;0;0;0;5F;1F;1F;1F;1F;1F;4CC;11E;3B0;3.2;20.2;132.0;14.5;5.5;76.2;0.3294;0.0059;-0.0250;-0.0500;16.9747;
1105.44;0;0;0;5F;1F;1F;1F;1F;1F;4DA;11E;3B0;3.2;20.2;132.0;14.5;5.5;76.2;0.3216;0.0071;0.1250;0.3750;17.1682;
1105.71;0;0;0;5F;1F;1F;1F;1F;1F;4E3;11E;3B0;3.2;20.6;121.0;14.5;5.5;76.2;0.3020;0.0018;0.2000;0.4250;15.8515;
1105.96;0;0;0;5F;20;20;20;20;20;4F1;11E;3B0;3.2;20.5;106.5;14.5;5.5;76.2;0.2706;-0.0003;0.3250;0.3250;14.1081;
1106.21;0;0;0;5F;20;20;20;20;20;4F5;11E;3B2;3.2;20.5;86.0;14.5;5.5;76.2;0.2588;-0.0038;0.1000;0.7500;11.4285;
1106.46;0;0;0;5F;20;20;20;20;20;4FA;11E;3B2;3.2;20.6;86.5;14.5;5.5;76.2;0.2627;-0.0041;0.1750;0.5000;11.5402;
1106.71;0;0;0;5F;20;20;20;20;20;4FD;11E;3B2;3.2;21.2;86.0;14.4;5.5;76.2;0.2627;-0.0020;0.1000;0.0500;11.5005;
1106.96;0;0;0;5F;20;20;20;20;20;507;11E;3B0;3.2;21.2;85.5;14.4;5.5;76.2;0.2627;-0.0016;0.1250;0.5000;11.5232;
1107.21;0;0;0;5F;20;20;20;20;20;508;11E;3B2;3.2;21.4;86.0;14.4;5.5;76.2;0.2627;-0.0007;0.0500;0.5000;11.5996;
1107.46;0;0;0;5F;20;20;20;20;20;506;11E;3B2;3.2;21.4;86.0;14.4;5.5;76.2;0.2667;0.0023;0.0250;0.3750;11.5816;
1107.71;0;0;0;5F;20;20;20;20;20;506;11E;3B2;3.2;21.5;87.5;14.4;5.5;76.2;0.2667;0.0025;0.0000;-0.1000;11.7836;
1107.96;0;0;0;5F;20;21;20;20;20;510;11E;3B0;3.2;21.7;91.0;14.4;5.5;76.2;0.2745;0.0038;0.1000;0.5750;12.3502;
1108.21;0;0;0;5F;21;21;21;21;21;51D;11E;3B0;3.2;21.7;95.0;14.5;5.5;76.2;0.2745;0.0085;0.1500;0.8750;13.0224;
1108.46;0;0;0;60;20;21;21;21;21;51E;11E;3B0;3.2;21.4;94.5;14.5;5.5;76.2;0.2784;0.0163;0.1250;0.6000;12.9638;
1108.71;0;0;0;60;21;21;21;21;21;522;11E;3B2;3.2;21.3;94.0;14.5;5.5;76.2;0.2745;0.0163;0.1250;0.4750;12.9346;
1108.96;0;0;0;60;21;21;21;21;21;52A;11E;3B0;3.2;21.3;93.5;14.5;5.5;76.2;0.2745;0.0168;0.1500;0.4000;12.9441;
1109.21;0;0;0;60;21;21;21;21;21;52F;11E;3B0;3.2;21.4;93.0;14.4;5.5;76.2;0.2706;0.0158;0.1250;0.1000;12.9236;
1109.46;0;0;0;60;21;21;21;21;21;534;11E;3B0;3.2;21.4;92.0;14.4;5.5;76.2;0.2706;0.0048;0.0750;0.7250;12.8328;
1109.71;0;0;0;60;22;21;22;22;22;541;11E;3B0;3.2;21.3;91.5;14.4;5.5;76.2;0.2706;0.0037;0.1750;0.8750;12.8876;
1109.96;0;0;0;60;22;21;22;21;22;537;11E;3B0;3.2;21.3;92.5;14.4;5.5;76.2;0.2706;0.0034;0.0500;0.2000;12.9316;
1110.21;0;0;0;60;21;21;22;22;22;53D;11E;3B0;3.2;21.6;92.5;14.5;5.5;76.2;0.2745;0.0028;0.0500;0.2750;12.9897;
1110.46;0;0;0;60;21;21;22;22;22;543;11E;3B0;3.2;21.6;92.0;14.5;5.5;76.2;0.2745;0.0037;0.0750;0.4000;12.9773;
1110.72;0;0;0;60;22;22;22;22;22;54C;11E;3B0;3.2;21.7;92.0;14.5;5.5;76.2;0.2706;0.0034;0.1000;0.0750;13.0640;
1110.97;0;0;0;60;22;22;22;22;22;54D;11E;3B0;3.2;21.5;91.5;14.5;5.5;76.2;0.2745;0.0033;0.1250;0.7250;13.0026;
1111.22;0;0;0;60;22;22;22;22;22;556;11E;3B0;3.2;21.5;91.5;14.5;5.5;76.2;0.2745;0.0038;0.1250;0.3500;13.0888;
1111.47;0;0;0;60;22;22;22;22;22;552;11E;3B0;3.2;21.6;93.0;14.5;5.5;76.2;0.2824;0.0053;-0.0500;0.4750;13.2644;
1111.72;0;0;0;60;22;22;22;22;22;553;11E;3B0;3.2;21.7;94.0;14.5;5.5;76.2;0.2745;0.0075;0.0500;-0.1000;13.4169;
1111.97;0;0;0;60;22;22;22;22;22;552;11E;3B0;3.2;21.7;93.0;14.5;5.5;76.2;0.2745;0.0076;0.0250;0.5500;13.2644;
1112.22;0;0;0;60;22;22;22;22;22;55E;11E;3B0;3.2;22.0;91.5;14.5;5.5;76.2;0.2667;0.0081;0.1250;0.6500;13.1655;
1112.47;0;0;0;60;22;22;22;22;22;554;11E;3B0;3.2;22.2;90.5;14.5;5.5;76.2;0.2667;0.0088;0.0000;0.5250;12.9268;
1112.72;0;0;0;60;22;22;22;22;22;55F;11E;3B0;3.2;22.2;86.0;14.5;5.5;76.2;0.2627;0.0086;0.0250;-0.1750;12.3831;
1112.97;0;0;0;60;22;22;22;22;22;556;11E;3B0;3.2;22.0;84.5;14.5;5.5;76.2;0.2549;0.0071;-0.1000;0.8000;12.0875;
1113.22;0;0;0;60;22;22;22;22;22;55D;11E;3B0;3.2;22.0;67.5;14.4;5.5;76.2;0.2157;0.0034;-0.0500;0.5000;9.7052;
1113.47;0;0;0;60;22;22;22;22;22;54F;11E;3B0;3.2;22.0;44.5;14.4;5.5;76.2;0.1922;-0.0007;-0.2250;0.7500;6.3330;
1113.72;0;0;0;60;22;22;22;22;22;547;11E;3B0;3.2;22.0;38.0;14.4;5.5;76.2;0.1843;0.0004;-0.2000;0.4000;5.3761;
1113.97;0;0;0;61;21;21;21;21;21;532;11E;3B0;3.2;22.4;36.0;14.4;5.5;76.2;0.1804;0.0001;-0.4500;0.1000;5.0140;
1114.22;0;0;0;61;21;21;21;21;21;526;11E;3B0;3.2;22.4;33.5;14.4;5.5;76.2;0.1804;-0.0001;-0.4250;0.1500;4.6237;
1114.47;0;0;0;61;21;20;21;21;21;51F;11E;3B0;3.2;22.9;27.5;14.4;5.5;76.2;0.1529;0.0004;-0.4250;0.6000;3.7754;
1114.72;0;0;0;61;20;20;20;20;20;4F6;11E;3B0;3.2;22.7;-14.5;14.5;5.5;76.2;0.0000;0.0003;-0.5750;0.3750;-1.9284;
1114.97;0;0;0;61;1F;1F;1F;1F;1F;4DD;11E;3B0;3.2;22.7;-24.0;14.5;5.5;76.2;0.0353;0.0004;-0.6750;0.5500;-3.1290;
1115.22;0;0;0;61;1E;1F;1F;1F;1F;4C4;11E;3B0;3.2;23.0;-16.0;14.5;5.5;76.2;0.0667;0.0004;-0.8750;0.5500;-2.0441;
1115.47;0;0;0;61;1D;1E;1E;1E;1E;4AA;11E;3B0;3.2;23.6;-15.0;14.5;5.5;76.2;0.0000;0.0020;-0.8000;0.1250;-1.8755;
1115.74;0;0;0;61;1D;1D;1D;1D;1D;488;11E;3B0;3.2;23.6;-25.5;14.4;5.5;76.2;0.0000;0.0034;-0.8250;0.1750;-3.0976;
1115.99;0;0;0;61;1C;1C;1C;1C;1C;459;11E;3B0;3.2;23.6;-29.0;14.4;5.5;76.2;0.0000;0.0045;-1.0750;0.4750;-3.3800;
1116.24;0;0;0;61;1B;1B;1B;1B;1B;438;11E;3B0;3.2;23.6;-29.0;14.4;5.5;76.2;0.0000;0.0046;-1.0750;0.2250;-3.2798;
1116.49;1;0;0;61;1A;1A;1A;1A;1A;414;11E;3B0;3.2;23.9;-30.5;14.4;5.5;76.2;0.0000;0.0088;-1.0000;0.2500;-3.3345;
1116.74;1;0;0;61;1A;1A;19;19;19;39D;11E;3B0;3.2;24.2;-30.0;14.5;5.5;76.2;0.0000;0.0086;-1.0250;0.8000;-2.9060;
1116.99;1;0;0;61;18;19;18;19;19;360;11E;3B0;3.2;24.2;2.0;14.5;5.5;76.2;0.0000;0.0098;-0.8250;1.1500;0.1810;
1117.24;1;0;0;61;18;17;18;18;18;36F;11E;3B0;3.2;24.3;3.0;14.5;5.5;76.2;0.0000;0.0100;-1.1750;0.9000;0.2761;
1117.49;1;0;0;61;17;17;17;17;17;36D;11E;3B0;3.2;24.9;2.5;14.4;5.5;76.2;0.0000;0.0101;-0.7000;0.4250;0.2296;
1117.74;1;0;0;61;17;17;17;17;17;374;11E;3B0;3.2;24.9;5.0;14.4;5.5;76.2;0.0000;0.0108;-0.6000;-0.4750;0.4629;
1117.99;1;0;0;61;15;15;15;15;15;3B8;11E;3B0;3.2;24.9;-24.0;14.4;5.5;76.2;0.0431;0.0096;-1.1750;1.4250;-2.3926;
1118.24;1;0;0;61;14;15;14;14;14;40F;11E;3B0;3.2;24.8;-12.0;14.4;5.5;76.2;0.0784;0.0092;-1.2250;-0.3250;-1.3056;
1118.49;1;0;0;61;13;13;13;13;13;516;11E;3B0;3.2;25.2;12.0;14.4;5.5;76.2;0.1333;0.0088;-1.2500;0.7750;1.6361;
1118.74;1;0;0;61;13;13;13;13;13;4B2;11E;3B0;3.2;25.2;19.5;14.4;5.5;76.2;0.1373;0.0103;-0.7250;0.4250;2.4545;
1118.99;0;0;0;61;12;12;12;12;12;489;11E;3B0;3.2;25.5;22.5;14.5;5.5;76.2;0.1569;0.0113;-0.7250;0.6750;2.7355;
1119.24;0;0;0;61;12;12;12;12;12;48F;11E;3B0;3.2;25.5;20.0;14.4;5.5;76.2;0.1216;0.0158;-0.5250;0.6000;2.4442;
1119.49;1;0;0;61;11;11;11;11;11;415;11E;3B0;3.2;25.1;-27.0;14.4;5.5;76.2;0.0000;0.0163;-0.5750;0.2000;-2.9547;
1119.74;1;0;0;61;11;10;10;10;11;38F;11E;3B0;3.2;25.1;-5.0;14.4;5.5;76.2;0.0000;0.0179;-0.8000;0.9250;-0.4770;
1119.99;1;0;0;61;10;F;F;10;10;376;11E;3B0;3.2;25.1;-6.5;14.4;5.5;76.2;0.0000;0.0204;-0.8500;0.5500;-0.6031;
1120.24;1;0;0;61;F;F;F;F;F;371;11E;3B0;3.2;25.2;-2.0;14.4;5.5;76.2;0.0000;0.0338;-0.8500;0.0000;-0.1845;
1120.49;1;0;0;61;E;E;E;E;E;36C;11E;3B0;3.2;24.9;-1.5;14.4;5.5;76.2;0.0000;0.0736;-1.0000;0.7500;-0.1376;
1120.75;1;0;0;61;D;D;D;D;D;362;11E;3B0;3.2;24.9;2.0;14.4;5.5;76.2;0.0000;0.1055;-1.0000;0.4250;0.1814;
1121.00;1;0;0;61;C;C;C;C;C;366;11E;3B0;3.2;25.1;9.0;14.4;5.5;76.2;0.0000;0.1450;-0.8500;1.2000;0.8200;
1121.25;1;0;0;61;B;C;B;C;C;370;11E;3B0;3.2;25.1;9.5;14.5;5.5;76.2;0.0000;0.1815;-0.8750;0.9250;0.8755;
1121.50;1;0;0;61;A;B;A;B;B;370;11E;3B0;3.2;25.4;8.5;14.5;5.5;76.2;0.0000;0.3031;-0.8750;1.2000;0.7833;
1121.75;1;0;0;61;9;B;9;B;A;370;11E;3B0;3.2;25.6;9.5;14.5;5.5;76.2;0.0000;0.3695;-0.8750;0.9750;0.8755;
1122.00;1;0;0;61;9;A;8;A;9;370;11E;3B0;3.2;25.6;9.5;14.5;5.5;76.2;0.0000;0.4403;-0.9000;1.2000;0.8755;
1122.25;1;0;0;61;8;9;8;9;9;36F;11E;3B0;3.2;25.6;8.5;14.5;5.5;76.2;0.0000;0.5115;-0.9250;0.8750;0.7824;
1122.50;1;0;0;61;7;8;7;8;8;36F;11E;3B0;3.2;26.0;9.5;14.5;5.5;76.2;0.0000;0.5408;-0.9750;0.6000;0.8745;
1122.75;1;0;0;61;7;8;6;8;7;37D;11E;3B0;3.2;25.6;2.0;14.5;5.5;76.2;0.0000;0.5450;-0.9250;0.2000;0.1870;
1123.00;1;0;0;61;6;7;5;7;6;370;11E;3B0;3.2;25.6;3.0;14.5;5.5;76.2;0.0000;0.5541;-0.7750;0.1500;0.2765;
1123.25;1;0;0;61;6;6;5;6;6;372;11E;3B0;3.2;25.5;2.5;14.5;5.5;76.2;0.0000;0.6038;-0.6750;-0.1250;0.2309;
1123.50;1;0;0;61;5;6;5;6;5;370;11E;3B0;3.2;25.7;3.5;14.5;5.5;76.2;0.0000;0.6101;-0.5750;-0.3250;0.3225;
1123.75;1;0;0;61;5;6;4;5;5;374;11E;3B0;3.2;25.7;0.0;14.5;5.5;76.2;0.0000;0.6123;-0.4750;-0.4250;0.0000;
1124.00;1;0;0;61;4;5;4;5;5;373;11E;3B0;3.2;25.2;0.5;14.5;5.5;76.2;0.0000;0.6121;-0.4250;-0.5500;0.0462;
1124.25;1;0;0;61;4;5;4;5;4;371;11E;3B0;3.2;25.2;0.0;14.5;5.5;76.2;0.0000;0.5910;-0.3250;-0.4000;0.0000;
1124.50;1;0;0;61;4;5;4;4;4;370;11E;3B0;3.2;24.9;0.0;14.5;5.5;76.2;0.0000;0.5782;-0.2250;-0.7250;0.0000;
1124.75;1;0;0;61;4;5;4;4;4;371;11E;3B0;3.2;24.5;0.0;14.5;5.5;76.2;0.0000;0.5702;-0.1750;-0.9750;0.0000;
1125.00;1;0;0;61;4;5;4;4;4;36F;11E;3B0;3.2;24.5;0.0;14.5;5.5;76.2;0.0000;0.5703;-0.0250;-0.6500;0.0000;
1125.25;1;0;0;61;4;5;4;4;4;39E;11E;3B0;3.2;23.8;17.5;14.5;5.5;76.2;0.0000;0.5694;0.0250;-0.7250;1.6970;
1125.50;1;0;0;61;4;5;4;5;5;3A4;11E;3B0;3.2;23.1;21.5;14.5;5.5;76.2;0.0000;0.5637;0.2000;-0.4500;2.0984;
1125.78;1;0;0;61;5;6;4;5;5;3B3;11E;3B0;3.2;23.1;18.5;14.5;5.5;76.2;0.0000;0.5570;0.2500;-0.2500;1.8346;
1126.03;1;0;0;61;5;6;5;6;5;3A6;11E;3B0;3.2;22.3;25.0;14.5;5.5;76.2;0.0000;0.5558;0.4000;-0.6000;2.4452;
1126.28;1;0;0;61;6;7;6;7;6;3B3;11E;3B0;3.2;22.3;25.0;14.5;5.5;76.2;0.0000;0.5465;0.7000;-0.3250;2.4792;
1126.53;1;0;0;61;7;8;6;8;7;3B6;11E;3B0;3.2;21.3;25.5;14.5;5.5;76.2;0.0000;0.5327;0.9750;-0.6000;2.5368;
1126.78;1;0;0;61;8;9;7;8;8;3CE;11E;3B0;3.2;21.3;14.5;14.5;5.5;76.2;0.0000;0.5277;0.9750;0.2250;1.4790;
1127.03;1;0;0;61;8;9;8;9;8;3DA;11E;3B0;3.2;20.4;0.0;14.5;5.5;76.2;0.0000;0.5088;0.5750;0.6000;0.0000;
1127.28;1;0;0;61;8;A;8;9;9;3EA;11E;3B0;3.2;20.9;-27.5;14.5;5.5;76.2;0.0000;0.4511;0.4500;-0.0750;-2.8856;
1127.53;1;0;0;61;8;9;8;9;9;3DF;11E;3B0;3.2;20.9;-31.5;14.5;5.5;76.2;0.0000;0.4105;0.0500;-0.4250;-3.2690;
1127.78;0;0;0;61;8;9;8;9;8;401;11E;3B0;3.2;21.5;-30.0;14.5;5.5;76.2;0.0000;0.3625;-0.2250;-0.6000;-3.2201;
1128.03;0;0;0;61;8;9;8;9;8;3DF;11E;3B0;3.2;21.5;-29.5;14.5;5.5;76.2;0.0000;0.3109;-0.0500;-0.2000;-3.0614;
1128.28;1;0;0;61;8;9;8;8;8;3D9;11E;3B0;3.2;21.5;-24.0;14.4;5.5;76.2;0.0000;0.2503;-0.1500;-0.0500;-2.4756;
1128.53;1;0;0;61;8;9;8;9;9;36B;11E;3B0;3.2;21.7;-2.0;14.4;5.5;76.2;0.0000;0.2253;0.4000;-0.1500;-0.1833;
1128.78;1;0;0;61;9;A;9;A;9;36E;11E;3B0;3.2;21.7;-0.5;14.4;5.5;76.2;0.0000;0.1815;0.6000;-0.0250;-0.0460;
1129.03;1;0;0;61;A;A;A;A;A;36A;11E;3B0;3.2;22.4;0.5;14.4;5.5;76.2;0.0000;0.1350;0.6750;-0.1250;0.0458;
1129.28;1;0;0;61;B;B;B;B;B;36A;11E;3B0;3.2;22.4;2.5;14.4;5.5;76.2;0.0000;0.0692;0.7500;-0.0250;0.2288;
1129.53;1;0;0;61;B;C;C;C;B;357;11E;3B0;3.2;22.4;26.5;14.4;5.5;76.2;0.0000;0.0557;0.8000;-0.1000;2.3727;
1129.78;1;0;0;61;D;D;D;D;D;361;11E;3B0;3.2;22.7;31.0;14.4;5.5;76.2;0.0000;0.0361;1.0500;0.0000;2.8081;
1130.03;1;0;0;61;E;E;D;E;D;376;11E;3B0;3.2;22.7;26.0;14.4;5.5;76.2;0.0000;0.0113;1.1000;-0.1250;2.4123;
1130.28;1;0;0;60;F;F;E;F;E;3A0;11E;3B0;3.2;22.8;-6.0;14.4;5.5;76.2;0.0000;-0.0021;0.9750;-0.0750;-0.5831;
1130.53;1;0;0;60;F;F;F;F;F;3B3;11E;3B0;3.2;22.8;-30.5;14.4;5.5;76.2;0.0000;-0.0021;0.7000;0.0500;-3.0247;
1130.80;0;0;0;60;F;F;F;F;F;3DB;11E;3B0;3.2;23.3;-30.0;14.4;5.5;76.2;0.0000;-0.0018;0.3750;-0.0500;-3.1008;
1131.05;0;0;0;60;F;F;F;F;F;3F5;11E;3B0;3.2;23.3;-32.5;14.4;5.5;76.2;0.0000;-0.0015;0.2500;-0.0250;-3.4476;
1131.30;0;0;0;60;10;10;10;10;10;409;11E;3B0;3.2;24.1;-32.5;14.4;5.5;76.2;0.0000;0.0007;0.2500;0.0250;-3.5157;
1131.55;0;0;0;60;10;10;10;10;10;40D;11E;3B0;3.2;23.8;-32.5;14.4;5.5;76.2;0.0000;0.0004;0.2750;0.0500;-3.5293;
1131.80;0;0;0;60;10;10;10;10;10;429;11E;3B0;3.2;23.8;-32.5;14.4;5.5;76.2;0.0000;0.0007;0.3500;0.0000;-3.6246;
1132.05;0;0;0;60;11;11;11;11;11;43D;11E;3B0;3.2;23.5;-32.5;14.4;5.5;76.2;0.0000;0.0008;0.3250;0.0750;-3.6927;
1132.30;0;0;0;60;11;11;11;11;11;458;11E;3B0;3.2;23.7;-32.5;14.4;5.5;76.2;0.0000;0.0020;0.3500;0.0000;-3.7846;
1132.55;0;0;0;60;11;11;11;11;11;46D;11E;3B0;3.2;23.7;-32.5;14.4;5.5;76.2;0.0000;0.0023;0.3500;0.1500;-3.8560;
1132.80;0;0;0;60;12;12;12;12;12;483;11E;3B0;3.2;23.9;-32.5;14.4;5.5;76.2;0.0000;0.0025;0.3500;0.0750;-3.9309;
1133.05;0;0;0;60;12;12;12;12;12;491;11E;3B0;3.2;23.9;-32.0;14.4;5.5;76.2;0.0000;0.0032;0.3750;0.1500;-3.9174;
1133.30;0;0;0;60;12;12;12;12;12;4AF;11E;3B0;3.2;24.2;-32.0;14.4;5.5;76.2;0.0000;0.0045;0.4000;0.1500;-4.0179;
1133.55;0;0;0;60;13;13;13;13;13;4C0;11E;3B0;3.2;24.4;-32.0;14.4;5.5;76.2;0.0000;0.0062;0.3750;0.0750;-4.0749;
1133.80;0;0;0;60;13;13;13;13;13;4DA;11E;3B0;3.2;24.4;-32.0;14.4;5.5;76.2;0.0000;0.0067;0.3750;0.1500;-4.1620;
1134.05;0;0;0;60;14;13;13;13;13;4EF;11E;3B0;3.2;24.9;-32.0;14.4;5.5;76.2;0.0000;0.0088;0.3750;0.2500;-4.2324;
1134.30;0;1;0;60;14;14;14;14;14;505;11E;3B0;3.2;25.4;-32.5;14.4;5.5;76.2;0.0000;0.0113;0.2250;0.1750;-4.3734;
1134.55;0;1;0;60;14;14;14;14;14;507;11E;3B0;3.2;25.4;-32.0;14.4;5.5;76.2;0.0000;0.0125;0.3750;0.2250;-4.3128;
1134.80;0;1;0;60;14;14;14;14;14;50E;11E;3B0;3.2;25.4;-32.0;14.4;5.5;76.2;0.0000;0.0126;-0.0500;0.2250;-4.3362;
1135.05;0;1;0;60;14;14;14;14;14;50D;11E;3B0;3.2;25.5;-32.0;14.4;5.5;76.2;0.0000;0.0131;-0.0250;0.4000;-4.3329;
1135.30;0;1;0;60;14;14;14;14;14;50B;11E;3B0;3.2;26.0;-32.0;14.4;5.5;76.2;0.0000;0.0135;0.1000;0.3250;-4.3262;
1135.55;0;1;0;60;14;14;14;14;14;509;11E;3B0;3.2;26.0;-32.0;14.4;5.5;76.2;0.0000;0.0125;-0.3250;0.2250;-4.3195;
1135.81;0;1;0;60;14;14;14;14;14;4F3;11E;3B0;3.2;26.5;-32.0;14.4;5.5;76.2;0.0000;0.0096;-0.3750;0.2750;-4.2458;
1136.06;0;1;0;60;13;13;13;13;13;4DF;11E;3B0;3.2;26.5;-31.5;14.4;5.5;76.2;0.0000;-0.0143;-0.4750;0.0750;-4.1134;
1136.31;0;1;0;60;13;13;13;13;13;4C3;11E;3B0;3.2;26.5;-31.5;14.5;5.5;76.2;0.0000;-0.0168;-0.4250;0.0750;-4.0211;
1136.56;0;1;0;60;12;12;12;12;12;4AC;11E;3B0;3.2;27.0;-31.0;14.5;5.5;76.2;0.0000;-0.0118;-0.4250;0.2000;-3.8826;
1136.81;0;1;0;60;12;12;12;12;12;490;11C;3B0;3.2;27.0;-31.0;14.5;5.5;76.2;0.0000;-0.0110;-0.4500;0.0500;-3.7917;
1137.06;0;1;0;60;12;12;12;11;12;47C;11C;3B0;3.2;27.1;-31.0;14.5;5.5;76.2;0.0000;-0.0365;-0.2750;-0.0250;-3.7268;
1137.31;0;1;0;60;12;11;11;11;12;46D;11C;3B0;3.2;27.1;-31.0;14.5;5.5;76.2;0.0000;-0.0462;-0.1750;-0.0250;-3.6781;
1137.56;0;0;0;60;12;11;11;11;11;470;11C;3B0;3.2;27.1;-31.0;14.5;5.5;76.2;0.0000;-0.0498;-0.1000;0.1250;-3.6878;
1137.81;0;0;0;60;12;11;12;11;12;470;11C;3B0;3.2;27.4;-31.0;14.5;5.5;76.2;0.0000;-0.0500;-0.0750;0.8000;-3.6878;
1138.06;0;0;0;60;11;11;12;11;11;46A;11C;3B0;3.2;27.0;-31.0;14.5;5.5;76.2;0.0000;-0.0552;-0.0250;-0.1500;-3.6683;
1138.31;0;0;0;60;12;11;11;11;11;46E;11C;3B0;3.2;27.0;-31.0;14.5;5.5;76.2;0.0000;-0.0621;0.0000;-0.4250;-3.6813;
1138.56;0;0;0;60;12;11;12;11;11;465;11C;3B0;3.2;27.0;-31.0;14.5;5.5;76.2;0.0000;-0.0862;-0.0750;-0.3500;-3.6521;
1138.81;0;0;0;60;12;11;12;11;11;462;11C;3B0;3.2;27.0;-31.5;14.5;5.5;76.2;0.0000;-0.1175;-0.1000;-0.5500;-3.7011;
1139.06;0;0;0;5F;11;10;11;10;11;459;11C;3B0;3.2;26.9;-31.5;14.5;5.5;76.2;0.0000;-0.2142;-0.1750;-1.1250;-3.6714;
1139.31;0;0;0;5F;11;10;11;10;11;444;11C;3B0;3.2;26.9;-31.5;14.5;5.5;76.2;0.0000;-0.2572;-0.2750;-1.2500;-3.6022;
1139.56;0;0;0;5F;11;10;11;10;11;41B;11C;3B0;3.2;26.0;-31.5;14.5;5.5;76.2;0.0000;-0.2930;-0.3250;-1.4500;-3.4669;
1139.81;0;0;0;5F;11;10;11;F;10;41B;11C;3B0;3.2;26.0;-31.5;14.4;5.5;76.2;0.0000;-0.3211;-0.2500;-1.3750;-3.4669;
1140.06;0;0;0;5F;11;10;11;F;10;40E;11C;3B0;3.2;25.3;-31.5;14.4;5.5;76.2;0.0000;-0.3411;-0.2250;-1.3500;-3.4240;
1140.31;0;0;0;5F;11;F;11;F;10;40F;11C;3B0;3.2;24.7;-32.0;14.4;5.5;76.2;0.0000;-0.3481;-0.1750;-1.2000;-3.4817;
1140.56;0;0;0;5F;11;F;11;F;10;404;11C;3B0;3.2;24.7;-31.5;14.4;5.5;76.2;0.0000;-0.3611;-0.2250;-1.6000;-3.3910;
1140.83;0;0;0;5F;11;F;10;F;10;3F5;11C;3B0;3.2;23.8;-32.0;14.4;5.5;76.2;0.0000;-0.3700;-0.2000;-1.6000;-3.3946;
1141.08;0;0;0;5F;11;F;10;E;F;3E9;11C;3B0;3.2;23.1;-31.5;14.4;5.5;76.2;0.0000;-0.3703;-0.2500;-1.6500;-3.3020;
1141.33;0;0;0;5F;10;F;10;E;F;3D6;11C;3B0;3.2;23.1;-24.5;14.4;5.5;76.2;0.1216;-0.3700;-0.3500;-1.1750;-2.5195;
1141.58;0;0;0;5F;10;E;10;E;F;3E5;11C;3B0;3.2;22.4;11.5;14.4;5.5;76.2;0.2235;-0.3664;-0.1750;-0.8000;1.2007;
1141.83;0;0;0;5F;10;F;10;E;F;3F6;11C;3B0;3.2;22.4;47.5;14.4;5.5;76.2;0.2549;-0.3625;0.0750;-1.1250;5.0438;
1142.08;0;0;0;5F;11;F;11;F;10;413;11C;3B0;3.2;21.9;78.0;14.4;5.5;76.2;0.2941;-0.3429;0.3500;-1.5000;8.5194;
1142.33;0;0;0;5F;11;10;11;10;10;447;11C;3B0;3.2;20.9;96.0;14.4;5.5;76.2;0.3373;-0.3283;0.6750;-1.7750;11.0081;
1142.58;0;0;0;5F;13;11;12;11;12;467;11C;3B0;3.2;20.9;144.0;14.4;5.5;76.2;0.4078;-0.3143;0.7750;-1.3000;16.9948;
1142.83;0;0;0;5F;13;12;13;12;12;4B6;11C;3B0;3.2;19.7;171.0;14.4;5.5;76.2;0.5216;-0.2881;1.0250;-1.2000;21.5959;
1143.08;0;0;0;5F;14;13;15;13;14;4F8;11C;3B0;3.2;19.7;191.0;14.4;5.5;76.2;0.6078;-0.1965;1.2500;-0.7250;25.4419;
1143.33;0;0;0;5F;15;15;16;15;15;560;11C;3B0;3.2;18.8;194.5;14.4;5.5;76.2;0.7294;-0.1429;1.4250;-0.5500;28.0264;
1143.58;0;0;0;5F;17;16;17;16;17;5A8;11C;3B0;3.2;18.8;195.5;14.4;5.5;76.2;0.7373;-0.1108;1.5000;-0.4000;29.6445;
1143.83;0;0;0;5F;18;18;18;18;18;60B;11C;3B0;3.2;18.1;214.0;14.4;5.5;76.2;0.8235;-0.0876;1.4000;-0.2000;34.6683;
1144.08;0;0;0;5F;1A;1A;1A;1A;1A;667;11C;3B0;3.2;17.6;240.5;14.4;5.5;76.2;0.8902;-0.0486;1.6500;-0.1750;41.2784;
1144.33;0;0;0;5F;1C;1B;1C;1B;1B;70C;11C;3B0;3.2;17.6;273.5;14.4;5.5;76.2;0.9961;-0.0213;2.0250;0.0750;51.6681;
1144.58;0;0;0;5F;1F;1F;1F;1F;1E;78E;11C;3B0;3.2;17.0;345.5;14.4;5.5;76.2;0.9961;-0.0118;2.6750;0.2250;69.9734;
1144.83;0;0;0;5F;21;21;21;21;21;875;11C;3B0;3.2;17.0;336.0;14.4;5.5;76.2;0.6431;-0.0078;3.1500;0.0250;76.1773;
1145.08;1;0;0;5F;23;23;23;23;23;83D;11C;3B0;3.2;16.3;-35.5;14.4;5.5;76.2;0.0000;-0.0076;2.6250;0.0750;-7.8403;
1145.33;1;0;0;5F;23;23;23;23;23;7C1;11C;3B0;3.2;15.9;-37.0;14.4;5.5;76.2;0.0000;-0.0070;1.0250;0.2750;-7.6911;
1145.58;1;0;0;5F;22;22;22;22;22;71F;11C;3B0;3.2;15.9;-33.0;14.4;5.5;76.2;0.0000;-0.0053;-0.2250;0.1250;-6.2998;
1145.84;1;0;0;5F;22;22;22;22;22;585;11C;3B0;3.2;16.5;66.0;14.4;5.5;76.2;0.3020;-0.0048;-0.3250;0.1750;9.7660;
1146.09;0;0;0;5F;23;23;23;23;23;562;11C;3B0;3.2;16.4;198.0;14.4;5.5;76.2;0.4549;0.0011;0.1250;0.0500;28.5722;
1146.34;0;0;0;5F;23;23;23;23;23;57E;11C;3B0;3.2;16.4;210.5;14.4;5.5;76.2;0.4431;0.0045;0.5250;0.1500;30.9932;
1146.59;0;0;0;5F;24;24;24;24;24;59B;11C;3B0;3.2;16.7;179.5;14.5;5.5;76.2;0.3725;0.0028;0.5500;0.1750;26.9740;
1146.84;0;0;0;5F;24;24;24;24;24;5AF;11C;3B0;3.2;16.7;148.5;14.5;5.5;76.2;0.3490;0.0026;0.6000;0.1250;22.6265;
1147.09;0;0;0;5F;25;25;25;25;25;583;11C;3B0;3.2;17.3;16.5;14.5;5.5;76.2;0.0000;0.0026;0.4000;0.3250;2.4380;
1147.34;0;0;0;5F;24;24;24;24;24;5A3;11C;3B0;3.2;17.3;-16.5;14.5;5.5;76.2;0.0000;0.0025;-0.0500;0.1000;-2.4933;
1147.59;0;0;0;5F;24;24;24;24;24;5AE;11C;3B0;3.2;17.8;5.5;14.5;5.5;76.2;0.2314;0.0016;-0.5500;0.3250;0.8374;
1147.84;0;0;0;5F;23;23;23;23;24;58B;11C;3B0;3.2;17.8;37.5;14.5;5.5;76.2;0.2314;-0.0004;-0.4750;0.2500;5.5724;
1148.09;0;0;0;5F;23;23;23;23;23;57B;11C;3B0;3.2;19.1;56.0;14.5;5.5;76.2;0.2235;-0.0023;-0.2500;0.1000;8.2276;
1148.34;0;0;0;5F;23;23;23;23;23;57C;11C;3B0;3.2;19.5;57.0;14.5;5.5;76.2;0.2235;-0.0016;-0.2500;0.1250;8.3805;
1148.59;0;0;0;5F;23;23;23;23;23;56B;11C;3B0;3.2;19.5;59.5;14.5;5.5;76.2;0.2157;-0.0016;-0.2000;0.0750;8.6422;
1148.84;0;0;0;5F;23;23;23;23;23;565;11C;3B0;3.2;20.3;57.0;14.5;5.5;76.2;0.2157;-0.0016;-0.2500;0.0750;8.2432;
1149.09;0;0;0;5F;22;22;22;22;22;55A;11C;3B0;3.2;21.3;55.0;14.5;5.5;76.2;0.2157;-0.0016;-0.2500;0.2000;7.8906;
1149.34;0;0;0;5F;22;22;22;22;22;552;11C;3B0;3.2;21.3;55.5;14.5;5.5;76.2;0.2157;-0.0016;-0.2750;0.0750;7.9159;
1149.59;0;0;0;5F;22;22;22;22;22;54C;11C;3B0;3.2;21.6;55.5;14.5;5.5;76.2;0.2157;-0.0016;-0.2500;0.1000;7.8810;
1149.84;0;0;0;5F;22;22;22;22;22;542;11C;3B0;3.2;21.6;55.0;14.5;5.5;76.2;0.2157;-0.0016;-0.2500;0.2000;7.7524;
1150.09;0;0;0;5F;21;21;21;21;22;534;11C;3B0;3.2;21.3;55.5;14.4;5.5;76.2;0.2157;-0.0016;-0.2750;0.2000;7.7415;
1150.34;0;0;0;5F;21;21;21;21;21;534;11C;3B0;3.2;21.5;56.0;14.4;5.5;76.2;0.2157;-0.0034;-0.2250;0.1500;7.8113;
1150.59;0;0;0;5F;21;21;21;21;21;526;11C;3B0;3.2;21.5;55.5;14.4;5.5;76.2;0.2157;-0.0085;-0.2500;0.1000;7.6601;
1150.85;0;0;0;5F;21;21;21;21;21;51B;11C;3B0;3.2;22.0;56.0;14.4;5.5;76.2;0.2157;-0.0088;-0.2750;-0.1250;7.6646;
1151.10;0;0;0;5F;21;21;20;20;21;512;11C;3B0;3.2;22.3;55.5;14.4;5.5;76.2;0.2157;-0.0088;-0.2750;0.1000;7.5439;
1151.35;0;0;0;5F;20;20;20;20;20;50C;11C;3B0;3.2;22.3;55.5;14.5;5.5;76.2;0.2157;-0.0088;-0.2500;0.1750;7.5090;
1151.60;0;0;0;5F;20;20;20;20;20;508;11C;3B0;3.2;22.3;56.5;14.5;5.5;76.2;0.2157;-0.0086;-0.1750;0.1000;7.6207;
1151.85;0;0;0;5F;20;20;20;20;20;4FF;11C;3B0;3.2;22.4;56.0;14.5;5.5;76.2;0.2157;-0.0089;-0.2250;-0.1000;7.5004;
1152.10;0;0;0;5F;20;20;20;20;20;4F1;11C;3B0;3.2;21.8;56.0;14.4;5.5;76.2;0.2157;-0.0101;-0.2750;-0.0750;7.4183;
1152.35;0;0;0;5F;20;20;20;20;20;4EA;11C;3B0;3.2;21.8;57.0;14.4;5.5;76.2;0.2196;-0.0101;-0.2500;0.0250;7.5090;
1152.60;0;0;0;5F;1F;1F;1F;1F;1F;4E5;11C;3B0;3.2;21.8;57.5;14.4;5.5;76.2;0.2235;-0.0095;-0.2500;0.1000;7.5448;
1152.85;0;0;0;5F;1F;1F;1F;1F;1F;4DD;11C;3B0;3.2;21.8;58.5;14.4;5.5;76.2;0.2235;-0.0081;-0.2500;0.1750;7.6270;
1153.10;0;0;0;5F;1F;1F;1F;1F;1F;4D5;11C;3B0;3.2;21.8;61.5;14.4;5.5;76.2;0.2314;-0.0078;-0.2000;0.0250;7.9666;
1153.35;0;0;0;5F;1F;1F;1F;1F;1F;4D0;11C;3B0;3.2;21.7;64.5;14.4;5.5;76.2;0.2392;-0.0075;-0.2000;0.1000;8.3215;
1153.60;0;0;0;5F;1F;1F;1F;1F;1F;4D2;11C;3B0;3.2;21.7;73.0;14.5;5.5;76.2;0.2510;-0.0073;-0.1250;0.0500;9.4334;
1153.85;0;0;0;5F;1F;1F;1F;1F;1F;4D4;11C;3B0;3.2;21.7;79.5;14.5;5.5;76.2;0.2706;-0.0053;-0.1000;-0.0500;10.2900;
1154.10;0;0;0;60;1F;1F;1F;1F;1F;4D0;11C;3B0;3.2;21.5;90.0;14.5;5.5;76.2;0.2784;-0.0048;-0.0250;0.0000;11.6113;
1154.35;0;0;0;60;1F;1F;1F;1F;1F;4D2;11C;3B0;3.2;21.5;92.0;14.5;5.5;76.2;0.2745;-0.0041;0.0000;0.2000;11.8886;
1154.60;0;0;0;60;1F;1F;1F;1F;1F;4D6;11C;3B0;3.2;21.5;91.5;14.5;5.5;76.2;0.2667;-0.0038;0.0500;0.2250;11.8623;
1154.85;0;0;0;60;1F;1F;1F;1F;1F;4DB;11C;3B0;3.2;21.5;91.0;14.4;5.5;76.2;0.2667;-0.0037;0.0750;0.0500;11.8452;
1155.10;0;0;0;60;1F;1F;1F;1F;1F;4DC;11C;3B0;3.2;21.3;88.5;14.4;5.5;76.2;0.2667;-0.0037;0.0500;0.2250;11.5290;
1155.35;0;0;0;60;1F;1F;1F;1F;1F;4DF;11C;3B0;3.2;21.1;89.0;14.4;5.5;76.2;0.2667;-0.0034;0.0750;0.1750;11.6221;
1155.60;0;0;0;60;1F;1F;1F;1F;1F;4DD;11C;3B0;3.2;21.1;88.0;14.4;5.5;76.2;0.2627;-0.0041;0.0250;0.2000;11.4731;
1155.87;0;0;0;60;1F;1F;1F;1F;1F;4DF;11C;3B0;3.2;21.3;87.5;14.5;5.5;76.2;0.2627;-0.0071;0.0250;0.2750;11.4262;
1156.12;0;0;0;60;20;1F;1F;1F;1F;4E3;11C;3B0;3.2;21.3;85.0;14.5;5.5;76.2;0.2510;-0.0071;0.0250;0.2750;11.1354;
1156.37;0;0;0;60;1F;1F;1F;1F;1F;4DB;11C;3B0;3.2;21.2;65.5;14.4;5.5;76.2;0.2196;-0.0070;-0.0500;0.1000;8.5259;
1156.62;0;0;0;60;1F;1F;1F;1F;1F;4E1;11C;3B0;3.2;21.2;54.0;14.4;5.5;76.2;0.2157;-0.0068;-0.1000;0.1750;7.0629;
1156.87;0;0;0;60;1F;1F;1F;1F;1F;4D7;11C;3B0;3.2;21.2;51.0;14.4;5.5;76.2;0.2078;-0.0089;-0.2000;0.0250;6.6171;
1157.12;0;0;0;60;1F;1F;1F;1F;1F;4C9;11C;3B0;3.2;21.4;53.0;14.4;5.5;76.2;0.2157;-0.0108;-0.2500;0.0250;6.7989;
1157.37;0;0;0;60;1E;1E;1E;1E;1E;4C1;11C;3B0;3.2;21.4;55.0;14.4;5.5;76.2;0.2157;-0.0108;-0.2500;0.0250;7.0094;
1157.62;0;0;0;60;1E;1E;1E;1E;1E;4BA;11C;3B0;3.2;21.3;57.5;14.5;5.5;76.2;0.2235;-0.0108;-0.2500;0.0500;7.2859;
1157.87;0;0;0;60;1E;1E;1E;1E;1E;4B7;11C;3B0;3.2;21.5;59.0;14.5;5.5;76.2;0.2235;-0.0106;-0.2000;0.0750;7.4574;
1158.12;0;0;0;60;1E;1E;1E;1E;1E;4B3;11C;3B0;3.2;21.5;60.0;14.5;5.5;76.2;0.2235;-0.0110;-0.1750;0.1250;7.5587;
1158.37;0;0;0;60;1E;1E;1E;1E;1E;4AD;11C;3B0;3.2;21.6;61.0;14.5;5.5;76.2;0.2275;-0.0131;-0.1750;0.1000;7.6463;
1158.62;0;0;0;60;1E;1E;1E;1E;1E;4A8;11C;3B0;3.2;21.6;60.5;14.5;5.5;76.2;0.2275;-0.0156;-0.1250;0.0000;7.5520;
1158.87;0;0;0;60;1E;1E;1E;1D;1E;4A5;11C;3B0;3.2;21.6;61.5;14.5;5.5;76.2;0.2275;-0.0158;-0.1500;-0.0750;7.6575;
1159.12;0;0;0;60;1D;1D;1D;1D;1E;49E;11C;3B0;3.2;21.6;65.0;14.5;5.5;76.2;0.2314;-0.0152;-0.1500;0.0250;8.0456;
1159.37;0;0;0;60;1D;1D;1D;1D;1D;49D;11C;3B0;3.2;21.6;68.0;14.5;5.5;76.2;0.2471;-0.0143;-0.0750;-0.0250;8.4098;
1159.62;0;0;0;60;1D;1E;1D;1D;1D;49F;11C;3B0;3.2;21.7;75.0;14.5;5.5;76.2;0.2510;-0.0138;-0.0250;-0.0250;9.2913;
1159.87;0;0;0;60;1D;1D;1D;1D;1D;49B;11C;3B0;3.2;21.7;77.5;14.5;5.5;76.2;0.2510;-0.0048;-0.0500;0.0000;9.5685;
1160.12;0;0;0;60;1D;1D;1D;1D;1E;49C;11C;3B0;3.2;21.7;78.5;14.5;5.5;76.2;0.2510;0.0003;-0.0250;0.5250;9.7002;
1160.37;0;0;0;60;1D;1D;1D;1D;1D;496;11C;3B0;3.2;21.7;81.0;14.5;5.5;76.2;0.2549;0.0048;-0.0750;0.2250;9.9582;
1160.62;0;0;0;60;1D;1D;1D;1D;1D;491;11C;3B0;3.2;21.7;80.0;14.4;5.5;76.2;0.2510;0.0045;-0.1250;0.4500;9.7934;
1160.88;0;0;0;61;1D;1D;1D;1D;1D;493;11C;3B0;3.2;21.7;79.0;14.4;5.5;76.2;0.2510;0.0045;-0.0250;0.3250;9.6875;
1161.13;0;0;0;61;1D;1D;1D;1D;1D;494;11C;3B0;3.2;21.7;78.5;14.4;5.5;76.2;0.2510;0.0045;-0.0500;0.3250;9.6344;
1161.38;0;0;0;61;1D;1D;1D;1D;1D;490;11C;3B0;3.2;21.8;76.5;14.4;5.5;76.2;0.2431;0.0045;-0.0500;0.2000;9.3569;
1161.63;0;0;0;61;1D;1D;1D;1D;1D;492;11C;3B0;3.2;21.8;73.5;14.4;5.5;76.2;0.2353;0.0046;-0.0500;0.3250;9.0054;
1161.88;0;0;0;61;1D;1D;1D;1D;1D;48E;11C;3B0;3.2;21.6;68.5;14.4;5.5;76.2;0.2235;0.0045;-0.0500;0.1750;8.3641;
1162.13;0;0;0;61;1D;1D;1D;1D;1D;488;11C;3B0;3.2;21.7;60.5;14.4;5.5;76.2;0.2039;0.0026;-0.1000;0.2500;7.3492;
1162.38;0;0;0;61;1C;1D;1D;1D;1D;478;11C;3B0;3.2;21.7;33.0;14.4;5.5;76.2;0.1765;0.0025;-0.2500;0.1750;3.9534;
1162.63;0;0;0;61;1C;1C;1C;1C;1C;472;11C;3B0;3.2;21.8;31.5;14.4;5.5;76.2;0.1686;0.0008;-0.3500;0.0000;3.7539;
1162.88;0;0;0;61;1C;1C;1C;1C;1C;459;11C;3B0;3.2;21.8;18.0;14.5;5.5;76.2;0.1137;0.0003;-0.3750;0.0000;2.0980;
1163.13;0;0;0;61;1B;1C;1C;1C;1C;441;11C;3B0;3.2;21.8;-11.5;14.5;5.5;76.2;0.0000;0.0003;-0.5250;0.1250;-1.3115;
1163.38;0;0;0;61;1B;1A;1B;1B;1B;418;11C;3B0;3.2;22.1;-27.0;14.5;5.5;76.2;0.0000;0.0003;-0.7750;0.2500;-2.9632;
1163.63;0;0;0;61;1A;1A;1A;1A;1A;407;11C;3B0;3.2;22.1;-29.0;14.5;5.5;76.2;0.0000;0.0003;-0.9250;0.0500;-3.1310;
1163.88;0;0;0;61;19;19;19;19;19;3E8;11C;3B0;3.2;22.6;-31.0;14.5;5.5;76.2;0.0000;0.0003;-0.9750;0.1750;-3.2463;
1164.13;1;0;0;61;18;18;18;18;18;3DE;11C;3B0;3.2;22.6;-27.5;14.4;5.5;76.2;0.0000;0.0003;-0.8750;0.1000;-2.8510;
1164.38;1;0;0;61;18;18;18;18;18;378;11C;3B0;3.2;22.8;-6.0;14.4;5.5;76.2;0.0000;0.0007;-0.7750;0.1750;-0.5579;
1164.63;1;0;0;61;17;17;17;17;17;36F;11C;3B0;3.2;22.8;0.0;14.4;5.5;76.2;0.0000;0.0007;-0.7000;0.4000;0.0000;
1164.88;1;0;0;61;16;16;16;16;17;36E;11C;3B0;3.2;23.0;3.5;14.4;5.5;76.2;0.0000;0.0008;-0.6750;0.2500;0.3218;
1165.13;1;0;0;61;16;16;16;16;16;378;11C;3B0;3.2;23.4;1.0;14.4;5.5;76.2;0.0000;0.0016;-0.7000;0.0000;0.0930;
1165.38;1;0;0;61;15;15;15;15;15;3CD;11C;3B0;3.2;23.4;-32.0;14.4;5.5;76.2;0.0000;0.0029;-1.0250;0.3250;-3.2606;
1165.63;1;0;0;61;14;14;14;14;14;40E;11C;3B0;3.2;23.6;-32.0;14.4;5.5;76.2;0.0000;0.0058;-1.2250;0.0500;-3.4784;
1165.89;1;0;0;61;12;12;12;12;12;4AB;11C;3B0;3.2;24.2;-18.5;14.4;5.5;76.2;0.0588;0.0062;-1.3750;0.2750;-2.3151;
1166.14;1;0;0;61;12;11;12;12;12;480;11C;3B0;3.2;24.2;-5.5;14.4;5.5;76.2;0.0588;0.0062;-1.0500;0.2250;-0.6635;
1166.39;0;0;0;61;11;11;11;11;11;454;11C;3B0;3.2;24.6;-5.0;14.4;5.5;76.2;0.1020;0.0063;-0.7750;0.3250;-0.5801;
1166.64;0;0;0;61;11;11;11;11;11;43B;11C;3B0;3.2;24.6;-1.0;14.4;5.5;76.2;0.1216;0.0068;-0.7000;0.4250;-0.1134;
1166.89;0;0;0;61;10;10;10;10;10;410;11C;3B0;3.2;24.4;-4.0;14.4;5.5;76.2;0.0000;0.0068;-0.5500;0.1250;-0.4356;
1167.14;1;0;0;61;F;10;10;10;10;3A9;11C;3B0;3.2;24.6;-22.0;14.4;5.5;76.2;0.0000;0.0068;-0.6000;0.5000;-2.1587;
1167.39;1;0;0;61;F;F;F;F;F;379;11C;3B0;3.2;24.6;-8.0;14.4;5.5;76.2;0.0000;0.0068;-0.7000;0.1000;-0.7448;
1167.64;1;0;0;61;E;E;E;E;E;372;11C;3B0;3.2;24.7;-5.5;14.3;5.5;76.2;0.0000;0.0068;-0.7250;0.1750;-0.5080;
1167.89;1;0;0;61;D;D;D;D;D;36F;11A;3B0;3.2;24.4;-2.0;14.3;5.5;76.2;0.0000;0.0058;-0.7750;0.2000;-0.1841;
1168.14;1;0;0;61;D;D;D;D;D;364;11A;3B0;3.2;24.4;3.0;14.3;5.5;76.2;0.0000;0.0056;-0.8000;0.1500;0.2727;
1168.39;1;0;0;61;C;C;C;C;C;366;11A;3B0;3.2;24.4;7.0;14.4;5.5;76.2;0.0000;0.0028;-0.7500;0.1250;0.6377;
1168.64;1;0;0;61;C;C;B;B;C;36F;11A;3B0;3.2;24.4;5.5;14.4;5.5;76.2;0.0000;-0.0108;-0.7750;0.0250;0.5063;
1168.89;1;0;0;61;B;A;B;B;B;36C;11A;3B0;3.2;24.3;7.0;14.4;5.5;76.2;0.0000;-0.0842;-0.7500;-0.2000;0.6421;
1169.14;1;0;0;61;A;A;A;A;A;36E;11A;3B0;3.2;24.3;8.0;14.4;5.5;76.2;0.0000;-0.1285;-0.7750;-0.2000;0.7356;
1169.39;1;1;0;61;A;9;9;9;9;372;11A;3B0;3.2;24.1;8.0;14.4;5.5;76.2;0.0000;-0.1842;-1.0000;-0.4000;0.7389;
1169.64;1;1;0;61;9;8;9;8;9;36E;11A;3B0;3.2;24.1;8.5;14.5;5.5;76.2;0.0000;-0.2272;-1.1250;-0.3250;0.7815;
1169.89;1;1;0;61;8;7;8;7;7;372;11A;3B0;3.2;23.8;7.5;14.5;5.5;76.2;0.0000;-0.2802;-1.1250;-0.1250;0.6927;
1170.14;1;1;0;61;7;6;7;6;7;372;11A;3B0;3.2;23.4;7.0;14.4;5.5;76.2;0.0000;-0.3051;-1.1250;-0.1000;0.6465;
1170.39;1;1;0;61;6;5;6;5;5;371;11A;3B0;3.2;23.4;6.0;14.4;5.5;76.2;0.0000;-0.3254;-1.1000;-0.0500;0.5535;
1170.64;1;0;0;61;5;4;5;4;5;372;11A;3B0;3.2;23.5;5.5;14.4;5.5;76.2;0.0000;-0.3475;-0.7500;0.0000;0.5080;
1170.91;1;0;0;61;4;4;4;4;4;37D;11A;3B0;3.2;23.5;19.0;14.4;5.5;76.2;0.0000;-0.3795;-0.7250;0.1250;1.7768;
1171.16;1;0;0;61;4;3;4;3;3;3B5;11A;3B0;3.2;23.5;5.5;14.4;5.5;76.2;0.0000;-0.3795;-0.6500;0.1750;0.5466;
1171.41;1;0;0;61;3;3;3;3;3;3AB;11A;3B0;3.2;23.3;11.0;14.4;5.5;76.2;0.0000;-0.3798;-0.4750;0.2000;1.0817;
1171.66;1;0;0;61;3;3;3;3;3;3A4;11A;3B0;3.2;23.4;20.5;14.4;5.5;76.2;0.0000;-0.3892;-0.2500;0.2250;2.0008;
1171.91;1;0;0;61;3;3;3;3;3;3AD;11A;3B0;3.2;23.4;24.0;14.5;5.5;76.2;0.0000;-0.3963;-0.1250;0.4750;2.3650;
1172.16;1;0;0;61;3;2;3;2;3;3DE;11A;3B0;3.2;23.2;3.0;14.5;5.5;76.2;0.0000;-0.4089;-0.2250;0.5500;0.3110;
1172.41;1;0;0;61;2;2;2;2;2;37F;11A;3B0;3.2;23.2;0.0;14.5;5.5;76.2;0.0000;-0.4233;-0.4500;0.4500;0.0000;
1172.66;1;0;0;61;2;1;2;1;1;396;11A;3B0;3.2;23.5;14.5;14.5;5.5;76.2;0.0000;-0.4295;-0.6500;0.4750;1.3939;
1172.91;1;0;0;61;1;1;1;1;1;3BA;11A;3B0;3.2;23.5;14.5;14.5;5.5;76.2;0.0902;-0.4305;-0.6750;0.4500;1.4486;
1173.16;1;0;0;61;1;1;1;1;1;3AF;11A;3B0;3.2;23.9;42.5;14.5;5.5;76.2;0.1059;-0.4306;-0.3500;0.4250;4.1969;
1173.41;1;0;0;61;1;1;1;1;1;40B;11A;3B0;3.2;23.9;38.0;14.5;5.5;76.2;0.1412;-0.4306;-0.1250;0.2500;4.1186;
1173.66;1;0;0;61;1;1;1;1;1;420;11A;3B0;3.2;23.6;31.5;14.5;5.5;76.2;0.1490;-0.4313;0.0000;0.2250;3.4834;
1173.91;1;0;0;61;1;1;1;1;1;3FC;11A;3B0;3.2;23.6;50.5;14.5;5.5;76.2;0.1490;-0.4313;0.1000;0.1750;5.3941;
1174.16;1;0;0;61;2;1;1;1;1;40F;11A;3B0;3.2;23.6;54.0;14.4;5.5;76.2;0.1490;-0.4319;0.1250;0.1500;5.8754;
1174.41;1;0;0;61;2;2;2;1;1;420;11A;3B0;3.2;23.4;41.0;14.4;5.5;76.2;0.1529;-0.4327;0.2000;0.0500;4.5339;
1174.66;1;0;0;61;2;2;2;2;2;415;11A;3B0;3.2;22.7;46.0;14.4;5.5;76.2;0.1529;-0.4327;0.2250;0.1000;5.0339;
1174.91;1;0;0;61;2;2;2;2;2;40C;11A;3B0;3.2;22.7;44.5;14.4;5.5;76.2;0.1412;-0.4327;0.2500;0.3500;4.8278;
1175.16;1;0;0;61;3;3;3;3;3;404;11A;3B0;3.2;22.4;49.5;14.4;5.5;76.2;0.1412;-0.4327;0.4250;-0.2000;5.3288;
1175.41;1;0;0;61;3;3;3;3;3;400;11A;3B0;3.2;22.4;50.5;14.4;5.5;76.2;0.1412;-0.4327;0.4750;-0.1000;5.4153;
1175.66;1;0;0;61;4;3;4;4;4;3FE;11A;3B0;3.2;21.9;46.0;14.4;5.5;76.2;0.1412;-0.4328;0.5000;-0.1500;4.9231;
1175.92;1;0;0;61;4;3;4;3;4;3F4;11A;3B0;3.2;21.3;54.5;14.4;5.5;76.2;0.1529;-0.4328;0.3500;-0.3500;5.7757;
1176.17;1;0;0;61;4;4;4;4;4;40A;11A;3B0;3.2;21.3;66.0;14.4;5.5;76.2;0.1922;-0.4328;0.2000;-0.7500;7.1465;
1176.42;1;0;0;61;5;4;5;4;4;429;11A;3B0;3.2;20.9;75.5;14.4;5.5;76.2;0.1961;-0.4328;0.2750;-0.2000;8.4203;
1176.67;1;0;0;61;5;4;5;4;5;438;11A;3B0;3.2;20.9;64.0;14.5;5.5;76.2;0.1961;-0.4352;0.4250;-0.6000;7.2382;
1176.92;1;0;0;61;6;5;6;5;5;436;11A;3B0;3.2;19.9;70.0;14.5;5.5;76.2;0.1961;-0.4353;0.5000;-0.5500;7.9022;
1177.17;1;0;0;61;7;6;7;6;6;435;11A;3B0;3.2;19.9;72.5;14.5;5.5;76.2;0.1961;-0.4353;0.7000;-0.9750;8.1768;
1177.42;1;0;0;61;7;6;7;6;7;439;11A;3B0;3.2;18.8;77.0;14.4;5.5;76.2;0.2157;-0.4353;0.6000;-0.8750;8.7166;
1177.67;1;0;0;61;8;7;8;7;7;46C;11A;3B0;3.2;17.9;80.0;14.4;5.5;76.2;0.2314;-0.4336;0.5750;-0.7500;9.4834;
1177.92;1;0;0;61;8;7;8;7;8;472;11A;3B0;3.2;17.9;78.0;14.4;5.5;76.2;0.2314;-0.4335;0.6000;-0.8750;9.2953;
1178.17;1;0;0;61;A;8;9;8;9;456;11A;3B0;3.2;17.3;98.5;14.4;5.5;76.2;0.2275;-0.4333;0.9000;-0.9250;11.4495;
1178.42;1;0;0;61;A;9;A;9;9;475;11A;3B0;3.2;17.3;93.0;14.4;5.5;76.2;0.2314;-0.4330;0.9750;-1.2250;11.1121;
1178.67;1;0;0;61;B;A;B;9;A;4B9;11A;3B0;3.2;16.6;67.5;14.4;5.5;76.2;0.2314;-0.4315;0.5750;-0.8250;8.5459;
1178.92;1;0;0;61;B;A;B;A;A;4FC;11A;3B0;3.2;15.9;73.5;14.4;5.5;76.2;0.2471;-0.4234;0.4500;-0.7500;9.8212;
1179.17;0;0;0;61;C;B;C;A;B;531;11A;3B0;3.2;15.9;78.0;14.4;5.5;76.2;0.2510;-0.3875;0.5250;-0.4500;10.8555;
1179.42;0;0;0;61;C;B;C;B;B;55E;11A;3B0;3.2;15.6;78.0;14.4;5.5;76.2;0.2510;-0.3376;0.5000;-0.5000;11.2230;
1179.67;0;0;0;61;C;B;C;B;C;59B;11A;3B0;3.2;15.3;76.0;14.4;5.5;76.2;0.2471;-0.2612;0.4750;-0.2250;11.4207;
1179.92;0;0;0;61;C;C;D;C;C;5B4;11A;3B0;3.2;15.3;75.5;14.4;5.5;76.2;0.2431;-0.2155;0.4500;-0.4000;11.5433;
1180.17;0;0;0;61;D;C;D;C;C;5E3;11A;3B0;3.2;15.0;70.0;14.4;5.5;76.2;0.2314;-0.1868;0.3750;-0.2500;11.0469;
1180.42;0;0;0;61;D;C;D;C;D;5F3;11A;3B0;3.2;15.0;63.5;14.4;5.5;76.2;0.2235;-0.1702;0.2750;-0.1750;10.1275;
1180.67;0;0;0;61;D;D;D;C;D;5F5;11A;3B0;3.2;15.0;43.5;14.4;5.5;76.2;0.1765;-0.1215;0.1500;-0.1500;6.9468;
1180.94;0;0;0;61;D;D;D;D;D;5EF;11A;3B0;3.2;15.0;29.0;14.4;5.5;76.2;0.1412;-0.0851;-0.0250;0.1250;4.6130;
1181.19;0;0;0;61;C;C;C;C;C;5B8;11A;3B0;3.2;15.4;11.0;14.5;5.5;76.2;0.1255;-0.0563;-0.3500;0.2250;1.6864;
1181.44;0;0;0;61;C;C;C;C;C;58A;11A;3B0;3.2;15.4;9.5;14.5;5.5;76.2;0.1216;-0.0310;-0.4750;0.2000;1.4107;
1181.69;0;0;0;61;B;B;B;B;B;549;11A;3B0;3.2;15.9;8.0;14.5;5.5;76.2;0.1255;-0.0075;-0.5500;0.2750;1.1335;
1181.94;0;0;0;61;B;B;B;B;B;515;11A;3B0;3.2;17.0;8.5;14.5;5.5;76.2;0.1255;-0.0041;-0.5250;0.2000;1.1580;
1182.19;0;0;0;61;A;A;A;A;A;4CA;11A;3B0;3.2;17.0;10.0;14.5;5.5;76.2;0.1294;-0.0040;-0.5500;0.1000;1.2839;
1182.44;0;0;0;61;A;A;A;A;A;4A6;11A;3B0;3.2;17.6;11.5;14.5;5.5;76.2;0.1490;-0.0001;-0.6000;0.1750;1.4331;
1182.69;0;0;0;61;9;9;9;9;9;469;11A;3B0;3.2;18.4;23.5;14.5;5.5;76.2;0.2157;0.0025;-0.5250;0.1500;2.7784;
1182.94;0;0;0;61;9;9;9;9;9;457;11A;3B0;3.2;18.4;37.0;14.5;5.5;76.2;0.2235;-0.0001;-0.4000;0.1750;4.3047;
1183.19;0;0;0;61;9;9;9;9;9;45B;11A;3B0;3.2;19.1;51.0;14.5;5.5;76.2;0.2275;-0.0080;-0.0750;0.2000;5.9549;
1183.44;0;0;0;61;9;9;9;9;9;464;11A;3B0;3.2;19.1;56.5;14.5;5.5;76.2;0.2275;-0.0177;0.0500;0.1500;6.6503;
1183.69;0;0;0;61;9;9;9;9;9;487;11A;3B0;3.2;19.5;60.5;14.5;5.5;76.2;0.2235;-0.0440;0.1750;0.1500;7.3429;
1183.94;0;0;0;61;A;A;A;A;A;49D;11A;3B0;3.2;20.0;60.5;14.5;5.5;76.2;0.2235;-0.0615;0.2250;0.0000;7.4823;
1184.19;0;0;0;61;A;A;A;A;A;4BE;11A;3B0;3.2;20.0;57.0;14.5;5.5;76.2;0.1686;-0.0870;0.2250;-0.0500;7.2464;
1184.44;1;0;0;61;A;A;A;A;A;47A;11A;3B0;3.2;20.2;-26.5;14.5;5.5;76.2;0.0000;-0.1295;0.1000;-0.1500;-3.1802;
1184.69;1;0;0;61;9;8;9;8;9;398;11A;3B0;3.2;20.7;-7.5;14.5;5.5;76.2;0.0000;-0.2677;-0.7750;-0.2250;-0.7226;
1184.94;1;0;0;61;8;7;8;8;8;37E;11A;3B0;3.2;20.7;-3.5;14.5;5.5;76.2;0.0000;-0.3451;-1.0000;-0.2500;-0.3277;
1185.19;1;0;0;61;8;6;7;6;7;36D;11A;3B0;3.2;20.7;-0.5;14.5;5.5;76.2;0.0000;-0.4177;-1.1250;-0.1000;-0.0459;
1185.44;1;0;0;61;7;6;7;6;6;36B;11A;3B0;3.2;21.2;3.0;14.5;5.5;76.2;0.0000;-0.4815;-1.1250;0.0000;0.2749;
1185.69;1;0;0;61;6;5;5;4;5;369;11A;3B0;3.2;21.2;6.0;14.5;5.5;76.2;0.0000;-0.5716;-1.0750;0.1250;0.5485;
1185.95;1;0;0;61;5;4;4;4;4;369;11A;3B0;3.2;21.2;20.5;14.5;5.5;76.2;0.0000;-0.5886;-0.8250;0.3750;1.8741;
1186.20;1;0;0;61;4;3;4;3;4;3AE;11A;3B0;3.2;21.5;10.0;14.5;5.5;76.2;0.0000;-0.6029;-0.8000;0.4500;0.9865;
1186.45;1;0;0;61;4;3;3;3;3;3A8;11A;3B0;3.2;21.7;16.0;14.4;5.5;76.2;0.0000;-0.6481;-0.6000;0.5500;1.5683;
1186.70;1;0;0;61;3;3;3;2;3;3A1;11A;3B0;3.2;21.7;29.0;14.4;5.5;76.2;0.0000;-0.6670;-0.5000;0.5250;2.8213;
1186.95;1;0;0;61;3;3;3;2;3;3A8;119;3B0;3.2;21.6;34.5;14.4;5.5;76.2;0.0000;-0.6743;-0.1750;0.4500;3.3816;
1187.20;1;0;0;61;3;3;3;2;3;3B3;119;3B0;3.2;21.6;32.0;14.4;5.5;76.2;0.0000;-0.6760;-0.0250;0.4750;3.1734;
1187.45;1;0;0;61;4;3;3;2;3;3B2;119;3B0;3.2;21.8;34.5;14.4;5.5;76.2;0.0000;-0.7492;0.1000;0.3500;3.4177;
1187.70;1;0;0;61;3;3;3;2;3;3EE;119;3B0;3.2;22.0;-4.0;14.4;5.5;76.2;0.0000;-0.8068;-0.0750;0.6500;-0.4214;
1187.95;1;0;0;61;3;2;2;2;2;374;119;3B0;3.2;22.0;0.0;14.4;5.5;76.2;0.0000;-0.8489;-0.4250;0.7250;0.0000;
1188.20;1;0;0;61;2;2;2;1;2;3B4;119;3B0;3.2;22.8;3.0;14.4;5.5;76.2;0.0000;-0.8795;-0.4750;0.8000;0.2978;
1188.45;1;0;0;61;2;1;2;1;1;3AD;119;3B0;3.2;23.4;1.5;14.4;5.5;76.2;0.0000;-0.8903;-0.4000;0.7000;0.1478;
1188.70;1;0;0;61;2;1;2;1;1;3AA;119;3B0;3.2;23.4;19.0;14.4;5.5;76.2;0.0000;-0.8903;-0.2750;0.7500;1.8663;
1188.95;1;0;0;61;2;1;2;1;1;3A5;119;3B0;3.2;23.5;23.5;14.4;5.5;76.2;0.0000;-0.8903;-0.0500;0.6750;2.2960;
1189.20;1;0;0;61;2;2;2;1;2;3B2;119;3B0;3.2;23.5;25.5;14.4;5.5;76.2;0.0000;-0.8880;0.1000;0.6750;2.5262;
1189.45;1;0;0;61;3;2;2;1;2;3B5;119;3B0;3.2;23.3;24.0;14.4;5.5;76.2;0.0000;-0.8758;0.2500;0.7500;2.3851;
1189.70;1;0;0;61;3;2;3;2;3;3B4;119;3B0;3.2;23.3;26.0;14.4;5.5;76.2;0.0000;-0.8648;0.3250;1.0500;2.5811;
1189.95;1;0;0;61;3;2;3;2;3;3B6;119;3B0;3.2;23.2;26.0;14.4;5.5;76.2;0.0000;-0.8625;0.1000;0.6750;2.5866;
1190.20;1;0;0;61;3;2;3;2;3;3B7;119;3B0;3.2;23.2;25.5;14.4;5.5;76.2;0.0000;-0.8482;0.0000;0.6500;2.5395;
1190.45;1;0;0;61;3;3;3;2;3;3B1;119;3B0;3.2;23.5;28.5;14.4;5.5;76.2;0.0000;-0.7702;0.1250;0.6750;2.8204;
1190.70;1;0;0;61;3;2;3;2;3;3EB;119;3B0;3.2;23.5;0.0;14.4;5.5;76.2;0.0000;-0.7177;0.1000;0.9000;0.0000;
1190.97;1;0;0;61;2;2;2;1;2;37B;119;3B0;3.2;23.5;2.5;14.4;5.5;76.2;0.0000;-0.6903;-0.4250;1.3750;0.2333;
1191.22;1;0;0;61;2;1;1;1;1;37F;119;3B0;3.2;23.8;-2.0;14.4;5.5;76.2;0.0000;-0.6648;-0.5500;0.5500;-0.1874;
1191.47;1;0;0;61;1;1;1;1;1;3B9;119;3B0;3.2;24.5;-2.5;14.4;5.5;76.2;0.0000;-0.6136;-0.5250;0.8750;-0.2495;
1191.72;1;0;0;61;1;0;1;0;0;3A7;119;3B0;3.2;24.5;5.5;14.4;5.5;76.2;0.0000;-0.6173;-0.5250;0.7000;0.5385;
1191.97;1;0;0;61;0;0;0;0;0;3A4;119;3B0;3.2;24.7;15.5;14.4;5.5;76.2;0.0000;-0.6171;-0.4250;0.7500;1.5128;
1192.22;1;0;0;61;0;0;0;0;0;3A3;119;3B0;3.2;24.7;31.0;14.5;5.5;76.2;0.0000;-0.6173;-0.3250;0.7250;3.0223;
1192.47;1;0;0;61;0;0;0;0;0;3B3;119;3B0;3.2;24.3;34.0;14.5;5.5;76.2;0.0039;-0.6188;-0.0750;0.6500;3.3718;
1192.72;1;0;0;61;0;0;0;0;0;3BA;119;3B0;3.2;24.2;31.5;14.5;5.5;76.2;0.0157;-0.6208;0.0250;0.6500;3.1469;
1192.97;1;0;0;61;1;0;1;0;0;3BA;119;3B0;3.2;24.2;35.5;14.5;5.5;76.2;0.0157;-0.6220;0.2500;0.6000;3.5465;
1193.22;1;0;0;61;1;1;1;1;1;3C3;119;3B0;3.2;24.2;32.5;14.5;5.5;76.2;0.0118;-0.6220;0.4250;0.6000;3.2775;
1193.47;1;0;0;61;2;2;2;1;2;3D1;119;3B0;3.2;24.2;26.0;14.5;5.5;76.2;0.0000;-0.6139;0.5750;0.6750;2.6601;
1193.72;1;0;0;61;2;2;2;1;2;3D6;119;3B0;3.2;24.1;-32.0;14.5;5.5;76.2;0.0000;-0.5968;0.3250;1.0250;-3.2907;
1193.97;1;0;0;61;2;2;2;1;2;353;119;3B0;3.2;24.1;5.5;14.5;5.5;76.2;0.0000;-0.5777;0.0000;0.8250;0.4901;
1194.22;1;0;0;61;2;2;2;2;2;36D;119;3B0;3.2;24.3;4.5;14.5;5.5;76.2;0.0000;-0.5577;0.1500;1.0250;0.4133;
1194.47;1;0;0;61;3;2;3;2;2;376;119;3B0;3.2;24.0;-4.5;14.4;5.5;76.2;0.0000;-0.5415;0.4000;0.5750;-0.4175;
1194.72;1;0;0;61;3;2;3;2;3;364;119;3B0;3.2;24.0;4.0;14.4;5.5;76.2;0.0000;-0.5278;0.3250;1.5250;0.3636;
1194.97;1;0;0;61;3;3;3;2;3;373;119;3B0;3.2;24.0;3.0;14.4;5.5;76.2;0.0000;-0.5235;0.1500;0.2000;0.2774;
1195.22;1;0;0;61;3;3;3;3;3;374;119;3B0;3.2;24.0;2.0;14.4;5.5;76.2;0.0000;-0.5038;0.2500;1.1250;0.1851;
1195.47;1;0;0;61;3;3;3;3;3;371;119;3B0;3.2;24.2;0.5;14.4;5.5;76.2;0.0000;-0.4653;0.0000;0.7000;0.0461;
1195.72;1;0;0;61;3;3;3;3;3;36A;119;3B0;3.2;23.5;3.0;14.4;5.5;76.2;0.0000;-0.4055;0.0750;1.1000;0.2746;
1195.98;1;1;0;61;3;3;3;3;3;36D;119;3B0;3.2;23.5;6.5;14.4;5.5;76.2;0.0000;-0.3538;0.0000;0.6000;0.5970;
1196.23;1;1;0;61;3;3;3;3;3;379;119;3B0;3.2;23.8;2.0;14.4;5.5;76.2;0.0000;-0.3476;-0.0250;0.7750;0.1862;
1196.48;1;1;0;61;3;3;3;3;3;36F;119;3B0;3.2;24.8;2.0;14.4;5.5;76.2;0.0000;-0.3666;-0.0250;0.6500;0.1841;
1196.73;1;1;0;61;3;2;3;2;3;368;119;3B0;3.2;24.8;6.0;14.4;5.5;76.2;0.0000;-0.3871;-0.3250;1.1500;0.5479;
1196.98;1;1;0;61;3;2;2;2;2;36B;119;3B0;3.2;25.3;9.0;14.4;5.5;76.2;0.0000;-0.4152;-0.3750;0.0500;0.8247;
1197.23;1;1;0;61;2;2;2;2;2;36E;119;3B0;3.2;25.3;8.5;14.4;5.5;76.2;0.0000;-0.4243;-0.1500;0.7000;0.7815;
1197.48;1;1;0;61;2;2;2;2;2;36D;119;3B0;3.2;26.1;10.0;14.4;5.5;76.2;0.0000;-0.4377;-0.0250;0.4000;0.9184;
1197.73;1;1;0;61;2;2;2;2;2;370;119;3B0;3.2;26.1;10.0;14.3;5.5;76.2;0.0000;-0.4437;-0.0500;0.5750;0.9215;
1197.98;1;1;0;61;2;2;2;2;2;36F;119;3B0;3.2;27.0;9.5;14.3;5.5;76.2;0.0000;-0.4365;-0.2000;0.5500;0.8745;
1198.23;1;1;0;61;2;1;2;1;2;371;119;3B0;3.2;27.0;8.5;14.3;5.5;76.2;0.0000;-0.4313;-0.4000;0.7500;0.7842;
1198.48;1;1;0;61;1;1;1;1;1;338;119;3B0;3.2;27.8;9.0;14.4;5.5;76.2;0.0000;-0.4273;-0.4500;0.5500;0.7766;
1198.73;1;1;0;61;1;1;1;0;1;340;119;3B0;3.2;28.5;9.5;14.5;5.5;76.2;0.0000;-0.4240;-0.6750;0.5500;0.8277;
1198.98;1;1;0;61;0;0;0;0;0;33B;119;3B0;3.2;28.5;10.0;14.5;5.5;76.2;0.0000;-0.4141;-0.6000;0.5500;0.8660;
1199.23;1;1;0;61;0;0;0;0;0;33F;119;3B0;3.2;29.5;10.0;14.5;5.5;76.2;0.0000;-0.4086;-0.3750;0.4500;0.8702;
1199.48;1;1;0;61;0;0;0;0;0;33D;119;3B0;3.2;29.8;9.5;14.5;5.5;76.2;0.0000;-0.4085;-0.1500;0.5000;0.8247;
1199.73;1;1;0;61;0;0;0;0;0;33F;119;3B0;3.2;29.8;10.5;14.4;5.5;76.2;0.0000;-0.4083;-0.0250;0.4500;0.9137;
1199.98;1;1;0;61;0;0;0;0;0;340;119;3B0;3.2;30.2;9.0;14.4;5.5;76.2;0.0000;-0.4083;-0.0250;0.4750;0.7841;
1200.23;1;1;0;61;0;0;0;0;0;340;119;3B0;3.2;30.2;8.5;14.4;5.5;76.2;0.0000;-0.4081;0.0000;0.5000;0.7406;
1200.48;1;1;0;61;0;0;0;0;0;342;119;3B0;3.2;30.6;8.0;14.4;5.5;76.2;0.0000;-0.4081;-0.0250;0.4750;0.6987;
1200.73;1;1;0;61;0;0;0;0;0;341;119;3B0;3.2;30.4;6.0;14.5;5.5;76.2;0.0000;-0.4081;-0.0250;0.4500;0.5234;
