ISO-10303-21;
HEADER;
FILE_DESCRIPTION(('FreeCAD Model'),'2;1');
FILE_NAME('Open CASCADE Shape Model','2025-02-16T21:44:55',('Author'),(
    ''),'Open CASCADE STEP processor 7.8','FreeCAD','Unknown');
FILE_SCHEMA(('AUTOMOTIVE_DESIGN { 1 0 10303 214 1 1 1 1 }'));
ENDSEC;
DATA;
#1 = APPLICATION_PROTOCOL_DEFINITION('international standard',
  'automotive_design',2000,#2);
#2 = APPLICATION_CONTEXT(
  'core data for automotive mechanical design processes');
#3 = SHAPE_DEFINITION_REPRESENTATION(#4,#10);
#4 = PRODUCT_DEFINITION_SHAPE('','',#5);
#5 = PRODUCT_DEFINITION('design','',#6,#9);
#6 = PRODUCT_DEFINITION_FORMATION('','',#7);
#7 = PRODUCT('Enclosure top','Enclosure top','',(#8));
#8 = PRODUCT_CONTEXT('',#2,'mechanical');
#9 = PRODUCT_DEFINITION_CONTEXT('part definition',#2,'design');
#10 = ADVANCED_BREP_SHAPE_REPRESENTATION('',(#11,#15),#4315);
#11 = AXIS2_PLACEMENT_3D('',#12,#13,#14);
#12 = CARTESIAN_POINT('',(0.,0.,0.));
#13 = DIRECTION('',(0.,0.,1.));
#14 = DIRECTION('',(1.,0.,-0.));
#15 = MANIFOLD_SOLID_BREP('',#16);
#16 = CLOSED_SHELL('',(#17,#601,#680,#752,#856,#976,#1016,#1056,#1073,
    #1105,#1129,#1154,#1171,#1203,#1227,#1252,#1269,#1295,#1327,#1351,
    #1376,#1393,#1425,#1449,#1474,#1491,#1523,#1547,#1572,#1589,#1615,
    #1647,#1671,#1696,#1713,#1745,#1769,#1794,#1811,#1843,#1867,#1892,
    #1909,#1941,#1965,#1990,#2007,#2039,#2063,#2088,#2105,#2137,#2161,
    #2186,#2203,#2235,#2259,#2284,#2301,#2327,#2359,#2383,#2408,#2425,
    #2451,#2509,#2545,#2594,#2727,#2757,#2815,#2845,#2879,#2904,#2953,
    #2989,#3013,#3037,#3098,#3115,#3140,#3157,#3181,#3205,#3222,#3256,
    #3300,#3449,#3474,#3499,#3524,#3549,#3576,#3587,#3598,#3625,#3651,
    #3673,#3690,#3707,#3724,#3745,#3757,#3775,#3793,#3812,#3823,#3834,
    #3861,#3879,#3891,#3917,#3943,#3969,#3995,#4015,#4035,#4055,#4075,
    #4101,#4127,#4153,#4179,#4204,#4229,#4254,#4279,#4288,#4297,#4306));
#17 = ADVANCED_FACE('',(#18,#84,#120,#156,#167,#203,#239,#275,#286,#322,
    #358,#394,#430,#466,#502,#538,#549,#585),#596,.T.);
#18 = FACE_BOUND('',#19,.T.);
#19 = EDGE_LOOP('',(#20,#30,#38,#46,#54,#62,#70,#78));
#20 = ORIENTED_EDGE('',*,*,#21,.F.);
#21 = EDGE_CURVE('',#22,#24,#26,.T.);
#22 = VERTEX_POINT('',#23);
#23 = CARTESIAN_POINT('',(32.270801343799,-15.15351903374,0.));
#24 = VERTEX_POINT('',#25);
#25 = CARTESIAN_POINT('',(-22.64948427334,-15.15351903374,0.));
#26 = LINE('',#27,#28);
#27 = CARTESIAN_POINT('',(32.270801343799,-15.15351903374,0.));
#28 = VECTOR('',#29,1.);
#29 = DIRECTION('',(-1.,0.,0.));
#30 = ORIENTED_EDGE('',*,*,#31,.T.);
#31 = EDGE_CURVE('',#22,#32,#34,.T.);
#32 = VERTEX_POINT('',#33);
#33 = CARTESIAN_POINT('',(32.270801343799,44.902170724824,0.));
#34 = LINE('',#35,#36);
#35 = CARTESIAN_POINT('',(32.270801343799,-15.15351903374,0.));
#36 = VECTOR('',#37,1.);
#37 = DIRECTION('',(0.,1.,0.));
#38 = ORIENTED_EDGE('',*,*,#39,.F.);
#39 = EDGE_CURVE('',#40,#32,#42,.T.);
#40 = VERTEX_POINT('',#41);
#41 = CARTESIAN_POINT('',(17.600515726654,44.902170724824,0.));
#42 = LINE('',#43,#44);
#43 = CARTESIAN_POINT('',(-22.64948427334,44.902170724824,0.));
#44 = VECTOR('',#45,1.);
#45 = DIRECTION('',(1.,0.,0.));
#46 = ORIENTED_EDGE('',*,*,#47,.F.);
#47 = EDGE_CURVE('',#48,#40,#50,.T.);
#48 = VERTEX_POINT('',#49);
#49 = CARTESIAN_POINT('',(17.600515726654,38.055689758573,0.));
#50 = LINE('',#51,#52);
#51 = CARTESIAN_POINT('',(17.600515726654,26.465007802055,0.));
#52 = VECTOR('',#53,1.);
#53 = DIRECTION('',(0.,1.,0.));
#54 = ORIENTED_EDGE('',*,*,#55,.F.);
#55 = EDGE_CURVE('',#56,#48,#58,.T.);
#56 = VERTEX_POINT('',#57);
#57 = CARTESIAN_POINT('',(5.100515726654,38.055689758573,0.));
#58 = LINE('',#59,#60);
#59 = CARTESIAN_POINT('',(8.080587130941,38.055689758573,0.));
#60 = VECTOR('',#61,1.);
#61 = DIRECTION('',(1.,0.,0.));
#62 = ORIENTED_EDGE('',*,*,#63,.T.);
#63 = EDGE_CURVE('',#56,#64,#66,.T.);
#64 = VERTEX_POINT('',#65);
#65 = CARTESIAN_POINT('',(5.100515726654,44.902170724824,0.));
#66 = LINE('',#67,#68);
#67 = CARTESIAN_POINT('',(5.100515726654,26.465007802055,0.));
#68 = VECTOR('',#69,1.);
#69 = DIRECTION('',(0.,1.,0.));
#70 = ORIENTED_EDGE('',*,*,#71,.F.);
#71 = EDGE_CURVE('',#72,#64,#74,.T.);
#72 = VERTEX_POINT('',#73);
#73 = CARTESIAN_POINT('',(-22.64948427334,44.902170724824,0.));
#74 = LINE('',#75,#76);
#75 = CARTESIAN_POINT('',(-22.64948427334,44.902170724824,0.));
#76 = VECTOR('',#77,1.);
#77 = DIRECTION('',(1.,0.,0.));
#78 = ORIENTED_EDGE('',*,*,#79,.T.);
#79 = EDGE_CURVE('',#72,#24,#80,.T.);
#80 = LINE('',#81,#82);
#81 = CARTESIAN_POINT('',(-22.64948427334,44.902170724824,0.));
#82 = VECTOR('',#83,1.);
#83 = DIRECTION('',(0.,-1.,0.));
#84 = FACE_BOUND('',#85,.T.);
#85 = EDGE_LOOP('',(#86,#97,#105,#114));
#86 = ORIENTED_EDGE('',*,*,#87,.F.);
#87 = EDGE_CURVE('',#88,#90,#92,.T.);
#88 = VERTEX_POINT('',#89);
#89 = CARTESIAN_POINT('',(-15.10030643553,-9.141242493353,0.));
#90 = VERTEX_POINT('',#91);
#91 = CARTESIAN_POINT('',(-12.88644446534,-11.16579557414,0.));
#92 = CIRCLE('',#93,1.5);
#93 = AXIS2_PLACEMENT_3D('',#94,#95,#96);
#94 = CARTESIAN_POINT('',(-13.99337545044,-10.15351903374,0.));
#95 = DIRECTION('',(0.,0.,1.));
#96 = DIRECTION('',(1.,0.,0.));
#97 = ORIENTED_EDGE('',*,*,#98,.T.);
#98 = EDGE_CURVE('',#88,#99,#101,.T.);
#99 = VERTEX_POINT('',#100);
#100 = CARTESIAN_POINT('',(-7.536914314346,-0.870623984209,0.));
#101 = LINE('',#102,#103);
#102 = CARTESIAN_POINT('',(-15.10030643553,-9.141242493353,0.));
#103 = VECTOR('',#104,1.);
#104 = DIRECTION('',(0.674851026931,0.737953990064,0.));
#105 = ORIENTED_EDGE('',*,*,#106,.F.);
#106 = EDGE_CURVE('',#107,#99,#109,.T.);
#107 = VERTEX_POINT('',#108);
#108 = CARTESIAN_POINT('',(-5.323052344156,-2.895177065001,0.));
#109 = CIRCLE('',#110,1.5);
#110 = AXIS2_PLACEMENT_3D('',#111,#112,#113);
#111 = CARTESIAN_POINT('',(-6.429983329251,-1.882900524605,0.));
#112 = DIRECTION('',(0.,0.,1.));
#113 = DIRECTION('',(1.,0.,0.));
#114 = ORIENTED_EDGE('',*,*,#115,.F.);
#115 = EDGE_CURVE('',#90,#107,#116,.T.);
#116 = LINE('',#117,#118);
#117 = CARTESIAN_POINT('',(-12.88644446534,-11.16579557414,0.));
#118 = VECTOR('',#119,1.);
#119 = DIRECTION('',(0.674851026931,0.737953990064,0.));
#120 = FACE_BOUND('',#121,.T.);
#121 = EDGE_LOOP('',(#122,#133,#141,#150));
#122 = ORIENTED_EDGE('',*,*,#123,.F.);
#123 = EDGE_CURVE('',#124,#126,#128,.T.);
#124 = VERTEX_POINT('',#125);
#125 = CARTESIAN_POINT('',(-6.932981777874,-9.141242493353,0.));
#126 = VERTEX_POINT('',#127);
#127 = CARTESIAN_POINT('',(-4.719119807683,-11.16579557414,0.));
#128 = CIRCLE('',#129,1.5);
#129 = AXIS2_PLACEMENT_3D('',#130,#131,#132);
#130 = CARTESIAN_POINT('',(-5.826050792779,-10.15351903374,0.));
#131 = DIRECTION('',(0.,0.,1.));
#132 = DIRECTION('',(1.,0.,0.));
#133 = ORIENTED_EDGE('',*,*,#134,.T.);
#134 = EDGE_CURVE('',#124,#135,#137,.T.);
#135 = VERTEX_POINT('',#136);
#136 = CARTESIAN_POINT('',(-3.403567399449,-5.281804900153,0.));
#137 = LINE('',#138,#139);
#138 = CARTESIAN_POINT('',(-6.932981777874,-9.141242493353,0.));
#139 = VECTOR('',#140,1.);
#140 = DIRECTION('',(0.674851026931,0.737953990064,0.));
#141 = ORIENTED_EDGE('',*,*,#142,.F.);
#142 = EDGE_CURVE('',#143,#135,#145,.T.);
#143 = VERTEX_POINT('',#144);
#144 = CARTESIAN_POINT('',(-1.189705429259,-7.306357980945,0.));
#145 = CIRCLE('',#146,1.5);
#146 = AXIS2_PLACEMENT_3D('',#147,#148,#149);
#147 = CARTESIAN_POINT('',(-2.296636414354,-6.294081440549,0.));
#148 = DIRECTION('',(0.,0.,1.));
#149 = DIRECTION('',(1.,0.,0.));
#150 = ORIENTED_EDGE('',*,*,#151,.F.);
#151 = EDGE_CURVE('',#126,#143,#152,.T.);
#152 = LINE('',#153,#154);
#153 = CARTESIAN_POINT('',(-4.719119807683,-11.16579557414,0.));
#154 = VECTOR('',#155,1.);
#155 = DIRECTION('',(0.674851026931,0.737953990064,0.));
#156 = FACE_BOUND('',#157,.T.);
#157 = EDGE_LOOP('',(#158));
#158 = ORIENTED_EDGE('',*,*,#159,.F.);
#159 = EDGE_CURVE('',#160,#160,#162,.T.);
#160 = VERTEX_POINT('',#161);
#161 = CARTESIAN_POINT('',(3.7,0.,0.));
#162 = CIRCLE('',#163,3.7);
#163 = AXIS2_PLACEMENT_3D('',#164,#165,#166);
#164 = CARTESIAN_POINT('',(0.,0.,0.));
#165 = DIRECTION('',(0.,0.,1.));
#166 = DIRECTION('',(1.,0.,0.));
#167 = FACE_BOUND('',#168,.T.);
#168 = EDGE_LOOP('',(#169,#180,#188,#197));
#169 = ORIENTED_EDGE('',*,*,#170,.F.);
#170 = EDGE_CURVE('',#171,#173,#175,.T.);
#171 = VERTEX_POINT('',#172);
#172 = CARTESIAN_POINT('',(-18.75641525844,-4.20819861782,0.));
#173 = VERTEX_POINT('',#174);
#174 = CARTESIAN_POINT('',(-16.54255328825,-6.232751698612,0.));
#175 = CIRCLE('',#176,1.5);
#176 = AXIS2_PLACEMENT_3D('',#177,#178,#179);
#177 = CARTESIAN_POINT('',(-17.64948427334,-5.220475158216,0.));
#178 = DIRECTION('',(0.,0.,1.));
#179 = DIRECTION('',(1.,0.,0.));
#180 = ORIENTED_EDGE('',*,*,#181,.T.);
#181 = EDGE_CURVE('',#171,#182,#184,.T.);
#182 = VERTEX_POINT('',#183);
#183 = CARTESIAN_POINT('',(16.716472357257,34.581634857191,0.));
#184 = LINE('',#185,#186);
#185 = CARTESIAN_POINT('',(-18.75641525844,-4.20819861782,0.));
#186 = VECTOR('',#187,1.);
#187 = DIRECTION('',(0.674851026931,0.737953990064,0.));
#188 = ORIENTED_EDGE('',*,*,#189,.F.);
#189 = EDGE_CURVE('',#190,#182,#192,.T.);
#190 = VERTEX_POINT('',#191);
#191 = CARTESIAN_POINT('',(18.930334327447,32.557081776399,0.));
#192 = CIRCLE('',#193,1.5);
#193 = AXIS2_PLACEMENT_3D('',#194,#195,#196);
#194 = CARTESIAN_POINT('',(17.823403342352,33.569358316795,0.));
#195 = DIRECTION('',(0.,0.,1.));
#196 = DIRECTION('',(1.,0.,0.));
#197 = ORIENTED_EDGE('',*,*,#198,.F.);
#198 = EDGE_CURVE('',#173,#190,#199,.T.);
#199 = LINE('',#200,#201);
#200 = CARTESIAN_POINT('',(-16.54255328825,-6.232751698612,0.));
#201 = VECTOR('',#202,1.);
#202 = DIRECTION('',(0.674851026931,0.737953990064,0.));
#203 = FACE_BOUND('',#204,.T.);
#204 = EDGE_LOOP('',(#205,#216,#224,#233));
#205 = ORIENTED_EDGE('',*,*,#206,.F.);
#206 = EDGE_CURVE('',#207,#209,#211,.T.);
#207 = VERTEX_POINT('',#208);
#208 = CARTESIAN_POINT('',(9.401667537452,-9.141242493353,0.));
#209 = VERTEX_POINT('',#210);
#210 = CARTESIAN_POINT('',(11.615529507642,-11.16579557414,0.));
#211 = CIRCLE('',#212,1.5);
#212 = AXIS2_PLACEMENT_3D('',#213,#214,#215);
#213 = CARTESIAN_POINT('',(10.508598522547,-10.15351903374,0.));
#214 = DIRECTION('',(0.,0.,1.));
#215 = DIRECTION('',(1.,0.,0.));
#216 = ORIENTED_EDGE('',*,*,#217,.T.);
#217 = EDGE_CURVE('',#207,#218,#220,.T.);
#218 = VERTEX_POINT('',#219);
#219 = CARTESIAN_POINT('',(15.417023435424,-2.563411669341,0.));
#220 = LINE('',#221,#222);
#221 = CARTESIAN_POINT('',(9.401667537452,-9.141242493353,0.));
#222 = VECTOR('',#223,1.);
#223 = DIRECTION('',(0.674851026931,0.737953990064,0.));
#224 = ORIENTED_EDGE('',*,*,#225,.F.);
#225 = EDGE_CURVE('',#226,#218,#228,.T.);
#226 = VERTEX_POINT('',#227);
#227 = CARTESIAN_POINT('',(17.630885405615,-4.587964750133,0.));
#228 = CIRCLE('',#229,1.5);
#229 = AXIS2_PLACEMENT_3D('',#230,#231,#232);
#230 = CARTESIAN_POINT('',(16.523954420519,-3.575688209737,0.));
#231 = DIRECTION('',(0.,0.,1.));
#232 = DIRECTION('',(1.,0.,0.));
#233 = ORIENTED_EDGE('',*,*,#234,.F.);
#234 = EDGE_CURVE('',#209,#226,#235,.T.);
#235 = LINE('',#236,#237);
#236 = CARTESIAN_POINT('',(11.615529507642,-11.16579557414,0.));
#237 = VECTOR('',#238,1.);
#238 = DIRECTION('',(0.674851026931,0.737953990064,0.));
#239 = FACE_BOUND('',#240,.T.);
#240 = EDGE_LOOP('',(#241,#252,#260,#269));
#241 = ORIENTED_EDGE('',*,*,#242,.F.);
#242 = EDGE_CURVE('',#243,#245,#247,.T.);
#243 = VERTEX_POINT('',#244);
#244 = CARTESIAN_POINT('',(17.568992195114,-9.141242493353,0.));
#245 = VERTEX_POINT('',#246);
#246 = CARTESIAN_POINT('',(19.782854165305,-11.16579557414,0.));
#247 = CIRCLE('',#248,1.5);
#248 = AXIS2_PLACEMENT_3D('',#249,#250,#251);
#249 = CARTESIAN_POINT('',(18.67592318021,-10.15351903374,0.));
#250 = DIRECTION('',(0.,0.,1.));
#251 = DIRECTION('',(1.,0.,0.));
#252 = ORIENTED_EDGE('',*,*,#253,.T.);
#253 = EDGE_CURVE('',#243,#254,#256,.T.);
#254 = VERTEX_POINT('',#255);
#255 = CARTESIAN_POINT('',(19.890768169592,-6.60236535451,0.));
#256 = LINE('',#257,#258);
#257 = CARTESIAN_POINT('',(17.568992195114,-9.141242493353,0.));
#258 = VECTOR('',#259,1.);
#259 = DIRECTION('',(0.674851026931,0.737953990064,0.));
#260 = ORIENTED_EDGE('',*,*,#261,.F.);
#261 = EDGE_CURVE('',#262,#254,#264,.T.);
#262 = VERTEX_POINT('',#263);
#263 = CARTESIAN_POINT('',(22.104630139782,-8.626918435302,0.));
#264 = CIRCLE('',#265,1.5);
#265 = AXIS2_PLACEMENT_3D('',#266,#267,#268);
#266 = CARTESIAN_POINT('',(20.997699154687,-7.614641894906,0.));
#267 = DIRECTION('',(0.,0.,1.));
#268 = DIRECTION('',(1.,0.,0.));
#269 = ORIENTED_EDGE('',*,*,#270,.F.);
#270 = EDGE_CURVE('',#245,#262,#271,.T.);
#271 = LINE('',#272,#273);
#272 = CARTESIAN_POINT('',(19.782854165305,-11.16579557414,0.));
#273 = VECTOR('',#274,1.);
#274 = DIRECTION('',(0.674851026931,0.737953990064,0.));
#275 = FACE_BOUND('',#276,.T.);
#276 = EDGE_LOOP('',(#277));
#277 = ORIENTED_EDGE('',*,*,#278,.F.);
#278 = EDGE_CURVE('',#279,#279,#281,.T.);
#279 = VERTEX_POINT('',#280);
#280 = CARTESIAN_POINT('',(26.470801343799,-1.153519033749,0.));
#281 = CIRCLE('',#282,3.7);
#282 = AXIS2_PLACEMENT_3D('',#283,#284,#285);
#283 = CARTESIAN_POINT('',(22.770801343799,-1.153519033749,0.));
#284 = DIRECTION('',(-0.,0.,1.));
#285 = DIRECTION('',(1.,-5.921189464668E-16,0.));
#286 = FACE_BOUND('',#287,.T.);
#287 = EDGE_LOOP('',(#288,#299,#307,#316));
#288 = ORIENTED_EDGE('',*,*,#289,.F.);
#289 = EDGE_CURVE('',#290,#292,#294,.T.);
#290 = VERTEX_POINT('',#291);
#291 = CARTESIAN_POINT('',(1.234342879789,-9.141242493353,0.));
#292 = VERTEX_POINT('',#293);
#293 = CARTESIAN_POINT('',(3.44820484998,-11.16579557414,0.));
#294 = CIRCLE('',#295,1.5);
#295 = AXIS2_PLACEMENT_3D('',#296,#297,#298);
#296 = CARTESIAN_POINT('',(2.341273864884,-10.15351903374,0.));
#297 = DIRECTION('',(0.,0.,1.));
#298 = DIRECTION('',(1.,0.,0.));
#299 = ORIENTED_EDGE('',*,*,#300,.T.);
#300 = EDGE_CURVE('',#290,#301,#303,.T.);
#301 = VERTEX_POINT('',#302);
#302 = CARTESIAN_POINT('',(26.163870358704,18.119358053017,0.));
#303 = LINE('',#304,#305);
#304 = CARTESIAN_POINT('',(1.234342879789,-9.141242493353,0.));
#305 = VECTOR('',#306,1.);
#306 = DIRECTION('',(0.674851026931,0.737953990064,0.));
#307 = ORIENTED_EDGE('',*,*,#308,.F.);
#308 = EDGE_CURVE('',#309,#301,#311,.T.);
#309 = VERTEX_POINT('',#310);
#310 = CARTESIAN_POINT('',(28.377732328895,16.094804972225,0.));
#311 = CIRCLE('',#312,1.5);
#312 = AXIS2_PLACEMENT_3D('',#313,#314,#315);
#313 = CARTESIAN_POINT('',(27.270801343799,17.107081512621,0.));
#314 = DIRECTION('',(0.,0.,1.));
#315 = DIRECTION('',(1.,0.,0.));
#316 = ORIENTED_EDGE('',*,*,#317,.F.);
#317 = EDGE_CURVE('',#292,#309,#318,.T.);
#318 = LINE('',#319,#320);
#319 = CARTESIAN_POINT('',(3.44820484998,-11.16579557414,0.));
#320 = VECTOR('',#321,1.);
#321 = DIRECTION('',(0.674851026931,0.737953990064,0.));
#322 = FACE_BOUND('',#323,.T.);
#323 = EDGE_LOOP('',(#324,#335,#343,#352));
#324 = ORIENTED_EDGE('',*,*,#325,.F.);
#325 = EDGE_CURVE('',#326,#328,#330,.T.);
#326 = VERTEX_POINT('',#327);
#327 = CARTESIAN_POINT('',(4.957337374468,3.860898885179,0.));
#328 = VERTEX_POINT('',#329);
#329 = CARTESIAN_POINT('',(7.171199344659,1.836345804387,0.));
#330 = CIRCLE('',#331,1.5);
#331 = AXIS2_PLACEMENT_3D('',#332,#333,#334);
#332 = CARTESIAN_POINT('',(6.064268359564,2.848622344783,0.));
#333 = DIRECTION('',(0.,0.,1.));
#334 = DIRECTION('',(1.,0.,0.));
#335 = ORIENTED_EDGE('',*,*,#336,.T.);
#336 = EDGE_CURVE('',#326,#337,#339,.T.);
#337 = VERTEX_POINT('',#338);
#338 = CARTESIAN_POINT('',(26.163870358704,27.050380721352,0.));
#339 = LINE('',#340,#341);
#340 = CARTESIAN_POINT('',(4.957337374468,3.860898885179,0.));
#341 = VECTOR('',#342,1.);
#342 = DIRECTION('',(0.674851026931,0.737953990064,0.));
#343 = ORIENTED_EDGE('',*,*,#344,.F.);
#344 = EDGE_CURVE('',#345,#337,#347,.T.);
#345 = VERTEX_POINT('',#346);
#346 = CARTESIAN_POINT('',(28.377732328895,25.02582764056,0.));
#347 = CIRCLE('',#348,1.5);
#348 = AXIS2_PLACEMENT_3D('',#349,#350,#351);
#349 = CARTESIAN_POINT('',(27.270801343799,26.038104180956,0.));
#350 = DIRECTION('',(0.,0.,1.));
#351 = DIRECTION('',(1.,0.,0.));
#352 = ORIENTED_EDGE('',*,*,#353,.F.);
#353 = EDGE_CURVE('',#328,#345,#354,.T.);
#354 = LINE('',#355,#356);
#355 = CARTESIAN_POINT('',(7.171199344659,1.836345804387,0.));
#356 = VECTOR('',#357,1.);
#357 = DIRECTION('',(0.674851026931,0.737953990064,0.));
#358 = FACE_BOUND('',#359,.T.);
#359 = EDGE_LOOP('',(#360,#371,#379,#388));
#360 = ORIENTED_EDGE('',*,*,#361,.F.);
#361 = EDGE_CURVE('',#362,#364,#366,.T.);
#362 = VERTEX_POINT('',#363);
#363 = CARTESIAN_POINT('',(23.519474456433,6.296671255098,0.));
#364 = VERTEX_POINT('',#365);
#365 = CARTESIAN_POINT('',(25.733336426624,4.272118174306,0.));
#366 = CIRCLE('',#367,1.5);
#367 = AXIS2_PLACEMENT_3D('',#368,#369,#370);
#368 = CARTESIAN_POINT('',(24.626405441528,5.284394714702,0.));
#369 = DIRECTION('',(0.,0.,1.));
#370 = DIRECTION('',(1.,0.,0.));
#371 = ORIENTED_EDGE('',*,*,#372,.T.);
#372 = EDGE_CURVE('',#362,#373,#375,.T.);
#373 = VERTEX_POINT('',#374);
#374 = CARTESIAN_POINT('',(26.163870358704,9.188335384682,0.));
#375 = LINE('',#376,#377);
#376 = CARTESIAN_POINT('',(23.519474456433,6.296671255098,0.));
#377 = VECTOR('',#378,1.);
#378 = DIRECTION('',(0.674851026931,0.737953990064,0.));
#379 = ORIENTED_EDGE('',*,*,#380,.F.);
#380 = EDGE_CURVE('',#381,#373,#383,.T.);
#381 = VERTEX_POINT('',#382);
#382 = CARTESIAN_POINT('',(28.377732328895,7.16378230389,0.));
#383 = CIRCLE('',#384,1.5);
#384 = AXIS2_PLACEMENT_3D('',#385,#386,#387);
#385 = CARTESIAN_POINT('',(27.270801343799,8.176058844286,0.));
#386 = DIRECTION('',(0.,0.,1.));
#387 = DIRECTION('',(1.,0.,0.));
#388 = ORIENTED_EDGE('',*,*,#389,.F.);
#389 = EDGE_CURVE('',#364,#381,#390,.T.);
#390 = LINE('',#391,#392);
#391 = CARTESIAN_POINT('',(25.733336426624,4.272118174306,0.));
#392 = VECTOR('',#393,1.);
#393 = DIRECTION('',(0.674851026931,0.737953990064,0.));
#394 = FACE_BOUND('',#395,.T.);
#395 = EDGE_LOOP('',(#396,#407,#415,#424));
#396 = ORIENTED_EDGE('',*,*,#397,.F.);
#397 = EDGE_CURVE('',#398,#400,#402,.T.);
#398 = VERTEX_POINT('',#399);
#399 = CARTESIAN_POINT('',(-18.75641525844,13.65384671885,0.));
#400 = VERTEX_POINT('',#401);
#401 = CARTESIAN_POINT('',(-16.54255328825,11.629293638058,0.));
#402 = CIRCLE('',#403,1.5);
#403 = AXIS2_PLACEMENT_3D('',#404,#405,#406);
#404 = CARTESIAN_POINT('',(-17.64948427334,12.641570178454,0.));
#405 = DIRECTION('',(0.,0.,1.));
#406 = DIRECTION('',(1.,0.,0.));
#407 = ORIENTED_EDGE('',*,*,#408,.T.);
#408 = EDGE_CURVE('',#398,#409,#411,.T.);
#409 = VERTEX_POINT('',#410);
#410 = CARTESIAN_POINT('',(-3.51800868012,30.317143487957,0.));
#411 = LINE('',#412,#413);
#412 = CARTESIAN_POINT('',(-18.75641525844,13.65384671885,0.));
#413 = VECTOR('',#414,1.);
#414 = DIRECTION('',(0.674851026931,0.737953990064,0.));
#415 = ORIENTED_EDGE('',*,*,#416,.F.);
#416 = EDGE_CURVE('',#417,#409,#419,.T.);
#417 = VERTEX_POINT('',#418);
#418 = CARTESIAN_POINT('',(-1.304146709929,28.292590407165,0.));
#419 = CIRCLE('',#420,1.5);
#420 = AXIS2_PLACEMENT_3D('',#421,#422,#423);
#421 = CARTESIAN_POINT('',(-2.411077695025,29.304866947561,0.));
#422 = DIRECTION('',(0.,0.,1.));
#423 = DIRECTION('',(1.,0.,0.));
#424 = ORIENTED_EDGE('',*,*,#425,.F.);
#425 = EDGE_CURVE('',#400,#417,#426,.T.);
#426 = LINE('',#427,#428);
#427 = CARTESIAN_POINT('',(-16.54255328825,11.629293638058,0.));
#428 = VECTOR('',#429,1.);
#429 = DIRECTION('',(0.674851026931,0.737953990064,0.));
#430 = FACE_BOUND('',#431,.T.);
#431 = EDGE_LOOP('',(#432,#443,#451,#460));
#432 = ORIENTED_EDGE('',*,*,#433,.F.);
#433 = EDGE_CURVE('',#434,#436,#438,.T.);
#434 = VERTEX_POINT('',#435);
#435 = CARTESIAN_POINT('',(-18.75641525844,4.722824050515,0.));
#436 = VERTEX_POINT('',#437);
#437 = CARTESIAN_POINT('',(-16.54255328825,2.698270969723,0.));
#438 = CIRCLE('',#439,1.5);
#439 = AXIS2_PLACEMENT_3D('',#440,#441,#442);
#440 = CARTESIAN_POINT('',(-17.64948427334,3.710547510119,0.));
#441 = DIRECTION('',(0.,0.,1.));
#442 = DIRECTION('',(1.,0.,0.));
#443 = ORIENTED_EDGE('',*,*,#444,.T.);
#444 = EDGE_CURVE('',#434,#445,#447,.T.);
#445 = VERTEX_POINT('',#446);
#446 = CARTESIAN_POINT('',(9.908381897592,36.067966298969,0.));
#447 = LINE('',#448,#449);
#448 = CARTESIAN_POINT('',(-18.75641525844,4.722824050515,0.));
#449 = VECTOR('',#450,1.);
#450 = DIRECTION('',(0.674851026931,0.737953990064,0.));
#451 = ORIENTED_EDGE('',*,*,#452,.F.);
#452 = EDGE_CURVE('',#453,#445,#455,.T.);
#453 = VERTEX_POINT('',#454);
#454 = CARTESIAN_POINT('',(12.122243867782,34.043413218177,0.));
#455 = CIRCLE('',#456,1.5);
#456 = AXIS2_PLACEMENT_3D('',#457,#458,#459);
#457 = CARTESIAN_POINT('',(11.015312882687,35.055689758573,0.));
#458 = DIRECTION('',(0.,0.,1.));
#459 = DIRECTION('',(1.,0.,0.));
#460 = ORIENTED_EDGE('',*,*,#461,.F.);
#461 = EDGE_CURVE('',#436,#453,#462,.T.);
#462 = LINE('',#463,#464);
#463 = CARTESIAN_POINT('',(-16.54255328825,2.698270969723,0.));
#464 = VECTOR('',#465,1.);
#465 = DIRECTION('',(0.674851026931,0.737953990064,0.));
#466 = FACE_BOUND('',#467,.T.);
#467 = EDGE_LOOP('',(#468,#479,#487,#496));
#468 = ORIENTED_EDGE('',*,*,#469,.F.);
#469 = EDGE_CURVE('',#470,#472,#474,.T.);
#470 = VERTEX_POINT('',#471);
#471 = CARTESIAN_POINT('',(-18.75641525844,22.584869387184,0.));
#472 = VERTEX_POINT('',#473);
#473 = CARTESIAN_POINT('',(-16.54255328825,20.560316306392,0.));
#474 = CIRCLE('',#475,1.5);
#475 = AXIS2_PLACEMENT_3D('',#476,#477,#478);
#476 = CARTESIAN_POINT('',(-17.64948427334,21.572592846788,0.));
#477 = DIRECTION('',(0.,0.,1.));
#478 = DIRECTION('',(1.,0.,0.));
#479 = ORIENTED_EDGE('',*,*,#480,.T.);
#480 = EDGE_CURVE('',#470,#481,#483,.T.);
#481 = VERTEX_POINT('',#482);
#482 = CARTESIAN_POINT('',(-5.983784542294,36.551824203062,0.));
#483 = LINE('',#484,#485);
#484 = CARTESIAN_POINT('',(-18.75641525844,22.584869387184,0.));
#485 = VECTOR('',#486,1.);
#486 = DIRECTION('',(0.674851026931,0.737953990064,0.));
#487 = ORIENTED_EDGE('',*,*,#488,.F.);
#488 = EDGE_CURVE('',#489,#481,#491,.T.);
#489 = VERTEX_POINT('',#490);
#490 = CARTESIAN_POINT('',(-3.769922572103,34.52727112227,0.));
#491 = CIRCLE('',#492,1.5);
#492 = AXIS2_PLACEMENT_3D('',#493,#494,#495);
#493 = CARTESIAN_POINT('',(-4.876853557198,35.539547662666,0.));
#494 = DIRECTION('',(0.,0.,1.));
#495 = DIRECTION('',(1.,0.,0.));
#496 = ORIENTED_EDGE('',*,*,#497,.F.);
#497 = EDGE_CURVE('',#472,#489,#498,.T.);
#498 = LINE('',#499,#500);
#499 = CARTESIAN_POINT('',(-16.54255328825,20.560316306392,0.));
#500 = VECTOR('',#501,1.);
#501 = DIRECTION('',(0.674851026931,0.737953990064,0.));
#502 = FACE_BOUND('',#503,.T.);
#503 = EDGE_LOOP('',(#504,#515,#523,#532));
#504 = ORIENTED_EDGE('',*,*,#505,.F.);
#505 = EDGE_CURVE('',#506,#508,#510,.T.);
#506 = VERTEX_POINT('',#507);
#507 = CARTESIAN_POINT('',(-18.75641525844,31.515892055519,0.));
#508 = VERTEX_POINT('',#509);
#509 = CARTESIAN_POINT('',(-16.54255328825,29.491338974727,0.));
#510 = CIRCLE('',#511,1.5);
#511 = AXIS2_PLACEMENT_3D('',#512,#513,#514);
#512 = CARTESIAN_POINT('',(-17.64948427334,30.503615515123,0.));
#513 = DIRECTION('',(0.,0.,1.));
#514 = DIRECTION('',(1.,0.,0.));
#515 = ORIENTED_EDGE('',*,*,#516,.T.);
#516 = EDGE_CURVE('',#506,#517,#519,.T.);
#517 = VERTEX_POINT('',#518);
#518 = CARTESIAN_POINT('',(-10.16153709485,40.91444726522,0.));
#519 = LINE('',#520,#521);
#520 = CARTESIAN_POINT('',(-18.75641525844,31.515892055519,0.));
#521 = VECTOR('',#522,1.);
#522 = DIRECTION('',(0.674851026931,0.737953990064,0.));
#523 = ORIENTED_EDGE('',*,*,#524,.F.);
#524 = EDGE_CURVE('',#525,#517,#527,.T.);
#525 = VERTEX_POINT('',#526);
#526 = CARTESIAN_POINT('',(-7.947675124661,38.889894184428,0.));
#527 = CIRCLE('',#528,1.5);
#528 = AXIS2_PLACEMENT_3D('',#529,#530,#531);
#529 = CARTESIAN_POINT('',(-9.054606109756,39.902170724824,0.));
#530 = DIRECTION('',(0.,0.,1.));
#531 = DIRECTION('',(1.,0.,0.));
#532 = ORIENTED_EDGE('',*,*,#533,.F.);
#533 = EDGE_CURVE('',#508,#525,#534,.T.);
#534 = LINE('',#535,#536);
#535 = CARTESIAN_POINT('',(-16.54255328825,29.491338974727,0.));
#536 = VECTOR('',#537,1.);
#537 = DIRECTION('',(0.674851026931,0.737953990064,0.));
#538 = FACE_BOUND('',#539,.T.);
#539 = EDGE_LOOP('',(#540));
#540 = ORIENTED_EDGE('',*,*,#541,.F.);
#541 = EDGE_CURVE('',#542,#542,#544,.T.);
#542 = VERTEX_POINT('',#543);
#543 = CARTESIAN_POINT('',(5.450515726654,34.555689758573,0.));
#544 = CIRCLE('',#545,3.7);
#545 = AXIS2_PLACEMENT_3D('',#546,#547,#548);
#546 = CARTESIAN_POINT('',(1.750515726654,34.555689758573,0.));
#547 = DIRECTION('',(0.,0.,1.));
#548 = DIRECTION('',(1.,0.,0.));
#549 = FACE_BOUND('',#550,.T.);
#550 = EDGE_LOOP('',(#551,#562,#570,#579));
#551 = ORIENTED_EDGE('',*,*,#552,.F.);
#552 = EDGE_CURVE('',#553,#555,#557,.T.);
#553 = VERTEX_POINT('',#554);
#554 = CARTESIAN_POINT('',(0.195224810008,7.584520471146,0.));
#555 = VERTEX_POINT('',#556);
#556 = CARTESIAN_POINT('',(2.409086780198,5.559967390354,0.));
#557 = CIRCLE('',#558,1.5);
#558 = AXIS2_PLACEMENT_3D('',#559,#560,#561);
#559 = CARTESIAN_POINT('',(1.302155795103,6.57224393075,0.));
#560 = DIRECTION('',(0.,0.,1.));
#561 = DIRECTION('',(1.,0.,0.));
#562 = ORIENTED_EDGE('',*,*,#563,.T.);
#563 = EDGE_CURVE('',#553,#564,#566,.T.);
#564 = VERTEX_POINT('',#565);
#565 = CARTESIAN_POINT('',(19.657617190456,28.866773205734,0.));
#566 = LINE('',#567,#568);
#567 = CARTESIAN_POINT('',(0.195224810008,7.584520471146,0.));
#568 = VECTOR('',#569,1.);
#569 = DIRECTION('',(0.674851026931,0.737953990064,0.));
#570 = ORIENTED_EDGE('',*,*,#571,.F.);
#571 = EDGE_CURVE('',#572,#564,#574,.T.);
#572 = VERTEX_POINT('',#573);
#573 = CARTESIAN_POINT('',(21.871479160647,26.842220124942,0.));
#574 = CIRCLE('',#575,1.5);
#575 = AXIS2_PLACEMENT_3D('',#576,#577,#578);
#576 = CARTESIAN_POINT('',(20.764548175551,27.854496665338,0.));
#577 = DIRECTION('',(0.,0.,1.));
#578 = DIRECTION('',(1.,0.,0.));
#579 = ORIENTED_EDGE('',*,*,#580,.F.);
#580 = EDGE_CURVE('',#555,#572,#581,.T.);
#581 = LINE('',#582,#583);
#582 = CARTESIAN_POINT('',(2.409086780198,5.559967390354,0.));
#583 = VECTOR('',#584,1.);
#584 = DIRECTION('',(0.674851026931,0.737953990064,0.));
#585 = FACE_BOUND('',#586,.T.);
#586 = EDGE_LOOP('',(#587));
#587 = ORIENTED_EDGE('',*,*,#588,.F.);
#588 = EDGE_CURVE('',#589,#589,#591,.T.);
#589 = VERTEX_POINT('',#590);
#590 = CARTESIAN_POINT('',(28.221317070454,33.402170724824,0.));
#591 = CIRCLE('',#592,3.7);
#592 = AXIS2_PLACEMENT_3D('',#593,#594,#595);
#593 = CARTESIAN_POINT('',(24.521317070454,33.402170724824,0.));
#594 = DIRECTION('',(0.,0.,1.));
#595 = DIRECTION('',(1.,0.,0.));
#596 = PLANE('',#597);
#597 = AXIS2_PLACEMENT_3D('',#598,#599,#600);
#598 = CARTESIAN_POINT('',(4.810658535227,14.874325845537,0.));
#599 = DIRECTION('',(0.,0.,1.));
#600 = DIRECTION('',(1.,0.,0.));
#601 = ADVANCED_FACE('',(#602),#675,.F.);
#602 = FACE_BOUND('',#603,.F.);
#603 = EDGE_LOOP('',(#604,#612,#613,#621,#629,#637,#645,#653,#661,#669)
  );
#604 = ORIENTED_EDGE('',*,*,#605,.F.);
#605 = EDGE_CURVE('',#24,#606,#608,.T.);
#606 = VERTEX_POINT('',#607);
#607 = CARTESIAN_POINT('',(-22.64948427334,-15.15351903374,25.27));
#608 = LINE('',#609,#610);
#609 = CARTESIAN_POINT('',(-22.64948427334,-15.15351903374,0.));
#610 = VECTOR('',#611,1.);
#611 = DIRECTION('',(0.,0.,1.));
#612 = ORIENTED_EDGE('',*,*,#21,.F.);
#613 = ORIENTED_EDGE('',*,*,#614,.T.);
#614 = EDGE_CURVE('',#22,#615,#617,.T.);
#615 = VERTEX_POINT('',#616);
#616 = CARTESIAN_POINT('',(32.270801343799,-15.15351903374,25.27));
#617 = LINE('',#618,#619);
#618 = CARTESIAN_POINT('',(32.270801343799,-15.15351903374,0.));
#619 = VECTOR('',#620,1.);
#620 = DIRECTION('',(0.,0.,1.));
#621 = ORIENTED_EDGE('',*,*,#622,.F.);
#622 = EDGE_CURVE('',#623,#615,#625,.T.);
#623 = VERTEX_POINT('',#624);
#624 = CARTESIAN_POINT('',(27.270801343799,-15.15351903374,25.27));
#625 = LINE('',#626,#627);
#626 = CARTESIAN_POINT('',(27.270801343799,-15.15351903374,25.27));
#627 = VECTOR('',#628,1.);
#628 = DIRECTION('',(1.,3.552713678801E-16,0.));
#629 = ORIENTED_EDGE('',*,*,#630,.F.);
#630 = EDGE_CURVE('',#631,#623,#633,.T.);
#631 = VERTEX_POINT('',#632);
#632 = CARTESIAN_POINT('',(27.270801343799,-15.15351903374,28.8));
#633 = LINE('',#634,#635);
#634 = CARTESIAN_POINT('',(27.270801343799,-15.15351903374,38.8));
#635 = VECTOR('',#636,1.);
#636 = DIRECTION('',(-0.,-0.,-1.));
#637 = ORIENTED_EDGE('',*,*,#638,.F.);
#638 = EDGE_CURVE('',#639,#631,#641,.T.);
#639 = VERTEX_POINT('',#640);
#640 = CARTESIAN_POINT('',(27.270801343799,-15.15351903374,38.8));
#641 = LINE('',#642,#643);
#642 = CARTESIAN_POINT('',(27.270801343799,-15.15351903374,38.8));
#643 = VECTOR('',#644,1.);
#644 = DIRECTION('',(-0.,-0.,-1.));
#645 = ORIENTED_EDGE('',*,*,#646,.T.);
#646 = EDGE_CURVE('',#639,#647,#649,.T.);
#647 = VERTEX_POINT('',#648);
#648 = CARTESIAN_POINT('',(-17.64948427334,-15.15351903374,38.8));
#649 = LINE('',#650,#651);
#650 = CARTESIAN_POINT('',(32.270801343799,-15.15351903374,38.8));
#651 = VECTOR('',#652,1.);
#652 = DIRECTION('',(-1.,0.,0.));
#653 = ORIENTED_EDGE('',*,*,#654,.T.);
#654 = EDGE_CURVE('',#647,#655,#657,.T.);
#655 = VERTEX_POINT('',#656);
#656 = CARTESIAN_POINT('',(-17.64948427334,-15.15351903374,28.8));
#657 = LINE('',#658,#659);
#658 = CARTESIAN_POINT('',(-17.64948427334,-15.15351903374,38.8));
#659 = VECTOR('',#660,1.);
#660 = DIRECTION('',(-0.,-0.,-1.));
#661 = ORIENTED_EDGE('',*,*,#662,.T.);
#662 = EDGE_CURVE('',#655,#663,#665,.T.);
#663 = VERTEX_POINT('',#664);
#664 = CARTESIAN_POINT('',(-17.64948427334,-15.15351903374,25.27));
#665 = LINE('',#666,#667);
#666 = CARTESIAN_POINT('',(-17.64948427334,-15.15351903374,38.8));
#667 = VECTOR('',#668,1.);
#668 = DIRECTION('',(-0.,-0.,-1.));
#669 = ORIENTED_EDGE('',*,*,#670,.F.);
#670 = EDGE_CURVE('',#606,#663,#671,.T.);
#671 = LINE('',#672,#673);
#672 = CARTESIAN_POINT('',(-22.64948427334,-15.15351903374,25.27));
#673 = VECTOR('',#674,1.);
#674 = DIRECTION('',(1.,0.,0.));
#675 = PLANE('',#676);
#676 = AXIS2_PLACEMENT_3D('',#677,#678,#679);
#677 = CARTESIAN_POINT('',(32.270801343799,-15.15351903374,0.));
#678 = DIRECTION('',(0.,-1.,0.));
#679 = DIRECTION('',(-1.,0.,0.));
#680 = ADVANCED_FACE('',(#681),#747,.T.);
#681 = FACE_BOUND('',#682,.T.);
#682 = EDGE_LOOP('',(#683,#691,#692,#693,#701,#709,#717,#725,#733,#741)
  );
#683 = ORIENTED_EDGE('',*,*,#684,.F.);
#684 = EDGE_CURVE('',#32,#685,#687,.T.);
#685 = VERTEX_POINT('',#686);
#686 = CARTESIAN_POINT('',(32.270801343799,44.902170724824,25.27));
#687 = LINE('',#688,#689);
#688 = CARTESIAN_POINT('',(32.270801343799,44.902170724824,0.));
#689 = VECTOR('',#690,1.);
#690 = DIRECTION('',(0.,0.,1.));
#691 = ORIENTED_EDGE('',*,*,#31,.F.);
#692 = ORIENTED_EDGE('',*,*,#614,.T.);
#693 = ORIENTED_EDGE('',*,*,#694,.T.);
#694 = EDGE_CURVE('',#615,#695,#697,.T.);
#695 = VERTEX_POINT('',#696);
#696 = CARTESIAN_POINT('',(32.270801343799,-10.15351903374,25.27));
#697 = LINE('',#698,#699);
#698 = CARTESIAN_POINT('',(32.270801343799,-15.15351903374,25.27));
#699 = VECTOR('',#700,1.);
#700 = DIRECTION('',(0.,1.,0.));
#701 = ORIENTED_EDGE('',*,*,#702,.F.);
#702 = EDGE_CURVE('',#703,#695,#705,.T.);
#703 = VERTEX_POINT('',#704);
#704 = CARTESIAN_POINT('',(32.270801343799,-10.15351903374,28.8));
#705 = LINE('',#706,#707);
#706 = CARTESIAN_POINT('',(32.270801343799,-10.15351903374,38.8));
#707 = VECTOR('',#708,1.);
#708 = DIRECTION('',(-0.,-0.,-1.));
#709 = ORIENTED_EDGE('',*,*,#710,.F.);
#710 = EDGE_CURVE('',#711,#703,#713,.T.);
#711 = VERTEX_POINT('',#712);
#712 = CARTESIAN_POINT('',(32.270801343799,-10.15351903374,38.8));
#713 = LINE('',#714,#715);
#714 = CARTESIAN_POINT('',(32.270801343799,-10.15351903374,38.8));
#715 = VECTOR('',#716,1.);
#716 = DIRECTION('',(-0.,-0.,-1.));
#717 = ORIENTED_EDGE('',*,*,#718,.T.);
#718 = EDGE_CURVE('',#711,#719,#721,.T.);
#719 = VERTEX_POINT('',#720);
#720 = CARTESIAN_POINT('',(32.270801343799,39.902170724824,38.8));
#721 = LINE('',#722,#723);
#722 = CARTESIAN_POINT('',(32.270801343799,-15.15351903374,38.8));
#723 = VECTOR('',#724,1.);
#724 = DIRECTION('',(0.,1.,0.));
#725 = ORIENTED_EDGE('',*,*,#726,.T.);
#726 = EDGE_CURVE('',#719,#727,#729,.T.);
#727 = VERTEX_POINT('',#728);
#728 = CARTESIAN_POINT('',(32.270801343799,39.902170724824,28.8));
#729 = LINE('',#730,#731);
#730 = CARTESIAN_POINT('',(32.270801343799,39.902170724824,38.8));
#731 = VECTOR('',#732,1.);
#732 = DIRECTION('',(-0.,-0.,-1.));
#733 = ORIENTED_EDGE('',*,*,#734,.T.);
#734 = EDGE_CURVE('',#727,#735,#737,.T.);
#735 = VERTEX_POINT('',#736);
#736 = CARTESIAN_POINT('',(32.270801343799,39.902170724824,25.27));
#737 = LINE('',#738,#739);
#738 = CARTESIAN_POINT('',(32.270801343799,39.902170724824,38.8));
#739 = VECTOR('',#740,1.);
#740 = DIRECTION('',(-0.,-0.,-1.));
#741 = ORIENTED_EDGE('',*,*,#742,.F.);
#742 = EDGE_CURVE('',#685,#735,#743,.T.);
#743 = LINE('',#744,#745);
#744 = CARTESIAN_POINT('',(32.270801343799,44.902170724824,25.27));
#745 = VECTOR('',#746,1.);
#746 = DIRECTION('',(0.,-1.,0.));
#747 = PLANE('',#748);
#748 = AXIS2_PLACEMENT_3D('',#749,#750,#751);
#749 = CARTESIAN_POINT('',(32.270801343799,-15.15351903374,0.));
#750 = DIRECTION('',(-1.,0.,0.));
#751 = DIRECTION('',(0.,1.,0.));
#752 = ADVANCED_FACE('',(#753),#851,.T.);
#753 = FACE_BOUND('',#754,.T.);
#754 = EDGE_LOOP('',(#755,#756,#757,#765,#773,#781,#789,#797,#805,#813,
    #821,#829,#837,#845));
#755 = ORIENTED_EDGE('',*,*,#605,.F.);
#756 = ORIENTED_EDGE('',*,*,#79,.F.);
#757 = ORIENTED_EDGE('',*,*,#758,.T.);
#758 = EDGE_CURVE('',#72,#759,#761,.T.);
#759 = VERTEX_POINT('',#760);
#760 = CARTESIAN_POINT('',(-22.64948427334,44.902170724824,25.27));
#761 = LINE('',#762,#763);
#762 = CARTESIAN_POINT('',(-22.64948427334,44.902170724824,0.));
#763 = VECTOR('',#764,1.);
#764 = DIRECTION('',(0.,0.,1.));
#765 = ORIENTED_EDGE('',*,*,#766,.F.);
#766 = EDGE_CURVE('',#767,#759,#769,.T.);
#767 = VERTEX_POINT('',#768);
#768 = CARTESIAN_POINT('',(-22.64948427334,39.902170724824,25.27));
#769 = LINE('',#770,#771);
#770 = CARTESIAN_POINT('',(-22.64948427334,39.902170724824,25.27));
#771 = VECTOR('',#772,1.);
#772 = DIRECTION('',(0.,1.,0.));
#773 = ORIENTED_EDGE('',*,*,#774,.F.);
#774 = EDGE_CURVE('',#775,#767,#777,.T.);
#775 = VERTEX_POINT('',#776);
#776 = CARTESIAN_POINT('',(-22.64948427334,39.902170724824,28.8));
#777 = LINE('',#778,#779);
#778 = CARTESIAN_POINT('',(-22.64948427334,39.902170724824,38.8));
#779 = VECTOR('',#780,1.);
#780 = DIRECTION('',(-0.,-0.,-1.));
#781 = ORIENTED_EDGE('',*,*,#782,.F.);
#782 = EDGE_CURVE('',#783,#775,#785,.T.);
#783 = VERTEX_POINT('',#784);
#784 = CARTESIAN_POINT('',(-22.64948427334,39.902170724824,38.8));
#785 = LINE('',#786,#787);
#786 = CARTESIAN_POINT('',(-22.64948427334,39.902170724824,38.8));
#787 = VECTOR('',#788,1.);
#788 = DIRECTION('',(-0.,-0.,-1.));
#789 = ORIENTED_EDGE('',*,*,#790,.T.);
#790 = EDGE_CURVE('',#783,#791,#793,.T.);
#791 = VERTEX_POINT('',#792);
#792 = CARTESIAN_POINT('',(-22.64948427334,6.8,38.8));
#793 = LINE('',#794,#795);
#794 = CARTESIAN_POINT('',(-22.64948427334,44.902170724824,38.8));
#795 = VECTOR('',#796,1.);
#796 = DIRECTION('',(0.,-1.,0.));
#797 = ORIENTED_EDGE('',*,*,#798,.F.);
#798 = EDGE_CURVE('',#799,#791,#801,.T.);
#799 = VERTEX_POINT('',#800);
#800 = CARTESIAN_POINT('',(-22.64948427334,6.8,7.));
#801 = LINE('',#802,#803);
#802 = CARTESIAN_POINT('',(-22.64948427334,6.8,3.5));
#803 = VECTOR('',#804,1.);
#804 = DIRECTION('',(0.,0.,1.));
#805 = ORIENTED_EDGE('',*,*,#806,.T.);
#806 = EDGE_CURVE('',#799,#807,#809,.T.);
#807 = VERTEX_POINT('',#808);
#808 = CARTESIAN_POINT('',(-22.64948427334,-0.5,7.));
#809 = LINE('',#810,#811);
#810 = CARTESIAN_POINT('',(-22.64948427334,24.026085362413,7.));
#811 = VECTOR('',#812,1.);
#812 = DIRECTION('',(0.,-1.,0.));
#813 = ORIENTED_EDGE('',*,*,#814,.F.);
#814 = EDGE_CURVE('',#815,#807,#817,.T.);
#815 = VERTEX_POINT('',#816);
#816 = CARTESIAN_POINT('',(-22.64948427334,-0.5,38.8));
#817 = LINE('',#818,#819);
#818 = CARTESIAN_POINT('',(-22.64948427334,-0.5,3.5));
#819 = VECTOR('',#820,1.);
#820 = DIRECTION('',(0.,0.,-1.));
#821 = ORIENTED_EDGE('',*,*,#822,.T.);
#822 = EDGE_CURVE('',#815,#823,#825,.T.);
#823 = VERTEX_POINT('',#824);
#824 = CARTESIAN_POINT('',(-22.64948427334,-10.15351903374,38.8));
#825 = LINE('',#826,#827);
#826 = CARTESIAN_POINT('',(-22.64948427334,44.902170724824,38.8));
#827 = VECTOR('',#828,1.);
#828 = DIRECTION('',(0.,-1.,0.));
#829 = ORIENTED_EDGE('',*,*,#830,.T.);
#830 = EDGE_CURVE('',#823,#831,#833,.T.);
#831 = VERTEX_POINT('',#832);
#832 = CARTESIAN_POINT('',(-22.64948427334,-10.15351903374,28.8));
#833 = LINE('',#834,#835);
#834 = CARTESIAN_POINT('',(-22.64948427334,-10.15351903374,38.8));
#835 = VECTOR('',#836,1.);
#836 = DIRECTION('',(-0.,-0.,-1.));
#837 = ORIENTED_EDGE('',*,*,#838,.T.);
#838 = EDGE_CURVE('',#831,#839,#841,.T.);
#839 = VERTEX_POINT('',#840);
#840 = CARTESIAN_POINT('',(-22.64948427334,-10.15351903374,25.27));
#841 = LINE('',#842,#843);
#842 = CARTESIAN_POINT('',(-22.64948427334,-10.15351903374,38.8));
#843 = VECTOR('',#844,1.);
#844 = DIRECTION('',(-0.,-0.,-1.));
#845 = ORIENTED_EDGE('',*,*,#846,.F.);
#846 = EDGE_CURVE('',#606,#839,#847,.T.);
#847 = LINE('',#848,#849);
#848 = CARTESIAN_POINT('',(-22.64948427334,-15.15351903374,25.27));
#849 = VECTOR('',#850,1.);
#850 = DIRECTION('',(-7.105427357601E-16,1.,0.));
#851 = PLANE('',#852);
#852 = AXIS2_PLACEMENT_3D('',#853,#854,#855);
#853 = CARTESIAN_POINT('',(-22.64948427334,44.902170724824,0.));
#854 = DIRECTION('',(1.,0.,0.));
#855 = DIRECTION('',(0.,-1.,0.));
#856 = ADVANCED_FACE('',(#857),#971,.F.);
#857 = FACE_BOUND('',#858,.F.);
#858 = EDGE_LOOP('',(#859,#860,#861,#869,#877,#883,#884,#885,#893,#901,
    #909,#917,#925,#933,#941,#949,#957,#965));
#859 = ORIENTED_EDGE('',*,*,#684,.F.);
#860 = ORIENTED_EDGE('',*,*,#39,.F.);
#861 = ORIENTED_EDGE('',*,*,#862,.F.);
#862 = EDGE_CURVE('',#863,#40,#865,.T.);
#863 = VERTEX_POINT('',#864);
#864 = CARTESIAN_POINT('',(17.600515726654,44.902170724824,21.5));
#865 = LINE('',#866,#867);
#866 = CARTESIAN_POINT('',(17.600515726654,44.902170724824,10.75));
#867 = VECTOR('',#868,1.);
#868 = DIRECTION('',(0.,0.,-1.));
#869 = ORIENTED_EDGE('',*,*,#870,.F.);
#870 = EDGE_CURVE('',#871,#863,#873,.T.);
#871 = VERTEX_POINT('',#872);
#872 = CARTESIAN_POINT('',(5.100515726654,44.902170724824,21.5));
#873 = LINE('',#874,#875);
#874 = CARTESIAN_POINT('',(-5.649484273346,44.902170724824,21.5));
#875 = VECTOR('',#876,1.);
#876 = DIRECTION('',(1.,0.,0.));
#877 = ORIENTED_EDGE('',*,*,#878,.T.);
#878 = EDGE_CURVE('',#871,#64,#879,.T.);
#879 = LINE('',#880,#881);
#880 = CARTESIAN_POINT('',(5.100515726654,44.902170724824,10.75));
#881 = VECTOR('',#882,1.);
#882 = DIRECTION('',(0.,0.,-1.));
#883 = ORIENTED_EDGE('',*,*,#71,.F.);
#884 = ORIENTED_EDGE('',*,*,#758,.T.);
#885 = ORIENTED_EDGE('',*,*,#886,.T.);
#886 = EDGE_CURVE('',#759,#887,#889,.T.);
#887 = VERTEX_POINT('',#888);
#888 = CARTESIAN_POINT('',(-17.64948427334,44.902170724824,25.27));
#889 = LINE('',#890,#891);
#890 = CARTESIAN_POINT('',(-22.64948427334,44.902170724824,25.27));
#891 = VECTOR('',#892,1.);
#892 = DIRECTION('',(1.,0.,0.));
#893 = ORIENTED_EDGE('',*,*,#894,.F.);
#894 = EDGE_CURVE('',#895,#887,#897,.T.);
#895 = VERTEX_POINT('',#896);
#896 = CARTESIAN_POINT('',(-17.64948427334,44.902170724824,28.8));
#897 = LINE('',#898,#899);
#898 = CARTESIAN_POINT('',(-17.64948427334,44.902170724824,38.8));
#899 = VECTOR('',#900,1.);
#900 = DIRECTION('',(-0.,-0.,-1.));
#901 = ORIENTED_EDGE('',*,*,#902,.F.);
#902 = EDGE_CURVE('',#903,#895,#905,.T.);
#903 = VERTEX_POINT('',#904);
#904 = CARTESIAN_POINT('',(-17.64948427334,44.902170724824,38.8));
#905 = LINE('',#906,#907);
#906 = CARTESIAN_POINT('',(-17.64948427334,44.902170724824,38.8));
#907 = VECTOR('',#908,1.);
#908 = DIRECTION('',(-0.,-0.,-1.));
#909 = ORIENTED_EDGE('',*,*,#910,.T.);
#910 = EDGE_CURVE('',#903,#911,#913,.T.);
#911 = VERTEX_POINT('',#912);
#912 = CARTESIAN_POINT('',(-3.149484273346,44.902170724824,38.8));
#913 = LINE('',#914,#915);
#914 = CARTESIAN_POINT('',(-22.64948427334,44.902170724824,38.8));
#915 = VECTOR('',#916,1.);
#916 = DIRECTION('',(1.,0.,0.));
#917 = ORIENTED_EDGE('',*,*,#918,.T.);
#918 = EDGE_CURVE('',#911,#919,#921,.T.);
#919 = VERTEX_POINT('',#920);
#920 = CARTESIAN_POINT('',(-3.149484273346,44.902170724824,32.6));
#921 = LINE('',#922,#923);
#922 = CARTESIAN_POINT('',(-3.149484273346,44.902170724824,19.4));
#923 = VECTOR('',#924,1.);
#924 = DIRECTION('',(0.,0.,-1.));
#925 = ORIENTED_EDGE('',*,*,#926,.T.);
#926 = EDGE_CURVE('',#919,#927,#929,.T.);
#927 = VERTEX_POINT('',#928);
#928 = CARTESIAN_POINT('',(25.850515726654,44.902170724824,32.6));
#929 = LINE('',#930,#931);
#930 = CARTESIAN_POINT('',(-5.649484273346,44.902170724824,32.6));
#931 = VECTOR('',#932,1.);
#932 = DIRECTION('',(1.,0.,0.));
#933 = ORIENTED_EDGE('',*,*,#934,.F.);
#934 = EDGE_CURVE('',#935,#927,#937,.T.);
#935 = VERTEX_POINT('',#936);
#936 = CARTESIAN_POINT('',(25.850515726654,44.902170724824,38.8));
#937 = LINE('',#938,#939);
#938 = CARTESIAN_POINT('',(25.850515726654,44.902170724824,19.4));
#939 = VECTOR('',#940,1.);
#940 = DIRECTION('',(0.,0.,-1.));
#941 = ORIENTED_EDGE('',*,*,#942,.T.);
#942 = EDGE_CURVE('',#935,#943,#945,.T.);
#943 = VERTEX_POINT('',#944);
#944 = CARTESIAN_POINT('',(27.270801343799,44.902170724824,38.8));
#945 = LINE('',#946,#947);
#946 = CARTESIAN_POINT('',(-22.64948427334,44.902170724824,38.8));
#947 = VECTOR('',#948,1.);
#948 = DIRECTION('',(1.,0.,0.));
#949 = ORIENTED_EDGE('',*,*,#950,.T.);
#950 = EDGE_CURVE('',#943,#951,#953,.T.);
#951 = VERTEX_POINT('',#952);
#952 = CARTESIAN_POINT('',(27.270801343799,44.902170724824,28.8));
#953 = LINE('',#954,#955);
#954 = CARTESIAN_POINT('',(27.270801343799,44.902170724824,38.8));
#955 = VECTOR('',#956,1.);
#956 = DIRECTION('',(-0.,-0.,-1.));
#957 = ORIENTED_EDGE('',*,*,#958,.T.);
#958 = EDGE_CURVE('',#951,#959,#961,.T.);
#959 = VERTEX_POINT('',#960);
#960 = CARTESIAN_POINT('',(27.270801343799,44.902170724824,25.27));
#961 = LINE('',#962,#963);
#962 = CARTESIAN_POINT('',(27.270801343799,44.902170724824,38.8));
#963 = VECTOR('',#964,1.);
#964 = DIRECTION('',(-0.,-0.,-1.));
#965 = ORIENTED_EDGE('',*,*,#966,.T.);
#966 = EDGE_CURVE('',#959,#685,#967,.T.);
#967 = LINE('',#968,#969);
#968 = CARTESIAN_POINT('',(27.270801343799,44.902170724824,25.27));
#969 = VECTOR('',#970,1.);
#970 = DIRECTION('',(1.,-1.42108547152E-15,0.));
#971 = PLANE('',#972);
#972 = AXIS2_PLACEMENT_3D('',#973,#974,#975);
#973 = CARTESIAN_POINT('',(-22.64948427334,44.902170724824,0.));
#974 = DIRECTION('',(0.,1.,0.));
#975 = DIRECTION('',(1.,0.,0.));
#976 = ADVANCED_FACE('',(#977),#1011,.F.);
#977 = FACE_BOUND('',#978,.F.);
#978 = EDGE_LOOP('',(#979,#980,#988,#996,#1004,#1010));
#979 = ORIENTED_EDGE('',*,*,#47,.F.);
#980 = ORIENTED_EDGE('',*,*,#981,.T.);
#981 = EDGE_CURVE('',#48,#982,#984,.T.);
#982 = VERTEX_POINT('',#983);
#983 = CARTESIAN_POINT('',(17.600515726654,38.055689758573,-2.));
#984 = LINE('',#985,#986);
#985 = CARTESIAN_POINT('',(17.600515726654,38.055689758573,21.5));
#986 = VECTOR('',#987,1.);
#987 = DIRECTION('',(-0.,-0.,-1.));
#988 = ORIENTED_EDGE('',*,*,#989,.T.);
#989 = EDGE_CURVE('',#982,#990,#992,.T.);
#990 = VERTEX_POINT('',#991);
#991 = CARTESIAN_POINT('',(17.600515726654,46.902170724824,-2.));
#992 = LINE('',#993,#994);
#993 = CARTESIAN_POINT('',(17.600515726654,26.465007802055,-2.));
#994 = VECTOR('',#995,1.);
#995 = DIRECTION('',(0.,1.,0.));
#996 = ORIENTED_EDGE('',*,*,#997,.F.);
#997 = EDGE_CURVE('',#998,#990,#1000,.T.);
#998 = VERTEX_POINT('',#999);
#999 = CARTESIAN_POINT('',(17.600515726654,46.902170724824,21.5));
#1000 = LINE('',#1001,#1002);
#1001 = CARTESIAN_POINT('',(17.600515726654,46.902170724824,21.5));
#1002 = VECTOR('',#1003,1.);
#1003 = DIRECTION('',(-0.,-0.,-1.));
#1004 = ORIENTED_EDGE('',*,*,#1005,.F.);
#1005 = EDGE_CURVE('',#863,#998,#1006,.T.);
#1006 = LINE('',#1007,#1008);
#1007 = CARTESIAN_POINT('',(17.600515726654,38.055689758573,21.5));
#1008 = VECTOR('',#1009,1.);
#1009 = DIRECTION('',(0.,1.,0.));
#1010 = ORIENTED_EDGE('',*,*,#862,.T.);
#1011 = PLANE('',#1012);
#1012 = AXIS2_PLACEMENT_3D('',#1013,#1014,#1015);
#1013 = CARTESIAN_POINT('',(17.600515726654,38.055689758573,21.5));
#1014 = DIRECTION('',(1.,0.,0.));
#1015 = DIRECTION('',(0.,1.,0.));
#1016 = ADVANCED_FACE('',(#1017),#1051,.T.);
#1017 = FACE_BOUND('',#1018,.T.);
#1018 = EDGE_LOOP('',(#1019,#1020,#1028,#1036,#1044,#1050));
#1019 = ORIENTED_EDGE('',*,*,#63,.F.);
#1020 = ORIENTED_EDGE('',*,*,#1021,.T.);
#1021 = EDGE_CURVE('',#56,#1022,#1024,.T.);
#1022 = VERTEX_POINT('',#1023);
#1023 = CARTESIAN_POINT('',(5.100515726654,38.055689758573,-2.));
#1024 = LINE('',#1025,#1026);
#1025 = CARTESIAN_POINT('',(5.100515726654,38.055689758573,21.5));
#1026 = VECTOR('',#1027,1.);
#1027 = DIRECTION('',(-0.,-0.,-1.));
#1028 = ORIENTED_EDGE('',*,*,#1029,.T.);
#1029 = EDGE_CURVE('',#1022,#1030,#1032,.T.);
#1030 = VERTEX_POINT('',#1031);
#1031 = CARTESIAN_POINT('',(5.100515726654,46.902170724824,-2.));
#1032 = LINE('',#1033,#1034);
#1033 = CARTESIAN_POINT('',(5.100515726654,26.465007802055,-2.));
#1034 = VECTOR('',#1035,1.);
#1035 = DIRECTION('',(0.,1.,0.));
#1036 = ORIENTED_EDGE('',*,*,#1037,.F.);
#1037 = EDGE_CURVE('',#1038,#1030,#1040,.T.);
#1038 = VERTEX_POINT('',#1039);
#1039 = CARTESIAN_POINT('',(5.100515726654,46.902170724824,21.5));
#1040 = LINE('',#1041,#1042);
#1041 = CARTESIAN_POINT('',(5.100515726654,46.902170724824,21.5));
#1042 = VECTOR('',#1043,1.);
#1043 = DIRECTION('',(-0.,-0.,-1.));
#1044 = ORIENTED_EDGE('',*,*,#1045,.F.);
#1045 = EDGE_CURVE('',#871,#1038,#1046,.T.);
#1046 = LINE('',#1047,#1048);
#1047 = CARTESIAN_POINT('',(5.100515726654,38.055689758573,21.5));
#1048 = VECTOR('',#1049,1.);
#1049 = DIRECTION('',(0.,1.,0.));
#1050 = ORIENTED_EDGE('',*,*,#878,.T.);
#1051 = PLANE('',#1052);
#1052 = AXIS2_PLACEMENT_3D('',#1053,#1054,#1055);
#1053 = CARTESIAN_POINT('',(5.100515726654,38.055689758573,21.5));
#1054 = DIRECTION('',(1.,0.,0.));
#1055 = DIRECTION('',(0.,1.,0.));
#1056 = ADVANCED_FACE('',(#1057),#1068,.F.);
#1057 = FACE_BOUND('',#1058,.F.);
#1058 = EDGE_LOOP('',(#1059,#1060,#1061,#1062));
#1059 = ORIENTED_EDGE('',*,*,#981,.F.);
#1060 = ORIENTED_EDGE('',*,*,#55,.F.);
#1061 = ORIENTED_EDGE('',*,*,#1021,.T.);
#1062 = ORIENTED_EDGE('',*,*,#1063,.T.);
#1063 = EDGE_CURVE('',#1022,#982,#1064,.T.);
#1064 = LINE('',#1065,#1066);
#1065 = CARTESIAN_POINT('',(8.080587130941,38.055689758573,-2.));
#1066 = VECTOR('',#1067,1.);
#1067 = DIRECTION('',(1.,0.,0.));
#1068 = PLANE('',#1069);
#1069 = AXIS2_PLACEMENT_3D('',#1070,#1071,#1072);
#1070 = CARTESIAN_POINT('',(11.350515726654,38.055689758573,9.25));
#1071 = DIRECTION('',(-0.,-1.,-0.));
#1072 = DIRECTION('',(0.,0.,-1.));
#1073 = ADVANCED_FACE('',(#1074),#1100,.F.);
#1074 = FACE_BOUND('',#1075,.F.);
#1075 = EDGE_LOOP('',(#1076,#1077,#1085,#1094));
#1076 = ORIENTED_EDGE('',*,*,#87,.F.);
#1077 = ORIENTED_EDGE('',*,*,#1078,.T.);
#1078 = EDGE_CURVE('',#88,#1079,#1081,.T.);
#1079 = VERTEX_POINT('',#1080);
#1080 = CARTESIAN_POINT('',(-15.10030643553,-9.141242493353,-2.));
#1081 = LINE('',#1082,#1083);
#1082 = CARTESIAN_POINT('',(-15.10030643553,-9.141242493353,0.));
#1083 = VECTOR('',#1084,1.);
#1084 = DIRECTION('',(-0.,-0.,-1.));
#1085 = ORIENTED_EDGE('',*,*,#1086,.T.);
#1086 = EDGE_CURVE('',#1079,#1087,#1089,.T.);
#1087 = VERTEX_POINT('',#1088);
#1088 = CARTESIAN_POINT('',(-12.88644446534,-11.16579557414,-2.));
#1089 = CIRCLE('',#1090,1.5);
#1090 = AXIS2_PLACEMENT_3D('',#1091,#1092,#1093);
#1091 = CARTESIAN_POINT('',(-13.99337545044,-10.15351903374,-2.));
#1092 = DIRECTION('',(0.,0.,1.));
#1093 = DIRECTION('',(1.,0.,0.));
#1094 = ORIENTED_EDGE('',*,*,#1095,.F.);
#1095 = EDGE_CURVE('',#90,#1087,#1096,.T.);
#1096 = LINE('',#1097,#1098);
#1097 = CARTESIAN_POINT('',(-12.88644446534,-11.16579557414,0.));
#1098 = VECTOR('',#1099,1.);
#1099 = DIRECTION('',(-0.,-0.,-1.));
#1100 = CYLINDRICAL_SURFACE('',#1101,1.5);
#1101 = AXIS2_PLACEMENT_3D('',#1102,#1103,#1104);
#1102 = CARTESIAN_POINT('',(-13.99337545044,-10.15351903374,0.));
#1103 = DIRECTION('',(0.,0.,1.));
#1104 = DIRECTION('',(1.,0.,0.));
#1105 = ADVANCED_FACE('',(#1106),#1124,.F.);
#1106 = FACE_BOUND('',#1107,.F.);
#1107 = EDGE_LOOP('',(#1108,#1109,#1110,#1118));
#1108 = ORIENTED_EDGE('',*,*,#115,.F.);
#1109 = ORIENTED_EDGE('',*,*,#1095,.T.);
#1110 = ORIENTED_EDGE('',*,*,#1111,.F.);
#1111 = EDGE_CURVE('',#1112,#1087,#1114,.T.);
#1112 = VERTEX_POINT('',#1113);
#1113 = CARTESIAN_POINT('',(-5.323052344156,-2.895177065001,-2.));
#1114 = LINE('',#1115,#1116);
#1115 = CARTESIAN_POINT('',(-2.372495037592,0.331276552759,-2.));
#1116 = VECTOR('',#1117,1.);
#1117 = DIRECTION('',(-0.674851026931,-0.737953990064,0.));
#1118 = ORIENTED_EDGE('',*,*,#1119,.F.);
#1119 = EDGE_CURVE('',#107,#1112,#1120,.T.);
#1120 = LINE('',#1121,#1122);
#1121 = CARTESIAN_POINT('',(-5.323052344156,-2.895177065001,0.));
#1122 = VECTOR('',#1123,1.);
#1123 = DIRECTION('',(-0.,-0.,-1.));
#1124 = PLANE('',#1125);
#1125 = AXIS2_PLACEMENT_3D('',#1126,#1127,#1128);
#1126 = CARTESIAN_POINT('',(-12.88644446534,-11.16579557414,0.));
#1127 = DIRECTION('',(0.737953990064,-0.674851026931,0.));
#1128 = DIRECTION('',(0.674851026931,0.737953990064,0.));
#1129 = ADVANCED_FACE('',(#1130),#1149,.F.);
#1130 = FACE_BOUND('',#1131,.F.);
#1131 = EDGE_LOOP('',(#1132,#1133,#1134,#1143));
#1132 = ORIENTED_EDGE('',*,*,#106,.F.);
#1133 = ORIENTED_EDGE('',*,*,#1119,.T.);
#1134 = ORIENTED_EDGE('',*,*,#1135,.T.);
#1135 = EDGE_CURVE('',#1112,#1136,#1138,.T.);
#1136 = VERTEX_POINT('',#1137);
#1137 = CARTESIAN_POINT('',(-7.536914314346,-0.870623984209,-2.));
#1138 = CIRCLE('',#1139,1.5);
#1139 = AXIS2_PLACEMENT_3D('',#1140,#1141,#1142);
#1140 = CARTESIAN_POINT('',(-6.429983329251,-1.882900524605,-2.));
#1141 = DIRECTION('',(0.,0.,1.));
#1142 = DIRECTION('',(1.,0.,0.));
#1143 = ORIENTED_EDGE('',*,*,#1144,.F.);
#1144 = EDGE_CURVE('',#99,#1136,#1145,.T.);
#1145 = LINE('',#1146,#1147);
#1146 = CARTESIAN_POINT('',(-7.536914314346,-0.870623984209,0.));
#1147 = VECTOR('',#1148,1.);
#1148 = DIRECTION('',(-0.,-0.,-1.));
#1149 = CYLINDRICAL_SURFACE('',#1150,1.5);
#1150 = AXIS2_PLACEMENT_3D('',#1151,#1152,#1153);
#1151 = CARTESIAN_POINT('',(-6.429983329251,-1.882900524605,0.));
#1152 = DIRECTION('',(0.,0.,1.));
#1153 = DIRECTION('',(1.,0.,0.));
#1154 = ADVANCED_FACE('',(#1155),#1166,.T.);
#1155 = FACE_BOUND('',#1156,.T.);
#1156 = EDGE_LOOP('',(#1157,#1158,#1159,#1165));
#1157 = ORIENTED_EDGE('',*,*,#98,.F.);
#1158 = ORIENTED_EDGE('',*,*,#1078,.T.);
#1159 = ORIENTED_EDGE('',*,*,#1160,.F.);
#1160 = EDGE_CURVE('',#1136,#1079,#1161,.T.);
#1161 = LINE('',#1162,#1163);
#1162 = CARTESIAN_POINT('',(-4.586357007783,2.355829633551,-2.));
#1163 = VECTOR('',#1164,1.);
#1164 = DIRECTION('',(-0.674851026931,-0.737953990064,0.));
#1165 = ORIENTED_EDGE('',*,*,#1144,.F.);
#1166 = PLANE('',#1167);
#1167 = AXIS2_PLACEMENT_3D('',#1168,#1169,#1170);
#1168 = CARTESIAN_POINT('',(-15.10030643553,-9.141242493353,0.));
#1169 = DIRECTION('',(0.737953990064,-0.674851026931,0.));
#1170 = DIRECTION('',(0.674851026931,0.737953990064,0.));
#1171 = ADVANCED_FACE('',(#1172),#1198,.F.);
#1172 = FACE_BOUND('',#1173,.F.);
#1173 = EDGE_LOOP('',(#1174,#1175,#1183,#1192));
#1174 = ORIENTED_EDGE('',*,*,#123,.F.);
#1175 = ORIENTED_EDGE('',*,*,#1176,.T.);
#1176 = EDGE_CURVE('',#124,#1177,#1179,.T.);
#1177 = VERTEX_POINT('',#1178);
#1178 = CARTESIAN_POINT('',(-6.932981777874,-9.141242493353,-2.));
#1179 = LINE('',#1180,#1181);
#1180 = CARTESIAN_POINT('',(-6.932981777874,-9.141242493353,0.));
#1181 = VECTOR('',#1182,1.);
#1182 = DIRECTION('',(-0.,-0.,-1.));
#1183 = ORIENTED_EDGE('',*,*,#1184,.T.);
#1184 = EDGE_CURVE('',#1177,#1185,#1187,.T.);
#1185 = VERTEX_POINT('',#1186);
#1186 = CARTESIAN_POINT('',(-4.719119807683,-11.16579557414,-2.));
#1187 = CIRCLE('',#1188,1.5);
#1188 = AXIS2_PLACEMENT_3D('',#1189,#1190,#1191);
#1189 = CARTESIAN_POINT('',(-5.826050792779,-10.15351903374,-2.));
#1190 = DIRECTION('',(0.,0.,1.));
#1191 = DIRECTION('',(1.,0.,0.));
#1192 = ORIENTED_EDGE('',*,*,#1193,.F.);
#1193 = EDGE_CURVE('',#126,#1185,#1194,.T.);
#1194 = LINE('',#1195,#1196);
#1195 = CARTESIAN_POINT('',(-4.719119807683,-11.16579557414,0.));
#1196 = VECTOR('',#1197,1.);
#1197 = DIRECTION('',(-0.,-0.,-1.));
#1198 = CYLINDRICAL_SURFACE('',#1199,1.5);
#1199 = AXIS2_PLACEMENT_3D('',#1200,#1201,#1202);
#1200 = CARTESIAN_POINT('',(-5.826050792779,-10.15351903374,0.));
#1201 = DIRECTION('',(0.,0.,1.));
#1202 = DIRECTION('',(1.,0.,0.));
#1203 = ADVANCED_FACE('',(#1204),#1222,.F.);
#1204 = FACE_BOUND('',#1205,.F.);
#1205 = EDGE_LOOP('',(#1206,#1207,#1208,#1216));
#1206 = ORIENTED_EDGE('',*,*,#151,.F.);
#1207 = ORIENTED_EDGE('',*,*,#1193,.T.);
#1208 = ORIENTED_EDGE('',*,*,#1209,.F.);
#1209 = EDGE_CURVE('',#1210,#1185,#1212,.T.);
#1210 = VERTEX_POINT('',#1211);
#1211 = CARTESIAN_POINT('',(-1.189705429259,-7.306357980945,-2.));
#1212 = LINE('',#1213,#1214);
#1213 = CARTESIAN_POINT('',(3.935032161078,-1.702424072719,-2.));
#1214 = VECTOR('',#1215,1.);
#1215 = DIRECTION('',(-0.674851026931,-0.737953990064,0.));
#1216 = ORIENTED_EDGE('',*,*,#1217,.F.);
#1217 = EDGE_CURVE('',#143,#1210,#1218,.T.);
#1218 = LINE('',#1219,#1220);
#1219 = CARTESIAN_POINT('',(-1.189705429259,-7.306357980945,0.));
#1220 = VECTOR('',#1221,1.);
#1221 = DIRECTION('',(-0.,-0.,-1.));
#1222 = PLANE('',#1223);
#1223 = AXIS2_PLACEMENT_3D('',#1224,#1225,#1226);
#1224 = CARTESIAN_POINT('',(-4.719119807683,-11.16579557414,0.));
#1225 = DIRECTION('',(0.737953990064,-0.674851026931,0.));
#1226 = DIRECTION('',(0.674851026931,0.737953990064,0.));
#1227 = ADVANCED_FACE('',(#1228),#1247,.F.);
#1228 = FACE_BOUND('',#1229,.F.);
#1229 = EDGE_LOOP('',(#1230,#1231,#1232,#1241));
#1230 = ORIENTED_EDGE('',*,*,#142,.F.);
#1231 = ORIENTED_EDGE('',*,*,#1217,.T.);
#1232 = ORIENTED_EDGE('',*,*,#1233,.T.);
#1233 = EDGE_CURVE('',#1210,#1234,#1236,.T.);
#1234 = VERTEX_POINT('',#1235);
#1235 = CARTESIAN_POINT('',(-3.403567399449,-5.281804900153,-2.));
#1236 = CIRCLE('',#1237,1.5);
#1237 = AXIS2_PLACEMENT_3D('',#1238,#1239,#1240);
#1238 = CARTESIAN_POINT('',(-2.296636414354,-6.294081440549,-2.));
#1239 = DIRECTION('',(0.,0.,1.));
#1240 = DIRECTION('',(1.,0.,0.));
#1241 = ORIENTED_EDGE('',*,*,#1242,.F.);
#1242 = EDGE_CURVE('',#135,#1234,#1243,.T.);
#1243 = LINE('',#1244,#1245);
#1244 = CARTESIAN_POINT('',(-3.403567399449,-5.281804900153,0.));
#1245 = VECTOR('',#1246,1.);
#1246 = DIRECTION('',(-0.,-0.,-1.));
#1247 = CYLINDRICAL_SURFACE('',#1248,1.5);
#1248 = AXIS2_PLACEMENT_3D('',#1249,#1250,#1251);
#1249 = CARTESIAN_POINT('',(-2.296636414354,-6.294081440549,0.));
#1250 = DIRECTION('',(0.,0.,1.));
#1251 = DIRECTION('',(1.,0.,0.));
#1252 = ADVANCED_FACE('',(#1253),#1264,.T.);
#1253 = FACE_BOUND('',#1254,.T.);
#1254 = EDGE_LOOP('',(#1255,#1256,#1257,#1263));
#1255 = ORIENTED_EDGE('',*,*,#134,.F.);
#1256 = ORIENTED_EDGE('',*,*,#1176,.T.);
#1257 = ORIENTED_EDGE('',*,*,#1258,.F.);
#1258 = EDGE_CURVE('',#1234,#1177,#1259,.T.);
#1259 = LINE('',#1260,#1261);
#1260 = CARTESIAN_POINT('',(1.721170190888,0.322129008073,-2.));
#1261 = VECTOR('',#1262,1.);
#1262 = DIRECTION('',(-0.674851026931,-0.737953990064,0.));
#1263 = ORIENTED_EDGE('',*,*,#1242,.F.);
#1264 = PLANE('',#1265);
#1265 = AXIS2_PLACEMENT_3D('',#1266,#1267,#1268);
#1266 = CARTESIAN_POINT('',(-6.932981777874,-9.141242493353,0.));
#1267 = DIRECTION('',(0.737953990064,-0.674851026931,0.));
#1268 = DIRECTION('',(0.674851026931,0.737953990064,0.));
#1269 = ADVANCED_FACE('',(#1270),#1290,.F.);
#1270 = FACE_BOUND('',#1271,.T.);
#1271 = EDGE_LOOP('',(#1272,#1281,#1282,#1283));
#1272 = ORIENTED_EDGE('',*,*,#1273,.F.);
#1273 = EDGE_CURVE('',#160,#1274,#1276,.T.);
#1274 = VERTEX_POINT('',#1275);
#1275 = CARTESIAN_POINT('',(3.,0.,0.7));
#1276 = CIRCLE('',#1277,0.7);
#1277 = AXIS2_PLACEMENT_3D('',#1278,#1279,#1280);
#1278 = CARTESIAN_POINT('',(3.7,0.,0.7));
#1279 = DIRECTION('',(-0.,1.,0.));
#1280 = DIRECTION('',(1.,0.,0.));
#1281 = ORIENTED_EDGE('',*,*,#159,.F.);
#1282 = ORIENTED_EDGE('',*,*,#1273,.T.);
#1283 = ORIENTED_EDGE('',*,*,#1284,.T.);
#1284 = EDGE_CURVE('',#1274,#1274,#1285,.T.);
#1285 = CIRCLE('',#1286,3.);
#1286 = AXIS2_PLACEMENT_3D('',#1287,#1288,#1289);
#1287 = CARTESIAN_POINT('',(0.,0.,0.7));
#1288 = DIRECTION('',(0.,0.,1.));
#1289 = DIRECTION('',(1.,0.,0.));
#1290 = TOROIDAL_SURFACE('',#1291,3.7,0.7);
#1291 = AXIS2_PLACEMENT_3D('',#1292,#1293,#1294);
#1292 = CARTESIAN_POINT('',(0.,0.,0.7));
#1293 = DIRECTION('',(-0.,-0.,-1.));
#1294 = DIRECTION('',(1.,0.,0.));
#1295 = ADVANCED_FACE('',(#1296),#1322,.F.);
#1296 = FACE_BOUND('',#1297,.F.);
#1297 = EDGE_LOOP('',(#1298,#1299,#1307,#1316));
#1298 = ORIENTED_EDGE('',*,*,#170,.F.);
#1299 = ORIENTED_EDGE('',*,*,#1300,.T.);
#1300 = EDGE_CURVE('',#171,#1301,#1303,.T.);
#1301 = VERTEX_POINT('',#1302);
#1302 = CARTESIAN_POINT('',(-18.75641525844,-4.20819861782,-2.));
#1303 = LINE('',#1304,#1305);
#1304 = CARTESIAN_POINT('',(-18.75641525844,-4.20819861782,0.));
#1305 = VECTOR('',#1306,1.);
#1306 = DIRECTION('',(-0.,-0.,-1.));
#1307 = ORIENTED_EDGE('',*,*,#1308,.T.);
#1308 = EDGE_CURVE('',#1301,#1309,#1311,.T.);
#1309 = VERTEX_POINT('',#1310);
#1310 = CARTESIAN_POINT('',(-16.54255328825,-6.232751698612,-2.));
#1311 = CIRCLE('',#1312,1.5);
#1312 = AXIS2_PLACEMENT_3D('',#1313,#1314,#1315);
#1313 = CARTESIAN_POINT('',(-17.64948427334,-5.220475158216,-2.));
#1314 = DIRECTION('',(0.,0.,1.));
#1315 = DIRECTION('',(1.,0.,0.));
#1316 = ORIENTED_EDGE('',*,*,#1317,.F.);
#1317 = EDGE_CURVE('',#173,#1309,#1318,.T.);
#1318 = LINE('',#1319,#1320);
#1319 = CARTESIAN_POINT('',(-16.54255328825,-6.232751698612,0.));
#1320 = VECTOR('',#1321,1.);
#1321 = DIRECTION('',(-0.,-0.,-1.));
#1322 = CYLINDRICAL_SURFACE('',#1323,1.5);
#1323 = AXIS2_PLACEMENT_3D('',#1324,#1325,#1326);
#1324 = CARTESIAN_POINT('',(-17.64948427334,-5.220475158216,0.));
#1325 = DIRECTION('',(0.,0.,1.));
#1326 = DIRECTION('',(1.,0.,0.));
#1327 = ADVANCED_FACE('',(#1328),#1346,.F.);
#1328 = FACE_BOUND('',#1329,.F.);
#1329 = EDGE_LOOP('',(#1330,#1331,#1332,#1340));
#1330 = ORIENTED_EDGE('',*,*,#198,.F.);
#1331 = ORIENTED_EDGE('',*,*,#1317,.T.);
#1332 = ORIENTED_EDGE('',*,*,#1333,.F.);
#1333 = EDGE_CURVE('',#1334,#1309,#1336,.T.);
#1334 = VERTEX_POINT('',#1335);
#1335 = CARTESIAN_POINT('',(18.930334327447,32.557081776399,-2.));
#1336 = LINE('',#1337,#1338);
#1337 = CARTESIAN_POINT('',(-6.424414318884,4.831499116004,-2.));
#1338 = VECTOR('',#1339,1.);
#1339 = DIRECTION('',(-0.674851026931,-0.737953990064,0.));
#1340 = ORIENTED_EDGE('',*,*,#1341,.F.);
#1341 = EDGE_CURVE('',#190,#1334,#1342,.T.);
#1342 = LINE('',#1343,#1344);
#1343 = CARTESIAN_POINT('',(18.930334327447,32.557081776399,0.));
#1344 = VECTOR('',#1345,1.);
#1345 = DIRECTION('',(-0.,-0.,-1.));
#1346 = PLANE('',#1347);
#1347 = AXIS2_PLACEMENT_3D('',#1348,#1349,#1350);
#1348 = CARTESIAN_POINT('',(-16.54255328825,-6.232751698612,0.));
#1349 = DIRECTION('',(0.737953990064,-0.674851026931,0.));
#1350 = DIRECTION('',(0.674851026931,0.737953990064,0.));
#1351 = ADVANCED_FACE('',(#1352),#1371,.F.);
#1352 = FACE_BOUND('',#1353,.F.);
#1353 = EDGE_LOOP('',(#1354,#1355,#1356,#1365));
#1354 = ORIENTED_EDGE('',*,*,#189,.F.);
#1355 = ORIENTED_EDGE('',*,*,#1341,.T.);
#1356 = ORIENTED_EDGE('',*,*,#1357,.T.);
#1357 = EDGE_CURVE('',#1334,#1358,#1360,.T.);
#1358 = VERTEX_POINT('',#1359);
#1359 = CARTESIAN_POINT('',(16.716472357257,34.581634857191,-2.));
#1360 = CIRCLE('',#1361,1.5);
#1361 = AXIS2_PLACEMENT_3D('',#1362,#1363,#1364);
#1362 = CARTESIAN_POINT('',(17.823403342352,33.569358316795,-2.));
#1363 = DIRECTION('',(0.,0.,1.));
#1364 = DIRECTION('',(1.,0.,0.));
#1365 = ORIENTED_EDGE('',*,*,#1366,.F.);
#1366 = EDGE_CURVE('',#182,#1358,#1367,.T.);
#1367 = LINE('',#1368,#1369);
#1368 = CARTESIAN_POINT('',(16.716472357257,34.581634857191,0.));
#1369 = VECTOR('',#1370,1.);
#1370 = DIRECTION('',(-0.,-0.,-1.));
#1371 = CYLINDRICAL_SURFACE('',#1372,1.5);
#1372 = AXIS2_PLACEMENT_3D('',#1373,#1374,#1375);
#1373 = CARTESIAN_POINT('',(17.823403342352,33.569358316795,0.));
#1374 = DIRECTION('',(0.,0.,1.));
#1375 = DIRECTION('',(1.,0.,0.));
#1376 = ADVANCED_FACE('',(#1377),#1388,.T.);
#1377 = FACE_BOUND('',#1378,.T.);
#1378 = EDGE_LOOP('',(#1379,#1380,#1381,#1387));
#1379 = ORIENTED_EDGE('',*,*,#181,.F.);
#1380 = ORIENTED_EDGE('',*,*,#1300,.T.);
#1381 = ORIENTED_EDGE('',*,*,#1382,.F.);
#1382 = EDGE_CURVE('',#1358,#1301,#1383,.T.);
#1383 = LINE('',#1384,#1385);
#1384 = CARTESIAN_POINT('',(-8.638276289074,6.856052196796,-2.));
#1385 = VECTOR('',#1386,1.);
#1386 = DIRECTION('',(-0.674851026931,-0.737953990064,0.));
#1387 = ORIENTED_EDGE('',*,*,#1366,.F.);
#1388 = PLANE('',#1389);
#1389 = AXIS2_PLACEMENT_3D('',#1390,#1391,#1392);
#1390 = CARTESIAN_POINT('',(-18.75641525844,-4.20819861782,0.));
#1391 = DIRECTION('',(0.737953990064,-0.674851026931,0.));
#1392 = DIRECTION('',(0.674851026931,0.737953990064,0.));
#1393 = ADVANCED_FACE('',(#1394),#1420,.F.);
#1394 = FACE_BOUND('',#1395,.F.);
#1395 = EDGE_LOOP('',(#1396,#1397,#1405,#1414));
#1396 = ORIENTED_EDGE('',*,*,#206,.F.);
#1397 = ORIENTED_EDGE('',*,*,#1398,.T.);
#1398 = EDGE_CURVE('',#207,#1399,#1401,.T.);
#1399 = VERTEX_POINT('',#1400);
#1400 = CARTESIAN_POINT('',(9.401667537452,-9.141242493353,-2.));
#1401 = LINE('',#1402,#1403);
#1402 = CARTESIAN_POINT('',(9.401667537452,-9.141242493353,0.));
#1403 = VECTOR('',#1404,1.);
#1404 = DIRECTION('',(-0.,-0.,-1.));
#1405 = ORIENTED_EDGE('',*,*,#1406,.T.);
#1406 = EDGE_CURVE('',#1399,#1407,#1409,.T.);
#1407 = VERTEX_POINT('',#1408);
#1408 = CARTESIAN_POINT('',(11.615529507642,-11.16579557414,-2.));
#1409 = CIRCLE('',#1410,1.5);
#1410 = AXIS2_PLACEMENT_3D('',#1411,#1412,#1413);
#1411 = CARTESIAN_POINT('',(10.508598522547,-10.15351903374,-2.));
#1412 = DIRECTION('',(0.,0.,1.));
#1413 = DIRECTION('',(1.,0.,0.));
#1414 = ORIENTED_EDGE('',*,*,#1415,.F.);
#1415 = EDGE_CURVE('',#209,#1407,#1416,.T.);
#1416 = LINE('',#1417,#1418);
#1417 = CARTESIAN_POINT('',(11.615529507642,-11.16579557414,0.));
#1418 = VECTOR('',#1419,1.);
#1419 = DIRECTION('',(-0.,-0.,-1.));
#1420 = CYLINDRICAL_SURFACE('',#1421,1.5);
#1421 = AXIS2_PLACEMENT_3D('',#1422,#1423,#1424);
#1422 = CARTESIAN_POINT('',(10.508598522547,-10.15351903374,0.));
#1423 = DIRECTION('',(0.,0.,1.));
#1424 = DIRECTION('',(1.,0.,0.));
#1425 = ADVANCED_FACE('',(#1426),#1444,.F.);
#1426 = FACE_BOUND('',#1427,.F.);
#1427 = EDGE_LOOP('',(#1428,#1429,#1430,#1438));
#1428 = ORIENTED_EDGE('',*,*,#234,.F.);
#1429 = ORIENTED_EDGE('',*,*,#1415,.T.);
#1430 = ORIENTED_EDGE('',*,*,#1431,.F.);
#1431 = EDGE_CURVE('',#1432,#1407,#1434,.T.);
#1432 = VERTEX_POINT('',#1433);
#1433 = CARTESIAN_POINT('',(17.630885405615,-4.587964750133,-2.));
#1434 = LINE('',#1435,#1436);
#1435 = CARTESIAN_POINT('',(16.55008655842,-5.769825323674,-2.));
#1436 = VECTOR('',#1437,1.);
#1437 = DIRECTION('',(-0.674851026931,-0.737953990064,0.));
#1438 = ORIENTED_EDGE('',*,*,#1439,.F.);
#1439 = EDGE_CURVE('',#226,#1432,#1440,.T.);
#1440 = LINE('',#1441,#1442);
#1441 = CARTESIAN_POINT('',(17.630885405615,-4.587964750133,0.));
#1442 = VECTOR('',#1443,1.);
#1443 = DIRECTION('',(-0.,-0.,-1.));
#1444 = PLANE('',#1445);
#1445 = AXIS2_PLACEMENT_3D('',#1446,#1447,#1448);
#1446 = CARTESIAN_POINT('',(11.615529507642,-11.16579557414,0.));
#1447 = DIRECTION('',(0.737953990064,-0.674851026931,0.));
#1448 = DIRECTION('',(0.674851026931,0.737953990064,0.));
#1449 = ADVANCED_FACE('',(#1450),#1469,.F.);
#1450 = FACE_BOUND('',#1451,.F.);
#1451 = EDGE_LOOP('',(#1452,#1453,#1454,#1463));
#1452 = ORIENTED_EDGE('',*,*,#225,.F.);
#1453 = ORIENTED_EDGE('',*,*,#1439,.T.);
#1454 = ORIENTED_EDGE('',*,*,#1455,.T.);
#1455 = EDGE_CURVE('',#1432,#1456,#1458,.T.);
#1456 = VERTEX_POINT('',#1457);
#1457 = CARTESIAN_POINT('',(15.417023435424,-2.563411669341,-2.));
#1458 = CIRCLE('',#1459,1.5);
#1459 = AXIS2_PLACEMENT_3D('',#1460,#1461,#1462);
#1460 = CARTESIAN_POINT('',(16.523954420519,-3.575688209737,-2.));
#1461 = DIRECTION('',(0.,0.,1.));
#1462 = DIRECTION('',(1.,0.,0.));
#1463 = ORIENTED_EDGE('',*,*,#1464,.F.);
#1464 = EDGE_CURVE('',#218,#1456,#1465,.T.);
#1465 = LINE('',#1466,#1467);
#1466 = CARTESIAN_POINT('',(15.417023435424,-2.563411669341,0.));
#1467 = VECTOR('',#1468,1.);
#1468 = DIRECTION('',(-0.,-0.,-1.));
#1469 = CYLINDRICAL_SURFACE('',#1470,1.5);
#1470 = AXIS2_PLACEMENT_3D('',#1471,#1472,#1473);
#1471 = CARTESIAN_POINT('',(16.523954420519,-3.575688209737,0.));
#1472 = DIRECTION('',(0.,0.,1.));
#1473 = DIRECTION('',(1.,0.,0.));
#1474 = ADVANCED_FACE('',(#1475),#1486,.T.);
#1475 = FACE_BOUND('',#1476,.T.);
#1476 = EDGE_LOOP('',(#1477,#1478,#1479,#1485));
#1477 = ORIENTED_EDGE('',*,*,#217,.F.);
#1478 = ORIENTED_EDGE('',*,*,#1398,.T.);
#1479 = ORIENTED_EDGE('',*,*,#1480,.F.);
#1480 = EDGE_CURVE('',#1456,#1399,#1481,.T.);
#1481 = LINE('',#1482,#1483);
#1482 = CARTESIAN_POINT('',(14.336224588229,-3.745272242882,-2.));
#1483 = VECTOR('',#1484,1.);
#1484 = DIRECTION('',(-0.674851026931,-0.737953990064,0.));
#1485 = ORIENTED_EDGE('',*,*,#1464,.F.);
#1486 = PLANE('',#1487);
#1487 = AXIS2_PLACEMENT_3D('',#1488,#1489,#1490);
#1488 = CARTESIAN_POINT('',(9.401667537452,-9.141242493353,0.));
#1489 = DIRECTION('',(0.737953990064,-0.674851026931,0.));
#1490 = DIRECTION('',(0.674851026931,0.737953990064,0.));
#1491 = ADVANCED_FACE('',(#1492),#1518,.F.);
#1492 = FACE_BOUND('',#1493,.F.);
#1493 = EDGE_LOOP('',(#1494,#1495,#1503,#1512));
#1494 = ORIENTED_EDGE('',*,*,#242,.F.);
#1495 = ORIENTED_EDGE('',*,*,#1496,.T.);
#1496 = EDGE_CURVE('',#243,#1497,#1499,.T.);
#1497 = VERTEX_POINT('',#1498);
#1498 = CARTESIAN_POINT('',(17.568992195114,-9.141242493353,-2.));
#1499 = LINE('',#1500,#1501);
#1500 = CARTESIAN_POINT('',(17.568992195114,-9.141242493353,0.));
#1501 = VECTOR('',#1502,1.);
#1502 = DIRECTION('',(-0.,-0.,-1.));
#1503 = ORIENTED_EDGE('',*,*,#1504,.T.);
#1504 = EDGE_CURVE('',#1497,#1505,#1507,.T.);
#1505 = VERTEX_POINT('',#1506);
#1506 = CARTESIAN_POINT('',(19.782854165305,-11.16579557414,-2.));
#1507 = CIRCLE('',#1508,1.5);
#1508 = AXIS2_PLACEMENT_3D('',#1509,#1510,#1511);
#1509 = CARTESIAN_POINT('',(18.67592318021,-10.15351903374,-2.));
#1510 = DIRECTION('',(0.,0.,1.));
#1511 = DIRECTION('',(1.,0.,0.));
#1512 = ORIENTED_EDGE('',*,*,#1513,.F.);
#1513 = EDGE_CURVE('',#245,#1505,#1514,.T.);
#1514 = LINE('',#1515,#1516);
#1515 = CARTESIAN_POINT('',(19.782854165305,-11.16579557414,0.));
#1516 = VECTOR('',#1517,1.);
#1517 = DIRECTION('',(-0.,-0.,-1.));
#1518 = CYLINDRICAL_SURFACE('',#1519,1.5);
#1519 = AXIS2_PLACEMENT_3D('',#1520,#1521,#1522);
#1520 = CARTESIAN_POINT('',(18.67592318021,-10.15351903374,0.));
#1521 = DIRECTION('',(0.,0.,1.));
#1522 = DIRECTION('',(1.,0.,0.));
#1523 = ADVANCED_FACE('',(#1524),#1542,.F.);
#1524 = FACE_BOUND('',#1525,.F.);
#1525 = EDGE_LOOP('',(#1526,#1527,#1528,#1536));
#1526 = ORIENTED_EDGE('',*,*,#270,.F.);
#1527 = ORIENTED_EDGE('',*,*,#1513,.T.);
#1528 = ORIENTED_EDGE('',*,*,#1529,.F.);
#1529 = EDGE_CURVE('',#1530,#1505,#1532,.T.);
#1530 = VERTEX_POINT('',#1531);
#1531 = CARTESIAN_POINT('',(22.104630139782,-8.626918435302,-2.));
#1532 = LINE('',#1533,#1534);
#1533 = CARTESIAN_POINT('',(22.857613757091,-7.803525949152,-2.));
#1534 = VECTOR('',#1535,1.);
#1535 = DIRECTION('',(-0.674851026931,-0.737953990064,0.));
#1536 = ORIENTED_EDGE('',*,*,#1537,.F.);
#1537 = EDGE_CURVE('',#262,#1530,#1538,.T.);
#1538 = LINE('',#1539,#1540);
#1539 = CARTESIAN_POINT('',(22.104630139782,-8.626918435302,0.));
#1540 = VECTOR('',#1541,1.);
#1541 = DIRECTION('',(-0.,-0.,-1.));
#1542 = PLANE('',#1543);
#1543 = AXIS2_PLACEMENT_3D('',#1544,#1545,#1546);
#1544 = CARTESIAN_POINT('',(19.782854165305,-11.16579557414,0.));
#1545 = DIRECTION('',(0.737953990064,-0.674851026931,0.));
#1546 = DIRECTION('',(0.674851026931,0.737953990064,0.));
#1547 = ADVANCED_FACE('',(#1548),#1567,.F.);
#1548 = FACE_BOUND('',#1549,.F.);
#1549 = EDGE_LOOP('',(#1550,#1551,#1552,#1561));
#1550 = ORIENTED_EDGE('',*,*,#261,.F.);
#1551 = ORIENTED_EDGE('',*,*,#1537,.T.);
#1552 = ORIENTED_EDGE('',*,*,#1553,.T.);
#1553 = EDGE_CURVE('',#1530,#1554,#1556,.T.);
#1554 = VERTEX_POINT('',#1555);
#1555 = CARTESIAN_POINT('',(19.890768169592,-6.60236535451,-2.));
#1556 = CIRCLE('',#1557,1.5);
#1557 = AXIS2_PLACEMENT_3D('',#1558,#1559,#1560);
#1558 = CARTESIAN_POINT('',(20.997699154687,-7.614641894906,-2.));
#1559 = DIRECTION('',(0.,0.,1.));
#1560 = DIRECTION('',(1.,0.,0.));
#1561 = ORIENTED_EDGE('',*,*,#1562,.F.);
#1562 = EDGE_CURVE('',#254,#1554,#1563,.T.);
#1563 = LINE('',#1564,#1565);
#1564 = CARTESIAN_POINT('',(19.890768169592,-6.60236535451,0.));
#1565 = VECTOR('',#1566,1.);
#1566 = DIRECTION('',(-0.,-0.,-1.));
#1567 = CYLINDRICAL_SURFACE('',#1568,1.5);
#1568 = AXIS2_PLACEMENT_3D('',#1569,#1570,#1571);
#1569 = CARTESIAN_POINT('',(20.997699154687,-7.614641894906,0.));
#1570 = DIRECTION('',(0.,0.,1.));
#1571 = DIRECTION('',(1.,0.,0.));
#1572 = ADVANCED_FACE('',(#1573),#1584,.T.);
#1573 = FACE_BOUND('',#1574,.T.);
#1574 = EDGE_LOOP('',(#1575,#1576,#1577,#1583));
#1575 = ORIENTED_EDGE('',*,*,#253,.F.);
#1576 = ORIENTED_EDGE('',*,*,#1496,.T.);
#1577 = ORIENTED_EDGE('',*,*,#1578,.F.);
#1578 = EDGE_CURVE('',#1554,#1497,#1579,.T.);
#1579 = LINE('',#1580,#1581);
#1580 = CARTESIAN_POINT('',(20.6437517869,-5.77897286836,-2.));
#1581 = VECTOR('',#1582,1.);
#1582 = DIRECTION('',(-0.674851026931,-0.737953990064,0.));
#1583 = ORIENTED_EDGE('',*,*,#1562,.F.);
#1584 = PLANE('',#1585);
#1585 = AXIS2_PLACEMENT_3D('',#1586,#1587,#1588);
#1586 = CARTESIAN_POINT('',(17.568992195114,-9.141242493353,0.));
#1587 = DIRECTION('',(0.737953990064,-0.674851026931,0.));
#1588 = DIRECTION('',(0.674851026931,0.737953990064,0.));
#1589 = ADVANCED_FACE('',(#1590),#1610,.F.);
#1590 = FACE_BOUND('',#1591,.T.);
#1591 = EDGE_LOOP('',(#1592,#1601,#1602,#1603));
#1592 = ORIENTED_EDGE('',*,*,#1593,.F.);
#1593 = EDGE_CURVE('',#279,#1594,#1596,.T.);
#1594 = VERTEX_POINT('',#1595);
#1595 = CARTESIAN_POINT('',(25.770801343799,-1.153519033749,0.7));
#1596 = CIRCLE('',#1597,0.7);
#1597 = AXIS2_PLACEMENT_3D('',#1598,#1599,#1600);
#1598 = CARTESIAN_POINT('',(26.470801343799,-1.153519033749,0.7));
#1599 = DIRECTION('',(5.921189464668E-16,1.,0.));
#1600 = DIRECTION('',(1.,-5.921189464668E-16,0.));
#1601 = ORIENTED_EDGE('',*,*,#278,.F.);
#1602 = ORIENTED_EDGE('',*,*,#1593,.T.);
#1603 = ORIENTED_EDGE('',*,*,#1604,.T.);
#1604 = EDGE_CURVE('',#1594,#1594,#1605,.T.);
#1605 = CIRCLE('',#1606,3.);
#1606 = AXIS2_PLACEMENT_3D('',#1607,#1608,#1609);
#1607 = CARTESIAN_POINT('',(22.770801343799,-1.153519033749,0.7));
#1608 = DIRECTION('',(-0.,0.,1.));
#1609 = DIRECTION('',(1.,-5.921189464668E-16,0.));
#1610 = TOROIDAL_SURFACE('',#1611,3.7,0.7);
#1611 = AXIS2_PLACEMENT_3D('',#1612,#1613,#1614);
#1612 = CARTESIAN_POINT('',(22.770801343799,-1.153519033749,0.7));
#1613 = DIRECTION('',(-0.,-0.,-1.));
#1614 = DIRECTION('',(1.,-5.921189464668E-16,0.));
#1615 = ADVANCED_FACE('',(#1616),#1642,.F.);
#1616 = FACE_BOUND('',#1617,.F.);
#1617 = EDGE_LOOP('',(#1618,#1619,#1627,#1636));
#1618 = ORIENTED_EDGE('',*,*,#289,.F.);
#1619 = ORIENTED_EDGE('',*,*,#1620,.T.);
#1620 = EDGE_CURVE('',#290,#1621,#1623,.T.);
#1621 = VERTEX_POINT('',#1622);
#1622 = CARTESIAN_POINT('',(1.234342879789,-9.141242493353,-2.));
#1623 = LINE('',#1624,#1625);
#1624 = CARTESIAN_POINT('',(1.234342879789,-9.141242493353,0.));
#1625 = VECTOR('',#1626,1.);
#1626 = DIRECTION('',(-0.,-0.,-1.));
#1627 = ORIENTED_EDGE('',*,*,#1628,.T.);
#1628 = EDGE_CURVE('',#1621,#1629,#1631,.T.);
#1629 = VERTEX_POINT('',#1630);
#1630 = CARTESIAN_POINT('',(3.44820484998,-11.16579557414,-2.));
#1631 = CIRCLE('',#1632,1.5);
#1632 = AXIS2_PLACEMENT_3D('',#1633,#1634,#1635);
#1633 = CARTESIAN_POINT('',(2.341273864884,-10.15351903374,-2.));
#1634 = DIRECTION('',(0.,0.,1.));
#1635 = DIRECTION('',(1.,0.,0.));
#1636 = ORIENTED_EDGE('',*,*,#1637,.F.);
#1637 = EDGE_CURVE('',#292,#1629,#1638,.T.);
#1638 = LINE('',#1639,#1640);
#1639 = CARTESIAN_POINT('',(3.44820484998,-11.16579557414,0.));
#1640 = VECTOR('',#1641,1.);
#1641 = DIRECTION('',(-0.,-0.,-1.));
#1642 = CYLINDRICAL_SURFACE('',#1643,1.5);
#1643 = AXIS2_PLACEMENT_3D('',#1644,#1645,#1646);
#1644 = CARTESIAN_POINT('',(2.341273864884,-10.15351903374,0.));
#1645 = DIRECTION('',(0.,0.,1.));
#1646 = DIRECTION('',(1.,0.,0.));
#1647 = ADVANCED_FACE('',(#1648),#1666,.F.);
#1648 = FACE_BOUND('',#1649,.F.);
#1649 = EDGE_LOOP('',(#1650,#1651,#1652,#1660));
#1650 = ORIENTED_EDGE('',*,*,#317,.F.);
#1651 = ORIENTED_EDGE('',*,*,#1637,.T.);
#1652 = ORIENTED_EDGE('',*,*,#1653,.F.);
#1653 = EDGE_CURVE('',#1654,#1629,#1656,.T.);
#1654 = VERTEX_POINT('',#1655);
#1655 = CARTESIAN_POINT('',(28.377732328895,16.094804972225,-2.));
#1656 = LINE('',#1657,#1658);
#1657 = CARTESIAN_POINT('',(10.242559359749,-3.736124698196,-2.));
#1658 = VECTOR('',#1659,1.);
#1659 = DIRECTION('',(-0.674851026931,-0.737953990064,0.));
#1660 = ORIENTED_EDGE('',*,*,#1661,.F.);
#1661 = EDGE_CURVE('',#309,#1654,#1662,.T.);
#1662 = LINE('',#1663,#1664);
#1663 = CARTESIAN_POINT('',(28.377732328895,16.094804972225,0.));
#1664 = VECTOR('',#1665,1.);
#1665 = DIRECTION('',(-0.,-0.,-1.));
#1666 = PLANE('',#1667);
#1667 = AXIS2_PLACEMENT_3D('',#1668,#1669,#1670);
#1668 = CARTESIAN_POINT('',(3.44820484998,-11.16579557414,0.));
#1669 = DIRECTION('',(0.737953990064,-0.674851026931,0.));
#1670 = DIRECTION('',(0.674851026931,0.737953990064,0.));
#1671 = ADVANCED_FACE('',(#1672),#1691,.F.);
#1672 = FACE_BOUND('',#1673,.F.);
#1673 = EDGE_LOOP('',(#1674,#1675,#1676,#1685));
#1674 = ORIENTED_EDGE('',*,*,#308,.F.);
#1675 = ORIENTED_EDGE('',*,*,#1661,.T.);
#1676 = ORIENTED_EDGE('',*,*,#1677,.T.);
#1677 = EDGE_CURVE('',#1654,#1678,#1680,.T.);
#1678 = VERTEX_POINT('',#1679);
#1679 = CARTESIAN_POINT('',(26.163870358704,18.119358053017,-2.));
#1680 = CIRCLE('',#1681,1.5);
#1681 = AXIS2_PLACEMENT_3D('',#1682,#1683,#1684);
#1682 = CARTESIAN_POINT('',(27.270801343799,17.107081512621,-2.));
#1683 = DIRECTION('',(0.,0.,1.));
#1684 = DIRECTION('',(1.,0.,0.));
#1685 = ORIENTED_EDGE('',*,*,#1686,.F.);
#1686 = EDGE_CURVE('',#301,#1678,#1687,.T.);
#1687 = LINE('',#1688,#1689);
#1688 = CARTESIAN_POINT('',(26.163870358704,18.119358053017,0.));
#1689 = VECTOR('',#1690,1.);
#1690 = DIRECTION('',(-0.,-0.,-1.));
#1691 = CYLINDRICAL_SURFACE('',#1692,1.5);
#1692 = AXIS2_PLACEMENT_3D('',#1693,#1694,#1695);
#1693 = CARTESIAN_POINT('',(27.270801343799,17.107081512621,0.));
#1694 = DIRECTION('',(0.,0.,1.));
#1695 = DIRECTION('',(1.,0.,0.));
#1696 = ADVANCED_FACE('',(#1697),#1708,.T.);
#1697 = FACE_BOUND('',#1698,.T.);
#1698 = EDGE_LOOP('',(#1699,#1700,#1701,#1707));
#1699 = ORIENTED_EDGE('',*,*,#300,.F.);
#1700 = ORIENTED_EDGE('',*,*,#1620,.T.);
#1701 = ORIENTED_EDGE('',*,*,#1702,.F.);
#1702 = EDGE_CURVE('',#1678,#1621,#1703,.T.);
#1703 = LINE('',#1704,#1705);
#1704 = CARTESIAN_POINT('',(8.028697389559,-1.711571617404,-2.));
#1705 = VECTOR('',#1706,1.);
#1706 = DIRECTION('',(-0.674851026931,-0.737953990064,0.));
#1707 = ORIENTED_EDGE('',*,*,#1686,.F.);
#1708 = PLANE('',#1709);
#1709 = AXIS2_PLACEMENT_3D('',#1710,#1711,#1712);
#1710 = CARTESIAN_POINT('',(1.234342879789,-9.141242493353,0.));
#1711 = DIRECTION('',(0.737953990064,-0.674851026931,0.));
#1712 = DIRECTION('',(0.674851026931,0.737953990064,0.));
#1713 = ADVANCED_FACE('',(#1714),#1740,.F.);
#1714 = FACE_BOUND('',#1715,.F.);
#1715 = EDGE_LOOP('',(#1716,#1717,#1725,#1734));
#1716 = ORIENTED_EDGE('',*,*,#325,.F.);
#1717 = ORIENTED_EDGE('',*,*,#1718,.T.);
#1718 = EDGE_CURVE('',#326,#1719,#1721,.T.);
#1719 = VERTEX_POINT('',#1720);
#1720 = CARTESIAN_POINT('',(4.957337374468,3.860898885179,-2.));
#1721 = LINE('',#1722,#1723);
#1722 = CARTESIAN_POINT('',(4.957337374468,3.860898885179,0.));
#1723 = VECTOR('',#1724,1.);
#1724 = DIRECTION('',(-0.,-0.,-1.));
#1725 = ORIENTED_EDGE('',*,*,#1726,.T.);
#1726 = EDGE_CURVE('',#1719,#1727,#1729,.T.);
#1727 = VERTEX_POINT('',#1728);
#1728 = CARTESIAN_POINT('',(7.171199344659,1.836345804387,-2.));
#1729 = CIRCLE('',#1730,1.5);
#1730 = AXIS2_PLACEMENT_3D('',#1731,#1732,#1733);
#1731 = CARTESIAN_POINT('',(6.064268359564,2.848622344783,-2.));
#1732 = DIRECTION('',(0.,0.,1.));
#1733 = DIRECTION('',(1.,0.,0.));
#1734 = ORIENTED_EDGE('',*,*,#1735,.F.);
#1735 = EDGE_CURVE('',#328,#1727,#1736,.T.);
#1736 = LINE('',#1737,#1738);
#1737 = CARTESIAN_POINT('',(7.171199344659,1.836345804387,0.));
#1738 = VECTOR('',#1739,1.);
#1739 = DIRECTION('',(-0.,-0.,-1.));
#1740 = CYLINDRICAL_SURFACE('',#1741,1.5);
#1741 = AXIS2_PLACEMENT_3D('',#1742,#1743,#1744);
#1742 = CARTESIAN_POINT('',(6.064268359564,2.848622344783,0.));
#1743 = DIRECTION('',(0.,0.,1.));
#1744 = DIRECTION('',(1.,0.,0.));
#1745 = ADVANCED_FACE('',(#1746),#1764,.F.);
#1746 = FACE_BOUND('',#1747,.F.);
#1747 = EDGE_LOOP('',(#1748,#1749,#1750,#1758));
#1748 = ORIENTED_EDGE('',*,*,#353,.F.);
#1749 = ORIENTED_EDGE('',*,*,#1735,.T.);
#1750 = ORIENTED_EDGE('',*,*,#1751,.F.);
#1751 = EDGE_CURVE('',#1752,#1727,#1754,.T.);
#1752 = VERTEX_POINT('',#1753);
#1753 = CARTESIAN_POINT('',(28.377732328895,25.02582764056,-2.));
#1754 = LINE('',#1755,#1756);
#1755 = CARTESIAN_POINT('',(9.880191737249,4.798646616547,-2.));
#1756 = VECTOR('',#1757,1.);
#1757 = DIRECTION('',(-0.674851026931,-0.737953990064,0.));
#1758 = ORIENTED_EDGE('',*,*,#1759,.F.);
#1759 = EDGE_CURVE('',#345,#1752,#1760,.T.);
#1760 = LINE('',#1761,#1762);
#1761 = CARTESIAN_POINT('',(28.377732328895,25.02582764056,0.));
#1762 = VECTOR('',#1763,1.);
#1763 = DIRECTION('',(-0.,-0.,-1.));
#1764 = PLANE('',#1765);
#1765 = AXIS2_PLACEMENT_3D('',#1766,#1767,#1768);
#1766 = CARTESIAN_POINT('',(7.171199344659,1.836345804387,0.));
#1767 = DIRECTION('',(0.737953990064,-0.674851026931,0.));
#1768 = DIRECTION('',(0.674851026931,0.737953990064,0.));
#1769 = ADVANCED_FACE('',(#1770),#1789,.F.);
#1770 = FACE_BOUND('',#1771,.F.);
#1771 = EDGE_LOOP('',(#1772,#1773,#1774,#1783));
#1772 = ORIENTED_EDGE('',*,*,#344,.F.);
#1773 = ORIENTED_EDGE('',*,*,#1759,.T.);
#1774 = ORIENTED_EDGE('',*,*,#1775,.T.);
#1775 = EDGE_CURVE('',#1752,#1776,#1778,.T.);
#1776 = VERTEX_POINT('',#1777);
#1777 = CARTESIAN_POINT('',(26.163870358704,27.050380721352,-2.));
#1778 = CIRCLE('',#1779,1.5);
#1779 = AXIS2_PLACEMENT_3D('',#1780,#1781,#1782);
#1780 = CARTESIAN_POINT('',(27.270801343799,26.038104180956,-2.));
#1781 = DIRECTION('',(0.,0.,1.));
#1782 = DIRECTION('',(1.,0.,0.));
#1783 = ORIENTED_EDGE('',*,*,#1784,.F.);
#1784 = EDGE_CURVE('',#337,#1776,#1785,.T.);
#1785 = LINE('',#1786,#1787);
#1786 = CARTESIAN_POINT('',(26.163870358704,27.050380721352,0.));
#1787 = VECTOR('',#1788,1.);
#1788 = DIRECTION('',(-0.,-0.,-1.));
#1789 = CYLINDRICAL_SURFACE('',#1790,1.5);
#1790 = AXIS2_PLACEMENT_3D('',#1791,#1792,#1793);
#1791 = CARTESIAN_POINT('',(27.270801343799,26.038104180956,0.));
#1792 = DIRECTION('',(0.,0.,1.));
#1793 = DIRECTION('',(1.,0.,0.));
#1794 = ADVANCED_FACE('',(#1795),#1806,.T.);
#1795 = FACE_BOUND('',#1796,.T.);
#1796 = EDGE_LOOP('',(#1797,#1798,#1799,#1805));
#1797 = ORIENTED_EDGE('',*,*,#336,.F.);
#1798 = ORIENTED_EDGE('',*,*,#1718,.T.);
#1799 = ORIENTED_EDGE('',*,*,#1800,.F.);
#1800 = EDGE_CURVE('',#1776,#1719,#1801,.T.);
#1801 = LINE('',#1802,#1803);
#1802 = CARTESIAN_POINT('',(7.666329767059,6.823199697339,-2.));
#1803 = VECTOR('',#1804,1.);
#1804 = DIRECTION('',(-0.674851026931,-0.737953990064,0.));
#1805 = ORIENTED_EDGE('',*,*,#1784,.F.);
#1806 = PLANE('',#1807);
#1807 = AXIS2_PLACEMENT_3D('',#1808,#1809,#1810);
#1808 = CARTESIAN_POINT('',(4.957337374468,3.860898885179,0.));
#1809 = DIRECTION('',(0.737953990064,-0.674851026931,0.));
#1810 = DIRECTION('',(0.674851026931,0.737953990064,0.));
#1811 = ADVANCED_FACE('',(#1812),#1838,.F.);
#1812 = FACE_BOUND('',#1813,.F.);
#1813 = EDGE_LOOP('',(#1814,#1815,#1823,#1832));
#1814 = ORIENTED_EDGE('',*,*,#361,.F.);
#1815 = ORIENTED_EDGE('',*,*,#1816,.T.);
#1816 = EDGE_CURVE('',#362,#1817,#1819,.T.);
#1817 = VERTEX_POINT('',#1818);
#1818 = CARTESIAN_POINT('',(23.519474456433,6.296671255098,-2.));
#1819 = LINE('',#1820,#1821);
#1820 = CARTESIAN_POINT('',(23.519474456433,6.296671255098,0.));
#1821 = VECTOR('',#1822,1.);
#1822 = DIRECTION('',(-0.,-0.,-1.));
#1823 = ORIENTED_EDGE('',*,*,#1824,.T.);
#1824 = EDGE_CURVE('',#1817,#1825,#1827,.T.);
#1825 = VERTEX_POINT('',#1826);
#1826 = CARTESIAN_POINT('',(25.733336426624,4.272118174306,-2.));
#1827 = CIRCLE('',#1828,1.5);
#1828 = AXIS2_PLACEMENT_3D('',#1829,#1830,#1831);
#1829 = CARTESIAN_POINT('',(24.626405441528,5.284394714702,-2.));
#1830 = DIRECTION('',(0.,0.,1.));
#1831 = DIRECTION('',(1.,0.,0.));
#1832 = ORIENTED_EDGE('',*,*,#1833,.F.);
#1833 = EDGE_CURVE('',#364,#1825,#1834,.T.);
#1834 = LINE('',#1835,#1836);
#1835 = CARTESIAN_POINT('',(25.733336426624,4.272118174306,0.));
#1836 = VECTOR('',#1837,1.);
#1837 = DIRECTION('',(-0.,-0.,-1.));
#1838 = CYLINDRICAL_SURFACE('',#1839,1.5);
#1839 = AXIS2_PLACEMENT_3D('',#1840,#1841,#1842);
#1840 = CARTESIAN_POINT('',(24.626405441528,5.284394714702,0.));
#1841 = DIRECTION('',(0.,0.,1.));
#1842 = DIRECTION('',(1.,0.,0.));
#1843 = ADVANCED_FACE('',(#1844),#1862,.F.);
#1844 = FACE_BOUND('',#1845,.F.);
#1845 = EDGE_LOOP('',(#1846,#1847,#1848,#1856));
#1846 = ORIENTED_EDGE('',*,*,#389,.F.);
#1847 = ORIENTED_EDGE('',*,*,#1833,.T.);
#1848 = ORIENTED_EDGE('',*,*,#1849,.F.);
#1849 = EDGE_CURVE('',#1850,#1825,#1852,.T.);
#1850 = VERTEX_POINT('',#1851);
#1851 = CARTESIAN_POINT('',(28.377732328895,7.16378230389,-2.));
#1852 = LINE('',#1853,#1854);
#1853 = CARTESIAN_POINT('',(23.60899001791,1.949131550551,-2.));
#1854 = VECTOR('',#1855,1.);
#1855 = DIRECTION('',(-0.674851026931,-0.737953990064,0.));
#1856 = ORIENTED_EDGE('',*,*,#1857,.F.);
#1857 = EDGE_CURVE('',#381,#1850,#1858,.T.);
#1858 = LINE('',#1859,#1860);
#1859 = CARTESIAN_POINT('',(28.377732328895,7.16378230389,0.));
#1860 = VECTOR('',#1861,1.);
#1861 = DIRECTION('',(-0.,-0.,-1.));
#1862 = PLANE('',#1863);
#1863 = AXIS2_PLACEMENT_3D('',#1864,#1865,#1866);
#1864 = CARTESIAN_POINT('',(25.733336426624,4.272118174306,0.));
#1865 = DIRECTION('',(0.737953990064,-0.674851026931,0.));
#1866 = DIRECTION('',(0.674851026931,0.737953990064,0.));
#1867 = ADVANCED_FACE('',(#1868),#1887,.F.);
#1868 = FACE_BOUND('',#1869,.F.);
#1869 = EDGE_LOOP('',(#1870,#1871,#1872,#1881));
#1870 = ORIENTED_EDGE('',*,*,#380,.F.);
#1871 = ORIENTED_EDGE('',*,*,#1857,.T.);
#1872 = ORIENTED_EDGE('',*,*,#1873,.T.);
#1873 = EDGE_CURVE('',#1850,#1874,#1876,.T.);
#1874 = VERTEX_POINT('',#1875);
#1875 = CARTESIAN_POINT('',(26.163870358704,9.188335384682,-2.));
#1876 = CIRCLE('',#1877,1.5);
#1877 = AXIS2_PLACEMENT_3D('',#1878,#1879,#1880);
#1878 = CARTESIAN_POINT('',(27.270801343799,8.176058844286,-2.));
#1879 = DIRECTION('',(0.,0.,1.));
#1880 = DIRECTION('',(1.,0.,0.));
#1881 = ORIENTED_EDGE('',*,*,#1882,.F.);
#1882 = EDGE_CURVE('',#373,#1874,#1883,.T.);
#1883 = LINE('',#1884,#1885);
#1884 = CARTESIAN_POINT('',(26.163870358704,9.188335384682,0.));
#1885 = VECTOR('',#1886,1.);
#1886 = DIRECTION('',(-0.,-0.,-1.));
#1887 = CYLINDRICAL_SURFACE('',#1888,1.5);
#1888 = AXIS2_PLACEMENT_3D('',#1889,#1890,#1891);
#1889 = CARTESIAN_POINT('',(27.270801343799,8.176058844286,0.));
#1890 = DIRECTION('',(0.,0.,1.));
#1891 = DIRECTION('',(1.,0.,0.));
#1892 = ADVANCED_FACE('',(#1893),#1904,.T.);
#1893 = FACE_BOUND('',#1894,.T.);
#1894 = EDGE_LOOP('',(#1895,#1896,#1897,#1903));
#1895 = ORIENTED_EDGE('',*,*,#372,.F.);
#1896 = ORIENTED_EDGE('',*,*,#1816,.T.);
#1897 = ORIENTED_EDGE('',*,*,#1898,.F.);
#1898 = EDGE_CURVE('',#1874,#1817,#1899,.T.);
#1899 = LINE('',#1900,#1901);
#1900 = CARTESIAN_POINT('',(21.39512804772,3.973684631343,-2.));
#1901 = VECTOR('',#1902,1.);
#1902 = DIRECTION('',(-0.674851026931,-0.737953990064,0.));
#1903 = ORIENTED_EDGE('',*,*,#1882,.F.);
#1904 = PLANE('',#1905);
#1905 = AXIS2_PLACEMENT_3D('',#1906,#1907,#1908);
#1906 = CARTESIAN_POINT('',(23.519474456433,6.296671255098,0.));
#1907 = DIRECTION('',(0.737953990064,-0.674851026931,0.));
#1908 = DIRECTION('',(0.674851026931,0.737953990064,0.));
#1909 = ADVANCED_FACE('',(#1910),#1936,.F.);
#1910 = FACE_BOUND('',#1911,.F.);
#1911 = EDGE_LOOP('',(#1912,#1913,#1921,#1930));
#1912 = ORIENTED_EDGE('',*,*,#397,.F.);
#1913 = ORIENTED_EDGE('',*,*,#1914,.T.);
#1914 = EDGE_CURVE('',#398,#1915,#1917,.T.);
#1915 = VERTEX_POINT('',#1916);
#1916 = CARTESIAN_POINT('',(-18.75641525844,13.65384671885,-2.));
#1917 = LINE('',#1918,#1919);
#1918 = CARTESIAN_POINT('',(-18.75641525844,13.65384671885,0.));
#1919 = VECTOR('',#1920,1.);
#1920 = DIRECTION('',(-0.,-0.,-1.));
#1921 = ORIENTED_EDGE('',*,*,#1922,.T.);
#1922 = EDGE_CURVE('',#1915,#1923,#1925,.T.);
#1923 = VERTEX_POINT('',#1924);
#1924 = CARTESIAN_POINT('',(-16.54255328825,11.629293638058,-2.));
#1925 = CIRCLE('',#1926,1.5);
#1926 = AXIS2_PLACEMENT_3D('',#1927,#1928,#1929);
#1927 = CARTESIAN_POINT('',(-17.64948427334,12.641570178454,-2.));
#1928 = DIRECTION('',(0.,0.,1.));
#1929 = DIRECTION('',(1.,0.,0.));
#1930 = ORIENTED_EDGE('',*,*,#1931,.F.);
#1931 = EDGE_CURVE('',#400,#1923,#1932,.T.);
#1932 = LINE('',#1933,#1934);
#1933 = CARTESIAN_POINT('',(-16.54255328825,11.629293638058,0.));
#1934 = VECTOR('',#1935,1.);
#1935 = DIRECTION('',(-0.,-0.,-1.));
#1936 = CYLINDRICAL_SURFACE('',#1937,1.5);
#1937 = AXIS2_PLACEMENT_3D('',#1938,#1939,#1940);
#1938 = CARTESIAN_POINT('',(-17.64948427334,12.641570178454,0.));
#1939 = DIRECTION('',(0.,0.,1.));
#1940 = DIRECTION('',(1.,0.,0.));
#1941 = ADVANCED_FACE('',(#1942),#1960,.F.);
#1942 = FACE_BOUND('',#1943,.F.);
#1943 = EDGE_LOOP('',(#1944,#1945,#1946,#1954));
#1944 = ORIENTED_EDGE('',*,*,#425,.F.);
#1945 = ORIENTED_EDGE('',*,*,#1931,.T.);
#1946 = ORIENTED_EDGE('',*,*,#1947,.F.);
#1947 = EDGE_CURVE('',#1948,#1923,#1950,.T.);
#1948 = VERTEX_POINT('',#1949);
#1949 = CARTESIAN_POINT('',(-1.304146709929,28.292590407165,-2.));
#1950 = LINE('',#1951,#1952);
#1951 = CARTESIAN_POINT('',(-10.87214405856,17.829923035294,-2.));
#1952 = VECTOR('',#1953,1.);
#1953 = DIRECTION('',(-0.674851026931,-0.737953990064,0.));
#1954 = ORIENTED_EDGE('',*,*,#1955,.F.);
#1955 = EDGE_CURVE('',#417,#1948,#1956,.T.);
#1956 = LINE('',#1957,#1958);
#1957 = CARTESIAN_POINT('',(-1.304146709929,28.292590407165,0.));
#1958 = VECTOR('',#1959,1.);
#1959 = DIRECTION('',(-0.,-0.,-1.));
#1960 = PLANE('',#1961);
#1961 = AXIS2_PLACEMENT_3D('',#1962,#1963,#1964);
#1962 = CARTESIAN_POINT('',(-16.54255328825,11.629293638058,0.));
#1963 = DIRECTION('',(0.737953990064,-0.674851026931,0.));
#1964 = DIRECTION('',(0.674851026931,0.737953990064,0.));
#1965 = ADVANCED_FACE('',(#1966),#1985,.F.);
#1966 = FACE_BOUND('',#1967,.F.);
#1967 = EDGE_LOOP('',(#1968,#1969,#1970,#1979));
#1968 = ORIENTED_EDGE('',*,*,#416,.F.);
#1969 = ORIENTED_EDGE('',*,*,#1955,.T.);
#1970 = ORIENTED_EDGE('',*,*,#1971,.T.);
#1971 = EDGE_CURVE('',#1948,#1972,#1974,.T.);
#1972 = VERTEX_POINT('',#1973);
#1973 = CARTESIAN_POINT('',(-3.51800868012,30.317143487957,-2.));
#1974 = CIRCLE('',#1975,1.5);
#1975 = AXIS2_PLACEMENT_3D('',#1976,#1977,#1978);
#1976 = CARTESIAN_POINT('',(-2.411077695025,29.304866947561,-2.));
#1977 = DIRECTION('',(0.,0.,1.));
#1978 = DIRECTION('',(1.,0.,0.));
#1979 = ORIENTED_EDGE('',*,*,#1980,.F.);
#1980 = EDGE_CURVE('',#409,#1972,#1981,.T.);
#1981 = LINE('',#1982,#1983);
#1982 = CARTESIAN_POINT('',(-3.51800868012,30.317143487957,0.));
#1983 = VECTOR('',#1984,1.);
#1984 = DIRECTION('',(-0.,-0.,-1.));
#1985 = CYLINDRICAL_SURFACE('',#1986,1.5);
#1986 = AXIS2_PLACEMENT_3D('',#1987,#1988,#1989);
#1987 = CARTESIAN_POINT('',(-2.411077695025,29.304866947561,0.));
#1988 = DIRECTION('',(0.,0.,1.));
#1989 = DIRECTION('',(1.,0.,0.));
#1990 = ADVANCED_FACE('',(#1991),#2002,.T.);
#1991 = FACE_BOUND('',#1992,.T.);
#1992 = EDGE_LOOP('',(#1993,#1994,#1995,#2001));
#1993 = ORIENTED_EDGE('',*,*,#408,.F.);
#1994 = ORIENTED_EDGE('',*,*,#1914,.T.);
#1995 = ORIENTED_EDGE('',*,*,#1996,.F.);
#1996 = EDGE_CURVE('',#1972,#1915,#1997,.T.);
#1997 = LINE('',#1998,#1999);
#1998 = CARTESIAN_POINT('',(-13.08600602875,19.854476116086,-2.));
#1999 = VECTOR('',#2000,1.);
#2000 = DIRECTION('',(-0.674851026931,-0.737953990064,0.));
#2001 = ORIENTED_EDGE('',*,*,#1980,.F.);
#2002 = PLANE('',#2003);
#2003 = AXIS2_PLACEMENT_3D('',#2004,#2005,#2006);
#2004 = CARTESIAN_POINT('',(-18.75641525844,13.65384671885,0.));
#2005 = DIRECTION('',(0.737953990064,-0.674851026931,0.));
#2006 = DIRECTION('',(0.674851026931,0.737953990064,0.));
#2007 = ADVANCED_FACE('',(#2008),#2034,.F.);
#2008 = FACE_BOUND('',#2009,.F.);
#2009 = EDGE_LOOP('',(#2010,#2011,#2019,#2028));
#2010 = ORIENTED_EDGE('',*,*,#433,.F.);
#2011 = ORIENTED_EDGE('',*,*,#2012,.T.);
#2012 = EDGE_CURVE('',#434,#2013,#2015,.T.);
#2013 = VERTEX_POINT('',#2014);
#2014 = CARTESIAN_POINT('',(-18.75641525844,4.722824050515,-2.));
#2015 = LINE('',#2016,#2017);
#2016 = CARTESIAN_POINT('',(-18.75641525844,4.722824050515,0.));
#2017 = VECTOR('',#2018,1.);
#2018 = DIRECTION('',(-0.,-0.,-1.));
#2019 = ORIENTED_EDGE('',*,*,#2020,.T.);
#2020 = EDGE_CURVE('',#2013,#2021,#2023,.T.);
#2021 = VERTEX_POINT('',#2022);
#2022 = CARTESIAN_POINT('',(-16.54255328825,2.698270969723,-2.));
#2023 = CIRCLE('',#2024,1.5);
#2024 = AXIS2_PLACEMENT_3D('',#2025,#2026,#2027);
#2025 = CARTESIAN_POINT('',(-17.64948427334,3.710547510119,-2.));
#2026 = DIRECTION('',(0.,0.,1.));
#2027 = DIRECTION('',(1.,0.,0.));
#2028 = ORIENTED_EDGE('',*,*,#2029,.F.);
#2029 = EDGE_CURVE('',#436,#2021,#2030,.T.);
#2030 = LINE('',#2031,#2032);
#2031 = CARTESIAN_POINT('',(-16.54255328825,2.698270969723,0.));
#2032 = VECTOR('',#2033,1.);
#2033 = DIRECTION('',(-0.,-0.,-1.));
#2034 = CYLINDRICAL_SURFACE('',#2035,1.5);
#2035 = AXIS2_PLACEMENT_3D('',#2036,#2037,#2038);
#2036 = CARTESIAN_POINT('',(-17.64948427334,3.710547510119,0.));
#2037 = DIRECTION('',(0.,0.,1.));
#2038 = DIRECTION('',(1.,0.,0.));
#2039 = ADVANCED_FACE('',(#2040),#2058,.F.);
#2040 = FACE_BOUND('',#2041,.F.);
#2041 = EDGE_LOOP('',(#2042,#2043,#2044,#2052));
#2042 = ORIENTED_EDGE('',*,*,#461,.F.);
#2043 = ORIENTED_EDGE('',*,*,#2029,.T.);
#2044 = ORIENTED_EDGE('',*,*,#2045,.F.);
#2045 = EDGE_CURVE('',#2046,#2021,#2048,.T.);
#2046 = VERTEX_POINT('',#2047);
#2047 = CARTESIAN_POINT('',(12.122243867782,34.043413218177,-2.));
#2048 = LINE('',#2049,#2050);
#2049 = CARTESIAN_POINT('',(-8.648279188723,11.330711075649,-2.));
#2050 = VECTOR('',#2051,1.);
#2051 = DIRECTION('',(-0.674851026931,-0.737953990064,0.));
#2052 = ORIENTED_EDGE('',*,*,#2053,.F.);
#2053 = EDGE_CURVE('',#453,#2046,#2054,.T.);
#2054 = LINE('',#2055,#2056);
#2055 = CARTESIAN_POINT('',(12.122243867782,34.043413218177,0.));
#2056 = VECTOR('',#2057,1.);
#2057 = DIRECTION('',(-0.,-0.,-1.));
#2058 = PLANE('',#2059);
#2059 = AXIS2_PLACEMENT_3D('',#2060,#2061,#2062);
#2060 = CARTESIAN_POINT('',(-16.54255328825,2.698270969723,0.));
#2061 = DIRECTION('',(0.737953990064,-0.674851026931,0.));
#2062 = DIRECTION('',(0.674851026931,0.737953990064,0.));
#2063 = ADVANCED_FACE('',(#2064),#2083,.F.);
#2064 = FACE_BOUND('',#2065,.F.);
#2065 = EDGE_LOOP('',(#2066,#2067,#2068,#2077));
#2066 = ORIENTED_EDGE('',*,*,#452,.F.);
#2067 = ORIENTED_EDGE('',*,*,#2053,.T.);
#2068 = ORIENTED_EDGE('',*,*,#2069,.T.);
#2069 = EDGE_CURVE('',#2046,#2070,#2072,.T.);
#2070 = VERTEX_POINT('',#2071);
#2071 = CARTESIAN_POINT('',(9.908381897592,36.067966298969,-2.));
#2072 = CIRCLE('',#2073,1.5);
#2073 = AXIS2_PLACEMENT_3D('',#2074,#2075,#2076);
#2074 = CARTESIAN_POINT('',(11.015312882687,35.055689758573,-2.));
#2075 = DIRECTION('',(0.,0.,1.));
#2076 = DIRECTION('',(1.,0.,0.));
#2077 = ORIENTED_EDGE('',*,*,#2078,.F.);
#2078 = EDGE_CURVE('',#445,#2070,#2079,.T.);
#2079 = LINE('',#2080,#2081);
#2080 = CARTESIAN_POINT('',(9.908381897592,36.067966298969,0.));
#2081 = VECTOR('',#2082,1.);
#2082 = DIRECTION('',(-0.,-0.,-1.));
#2083 = CYLINDRICAL_SURFACE('',#2084,1.5);
#2084 = AXIS2_PLACEMENT_3D('',#2085,#2086,#2087);
#2085 = CARTESIAN_POINT('',(11.015312882687,35.055689758573,0.));
#2086 = DIRECTION('',(0.,0.,1.));
#2087 = DIRECTION('',(1.,0.,0.));
#2088 = ADVANCED_FACE('',(#2089),#2100,.T.);
#2089 = FACE_BOUND('',#2090,.T.);
#2090 = EDGE_LOOP('',(#2091,#2092,#2093,#2099));
#2091 = ORIENTED_EDGE('',*,*,#444,.F.);
#2092 = ORIENTED_EDGE('',*,*,#2012,.T.);
#2093 = ORIENTED_EDGE('',*,*,#2094,.F.);
#2094 = EDGE_CURVE('',#2070,#2013,#2095,.T.);
#2095 = LINE('',#2096,#2097);
#2096 = CARTESIAN_POINT('',(-10.86214115891,13.355264156441,-2.));
#2097 = VECTOR('',#2098,1.);
#2098 = DIRECTION('',(-0.674851026931,-0.737953990064,0.));
#2099 = ORIENTED_EDGE('',*,*,#2078,.F.);
#2100 = PLANE('',#2101);
#2101 = AXIS2_PLACEMENT_3D('',#2102,#2103,#2104);
#2102 = CARTESIAN_POINT('',(-18.75641525844,4.722824050515,0.));
#2103 = DIRECTION('',(0.737953990064,-0.674851026931,0.));
#2104 = DIRECTION('',(0.674851026931,0.737953990064,0.));
#2105 = ADVANCED_FACE('',(#2106),#2132,.F.);
#2106 = FACE_BOUND('',#2107,.F.);
#2107 = EDGE_LOOP('',(#2108,#2109,#2117,#2126));
#2108 = ORIENTED_EDGE('',*,*,#469,.F.);
#2109 = ORIENTED_EDGE('',*,*,#2110,.T.);
#2110 = EDGE_CURVE('',#470,#2111,#2113,.T.);
#2111 = VERTEX_POINT('',#2112);
#2112 = CARTESIAN_POINT('',(-18.75641525844,22.584869387184,-2.));
#2113 = LINE('',#2114,#2115);
#2114 = CARTESIAN_POINT('',(-18.75641525844,22.584869387184,0.));
#2115 = VECTOR('',#2116,1.);
#2116 = DIRECTION('',(-0.,-0.,-1.));
#2117 = ORIENTED_EDGE('',*,*,#2118,.T.);
#2118 = EDGE_CURVE('',#2111,#2119,#2121,.T.);
#2119 = VERTEX_POINT('',#2120);
#2120 = CARTESIAN_POINT('',(-16.54255328825,20.560316306392,-2.));
#2121 = CIRCLE('',#2122,1.5);
#2122 = AXIS2_PLACEMENT_3D('',#2123,#2124,#2125);
#2123 = CARTESIAN_POINT('',(-17.64948427334,21.572592846788,-2.));
#2124 = DIRECTION('',(0.,0.,1.));
#2125 = DIRECTION('',(1.,0.,0.));
#2126 = ORIENTED_EDGE('',*,*,#2127,.F.);
#2127 = EDGE_CURVE('',#472,#2119,#2128,.T.);
#2128 = LINE('',#2129,#2130);
#2129 = CARTESIAN_POINT('',(-16.54255328825,20.560316306392,0.));
#2130 = VECTOR('',#2131,1.);
#2131 = DIRECTION('',(-0.,-0.,-1.));
#2132 = CYLINDRICAL_SURFACE('',#2133,1.5);
#2133 = AXIS2_PLACEMENT_3D('',#2134,#2135,#2136);
#2134 = CARTESIAN_POINT('',(-17.64948427334,21.572592846788,0.));
#2135 = DIRECTION('',(0.,0.,1.));
#2136 = DIRECTION('',(1.,0.,0.));
#2137 = ADVANCED_FACE('',(#2138),#2156,.F.);
#2138 = FACE_BOUND('',#2139,.F.);
#2139 = EDGE_LOOP('',(#2140,#2141,#2142,#2150));
#2140 = ORIENTED_EDGE('',*,*,#497,.F.);
#2141 = ORIENTED_EDGE('',*,*,#2127,.T.);
#2142 = ORIENTED_EDGE('',*,*,#2143,.F.);
#2143 = EDGE_CURVE('',#2144,#2119,#2146,.T.);
#2144 = VERTEX_POINT('',#2145);
#2145 = CARTESIAN_POINT('',(-3.769922572103,34.52727112227,-2.));
#2146 = LINE('',#2147,#2148);
#2147 = CARTESIAN_POINT('',(-13.0960089284,24.329134994939,-2.));
#2148 = VECTOR('',#2149,1.);
#2149 = DIRECTION('',(-0.674851026931,-0.737953990064,0.));
#2150 = ORIENTED_EDGE('',*,*,#2151,.F.);
#2151 = EDGE_CURVE('',#489,#2144,#2152,.T.);
#2152 = LINE('',#2153,#2154);
#2153 = CARTESIAN_POINT('',(-3.769922572103,34.52727112227,0.));
#2154 = VECTOR('',#2155,1.);
#2155 = DIRECTION('',(-0.,-0.,-1.));
#2156 = PLANE('',#2157);
#2157 = AXIS2_PLACEMENT_3D('',#2158,#2159,#2160);
#2158 = CARTESIAN_POINT('',(-16.54255328825,20.560316306392,0.));
#2159 = DIRECTION('',(0.737953990064,-0.674851026931,0.));
#2160 = DIRECTION('',(0.674851026931,0.737953990064,0.));
#2161 = ADVANCED_FACE('',(#2162),#2181,.F.);
#2162 = FACE_BOUND('',#2163,.F.);
#2163 = EDGE_LOOP('',(#2164,#2165,#2166,#2175));
#2164 = ORIENTED_EDGE('',*,*,#488,.F.);
#2165 = ORIENTED_EDGE('',*,*,#2151,.T.);
#2166 = ORIENTED_EDGE('',*,*,#2167,.T.);
#2167 = EDGE_CURVE('',#2144,#2168,#2170,.T.);
#2168 = VERTEX_POINT('',#2169);
#2169 = CARTESIAN_POINT('',(-5.983784542294,36.551824203062,-2.));
#2170 = CIRCLE('',#2171,1.5);
#2171 = AXIS2_PLACEMENT_3D('',#2172,#2173,#2174);
#2172 = CARTESIAN_POINT('',(-4.876853557198,35.539547662666,-2.));
#2173 = DIRECTION('',(0.,0.,1.));
#2174 = DIRECTION('',(1.,0.,0.));
#2175 = ORIENTED_EDGE('',*,*,#2176,.F.);
#2176 = EDGE_CURVE('',#481,#2168,#2177,.T.);
#2177 = LINE('',#2178,#2179);
#2178 = CARTESIAN_POINT('',(-5.983784542294,36.551824203062,0.));
#2179 = VECTOR('',#2180,1.);
#2180 = DIRECTION('',(-0.,-0.,-1.));
#2181 = CYLINDRICAL_SURFACE('',#2182,1.5);
#2182 = AXIS2_PLACEMENT_3D('',#2183,#2184,#2185);
#2183 = CARTESIAN_POINT('',(-4.876853557198,35.539547662666,0.));
#2184 = DIRECTION('',(0.,0.,1.));
#2185 = DIRECTION('',(1.,0.,0.));
#2186 = ADVANCED_FACE('',(#2187),#2198,.T.);
#2187 = FACE_BOUND('',#2188,.T.);
#2188 = EDGE_LOOP('',(#2189,#2190,#2191,#2197));
#2189 = ORIENTED_EDGE('',*,*,#480,.F.);
#2190 = ORIENTED_EDGE('',*,*,#2110,.T.);
#2191 = ORIENTED_EDGE('',*,*,#2192,.F.);
#2192 = EDGE_CURVE('',#2168,#2111,#2193,.T.);
#2193 = LINE('',#2194,#2195);
#2194 = CARTESIAN_POINT('',(-15.30987089859,26.353688075731,-2.));
#2195 = VECTOR('',#2196,1.);
#2196 = DIRECTION('',(-0.674851026931,-0.737953990064,0.));
#2197 = ORIENTED_EDGE('',*,*,#2176,.F.);
#2198 = PLANE('',#2199);
#2199 = AXIS2_PLACEMENT_3D('',#2200,#2201,#2202);
#2200 = CARTESIAN_POINT('',(-18.75641525844,22.584869387184,0.));
#2201 = DIRECTION('',(0.737953990064,-0.674851026931,0.));
#2202 = DIRECTION('',(0.674851026931,0.737953990064,0.));
#2203 = ADVANCED_FACE('',(#2204),#2230,.F.);
#2204 = FACE_BOUND('',#2205,.F.);
#2205 = EDGE_LOOP('',(#2206,#2207,#2215,#2224));
#2206 = ORIENTED_EDGE('',*,*,#505,.F.);
#2207 = ORIENTED_EDGE('',*,*,#2208,.T.);
#2208 = EDGE_CURVE('',#506,#2209,#2211,.T.);
#2209 = VERTEX_POINT('',#2210);
#2210 = CARTESIAN_POINT('',(-18.75641525844,31.515892055519,-2.));
#2211 = LINE('',#2212,#2213);
#2212 = CARTESIAN_POINT('',(-18.75641525844,31.515892055519,0.));
#2213 = VECTOR('',#2214,1.);
#2214 = DIRECTION('',(-0.,-0.,-1.));
#2215 = ORIENTED_EDGE('',*,*,#2216,.T.);
#2216 = EDGE_CURVE('',#2209,#2217,#2219,.T.);
#2217 = VERTEX_POINT('',#2218);
#2218 = CARTESIAN_POINT('',(-16.54255328825,29.491338974727,-2.));
#2219 = CIRCLE('',#2220,1.5);
#2220 = AXIS2_PLACEMENT_3D('',#2221,#2222,#2223);
#2221 = CARTESIAN_POINT('',(-17.64948427334,30.503615515123,-2.));
#2222 = DIRECTION('',(0.,0.,1.));
#2223 = DIRECTION('',(1.,0.,0.));
#2224 = ORIENTED_EDGE('',*,*,#2225,.F.);
#2225 = EDGE_CURVE('',#508,#2217,#2226,.T.);
#2226 = LINE('',#2227,#2228);
#2227 = CARTESIAN_POINT('',(-16.54255328825,29.491338974727,0.));
#2228 = VECTOR('',#2229,1.);
#2229 = DIRECTION('',(-0.,-0.,-1.));
#2230 = CYLINDRICAL_SURFACE('',#2231,1.5);
#2231 = AXIS2_PLACEMENT_3D('',#2232,#2233,#2234);
#2232 = CARTESIAN_POINT('',(-17.64948427334,30.503615515123,0.));
#2233 = DIRECTION('',(0.,0.,1.));
#2234 = DIRECTION('',(1.,0.,0.));
#2235 = ADVANCED_FACE('',(#2236),#2254,.F.);
#2236 = FACE_BOUND('',#2237,.F.);
#2237 = EDGE_LOOP('',(#2238,#2239,#2240,#2248));
#2238 = ORIENTED_EDGE('',*,*,#533,.F.);
#2239 = ORIENTED_EDGE('',*,*,#2225,.T.);
#2240 = ORIENTED_EDGE('',*,*,#2241,.F.);
#2241 = EDGE_CURVE('',#2242,#2217,#2244,.T.);
#2242 = VERTEX_POINT('',#2243);
#2243 = CARTESIAN_POINT('',(-7.947675124661,38.889894184428,-2.));
#2244 = LINE('',#2245,#2246);
#2245 = CARTESIAN_POINT('',(-15.31987379824,30.828346954584,-2.));
#2246 = VECTOR('',#2247,1.);
#2247 = DIRECTION('',(-0.674851026931,-0.737953990064,0.));
#2248 = ORIENTED_EDGE('',*,*,#2249,.F.);
#2249 = EDGE_CURVE('',#525,#2242,#2250,.T.);
#2250 = LINE('',#2251,#2252);
#2251 = CARTESIAN_POINT('',(-7.947675124661,38.889894184428,0.));
#2252 = VECTOR('',#2253,1.);
#2253 = DIRECTION('',(-0.,-0.,-1.));
#2254 = PLANE('',#2255);
#2255 = AXIS2_PLACEMENT_3D('',#2256,#2257,#2258);
#2256 = CARTESIAN_POINT('',(-16.54255328825,29.491338974727,0.));
#2257 = DIRECTION('',(0.737953990064,-0.674851026931,0.));
#2258 = DIRECTION('',(0.674851026931,0.737953990064,0.));
#2259 = ADVANCED_FACE('',(#2260),#2279,.F.);
#2260 = FACE_BOUND('',#2261,.F.);
#2261 = EDGE_LOOP('',(#2262,#2263,#2264,#2273));
#2262 = ORIENTED_EDGE('',*,*,#524,.F.);
#2263 = ORIENTED_EDGE('',*,*,#2249,.T.);
#2264 = ORIENTED_EDGE('',*,*,#2265,.T.);
#2265 = EDGE_CURVE('',#2242,#2266,#2268,.T.);
#2266 = VERTEX_POINT('',#2267);
#2267 = CARTESIAN_POINT('',(-10.16153709485,40.91444726522,-2.));
#2268 = CIRCLE('',#2269,1.5);
#2269 = AXIS2_PLACEMENT_3D('',#2270,#2271,#2272);
#2270 = CARTESIAN_POINT('',(-9.054606109756,39.902170724824,-2.));
#2271 = DIRECTION('',(0.,0.,1.));
#2272 = DIRECTION('',(1.,0.,0.));
#2273 = ORIENTED_EDGE('',*,*,#2274,.F.);
#2274 = EDGE_CURVE('',#517,#2266,#2275,.T.);
#2275 = LINE('',#2276,#2277);
#2276 = CARTESIAN_POINT('',(-10.16153709485,40.91444726522,0.));
#2277 = VECTOR('',#2278,1.);
#2278 = DIRECTION('',(-0.,-0.,-1.));
#2279 = CYLINDRICAL_SURFACE('',#2280,1.5);
#2280 = AXIS2_PLACEMENT_3D('',#2281,#2282,#2283);
#2281 = CARTESIAN_POINT('',(-9.054606109756,39.902170724824,0.));
#2282 = DIRECTION('',(0.,0.,1.));
#2283 = DIRECTION('',(1.,0.,0.));
#2284 = ADVANCED_FACE('',(#2285),#2296,.T.);
#2285 = FACE_BOUND('',#2286,.T.);
#2286 = EDGE_LOOP('',(#2287,#2288,#2289,#2295));
#2287 = ORIENTED_EDGE('',*,*,#516,.F.);
#2288 = ORIENTED_EDGE('',*,*,#2208,.T.);
#2289 = ORIENTED_EDGE('',*,*,#2290,.F.);
#2290 = EDGE_CURVE('',#2266,#2209,#2291,.T.);
#2291 = LINE('',#2292,#2293);
#2292 = CARTESIAN_POINT('',(-17.53373576843,32.852900035376,-2.));
#2293 = VECTOR('',#2294,1.);
#2294 = DIRECTION('',(-0.674851026931,-0.737953990064,0.));
#2295 = ORIENTED_EDGE('',*,*,#2274,.F.);
#2296 = PLANE('',#2297);
#2297 = AXIS2_PLACEMENT_3D('',#2298,#2299,#2300);
#2298 = CARTESIAN_POINT('',(-18.75641525844,31.515892055519,0.));
#2299 = DIRECTION('',(0.737953990064,-0.674851026931,0.));
#2300 = DIRECTION('',(0.674851026931,0.737953990064,0.));
#2301 = ADVANCED_FACE('',(#2302),#2322,.F.);
#2302 = FACE_BOUND('',#2303,.T.);
#2303 = EDGE_LOOP('',(#2304,#2313,#2314,#2315));
#2304 = ORIENTED_EDGE('',*,*,#2305,.F.);
#2305 = EDGE_CURVE('',#542,#2306,#2308,.T.);
#2306 = VERTEX_POINT('',#2307);
#2307 = CARTESIAN_POINT('',(4.750515726654,34.555689758573,0.7));
#2308 = CIRCLE('',#2309,0.7);
#2309 = AXIS2_PLACEMENT_3D('',#2310,#2311,#2312);
#2310 = CARTESIAN_POINT('',(5.450515726654,34.555689758573,0.7));
#2311 = DIRECTION('',(-0.,1.,0.));
#2312 = DIRECTION('',(1.,0.,0.));
#2313 = ORIENTED_EDGE('',*,*,#541,.F.);
#2314 = ORIENTED_EDGE('',*,*,#2305,.T.);
#2315 = ORIENTED_EDGE('',*,*,#2316,.T.);
#2316 = EDGE_CURVE('',#2306,#2306,#2317,.T.);
#2317 = CIRCLE('',#2318,3.);
#2318 = AXIS2_PLACEMENT_3D('',#2319,#2320,#2321);
#2319 = CARTESIAN_POINT('',(1.750515726654,34.555689758573,0.7));
#2320 = DIRECTION('',(0.,0.,1.));
#2321 = DIRECTION('',(1.,0.,0.));
#2322 = TOROIDAL_SURFACE('',#2323,3.7,0.7);
#2323 = AXIS2_PLACEMENT_3D('',#2324,#2325,#2326);
#2324 = CARTESIAN_POINT('',(1.750515726654,34.555689758573,0.7));
#2325 = DIRECTION('',(-0.,-0.,-1.));
#2326 = DIRECTION('',(1.,0.,0.));
#2327 = ADVANCED_FACE('',(#2328),#2354,.F.);
#2328 = FACE_BOUND('',#2329,.F.);
#2329 = EDGE_LOOP('',(#2330,#2331,#2339,#2348));
#2330 = ORIENTED_EDGE('',*,*,#552,.F.);
#2331 = ORIENTED_EDGE('',*,*,#2332,.T.);
#2332 = EDGE_CURVE('',#553,#2333,#2335,.T.);
#2333 = VERTEX_POINT('',#2334);
#2334 = CARTESIAN_POINT('',(0.195224810008,7.584520471146,-2.));
#2335 = LINE('',#2336,#2337);
#2336 = CARTESIAN_POINT('',(0.195224810008,7.584520471146,0.));
#2337 = VECTOR('',#2338,1.);
#2338 = DIRECTION('',(-0.,-0.,-1.));
#2339 = ORIENTED_EDGE('',*,*,#2340,.T.);
#2340 = EDGE_CURVE('',#2333,#2341,#2343,.T.);
#2341 = VERTEX_POINT('',#2342);
#2342 = CARTESIAN_POINT('',(2.409086780198,5.559967390354,-2.));
#2343 = CIRCLE('',#2344,1.5);
#2344 = AXIS2_PLACEMENT_3D('',#2345,#2346,#2347);
#2345 = CARTESIAN_POINT('',(1.302155795103,6.57224393075,-2.));
#2346 = DIRECTION('',(0.,0.,1.));
#2347 = DIRECTION('',(1.,0.,0.));
#2348 = ORIENTED_EDGE('',*,*,#2349,.F.);
#2349 = EDGE_CURVE('',#555,#2341,#2350,.T.);
#2350 = LINE('',#2351,#2352);
#2351 = CARTESIAN_POINT('',(2.409086780198,5.559967390354,0.));
#2352 = VECTOR('',#2353,1.);
#2353 = DIRECTION('',(-0.,-0.,-1.));
#2354 = CYLINDRICAL_SURFACE('',#2355,1.5);
#2355 = AXIS2_PLACEMENT_3D('',#2356,#2357,#2358);
#2356 = CARTESIAN_POINT('',(1.302155795103,6.57224393075,0.));
#2357 = DIRECTION('',(0.,0.,1.));
#2358 = DIRECTION('',(1.,0.,0.));
#2359 = ADVANCED_FACE('',(#2360),#2378,.F.);
#2360 = FACE_BOUND('',#2361,.F.);
#2361 = EDGE_LOOP('',(#2362,#2363,#2364,#2372));
#2362 = ORIENTED_EDGE('',*,*,#580,.F.);
#2363 = ORIENTED_EDGE('',*,*,#2349,.T.);
#2364 = ORIENTED_EDGE('',*,*,#2365,.F.);
#2365 = EDGE_CURVE('',#2366,#2341,#2368,.T.);
#2366 = VERTEX_POINT('',#2367);
#2367 = CARTESIAN_POINT('',(21.871479160647,26.842220124942,-2.));
#2368 = LINE('',#2369,#2370);
#2369 = CARTESIAN_POINT('',(5.27527058518,8.694158035009,-2.));
#2370 = VECTOR('',#2371,1.);
#2371 = DIRECTION('',(-0.674851026931,-0.737953990064,0.));
#2372 = ORIENTED_EDGE('',*,*,#2373,.F.);
#2373 = EDGE_CURVE('',#572,#2366,#2374,.T.);
#2374 = LINE('',#2375,#2376);
#2375 = CARTESIAN_POINT('',(21.871479160647,26.842220124942,0.));
#2376 = VECTOR('',#2377,1.);
#2377 = DIRECTION('',(-0.,-0.,-1.));
#2378 = PLANE('',#2379);
#2379 = AXIS2_PLACEMENT_3D('',#2380,#2381,#2382);
#2380 = CARTESIAN_POINT('',(2.409086780198,5.559967390354,0.));
#2381 = DIRECTION('',(0.737953990064,-0.674851026931,0.));
#2382 = DIRECTION('',(0.674851026931,0.737953990064,0.));
#2383 = ADVANCED_FACE('',(#2384),#2403,.F.);
#2384 = FACE_BOUND('',#2385,.F.);
#2385 = EDGE_LOOP('',(#2386,#2387,#2388,#2397));
#2386 = ORIENTED_EDGE('',*,*,#571,.F.);
#2387 = ORIENTED_EDGE('',*,*,#2373,.T.);
#2388 = ORIENTED_EDGE('',*,*,#2389,.T.);
#2389 = EDGE_CURVE('',#2366,#2390,#2392,.T.);
#2390 = VERTEX_POINT('',#2391);
#2391 = CARTESIAN_POINT('',(19.657617190456,28.866773205734,-2.));
#2392 = CIRCLE('',#2393,1.5);
#2393 = AXIS2_PLACEMENT_3D('',#2394,#2395,#2396);
#2394 = CARTESIAN_POINT('',(20.764548175551,27.854496665338,-2.));
#2395 = DIRECTION('',(0.,0.,1.));
#2396 = DIRECTION('',(1.,0.,0.));
#2397 = ORIENTED_EDGE('',*,*,#2398,.F.);
#2398 = EDGE_CURVE('',#564,#2390,#2399,.T.);
#2399 = LINE('',#2400,#2401);
#2400 = CARTESIAN_POINT('',(19.657617190456,28.866773205734,0.));
#2401 = VECTOR('',#2402,1.);
#2402 = DIRECTION('',(-0.,-0.,-1.));
#2403 = CYLINDRICAL_SURFACE('',#2404,1.5);
#2404 = AXIS2_PLACEMENT_3D('',#2405,#2406,#2407);
#2405 = CARTESIAN_POINT('',(20.764548175551,27.854496665338,0.));
#2406 = DIRECTION('',(0.,0.,1.));
#2407 = DIRECTION('',(1.,0.,0.));
#2408 = ADVANCED_FACE('',(#2409),#2420,.T.);
#2409 = FACE_BOUND('',#2410,.T.);
#2410 = EDGE_LOOP('',(#2411,#2412,#2413,#2419));
#2411 = ORIENTED_EDGE('',*,*,#563,.F.);
#2412 = ORIENTED_EDGE('',*,*,#2332,.T.);
#2413 = ORIENTED_EDGE('',*,*,#2414,.F.);
#2414 = EDGE_CURVE('',#2390,#2333,#2415,.T.);
#2415 = LINE('',#2416,#2417);
#2416 = CARTESIAN_POINT('',(3.061408614989,10.718711115801,-2.));
#2417 = VECTOR('',#2418,1.);
#2418 = DIRECTION('',(-0.674851026931,-0.737953990064,0.));
#2419 = ORIENTED_EDGE('',*,*,#2398,.F.);
#2420 = PLANE('',#2421);
#2421 = AXIS2_PLACEMENT_3D('',#2422,#2423,#2424);
#2422 = CARTESIAN_POINT('',(0.195224810008,7.584520471146,0.));
#2423 = DIRECTION('',(0.737953990064,-0.674851026931,0.));
#2424 = DIRECTION('',(0.674851026931,0.737953990064,0.));
#2425 = ADVANCED_FACE('',(#2426),#2446,.F.);
#2426 = FACE_BOUND('',#2427,.T.);
#2427 = EDGE_LOOP('',(#2428,#2437,#2438,#2439));
#2428 = ORIENTED_EDGE('',*,*,#2429,.F.);
#2429 = EDGE_CURVE('',#589,#2430,#2432,.T.);
#2430 = VERTEX_POINT('',#2431);
#2431 = CARTESIAN_POINT('',(27.521317070454,33.402170724824,0.7));
#2432 = CIRCLE('',#2433,0.7);
#2433 = AXIS2_PLACEMENT_3D('',#2434,#2435,#2436);
#2434 = CARTESIAN_POINT('',(28.221317070454,33.402170724824,0.7));
#2435 = DIRECTION('',(-0.,1.,0.));
#2436 = DIRECTION('',(1.,0.,0.));
#2437 = ORIENTED_EDGE('',*,*,#588,.F.);
#2438 = ORIENTED_EDGE('',*,*,#2429,.T.);
#2439 = ORIENTED_EDGE('',*,*,#2440,.T.);
#2440 = EDGE_CURVE('',#2430,#2430,#2441,.T.);
#2441 = CIRCLE('',#2442,3.);
#2442 = AXIS2_PLACEMENT_3D('',#2443,#2444,#2445);
#2443 = CARTESIAN_POINT('',(24.521317070454,33.402170724824,0.7));
#2444 = DIRECTION('',(0.,0.,1.));
#2445 = DIRECTION('',(1.,0.,0.));
#2446 = TOROIDAL_SURFACE('',#2447,3.7,0.7);
#2447 = AXIS2_PLACEMENT_3D('',#2448,#2449,#2450);
#2448 = CARTESIAN_POINT('',(24.521317070454,33.402170724824,0.7));
#2449 = DIRECTION('',(-0.,-0.,-1.));
#2450 = DIRECTION('',(1.,0.,0.));
#2451 = ADVANCED_FACE('',(#2452),#2504,.F.);
#2452 = FACE_BOUND('',#2453,.F.);
#2453 = EDGE_LOOP('',(#2454,#2462,#2463,#2472,#2480,#2488,#2497));
#2454 = ORIENTED_EDGE('',*,*,#2455,.F.);
#2455 = EDGE_CURVE('',#606,#2456,#2458,.T.);
#2456 = VERTEX_POINT('',#2457);
#2457 = CARTESIAN_POINT('',(-21.78327846633,-14.28731322674,
    26.136205807009));
#2458 = LINE('',#2459,#2460);
#2459 = CARTESIAN_POINT('',(-21.47281760667,-13.97685236708,
    26.446666666667));
#2460 = VECTOR('',#2461,1.);
#2461 = DIRECTION('',(0.57735026919,0.57735026919,0.57735026919));
#2462 = ORIENTED_EDGE('',*,*,#670,.T.);
#2463 = ORIENTED_EDGE('',*,*,#2464,.T.);
#2464 = EDGE_CURVE('',#663,#2465,#2467,.T.);
#2465 = VERTEX_POINT('',#2466);
#2466 = CARTESIAN_POINT('',(-19.10842510976,-11.62351903374,28.8));
#2467 = ELLIPSE('',#2468,7.071067811865,5.);
#2468 = AXIS2_PLACEMENT_3D('',#2469,#2470,#2471);
#2469 = CARTESIAN_POINT('',(-22.64948427334,-15.15351903374,25.27));
#2470 = DIRECTION('',(0.,-0.707106781187,0.707106781187));
#2471 = DIRECTION('',(0.,0.707106781187,0.707106781187));
#2472 = ORIENTED_EDGE('',*,*,#2473,.F.);
#2473 = EDGE_CURVE('',#2474,#2465,#2476,.T.);
#2474 = VERTEX_POINT('',#2475);
#2475 = CARTESIAN_POINT('',(-19.11948427334,-11.62351903374,28.8));
#2476 = LINE('',#2477,#2478);
#2477 = CARTESIAN_POINT('',(-22.64948427334,-11.62351903374,28.8));
#2478 = VECTOR('',#2479,1.);
#2479 = DIRECTION('',(1.,0.,0.));
#2480 = ORIENTED_EDGE('',*,*,#2481,.F.);
#2481 = EDGE_CURVE('',#2482,#2474,#2484,.T.);
#2482 = VERTEX_POINT('',#2483);
#2483 = CARTESIAN_POINT('',(-19.98015617431,-12.48419093471,
    27.939328099034));
#2484 = LINE('',#2485,#2486);
#2485 = CARTESIAN_POINT('',(-21.47281760667,-13.97685236708,
    26.446666666667));
#2486 = VECTOR('',#2487,1.);
#2487 = DIRECTION('',(0.57735026919,0.57735026919,0.57735026919));
#2488 = ORIENTED_EDGE('',*,*,#2489,.F.);
#2489 = EDGE_CURVE('',#2490,#2482,#2492,.T.);
#2490 = VERTEX_POINT('',#2491);
#2491 = CARTESIAN_POINT('',(-19.60671703147,-13.38575236957,
    27.037766664174));
#2492 = ELLIPSE('',#2493,1.803122292026,1.275);
#2493 = AXIS2_PLACEMENT_3D('',#2494,#2495,#2496);
#2494 = CARTESIAN_POINT('',(-20.88171703147,-13.38575236957,
    27.037766664174));
#2495 = DIRECTION('',(0.,-0.707106781187,0.707106781187));
#2496 = DIRECTION('',(0.,0.707106781187,0.707106781187));
#2497 = ORIENTED_EDGE('',*,*,#2498,.F.);
#2498 = EDGE_CURVE('',#2456,#2490,#2499,.T.);
#2499 = ELLIPSE('',#2500,1.803122292026,1.275);
#2500 = AXIS2_PLACEMENT_3D('',#2501,#2502,#2503);
#2501 = CARTESIAN_POINT('',(-20.88171703147,-13.38575236957,
    27.037766664174));
#2502 = DIRECTION('',(0.,-0.707106781187,0.707106781187));
#2503 = DIRECTION('',(0.,0.707106781187,0.707106781187));
#2504 = PLANE('',#2505);
#2505 = AXIS2_PLACEMENT_3D('',#2506,#2507,#2508);
#2506 = CARTESIAN_POINT('',(-22.64948427334,-13.38851903374,27.035));
#2507 = DIRECTION('',(0.,-0.707106781187,0.707106781187));
#2508 = DIRECTION('',(1.,0.,0.));
#2509 = ADVANCED_FACE('',(#2510),#2540,.T.);
#2510 = FACE_BOUND('',#2511,.T.);
#2511 = EDGE_LOOP('',(#2512,#2521,#2528,#2529,#2530,#2537,#2538,#2539));
#2512 = ORIENTED_EDGE('',*,*,#2513,.T.);
#2513 = EDGE_CURVE('',#2465,#2514,#2516,.T.);
#2514 = VERTEX_POINT('',#2515);
#2515 = CARTESIAN_POINT('',(-19.11948427334,-11.61245987016,28.8));
#2516 = CIRCLE('',#2517,5.);
#2517 = AXIS2_PLACEMENT_3D('',#2518,#2519,#2520);
#2518 = CARTESIAN_POINT('',(-22.64948427334,-15.15351903374,28.8));
#2519 = DIRECTION('',(0.,0.,1.));
#2520 = DIRECTION('',(1.,0.,0.));
#2521 = ORIENTED_EDGE('',*,*,#2522,.F.);
#2522 = EDGE_CURVE('',#839,#2514,#2523,.T.);
#2523 = ELLIPSE('',#2524,7.071067811865,5.);
#2524 = AXIS2_PLACEMENT_3D('',#2525,#2526,#2527);
#2525 = CARTESIAN_POINT('',(-22.64948427334,-15.15351903374,25.27));
#2526 = DIRECTION('',(0.707106781187,0.,-0.707106781187));
#2527 = DIRECTION('',(0.707106781187,0.,0.707106781187));
#2528 = ORIENTED_EDGE('',*,*,#838,.F.);
#2529 = ORIENTED_EDGE('',*,*,#830,.F.);
#2530 = ORIENTED_EDGE('',*,*,#2531,.F.);
#2531 = EDGE_CURVE('',#647,#823,#2532,.T.);
#2532 = CIRCLE('',#2533,5.);
#2533 = AXIS2_PLACEMENT_3D('',#2534,#2535,#2536);
#2534 = CARTESIAN_POINT('',(-22.64948427334,-15.15351903374,38.8));
#2535 = DIRECTION('',(0.,0.,1.));
#2536 = DIRECTION('',(1.,0.,0.));
#2537 = ORIENTED_EDGE('',*,*,#654,.T.);
#2538 = ORIENTED_EDGE('',*,*,#662,.T.);
#2539 = ORIENTED_EDGE('',*,*,#2464,.T.);
#2540 = CYLINDRICAL_SURFACE('',#2541,5.);
#2541 = AXIS2_PLACEMENT_3D('',#2542,#2543,#2544);
#2542 = CARTESIAN_POINT('',(-22.64948427334,-15.15351903374,38.8));
#2543 = DIRECTION('',(0.,0.,1.));
#2544 = DIRECTION('',(1.,0.,0.));
#2545 = ADVANCED_FACE('',(#2546),#2589,.F.);
#2546 = FACE_BOUND('',#2547,.F.);
#2547 = EDGE_LOOP('',(#2548,#2557,#2558,#2566,#2575,#2583));
#2548 = ORIENTED_EDGE('',*,*,#2549,.F.);
#2549 = EDGE_CURVE('',#623,#2550,#2552,.T.);
#2550 = VERTEX_POINT('',#2551);
#2551 = CARTESIAN_POINT('',(28.729742180216,-11.62351903374,28.8));
#2552 = ELLIPSE('',#2553,7.071067811865,5.);
#2553 = AXIS2_PLACEMENT_3D('',#2554,#2555,#2556);
#2554 = CARTESIAN_POINT('',(32.270801343799,-15.15351903374,25.27));
#2555 = DIRECTION('',(0.,0.707106781187,-0.707106781187));
#2556 = DIRECTION('',(0.,0.707106781187,0.707106781187));
#2557 = ORIENTED_EDGE('',*,*,#622,.T.);
#2558 = ORIENTED_EDGE('',*,*,#2559,.T.);
#2559 = EDGE_CURVE('',#615,#2560,#2562,.T.);
#2560 = VERTEX_POINT('',#2561);
#2561 = CARTESIAN_POINT('',(31.404595536845,-14.28731322679,
    26.136205806954));
#2562 = LINE('',#2563,#2564);
#2563 = CARTESIAN_POINT('',(30.260801343799,-13.14351903374,27.28));
#2564 = VECTOR('',#2565,1.);
#2565 = DIRECTION('',(-0.57735026919,0.57735026919,0.57735026919));
#2566 = ORIENTED_EDGE('',*,*,#2567,.F.);
#2567 = EDGE_CURVE('',#2568,#2560,#2570,.T.);
#2568 = VERTEX_POINT('',#2569);
#2569 = CARTESIAN_POINT('',(29.60147324482,-12.48419093477,
    27.939328098979));
#2570 = ELLIPSE('',#2571,1.803122292026,1.275);
#2571 = AXIS2_PLACEMENT_3D('',#2572,#2573,#2574);
#2572 = CARTESIAN_POINT('',(30.503035257379,-13.38575121423,
    27.037767819513));
#2573 = DIRECTION('',(0.,-0.707106781187,0.707106781187));
#2574 = DIRECTION('',(0.,0.707106781187,0.707106781187));
#2575 = ORIENTED_EDGE('',*,*,#2576,.T.);
#2576 = EDGE_CURVE('',#2568,#2577,#2579,.T.);
#2577 = VERTEX_POINT('',#2578);
#2578 = CARTESIAN_POINT('',(28.740801343799,-11.62351903374,28.8));
#2579 = LINE('',#2580,#2581);
#2580 = CARTESIAN_POINT('',(30.260801343799,-13.14351903374,27.28));
#2581 = VECTOR('',#2582,1.);
#2582 = DIRECTION('',(-0.57735026919,0.57735026919,0.57735026919));
#2583 = ORIENTED_EDGE('',*,*,#2584,.F.);
#2584 = EDGE_CURVE('',#2550,#2577,#2585,.T.);
#2585 = LINE('',#2586,#2587);
#2586 = CARTESIAN_POINT('',(27.270801343799,-11.62351903374,28.8));
#2587 = VECTOR('',#2588,1.);
#2588 = DIRECTION('',(1.,3.552713678801E-16,0.));
#2589 = PLANE('',#2590);
#2590 = AXIS2_PLACEMENT_3D('',#2591,#2592,#2593);
#2591 = CARTESIAN_POINT('',(27.270801343799,-13.38851903374,27.035));
#2592 = DIRECTION('',(0.,-0.707106781187,0.707106781187));
#2593 = DIRECTION('',(1.,1.7763568394E-16,1.7763568394E-16));
#2594 = ADVANCED_FACE('',(#2595,#2606,#2700,#2711),#2722,.T.);
#2595 = FACE_BOUND('',#2596,.T.);
#2596 = EDGE_LOOP('',(#2597));
#2597 = ORIENTED_EDGE('',*,*,#2598,.F.);
#2598 = EDGE_CURVE('',#2599,#2599,#2601,.T.);
#2599 = VERTEX_POINT('',#2600);
#2600 = CARTESIAN_POINT('',(32.478035257379,43.134402905311,38.8));
#2601 = CIRCLE('',#2602,1.975);
#2602 = AXIS2_PLACEMENT_3D('',#2603,#2604,#2605);
#2603 = CARTESIAN_POINT('',(30.503035257379,43.134402905311,38.8));
#2604 = DIRECTION('',(0.,0.,1.));
#2605 = DIRECTION('',(1.,0.,0.));
#2606 = FACE_BOUND('',#2607,.T.);
#2607 = EDGE_LOOP('',(#2608,#2618,#2627,#2635,#2644,#2652,#2658,#2659,
    #2666,#2667,#2674,#2675,#2676,#2677,#2685,#2693));
#2608 = ORIENTED_EDGE('',*,*,#2609,.F.);
#2609 = EDGE_CURVE('',#2610,#2612,#2614,.T.);
#2610 = VERTEX_POINT('',#2611);
#2611 = CARTESIAN_POINT('',(32.270801343799,-17.15351903374,38.8));
#2612 = VERTEX_POINT('',#2613);
#2613 = CARTESIAN_POINT('',(-22.64948427334,-17.15351903374,38.8));
#2614 = LINE('',#2615,#2616);
#2615 = CARTESIAN_POINT('',(32.270801343799,-17.15351903374,38.8));
#2616 = VECTOR('',#2617,1.);
#2617 = DIRECTION('',(-1.,0.,0.));
#2618 = ORIENTED_EDGE('',*,*,#2619,.T.);
#2619 = EDGE_CURVE('',#2610,#2620,#2622,.T.);
#2620 = VERTEX_POINT('',#2621);
#2621 = CARTESIAN_POINT('',(34.270801343799,-15.15351903374,38.8));
#2622 = CIRCLE('',#2623,2.);
#2623 = AXIS2_PLACEMENT_3D('',#2624,#2625,#2626);
#2624 = CARTESIAN_POINT('',(32.270801343799,-15.15351903374,38.8));
#2625 = DIRECTION('',(0.,0.,1.));
#2626 = DIRECTION('',(-1.,-1.224646799147E-16,0.));
#2627 = ORIENTED_EDGE('',*,*,#2628,.T.);
#2628 = EDGE_CURVE('',#2620,#2629,#2631,.T.);
#2629 = VERTEX_POINT('',#2630);
#2630 = CARTESIAN_POINT('',(34.270801343799,44.902170724824,38.8));
#2631 = LINE('',#2632,#2633);
#2632 = CARTESIAN_POINT('',(34.270801343799,-15.15351903374,38.8));
#2633 = VECTOR('',#2634,1.);
#2634 = DIRECTION('',(1.183139746819E-16,1.,0.));
#2635 = ORIENTED_EDGE('',*,*,#2636,.T.);
#2636 = EDGE_CURVE('',#2629,#2637,#2639,.T.);
#2637 = VERTEX_POINT('',#2638);
#2638 = CARTESIAN_POINT('',(32.270801343799,46.902170724824,38.8));
#2639 = CIRCLE('',#2640,2.);
#2640 = AXIS2_PLACEMENT_3D('',#2641,#2642,#2643);
#2641 = CARTESIAN_POINT('',(32.270801343799,44.902170724824,38.8));
#2642 = DIRECTION('',(-0.,0.,1.));
#2643 = DIRECTION('',(1.110223024625E-16,-1.,0.));
#2644 = ORIENTED_EDGE('',*,*,#2645,.F.);
#2645 = EDGE_CURVE('',#2646,#2637,#2648,.T.);
#2646 = VERTEX_POINT('',#2647);
#2647 = CARTESIAN_POINT('',(25.850515726654,46.902170724824,38.8));
#2648 = LINE('',#2649,#2650);
#2649 = CARTESIAN_POINT('',(-22.64948427334,46.902170724824,38.8));
#2650 = VECTOR('',#2651,1.);
#2651 = DIRECTION('',(1.,0.,0.));
#2652 = ORIENTED_EDGE('',*,*,#2653,.F.);
#2653 = EDGE_CURVE('',#935,#2646,#2654,.T.);
#2654 = LINE('',#2655,#2656);
#2655 = CARTESIAN_POINT('',(25.850515726654,38.055689758573,38.8));
#2656 = VECTOR('',#2657,1.);
#2657 = DIRECTION('',(0.,1.,0.));
#2658 = ORIENTED_EDGE('',*,*,#942,.T.);
#2659 = ORIENTED_EDGE('',*,*,#2660,.T.);
#2660 = EDGE_CURVE('',#943,#719,#2661,.T.);
#2661 = CIRCLE('',#2662,5.);
#2662 = AXIS2_PLACEMENT_3D('',#2663,#2664,#2665);
#2663 = CARTESIAN_POINT('',(32.270801343799,44.902170724824,38.8));
#2664 = DIRECTION('',(0.,0.,1.));
#2665 = DIRECTION('',(1.,0.,0.));
#2666 = ORIENTED_EDGE('',*,*,#718,.F.);
#2667 = ORIENTED_EDGE('',*,*,#2668,.T.);
#2668 = EDGE_CURVE('',#711,#639,#2669,.T.);
#2669 = CIRCLE('',#2670,5.);
#2670 = AXIS2_PLACEMENT_3D('',#2671,#2672,#2673);
#2671 = CARTESIAN_POINT('',(32.270801343799,-15.15351903374,38.8));
#2672 = DIRECTION('',(0.,0.,1.));
#2673 = DIRECTION('',(1.,0.,0.));
#2674 = ORIENTED_EDGE('',*,*,#646,.T.);
#2675 = ORIENTED_EDGE('',*,*,#2531,.T.);
#2676 = ORIENTED_EDGE('',*,*,#822,.F.);
#2677 = ORIENTED_EDGE('',*,*,#2678,.T.);
#2678 = EDGE_CURVE('',#815,#2679,#2681,.T.);
#2679 = VERTEX_POINT('',#2680);
#2680 = CARTESIAN_POINT('',(-24.64948427334,-0.5,38.8));
#2681 = LINE('',#2682,#2683);
#2682 = CARTESIAN_POINT('',(-2.594670732387,-0.5,38.8));
#2683 = VECTOR('',#2684,1.);
#2684 = DIRECTION('',(-1.,0.,0.));
#2685 = ORIENTED_EDGE('',*,*,#2686,.T.);
#2686 = EDGE_CURVE('',#2679,#2687,#2689,.T.);
#2687 = VERTEX_POINT('',#2688);
#2688 = CARTESIAN_POINT('',(-24.64948427334,-15.15351903374,38.8));
#2689 = LINE('',#2690,#2691);
#2690 = CARTESIAN_POINT('',(-24.64948427334,44.902170724824,38.8));
#2691 = VECTOR('',#2692,1.);
#2692 = DIRECTION('',(0.,-1.,0.));
#2693 = ORIENTED_EDGE('',*,*,#2694,.T.);
#2694 = EDGE_CURVE('',#2687,#2612,#2695,.T.);
#2695 = CIRCLE('',#2696,2.);
#2696 = AXIS2_PLACEMENT_3D('',#2697,#2698,#2699);
#2697 = CARTESIAN_POINT('',(-22.64948427334,-15.15351903374,38.8));
#2698 = DIRECTION('',(0.,-0.,1.));
#2699 = DIRECTION('',(1.110223024625E-16,1.,0.));
#2700 = FACE_BOUND('',#2701,.T.);
#2701 = EDGE_LOOP('',(#2702));
#2702 = ORIENTED_EDGE('',*,*,#2703,.F.);
#2703 = EDGE_CURVE('',#2704,#2704,#2706,.T.);
#2704 = VERTEX_POINT('',#2705);
#2705 = CARTESIAN_POINT('',(-18.90671703147,-13.38575236957,38.8));
#2706 = CIRCLE('',#2707,1.975);
#2707 = AXIS2_PLACEMENT_3D('',#2708,#2709,#2710);
#2708 = CARTESIAN_POINT('',(-20.88171703147,-13.38575236957,38.8));
#2709 = DIRECTION('',(0.,0.,1.));
#2710 = DIRECTION('',(1.,0.,0.));
#2711 = FACE_BOUND('',#2712,.T.);
#2712 = EDGE_LOOP('',(#2713));
#2713 = ORIENTED_EDGE('',*,*,#2714,.F.);
#2714 = EDGE_CURVE('',#2715,#2715,#2717,.T.);
#2715 = VERTEX_POINT('',#2716);
#2716 = CARTESIAN_POINT('',(32.478035257379,-13.38575121423,38.8));
#2717 = CIRCLE('',#2718,1.975);
#2718 = AXIS2_PLACEMENT_3D('',#2719,#2720,#2721);
#2719 = CARTESIAN_POINT('',(30.503035257379,-13.38575121423,38.8));
#2720 = DIRECTION('',(0.,0.,1.));
#2721 = DIRECTION('',(1.,0.,0.));
#2722 = PLANE('',#2723);
#2723 = AXIS2_PLACEMENT_3D('',#2724,#2725,#2726);
#2724 = CARTESIAN_POINT('',(15.204820110766,1.735086864462,38.8));
#2725 = DIRECTION('',(0.,0.,1.));
#2726 = DIRECTION('',(1.,0.,0.));
#2727 = ADVANCED_FACE('',(#2728),#2752,.T.);
#2728 = FACE_BOUND('',#2729,.T.);
#2729 = EDGE_LOOP('',(#2730,#2739,#2740,#2741,#2742,#2743,#2744,#2745));
#2730 = ORIENTED_EDGE('',*,*,#2731,.T.);
#2731 = EDGE_CURVE('',#2732,#2550,#2734,.T.);
#2732 = VERTEX_POINT('',#2733);
#2733 = CARTESIAN_POINT('',(28.740801343799,-11.61245987016,28.8));
#2734 = CIRCLE('',#2735,5.);
#2735 = AXIS2_PLACEMENT_3D('',#2736,#2737,#2738);
#2736 = CARTESIAN_POINT('',(32.270801343799,-15.15351903374,28.8));
#2737 = DIRECTION('',(0.,0.,1.));
#2738 = DIRECTION('',(1.,0.,0.));
#2739 = ORIENTED_EDGE('',*,*,#2549,.F.);
#2740 = ORIENTED_EDGE('',*,*,#630,.F.);
#2741 = ORIENTED_EDGE('',*,*,#638,.F.);
#2742 = ORIENTED_EDGE('',*,*,#2668,.F.);
#2743 = ORIENTED_EDGE('',*,*,#710,.T.);
#2744 = ORIENTED_EDGE('',*,*,#702,.T.);
#2745 = ORIENTED_EDGE('',*,*,#2746,.T.);
#2746 = EDGE_CURVE('',#695,#2732,#2747,.T.);
#2747 = ELLIPSE('',#2748,7.071067811865,5.);
#2748 = AXIS2_PLACEMENT_3D('',#2749,#2750,#2751);
#2749 = CARTESIAN_POINT('',(32.270801343799,-15.15351903374,25.27));
#2750 = DIRECTION('',(0.707106781187,0.,0.707106781187));
#2751 = DIRECTION('',(-0.707106781187,0.,0.707106781187));
#2752 = CYLINDRICAL_SURFACE('',#2753,5.);
#2753 = AXIS2_PLACEMENT_3D('',#2754,#2755,#2756);
#2754 = CARTESIAN_POINT('',(32.270801343799,-15.15351903374,38.8));
#2755 = DIRECTION('',(0.,0.,1.));
#2756 = DIRECTION('',(1.,0.,0.));
#2757 = ADVANCED_FACE('',(#2758),#2810,.T.);
#2758 = FACE_BOUND('',#2759,.T.);
#2759 = EDGE_LOOP('',(#2760,#2768,#2769,#2778,#2786,#2794,#2803));
#2760 = ORIENTED_EDGE('',*,*,#2761,.F.);
#2761 = EDGE_CURVE('',#685,#2762,#2764,.T.);
#2762 = VERTEX_POINT('',#2763);
#2763 = CARTESIAN_POINT('',(31.404595536845,44.035964917869,
    26.136205806954));
#2764 = LINE('',#2765,#2766);
#2765 = CARTESIAN_POINT('',(30.260801343799,42.892170724824,27.28));
#2766 = VECTOR('',#2767,1.);
#2767 = DIRECTION('',(-0.57735026919,-0.57735026919,0.57735026919));
#2768 = ORIENTED_EDGE('',*,*,#742,.T.);
#2769 = ORIENTED_EDGE('',*,*,#2770,.T.);
#2770 = EDGE_CURVE('',#735,#2771,#2773,.T.);
#2771 = VERTEX_POINT('',#2772);
#2772 = CARTESIAN_POINT('',(28.740801343799,41.36111156124,28.8));
#2773 = ELLIPSE('',#2774,7.071067811865,5.);
#2774 = AXIS2_PLACEMENT_3D('',#2775,#2776,#2777);
#2775 = CARTESIAN_POINT('',(32.270801343799,44.902170724824,25.27));
#2776 = DIRECTION('',(-0.707106781187,0.,-0.707106781187));
#2777 = DIRECTION('',(-0.707106781187,0.,0.707106781187));
#2778 = ORIENTED_EDGE('',*,*,#2779,.F.);
#2779 = EDGE_CURVE('',#2780,#2771,#2782,.T.);
#2780 = VERTEX_POINT('',#2781);
#2781 = CARTESIAN_POINT('',(28.740801343799,41.372170724824,28.8));
#2782 = LINE('',#2783,#2784);
#2783 = CARTESIAN_POINT('',(28.740801343799,44.902170724824,28.8));
#2784 = VECTOR('',#2785,1.);
#2785 = DIRECTION('',(0.,-1.,0.));
#2786 = ORIENTED_EDGE('',*,*,#2787,.F.);
#2787 = EDGE_CURVE('',#2788,#2780,#2790,.T.);
#2788 = VERTEX_POINT('',#2789);
#2789 = CARTESIAN_POINT('',(29.60147324482,42.232842625845,
    27.939328098979));
#2790 = LINE('',#2791,#2792);
#2791 = CARTESIAN_POINT('',(30.260801343799,42.892170724824,27.28));
#2792 = VECTOR('',#2793,1.);
#2793 = DIRECTION('',(-0.57735026919,-0.57735026919,0.57735026919));
#2794 = ORIENTED_EDGE('',*,*,#2795,.F.);
#2795 = EDGE_CURVE('',#2796,#2788,#2798,.T.);
#2796 = VERTEX_POINT('',#2797);
#2797 = CARTESIAN_POINT('',(31.778035257379,43.134402905311,
    25.762766086421));
#2798 = ELLIPSE('',#2799,1.803122292026,1.275);
#2799 = AXIS2_PLACEMENT_3D('',#2800,#2801,#2802);
#2800 = CARTESIAN_POINT('',(30.503035257379,43.134402905311,
    27.037766086421));
#2801 = DIRECTION('',(-0.707106781187,0.,-0.707106781187));
#2802 = DIRECTION('',(-0.707106781187,0.,0.707106781187));
#2803 = ORIENTED_EDGE('',*,*,#2804,.F.);
#2804 = EDGE_CURVE('',#2762,#2796,#2805,.T.);
#2805 = ELLIPSE('',#2806,1.803122292026,1.275);
#2806 = AXIS2_PLACEMENT_3D('',#2807,#2808,#2809);
#2807 = CARTESIAN_POINT('',(30.503035257379,43.134402905311,
    27.037766086421));
#2808 = DIRECTION('',(-0.707106781187,0.,-0.707106781187));
#2809 = DIRECTION('',(-0.707106781187,0.,0.707106781187));
#2810 = PLANE('',#2811);
#2811 = AXIS2_PLACEMENT_3D('',#2812,#2813,#2814);
#2812 = CARTESIAN_POINT('',(30.505801343799,44.902170724824,27.035));
#2813 = DIRECTION('',(-0.707106781187,0.,-0.707106781187));
#2814 = DIRECTION('',(0.,-1.,0.));
#2815 = ADVANCED_FACE('',(#2816),#2840,.T.);
#2816 = FACE_BOUND('',#2817,.T.);
#2817 = EDGE_LOOP('',(#2818,#2827,#2828,#2829,#2830,#2831,#2832,#2833));
#2818 = ORIENTED_EDGE('',*,*,#2819,.T.);
#2819 = EDGE_CURVE('',#2820,#2771,#2822,.T.);
#2820 = VERTEX_POINT('',#2821);
#2821 = CARTESIAN_POINT('',(28.729742180216,41.372170724824,28.8));
#2822 = CIRCLE('',#2823,5.);
#2823 = AXIS2_PLACEMENT_3D('',#2824,#2825,#2826);
#2824 = CARTESIAN_POINT('',(32.270801343799,44.902170724824,28.8));
#2825 = DIRECTION('',(0.,0.,1.));
#2826 = DIRECTION('',(1.,0.,0.));
#2827 = ORIENTED_EDGE('',*,*,#2770,.F.);
#2828 = ORIENTED_EDGE('',*,*,#734,.F.);
#2829 = ORIENTED_EDGE('',*,*,#726,.F.);
#2830 = ORIENTED_EDGE('',*,*,#2660,.F.);
#2831 = ORIENTED_EDGE('',*,*,#950,.T.);
#2832 = ORIENTED_EDGE('',*,*,#958,.T.);
#2833 = ORIENTED_EDGE('',*,*,#2834,.T.);
#2834 = EDGE_CURVE('',#959,#2820,#2835,.T.);
#2835 = ELLIPSE('',#2836,7.071067811865,5.);
#2836 = AXIS2_PLACEMENT_3D('',#2837,#2838,#2839);
#2837 = CARTESIAN_POINT('',(32.270801343799,44.902170724824,25.27));
#2838 = DIRECTION('',(-0.,0.707106781187,0.707106781187));
#2839 = DIRECTION('',(0.,-0.707106781187,0.707106781187));
#2840 = CYLINDRICAL_SURFACE('',#2841,5.);
#2841 = AXIS2_PLACEMENT_3D('',#2842,#2843,#2844);
#2842 = CARTESIAN_POINT('',(32.270801343799,44.902170724824,38.8));
#2843 = DIRECTION('',(0.,0.,1.));
#2844 = DIRECTION('',(1.,0.,0.));
#2845 = ADVANCED_FACE('',(#2846),#2874,.T.);
#2846 = FACE_BOUND('',#2847,.F.);
#2847 = EDGE_LOOP('',(#2848,#2849,#2850,#2851,#2857,#2858,#2867));
#2848 = ORIENTED_EDGE('',*,*,#2559,.F.);
#2849 = ORIENTED_EDGE('',*,*,#694,.T.);
#2850 = ORIENTED_EDGE('',*,*,#2746,.T.);
#2851 = ORIENTED_EDGE('',*,*,#2852,.F.);
#2852 = EDGE_CURVE('',#2577,#2732,#2853,.T.);
#2853 = LINE('',#2854,#2855);
#2854 = CARTESIAN_POINT('',(28.740801343799,-15.15351903374,28.8));
#2855 = VECTOR('',#2856,1.);
#2856 = DIRECTION('',(0.,1.,0.));
#2857 = ORIENTED_EDGE('',*,*,#2576,.F.);
#2858 = ORIENTED_EDGE('',*,*,#2859,.T.);
#2859 = EDGE_CURVE('',#2568,#2860,#2862,.T.);
#2860 = VERTEX_POINT('',#2861);
#2861 = CARTESIAN_POINT('',(31.778035257379,-13.38575121423,
    25.762766086421));
#2862 = ELLIPSE('',#2863,1.803122292026,1.275);
#2863 = AXIS2_PLACEMENT_3D('',#2864,#2865,#2866);
#2864 = CARTESIAN_POINT('',(30.503035257379,-13.38575121423,
    27.037766086421));
#2865 = DIRECTION('',(-0.707106781187,0.,-0.707106781187));
#2866 = DIRECTION('',(-0.707106781187,0.,0.707106781187));
#2867 = ORIENTED_EDGE('',*,*,#2868,.T.);
#2868 = EDGE_CURVE('',#2860,#2560,#2869,.T.);
#2869 = ELLIPSE('',#2870,1.803122292026,1.275);
#2870 = AXIS2_PLACEMENT_3D('',#2871,#2872,#2873);
#2871 = CARTESIAN_POINT('',(30.503035257379,-13.38575121423,
    27.037766086421));
#2872 = DIRECTION('',(-0.707106781187,0.,-0.707106781187));
#2873 = DIRECTION('',(-0.707106781187,0.,0.707106781187));
#2874 = PLANE('',#2875);
#2875 = AXIS2_PLACEMENT_3D('',#2876,#2877,#2878);
#2876 = CARTESIAN_POINT('',(30.505801343799,-15.15351903374,27.035));
#2877 = DIRECTION('',(-0.707106781187,0.,-0.707106781187));
#2878 = DIRECTION('',(-0.,-1.,-0.));
#2879 = ADVANCED_FACE('',(#2880),#2899,.T.);
#2880 = FACE_BOUND('',#2881,.T.);
#2881 = EDGE_LOOP('',(#2882,#2883,#2884,#2885,#2891,#2892));
#2882 = ORIENTED_EDGE('',*,*,#2455,.F.);
#2883 = ORIENTED_EDGE('',*,*,#846,.T.);
#2884 = ORIENTED_EDGE('',*,*,#2522,.T.);
#2885 = ORIENTED_EDGE('',*,*,#2886,.F.);
#2886 = EDGE_CURVE('',#2474,#2514,#2887,.T.);
#2887 = LINE('',#2888,#2889);
#2888 = CARTESIAN_POINT('',(-19.11948427334,-15.15351903374,28.8));
#2889 = VECTOR('',#2890,1.);
#2890 = DIRECTION('',(-7.105427357601E-16,1.,0.));
#2891 = ORIENTED_EDGE('',*,*,#2481,.F.);
#2892 = ORIENTED_EDGE('',*,*,#2893,.F.);
#2893 = EDGE_CURVE('',#2456,#2482,#2894,.T.);
#2894 = ELLIPSE('',#2895,1.803122292026,1.275);
#2895 = AXIS2_PLACEMENT_3D('',#2896,#2897,#2898);
#2896 = CARTESIAN_POINT('',(-20.88171703147,-13.38575236957,
    27.037767241869));
#2897 = DIRECTION('',(0.707106781187,0.,-0.707106781187));
#2898 = DIRECTION('',(0.707106781187,0.,0.707106781187));
#2899 = PLANE('',#2900);
#2900 = AXIS2_PLACEMENT_3D('',#2901,#2902,#2903);
#2901 = CARTESIAN_POINT('',(-20.88448427334,-15.15351903374,27.035));
#2902 = DIRECTION('',(0.707106781187,0.,-0.707106781187));
#2903 = DIRECTION('',(-3.552713678801E-16,1.,-3.552713678801E-16));
#2904 = ADVANCED_FACE('',(#2905),#2948,.T.);
#2905 = FACE_BOUND('',#2906,.T.);
#2906 = EDGE_LOOP('',(#2907,#2916,#2917,#2925,#2934,#2942));
#2907 = ORIENTED_EDGE('',*,*,#2908,.F.);
#2908 = EDGE_CURVE('',#767,#2909,#2911,.T.);
#2909 = VERTEX_POINT('',#2910);
#2910 = CARTESIAN_POINT('',(-19.11948427334,41.36111156124,28.8));
#2911 = ELLIPSE('',#2912,7.071067811865,5.);
#2912 = AXIS2_PLACEMENT_3D('',#2913,#2914,#2915);
#2913 = CARTESIAN_POINT('',(-22.64948427334,44.902170724824,25.27));
#2914 = DIRECTION('',(-0.707106781187,0.,0.707106781187));
#2915 = DIRECTION('',(0.707106781187,0.,0.707106781187));
#2916 = ORIENTED_EDGE('',*,*,#766,.T.);
#2917 = ORIENTED_EDGE('',*,*,#2918,.T.);
#2918 = EDGE_CURVE('',#759,#2919,#2921,.T.);
#2919 = VERTEX_POINT('',#2920);
#2920 = CARTESIAN_POINT('',(-21.78327846637,44.035964917851,
    26.136205806973));
#2921 = LINE('',#2922,#2923);
#2922 = CARTESIAN_POINT('',(-20.63948427334,42.892170724824,27.28));
#2923 = VECTOR('',#2924,1.);
#2924 = DIRECTION('',(0.57735026919,-0.57735026919,0.57735026919));
#2925 = ORIENTED_EDGE('',*,*,#2926,.F.);
#2926 = EDGE_CURVE('',#2927,#2919,#2929,.T.);
#2927 = VERTEX_POINT('',#2928);
#2928 = CARTESIAN_POINT('',(-19.98015617434,42.232842625825,
    27.939328098999));
#2929 = ELLIPSE('',#2930,1.803122292026,1.275);
#2930 = AXIS2_PLACEMENT_3D('',#2931,#2932,#2933);
#2931 = CARTESIAN_POINT('',(-20.88171703151,43.134404060682,
    27.03776724183));
#2932 = DIRECTION('',(0.707106781187,0.,-0.707106781187));
#2933 = DIRECTION('',(0.707106781187,0.,0.707106781187));
#2934 = ORIENTED_EDGE('',*,*,#2935,.T.);
#2935 = EDGE_CURVE('',#2927,#2936,#2938,.T.);
#2936 = VERTEX_POINT('',#2937);
#2937 = CARTESIAN_POINT('',(-19.11948427334,41.372170724824,28.8));
#2938 = LINE('',#2939,#2940);
#2939 = CARTESIAN_POINT('',(-20.63948427334,42.892170724824,27.28));
#2940 = VECTOR('',#2941,1.);
#2941 = DIRECTION('',(0.57735026919,-0.57735026919,0.57735026919));
#2942 = ORIENTED_EDGE('',*,*,#2943,.F.);
#2943 = EDGE_CURVE('',#2909,#2936,#2944,.T.);
#2944 = LINE('',#2945,#2946);
#2945 = CARTESIAN_POINT('',(-19.11948427334,39.902170724824,28.8));
#2946 = VECTOR('',#2947,1.);
#2947 = DIRECTION('',(0.,1.,0.));
#2948 = PLANE('',#2949);
#2949 = AXIS2_PLACEMENT_3D('',#2950,#2951,#2952);
#2950 = CARTESIAN_POINT('',(-20.88448427334,39.902170724824,27.035));
#2951 = DIRECTION('',(0.707106781187,0.,-0.707106781187));
#2952 = DIRECTION('',(0.,1.,0.));
#2953 = ADVANCED_FACE('',(#2954),#2984,.T.);
#2954 = FACE_BOUND('',#2955,.T.);
#2955 = EDGE_LOOP('',(#2956,#2965,#2972,#2973,#2974,#2981,#2982,#2983));
#2956 = ORIENTED_EDGE('',*,*,#2957,.T.);
#2957 = EDGE_CURVE('',#2909,#2958,#2960,.T.);
#2958 = VERTEX_POINT('',#2959);
#2959 = CARTESIAN_POINT('',(-19.10842510976,41.372170724824,28.8));
#2960 = CIRCLE('',#2961,5.);
#2961 = AXIS2_PLACEMENT_3D('',#2962,#2963,#2964);
#2962 = CARTESIAN_POINT('',(-22.64948427334,44.902170724824,28.8));
#2963 = DIRECTION('',(0.,0.,1.));
#2964 = DIRECTION('',(1.,0.,0.));
#2965 = ORIENTED_EDGE('',*,*,#2966,.F.);
#2966 = EDGE_CURVE('',#887,#2958,#2967,.T.);
#2967 = ELLIPSE('',#2968,7.071067811865,5.);
#2968 = AXIS2_PLACEMENT_3D('',#2969,#2970,#2971);
#2969 = CARTESIAN_POINT('',(-22.64948427334,44.902170724824,25.27));
#2970 = DIRECTION('',(-0.,-0.707106781187,-0.707106781187));
#2971 = DIRECTION('',(0.,-0.707106781187,0.707106781187));
#2972 = ORIENTED_EDGE('',*,*,#894,.F.);
#2973 = ORIENTED_EDGE('',*,*,#902,.F.);
#2974 = ORIENTED_EDGE('',*,*,#2975,.F.);
#2975 = EDGE_CURVE('',#783,#903,#2976,.T.);
#2976 = CIRCLE('',#2977,5.);
#2977 = AXIS2_PLACEMENT_3D('',#2978,#2979,#2980);
#2978 = CARTESIAN_POINT('',(-22.64948427334,44.902170724824,38.8));
#2979 = DIRECTION('',(0.,0.,1.));
#2980 = DIRECTION('',(1.,0.,0.));
#2981 = ORIENTED_EDGE('',*,*,#782,.T.);
#2982 = ORIENTED_EDGE('',*,*,#774,.T.);
#2983 = ORIENTED_EDGE('',*,*,#2908,.T.);
#2984 = CYLINDRICAL_SURFACE('',#2985,5.);
#2985 = AXIS2_PLACEMENT_3D('',#2986,#2987,#2988);
#2986 = CARTESIAN_POINT('',(-22.64948427334,44.902170724824,38.8));
#2987 = DIRECTION('',(0.,0.,1.));
#2988 = DIRECTION('',(1.,0.,0.));
#2989 = ADVANCED_FACE('',(#2990),#3008,.F.);
#2990 = FACE_BOUND('',#2991,.F.);
#2991 = EDGE_LOOP('',(#2992,#3000,#3001,#3002));
#2992 = ORIENTED_EDGE('',*,*,#2993,.F.);
#2993 = EDGE_CURVE('',#807,#2994,#2996,.T.);
#2994 = VERTEX_POINT('',#2995);
#2995 = CARTESIAN_POINT('',(-24.64948427334,-0.5,7.));
#2996 = LINE('',#2997,#2998);
#2997 = CARTESIAN_POINT('',(-10.,-0.5,7.));
#2998 = VECTOR('',#2999,1.);
#2999 = DIRECTION('',(-1.,0.,0.));
#3000 = ORIENTED_EDGE('',*,*,#814,.F.);
#3001 = ORIENTED_EDGE('',*,*,#2678,.T.);
#3002 = ORIENTED_EDGE('',*,*,#3003,.F.);
#3003 = EDGE_CURVE('',#2994,#2679,#3004,.T.);
#3004 = LINE('',#3005,#3006);
#3005 = CARTESIAN_POINT('',(-24.64948427334,-0.5,12.7));
#3006 = VECTOR('',#3007,1.);
#3007 = DIRECTION('',(0.,0.,1.));
#3008 = PLANE('',#3009);
#3009 = AXIS2_PLACEMENT_3D('',#3010,#3011,#3012);
#3010 = CARTESIAN_POINT('',(-10.,-0.5,7.));
#3011 = DIRECTION('',(0.,-1.,0.));
#3012 = DIRECTION('',(-1.,0.,0.));
#3013 = ADVANCED_FACE('',(#3014),#3032,.T.);
#3014 = FACE_BOUND('',#3015,.T.);
#3015 = EDGE_LOOP('',(#3016,#3017,#3018,#3026));
#3016 = ORIENTED_EDGE('',*,*,#2993,.F.);
#3017 = ORIENTED_EDGE('',*,*,#806,.F.);
#3018 = ORIENTED_EDGE('',*,*,#3019,.F.);
#3019 = EDGE_CURVE('',#3020,#799,#3022,.T.);
#3020 = VERTEX_POINT('',#3021);
#3021 = CARTESIAN_POINT('',(-24.64948427334,6.8,7.));
#3022 = LINE('',#3023,#3024);
#3023 = CARTESIAN_POINT('',(-40.,6.8,7.));
#3024 = VECTOR('',#3025,1.);
#3025 = DIRECTION('',(1.,0.,0.));
#3026 = ORIENTED_EDGE('',*,*,#3027,.F.);
#3027 = EDGE_CURVE('',#2994,#3020,#3028,.T.);
#3028 = LINE('',#3029,#3030);
#3029 = CARTESIAN_POINT('',(-24.64948427334,9.012162922769,7.));
#3030 = VECTOR('',#3031,1.);
#3031 = DIRECTION('',(0.,1.,0.));
#3032 = PLANE('',#3033);
#3033 = AXIS2_PLACEMENT_3D('',#3034,#3035,#3036);
#3034 = CARTESIAN_POINT('',(-24.99999999999,3.150000000001,7.));
#3035 = DIRECTION('',(0.,0.,1.));
#3036 = DIRECTION('',(1.,0.,0.));
#3037 = ADVANCED_FACE('',(#3038,#3049),#3093,.T.);
#3038 = FACE_BOUND('',#3039,.T.);
#3039 = EDGE_LOOP('',(#3040));
#3040 = ORIENTED_EDGE('',*,*,#3041,.F.);
#3041 = EDGE_CURVE('',#3042,#3042,#3044,.T.);
#3042 = VERTEX_POINT('',#3043);
#3043 = CARTESIAN_POINT('',(-18.90671703151,43.134404060682,38.8));
#3044 = CIRCLE('',#3045,1.975);
#3045 = AXIS2_PLACEMENT_3D('',#3046,#3047,#3048);
#3046 = CARTESIAN_POINT('',(-20.88171703151,43.134404060682,38.8));
#3047 = DIRECTION('',(0.,0.,1.));
#3048 = DIRECTION('',(1.,0.,0.));
#3049 = FACE_BOUND('',#3050,.T.);
#3050 = EDGE_LOOP('',(#3051,#3059,#3067,#3076,#3084,#3090,#3091,#3092));
#3051 = ORIENTED_EDGE('',*,*,#3052,.T.);
#3052 = EDGE_CURVE('',#911,#3053,#3055,.T.);
#3053 = VERTEX_POINT('',#3054);
#3054 = CARTESIAN_POINT('',(-3.149484273346,46.902170724824,38.8));
#3055 = LINE('',#3056,#3057);
#3056 = CARTESIAN_POINT('',(-3.149484273346,38.055689758573,38.8));
#3057 = VECTOR('',#3058,1.);
#3058 = DIRECTION('',(0.,1.,0.));
#3059 = ORIENTED_EDGE('',*,*,#3060,.F.);
#3060 = EDGE_CURVE('',#3061,#3053,#3063,.T.);
#3061 = VERTEX_POINT('',#3062);
#3062 = CARTESIAN_POINT('',(-22.64948427334,46.902170724824,38.8));
#3063 = LINE('',#3064,#3065);
#3064 = CARTESIAN_POINT('',(-22.64948427334,46.902170724824,38.8));
#3065 = VECTOR('',#3066,1.);
#3066 = DIRECTION('',(1.,0.,0.));
#3067 = ORIENTED_EDGE('',*,*,#3068,.T.);
#3068 = EDGE_CURVE('',#3061,#3069,#3071,.T.);
#3069 = VERTEX_POINT('',#3070);
#3070 = CARTESIAN_POINT('',(-24.64948427334,44.902170724824,38.8));
#3071 = CIRCLE('',#3072,2.);
#3072 = AXIS2_PLACEMENT_3D('',#3073,#3074,#3075);
#3073 = CARTESIAN_POINT('',(-22.64948427334,44.902170724824,38.8));
#3074 = DIRECTION('',(0.,0.,1.));
#3075 = DIRECTION('',(1.,0.,0.));
#3076 = ORIENTED_EDGE('',*,*,#3077,.T.);
#3077 = EDGE_CURVE('',#3069,#3078,#3080,.T.);
#3078 = VERTEX_POINT('',#3079);
#3079 = CARTESIAN_POINT('',(-24.64948427334,6.8,38.8));
#3080 = LINE('',#3081,#3082);
#3081 = CARTESIAN_POINT('',(-24.64948427334,44.902170724824,38.8));
#3082 = VECTOR('',#3083,1.);
#3083 = DIRECTION('',(0.,-1.,0.));
#3084 = ORIENTED_EDGE('',*,*,#3085,.T.);
#3085 = EDGE_CURVE('',#3078,#791,#3086,.T.);
#3086 = LINE('',#3087,#3088);
#3087 = CARTESIAN_POINT('',(-17.59467073238,6.8,38.8));
#3088 = VECTOR('',#3089,1.);
#3089 = DIRECTION('',(1.,0.,0.));
#3090 = ORIENTED_EDGE('',*,*,#790,.F.);
#3091 = ORIENTED_EDGE('',*,*,#2975,.T.);
#3092 = ORIENTED_EDGE('',*,*,#910,.T.);
#3093 = PLANE('',#3094);
#3094 = AXIS2_PLACEMENT_3D('',#3095,#3096,#3097);
#3095 = CARTESIAN_POINT('',(-19.7443761965,32.453555961927,38.8));
#3096 = DIRECTION('',(0.,0.,1.));
#3097 = DIRECTION('',(1.,0.,0.));
#3098 = ADVANCED_FACE('',(#3099),#3110,.F.);
#3099 = FACE_BOUND('',#3100,.F.);
#3100 = EDGE_LOOP('',(#3101,#3102,#3108,#3109));
#3101 = ORIENTED_EDGE('',*,*,#3019,.F.);
#3102 = ORIENTED_EDGE('',*,*,#3103,.F.);
#3103 = EDGE_CURVE('',#3078,#3020,#3104,.T.);
#3104 = LINE('',#3105,#3106);
#3105 = CARTESIAN_POINT('',(-24.64948427334,6.8,12.7));
#3106 = VECTOR('',#3107,1.);
#3107 = DIRECTION('',(0.,0.,-1.));
#3108 = ORIENTED_EDGE('',*,*,#3085,.T.);
#3109 = ORIENTED_EDGE('',*,*,#798,.F.);
#3110 = PLANE('',#3111);
#3111 = AXIS2_PLACEMENT_3D('',#3112,#3113,#3114);
#3112 = CARTESIAN_POINT('',(-40.,6.8,7.));
#3113 = DIRECTION('',(0.,1.,0.));
#3114 = DIRECTION('',(1.,0.,0.));
#3115 = ADVANCED_FACE('',(#3116),#3135,.F.);
#3116 = FACE_BOUND('',#3117,.T.);
#3117 = EDGE_LOOP('',(#3118,#3119,#3120,#3121,#3128,#3129));
#3118 = ORIENTED_EDGE('',*,*,#2834,.F.);
#3119 = ORIENTED_EDGE('',*,*,#966,.T.);
#3120 = ORIENTED_EDGE('',*,*,#2761,.T.);
#3121 = ORIENTED_EDGE('',*,*,#3122,.T.);
#3122 = EDGE_CURVE('',#2762,#2788,#3123,.T.);
#3123 = ELLIPSE('',#3124,1.803122292026,1.275);
#3124 = AXIS2_PLACEMENT_3D('',#3125,#3126,#3127);
#3125 = CARTESIAN_POINT('',(30.503035257379,43.134402905311,
    27.037767819513));
#3126 = DIRECTION('',(-0.,0.707106781187,0.707106781187));
#3127 = DIRECTION('',(0.,-0.707106781187,0.707106781187));
#3128 = ORIENTED_EDGE('',*,*,#2787,.T.);
#3129 = ORIENTED_EDGE('',*,*,#3130,.F.);
#3130 = EDGE_CURVE('',#2820,#2780,#3131,.T.);
#3131 = LINE('',#3132,#3133);
#3132 = CARTESIAN_POINT('',(27.270801343799,41.372170724824,28.8));
#3133 = VECTOR('',#3134,1.);
#3134 = DIRECTION('',(1.,-1.42108547152E-15,0.));
#3135 = PLANE('',#3136);
#3136 = AXIS2_PLACEMENT_3D('',#3137,#3138,#3139);
#3137 = CARTESIAN_POINT('',(27.270801343799,43.137170724824,27.035));
#3138 = DIRECTION('',(0.,0.707106781187,0.707106781187));
#3139 = DIRECTION('',(-1.,7.105427357601E-16,-7.105427357601E-16));
#3140 = ADVANCED_FACE('',(#3141),#3152,.F.);
#3141 = FACE_BOUND('',#3142,.F.);
#3142 = EDGE_LOOP('',(#3143,#3144,#3145,#3151));
#3143 = ORIENTED_EDGE('',*,*,#870,.T.);
#3144 = ORIENTED_EDGE('',*,*,#1005,.T.);
#3145 = ORIENTED_EDGE('',*,*,#3146,.F.);
#3146 = EDGE_CURVE('',#1038,#998,#3147,.T.);
#3147 = LINE('',#3148,#3149);
#3148 = CARTESIAN_POINT('',(5.100515726654,46.902170724824,21.5));
#3149 = VECTOR('',#3150,1.);
#3150 = DIRECTION('',(1.,0.,0.));
#3151 = ORIENTED_EDGE('',*,*,#1045,.F.);
#3152 = PLANE('',#3153);
#3153 = AXIS2_PLACEMENT_3D('',#3154,#3155,#3156);
#3154 = CARTESIAN_POINT('',(11.350515726654,42.478930241698,21.5));
#3155 = DIRECTION('',(0.,0.,1.));
#3156 = DIRECTION('',(1.,0.,0.));
#3157 = ADVANCED_FACE('',(#3158),#3176,.F.);
#3158 = FACE_BOUND('',#3159,.F.);
#3159 = EDGE_LOOP('',(#3160,#3161,#3162,#3170));
#3160 = ORIENTED_EDGE('',*,*,#2653,.F.);
#3161 = ORIENTED_EDGE('',*,*,#934,.T.);
#3162 = ORIENTED_EDGE('',*,*,#3163,.T.);
#3163 = EDGE_CURVE('',#927,#3164,#3166,.T.);
#3164 = VERTEX_POINT('',#3165);
#3165 = CARTESIAN_POINT('',(25.850515726654,46.902170724824,32.6));
#3166 = LINE('',#3167,#3168);
#3167 = CARTESIAN_POINT('',(25.850515726654,38.055689758573,32.6));
#3168 = VECTOR('',#3169,1.);
#3169 = DIRECTION('',(0.,1.,0.));
#3170 = ORIENTED_EDGE('',*,*,#3171,.F.);
#3171 = EDGE_CURVE('',#2646,#3164,#3172,.T.);
#3172 = LINE('',#3173,#3174);
#3173 = CARTESIAN_POINT('',(25.850515726654,46.902170724824,38.8));
#3174 = VECTOR('',#3175,1.);
#3175 = DIRECTION('',(-0.,-0.,-1.));
#3176 = PLANE('',#3177);
#3177 = AXIS2_PLACEMENT_3D('',#3178,#3179,#3180);
#3178 = CARTESIAN_POINT('',(25.850515726654,38.055689758573,38.8));
#3179 = DIRECTION('',(1.,0.,0.));
#3180 = DIRECTION('',(0.,1.,0.));
#3181 = ADVANCED_FACE('',(#3182),#3200,.T.);
#3182 = FACE_BOUND('',#3183,.T.);
#3183 = EDGE_LOOP('',(#3184,#3192,#3193,#3194));
#3184 = ORIENTED_EDGE('',*,*,#3185,.F.);
#3185 = EDGE_CURVE('',#919,#3186,#3188,.T.);
#3186 = VERTEX_POINT('',#3187);
#3187 = CARTESIAN_POINT('',(-3.149484273346,46.902170724824,32.6));
#3188 = LINE('',#3189,#3190);
#3189 = CARTESIAN_POINT('',(-3.149484273346,38.055689758573,32.6));
#3190 = VECTOR('',#3191,1.);
#3191 = DIRECTION('',(0.,1.,0.));
#3192 = ORIENTED_EDGE('',*,*,#926,.T.);
#3193 = ORIENTED_EDGE('',*,*,#3163,.T.);
#3194 = ORIENTED_EDGE('',*,*,#3195,.F.);
#3195 = EDGE_CURVE('',#3186,#3164,#3196,.T.);
#3196 = LINE('',#3197,#3198);
#3197 = CARTESIAN_POINT('',(-3.149484273346,46.902170724824,32.6));
#3198 = VECTOR('',#3199,1.);
#3199 = DIRECTION('',(1.,0.,0.));
#3200 = PLANE('',#3201);
#3201 = AXIS2_PLACEMENT_3D('',#3202,#3203,#3204);
#3202 = CARTESIAN_POINT('',(11.350515726654,42.478930241698,32.6));
#3203 = DIRECTION('',(0.,0.,1.));
#3204 = DIRECTION('',(1.,0.,0.));
#3205 = ADVANCED_FACE('',(#3206),#3217,.T.);
#3206 = FACE_BOUND('',#3207,.T.);
#3207 = EDGE_LOOP('',(#3208,#3209,#3210,#3211));
#3208 = ORIENTED_EDGE('',*,*,#3052,.F.);
#3209 = ORIENTED_EDGE('',*,*,#918,.T.);
#3210 = ORIENTED_EDGE('',*,*,#3185,.T.);
#3211 = ORIENTED_EDGE('',*,*,#3212,.F.);
#3212 = EDGE_CURVE('',#3053,#3186,#3213,.T.);
#3213 = LINE('',#3214,#3215);
#3214 = CARTESIAN_POINT('',(-3.149484273346,46.902170724824,38.8));
#3215 = VECTOR('',#3216,1.);
#3216 = DIRECTION('',(-0.,-0.,-1.));
#3217 = PLANE('',#3218);
#3218 = AXIS2_PLACEMENT_3D('',#3219,#3220,#3221);
#3219 = CARTESIAN_POINT('',(-3.149484273346,38.055689758573,38.8));
#3220 = DIRECTION('',(1.,0.,0.));
#3221 = DIRECTION('',(0.,1.,0.));
#3222 = ADVANCED_FACE('',(#3223),#3251,.F.);
#3223 = FACE_BOUND('',#3224,.T.);
#3224 = EDGE_LOOP('',(#3225,#3226,#3227,#3228,#3234,#3235,#3244));
#3225 = ORIENTED_EDGE('',*,*,#2918,.F.);
#3226 = ORIENTED_EDGE('',*,*,#886,.T.);
#3227 = ORIENTED_EDGE('',*,*,#2966,.T.);
#3228 = ORIENTED_EDGE('',*,*,#3229,.F.);
#3229 = EDGE_CURVE('',#2936,#2958,#3230,.T.);
#3230 = LINE('',#3231,#3232);
#3231 = CARTESIAN_POINT('',(-22.64948427334,41.372170724824,28.8));
#3232 = VECTOR('',#3233,1.);
#3233 = DIRECTION('',(1.,0.,0.));
#3234 = ORIENTED_EDGE('',*,*,#2935,.F.);
#3235 = ORIENTED_EDGE('',*,*,#3236,.T.);
#3236 = EDGE_CURVE('',#2927,#3237,#3239,.T.);
#3237 = VERTEX_POINT('',#3238);
#3238 = CARTESIAN_POINT('',(-19.60671703151,43.134404060682,
    27.037766664141));
#3239 = ELLIPSE('',#3240,1.803122292026,1.275);
#3240 = AXIS2_PLACEMENT_3D('',#3241,#3242,#3243);
#3241 = CARTESIAN_POINT('',(-20.88171703151,43.134404060682,
    27.037766664141));
#3242 = DIRECTION('',(-0.,0.707106781187,0.707106781187));
#3243 = DIRECTION('',(0.,-0.707106781187,0.707106781187));
#3244 = ORIENTED_EDGE('',*,*,#3245,.T.);
#3245 = EDGE_CURVE('',#3237,#2919,#3246,.T.);
#3246 = ELLIPSE('',#3247,1.803122292026,1.275);
#3247 = AXIS2_PLACEMENT_3D('',#3248,#3249,#3250);
#3248 = CARTESIAN_POINT('',(-20.88171703151,43.134404060682,
    27.037766664141));
#3249 = DIRECTION('',(-0.,0.707106781187,0.707106781187));
#3250 = DIRECTION('',(0.,-0.707106781187,0.707106781187));
#3251 = PLANE('',#3252);
#3252 = AXIS2_PLACEMENT_3D('',#3253,#3254,#3255);
#3253 = CARTESIAN_POINT('',(-22.64948427334,43.137170724824,27.035));
#3254 = DIRECTION('',(0.,0.707106781187,0.707106781187));
#3255 = DIRECTION('',(-1.,-0.,-0.));
#3256 = ADVANCED_FACE('',(#3257),#3295,.T.);
#3257 = FACE_BOUND('',#3258,.T.);
#3258 = EDGE_LOOP('',(#3259,#3267,#3268,#3269,#3270,#3271,#3272,#3280,
    #3286,#3287,#3288,#3289));
#3259 = ORIENTED_EDGE('',*,*,#3260,.F.);
#3260 = EDGE_CURVE('',#3061,#3261,#3263,.T.);
#3261 = VERTEX_POINT('',#3262);
#3262 = CARTESIAN_POINT('',(-22.64948427334,46.902170724824,-2.));
#3263 = LINE('',#3264,#3265);
#3264 = CARTESIAN_POINT('',(-22.64948427334,46.902170724824,0.));
#3265 = VECTOR('',#3266,1.);
#3266 = DIRECTION('',(-0.,-0.,-1.));
#3267 = ORIENTED_EDGE('',*,*,#3060,.T.);
#3268 = ORIENTED_EDGE('',*,*,#3212,.T.);
#3269 = ORIENTED_EDGE('',*,*,#3195,.T.);
#3270 = ORIENTED_EDGE('',*,*,#3171,.F.);
#3271 = ORIENTED_EDGE('',*,*,#2645,.T.);
#3272 = ORIENTED_EDGE('',*,*,#3273,.F.);
#3273 = EDGE_CURVE('',#3274,#2637,#3276,.T.);
#3274 = VERTEX_POINT('',#3275);
#3275 = CARTESIAN_POINT('',(32.270801343799,46.902170724824,-2.));
#3276 = LINE('',#3277,#3278);
#3277 = CARTESIAN_POINT('',(32.270801343799,46.902170724824,0.));
#3278 = VECTOR('',#3279,1.);
#3279 = DIRECTION('',(0.,0.,1.));
#3280 = ORIENTED_EDGE('',*,*,#3281,.F.);
#3281 = EDGE_CURVE('',#990,#3274,#3282,.T.);
#3282 = LINE('',#3283,#3284);
#3283 = CARTESIAN_POINT('',(-22.64948427334,46.902170724824,-2.));
#3284 = VECTOR('',#3285,1.);
#3285 = DIRECTION('',(1.,0.,0.));
#3286 = ORIENTED_EDGE('',*,*,#997,.F.);
#3287 = ORIENTED_EDGE('',*,*,#3146,.F.);
#3288 = ORIENTED_EDGE('',*,*,#1037,.T.);
#3289 = ORIENTED_EDGE('',*,*,#3290,.F.);
#3290 = EDGE_CURVE('',#3261,#1030,#3291,.T.);
#3291 = LINE('',#3292,#3293);
#3292 = CARTESIAN_POINT('',(-22.64948427334,46.902170724824,-2.));
#3293 = VECTOR('',#3294,1.);
#3294 = DIRECTION('',(1.,0.,0.));
#3295 = PLANE('',#3296);
#3296 = AXIS2_PLACEMENT_3D('',#3297,#3298,#3299);
#3297 = CARTESIAN_POINT('',(4.810658535227,46.902170724824,18.4));
#3298 = DIRECTION('',(0.,1.,0.));
#3299 = DIRECTION('',(0.,0.,1.));
#3300 = ADVANCED_FACE('',(#3301,#3366,#3372,#3378,#3384,#3390,#3396,
    #3402,#3408,#3414,#3420,#3426,#3432,#3438),#3444,.F.);
#3301 = FACE_BOUND('',#3302,.F.);
#3302 = EDGE_LOOP('',(#3303,#3313,#3322,#3330,#3337,#3338,#3339,#3340,
    #3341,#3342,#3351,#3359));
#3303 = ORIENTED_EDGE('',*,*,#3304,.F.);
#3304 = EDGE_CURVE('',#3305,#3307,#3309,.T.);
#3305 = VERTEX_POINT('',#3306);
#3306 = CARTESIAN_POINT('',(32.270801343799,-17.15351903374,-2.));
#3307 = VERTEX_POINT('',#3308);
#3308 = CARTESIAN_POINT('',(-22.64948427334,-17.15351903374,-2.));
#3309 = LINE('',#3310,#3311);
#3310 = CARTESIAN_POINT('',(32.270801343799,-17.15351903374,-2.));
#3311 = VECTOR('',#3312,1.);
#3312 = DIRECTION('',(-1.,0.,0.));
#3313 = ORIENTED_EDGE('',*,*,#3314,.T.);
#3314 = EDGE_CURVE('',#3305,#3315,#3317,.T.);
#3315 = VERTEX_POINT('',#3316);
#3316 = CARTESIAN_POINT('',(34.270801343799,-15.15351903374,-2.));
#3317 = CIRCLE('',#3318,2.);
#3318 = AXIS2_PLACEMENT_3D('',#3319,#3320,#3321);
#3319 = CARTESIAN_POINT('',(32.270801343799,-15.15351903374,-2.));
#3320 = DIRECTION('',(0.,0.,1.));
#3321 = DIRECTION('',(-1.,-1.224646799147E-16,0.));
#3322 = ORIENTED_EDGE('',*,*,#3323,.T.);
#3323 = EDGE_CURVE('',#3315,#3324,#3326,.T.);
#3324 = VERTEX_POINT('',#3325);
#3325 = CARTESIAN_POINT('',(34.270801343799,44.902170724824,-2.));
#3326 = LINE('',#3327,#3328);
#3327 = CARTESIAN_POINT('',(34.270801343799,-15.15351903374,-2.));
#3328 = VECTOR('',#3329,1.);
#3329 = DIRECTION('',(1.183139746819E-16,1.,0.));
#3330 = ORIENTED_EDGE('',*,*,#3331,.T.);
#3331 = EDGE_CURVE('',#3324,#3274,#3332,.T.);
#3332 = CIRCLE('',#3333,2.);
#3333 = AXIS2_PLACEMENT_3D('',#3334,#3335,#3336);
#3334 = CARTESIAN_POINT('',(32.270801343799,44.902170724824,-2.));
#3335 = DIRECTION('',(-0.,0.,1.));
#3336 = DIRECTION('',(1.110223024625E-16,-1.,0.));
#3337 = ORIENTED_EDGE('',*,*,#3281,.F.);
#3338 = ORIENTED_EDGE('',*,*,#989,.F.);
#3339 = ORIENTED_EDGE('',*,*,#1063,.F.);
#3340 = ORIENTED_EDGE('',*,*,#1029,.T.);
#3341 = ORIENTED_EDGE('',*,*,#3290,.F.);
#3342 = ORIENTED_EDGE('',*,*,#3343,.T.);
#3343 = EDGE_CURVE('',#3261,#3344,#3346,.T.);
#3344 = VERTEX_POINT('',#3345);
#3345 = CARTESIAN_POINT('',(-24.64948427334,44.902170724824,-2.));
#3346 = CIRCLE('',#3347,2.);
#3347 = AXIS2_PLACEMENT_3D('',#3348,#3349,#3350);
#3348 = CARTESIAN_POINT('',(-22.64948427334,44.902170724824,-2.));
#3349 = DIRECTION('',(0.,0.,1.));
#3350 = DIRECTION('',(1.,0.,0.));
#3351 = ORIENTED_EDGE('',*,*,#3352,.T.);
#3352 = EDGE_CURVE('',#3344,#3353,#3355,.T.);
#3353 = VERTEX_POINT('',#3354);
#3354 = CARTESIAN_POINT('',(-24.64948427334,-15.15351903374,-2.));
#3355 = LINE('',#3356,#3357);
#3356 = CARTESIAN_POINT('',(-24.64948427334,44.902170724824,-2.));
#3357 = VECTOR('',#3358,1.);
#3358 = DIRECTION('',(0.,-1.,0.));
#3359 = ORIENTED_EDGE('',*,*,#3360,.T.);
#3360 = EDGE_CURVE('',#3353,#3307,#3361,.T.);
#3361 = CIRCLE('',#3362,2.);
#3362 = AXIS2_PLACEMENT_3D('',#3363,#3364,#3365);
#3363 = CARTESIAN_POINT('',(-22.64948427334,-15.15351903374,-2.));
#3364 = DIRECTION('',(0.,-0.,1.));
#3365 = DIRECTION('',(1.110223024625E-16,1.,0.));
#3366 = FACE_BOUND('',#3367,.F.);
#3367 = EDGE_LOOP('',(#3368,#3369,#3370,#3371));
#3368 = ORIENTED_EDGE('',*,*,#1086,.F.);
#3369 = ORIENTED_EDGE('',*,*,#1160,.F.);
#3370 = ORIENTED_EDGE('',*,*,#1135,.F.);
#3371 = ORIENTED_EDGE('',*,*,#1111,.T.);
#3372 = FACE_BOUND('',#3373,.F.);
#3373 = EDGE_LOOP('',(#3374,#3375,#3376,#3377));
#3374 = ORIENTED_EDGE('',*,*,#1184,.F.);
#3375 = ORIENTED_EDGE('',*,*,#1258,.F.);
#3376 = ORIENTED_EDGE('',*,*,#1233,.F.);
#3377 = ORIENTED_EDGE('',*,*,#1209,.T.);
#3378 = FACE_BOUND('',#3379,.F.);
#3379 = EDGE_LOOP('',(#3380,#3381,#3382,#3383));
#3380 = ORIENTED_EDGE('',*,*,#1308,.F.);
#3381 = ORIENTED_EDGE('',*,*,#1382,.F.);
#3382 = ORIENTED_EDGE('',*,*,#1357,.F.);
#3383 = ORIENTED_EDGE('',*,*,#1333,.T.);
#3384 = FACE_BOUND('',#3385,.F.);
#3385 = EDGE_LOOP('',(#3386,#3387,#3388,#3389));
#3386 = ORIENTED_EDGE('',*,*,#1406,.F.);
#3387 = ORIENTED_EDGE('',*,*,#1480,.F.);
#3388 = ORIENTED_EDGE('',*,*,#1455,.F.);
#3389 = ORIENTED_EDGE('',*,*,#1431,.T.);
#3390 = FACE_BOUND('',#3391,.F.);
#3391 = EDGE_LOOP('',(#3392,#3393,#3394,#3395));
#3392 = ORIENTED_EDGE('',*,*,#1504,.F.);
#3393 = ORIENTED_EDGE('',*,*,#1578,.F.);
#3394 = ORIENTED_EDGE('',*,*,#1553,.F.);
#3395 = ORIENTED_EDGE('',*,*,#1529,.T.);
#3396 = FACE_BOUND('',#3397,.F.);
#3397 = EDGE_LOOP('',(#3398,#3399,#3400,#3401));
#3398 = ORIENTED_EDGE('',*,*,#1628,.F.);
#3399 = ORIENTED_EDGE('',*,*,#1702,.F.);
#3400 = ORIENTED_EDGE('',*,*,#1677,.F.);
#3401 = ORIENTED_EDGE('',*,*,#1653,.T.);
#3402 = FACE_BOUND('',#3403,.F.);
#3403 = EDGE_LOOP('',(#3404,#3405,#3406,#3407));
#3404 = ORIENTED_EDGE('',*,*,#1726,.F.);
#3405 = ORIENTED_EDGE('',*,*,#1800,.F.);
#3406 = ORIENTED_EDGE('',*,*,#1775,.F.);
#3407 = ORIENTED_EDGE('',*,*,#1751,.T.);
#3408 = FACE_BOUND('',#3409,.F.);
#3409 = EDGE_LOOP('',(#3410,#3411,#3412,#3413));
#3410 = ORIENTED_EDGE('',*,*,#1824,.F.);
#3411 = ORIENTED_EDGE('',*,*,#1898,.F.);
#3412 = ORIENTED_EDGE('',*,*,#1873,.F.);
#3413 = ORIENTED_EDGE('',*,*,#1849,.T.);
#3414 = FACE_BOUND('',#3415,.F.);
#3415 = EDGE_LOOP('',(#3416,#3417,#3418,#3419));
#3416 = ORIENTED_EDGE('',*,*,#1922,.F.);
#3417 = ORIENTED_EDGE('',*,*,#1996,.F.);
#3418 = ORIENTED_EDGE('',*,*,#1971,.F.);
#3419 = ORIENTED_EDGE('',*,*,#1947,.T.);
#3420 = FACE_BOUND('',#3421,.F.);
#3421 = EDGE_LOOP('',(#3422,#3423,#3424,#3425));
#3422 = ORIENTED_EDGE('',*,*,#2020,.F.);
#3423 = ORIENTED_EDGE('',*,*,#2094,.F.);
#3424 = ORIENTED_EDGE('',*,*,#2069,.F.);
#3425 = ORIENTED_EDGE('',*,*,#2045,.T.);
#3426 = FACE_BOUND('',#3427,.F.);
#3427 = EDGE_LOOP('',(#3428,#3429,#3430,#3431));
#3428 = ORIENTED_EDGE('',*,*,#2118,.F.);
#3429 = ORIENTED_EDGE('',*,*,#2192,.F.);
#3430 = ORIENTED_EDGE('',*,*,#2167,.F.);
#3431 = ORIENTED_EDGE('',*,*,#2143,.T.);
#3432 = FACE_BOUND('',#3433,.F.);
#3433 = EDGE_LOOP('',(#3434,#3435,#3436,#3437));
#3434 = ORIENTED_EDGE('',*,*,#2216,.F.);
#3435 = ORIENTED_EDGE('',*,*,#2290,.F.);
#3436 = ORIENTED_EDGE('',*,*,#2265,.F.);
#3437 = ORIENTED_EDGE('',*,*,#2241,.T.);
#3438 = FACE_BOUND('',#3439,.F.);
#3439 = EDGE_LOOP('',(#3440,#3441,#3442,#3443));
#3440 = ORIENTED_EDGE('',*,*,#2340,.F.);
#3441 = ORIENTED_EDGE('',*,*,#2414,.F.);
#3442 = ORIENTED_EDGE('',*,*,#2389,.F.);
#3443 = ORIENTED_EDGE('',*,*,#2365,.T.);
#3444 = PLANE('',#3445);
#3445 = AXIS2_PLACEMENT_3D('',#3446,#3447,#3448);
#3446 = CARTESIAN_POINT('',(4.810658535227,14.874325845537,-2.));
#3447 = DIRECTION('',(0.,0.,1.));
#3448 = DIRECTION('',(1.,0.,0.));
#3449 = ADVANCED_FACE('',(#3450),#3469,.T.);
#3450 = FACE_BOUND('',#3451,.F.);
#3451 = EDGE_LOOP('',(#3452,#3460,#3467,#3468));
#3452 = ORIENTED_EDGE('',*,*,#3453,.T.);
#3453 = EDGE_CURVE('',#1274,#3454,#3456,.T.);
#3454 = VERTEX_POINT('',#3455);
#3455 = CARTESIAN_POINT('',(3.,0.,7.3));
#3456 = LINE('',#3457,#3458);
#3457 = CARTESIAN_POINT('',(3.,0.,0.));
#3458 = VECTOR('',#3459,1.);
#3459 = DIRECTION('',(0.,0.,1.));
#3460 = ORIENTED_EDGE('',*,*,#3461,.T.);
#3461 = EDGE_CURVE('',#3454,#3454,#3462,.T.);
#3462 = CIRCLE('',#3463,3.);
#3463 = AXIS2_PLACEMENT_3D('',#3464,#3465,#3466);
#3464 = CARTESIAN_POINT('',(0.,0.,7.3));
#3465 = DIRECTION('',(0.,0.,1.));
#3466 = DIRECTION('',(1.,0.,0.));
#3467 = ORIENTED_EDGE('',*,*,#3453,.F.);
#3468 = ORIENTED_EDGE('',*,*,#1284,.F.);
#3469 = CYLINDRICAL_SURFACE('',#3470,3.);
#3470 = AXIS2_PLACEMENT_3D('',#3471,#3472,#3473);
#3471 = CARTESIAN_POINT('',(0.,0.,0.));
#3472 = DIRECTION('',(-0.,-0.,-1.));
#3473 = DIRECTION('',(1.,0.,0.));
#3474 = ADVANCED_FACE('',(#3475),#3494,.T.);
#3475 = FACE_BOUND('',#3476,.F.);
#3476 = EDGE_LOOP('',(#3477,#3485,#3492,#3493));
#3477 = ORIENTED_EDGE('',*,*,#3478,.T.);
#3478 = EDGE_CURVE('',#1594,#3479,#3481,.T.);
#3479 = VERTEX_POINT('',#3480);
#3480 = CARTESIAN_POINT('',(25.770801343799,-1.153519033749,7.3));
#3481 = LINE('',#3482,#3483);
#3482 = CARTESIAN_POINT('',(25.770801343799,-1.153519033749,0.));
#3483 = VECTOR('',#3484,1.);
#3484 = DIRECTION('',(0.,0.,1.));
#3485 = ORIENTED_EDGE('',*,*,#3486,.T.);
#3486 = EDGE_CURVE('',#3479,#3479,#3487,.T.);
#3487 = CIRCLE('',#3488,3.);
#3488 = AXIS2_PLACEMENT_3D('',#3489,#3490,#3491);
#3489 = CARTESIAN_POINT('',(22.770801343799,-1.153519033749,7.3));
#3490 = DIRECTION('',(-0.,0.,1.));
#3491 = DIRECTION('',(1.,-5.921189464668E-16,0.));
#3492 = ORIENTED_EDGE('',*,*,#3478,.F.);
#3493 = ORIENTED_EDGE('',*,*,#1604,.F.);
#3494 = CYLINDRICAL_SURFACE('',#3495,3.);
#3495 = AXIS2_PLACEMENT_3D('',#3496,#3497,#3498);
#3496 = CARTESIAN_POINT('',(22.770801343799,-1.153519033749,0.));
#3497 = DIRECTION('',(-0.,-0.,-1.));
#3498 = DIRECTION('',(1.,0.,0.));
#3499 = ADVANCED_FACE('',(#3500),#3519,.T.);
#3500 = FACE_BOUND('',#3501,.F.);
#3501 = EDGE_LOOP('',(#3502,#3510,#3517,#3518));
#3502 = ORIENTED_EDGE('',*,*,#3503,.T.);
#3503 = EDGE_CURVE('',#2306,#3504,#3506,.T.);
#3504 = VERTEX_POINT('',#3505);
#3505 = CARTESIAN_POINT('',(4.750515726654,34.555689758573,7.3));
#3506 = LINE('',#3507,#3508);
#3507 = CARTESIAN_POINT('',(4.750515726654,34.555689758573,0.));
#3508 = VECTOR('',#3509,1.);
#3509 = DIRECTION('',(0.,0.,1.));
#3510 = ORIENTED_EDGE('',*,*,#3511,.T.);
#3511 = EDGE_CURVE('',#3504,#3504,#3512,.T.);
#3512 = CIRCLE('',#3513,3.);
#3513 = AXIS2_PLACEMENT_3D('',#3514,#3515,#3516);
#3514 = CARTESIAN_POINT('',(1.750515726654,34.555689758573,7.3));
#3515 = DIRECTION('',(0.,0.,1.));
#3516 = DIRECTION('',(1.,0.,0.));
#3517 = ORIENTED_EDGE('',*,*,#3503,.F.);
#3518 = ORIENTED_EDGE('',*,*,#2316,.F.);
#3519 = CYLINDRICAL_SURFACE('',#3520,3.);
#3520 = AXIS2_PLACEMENT_3D('',#3521,#3522,#3523);
#3521 = CARTESIAN_POINT('',(1.750515726654,34.555689758573,0.));
#3522 = DIRECTION('',(-0.,-0.,-1.));
#3523 = DIRECTION('',(1.,0.,0.));
#3524 = ADVANCED_FACE('',(#3525),#3544,.T.);
#3525 = FACE_BOUND('',#3526,.F.);
#3526 = EDGE_LOOP('',(#3527,#3535,#3542,#3543));
#3527 = ORIENTED_EDGE('',*,*,#3528,.T.);
#3528 = EDGE_CURVE('',#2430,#3529,#3531,.T.);
#3529 = VERTEX_POINT('',#3530);
#3530 = CARTESIAN_POINT('',(27.521317070454,33.402170724824,7.3));
#3531 = LINE('',#3532,#3533);
#3532 = CARTESIAN_POINT('',(27.521317070454,33.402170724824,0.));
#3533 = VECTOR('',#3534,1.);
#3534 = DIRECTION('',(0.,0.,1.));
#3535 = ORIENTED_EDGE('',*,*,#3536,.T.);
#3536 = EDGE_CURVE('',#3529,#3529,#3537,.T.);
#3537 = CIRCLE('',#3538,3.);
#3538 = AXIS2_PLACEMENT_3D('',#3539,#3540,#3541);
#3539 = CARTESIAN_POINT('',(24.521317070454,33.402170724824,7.3));
#3540 = DIRECTION('',(0.,0.,1.));
#3541 = DIRECTION('',(1.,0.,0.));
#3542 = ORIENTED_EDGE('',*,*,#3528,.F.);
#3543 = ORIENTED_EDGE('',*,*,#2440,.F.);
#3544 = CYLINDRICAL_SURFACE('',#3545,3.);
#3545 = AXIS2_PLACEMENT_3D('',#3546,#3547,#3548);
#3546 = CARTESIAN_POINT('',(24.521317070454,33.402170724824,0.));
#3547 = DIRECTION('',(-0.,-0.,-1.));
#3548 = DIRECTION('',(1.,0.,0.));
#3549 = ADVANCED_FACE('',(#3550),#3571,.F.);
#3550 = FACE_BOUND('',#3551,.F.);
#3551 = EDGE_LOOP('',(#3552,#3560,#3567,#3568,#3569,#3570));
#3552 = ORIENTED_EDGE('',*,*,#3553,.F.);
#3553 = EDGE_CURVE('',#3554,#2490,#3556,.T.);
#3554 = VERTEX_POINT('',#3555);
#3555 = CARTESIAN_POINT('',(-19.60671703147,-13.38575236957,38.1));
#3556 = LINE('',#3557,#3558);
#3557 = CARTESIAN_POINT('',(-19.60671703147,-13.38575236957,38.8));
#3558 = VECTOR('',#3559,1.);
#3559 = DIRECTION('',(-0.,-0.,-1.));
#3560 = ORIENTED_EDGE('',*,*,#3561,.F.);
#3561 = EDGE_CURVE('',#3554,#3554,#3562,.T.);
#3562 = CIRCLE('',#3563,1.275);
#3563 = AXIS2_PLACEMENT_3D('',#3564,#3565,#3566);
#3564 = CARTESIAN_POINT('',(-20.88171703147,-13.38575236957,38.1));
#3565 = DIRECTION('',(0.,0.,1.));
#3566 = DIRECTION('',(1.,0.,0.));
#3567 = ORIENTED_EDGE('',*,*,#3553,.T.);
#3568 = ORIENTED_EDGE('',*,*,#2489,.T.);
#3569 = ORIENTED_EDGE('',*,*,#2893,.F.);
#3570 = ORIENTED_EDGE('',*,*,#2498,.T.);
#3571 = CYLINDRICAL_SURFACE('',#3572,1.275);
#3572 = AXIS2_PLACEMENT_3D('',#3573,#3574,#3575);
#3573 = CARTESIAN_POINT('',(-20.88171703147,-13.38575236957,38.8));
#3574 = DIRECTION('',(0.,0.,1.));
#3575 = DIRECTION('',(1.,0.,0.));
#3576 = ADVANCED_FACE('',(#3577),#3582,.F.);
#3577 = FACE_BOUND('',#3578,.F.);
#3578 = EDGE_LOOP('',(#3579,#3580,#3581));
#3579 = ORIENTED_EDGE('',*,*,#2513,.T.);
#3580 = ORIENTED_EDGE('',*,*,#2886,.F.);
#3581 = ORIENTED_EDGE('',*,*,#2473,.T.);
#3582 = PLANE('',#3583);
#3583 = AXIS2_PLACEMENT_3D('',#3584,#3585,#3586);
#3584 = CARTESIAN_POINT('',(4.810658535227,14.874325845537,28.8));
#3585 = DIRECTION('',(0.,0.,1.));
#3586 = DIRECTION('',(1.,0.,0.));
#3587 = ADVANCED_FACE('',(#3588),#3593,.F.);
#3588 = FACE_BOUND('',#3589,.F.);
#3589 = EDGE_LOOP('',(#3590,#3591,#3592));
#3590 = ORIENTED_EDGE('',*,*,#2731,.T.);
#3591 = ORIENTED_EDGE('',*,*,#2584,.T.);
#3592 = ORIENTED_EDGE('',*,*,#2852,.T.);
#3593 = PLANE('',#3594);
#3594 = AXIS2_PLACEMENT_3D('',#3595,#3596,#3597);
#3595 = CARTESIAN_POINT('',(4.810658535227,14.874325845537,28.8));
#3596 = DIRECTION('',(0.,0.,1.));
#3597 = DIRECTION('',(1.,0.,0.));
#3598 = ADVANCED_FACE('',(#3599),#3620,.F.);
#3599 = FACE_BOUND('',#3600,.F.);
#3600 = EDGE_LOOP('',(#3601,#3609,#3616,#3617,#3618,#3619));
#3601 = ORIENTED_EDGE('',*,*,#3602,.F.);
#3602 = EDGE_CURVE('',#3603,#2860,#3605,.T.);
#3603 = VERTEX_POINT('',#3604);
#3604 = CARTESIAN_POINT('',(31.778035257379,-13.38575121423,38.1));
#3605 = LINE('',#3606,#3607);
#3606 = CARTESIAN_POINT('',(31.778035257379,-13.38575121423,38.8));
#3607 = VECTOR('',#3608,1.);
#3608 = DIRECTION('',(-0.,-0.,-1.));
#3609 = ORIENTED_EDGE('',*,*,#3610,.F.);
#3610 = EDGE_CURVE('',#3603,#3603,#3611,.T.);
#3611 = CIRCLE('',#3612,1.275);
#3612 = AXIS2_PLACEMENT_3D('',#3613,#3614,#3615);
#3613 = CARTESIAN_POINT('',(30.503035257379,-13.38575121423,38.1));
#3614 = DIRECTION('',(0.,0.,1.));
#3615 = DIRECTION('',(1.,0.,0.));
#3616 = ORIENTED_EDGE('',*,*,#3602,.T.);
#3617 = ORIENTED_EDGE('',*,*,#2859,.F.);
#3618 = ORIENTED_EDGE('',*,*,#2567,.T.);
#3619 = ORIENTED_EDGE('',*,*,#2868,.F.);
#3620 = CYLINDRICAL_SURFACE('',#3621,1.275);
#3621 = AXIS2_PLACEMENT_3D('',#3622,#3623,#3624);
#3622 = CARTESIAN_POINT('',(30.503035257379,-13.38575121423,38.8));
#3623 = DIRECTION('',(0.,0.,1.));
#3624 = DIRECTION('',(1.,0.,0.));
#3625 = ADVANCED_FACE('',(#3626),#3646,.T.);
#3626 = FACE_BOUND('',#3627,.T.);
#3627 = EDGE_LOOP('',(#3628,#3637,#3638,#3639));
#3628 = ORIENTED_EDGE('',*,*,#3629,.F.);
#3629 = EDGE_CURVE('',#2599,#3630,#3632,.T.);
#3630 = VERTEX_POINT('',#3631);
#3631 = CARTESIAN_POINT('',(31.778035257379,43.134402905311,38.1));
#3632 = CIRCLE('',#3633,0.7);
#3633 = AXIS2_PLACEMENT_3D('',#3634,#3635,#3636);
#3634 = CARTESIAN_POINT('',(32.478035257379,43.134402905311,38.1));
#3635 = DIRECTION('',(0.,-1.,0.));
#3636 = DIRECTION('',(1.,0.,0.));
#3637 = ORIENTED_EDGE('',*,*,#2598,.T.);
#3638 = ORIENTED_EDGE('',*,*,#3629,.T.);
#3639 = ORIENTED_EDGE('',*,*,#3640,.F.);
#3640 = EDGE_CURVE('',#3630,#3630,#3641,.T.);
#3641 = CIRCLE('',#3642,1.275);
#3642 = AXIS2_PLACEMENT_3D('',#3643,#3644,#3645);
#3643 = CARTESIAN_POINT('',(30.503035257379,43.134402905311,38.1));
#3644 = DIRECTION('',(0.,0.,1.));
#3645 = DIRECTION('',(1.,0.,0.));
#3646 = TOROIDAL_SURFACE('',#3647,1.975,0.7);
#3647 = AXIS2_PLACEMENT_3D('',#3648,#3649,#3650);
#3648 = CARTESIAN_POINT('',(30.503035257379,43.134402905311,38.1));
#3649 = DIRECTION('',(0.,0.,1.));
#3650 = DIRECTION('',(1.,0.,0.));
#3651 = ADVANCED_FACE('',(#3652),#3668,.T.);
#3652 = FACE_BOUND('',#3653,.T.);
#3653 = EDGE_LOOP('',(#3654,#3660,#3661,#3667));
#3654 = ORIENTED_EDGE('',*,*,#3655,.F.);
#3655 = EDGE_CURVE('',#2610,#3305,#3656,.T.);
#3656 = LINE('',#3657,#3658);
#3657 = CARTESIAN_POINT('',(32.270801343799,-17.15351903374,0.));
#3658 = VECTOR('',#3659,1.);
#3659 = DIRECTION('',(-0.,-0.,-1.));
#3660 = ORIENTED_EDGE('',*,*,#2609,.T.);
#3661 = ORIENTED_EDGE('',*,*,#3662,.F.);
#3662 = EDGE_CURVE('',#3307,#2612,#3663,.T.);
#3663 = LINE('',#3664,#3665);
#3664 = CARTESIAN_POINT('',(-22.64948427334,-17.15351903374,0.));
#3665 = VECTOR('',#3666,1.);
#3666 = DIRECTION('',(0.,0.,1.));
#3667 = ORIENTED_EDGE('',*,*,#3304,.F.);
#3668 = PLANE('',#3669);
#3669 = AXIS2_PLACEMENT_3D('',#3670,#3671,#3672);
#3670 = CARTESIAN_POINT('',(4.810658535227,-17.15351903374,18.4));
#3671 = DIRECTION('',(-0.,-1.,-0.));
#3672 = DIRECTION('',(0.,0.,-1.));
#3673 = ADVANCED_FACE('',(#3674),#3685,.T.);
#3674 = FACE_BOUND('',#3675,.T.);
#3675 = EDGE_LOOP('',(#3676,#3677,#3678,#3679));
#3676 = ORIENTED_EDGE('',*,*,#2619,.F.);
#3677 = ORIENTED_EDGE('',*,*,#3655,.T.);
#3678 = ORIENTED_EDGE('',*,*,#3314,.T.);
#3679 = ORIENTED_EDGE('',*,*,#3680,.T.);
#3680 = EDGE_CURVE('',#3315,#2620,#3681,.T.);
#3681 = LINE('',#3682,#3683);
#3682 = CARTESIAN_POINT('',(34.270801343799,-15.15351903374,0.));
#3683 = VECTOR('',#3684,1.);
#3684 = DIRECTION('',(0.,0.,1.));
#3685 = CYLINDRICAL_SURFACE('',#3686,2.);
#3686 = AXIS2_PLACEMENT_3D('',#3687,#3688,#3689);
#3687 = CARTESIAN_POINT('',(32.270801343799,-15.15351903374,0.));
#3688 = DIRECTION('',(0.,0.,1.));
#3689 = DIRECTION('',(-1.,-1.224646799147E-16,0.));
#3690 = ADVANCED_FACE('',(#3691),#3702,.T.);
#3691 = FACE_BOUND('',#3692,.T.);
#3692 = EDGE_LOOP('',(#3693,#3694,#3700,#3701));
#3693 = ORIENTED_EDGE('',*,*,#2694,.F.);
#3694 = ORIENTED_EDGE('',*,*,#3695,.T.);
#3695 = EDGE_CURVE('',#2687,#3353,#3696,.T.);
#3696 = LINE('',#3697,#3698);
#3697 = CARTESIAN_POINT('',(-24.64948427334,-15.15351903374,0.));
#3698 = VECTOR('',#3699,1.);
#3699 = DIRECTION('',(-0.,-0.,-1.));
#3700 = ORIENTED_EDGE('',*,*,#3360,.T.);
#3701 = ORIENTED_EDGE('',*,*,#3662,.T.);
#3702 = CYLINDRICAL_SURFACE('',#3703,2.);
#3703 = AXIS2_PLACEMENT_3D('',#3704,#3705,#3706);
#3704 = CARTESIAN_POINT('',(-22.64948427334,-15.15351903374,0.));
#3705 = DIRECTION('',(0.,0.,1.));
#3706 = DIRECTION('',(1.110223024625E-16,1.,0.));
#3707 = ADVANCED_FACE('',(#3708),#3719,.T.);
#3708 = FACE_BOUND('',#3709,.T.);
#3709 = EDGE_LOOP('',(#3710,#3711,#3717,#3718));
#3710 = ORIENTED_EDGE('',*,*,#3323,.T.);
#3711 = ORIENTED_EDGE('',*,*,#3712,.F.);
#3712 = EDGE_CURVE('',#2629,#3324,#3713,.T.);
#3713 = LINE('',#3714,#3715);
#3714 = CARTESIAN_POINT('',(34.270801343799,44.902170724824,0.));
#3715 = VECTOR('',#3716,1.);
#3716 = DIRECTION('',(-0.,-0.,-1.));
#3717 = ORIENTED_EDGE('',*,*,#2628,.F.);
#3718 = ORIENTED_EDGE('',*,*,#3680,.F.);
#3719 = PLANE('',#3720);
#3720 = AXIS2_PLACEMENT_3D('',#3721,#3722,#3723);
#3721 = CARTESIAN_POINT('',(34.270801343799,14.874325845537,18.4));
#3722 = DIRECTION('',(1.,0.,0.));
#3723 = DIRECTION('',(0.,0.,1.));
#3724 = ADVANCED_FACE('',(#3725),#3740,.T.);
#3725 = FACE_BOUND('',#3726,.T.);
#3726 = EDGE_LOOP('',(#3727,#3733,#3734,#3735,#3736,#3737,#3738,#3739));
#3727 = ORIENTED_EDGE('',*,*,#3728,.F.);
#3728 = EDGE_CURVE('',#3344,#3069,#3729,.T.);
#3729 = LINE('',#3730,#3731);
#3730 = CARTESIAN_POINT('',(-24.64948427334,44.902170724824,0.));
#3731 = VECTOR('',#3732,1.);
#3732 = DIRECTION('',(0.,0.,1.));
#3733 = ORIENTED_EDGE('',*,*,#3352,.T.);
#3734 = ORIENTED_EDGE('',*,*,#3695,.F.);
#3735 = ORIENTED_EDGE('',*,*,#2686,.F.);
#3736 = ORIENTED_EDGE('',*,*,#3003,.F.);
#3737 = ORIENTED_EDGE('',*,*,#3027,.T.);
#3738 = ORIENTED_EDGE('',*,*,#3103,.F.);
#3739 = ORIENTED_EDGE('',*,*,#3077,.F.);
#3740 = PLANE('',#3741);
#3741 = AXIS2_PLACEMENT_3D('',#3742,#3743,#3744);
#3742 = CARTESIAN_POINT('',(-24.64948427334,14.874325845537,18.4));
#3743 = DIRECTION('',(-1.,-0.,-0.));
#3744 = DIRECTION('',(0.,0.,-1.));
#3745 = ADVANCED_FACE('',(#3746),#3752,.T.);
#3746 = FACE_BOUND('',#3747,.T.);
#3747 = EDGE_LOOP('',(#3748,#3749,#3750,#3751));
#3748 = ORIENTED_EDGE('',*,*,#2636,.F.);
#3749 = ORIENTED_EDGE('',*,*,#3712,.T.);
#3750 = ORIENTED_EDGE('',*,*,#3331,.T.);
#3751 = ORIENTED_EDGE('',*,*,#3273,.T.);
#3752 = CYLINDRICAL_SURFACE('',#3753,2.);
#3753 = AXIS2_PLACEMENT_3D('',#3754,#3755,#3756);
#3754 = CARTESIAN_POINT('',(32.270801343799,44.902170724824,0.));
#3755 = DIRECTION('',(0.,0.,1.));
#3756 = DIRECTION('',(1.110223024625E-16,-1.,0.));
#3757 = ADVANCED_FACE('',(#3758),#3770,.T.);
#3758 = FACE_BOUND('',#3759,.T.);
#3759 = EDGE_LOOP('',(#3760,#3767,#3768,#3769));
#3760 = ORIENTED_EDGE('',*,*,#3761,.F.);
#3761 = EDGE_CURVE('',#2704,#3554,#3762,.T.);
#3762 = CIRCLE('',#3763,0.7);
#3763 = AXIS2_PLACEMENT_3D('',#3764,#3765,#3766);
#3764 = CARTESIAN_POINT('',(-18.90671703147,-13.38575236957,38.1));
#3765 = DIRECTION('',(0.,-1.,0.));
#3766 = DIRECTION('',(1.,0.,0.));
#3767 = ORIENTED_EDGE('',*,*,#2703,.T.);
#3768 = ORIENTED_EDGE('',*,*,#3761,.T.);
#3769 = ORIENTED_EDGE('',*,*,#3561,.F.);
#3770 = TOROIDAL_SURFACE('',#3771,1.975,0.7);
#3771 = AXIS2_PLACEMENT_3D('',#3772,#3773,#3774);
#3772 = CARTESIAN_POINT('',(-20.88171703147,-13.38575236957,38.1));
#3773 = DIRECTION('',(0.,0.,1.));
#3774 = DIRECTION('',(1.,0.,0.));
#3775 = ADVANCED_FACE('',(#3776),#3788,.T.);
#3776 = FACE_BOUND('',#3777,.T.);
#3777 = EDGE_LOOP('',(#3778,#3785,#3786,#3787));
#3778 = ORIENTED_EDGE('',*,*,#3779,.F.);
#3779 = EDGE_CURVE('',#2715,#3603,#3780,.T.);
#3780 = CIRCLE('',#3781,0.7);
#3781 = AXIS2_PLACEMENT_3D('',#3782,#3783,#3784);
#3782 = CARTESIAN_POINT('',(32.478035257379,-13.38575121423,38.1));
#3783 = DIRECTION('',(0.,-1.,0.));
#3784 = DIRECTION('',(1.,0.,0.));
#3785 = ORIENTED_EDGE('',*,*,#2714,.T.);
#3786 = ORIENTED_EDGE('',*,*,#3779,.T.);
#3787 = ORIENTED_EDGE('',*,*,#3610,.F.);
#3788 = TOROIDAL_SURFACE('',#3789,1.975,0.7);
#3789 = AXIS2_PLACEMENT_3D('',#3790,#3791,#3792);
#3790 = CARTESIAN_POINT('',(30.503035257379,-13.38575121423,38.1));
#3791 = DIRECTION('',(0.,0.,1.));
#3792 = DIRECTION('',(1.,0.,0.));
#3793 = ADVANCED_FACE('',(#3794),#3807,.F.);
#3794 = FACE_BOUND('',#3795,.F.);
#3795 = EDGE_LOOP('',(#3796,#3802,#3803,#3804,#3805,#3806));
#3796 = ORIENTED_EDGE('',*,*,#3797,.F.);
#3797 = EDGE_CURVE('',#3630,#2796,#3798,.T.);
#3798 = LINE('',#3799,#3800);
#3799 = CARTESIAN_POINT('',(31.778035257379,43.134402905311,38.8));
#3800 = VECTOR('',#3801,1.);
#3801 = DIRECTION('',(-0.,-0.,-1.));
#3802 = ORIENTED_EDGE('',*,*,#3640,.F.);
#3803 = ORIENTED_EDGE('',*,*,#3797,.T.);
#3804 = ORIENTED_EDGE('',*,*,#2804,.F.);
#3805 = ORIENTED_EDGE('',*,*,#3122,.T.);
#3806 = ORIENTED_EDGE('',*,*,#2795,.F.);
#3807 = CYLINDRICAL_SURFACE('',#3808,1.275);
#3808 = AXIS2_PLACEMENT_3D('',#3809,#3810,#3811);
#3809 = CARTESIAN_POINT('',(30.503035257379,43.134402905311,38.8));
#3810 = DIRECTION('',(0.,0.,1.));
#3811 = DIRECTION('',(1.,0.,0.));
#3812 = ADVANCED_FACE('',(#3813),#3818,.F.);
#3813 = FACE_BOUND('',#3814,.F.);
#3814 = EDGE_LOOP('',(#3815,#3816,#3817));
#3815 = ORIENTED_EDGE('',*,*,#2819,.T.);
#3816 = ORIENTED_EDGE('',*,*,#2779,.F.);
#3817 = ORIENTED_EDGE('',*,*,#3130,.F.);
#3818 = PLANE('',#3819);
#3819 = AXIS2_PLACEMENT_3D('',#3820,#3821,#3822);
#3820 = CARTESIAN_POINT('',(4.810658535227,14.874325845537,28.8));
#3821 = DIRECTION('',(0.,0.,1.));
#3822 = DIRECTION('',(1.,0.,0.));
#3823 = ADVANCED_FACE('',(#3824),#3829,.F.);
#3824 = FACE_BOUND('',#3825,.F.);
#3825 = EDGE_LOOP('',(#3826,#3827,#3828));
#3826 = ORIENTED_EDGE('',*,*,#2957,.T.);
#3827 = ORIENTED_EDGE('',*,*,#3229,.F.);
#3828 = ORIENTED_EDGE('',*,*,#2943,.F.);
#3829 = PLANE('',#3830);
#3830 = AXIS2_PLACEMENT_3D('',#3831,#3832,#3833);
#3831 = CARTESIAN_POINT('',(4.810658535227,14.874325845537,28.8));
#3832 = DIRECTION('',(0.,0.,1.));
#3833 = DIRECTION('',(1.,0.,0.));
#3834 = ADVANCED_FACE('',(#3835),#3856,.F.);
#3835 = FACE_BOUND('',#3836,.F.);
#3836 = EDGE_LOOP('',(#3837,#3845,#3852,#3853,#3854,#3855));
#3837 = ORIENTED_EDGE('',*,*,#3838,.F.);
#3838 = EDGE_CURVE('',#3839,#3237,#3841,.T.);
#3839 = VERTEX_POINT('',#3840);
#3840 = CARTESIAN_POINT('',(-19.60671703151,43.134404060682,38.1));
#3841 = LINE('',#3842,#3843);
#3842 = CARTESIAN_POINT('',(-19.60671703151,43.134404060682,38.8));
#3843 = VECTOR('',#3844,1.);
#3844 = DIRECTION('',(-0.,-0.,-1.));
#3845 = ORIENTED_EDGE('',*,*,#3846,.F.);
#3846 = EDGE_CURVE('',#3839,#3839,#3847,.T.);
#3847 = CIRCLE('',#3848,1.275);
#3848 = AXIS2_PLACEMENT_3D('',#3849,#3850,#3851);
#3849 = CARTESIAN_POINT('',(-20.88171703151,43.134404060682,38.1));
#3850 = DIRECTION('',(0.,0.,1.));
#3851 = DIRECTION('',(1.,0.,0.));
#3852 = ORIENTED_EDGE('',*,*,#3838,.T.);
#3853 = ORIENTED_EDGE('',*,*,#3245,.T.);
#3854 = ORIENTED_EDGE('',*,*,#2926,.F.);
#3855 = ORIENTED_EDGE('',*,*,#3236,.T.);
#3856 = CYLINDRICAL_SURFACE('',#3857,1.275);
#3857 = AXIS2_PLACEMENT_3D('',#3858,#3859,#3860);
#3858 = CARTESIAN_POINT('',(-20.88171703151,43.134404060682,38.8));
#3859 = DIRECTION('',(0.,0.,1.));
#3860 = DIRECTION('',(1.,0.,0.));
#3861 = ADVANCED_FACE('',(#3862),#3874,.T.);
#3862 = FACE_BOUND('',#3863,.T.);
#3863 = EDGE_LOOP('',(#3864,#3871,#3872,#3873));
#3864 = ORIENTED_EDGE('',*,*,#3865,.F.);
#3865 = EDGE_CURVE('',#3042,#3839,#3866,.T.);
#3866 = CIRCLE('',#3867,0.7);
#3867 = AXIS2_PLACEMENT_3D('',#3868,#3869,#3870);
#3868 = CARTESIAN_POINT('',(-18.90671703151,43.134404060682,38.1));
#3869 = DIRECTION('',(0.,-1.,0.));
#3870 = DIRECTION('',(1.,0.,0.));
#3871 = ORIENTED_EDGE('',*,*,#3041,.T.);
#3872 = ORIENTED_EDGE('',*,*,#3865,.T.);
#3873 = ORIENTED_EDGE('',*,*,#3846,.F.);
#3874 = TOROIDAL_SURFACE('',#3875,1.975,0.7);
#3875 = AXIS2_PLACEMENT_3D('',#3876,#3877,#3878);
#3876 = CARTESIAN_POINT('',(-20.88171703151,43.134404060682,38.1));
#3877 = DIRECTION('',(0.,0.,1.));
#3878 = DIRECTION('',(1.,0.,0.));
#3879 = ADVANCED_FACE('',(#3880),#3886,.T.);
#3880 = FACE_BOUND('',#3881,.T.);
#3881 = EDGE_LOOP('',(#3882,#3883,#3884,#3885));
#3882 = ORIENTED_EDGE('',*,*,#3068,.F.);
#3883 = ORIENTED_EDGE('',*,*,#3260,.T.);
#3884 = ORIENTED_EDGE('',*,*,#3343,.T.);
#3885 = ORIENTED_EDGE('',*,*,#3728,.T.);
#3886 = CYLINDRICAL_SURFACE('',#3887,2.);
#3887 = AXIS2_PLACEMENT_3D('',#3888,#3889,#3890);
#3888 = CARTESIAN_POINT('',(-22.64948427334,44.902170724824,0.));
#3889 = DIRECTION('',(0.,0.,1.));
#3890 = DIRECTION('',(1.,0.,0.));
#3891 = ADVANCED_FACE('',(#3892),#3912,.T.);
#3892 = FACE_BOUND('',#3893,.T.);
#3893 = EDGE_LOOP('',(#3894,#3903,#3904,#3905));
#3894 = ORIENTED_EDGE('',*,*,#3895,.F.);
#3895 = EDGE_CURVE('',#3454,#3896,#3898,.T.);
#3896 = VERTEX_POINT('',#3897);
#3897 = CARTESIAN_POINT('',(2.3,0.,8.));
#3898 = CIRCLE('',#3899,0.7);
#3899 = AXIS2_PLACEMENT_3D('',#3900,#3901,#3902);
#3900 = CARTESIAN_POINT('',(2.3,0.,7.3));
#3901 = DIRECTION('',(0.,-1.,0.));
#3902 = DIRECTION('',(1.,0.,0.));
#3903 = ORIENTED_EDGE('',*,*,#3461,.T.);
#3904 = ORIENTED_EDGE('',*,*,#3895,.T.);
#3905 = ORIENTED_EDGE('',*,*,#3906,.F.);
#3906 = EDGE_CURVE('',#3896,#3896,#3907,.T.);
#3907 = CIRCLE('',#3908,2.3);
#3908 = AXIS2_PLACEMENT_3D('',#3909,#3910,#3911);
#3909 = CARTESIAN_POINT('',(0.,0.,8.));
#3910 = DIRECTION('',(0.,0.,1.));
#3911 = DIRECTION('',(1.,0.,0.));
#3912 = TOROIDAL_SURFACE('',#3913,2.3,0.7);
#3913 = AXIS2_PLACEMENT_3D('',#3914,#3915,#3916);
#3914 = CARTESIAN_POINT('',(0.,0.,7.3));
#3915 = DIRECTION('',(0.,0.,1.));
#3916 = DIRECTION('',(1.,0.,0.));
#3917 = ADVANCED_FACE('',(#3918),#3938,.T.);
#3918 = FACE_BOUND('',#3919,.T.);
#3919 = EDGE_LOOP('',(#3920,#3929,#3930,#3931));
#3920 = ORIENTED_EDGE('',*,*,#3921,.F.);
#3921 = EDGE_CURVE('',#3479,#3922,#3924,.T.);
#3922 = VERTEX_POINT('',#3923);
#3923 = CARTESIAN_POINT('',(25.070801343799,-1.153519033749,8.));
#3924 = CIRCLE('',#3925,0.7);
#3925 = AXIS2_PLACEMENT_3D('',#3926,#3927,#3928);
#3926 = CARTESIAN_POINT('',(25.070801343799,-1.153519033749,7.3));
#3927 = DIRECTION('',(-5.921189464668E-16,-1.,0.));
#3928 = DIRECTION('',(1.,-5.921189464668E-16,0.));
#3929 = ORIENTED_EDGE('',*,*,#3486,.T.);
#3930 = ORIENTED_EDGE('',*,*,#3921,.T.);
#3931 = ORIENTED_EDGE('',*,*,#3932,.F.);
#3932 = EDGE_CURVE('',#3922,#3922,#3933,.T.);
#3933 = CIRCLE('',#3934,2.3);
#3934 = AXIS2_PLACEMENT_3D('',#3935,#3936,#3937);
#3935 = CARTESIAN_POINT('',(22.770801343799,-1.153519033749,8.));
#3936 = DIRECTION('',(-0.,0.,1.));
#3937 = DIRECTION('',(1.,-5.921189464668E-16,0.));
#3938 = TOROIDAL_SURFACE('',#3939,2.3,0.7);
#3939 = AXIS2_PLACEMENT_3D('',#3940,#3941,#3942);
#3940 = CARTESIAN_POINT('',(22.770801343799,-1.153519033749,7.3));
#3941 = DIRECTION('',(0.,0.,1.));
#3942 = DIRECTION('',(1.,-5.921189464668E-16,0.));
#3943 = ADVANCED_FACE('',(#3944),#3964,.T.);
#3944 = FACE_BOUND('',#3945,.T.);
#3945 = EDGE_LOOP('',(#3946,#3955,#3956,#3957));
#3946 = ORIENTED_EDGE('',*,*,#3947,.F.);
#3947 = EDGE_CURVE('',#3504,#3948,#3950,.T.);
#3948 = VERTEX_POINT('',#3949);
#3949 = CARTESIAN_POINT('',(4.050515726654,34.555689758573,8.));
#3950 = CIRCLE('',#3951,0.7);
#3951 = AXIS2_PLACEMENT_3D('',#3952,#3953,#3954);
#3952 = CARTESIAN_POINT('',(4.050515726654,34.555689758573,7.3));
#3953 = DIRECTION('',(0.,-1.,0.));
#3954 = DIRECTION('',(1.,0.,0.));
#3955 = ORIENTED_EDGE('',*,*,#3511,.T.);
#3956 = ORIENTED_EDGE('',*,*,#3947,.T.);
#3957 = ORIENTED_EDGE('',*,*,#3958,.F.);
#3958 = EDGE_CURVE('',#3948,#3948,#3959,.T.);
#3959 = CIRCLE('',#3960,2.3);
#3960 = AXIS2_PLACEMENT_3D('',#3961,#3962,#3963);
#3961 = CARTESIAN_POINT('',(1.750515726654,34.555689758573,8.));
#3962 = DIRECTION('',(0.,0.,1.));
#3963 = DIRECTION('',(1.,0.,0.));
#3964 = TOROIDAL_SURFACE('',#3965,2.3,0.7);
#3965 = AXIS2_PLACEMENT_3D('',#3966,#3967,#3968);
#3966 = CARTESIAN_POINT('',(1.750515726654,34.555689758573,7.3));
#3967 = DIRECTION('',(0.,0.,1.));
#3968 = DIRECTION('',(1.,0.,0.));
#3969 = ADVANCED_FACE('',(#3970),#3990,.T.);
#3970 = FACE_BOUND('',#3971,.T.);
#3971 = EDGE_LOOP('',(#3972,#3981,#3982,#3983));
#3972 = ORIENTED_EDGE('',*,*,#3973,.F.);
#3973 = EDGE_CURVE('',#3529,#3974,#3976,.T.);
#3974 = VERTEX_POINT('',#3975);
#3975 = CARTESIAN_POINT('',(26.821317070454,33.402170724824,8.));
#3976 = CIRCLE('',#3977,0.7);
#3977 = AXIS2_PLACEMENT_3D('',#3978,#3979,#3980);
#3978 = CARTESIAN_POINT('',(26.821317070454,33.402170724824,7.3));
#3979 = DIRECTION('',(0.,-1.,0.));
#3980 = DIRECTION('',(1.,0.,0.));
#3981 = ORIENTED_EDGE('',*,*,#3536,.T.);
#3982 = ORIENTED_EDGE('',*,*,#3973,.T.);
#3983 = ORIENTED_EDGE('',*,*,#3984,.F.);
#3984 = EDGE_CURVE('',#3974,#3974,#3985,.T.);
#3985 = CIRCLE('',#3986,2.3);
#3986 = AXIS2_PLACEMENT_3D('',#3987,#3988,#3989);
#3987 = CARTESIAN_POINT('',(24.521317070454,33.402170724824,8.));
#3988 = DIRECTION('',(0.,0.,1.));
#3989 = DIRECTION('',(1.,0.,0.));
#3990 = TOROIDAL_SURFACE('',#3991,2.3,0.7);
#3991 = AXIS2_PLACEMENT_3D('',#3992,#3993,#3994);
#3992 = CARTESIAN_POINT('',(24.521317070454,33.402170724824,7.3));
#3993 = DIRECTION('',(0.,0.,1.));
#3994 = DIRECTION('',(1.,0.,0.));
#3995 = ADVANCED_FACE('',(#3996,#4007),#4010,.T.);
#3996 = FACE_BOUND('',#3997,.T.);
#3997 = EDGE_LOOP('',(#3998));
#3998 = ORIENTED_EDGE('',*,*,#3999,.T.);
#3999 = EDGE_CURVE('',#4000,#4000,#4002,.T.);
#4000 = VERTEX_POINT('',#4001);
#4001 = CARTESIAN_POINT('',(1.975,-4.837354856632E-16,8.));
#4002 = CIRCLE('',#4003,1.975);
#4003 = AXIS2_PLACEMENT_3D('',#4004,#4005,#4006);
#4004 = CARTESIAN_POINT('',(0.,0.,8.));
#4005 = DIRECTION('',(0.,-0.,-1.));
#4006 = DIRECTION('',(1.,-2.449293598295E-16,0.));
#4007 = FACE_BOUND('',#4008,.T.);
#4008 = EDGE_LOOP('',(#4009));
#4009 = ORIENTED_EDGE('',*,*,#3906,.T.);
#4010 = PLANE('',#4011);
#4011 = AXIS2_PLACEMENT_3D('',#4012,#4013,#4014);
#4012 = CARTESIAN_POINT('',(12.260658535227,16.701085362412,8.));
#4013 = DIRECTION('',(0.,0.,1.));
#4014 = DIRECTION('',(1.,0.,0.));
#4015 = ADVANCED_FACE('',(#4016,#4027),#4030,.T.);
#4016 = FACE_BOUND('',#4017,.T.);
#4017 = EDGE_LOOP('',(#4018));
#4018 = ORIENTED_EDGE('',*,*,#4019,.T.);
#4019 = EDGE_CURVE('',#4020,#4020,#4022,.T.);
#4020 = VERTEX_POINT('',#4021);
#4021 = CARTESIAN_POINT('',(24.745801343799,-1.153519033749,8.));
#4022 = CIRCLE('',#4023,1.975);
#4023 = AXIS2_PLACEMENT_3D('',#4024,#4025,#4026);
#4024 = CARTESIAN_POINT('',(22.770801343799,-1.153519033749,8.));
#4025 = DIRECTION('',(0.,-0.,-1.));
#4026 = DIRECTION('',(1.,-1.567373681824E-15,0.));
#4027 = FACE_BOUND('',#4028,.T.);
#4028 = EDGE_LOOP('',(#4029));
#4029 = ORIENTED_EDGE('',*,*,#3932,.T.);
#4030 = PLANE('',#4031);
#4031 = AXIS2_PLACEMENT_3D('',#4032,#4033,#4034);
#4032 = CARTESIAN_POINT('',(12.260658535227,16.701085362412,8.));
#4033 = DIRECTION('',(0.,0.,1.));
#4034 = DIRECTION('',(1.,0.,0.));
#4035 = ADVANCED_FACE('',(#4036,#4047),#4050,.T.);
#4036 = FACE_BOUND('',#4037,.T.);
#4037 = EDGE_LOOP('',(#4038));
#4038 = ORIENTED_EDGE('',*,*,#4039,.T.);
#4039 = EDGE_CURVE('',#4040,#4040,#4042,.T.);
#4040 = VERTEX_POINT('',#4041);
#4041 = CARTESIAN_POINT('',(3.725515726654,34.555689758573,8.));
#4042 = CIRCLE('',#4043,1.975);
#4043 = AXIS2_PLACEMENT_3D('',#4044,#4045,#4046);
#4044 = CARTESIAN_POINT('',(1.750515726654,34.555689758573,8.));
#4045 = DIRECTION('',(0.,0.,-1.));
#4046 = DIRECTION('',(1.,0.,0.));
#4047 = FACE_BOUND('',#4048,.T.);
#4048 = EDGE_LOOP('',(#4049));
#4049 = ORIENTED_EDGE('',*,*,#3958,.T.);
#4050 = PLANE('',#4051);
#4051 = AXIS2_PLACEMENT_3D('',#4052,#4053,#4054);
#4052 = CARTESIAN_POINT('',(12.260658535227,16.701085362412,8.));
#4053 = DIRECTION('',(0.,0.,1.));
#4054 = DIRECTION('',(1.,0.,0.));
#4055 = ADVANCED_FACE('',(#4056,#4067),#4070,.T.);
#4056 = FACE_BOUND('',#4057,.T.);
#4057 = EDGE_LOOP('',(#4058));
#4058 = ORIENTED_EDGE('',*,*,#4059,.T.);
#4059 = EDGE_CURVE('',#4060,#4060,#4062,.T.);
#4060 = VERTEX_POINT('',#4061);
#4061 = CARTESIAN_POINT('',(26.496317070454,33.402170724824,8.));
#4062 = CIRCLE('',#4063,1.975);
#4063 = AXIS2_PLACEMENT_3D('',#4064,#4065,#4066);
#4064 = CARTESIAN_POINT('',(24.521317070454,33.402170724824,8.));
#4065 = DIRECTION('',(0.,0.,-1.));
#4066 = DIRECTION('',(1.,0.,0.));
#4067 = FACE_BOUND('',#4068,.T.);
#4068 = EDGE_LOOP('',(#4069));
#4069 = ORIENTED_EDGE('',*,*,#3984,.T.);
#4070 = PLANE('',#4071);
#4071 = AXIS2_PLACEMENT_3D('',#4072,#4073,#4074);
#4072 = CARTESIAN_POINT('',(12.260658535227,16.701085362412,8.));
#4073 = DIRECTION('',(0.,0.,1.));
#4074 = DIRECTION('',(1.,0.,0.));
#4075 = ADVANCED_FACE('',(#4076),#4096,.T.);
#4076 = FACE_BOUND('',#4077,.F.);
#4077 = EDGE_LOOP('',(#4078,#4087,#4088,#4089));
#4078 = ORIENTED_EDGE('',*,*,#4079,.F.);
#4079 = EDGE_CURVE('',#4000,#4080,#4082,.T.);
#4080 = VERTEX_POINT('',#4081);
#4081 = CARTESIAN_POINT('',(1.275,-3.122849337826E-16,7.3));
#4082 = CIRCLE('',#4083,0.7);
#4083 = AXIS2_PLACEMENT_3D('',#4084,#4085,#4086);
#4084 = CARTESIAN_POINT('',(1.975,-4.837354856632E-16,7.3));
#4085 = DIRECTION('',(-2.449293598295E-16,-1.,0.));
#4086 = DIRECTION('',(1.,-2.449293598295E-16,0.));
#4087 = ORIENTED_EDGE('',*,*,#3999,.F.);
#4088 = ORIENTED_EDGE('',*,*,#4079,.T.);
#4089 = ORIENTED_EDGE('',*,*,#4090,.T.);
#4090 = EDGE_CURVE('',#4080,#4080,#4091,.T.);
#4091 = CIRCLE('',#4092,1.275);
#4092 = AXIS2_PLACEMENT_3D('',#4093,#4094,#4095);
#4093 = CARTESIAN_POINT('',(0.,0.,7.3));
#4094 = DIRECTION('',(0.,-0.,-1.));
#4095 = DIRECTION('',(1.,-2.449293598295E-16,0.));
#4096 = TOROIDAL_SURFACE('',#4097,1.975,0.7);
#4097 = AXIS2_PLACEMENT_3D('',#4098,#4099,#4100);
#4098 = CARTESIAN_POINT('',(0.,0.,7.3));
#4099 = DIRECTION('',(0.,0.,1.));
#4100 = DIRECTION('',(1.,-2.449293598295E-16,0.));
#4101 = ADVANCED_FACE('',(#4102),#4122,.T.);
#4102 = FACE_BOUND('',#4103,.F.);
#4103 = EDGE_LOOP('',(#4104,#4113,#4114,#4115));
#4104 = ORIENTED_EDGE('',*,*,#4105,.F.);
#4105 = EDGE_CURVE('',#4020,#4106,#4108,.T.);
#4106 = VERTEX_POINT('',#4107);
#4107 = CARTESIAN_POINT('',(24.045801343799,-1.153519033749,7.3));
#4108 = CIRCLE('',#4109,0.7);
#4109 = AXIS2_PLACEMENT_3D('',#4110,#4111,#4112);
#4110 = CARTESIAN_POINT('',(24.745801343799,-1.153519033749,7.3));
#4111 = DIRECTION('',(-1.567373681824E-15,-1.,0.));
#4112 = DIRECTION('',(1.,-1.567373681824E-15,0.));
#4113 = ORIENTED_EDGE('',*,*,#4019,.F.);
#4114 = ORIENTED_EDGE('',*,*,#4105,.T.);
#4115 = ORIENTED_EDGE('',*,*,#4116,.T.);
#4116 = EDGE_CURVE('',#4106,#4106,#4117,.T.);
#4117 = CIRCLE('',#4118,1.275);
#4118 = AXIS2_PLACEMENT_3D('',#4119,#4120,#4121);
#4119 = CARTESIAN_POINT('',(22.770801343799,-1.153519033749,7.3));
#4120 = DIRECTION('',(0.,-0.,-1.));
#4121 = DIRECTION('',(1.,-1.567373681824E-15,0.));
#4122 = TOROIDAL_SURFACE('',#4123,1.975,0.7);
#4123 = AXIS2_PLACEMENT_3D('',#4124,#4125,#4126);
#4124 = CARTESIAN_POINT('',(22.770801343799,-1.153519033749,7.3));
#4125 = DIRECTION('',(0.,0.,1.));
#4126 = DIRECTION('',(1.,-1.567373681824E-15,0.));
#4127 = ADVANCED_FACE('',(#4128),#4148,.T.);
#4128 = FACE_BOUND('',#4129,.F.);
#4129 = EDGE_LOOP('',(#4130,#4139,#4140,#4141));
#4130 = ORIENTED_EDGE('',*,*,#4131,.F.);
#4131 = EDGE_CURVE('',#4040,#4132,#4134,.T.);
#4132 = VERTEX_POINT('',#4133);
#4133 = CARTESIAN_POINT('',(3.025515726654,34.555689758573,7.3));
#4134 = CIRCLE('',#4135,0.7);
#4135 = AXIS2_PLACEMENT_3D('',#4136,#4137,#4138);
#4136 = CARTESIAN_POINT('',(3.725515726654,34.555689758573,7.3));
#4137 = DIRECTION('',(0.,-1.,0.));
#4138 = DIRECTION('',(1.,0.,0.));
#4139 = ORIENTED_EDGE('',*,*,#4039,.F.);
#4140 = ORIENTED_EDGE('',*,*,#4131,.T.);
#4141 = ORIENTED_EDGE('',*,*,#4142,.T.);
#4142 = EDGE_CURVE('',#4132,#4132,#4143,.T.);
#4143 = CIRCLE('',#4144,1.275);
#4144 = AXIS2_PLACEMENT_3D('',#4145,#4146,#4147);
#4145 = CARTESIAN_POINT('',(1.750515726654,34.555689758573,7.3));
#4146 = DIRECTION('',(0.,0.,-1.));
#4147 = DIRECTION('',(1.,0.,0.));
#4148 = TOROIDAL_SURFACE('',#4149,1.975,0.7);
#4149 = AXIS2_PLACEMENT_3D('',#4150,#4151,#4152);
#4150 = CARTESIAN_POINT('',(1.750515726654,34.555689758573,7.3));
#4151 = DIRECTION('',(0.,0.,1.));
#4152 = DIRECTION('',(1.,0.,0.));
#4153 = ADVANCED_FACE('',(#4154),#4174,.T.);
#4154 = FACE_BOUND('',#4155,.F.);
#4155 = EDGE_LOOP('',(#4156,#4165,#4166,#4167));
#4156 = ORIENTED_EDGE('',*,*,#4157,.F.);
#4157 = EDGE_CURVE('',#4060,#4158,#4160,.T.);
#4158 = VERTEX_POINT('',#4159);
#4159 = CARTESIAN_POINT('',(25.796317070454,33.402170724824,7.3));
#4160 = CIRCLE('',#4161,0.7);
#4161 = AXIS2_PLACEMENT_3D('',#4162,#4163,#4164);
#4162 = CARTESIAN_POINT('',(26.496317070454,33.402170724824,7.3));
#4163 = DIRECTION('',(0.,-1.,0.));
#4164 = DIRECTION('',(1.,0.,0.));
#4165 = ORIENTED_EDGE('',*,*,#4059,.F.);
#4166 = ORIENTED_EDGE('',*,*,#4157,.T.);
#4167 = ORIENTED_EDGE('',*,*,#4168,.T.);
#4168 = EDGE_CURVE('',#4158,#4158,#4169,.T.);
#4169 = CIRCLE('',#4170,1.275);
#4170 = AXIS2_PLACEMENT_3D('',#4171,#4172,#4173);
#4171 = CARTESIAN_POINT('',(24.521317070454,33.402170724824,7.3));
#4172 = DIRECTION('',(0.,0.,-1.));
#4173 = DIRECTION('',(1.,0.,0.));
#4174 = TOROIDAL_SURFACE('',#4175,1.975,0.7);
#4175 = AXIS2_PLACEMENT_3D('',#4176,#4177,#4178);
#4176 = CARTESIAN_POINT('',(24.521317070454,33.402170724824,7.3));
#4177 = DIRECTION('',(0.,0.,1.));
#4178 = DIRECTION('',(1.,0.,0.));
#4179 = ADVANCED_FACE('',(#4180),#4199,.F.);
#4180 = FACE_BOUND('',#4181,.T.);
#4181 = EDGE_LOOP('',(#4182,#4190,#4197,#4198));
#4182 = ORIENTED_EDGE('',*,*,#4183,.F.);
#4183 = EDGE_CURVE('',#4184,#4080,#4186,.T.);
#4184 = VERTEX_POINT('',#4185);
#4185 = CARTESIAN_POINT('',(1.275,0.,0.));
#4186 = LINE('',#4187,#4188);
#4187 = CARTESIAN_POINT('',(1.275,0.,0.));
#4188 = VECTOR('',#4189,1.);
#4189 = DIRECTION('',(0.,0.,1.));
#4190 = ORIENTED_EDGE('',*,*,#4191,.F.);
#4191 = EDGE_CURVE('',#4184,#4184,#4192,.T.);
#4192 = CIRCLE('',#4193,1.275);
#4193 = AXIS2_PLACEMENT_3D('',#4194,#4195,#4196);
#4194 = CARTESIAN_POINT('',(0.,0.,0.));
#4195 = DIRECTION('',(0.,0.,1.));
#4196 = DIRECTION('',(1.,0.,0.));
#4197 = ORIENTED_EDGE('',*,*,#4183,.T.);
#4198 = ORIENTED_EDGE('',*,*,#4090,.F.);
#4199 = CYLINDRICAL_SURFACE('',#4200,1.275);
#4200 = AXIS2_PLACEMENT_3D('',#4201,#4202,#4203);
#4201 = CARTESIAN_POINT('',(0.,0.,0.));
#4202 = DIRECTION('',(-0.,-0.,-1.));
#4203 = DIRECTION('',(1.,0.,0.));
#4204 = ADVANCED_FACE('',(#4205),#4224,.F.);
#4205 = FACE_BOUND('',#4206,.T.);
#4206 = EDGE_LOOP('',(#4207,#4215,#4222,#4223));
#4207 = ORIENTED_EDGE('',*,*,#4208,.F.);
#4208 = EDGE_CURVE('',#4209,#4106,#4211,.T.);
#4209 = VERTEX_POINT('',#4210);
#4210 = CARTESIAN_POINT('',(24.045801343799,-1.153519033749,0.));
#4211 = LINE('',#4212,#4213);
#4212 = CARTESIAN_POINT('',(24.045801343799,-1.153519033749,0.));
#4213 = VECTOR('',#4214,1.);
#4214 = DIRECTION('',(0.,0.,1.));
#4215 = ORIENTED_EDGE('',*,*,#4216,.F.);
#4216 = EDGE_CURVE('',#4209,#4209,#4217,.T.);
#4217 = CIRCLE('',#4218,1.275);
#4218 = AXIS2_PLACEMENT_3D('',#4219,#4220,#4221);
#4219 = CARTESIAN_POINT('',(22.770801343799,-1.153519033749,0.));
#4220 = DIRECTION('',(0.,0.,1.));
#4221 = DIRECTION('',(1.,0.,0.));
#4222 = ORIENTED_EDGE('',*,*,#4208,.T.);
#4223 = ORIENTED_EDGE('',*,*,#4116,.F.);
#4224 = CYLINDRICAL_SURFACE('',#4225,1.275);
#4225 = AXIS2_PLACEMENT_3D('',#4226,#4227,#4228);
#4226 = CARTESIAN_POINT('',(22.770801343799,-1.153519033749,0.));
#4227 = DIRECTION('',(-0.,-0.,-1.));
#4228 = DIRECTION('',(1.,0.,0.));
#4229 = ADVANCED_FACE('',(#4230),#4249,.F.);
#4230 = FACE_BOUND('',#4231,.T.);
#4231 = EDGE_LOOP('',(#4232,#4240,#4247,#4248));
#4232 = ORIENTED_EDGE('',*,*,#4233,.F.);
#4233 = EDGE_CURVE('',#4234,#4132,#4236,.T.);
#4234 = VERTEX_POINT('',#4235);
#4235 = CARTESIAN_POINT('',(3.025515726654,34.555689758573,0.));
#4236 = LINE('',#4237,#4238);
#4237 = CARTESIAN_POINT('',(3.025515726654,34.555689758573,0.));
#4238 = VECTOR('',#4239,1.);
#4239 = DIRECTION('',(0.,0.,1.));
#4240 = ORIENTED_EDGE('',*,*,#4241,.F.);
#4241 = EDGE_CURVE('',#4234,#4234,#4242,.T.);
#4242 = CIRCLE('',#4243,1.275);
#4243 = AXIS2_PLACEMENT_3D('',#4244,#4245,#4246);
#4244 = CARTESIAN_POINT('',(1.750515726654,34.555689758573,0.));
#4245 = DIRECTION('',(0.,0.,1.));
#4246 = DIRECTION('',(1.,0.,0.));
#4247 = ORIENTED_EDGE('',*,*,#4233,.T.);
#4248 = ORIENTED_EDGE('',*,*,#4142,.F.);
#4249 = CYLINDRICAL_SURFACE('',#4250,1.275);
#4250 = AXIS2_PLACEMENT_3D('',#4251,#4252,#4253);
#4251 = CARTESIAN_POINT('',(1.750515726654,34.555689758573,0.));
#4252 = DIRECTION('',(-0.,-0.,-1.));
#4253 = DIRECTION('',(1.,0.,0.));
#4254 = ADVANCED_FACE('',(#4255),#4274,.F.);
#4255 = FACE_BOUND('',#4256,.T.);
#4256 = EDGE_LOOP('',(#4257,#4265,#4272,#4273));
#4257 = ORIENTED_EDGE('',*,*,#4258,.F.);
#4258 = EDGE_CURVE('',#4259,#4158,#4261,.T.);
#4259 = VERTEX_POINT('',#4260);
#4260 = CARTESIAN_POINT('',(25.796317070454,33.402170724824,0.));
#4261 = LINE('',#4262,#4263);
#4262 = CARTESIAN_POINT('',(25.796317070454,33.402170724824,0.));
#4263 = VECTOR('',#4264,1.);
#4264 = DIRECTION('',(0.,0.,1.));
#4265 = ORIENTED_EDGE('',*,*,#4266,.F.);
#4266 = EDGE_CURVE('',#4259,#4259,#4267,.T.);
#4267 = CIRCLE('',#4268,1.275);
#4268 = AXIS2_PLACEMENT_3D('',#4269,#4270,#4271);
#4269 = CARTESIAN_POINT('',(24.521317070454,33.402170724824,0.));
#4270 = DIRECTION('',(0.,0.,1.));
#4271 = DIRECTION('',(1.,0.,0.));
#4272 = ORIENTED_EDGE('',*,*,#4258,.T.);
#4273 = ORIENTED_EDGE('',*,*,#4168,.F.);
#4274 = CYLINDRICAL_SURFACE('',#4275,1.275);
#4275 = AXIS2_PLACEMENT_3D('',#4276,#4277,#4278);
#4276 = CARTESIAN_POINT('',(24.521317070454,33.402170724824,0.));
#4277 = DIRECTION('',(-0.,-0.,-1.));
#4278 = DIRECTION('',(1.,0.,0.));
#4279 = ADVANCED_FACE('',(#4280),#4283,.T.);
#4280 = FACE_BOUND('',#4281,.T.);
#4281 = EDGE_LOOP('',(#4282));
#4282 = ORIENTED_EDGE('',*,*,#4191,.T.);
#4283 = PLANE('',#4284);
#4284 = AXIS2_PLACEMENT_3D('',#4285,#4286,#4287);
#4285 = CARTESIAN_POINT('',(12.260658535227,16.701085362412,0.));
#4286 = DIRECTION('',(0.,0.,1.));
#4287 = DIRECTION('',(1.,0.,0.));
#4288 = ADVANCED_FACE('',(#4289),#4292,.T.);
#4289 = FACE_BOUND('',#4290,.T.);
#4290 = EDGE_LOOP('',(#4291));
#4291 = ORIENTED_EDGE('',*,*,#4216,.T.);
#4292 = PLANE('',#4293);
#4293 = AXIS2_PLACEMENT_3D('',#4294,#4295,#4296);
#4294 = CARTESIAN_POINT('',(12.260658535227,16.701085362412,0.));
#4295 = DIRECTION('',(0.,0.,1.));
#4296 = DIRECTION('',(1.,0.,0.));
#4297 = ADVANCED_FACE('',(#4298),#4301,.T.);
#4298 = FACE_BOUND('',#4299,.T.);
#4299 = EDGE_LOOP('',(#4300));
#4300 = ORIENTED_EDGE('',*,*,#4241,.T.);
#4301 = PLANE('',#4302);
#4302 = AXIS2_PLACEMENT_3D('',#4303,#4304,#4305);
#4303 = CARTESIAN_POINT('',(12.260658535227,16.701085362412,0.));
#4304 = DIRECTION('',(0.,0.,1.));
#4305 = DIRECTION('',(1.,0.,0.));
#4306 = ADVANCED_FACE('',(#4307),#4310,.T.);
#4307 = FACE_BOUND('',#4308,.T.);
#4308 = EDGE_LOOP('',(#4309));
#4309 = ORIENTED_EDGE('',*,*,#4266,.T.);
#4310 = PLANE('',#4311);
#4311 = AXIS2_PLACEMENT_3D('',#4312,#4313,#4314);
#4312 = CARTESIAN_POINT('',(12.260658535227,16.701085362412,0.));
#4313 = DIRECTION('',(0.,0.,1.));
#4314 = DIRECTION('',(1.,0.,0.));
#4315 = ( GEOMETRIC_REPRESENTATION_CONTEXT(3) 
GLOBAL_UNCERTAINTY_ASSIGNED_CONTEXT((#4319)) 
GLOBAL_UNIT_ASSIGNED_CONTEXT((#4316,#4317,#4318)) REPRESENTATION_CONTEXT
('Context #1','3D Context with UNIT and UNCERTAINTY') );
#4316 = ( LENGTH_UNIT() NAMED_UNIT(*) SI_UNIT(.MILLI.,.METRE.) );
#4317 = ( NAMED_UNIT(*) PLANE_ANGLE_UNIT() SI_UNIT($,.RADIAN.) );
#4318 = ( NAMED_UNIT(*) SI_UNIT($,.STERADIAN.) SOLID_ANGLE_UNIT() );
#4319 = UNCERTAINTY_MEASURE_WITH_UNIT(LENGTH_MEASURE(5.E-06),#4316,
  'distance_accuracy_value','confusion accuracy');
#4320 = PRODUCT_RELATED_PRODUCT_CATEGORY('part',$,(#7));
#4321 = MECHANICAL_DESIGN_GEOMETRIC_PRESENTATION_REPRESENTATION('',(
    #4322),#4315);
#4322 = STYLED_ITEM('color',(#4323),#15);
#4323 = PRESENTATION_STYLE_ASSIGNMENT((#4324,#4330));
#4324 = SURFACE_STYLE_USAGE(.BOTH.,#4325);
#4325 = SURFACE_SIDE_STYLE('',(#4326));
#4326 = SURFACE_STYLE_FILL_AREA(#4327);
#4327 = FILL_AREA_STYLE('',(#4328));
#4328 = FILL_AREA_STYLE_COLOUR('',#4329);
#4329 = COLOUR_RGB('',0.447058818107,0.474509808674,0.501960817233);
#4330 = CURVE_STYLE('',#4331,POSITIVE_LENGTH_MEASURE(0.1),#4332);
#4331 = DRAUGHTING_PRE_DEFINED_CURVE_FONT('continuous');
#4332 = COLOUR_RGB('',9.803921802644E-02,9.803921802644E-02,
  9.803921802644E-02);
ENDSEC;
END-ISO-10303-21;
