ISO-10303-21;
HEADER;
FILE_DESCRIPTION(('FreeCAD Model'),'2;1');
FILE_NAME('Open CASCADE Shape Model','2025-02-15T13:31:27',('Author'),(
    ''),'Open CASCADE STEP processor 7.8','FreeCAD','Unknown');
FILE_SCHEMA(('AUTOMOTIVE_DESIGN { 1 0 10303 214 1 1 1 1 }'));
ENDSEC;
DATA;
#1 = APPLICATION_PROTOCOL_DEFINITION('international standard',
  'automotive_design',2000,#2);
#2 = APPLICATION_CONTEXT(
  'core data for automotive mechanical design processes');
#3 = SHAPE_DEFINITION_REPRESENTATION(#4,#10);
#4 = PRODUCT_DEFINITION_SHAPE('','',#5);
#5 = PRODUCT_DEFINITION('design','',#6,#9);
#6 = PRODUCT_DEFINITION_FORMATION('','',#7);
#7 = PRODUCT('Enclosure bottom','Enclosure bottom','',(#8));
#8 = PRODUCT_CONTEXT('',#2,'mechanical');
#9 = PRODUCT_DEFINITION_CONTEXT('part definition',#2,'design');
#10 = ADVANCED_BREP_SHAPE_REPRESENTATION('',(#11,#15),#4665);
#11 = AXIS2_PLACEMENT_3D('',#12,#13,#14);
#12 = CARTESIAN_POINT('',(0.,0.,0.));
#13 = DIRECTION('',(0.,0.,1.));
#14 = DIRECTION('',(1.,0.,-0.));
#15 = MANIFOLD_SOLID_BREP('',#16);
#16 = CLOSED_SHELL('',(#17,#57,#90,#123,#1244,#2365,#2382,#2399,#2416,
    #2433,#2445,#2470,#2492,#2509,#2526,#2538,#2555,#2577,#2594,#2611,
    #2623,#2645,#2662,#2679,#2691,#2708,#2730,#2747,#2764,#2776,#2793,
    #2815,#2832,#2849,#2861,#2883,#2900,#2917,#2929,#2946,#2963,#2985,
    #3002,#3019,#3031,#3048,#3073,#3095,#3112,#3129,#3141,#3163,#3180,
    #3197,#3209,#3226,#3243,#3265,#3282,#3299,#3311,#3333,#3350,#3367,
    #3379,#3396,#3418,#3435,#3452,#3464,#3486,#3503,#3520,#3532,#3554,
    #3571,#3588,#3600,#3617,#3639,#3656,#3673,#3685,#3707,#3724,#3741,
    #3753,#3770,#3792,#3809,#3826,#3838,#3863,#3885,#3902,#3919,#3931,
    #3948,#3970,#3987,#4004,#4016,#4033,#4055,#4072,#4089,#4101,#4118,
    #4140,#4157,#4174,#4186,#4208,#4225,#4242,#4254,#4276,#4293,#4310,
    #4322,#4339,#4356,#4378,#4395,#4412,#4424,#4446,#4463,#4480,#4492,
    #4517,#4542,#4567,#4592,#4617,#4629,#4641,#4653));
#17 = ADVANCED_FACE('',(#18),#52,.T.);
#18 = FACE_BOUND('',#19,.T.);
#19 = EDGE_LOOP('',(#20,#30,#38,#46));
#20 = ORIENTED_EDGE('',*,*,#21,.T.);
#21 = EDGE_CURVE('',#22,#24,#26,.T.);
#22 = VERTEX_POINT('',#23);
#23 = CARTESIAN_POINT('',(97.27,-15.15,2.886579864025E-14));
#24 = VERTEX_POINT('',#25);
#25 = CARTESIAN_POINT('',(97.27,-15.15,-4.5));
#26 = LINE('',#27,#28);
#27 = CARTESIAN_POINT('',(97.27,-15.15,2.886579864025E-14));
#28 = VECTOR('',#29,1.);
#29 = DIRECTION('',(5.551115123126E-16,0.,-1.));
#30 = ORIENTED_EDGE('',*,*,#31,.T.);
#31 = EDGE_CURVE('',#24,#32,#34,.T.);
#32 = VERTEX_POINT('',#33);
#33 = CARTESIAN_POINT('',(97.27,44.41,-4.5));
#34 = LINE('',#35,#36);
#35 = CARTESIAN_POINT('',(97.27,-15.15,-4.5));
#36 = VECTOR('',#37,1.);
#37 = DIRECTION('',(0.,1.,0.));
#38 = ORIENTED_EDGE('',*,*,#39,.F.);
#39 = EDGE_CURVE('',#40,#32,#42,.T.);
#40 = VERTEX_POINT('',#41);
#41 = CARTESIAN_POINT('',(97.27,44.41,2.886579864025E-14));
#42 = LINE('',#43,#44);
#43 = CARTESIAN_POINT('',(97.27,44.41,2.886579864025E-14));
#44 = VECTOR('',#45,1.);
#45 = DIRECTION('',(5.551115123126E-16,0.,-1.));
#46 = ORIENTED_EDGE('',*,*,#47,.F.);
#47 = EDGE_CURVE('',#22,#40,#48,.T.);
#48 = LINE('',#49,#50);
#49 = CARTESIAN_POINT('',(97.27,-15.15,2.886579864025E-14));
#50 = VECTOR('',#51,1.);
#51 = DIRECTION('',(0.,1.,0.));
#52 = PLANE('',#53);
#53 = AXIS2_PLACEMENT_3D('',#54,#55,#56);
#54 = CARTESIAN_POINT('',(97.27,-15.15,2.886579864025E-14));
#55 = DIRECTION('',(1.,0.,5.551115123126E-16));
#56 = DIRECTION('',(0.,1.,0.));
#57 = ADVANCED_FACE('',(#58),#85,.T.);
#58 = FACE_BOUND('',#59,.F.);
#59 = EDGE_LOOP('',(#60,#61,#70,#78));
#60 = ORIENTED_EDGE('',*,*,#21,.T.);
#61 = ORIENTED_EDGE('',*,*,#62,.T.);
#62 = EDGE_CURVE('',#24,#63,#65,.T.);
#63 = VERTEX_POINT('',#64);
#64 = CARTESIAN_POINT('',(95.27,-17.15,-4.5));
#65 = CIRCLE('',#66,2.);
#66 = AXIS2_PLACEMENT_3D('',#67,#68,#69);
#67 = CARTESIAN_POINT('',(95.27,-15.15,-4.5));
#68 = DIRECTION('',(5.551115123126E-16,0.,-1.));
#69 = DIRECTION('',(-1.,0.,-5.551115123126E-16));
#70 = ORIENTED_EDGE('',*,*,#71,.F.);
#71 = EDGE_CURVE('',#72,#63,#74,.T.);
#72 = VERTEX_POINT('',#73);
#73 = CARTESIAN_POINT('',(95.27,-17.15,2.775557561563E-14));
#74 = LINE('',#75,#76);
#75 = CARTESIAN_POINT('',(95.27,-17.15,2.775557561563E-14));
#76 = VECTOR('',#77,1.);
#77 = DIRECTION('',(5.551115123126E-16,0.,-1.));
#78 = ORIENTED_EDGE('',*,*,#79,.F.);
#79 = EDGE_CURVE('',#22,#72,#80,.T.);
#80 = CIRCLE('',#81,2.);
#81 = AXIS2_PLACEMENT_3D('',#82,#83,#84);
#82 = CARTESIAN_POINT('',(95.27,-15.15,2.775557561563E-14));
#83 = DIRECTION('',(5.551115123126E-16,0.,-1.));
#84 = DIRECTION('',(-1.,0.,-5.551115123126E-16));
#85 = CYLINDRICAL_SURFACE('',#86,2.);
#86 = AXIS2_PLACEMENT_3D('',#87,#88,#89);
#87 = CARTESIAN_POINT('',(95.27,-15.15,2.775557561563E-14));
#88 = DIRECTION('',(-5.551115123126E-16,0.,1.));
#89 = DIRECTION('',(-1.,0.,-5.551115123126E-16));
#90 = ADVANCED_FACE('',(#91),#118,.T.);
#91 = FACE_BOUND('',#92,.F.);
#92 = EDGE_LOOP('',(#93,#103,#110,#111));
#93 = ORIENTED_EDGE('',*,*,#94,.T.);
#94 = EDGE_CURVE('',#95,#97,#99,.T.);
#95 = VERTEX_POINT('',#96);
#96 = CARTESIAN_POINT('',(95.27,46.41,2.775557561563E-14));
#97 = VERTEX_POINT('',#98);
#98 = CARTESIAN_POINT('',(95.27,46.41,-4.5));
#99 = LINE('',#100,#101);
#100 = CARTESIAN_POINT('',(95.27,46.41,2.775557561563E-14));
#101 = VECTOR('',#102,1.);
#102 = DIRECTION('',(5.551115123126E-16,0.,-1.));
#103 = ORIENTED_EDGE('',*,*,#104,.T.);
#104 = EDGE_CURVE('',#97,#32,#105,.T.);
#105 = CIRCLE('',#106,2.);
#106 = AXIS2_PLACEMENT_3D('',#107,#108,#109);
#107 = CARTESIAN_POINT('',(95.27,44.41,-4.5));
#108 = DIRECTION('',(5.551115123126E-16,0.,-1.));
#109 = DIRECTION('',(-1.,0.,-5.551115123126E-16));
#110 = ORIENTED_EDGE('',*,*,#39,.F.);
#111 = ORIENTED_EDGE('',*,*,#112,.F.);
#112 = EDGE_CURVE('',#95,#40,#113,.T.);
#113 = CIRCLE('',#114,2.);
#114 = AXIS2_PLACEMENT_3D('',#115,#116,#117);
#115 = CARTESIAN_POINT('',(95.27,44.41,2.775557561563E-14));
#116 = DIRECTION('',(5.551115123126E-16,0.,-1.));
#117 = DIRECTION('',(-1.,0.,-5.551115123126E-16));
#118 = CYLINDRICAL_SURFACE('',#119,2.);
#119 = AXIS2_PLACEMENT_3D('',#120,#121,#122);
#120 = CARTESIAN_POINT('',(95.27,44.41,2.775557561563E-14));
#121 = DIRECTION('',(-5.551115123126E-16,0.,1.));
#122 = DIRECTION('',(-1.,0.,-5.551115123126E-16));
#123 = ADVANCED_FACE('',(#124,#169,#180,#214,#225,#259,#293,#304,#338,
    #349,#383,#417,#428,#439,#473,#484,#495,#529,#563,#574,#585,#619,
    #653,#664,#698,#732,#766,#777,#811,#845,#856,#890,#901,#935,#946,
    #980,#991,#1025,#1036,#1070,#1104,#1138,#1149,#1160,#1194,#1228),
  #1239,.F.);
#124 = FACE_BOUND('',#125,.F.);
#125 = EDGE_LOOP('',(#126,#127,#128,#136,#145,#153,#162,#168));
#126 = ORIENTED_EDGE('',*,*,#47,.F.);
#127 = ORIENTED_EDGE('',*,*,#79,.T.);
#128 = ORIENTED_EDGE('',*,*,#129,.T.);
#129 = EDGE_CURVE('',#72,#130,#132,.T.);
#130 = VERTEX_POINT('',#131);
#131 = CARTESIAN_POINT('',(43.25,-17.15,-1.121325254871E-15));
#132 = LINE('',#133,#134);
#133 = CARTESIAN_POINT('',(95.27,-17.15,2.775557561563E-14));
#134 = VECTOR('',#135,1.);
#135 = DIRECTION('',(-1.,0.,-5.551115123126E-16));
#136 = ORIENTED_EDGE('',*,*,#137,.T.);
#137 = EDGE_CURVE('',#130,#138,#140,.T.);
#138 = VERTEX_POINT('',#139);
#139 = CARTESIAN_POINT('',(41.25,-15.15,-2.231548279497E-15));
#140 = CIRCLE('',#141,2.);
#141 = AXIS2_PLACEMENT_3D('',#142,#143,#144);
#142 = CARTESIAN_POINT('',(43.25,-15.15,-1.121325254871E-15));
#143 = DIRECTION('',(5.551115123126E-16,0.,-1.));
#144 = DIRECTION('',(-1.,0.,-5.551115123126E-16));
#145 = ORIENTED_EDGE('',*,*,#146,.T.);
#146 = EDGE_CURVE('',#138,#147,#149,.T.);
#147 = VERTEX_POINT('',#148);
#148 = CARTESIAN_POINT('',(41.25,44.41,-2.231548279497E-15));
#149 = LINE('',#150,#151);
#150 = CARTESIAN_POINT('',(41.25,-15.15,-2.231548279497E-15));
#151 = VECTOR('',#152,1.);
#152 = DIRECTION('',(0.,1.,0.));
#153 = ORIENTED_EDGE('',*,*,#154,.T.);
#154 = EDGE_CURVE('',#147,#155,#157,.T.);
#155 = VERTEX_POINT('',#156);
#156 = CARTESIAN_POINT('',(43.25,46.41,-1.121325254871E-15));
#157 = CIRCLE('',#158,2.);
#158 = AXIS2_PLACEMENT_3D('',#159,#160,#161);
#159 = CARTESIAN_POINT('',(43.25,44.41,-1.121325254871E-15));
#160 = DIRECTION('',(5.551115123126E-16,0.,-1.));
#161 = DIRECTION('',(-1.,0.,-5.551115123126E-16));
#162 = ORIENTED_EDGE('',*,*,#163,.F.);
#163 = EDGE_CURVE('',#95,#155,#164,.T.);
#164 = LINE('',#165,#166);
#165 = CARTESIAN_POINT('',(95.27,46.41,2.775557561563E-14));
#166 = VECTOR('',#167,1.);
#167 = DIRECTION('',(-1.,0.,-5.551115123126E-16));
#168 = ORIENTED_EDGE('',*,*,#112,.T.);
#169 = FACE_BOUND('',#170,.F.);
#170 = EDGE_LOOP('',(#171));
#171 = ORIENTED_EDGE('',*,*,#172,.F.);
#172 = EDGE_CURVE('',#173,#173,#175,.T.);
#173 = VERTEX_POINT('',#174);
#174 = CARTESIAN_POINT('',(90.502232758185,-13.38223333588,
    2.510893313167E-14));
#175 = CIRCLE('',#176,3.);
#176 = AXIS2_PLACEMENT_3D('',#177,#178,#179);
#177 = CARTESIAN_POINT('',(93.502232758185,-13.38223333588,
    2.677426766861E-14));
#178 = DIRECTION('',(5.551115123126E-16,0.,-1.));
#179 = DIRECTION('',(-1.,0.,-5.551115123126E-16));
#180 = FACE_BOUND('',#181,.F.);
#181 = EDGE_LOOP('',(#182,#192,#200,#208));
#182 = ORIENTED_EDGE('',*,*,#183,.T.);
#183 = EDGE_CURVE('',#184,#186,#188,.T.);
#184 = VERTEX_POINT('',#185);
#185 = CARTESIAN_POINT('',(87.758700547646,-10.38223333588,
    2.35859668172E-14));
#186 = VERTEX_POINT('',#187);
#187 = CARTESIAN_POINT('',(91.758700547646,-6.382233335882,
    2.580641286645E-14));
#188 = LINE('',#189,#190);
#189 = CARTESIAN_POINT('',(91.387083725389,-6.753850158139,
    2.560012409025E-14));
#190 = VECTOR('',#191,1.);
#191 = DIRECTION('',(0.707106781187,0.707106781187,3.925231146709E-16));
#192 = ORIENTED_EDGE('',*,*,#193,.T.);
#193 = EDGE_CURVE('',#186,#194,#196,.T.);
#194 = VERTEX_POINT('',#195);
#195 = CARTESIAN_POINT('',(87.758700547646,-2.382233335882,
    2.35859668172E-14));
#196 = LINE('',#197,#198);
#197 = CARTESIAN_POINT('',(78.880967057448,6.495500154316,
    1.91019239634E-14));
#198 = VECTOR('',#199,1.);
#199 = DIRECTION('',(-0.707106781187,0.707106781187,-3.925231146709E-16)
  );
#200 = ORIENTED_EDGE('',*,*,#201,.T.);
#201 = EDGE_CURVE('',#194,#202,#204,.T.);
#202 = VERTEX_POINT('',#203);
#203 = CARTESIAN_POINT('',(83.758700547646,-6.382233335882,
    2.136552076795E-14));
#204 = LINE('',#205,#206);
#205 = CARTESIAN_POINT('',(85.387083725389,-4.753850158139,
    2.271354422622E-14));
#206 = VECTOR('',#207,1.);
#207 = DIRECTION('',(-0.707106781187,-0.707106781187,-3.925231146709E-16
    ));
#208 = ORIENTED_EDGE('',*,*,#209,.T.);
#209 = EDGE_CURVE('',#202,#184,#210,.T.);
#210 = LINE('',#211,#212);
#211 = CARTESIAN_POINT('',(76.880967057448,0.495500154316,
    1.754761172892E-14));
#212 = VECTOR('',#213,1.);
#213 = DIRECTION('',(0.707106781187,-0.707106781187,3.925231146709E-16)
  );
#214 = FACE_BOUND('',#215,.F.);
#215 = EDGE_LOOP('',(#216));
#216 = ORIENTED_EDGE('',*,*,#217,.F.);
#217 = EDGE_CURVE('',#218,#218,#220,.T.);
#218 = VERTEX_POINT('',#219);
#219 = CARTESIAN_POINT('',(80.258680303194,-1.110832777111,
    1.942261923693E-14));
#220 = CIRCLE('',#221,3.);
#221 = AXIS2_PLACEMENT_3D('',#222,#223,#224);
#222 = CARTESIAN_POINT('',(83.258680303194,-1.110832777111,
    2.108795377387E-14));
#223 = DIRECTION('',(5.551115123126E-16,0.,-1.));
#224 = DIRECTION('',(-1.,0.,-5.551115123126E-16));
#225 = FACE_BOUND('',#226,.F.);
#226 = EDGE_LOOP('',(#227,#237,#245,#253));
#227 = ORIENTED_EDGE('',*,*,#228,.T.);
#228 = EDGE_CURVE('',#229,#231,#233,.T.);
#229 = VERTEX_POINT('',#230);
#230 = CARTESIAN_POINT('',(78.758700547646,-10.38223333588,
    1.858996320639E-14));
#231 = VERTEX_POINT('',#232);
#232 = CARTESIAN_POINT('',(82.758700547646,-6.382233335882,
    2.081040925564E-14));
#233 = LINE('',#234,#235);
#234 = CARTESIAN_POINT('',(82.387083725389,-6.753850158139,
    2.060412047943E-14));
#235 = VECTOR('',#236,1.);
#236 = DIRECTION('',(0.707106781187,0.707106781187,3.925231146709E-16));
#237 = ORIENTED_EDGE('',*,*,#238,.T.);
#238 = EDGE_CURVE('',#231,#239,#241,.T.);
#239 = VERTEX_POINT('',#240);
#240 = CARTESIAN_POINT('',(78.758700547646,-2.382233335882,
    1.858996320639E-14));
#241 = LINE('',#242,#243);
#242 = CARTESIAN_POINT('',(69.880967057448,6.495500154316,
    1.410592035258E-14));
#243 = VECTOR('',#244,1.);
#244 = DIRECTION('',(-0.707106781187,0.707106781187,-3.925231146709E-16)
  );
#245 = ORIENTED_EDGE('',*,*,#246,.T.);
#246 = EDGE_CURVE('',#239,#247,#249,.T.);
#247 = VERTEX_POINT('',#248);
#248 = CARTESIAN_POINT('',(74.758700547646,-6.382233335882,
    1.636951715714E-14));
#249 = LINE('',#250,#251);
#250 = CARTESIAN_POINT('',(76.387083725389,-4.753850158139,
    1.771754061541E-14));
#251 = VECTOR('',#252,1.);
#252 = DIRECTION('',(-0.707106781187,-0.707106781187,-3.925231146709E-16
    ));
#253 = ORIENTED_EDGE('',*,*,#254,.T.);
#254 = EDGE_CURVE('',#247,#229,#255,.T.);
#255 = LINE('',#256,#257);
#256 = CARTESIAN_POINT('',(67.880967057448,0.495500154316,
    1.255160811811E-14));
#257 = VECTOR('',#258,1.);
#258 = DIRECTION('',(0.707106781187,-0.707106781187,3.925231146709E-16)
  );
#259 = FACE_BOUND('',#260,.F.);
#260 = EDGE_LOOP('',(#261,#271,#279,#287));
#261 = ORIENTED_EDGE('',*,*,#262,.T.);
#262 = EDGE_CURVE('',#263,#265,#267,.T.);
#263 = VERTEX_POINT('',#264);
#264 = CARTESIAN_POINT('',(69.758700547646,-10.38223333588,
    1.359395959557E-14));
#265 = VERTEX_POINT('',#266);
#266 = CARTESIAN_POINT('',(73.758700547646,-6.382233335882,
    1.581440564482E-14));
#267 = LINE('',#268,#269);
#268 = CARTESIAN_POINT('',(73.387083725389,-6.753850158139,
    1.560811686862E-14));
#269 = VECTOR('',#270,1.);
#270 = DIRECTION('',(0.707106781187,0.707106781187,3.925231146709E-16));
#271 = ORIENTED_EDGE('',*,*,#272,.T.);
#272 = EDGE_CURVE('',#265,#273,#275,.T.);
#273 = VERTEX_POINT('',#274);
#274 = CARTESIAN_POINT('',(69.758700547646,-2.382233335882,
    1.359395959557E-14));
#275 = LINE('',#276,#277);
#276 = CARTESIAN_POINT('',(60.880967057448,6.495500154316,
    9.109916741772E-15));
#277 = VECTOR('',#278,1.);
#278 = DIRECTION('',(-0.707106781187,0.707106781187,-3.925231146709E-16)
  );
#279 = ORIENTED_EDGE('',*,*,#280,.T.);
#280 = EDGE_CURVE('',#273,#281,#283,.T.);
#281 = VERTEX_POINT('',#282);
#282 = CARTESIAN_POINT('',(65.758700547646,-6.382233335882,
    1.137351354632E-14));
#283 = LINE('',#284,#285);
#284 = CARTESIAN_POINT('',(67.387083725389,-4.753850158139,
    1.272153700459E-14));
#285 = VECTOR('',#286,1.);
#286 = DIRECTION('',(-0.707106781187,-0.707106781187,-3.925231146709E-16
    ));
#287 = ORIENTED_EDGE('',*,*,#288,.T.);
#288 = EDGE_CURVE('',#281,#263,#289,.T.);
#289 = LINE('',#290,#291);
#290 = CARTESIAN_POINT('',(58.880967057448,0.495500154316,
    7.555604507296E-15));
#291 = VECTOR('',#292,1.);
#292 = DIRECTION('',(0.707106781187,-0.707106781187,3.925231146709E-16)
  );
#293 = FACE_BOUND('',#294,.F.);
#294 = EDGE_LOOP('',(#295));
#295 = ORIENTED_EDGE('',*,*,#296,.F.);
#296 = EDGE_CURVE('',#297,#297,#299,.T.);
#297 = VERTEX_POINT('',#298);
#298 = CARTESIAN_POINT('',(71.258680303194,-1.110832777111,
    1.442661562611E-14));
#299 = CIRCLE('',#300,3.);
#300 = AXIS2_PLACEMENT_3D('',#301,#302,#303);
#301 = CARTESIAN_POINT('',(74.258680303194,-1.110832777111,
    1.609195016305E-14));
#302 = DIRECTION('',(5.551115123126E-16,0.,-1.));
#303 = DIRECTION('',(-1.,0.,-5.551115123126E-16));
#304 = FACE_BOUND('',#305,.F.);
#305 = EDGE_LOOP('',(#306,#316,#324,#332));
#306 = ORIENTED_EDGE('',*,*,#307,.T.);
#307 = EDGE_CURVE('',#308,#310,#312,.T.);
#308 = VERTEX_POINT('',#309);
#309 = CARTESIAN_POINT('',(87.758700547646,0.123883332059,
    2.35859668172E-14));
#310 = VERTEX_POINT('',#311);
#311 = CARTESIAN_POINT('',(91.758700547646,4.123883332059,
    2.580641286645E-14));
#312 = LINE('',#313,#314);
#313 = CARTESIAN_POINT('',(88.760554558404,1.125737342817,
    2.414210751223E-14));
#314 = VECTOR('',#315,1.);
#315 = DIRECTION('',(0.707106781187,0.707106781187,3.925231146709E-16));
#316 = ORIENTED_EDGE('',*,*,#317,.T.);
#317 = EDGE_CURVE('',#310,#318,#320,.T.);
#318 = VERTEX_POINT('',#319);
#319 = CARTESIAN_POINT('',(87.758700547646,8.123883332059,
    2.35859668172E-14));
#320 = LINE('',#321,#322);
#321 = CARTESIAN_POINT('',(81.507496224433,14.375087655272,
    2.011585133157E-14));
#322 = VECTOR('',#323,1.);
#323 = DIRECTION('',(-0.707106781187,0.707106781187,-3.925231146709E-16)
  );
#324 = ORIENTED_EDGE('',*,*,#325,.T.);
#325 = EDGE_CURVE('',#318,#326,#328,.T.);
#326 = VERTEX_POINT('',#327);
#327 = CARTESIAN_POINT('',(83.758700547646,4.123883332059,
    2.136552076795E-14));
#328 = LINE('',#329,#330);
#329 = CARTESIAN_POINT('',(82.760554558404,3.125737342816,
    2.081143843835E-14));
#330 = VECTOR('',#331,1.);
#331 = DIRECTION('',(-0.707106781187,-0.707106781187,-3.925231146709E-16
    ));
#332 = ORIENTED_EDGE('',*,*,#333,.T.);
#333 = EDGE_CURVE('',#326,#308,#334,.T.);
#334 = LINE('',#335,#336);
#335 = CARTESIAN_POINT('',(79.507496224433,8.375087655272,
    1.944971751679E-14));
#336 = VECTOR('',#337,1.);
#337 = DIRECTION('',(0.707106781187,-0.707106781187,3.925231146709E-16)
  );
#338 = FACE_BOUND('',#339,.F.);
#339 = EDGE_LOOP('',(#340));
#340 = ORIENTED_EDGE('',*,*,#341,.F.);
#341 = EDGE_CURVE('',#342,#342,#344,.T.);
#342 = VERTEX_POINT('',#343);
#343 = CARTESIAN_POINT('',(80.258680303194,9.389167222889,
    1.942261923693E-14));
#344 = CIRCLE('',#345,3.);
#345 = AXIS2_PLACEMENT_3D('',#346,#347,#348);
#346 = CARTESIAN_POINT('',(83.258680303194,9.389167222889,
    2.108795377387E-14));
#347 = DIRECTION('',(5.551115123126E-16,0.,-1.));
#348 = DIRECTION('',(-1.,0.,-5.551115123126E-16));
#349 = FACE_BOUND('',#350,.F.);
#350 = EDGE_LOOP('',(#351,#361,#369,#377));
#351 = ORIENTED_EDGE('',*,*,#352,.T.);
#352 = EDGE_CURVE('',#353,#355,#357,.T.);
#353 = VERTEX_POINT('',#354);
#354 = CARTESIAN_POINT('',(78.758700547646,0.123883332059,
    1.858996320639E-14));
#355 = VERTEX_POINT('',#356);
#356 = CARTESIAN_POINT('',(82.758700547646,4.123883332059,
    2.081040925564E-14));
#357 = LINE('',#358,#359);
#358 = CARTESIAN_POINT('',(79.760554558404,1.125737342817,
    1.914610390141E-14));
#359 = VECTOR('',#360,1.);
#360 = DIRECTION('',(0.707106781187,0.707106781187,3.925231146709E-16));
#361 = ORIENTED_EDGE('',*,*,#362,.T.);
#362 = EDGE_CURVE('',#355,#363,#365,.T.);
#363 = VERTEX_POINT('',#364);
#364 = CARTESIAN_POINT('',(78.758700547646,8.123883332059,
    1.858996320639E-14));
#365 = LINE('',#366,#367);
#366 = CARTESIAN_POINT('',(72.507496224433,14.375087655272,
    1.511984772075E-14));
#367 = VECTOR('',#368,1.);
#368 = DIRECTION('',(-0.707106781187,0.707106781187,-3.925231146709E-16)
  );
#369 = ORIENTED_EDGE('',*,*,#370,.T.);
#370 = EDGE_CURVE('',#363,#371,#373,.T.);
#371 = VERTEX_POINT('',#372);
#372 = CARTESIAN_POINT('',(74.758700547646,4.123883332059,
    1.636951715714E-14));
#373 = LINE('',#374,#375);
#374 = CARTESIAN_POINT('',(73.760554558404,3.125737342816,
    1.581543482754E-14));
#375 = VECTOR('',#376,1.);
#376 = DIRECTION('',(-0.707106781187,-0.707106781187,-3.925231146709E-16
    ));
#377 = ORIENTED_EDGE('',*,*,#378,.T.);
#378 = EDGE_CURVE('',#371,#353,#379,.T.);
#379 = LINE('',#380,#381);
#380 = CARTESIAN_POINT('',(70.507496224433,8.375087655272,
    1.445371390598E-14));
#381 = VECTOR('',#382,1.);
#382 = DIRECTION('',(0.707106781187,-0.707106781187,3.925231146709E-16)
  );
#383 = FACE_BOUND('',#384,.F.);
#384 = EDGE_LOOP('',(#385,#395,#403,#411));
#385 = ORIENTED_EDGE('',*,*,#386,.T.);
#386 = EDGE_CURVE('',#387,#389,#391,.T.);
#387 = VERTEX_POINT('',#388);
#388 = CARTESIAN_POINT('',(69.758700547646,0.123883332059,
    1.359395959557E-14));
#389 = VERTEX_POINT('',#390);
#390 = CARTESIAN_POINT('',(73.758700547646,4.123883332059,
    1.581440564482E-14));
#391 = LINE('',#392,#393);
#392 = CARTESIAN_POINT('',(70.760554558404,1.125737342817,
    1.41501002906E-14));
#393 = VECTOR('',#394,1.);
#394 = DIRECTION('',(0.707106781187,0.707106781187,3.925231146709E-16));
#395 = ORIENTED_EDGE('',*,*,#396,.T.);
#396 = EDGE_CURVE('',#389,#397,#399,.T.);
#397 = VERTEX_POINT('',#398);
#398 = CARTESIAN_POINT('',(69.758700547646,8.123883332059,
    1.359395959557E-14));
#399 = LINE('',#400,#401);
#400 = CARTESIAN_POINT('',(63.507496224433,14.375087655272,
    1.012384410994E-14));
#401 = VECTOR('',#402,1.);
#402 = DIRECTION('',(-0.707106781187,0.707106781187,-3.925231146709E-16)
  );
#403 = ORIENTED_EDGE('',*,*,#404,.T.);
#404 = EDGE_CURVE('',#397,#405,#407,.T.);
#405 = VERTEX_POINT('',#406);
#406 = CARTESIAN_POINT('',(65.758700547646,4.123883332059,
    1.137351354632E-14));
#407 = LINE('',#408,#409);
#408 = CARTESIAN_POINT('',(64.760554558404,3.125737342816,
    1.081943121673E-14));
#409 = VECTOR('',#410,1.);
#410 = DIRECTION('',(-0.707106781187,-0.707106781187,-3.925231146709E-16
    ));
#411 = ORIENTED_EDGE('',*,*,#412,.T.);
#412 = EDGE_CURVE('',#405,#387,#413,.T.);
#413 = LINE('',#414,#415);
#414 = CARTESIAN_POINT('',(61.507496224433,8.375087655272,
    9.457710295165E-15));
#415 = VECTOR('',#416,1.);
#416 = DIRECTION('',(0.707106781187,-0.707106781187,3.925231146709E-16)
  );
#417 = FACE_BOUND('',#418,.F.);
#418 = EDGE_LOOP('',(#419));
#419 = ORIENTED_EDGE('',*,*,#420,.F.);
#420 = EDGE_CURVE('',#421,#421,#423,.T.);
#421 = VERTEX_POINT('',#422);
#422 = CARTESIAN_POINT('',(71.258680303194,9.389167222889,
    1.442661562611E-14));
#423 = CIRCLE('',#424,3.);
#424 = AXIS2_PLACEMENT_3D('',#425,#426,#427);
#425 = CARTESIAN_POINT('',(74.258680303194,9.389167222889,
    1.609195016305E-14));
#426 = DIRECTION('',(5.551115123126E-16,0.,-1.));
#427 = DIRECTION('',(-1.,0.,-5.551115123126E-16));
#428 = FACE_BOUND('',#429,.F.);
#429 = EDGE_LOOP('',(#430));
#430 = ORIENTED_EDGE('',*,*,#431,.F.);
#431 = EDGE_CURVE('',#432,#432,#434,.T.);
#432 = VERTEX_POINT('',#433);
#433 = CARTESIAN_POINT('',(62.258680303194,-1.110832777111,
    9.430612015301E-15));
#434 = CIRCLE('',#435,3.);
#435 = AXIS2_PLACEMENT_3D('',#436,#437,#438);
#436 = CARTESIAN_POINT('',(65.258680303194,-1.110832777111,
    1.109594655224E-14));
#437 = DIRECTION('',(5.551115123126E-16,0.,-1.));
#438 = DIRECTION('',(-1.,0.,-5.551115123126E-16));
#439 = FACE_BOUND('',#440,.F.);
#440 = EDGE_LOOP('',(#441,#451,#459,#467));
#441 = ORIENTED_EDGE('',*,*,#442,.T.);
#442 = EDGE_CURVE('',#443,#445,#447,.T.);
#443 = VERTEX_POINT('',#444);
#444 = CARTESIAN_POINT('',(60.758700547646,-10.38223333588,
    8.59795598476E-15));
#445 = VERTEX_POINT('',#446);
#446 = CARTESIAN_POINT('',(64.758700547646,-6.382233335882,
    1.081840203401E-14));
#447 = LINE('',#448,#449);
#448 = CARTESIAN_POINT('',(64.387083725389,-6.753850158139,
    1.061211325781E-14));
#449 = VECTOR('',#450,1.);
#450 = DIRECTION('',(0.707106781187,0.707106781187,3.925231146709E-16));
#451 = ORIENTED_EDGE('',*,*,#452,.T.);
#452 = EDGE_CURVE('',#445,#453,#455,.T.);
#453 = VERTEX_POINT('',#454);
#454 = CARTESIAN_POINT('',(60.758700547646,-2.382233335882,
    8.59795598476E-15));
#455 = LINE('',#456,#457);
#456 = CARTESIAN_POINT('',(51.880967057448,6.495500154316,
    4.113913130958E-15));
#457 = VECTOR('',#458,1.);
#458 = DIRECTION('',(-0.707106781187,0.707106781187,-3.925231146709E-16)
  );
#459 = ORIENTED_EDGE('',*,*,#460,.T.);
#460 = EDGE_CURVE('',#453,#461,#463,.T.);
#461 = VERTEX_POINT('',#462);
#462 = CARTESIAN_POINT('',(56.758700547646,-6.382233335882,
    6.37750993551E-15));
#463 = LINE('',#464,#465);
#464 = CARTESIAN_POINT('',(58.387083725389,-4.753850158139,
    7.725533393781E-15));
#465 = VECTOR('',#466,1.);
#466 = DIRECTION('',(-0.707106781187,-0.707106781187,-3.925231146709E-16
    ));
#467 = ORIENTED_EDGE('',*,*,#468,.T.);
#468 = EDGE_CURVE('',#461,#443,#469,.T.);
#469 = LINE('',#470,#471);
#470 = CARTESIAN_POINT('',(49.880967057448,0.495500154316,
    2.559600896483E-15));
#471 = VECTOR('',#472,1.);
#472 = DIRECTION('',(0.707106781187,-0.707106781187,3.925231146709E-16)
  );
#473 = FACE_BOUND('',#474,.F.);
#474 = EDGE_LOOP('',(#475));
#475 = ORIENTED_EDGE('',*,*,#476,.F.);
#476 = EDGE_CURVE('',#477,#477,#479,.T.);
#477 = VERTEX_POINT('',#478);
#478 = CARTESIAN_POINT('',(53.258680303194,-1.110832777111,
    4.434608404488E-15));
#479 = CIRCLE('',#480,3.);
#480 = AXIS2_PLACEMENT_3D('',#481,#482,#483);
#481 = CARTESIAN_POINT('',(56.258680303194,-1.110832777111,
    6.099942941426E-15));
#482 = DIRECTION('',(5.551115123126E-16,0.,-1.));
#483 = DIRECTION('',(-1.,0.,-5.551115123126E-16));
#484 = FACE_BOUND('',#485,.F.);
#485 = EDGE_LOOP('',(#486));
#486 = ORIENTED_EDGE('',*,*,#487,.F.);
#487 = EDGE_CURVE('',#488,#488,#490,.T.);
#488 = VERTEX_POINT('',#489);
#489 = CARTESIAN_POINT('',(42.01776608642,-13.38223218048,
    -1.805352486161E-15));
#490 = CIRCLE('',#491,3.);
#491 = AXIS2_PLACEMENT_3D('',#492,#493,#494);
#492 = CARTESIAN_POINT('',(45.01776608642,-13.38223218048,
    -1.400179492237E-16));
#493 = DIRECTION('',(5.551115123126E-16,0.,-1.));
#494 = DIRECTION('',(-1.,0.,-5.551115123126E-16));
#495 = FACE_BOUND('',#496,.F.);
#496 = EDGE_LOOP('',(#497,#507,#515,#523));
#497 = ORIENTED_EDGE('',*,*,#498,.T.);
#498 = EDGE_CURVE('',#499,#501,#503,.T.);
#499 = VERTEX_POINT('',#500);
#500 = CARTESIAN_POINT('',(51.758700547646,-10.38223333588,
    3.601952373947E-15));
#501 = VERTEX_POINT('',#502);
#502 = CARTESIAN_POINT('',(55.758700547646,-6.382233335882,
    5.822398423198E-15));
#503 = LINE('',#504,#505);
#504 = CARTESIAN_POINT('',(55.387083725389,-6.753850158139,
    5.616109646994E-15));
#505 = VECTOR('',#506,1.);
#506 = DIRECTION('',(0.707106781187,0.707106781187,3.925231146709E-16));
#507 = ORIENTED_EDGE('',*,*,#508,.T.);
#508 = EDGE_CURVE('',#501,#509,#511,.T.);
#509 = VERTEX_POINT('',#510);
#510 = CARTESIAN_POINT('',(51.758700547646,-2.382233335882,
    3.601952373947E-15));
#511 = LINE('',#512,#513);
#512 = CARTESIAN_POINT('',(42.880967057448,6.495500154316,
    -8.820904798547E-16));
#513 = VECTOR('',#514,1.);
#514 = DIRECTION('',(-0.707106781187,0.707106781187,-3.925231146709E-16)
  );
#515 = ORIENTED_EDGE('',*,*,#516,.T.);
#516 = EDGE_CURVE('',#509,#517,#519,.T.);
#517 = VERTEX_POINT('',#518);
#518 = CARTESIAN_POINT('',(47.758700547646,-6.382233335882,
    1.381506324697E-15));
#519 = LINE('',#520,#521);
#520 = CARTESIAN_POINT('',(49.387083725389,-4.753850158139,
    2.729529782968E-15));
#521 = VECTOR('',#522,1.);
#522 = DIRECTION('',(-0.707106781187,-0.707106781187,-3.925231146709E-16
    ));
#523 = ORIENTED_EDGE('',*,*,#524,.T.);
#524 = EDGE_CURVE('',#517,#499,#525,.T.);
#525 = LINE('',#526,#527);
#526 = CARTESIAN_POINT('',(40.880967057448,0.495500154316,
    -2.43640271433E-15));
#527 = VECTOR('',#528,1.);
#528 = DIRECTION('',(0.707106781187,-0.707106781187,3.925231146709E-16)
  );
#529 = FACE_BOUND('',#530,.F.);
#530 = EDGE_LOOP('',(#531,#541,#549,#557));
#531 = ORIENTED_EDGE('',*,*,#532,.T.);
#532 = EDGE_CURVE('',#533,#535,#537,.T.);
#533 = VERTEX_POINT('',#534);
#534 = CARTESIAN_POINT('',(60.758700547646,0.123883332059,
    8.59795598476E-15));
#535 = VERTEX_POINT('',#536);
#536 = CARTESIAN_POINT('',(64.758700547646,4.123883332059,
    1.081840203401E-14));
#537 = LINE('',#538,#539);
#538 = CARTESIAN_POINT('',(61.760554558404,1.125737342817,
    9.154096679788E-15));
#539 = VECTOR('',#540,1.);
#540 = DIRECTION('',(0.707106781187,0.707106781187,3.925231146709E-16));
#541 = ORIENTED_EDGE('',*,*,#542,.T.);
#542 = EDGE_CURVE('',#535,#543,#545,.T.);
#543 = VERTEX_POINT('',#544);
#544 = CARTESIAN_POINT('',(60.758700547646,8.123883332059,
    8.59795598476E-15));
#545 = LINE('',#546,#547);
#546 = CARTESIAN_POINT('',(54.507496224433,14.375087655272,
    5.127840499127E-15));
#547 = VECTOR('',#548,1.);
#548 = DIRECTION('',(-0.707106781187,0.707106781187,-3.925231146709E-16)
  );
#549 = ORIENTED_EDGE('',*,*,#550,.T.);
#550 = EDGE_CURVE('',#543,#551,#553,.T.);
#551 = VERTEX_POINT('',#552);
#552 = CARTESIAN_POINT('',(56.758700547646,4.123883332059,
    6.37750993551E-15));
#553 = LINE('',#554,#555);
#554 = CARTESIAN_POINT('',(55.760554558404,3.125737342816,
    5.823427605913E-15));
#555 = VECTOR('',#556,1.);
#556 = DIRECTION('',(-0.707106781187,-0.707106781187,-3.925231146709E-16
    ));
#557 = ORIENTED_EDGE('',*,*,#558,.T.);
#558 = EDGE_CURVE('',#551,#533,#559,.T.);
#559 = LINE('',#560,#561);
#560 = CARTESIAN_POINT('',(52.507496224433,8.375087655272,
    4.461706684352E-15));
#561 = VECTOR('',#562,1.);
#562 = DIRECTION('',(0.707106781187,-0.707106781187,3.925231146709E-16)
  );
#563 = FACE_BOUND('',#564,.F.);
#564 = EDGE_LOOP('',(#565));
#565 = ORIENTED_EDGE('',*,*,#566,.F.);
#566 = EDGE_CURVE('',#567,#567,#569,.T.);
#567 = VERTEX_POINT('',#568);
#568 = CARTESIAN_POINT('',(62.258680303194,9.389167222889,
    9.430612015301E-15));
#569 = CIRCLE('',#570,3.);
#570 = AXIS2_PLACEMENT_3D('',#571,#572,#573);
#571 = CARTESIAN_POINT('',(65.258680303194,9.389167222889,
    1.109594655224E-14));
#572 = DIRECTION('',(5.551115123126E-16,0.,-1.));
#573 = DIRECTION('',(-1.,0.,-5.551115123126E-16));
#574 = FACE_BOUND('',#575,.F.);
#575 = EDGE_LOOP('',(#576));
#576 = ORIENTED_EDGE('',*,*,#577,.F.);
#577 = EDGE_CURVE('',#578,#578,#580,.T.);
#578 = VERTEX_POINT('',#579);
#579 = CARTESIAN_POINT('',(53.258680303194,9.389167222889,
    4.434608404488E-15));
#580 = CIRCLE('',#581,3.);
#581 = AXIS2_PLACEMENT_3D('',#582,#583,#584);
#582 = CARTESIAN_POINT('',(56.258680303194,9.389167222889,
    6.099942941426E-15));
#583 = DIRECTION('',(5.551115123126E-16,0.,-1.));
#584 = DIRECTION('',(-1.,0.,-5.551115123126E-16));
#585 = FACE_BOUND('',#586,.F.);
#586 = EDGE_LOOP('',(#587,#597,#605,#613));
#587 = ORIENTED_EDGE('',*,*,#588,.T.);
#588 = EDGE_CURVE('',#589,#591,#593,.T.);
#589 = VERTEX_POINT('',#590);
#590 = CARTESIAN_POINT('',(51.758700547646,0.123883332059,
    3.601952373947E-15));
#591 = VERTEX_POINT('',#592);
#592 = CARTESIAN_POINT('',(55.758700547646,4.123883332059,
    5.822398423198E-15));
#593 = LINE('',#594,#595);
#594 = CARTESIAN_POINT('',(52.760554558404,1.125737342817,
    4.158093068975E-15));
#595 = VECTOR('',#596,1.);
#596 = DIRECTION('',(0.707106781187,0.707106781187,3.925231146709E-16));
#597 = ORIENTED_EDGE('',*,*,#598,.T.);
#598 = EDGE_CURVE('',#591,#599,#601,.T.);
#599 = VERTEX_POINT('',#600);
#600 = CARTESIAN_POINT('',(51.758700547646,8.123883332059,
    3.601952373947E-15));
#601 = LINE('',#602,#603);
#602 = CARTESIAN_POINT('',(45.507496224433,14.375087655272,
    1.318368883135E-16));
#603 = VECTOR('',#604,1.);
#604 = DIRECTION('',(-0.707106781187,0.707106781187,-3.925231146709E-16)
  );
#605 = ORIENTED_EDGE('',*,*,#606,.T.);
#606 = EDGE_CURVE('',#599,#607,#609,.T.);
#607 = VERTEX_POINT('',#608);
#608 = CARTESIAN_POINT('',(47.758700547646,4.123883332059,
    1.381506324697E-15));
#609 = LINE('',#610,#611);
#610 = CARTESIAN_POINT('',(46.760554558404,3.125737342816,
    8.274239950998E-16));
#611 = VECTOR('',#612,1.);
#612 = DIRECTION('',(-0.707106781187,-0.707106781187,-3.925231146709E-16
    ));
#613 = ORIENTED_EDGE('',*,*,#614,.T.);
#614 = EDGE_CURVE('',#607,#589,#615,.T.);
#615 = LINE('',#616,#617);
#616 = CARTESIAN_POINT('',(43.507496224433,8.375087655272,
    -5.342969264616E-16));
#617 = VECTOR('',#618,1.);
#618 = DIRECTION('',(0.707106781187,-0.707106781187,3.925231146709E-16)
  );
#619 = FACE_BOUND('',#620,.F.);
#620 = EDGE_LOOP('',(#621,#631,#639,#647));
#621 = ORIENTED_EDGE('',*,*,#622,.T.);
#622 = EDGE_CURVE('',#623,#625,#627,.T.);
#623 = VERTEX_POINT('',#624);
#624 = CARTESIAN_POINT('',(87.758700547646,10.63,2.35859668172E-14));
#625 = VERTEX_POINT('',#626);
#626 = CARTESIAN_POINT('',(91.758700547646,14.63,2.580641286645E-14));
#627 = LINE('',#628,#629);
#628 = CARTESIAN_POINT('',(86.134025391418,9.005324843772,
    2.268409093421E-14));
#629 = VECTOR('',#630,1.);
#630 = DIRECTION('',(0.707106781187,0.707106781187,3.925231146709E-16));
#631 = ORIENTED_EDGE('',*,*,#632,.T.);
#632 = EDGE_CURVE('',#625,#633,#635,.T.);
#633 = VERTEX_POINT('',#634);
#634 = CARTESIAN_POINT('',(87.758700547646,18.63,2.35859668172E-14));
#635 = LINE('',#636,#637);
#636 = CARTESIAN_POINT('',(84.134025391418,22.254675156228,
    2.157386790958E-14));
#637 = VECTOR('',#638,1.);
#638 = DIRECTION('',(-0.707106781187,0.707106781187,-3.925231146709E-16)
  );
#639 = ORIENTED_EDGE('',*,*,#640,.T.);
#640 = EDGE_CURVE('',#633,#641,#643,.T.);
#641 = VERTEX_POINT('',#642);
#642 = CARTESIAN_POINT('',(83.758700547646,14.63,2.136552076795E-14));
#643 = LINE('',#644,#645);
#644 = CARTESIAN_POINT('',(80.134025391418,11.005324843772,
    1.935342186033E-14));
#645 = VECTOR('',#646,1.);
#646 = DIRECTION('',(-0.707106781187,-0.707106781187,-3.925231146709E-16
    ));
#647 = ORIENTED_EDGE('',*,*,#648,.T.);
#648 = EDGE_CURVE('',#641,#623,#649,.T.);
#649 = LINE('',#650,#651);
#650 = CARTESIAN_POINT('',(82.134025391418,16.254675156228,
    2.046364488496E-14));
#651 = VECTOR('',#652,1.);
#652 = DIRECTION('',(0.707106781187,-0.707106781187,3.925231146709E-16)
  );
#653 = FACE_BOUND('',#654,.F.);
#654 = EDGE_LOOP('',(#655));
#655 = ORIENTED_EDGE('',*,*,#656,.F.);
#656 = EDGE_CURVE('',#657,#657,#659,.T.);
#657 = VERTEX_POINT('',#658);
#658 = CARTESIAN_POINT('',(80.258680303194,19.889167222889,
    1.942261923693E-14));
#659 = CIRCLE('',#660,3.);
#660 = AXIS2_PLACEMENT_3D('',#661,#662,#663);
#661 = CARTESIAN_POINT('',(83.258680303194,19.889167222889,
    2.108795377387E-14));
#662 = DIRECTION('',(5.551115123126E-16,0.,-1.));
#663 = DIRECTION('',(-1.,0.,-5.551115123126E-16));
#664 = FACE_BOUND('',#665,.F.);
#665 = EDGE_LOOP('',(#666,#676,#684,#692));
#666 = ORIENTED_EDGE('',*,*,#667,.T.);
#667 = EDGE_CURVE('',#668,#670,#672,.T.);
#668 = VERTEX_POINT('',#669);
#669 = CARTESIAN_POINT('',(87.758700547646,29.136116667941,
    2.35859668172E-14));
#670 = VERTEX_POINT('',#671);
#671 = CARTESIAN_POINT('',(83.758700547646,25.136116667941,
    2.136552076795E-14));
#672 = LINE('',#673,#674);
#673 = CARTESIAN_POINT('',(77.507496224433,18.884912344728,
    1.789540528232E-14));
#674 = VECTOR('',#675,1.);
#675 = DIRECTION('',(-0.707106781187,-0.707106781187,-3.925231146709E-16
    ));
#676 = ORIENTED_EDGE('',*,*,#677,.T.);
#677 = EDGE_CURVE('',#670,#678,#680,.T.);
#678 = VERTEX_POINT('',#679);
#679 = CARTESIAN_POINT('',(87.758700547646,21.136116667941,
    2.35859668172E-14));
#680 = LINE('',#681,#682);
#681 = CARTESIAN_POINT('',(84.760554558404,24.134262657184,
    2.192166146298E-14));
#682 = VECTOR('',#683,1.);
#683 = DIRECTION('',(0.707106781187,-0.707106781187,3.925231146709E-16)
  );
#684 = ORIENTED_EDGE('',*,*,#685,.T.);
#685 = EDGE_CURVE('',#678,#686,#688,.T.);
#686 = VERTEX_POINT('',#687);
#687 = CARTESIAN_POINT('',(91.758700547646,25.136116667941,
    2.580641286645E-14));
#688 = LINE('',#689,#690);
#689 = CARTESIAN_POINT('',(83.507496224433,16.884912344728,
    2.122607435619E-14));
#690 = VECTOR('',#691,1.);
#691 = DIRECTION('',(0.707106781187,0.707106781187,3.925231146709E-16));
#692 = ORIENTED_EDGE('',*,*,#693,.T.);
#693 = EDGE_CURVE('',#686,#668,#694,.T.);
#694 = LINE('',#695,#696);
#695 = CARTESIAN_POINT('',(86.760554558404,30.134262657184,
    2.30318844876E-14));
#696 = VECTOR('',#697,1.);
#697 = DIRECTION('',(-0.707106781187,0.707106781187,-3.925231146709E-16)
  );
#698 = FACE_BOUND('',#699,.F.);
#699 = EDGE_LOOP('',(#700,#710,#718,#726));
#700 = ORIENTED_EDGE('',*,*,#701,.T.);
#701 = EDGE_CURVE('',#702,#704,#706,.T.);
#702 = VERTEX_POINT('',#703);
#703 = CARTESIAN_POINT('',(78.758700547646,10.63,1.858996320639E-14));
#704 = VERTEX_POINT('',#705);
#705 = CARTESIAN_POINT('',(82.758700547646,14.63,2.081040925564E-14));
#706 = LINE('',#707,#708);
#707 = CARTESIAN_POINT('',(77.134025391418,9.005324843772,
    1.76880873234E-14));
#708 = VECTOR('',#709,1.);
#709 = DIRECTION('',(0.707106781187,0.707106781187,3.925231146709E-16));
#710 = ORIENTED_EDGE('',*,*,#711,.T.);
#711 = EDGE_CURVE('',#704,#712,#714,.T.);
#712 = VERTEX_POINT('',#713);
#713 = CARTESIAN_POINT('',(78.758700547646,18.63,1.858996320639E-14));
#714 = LINE('',#715,#716);
#715 = CARTESIAN_POINT('',(75.134025391418,22.254675156228,
    1.657786429877E-14));
#716 = VECTOR('',#717,1.);
#717 = DIRECTION('',(-0.707106781187,0.707106781187,-3.925231146709E-16)
  );
#718 = ORIENTED_EDGE('',*,*,#719,.T.);
#719 = EDGE_CURVE('',#712,#720,#722,.T.);
#720 = VERTEX_POINT('',#721);
#721 = CARTESIAN_POINT('',(74.758700547646,14.63,1.636951715714E-14));
#722 = LINE('',#723,#724);
#723 = CARTESIAN_POINT('',(71.134025391418,11.005324843772,
    1.435741824952E-14));
#724 = VECTOR('',#725,1.);
#725 = DIRECTION('',(-0.707106781187,-0.707106781187,-3.925231146709E-16
    ));
#726 = ORIENTED_EDGE('',*,*,#727,.T.);
#727 = EDGE_CURVE('',#720,#702,#728,.T.);
#728 = LINE('',#729,#730);
#729 = CARTESIAN_POINT('',(73.134025391418,16.254675156228,
    1.546764127415E-14));
#730 = VECTOR('',#731,1.);
#731 = DIRECTION('',(0.707106781187,-0.707106781187,3.925231146709E-16)
  );
#732 = FACE_BOUND('',#733,.F.);
#733 = EDGE_LOOP('',(#734,#744,#752,#760));
#734 = ORIENTED_EDGE('',*,*,#735,.T.);
#735 = EDGE_CURVE('',#736,#738,#740,.T.);
#736 = VERTEX_POINT('',#737);
#737 = CARTESIAN_POINT('',(69.758700547646,10.63,1.359395959557E-14));
#738 = VERTEX_POINT('',#739);
#739 = CARTESIAN_POINT('',(73.758700547646,14.63,1.581440564482E-14));
#740 = LINE('',#741,#742);
#741 = CARTESIAN_POINT('',(68.134025391418,9.005324843772,
    1.269208371258E-14));
#742 = VECTOR('',#743,1.);
#743 = DIRECTION('',(0.707106781187,0.707106781187,3.925231146709E-16));
#744 = ORIENTED_EDGE('',*,*,#745,.T.);
#745 = EDGE_CURVE('',#738,#746,#748,.T.);
#746 = VERTEX_POINT('',#747);
#747 = CARTESIAN_POINT('',(69.758700547646,18.63,1.359395959557E-14));
#748 = LINE('',#749,#750);
#749 = CARTESIAN_POINT('',(66.134025391418,22.254675156228,
    1.158186068796E-14));
#750 = VECTOR('',#751,1.);
#751 = DIRECTION('',(-0.707106781187,0.707106781187,-3.925231146709E-16)
  );
#752 = ORIENTED_EDGE('',*,*,#753,.T.);
#753 = EDGE_CURVE('',#746,#754,#756,.T.);
#754 = VERTEX_POINT('',#755);
#755 = CARTESIAN_POINT('',(65.758700547646,14.63,1.137351354632E-14));
#756 = LINE('',#757,#758);
#757 = CARTESIAN_POINT('',(62.134025391418,11.005324843772,
    9.361414638708E-15));
#758 = VECTOR('',#759,1.);
#759 = DIRECTION('',(-0.707106781187,-0.707106781187,-3.925231146709E-16
    ));
#760 = ORIENTED_EDGE('',*,*,#761,.T.);
#761 = EDGE_CURVE('',#754,#736,#762,.T.);
#762 = LINE('',#763,#764);
#763 = CARTESIAN_POINT('',(64.134025391418,16.254675156228,
    1.047163766333E-14));
#764 = VECTOR('',#765,1.);
#765 = DIRECTION('',(0.707106781187,-0.707106781187,3.925231146709E-16)
  );
#766 = FACE_BOUND('',#767,.F.);
#767 = EDGE_LOOP('',(#768));
#768 = ORIENTED_EDGE('',*,*,#769,.F.);
#769 = EDGE_CURVE('',#770,#770,#772,.T.);
#770 = VERTEX_POINT('',#771);
#771 = CARTESIAN_POINT('',(71.258680303194,19.889167222889,
    1.442661562611E-14));
#772 = CIRCLE('',#773,3.);
#773 = AXIS2_PLACEMENT_3D('',#774,#775,#776);
#774 = CARTESIAN_POINT('',(74.258680303194,19.889167222889,
    1.609195016305E-14));
#775 = DIRECTION('',(5.551115123126E-16,0.,-1.));
#776 = DIRECTION('',(-1.,0.,-5.551115123126E-16));
#777 = FACE_BOUND('',#778,.F.);
#778 = EDGE_LOOP('',(#779,#789,#797,#805));
#779 = ORIENTED_EDGE('',*,*,#780,.T.);
#780 = EDGE_CURVE('',#781,#783,#785,.T.);
#781 = VERTEX_POINT('',#782);
#782 = CARTESIAN_POINT('',(78.758700547646,29.136116667941,
    1.858996320639E-14));
#783 = VERTEX_POINT('',#784);
#784 = CARTESIAN_POINT('',(74.758700547646,25.136116667941,
    1.636951715714E-14));
#785 = LINE('',#786,#787);
#786 = CARTESIAN_POINT('',(68.507496224433,18.884912344728,
    1.28994016715E-14));
#787 = VECTOR('',#788,1.);
#788 = DIRECTION('',(-0.707106781187,-0.707106781187,-3.925231146709E-16
    ));
#789 = ORIENTED_EDGE('',*,*,#790,.T.);
#790 = EDGE_CURVE('',#783,#791,#793,.T.);
#791 = VERTEX_POINT('',#792);
#792 = CARTESIAN_POINT('',(78.758700547646,21.136116667941,
    1.858996320639E-14));
#793 = LINE('',#794,#795);
#794 = CARTESIAN_POINT('',(75.760554558404,24.134262657184,
    1.692565785216E-14));
#795 = VECTOR('',#796,1.);
#796 = DIRECTION('',(0.707106781187,-0.707106781187,3.925231146709E-16)
  );
#797 = ORIENTED_EDGE('',*,*,#798,.T.);
#798 = EDGE_CURVE('',#791,#799,#801,.T.);
#799 = VERTEX_POINT('',#800);
#800 = CARTESIAN_POINT('',(82.758700547646,25.136116667941,
    2.081040925564E-14));
#801 = LINE('',#802,#803);
#802 = CARTESIAN_POINT('',(74.507496224433,16.884912344728,
    1.623007074538E-14));
#803 = VECTOR('',#804,1.);
#804 = DIRECTION('',(0.707106781187,0.707106781187,3.925231146709E-16));
#805 = ORIENTED_EDGE('',*,*,#806,.T.);
#806 = EDGE_CURVE('',#799,#781,#807,.T.);
#807 = LINE('',#808,#809);
#808 = CARTESIAN_POINT('',(77.760554558404,30.134262657184,
    1.803588087679E-14));
#809 = VECTOR('',#810,1.);
#810 = DIRECTION('',(-0.707106781187,0.707106781187,-3.925231146709E-16)
  );
#811 = FACE_BOUND('',#812,.F.);
#812 = EDGE_LOOP('',(#813,#823,#831,#839));
#813 = ORIENTED_EDGE('',*,*,#814,.T.);
#814 = EDGE_CURVE('',#815,#817,#819,.T.);
#815 = VERTEX_POINT('',#816);
#816 = CARTESIAN_POINT('',(69.758700547646,29.136116667941,
    1.359395959557E-14));
#817 = VERTEX_POINT('',#818);
#818 = CARTESIAN_POINT('',(65.758700547646,25.136116667941,
    1.137351354632E-14));
#819 = LINE('',#820,#821);
#820 = CARTESIAN_POINT('',(59.507496224433,18.884912344728,
    7.90339806069E-15));
#821 = VECTOR('',#822,1.);
#822 = DIRECTION('',(-0.707106781187,-0.707106781187,-3.925231146709E-16
    ));
#823 = ORIENTED_EDGE('',*,*,#824,.T.);
#824 = EDGE_CURVE('',#817,#825,#827,.T.);
#825 = VERTEX_POINT('',#826);
#826 = CARTESIAN_POINT('',(69.758700547646,21.136116667941,
    1.359395959557E-14));
#827 = LINE('',#828,#829);
#828 = CARTESIAN_POINT('',(66.760554558404,24.134262657184,
    1.192965424135E-14));
#829 = VECTOR('',#830,1.);
#830 = DIRECTION('',(0.707106781187,-0.707106781187,3.925231146709E-16)
  );
#831 = ORIENTED_EDGE('',*,*,#832,.T.);
#832 = EDGE_CURVE('',#825,#833,#835,.T.);
#833 = VERTEX_POINT('',#834);
#834 = CARTESIAN_POINT('',(73.758700547646,25.136116667941,
    1.581440564482E-14));
#835 = LINE('',#836,#837);
#836 = CARTESIAN_POINT('',(65.507496224433,16.884912344728,
    1.123406713457E-14));
#837 = VECTOR('',#838,1.);
#838 = DIRECTION('',(0.707106781187,0.707106781187,3.925231146709E-16));
#839 = ORIENTED_EDGE('',*,*,#840,.T.);
#840 = EDGE_CURVE('',#833,#815,#841,.T.);
#841 = LINE('',#842,#843);
#842 = CARTESIAN_POINT('',(68.760554558404,30.134262657184,
    1.303987726598E-14));
#843 = VECTOR('',#844,1.);
#844 = DIRECTION('',(-0.707106781187,0.707106781187,-3.925231146709E-16)
  );
#845 = FACE_BOUND('',#846,.F.);
#846 = EDGE_LOOP('',(#847));
#847 = ORIENTED_EDGE('',*,*,#848,.F.);
#848 = EDGE_CURVE('',#849,#849,#851,.T.);
#849 = VERTEX_POINT('',#850);
#850 = CARTESIAN_POINT('',(80.258680303194,30.389167222889,
    1.942261923693E-14));
#851 = CIRCLE('',#852,3.);
#852 = AXIS2_PLACEMENT_3D('',#853,#854,#855);
#853 = CARTESIAN_POINT('',(83.258680303194,30.389167222889,
    2.108795377387E-14));
#854 = DIRECTION('',(5.551115123126E-16,0.,-1.));
#855 = DIRECTION('',(-1.,0.,-5.551115123126E-16));
#856 = FACE_BOUND('',#857,.F.);
#857 = EDGE_LOOP('',(#858,#868,#876,#884));
#858 = ORIENTED_EDGE('',*,*,#859,.T.);
#859 = EDGE_CURVE('',#860,#862,#864,.T.);
#860 = VERTEX_POINT('',#861);
#861 = CARTESIAN_POINT('',(87.758700547646,31.642233335882,
    2.35859668172E-14));
#862 = VERTEX_POINT('',#863);
#863 = CARTESIAN_POINT('',(91.758682953157,35.642250930371,
    2.580640309955E-14));
#864 = LINE('',#865,#866);
#865 = CARTESIAN_POINT('',(80.880998944766,24.764471227914,
    1.976807547919E-14));
#866 = VECTOR('',#867,1.);
#867 = DIRECTION('',(0.707103670884,0.707109891475,3.925213881063E-16));
#868 = ORIENTED_EDGE('',*,*,#869,.T.);
#869 = EDGE_CURVE('',#862,#870,#872,.T.);
#870 = VERTEX_POINT('',#871);
#871 = CARTESIAN_POINT('',(87.758665358668,39.642233335882,
    2.358594728339E-14));
#872 = LINE('',#873,#874);
#873 = CARTESIAN_POINT('',(89.387016649093,38.013896370398,
    2.44898638308E-14));
#874 = VECTOR('',#875,1.);
#875 = DIRECTION('',(-0.707109891475,0.707103670884,-3.92524841228E-16)
  );
#876 = ORIENTED_EDGE('',*,*,#877,.T.);
#877 = EDGE_CURVE('',#870,#878,#880,.T.);
#878 = VERTEX_POINT('',#879);
#879 = CARTESIAN_POINT('',(83.758682953157,35.642215741393,
    2.136551100105E-14));
#880 = LINE('',#881,#882);
#881 = CARTESIAN_POINT('',(74.880990147521,26.764444836181,
    1.688149073171E-14));
#882 = VECTOR('',#883,1.);
#883 = DIRECTION('',(-0.707103670884,-0.707109891475,-3.925213881063E-16
    ));
#884 = ORIENTED_EDGE('',*,*,#885,.T.);
#885 = EDGE_CURVE('',#878,#860,#886,.T.);
#886 = LINE('',#887,#888);
#887 = CARTESIAN_POINT('',(87.387043040827,32.013887573154,
    2.382374466638E-14));
#888 = VECTOR('',#889,1.);
#889 = DIRECTION('',(0.707109891475,-0.707103670884,3.92524841228E-16));
#890 = FACE_BOUND('',#891,.F.);
#891 = EDGE_LOOP('',(#892));
#892 = ORIENTED_EDGE('',*,*,#893,.F.);
#893 = EDGE_CURVE('',#894,#894,#896,.T.);
#894 = VERTEX_POINT('',#895);
#895 = CARTESIAN_POINT('',(90.502232758185,42.642233335882,
    2.510893313167E-14));
#896 = CIRCLE('',#897,3.);
#897 = AXIS2_PLACEMENT_3D('',#898,#899,#900);
#898 = CARTESIAN_POINT('',(93.502232758185,42.642233335882,
    2.677426766861E-14));
#899 = DIRECTION('',(5.551115123126E-16,0.,-1.));
#900 = DIRECTION('',(-1.,0.,-5.551115123126E-16));
#901 = FACE_BOUND('',#902,.F.);
#902 = EDGE_LOOP('',(#903,#913,#921,#929));
#903 = ORIENTED_EDGE('',*,*,#904,.T.);
#904 = EDGE_CURVE('',#905,#907,#909,.T.);
#905 = VERTEX_POINT('',#906);
#906 = CARTESIAN_POINT('',(78.758700547646,31.642233335882,
    1.858996320639E-14));
#907 = VERTEX_POINT('',#908);
#908 = CARTESIAN_POINT('',(82.758682953157,35.642250930371,
    2.081039948873E-14));
#909 = LINE('',#910,#911);
#910 = CARTESIAN_POINT('',(71.880998944766,24.764471227914,
    1.477207186838E-14));
#911 = VECTOR('',#912,1.);
#912 = DIRECTION('',(0.707103670884,0.707109891475,3.925213881063E-16));
#913 = ORIENTED_EDGE('',*,*,#914,.T.);
#914 = EDGE_CURVE('',#907,#915,#917,.T.);
#915 = VERTEX_POINT('',#916);
#916 = CARTESIAN_POINT('',(78.758665358668,39.642233335882,
    1.858994367258E-14));
#917 = LINE('',#918,#919);
#918 = CARTESIAN_POINT('',(80.387016649093,38.013896370398,
    1.949386021998E-14));
#919 = VECTOR('',#920,1.);
#920 = DIRECTION('',(-0.707109891475,0.707103670884,-3.92524841228E-16)
  );
#921 = ORIENTED_EDGE('',*,*,#922,.T.);
#922 = EDGE_CURVE('',#915,#923,#925,.T.);
#923 = VERTEX_POINT('',#924);
#924 = CARTESIAN_POINT('',(74.758682953157,35.642215741393,
    1.636950739023E-14));
#925 = LINE('',#926,#927);
#926 = CARTESIAN_POINT('',(65.880990147521,26.764444836181,
    1.18854871209E-14));
#927 = VECTOR('',#928,1.);
#928 = DIRECTION('',(-0.707103670884,-0.707109891475,-3.925213881063E-16
    ));
#929 = ORIENTED_EDGE('',*,*,#930,.T.);
#930 = EDGE_CURVE('',#923,#905,#931,.T.);
#931 = LINE('',#932,#933);
#932 = CARTESIAN_POINT('',(78.387043040827,32.013887573154,
    1.882774105556E-14));
#933 = VECTOR('',#934,1.);
#934 = DIRECTION('',(0.707109891475,-0.707103670884,3.92524841228E-16));
#935 = FACE_BOUND('',#936,.F.);
#936 = EDGE_LOOP('',(#937));
#937 = ORIENTED_EDGE('',*,*,#938,.F.);
#938 = EDGE_CURVE('',#939,#939,#941,.T.);
#939 = VERTEX_POINT('',#940);
#940 = CARTESIAN_POINT('',(71.258680303194,30.389167222889,
    1.442661562611E-14));
#941 = CIRCLE('',#942,3.);
#942 = AXIS2_PLACEMENT_3D('',#943,#944,#945);
#943 = CARTESIAN_POINT('',(74.258680303194,30.389167222889,
    1.609195016305E-14));
#944 = DIRECTION('',(5.551115123126E-16,0.,-1.));
#945 = DIRECTION('',(-1.,0.,-5.551115123126E-16));
#946 = FACE_BOUND('',#947,.F.);
#947 = EDGE_LOOP('',(#948,#958,#966,#974));
#948 = ORIENTED_EDGE('',*,*,#949,.T.);
#949 = EDGE_CURVE('',#950,#952,#954,.T.);
#950 = VERTEX_POINT('',#951);
#951 = CARTESIAN_POINT('',(69.758700547646,31.642233335882,
    1.359395959557E-14));
#952 = VERTEX_POINT('',#953);
#953 = CARTESIAN_POINT('',(73.758682953157,35.642250930371,
    1.581439587792E-14));
#954 = LINE('',#955,#956);
#955 = CARTESIAN_POINT('',(62.880998944766,24.764471227914,
    9.776068257564E-15));
#956 = VECTOR('',#957,1.);
#957 = DIRECTION('',(0.707103670884,0.707109891475,3.925213881063E-16));
#958 = ORIENTED_EDGE('',*,*,#959,.T.);
#959 = EDGE_CURVE('',#952,#960,#962,.T.);
#960 = VERTEX_POINT('',#961);
#961 = CARTESIAN_POINT('',(69.758665358668,39.642233335882,
    1.359394006177E-14));
#962 = LINE('',#963,#964);
#963 = CARTESIAN_POINT('',(71.387016649093,38.013896370398,
    1.449785660917E-14));
#964 = VECTOR('',#965,1.);
#965 = DIRECTION('',(-0.707109891475,0.707103670884,-3.92524841228E-16)
  );
#966 = ORIENTED_EDGE('',*,*,#967,.T.);
#967 = EDGE_CURVE('',#960,#968,#970,.T.);
#968 = VERTEX_POINT('',#969);
#969 = CARTESIAN_POINT('',(65.758682953157,35.642215741393,
    1.137350377942E-14));
#970 = LINE('',#971,#972);
#971 = CARTESIAN_POINT('',(56.880990147521,26.764444836181,
    6.889483510087E-15));
#972 = VECTOR('',#973,1.);
#973 = DIRECTION('',(-0.707103670884,-0.707109891475,-3.925213881063E-16
    ));
#974 = ORIENTED_EDGE('',*,*,#975,.T.);
#975 = EDGE_CURVE('',#968,#950,#976,.T.);
#976 = LINE('',#977,#978);
#977 = CARTESIAN_POINT('',(69.387043040827,32.013887573154,
    1.383173744475E-14));
#978 = VECTOR('',#979,1.);
#979 = DIRECTION('',(0.707109891475,-0.707103670884,3.92524841228E-16));
#980 = FACE_BOUND('',#981,.F.);
#981 = EDGE_LOOP('',(#982));
#982 = ORIENTED_EDGE('',*,*,#983,.F.);
#983 = EDGE_CURVE('',#984,#984,#986,.T.);
#984 = VERTEX_POINT('',#985);
#985 = CARTESIAN_POINT('',(62.258680303194,19.889167222889,
    9.430612015301E-15));
#986 = CIRCLE('',#987,3.);
#987 = AXIS2_PLACEMENT_3D('',#988,#989,#990);
#988 = CARTESIAN_POINT('',(65.258680303194,19.889167222889,
    1.109594655224E-14));
#989 = DIRECTION('',(5.551115123126E-16,0.,-1.));
#990 = DIRECTION('',(-1.,0.,-5.551115123126E-16));
#991 = FACE_BOUND('',#992,.F.);
#992 = EDGE_LOOP('',(#993,#1003,#1011,#1019));
#993 = ORIENTED_EDGE('',*,*,#994,.T.);
#994 = EDGE_CURVE('',#995,#997,#999,.T.);
#995 = VERTEX_POINT('',#996);
#996 = CARTESIAN_POINT('',(60.758700547646,10.63,8.59795598476E-15));
#997 = VERTEX_POINT('',#998);
#998 = CARTESIAN_POINT('',(64.758700547646,14.63,1.081840203401E-14));
#999 = LINE('',#1000,#1001);
#1000 = CARTESIAN_POINT('',(59.134025391418,9.005324843772,
    7.69608010177E-15));
#1001 = VECTOR('',#1002,1.);
#1002 = DIRECTION('',(0.707106781187,0.707106781187,3.925231146709E-16)
  );
#1003 = ORIENTED_EDGE('',*,*,#1004,.T.);
#1004 = EDGE_CURVE('',#997,#1005,#1007,.T.);
#1005 = VERTEX_POINT('',#1006);
#1006 = CARTESIAN_POINT('',(60.758700547646,18.63,8.59795598476E-15));
#1007 = LINE('',#1008,#1009);
#1008 = CARTESIAN_POINT('',(57.134025391418,22.254675156228,
    6.585857077145E-15));
#1009 = VECTOR('',#1010,1.);
#1010 = DIRECTION('',(-0.707106781187,0.707106781187,-3.925231146709E-16
    ));
#1011 = ORIENTED_EDGE('',*,*,#1012,.T.);
#1012 = EDGE_CURVE('',#1005,#1013,#1015,.T.);
#1013 = VERTEX_POINT('',#1014);
#1014 = CARTESIAN_POINT('',(56.758700547646,14.63,6.37750993551E-15));
#1015 = LINE('',#1016,#1017);
#1016 = CARTESIAN_POINT('',(53.134025391418,11.005324843772,
    4.365411027895E-15));
#1017 = VECTOR('',#1018,1.);
#1018 = DIRECTION('',(-0.707106781187,-0.707106781187,
    -3.925231146709E-16));
#1019 = ORIENTED_EDGE('',*,*,#1020,.T.);
#1020 = EDGE_CURVE('',#1013,#995,#1021,.T.);
#1021 = LINE('',#1022,#1023);
#1022 = CARTESIAN_POINT('',(55.134025391418,16.254675156228,
    5.47563405252E-15));
#1023 = VECTOR('',#1024,1.);
#1024 = DIRECTION('',(0.707106781187,-0.707106781187,3.925231146709E-16)
  );
#1025 = FACE_BOUND('',#1026,.F.);
#1026 = EDGE_LOOP('',(#1027));
#1027 = ORIENTED_EDGE('',*,*,#1028,.F.);
#1028 = EDGE_CURVE('',#1029,#1029,#1031,.T.);
#1029 = VERTEX_POINT('',#1030);
#1030 = CARTESIAN_POINT('',(53.258680303194,19.889167222889,
    4.434608404488E-15));
#1031 = CIRCLE('',#1032,3.);
#1032 = AXIS2_PLACEMENT_3D('',#1033,#1034,#1035);
#1033 = CARTESIAN_POINT('',(56.258680303194,19.889167222889,
    6.099942941426E-15));
#1034 = DIRECTION('',(5.551115123126E-16,0.,-1.));
#1035 = DIRECTION('',(-1.,0.,-5.551115123126E-16));
#1036 = FACE_BOUND('',#1037,.F.);
#1037 = EDGE_LOOP('',(#1038,#1048,#1056,#1064));
#1038 = ORIENTED_EDGE('',*,*,#1039,.T.);
#1039 = EDGE_CURVE('',#1040,#1042,#1044,.T.);
#1040 = VERTEX_POINT('',#1041);
#1041 = CARTESIAN_POINT('',(60.758700547646,29.136116667941,
    8.59795598476E-15));
#1042 = VERTEX_POINT('',#1043);
#1043 = CARTESIAN_POINT('',(56.758700547646,25.136116667941,
    6.37750993551E-15));
#1044 = LINE('',#1045,#1046);
#1045 = CARTESIAN_POINT('',(50.507496224433,18.884912344728,
    2.907394449876E-15));
#1046 = VECTOR('',#1047,1.);
#1047 = DIRECTION('',(-0.707106781187,-0.707106781187,
    -3.925231146709E-16));
#1048 = ORIENTED_EDGE('',*,*,#1049,.T.);
#1049 = EDGE_CURVE('',#1042,#1050,#1052,.T.);
#1050 = VERTEX_POINT('',#1051);
#1051 = CARTESIAN_POINT('',(60.758700547646,21.136116667941,
    8.59795598476E-15));
#1052 = LINE('',#1053,#1054);
#1053 = CARTESIAN_POINT('',(57.760554558404,24.134262657184,
    6.933650630538E-15));
#1054 = VECTOR('',#1055,1.);
#1055 = DIRECTION('',(0.707106781187,-0.707106781187,3.925231146709E-16)
  );
#1056 = ORIENTED_EDGE('',*,*,#1057,.T.);
#1057 = EDGE_CURVE('',#1050,#1058,#1060,.T.);
#1058 = VERTEX_POINT('',#1059);
#1059 = CARTESIAN_POINT('',(64.758700547646,25.136116667941,
    1.081840203401E-14));
#1060 = LINE('',#1061,#1062);
#1061 = CARTESIAN_POINT('',(56.507496224433,16.884912344728,
    6.238063523752E-15));
#1062 = VECTOR('',#1063,1.);
#1063 = DIRECTION('',(0.707106781187,0.707106781187,3.925231146709E-16)
  );
#1064 = ORIENTED_EDGE('',*,*,#1065,.T.);
#1065 = EDGE_CURVE('',#1058,#1040,#1066,.T.);
#1066 = LINE('',#1067,#1068);
#1067 = CARTESIAN_POINT('',(59.760554558404,30.134262657184,
    8.043873655163E-15));
#1068 = VECTOR('',#1069,1.);
#1069 = DIRECTION('',(-0.707106781187,0.707106781187,-3.925231146709E-16
    ));
#1070 = FACE_BOUND('',#1071,.F.);
#1071 = EDGE_LOOP('',(#1072,#1082,#1090,#1098));
#1072 = ORIENTED_EDGE('',*,*,#1073,.T.);
#1073 = EDGE_CURVE('',#1074,#1076,#1078,.T.);
#1074 = VERTEX_POINT('',#1075);
#1075 = CARTESIAN_POINT('',(51.758700547646,10.63,3.601952373947E-15));
#1076 = VERTEX_POINT('',#1077);
#1077 = CARTESIAN_POINT('',(55.758700547646,14.63,5.822398423198E-15));
#1078 = LINE('',#1079,#1080);
#1079 = CARTESIAN_POINT('',(50.134025391418,9.005324843772,
    2.700076490957E-15));
#1080 = VECTOR('',#1081,1.);
#1081 = DIRECTION('',(0.707106781187,0.707106781187,3.925231146709E-16)
  );
#1082 = ORIENTED_EDGE('',*,*,#1083,.T.);
#1083 = EDGE_CURVE('',#1076,#1084,#1086,.T.);
#1084 = VERTEX_POINT('',#1085);
#1085 = CARTESIAN_POINT('',(51.758700547646,18.63,3.601952373947E-15));
#1086 = LINE('',#1087,#1088);
#1087 = CARTESIAN_POINT('',(48.134025391418,22.254675156228,
    1.589853466332E-15));
#1088 = VECTOR('',#1089,1.);
#1089 = DIRECTION('',(-0.707106781187,0.707106781187,-3.925231146709E-16
    ));
#1090 = ORIENTED_EDGE('',*,*,#1091,.T.);
#1091 = EDGE_CURVE('',#1084,#1092,#1094,.T.);
#1092 = VERTEX_POINT('',#1093);
#1093 = CARTESIAN_POINT('',(47.758700547646,14.63,1.381506324697E-15));
#1094 = LINE('',#1095,#1096);
#1095 = CARTESIAN_POINT('',(44.134025391418,11.005324843772,
    -6.305925829185E-16));
#1096 = VECTOR('',#1097,1.);
#1097 = DIRECTION('',(-0.707106781187,-0.707106781187,
    -3.925231146709E-16));
#1098 = ORIENTED_EDGE('',*,*,#1099,.T.);
#1099 = EDGE_CURVE('',#1092,#1074,#1100,.T.);
#1100 = LINE('',#1101,#1102);
#1101 = CARTESIAN_POINT('',(46.134025391418,16.254675156228,
    4.796304417067E-16));
#1102 = VECTOR('',#1103,1.);
#1103 = DIRECTION('',(0.707106781187,-0.707106781187,3.925231146709E-16)
  );
#1104 = FACE_BOUND('',#1105,.F.);
#1105 = EDGE_LOOP('',(#1106,#1116,#1124,#1132));
#1106 = ORIENTED_EDGE('',*,*,#1107,.T.);
#1107 = EDGE_CURVE('',#1108,#1110,#1112,.T.);
#1108 = VERTEX_POINT('',#1109);
#1109 = CARTESIAN_POINT('',(51.758700547646,29.136116667941,
    3.601952373947E-15));
#1110 = VERTEX_POINT('',#1111);
#1111 = CARTESIAN_POINT('',(47.758700547646,25.136116667941,
    1.381506324697E-15));
#1112 = LINE('',#1113,#1114);
#1113 = CARTESIAN_POINT('',(41.507496224433,18.884912344728,
    -2.088609160937E-15));
#1114 = VECTOR('',#1115,1.);
#1115 = DIRECTION('',(-0.707106781187,-0.707106781187,
    -3.925231146709E-16));
#1116 = ORIENTED_EDGE('',*,*,#1117,.T.);
#1117 = EDGE_CURVE('',#1110,#1118,#1120,.T.);
#1118 = VERTEX_POINT('',#1119);
#1119 = CARTESIAN_POINT('',(51.758700547646,21.136116667941,
    3.601952373947E-15));
#1120 = LINE('',#1121,#1122);
#1121 = CARTESIAN_POINT('',(48.760554558404,24.134262657184,
    1.937647019725E-15));
#1122 = VECTOR('',#1123,1.);
#1123 = DIRECTION('',(0.707106781187,-0.707106781187,3.925231146709E-16)
  );
#1124 = ORIENTED_EDGE('',*,*,#1125,.T.);
#1125 = EDGE_CURVE('',#1118,#1126,#1128,.T.);
#1126 = VERTEX_POINT('',#1127);
#1127 = CARTESIAN_POINT('',(55.758700547646,25.136116667941,
    5.822398423198E-15));
#1128 = LINE('',#1129,#1130);
#1129 = CARTESIAN_POINT('',(47.507496224433,16.884912344728,
    1.242059912939E-15));
#1130 = VECTOR('',#1131,1.);
#1131 = DIRECTION('',(0.707106781187,0.707106781187,3.925231146709E-16)
  );
#1132 = ORIENTED_EDGE('',*,*,#1133,.T.);
#1133 = EDGE_CURVE('',#1126,#1108,#1134,.T.);
#1134 = LINE('',#1135,#1136);
#1135 = CARTESIAN_POINT('',(50.760554558404,30.134262657184,
    3.04787004435E-15));
#1136 = VECTOR('',#1137,1.);
#1137 = DIRECTION('',(-0.707106781187,0.707106781187,-3.925231146709E-16
    ));
#1138 = FACE_BOUND('',#1139,.F.);
#1139 = EDGE_LOOP('',(#1140));
#1140 = ORIENTED_EDGE('',*,*,#1141,.F.);
#1141 = EDGE_CURVE('',#1142,#1142,#1144,.T.);
#1142 = VERTEX_POINT('',#1143);
#1143 = CARTESIAN_POINT('',(62.258680303194,30.389167222889,
    9.430612015301E-15));
#1144 = CIRCLE('',#1145,3.);
#1145 = AXIS2_PLACEMENT_3D('',#1146,#1147,#1148);
#1146 = CARTESIAN_POINT('',(65.258680303194,30.389167222889,
    1.109594655224E-14));
#1147 = DIRECTION('',(5.551115123126E-16,0.,-1.));
#1148 = DIRECTION('',(-1.,0.,-5.551115123126E-16));
#1149 = FACE_BOUND('',#1150,.F.);
#1150 = EDGE_LOOP('',(#1151));
#1151 = ORIENTED_EDGE('',*,*,#1152,.F.);
#1152 = EDGE_CURVE('',#1153,#1153,#1155,.T.);
#1153 = VERTEX_POINT('',#1154);
#1154 = CARTESIAN_POINT('',(53.258680303194,30.389167222889,
    4.434608404488E-15));
#1155 = CIRCLE('',#1156,3.);
#1156 = AXIS2_PLACEMENT_3D('',#1157,#1158,#1159);
#1157 = CARTESIAN_POINT('',(56.258680303194,30.389167222889,
    6.099942941426E-15));
#1158 = DIRECTION('',(5.551115123126E-16,0.,-1.));
#1159 = DIRECTION('',(-1.,0.,-5.551115123126E-16));
#1160 = FACE_BOUND('',#1161,.F.);
#1161 = EDGE_LOOP('',(#1162,#1172,#1180,#1188));
#1162 = ORIENTED_EDGE('',*,*,#1163,.T.);
#1163 = EDGE_CURVE('',#1164,#1166,#1168,.T.);
#1164 = VERTEX_POINT('',#1165);
#1165 = CARTESIAN_POINT('',(60.758700547646,31.642233335882,
    8.59795598476E-15));
#1166 = VERTEX_POINT('',#1167);
#1167 = CARTESIAN_POINT('',(64.758682953157,35.642250930371,
    1.081839226711E-14));
#1168 = LINE('',#1169,#1170);
#1169 = CARTESIAN_POINT('',(53.880998944766,24.764471227914,
    4.780064646751E-15));
#1170 = VECTOR('',#1171,1.);
#1171 = DIRECTION('',(0.707103670884,0.707109891475,3.925213881063E-16)
  );
#1172 = ORIENTED_EDGE('',*,*,#1173,.T.);
#1173 = EDGE_CURVE('',#1166,#1174,#1176,.T.);
#1174 = VERTEX_POINT('',#1175);
#1175 = CARTESIAN_POINT('',(60.758665358668,39.642233335882,
    8.597936450954E-15));
#1176 = LINE('',#1177,#1178);
#1177 = CARTESIAN_POINT('',(62.387016649093,38.013896370398,
    9.501852998358E-15));
#1178 = VECTOR('',#1179,1.);
#1179 = DIRECTION('',(-0.707109891475,0.707103670884,-3.92524841228E-16)
  );
#1180 = ORIENTED_EDGE('',*,*,#1181,.T.);
#1181 = EDGE_CURVE('',#1174,#1182,#1184,.T.);
#1182 = VERTEX_POINT('',#1183);
#1183 = CARTESIAN_POINT('',(56.758682953157,35.642215741393,
    6.377500168607E-15));
#1184 = LINE('',#1185,#1186);
#1185 = CARTESIAN_POINT('',(47.880990147521,26.764444836181,
    1.893479899274E-15));
#1186 = VECTOR('',#1187,1.);
#1187 = DIRECTION('',(-0.707103670884,-0.707109891475,
    -3.925213881063E-16));
#1188 = ORIENTED_EDGE('',*,*,#1189,.T.);
#1189 = EDGE_CURVE('',#1182,#1164,#1190,.T.);
#1190 = LINE('',#1191,#1192);
#1191 = CARTESIAN_POINT('',(60.387043040827,32.013887573154,
    8.835733833938E-15));
#1192 = VECTOR('',#1193,1.);
#1193 = DIRECTION('',(0.707109891475,-0.707103670884,3.92524841228E-16)
  );
#1194 = FACE_BOUND('',#1195,.F.);
#1195 = EDGE_LOOP('',(#1196,#1206,#1214,#1222));
#1196 = ORIENTED_EDGE('',*,*,#1197,.T.);
#1197 = EDGE_CURVE('',#1198,#1200,#1202,.T.);
#1198 = VERTEX_POINT('',#1199);
#1199 = CARTESIAN_POINT('',(51.758700547646,31.642233335882,
    3.601952373947E-15));
#1200 = VERTEX_POINT('',#1201);
#1201 = CARTESIAN_POINT('',(55.758682953157,35.642250930371,
    5.822388656294E-15));
#1202 = LINE('',#1203,#1204);
#1203 = CARTESIAN_POINT('',(44.880998944766,24.764471227914,
    -2.159389640624E-16));
#1204 = VECTOR('',#1205,1.);
#1205 = DIRECTION('',(0.707103670884,0.707109891475,3.925213881063E-16)
  );
#1206 = ORIENTED_EDGE('',*,*,#1207,.T.);
#1207 = EDGE_CURVE('',#1200,#1208,#1210,.T.);
#1208 = VERTEX_POINT('',#1209);
#1209 = CARTESIAN_POINT('',(51.758665358668,39.642233335882,
    3.601932840141E-15));
#1210 = LINE('',#1211,#1212);
#1211 = CARTESIAN_POINT('',(53.387016649093,38.013896370398,
    4.505849387545E-15));
#1212 = VECTOR('',#1213,1.);
#1213 = DIRECTION('',(-0.707109891475,0.707103670884,-3.92524841228E-16)
  );
#1214 = ORIENTED_EDGE('',*,*,#1215,.T.);
#1215 = EDGE_CURVE('',#1208,#1216,#1218,.T.);
#1216 = VERTEX_POINT('',#1217);
#1217 = CARTESIAN_POINT('',(47.758682953157,35.642215741393,
    1.381496557794E-15));
#1218 = LINE('',#1219,#1220);
#1219 = CARTESIAN_POINT('',(38.880990147521,26.764444836181,
    -3.102523711539E-15));
#1220 = VECTOR('',#1221,1.);
#1221 = DIRECTION('',(-0.707103670884,-0.707109891475,
    -3.925213881063E-16));
#1222 = ORIENTED_EDGE('',*,*,#1223,.T.);
#1223 = EDGE_CURVE('',#1216,#1198,#1224,.T.);
#1224 = LINE('',#1225,#1226);
#1225 = CARTESIAN_POINT('',(51.387043040827,32.013887573154,
    3.839730223124E-15));
#1226 = VECTOR('',#1227,1.);
#1227 = DIRECTION('',(0.707109891475,-0.707103670884,3.92524841228E-16)
  );
#1228 = FACE_BOUND('',#1229,.F.);
#1229 = EDGE_LOOP('',(#1230));
#1230 = ORIENTED_EDGE('',*,*,#1231,.F.);
#1231 = EDGE_CURVE('',#1232,#1232,#1234,.T.);
#1232 = VERTEX_POINT('',#1233);
#1233 = CARTESIAN_POINT('',(42.01776608642,42.642232180488,
    -1.805352486161E-15));
#1234 = CIRCLE('',#1235,3.);
#1235 = AXIS2_PLACEMENT_3D('',#1236,#1237,#1238);
#1236 = CARTESIAN_POINT('',(45.01776608642,42.642232180488,
    -1.400179492237E-16));
#1237 = DIRECTION('',(5.551115123126E-16,0.,-1.));
#1238 = DIRECTION('',(-1.,0.,-5.551115123126E-16));
#1239 = PLANE('',#1240);
#1240 = AXIS2_PLACEMENT_3D('',#1241,#1242,#1243);
#1241 = CARTESIAN_POINT('',(69.259999922735,14.63,1.331712513749E-14));
#1242 = DIRECTION('',(5.551115123126E-16,0.,-1.));
#1243 = DIRECTION('',(-1.,0.,-5.551115123126E-16));
#1244 = ADVANCED_FACE('',(#1245,#1290,#1301,#1335,#1346,#1380,#1414,
    #1425,#1459,#1470,#1504,#1538,#1549,#1560,#1594,#1605,#1639,#1650,
    #1684,#1695,#1729,#1740,#1774,#1785,#1819,#1853,#1887,#1898,#1932,
    #1966,#1977,#2011,#2022,#2056,#2067,#2101,#2112,#2146,#2180,#2214,
    #2225,#2259,#2270,#2304,#2315,#2349),#2360,.T.);
#1245 = FACE_BOUND('',#1246,.T.);
#1246 = EDGE_LOOP('',(#1247,#1248,#1249,#1257,#1266,#1274,#1283,#1289));
#1247 = ORIENTED_EDGE('',*,*,#31,.F.);
#1248 = ORIENTED_EDGE('',*,*,#62,.T.);
#1249 = ORIENTED_EDGE('',*,*,#1250,.T.);
#1250 = EDGE_CURVE('',#63,#1251,#1253,.T.);
#1251 = VERTEX_POINT('',#1252);
#1252 = CARTESIAN_POINT('',(43.25,-17.15,-4.5));
#1253 = LINE('',#1254,#1255);
#1254 = CARTESIAN_POINT('',(95.27,-17.15,-4.5));
#1255 = VECTOR('',#1256,1.);
#1256 = DIRECTION('',(-1.,0.,-5.551115123126E-16));
#1257 = ORIENTED_EDGE('',*,*,#1258,.T.);
#1258 = EDGE_CURVE('',#1251,#1259,#1261,.T.);
#1259 = VERTEX_POINT('',#1260);
#1260 = CARTESIAN_POINT('',(41.25,-15.15,-4.5));
#1261 = CIRCLE('',#1262,2.);
#1262 = AXIS2_PLACEMENT_3D('',#1263,#1264,#1265);
#1263 = CARTESIAN_POINT('',(43.25,-15.15,-4.5));
#1264 = DIRECTION('',(5.551115123126E-16,0.,-1.));
#1265 = DIRECTION('',(-1.,0.,-5.551115123126E-16));
#1266 = ORIENTED_EDGE('',*,*,#1267,.T.);
#1267 = EDGE_CURVE('',#1259,#1268,#1270,.T.);
#1268 = VERTEX_POINT('',#1269);
#1269 = CARTESIAN_POINT('',(41.25,44.41,-4.5));
#1270 = LINE('',#1271,#1272);
#1271 = CARTESIAN_POINT('',(41.25,-15.15,-4.5));
#1272 = VECTOR('',#1273,1.);
#1273 = DIRECTION('',(0.,1.,0.));
#1274 = ORIENTED_EDGE('',*,*,#1275,.T.);
#1275 = EDGE_CURVE('',#1268,#1276,#1278,.T.);
#1276 = VERTEX_POINT('',#1277);
#1277 = CARTESIAN_POINT('',(43.25,46.41,-4.5));
#1278 = CIRCLE('',#1279,2.);
#1279 = AXIS2_PLACEMENT_3D('',#1280,#1281,#1282);
#1280 = CARTESIAN_POINT('',(43.25,44.41,-4.5));
#1281 = DIRECTION('',(5.551115123126E-16,0.,-1.));
#1282 = DIRECTION('',(-1.,0.,-5.551115123126E-16));
#1283 = ORIENTED_EDGE('',*,*,#1284,.F.);
#1284 = EDGE_CURVE('',#97,#1276,#1285,.T.);
#1285 = LINE('',#1286,#1287);
#1286 = CARTESIAN_POINT('',(95.27,46.41,-4.5));
#1287 = VECTOR('',#1288,1.);
#1288 = DIRECTION('',(-1.,0.,-5.551115123126E-16));
#1289 = ORIENTED_EDGE('',*,*,#104,.T.);
#1290 = FACE_BOUND('',#1291,.T.);
#1291 = EDGE_LOOP('',(#1292));
#1292 = ORIENTED_EDGE('',*,*,#1293,.F.);
#1293 = EDGE_CURVE('',#1294,#1294,#1296,.T.);
#1294 = VERTEX_POINT('',#1295);
#1295 = CARTESIAN_POINT('',(91.752232758185,-13.38223333588,-4.5));
#1296 = CIRCLE('',#1297,1.75);
#1297 = AXIS2_PLACEMENT_3D('',#1298,#1299,#1300);
#1298 = CARTESIAN_POINT('',(93.502232758185,-13.38223333588,-4.5));
#1299 = DIRECTION('',(5.551115123126E-16,0.,-1.));
#1300 = DIRECTION('',(-1.,0.,-5.551115123126E-16));
#1301 = FACE_BOUND('',#1302,.T.);
#1302 = EDGE_LOOP('',(#1303,#1313,#1321,#1329));
#1303 = ORIENTED_EDGE('',*,*,#1304,.F.);
#1304 = EDGE_CURVE('',#1305,#1307,#1309,.T.);
#1305 = VERTEX_POINT('',#1306);
#1306 = CARTESIAN_POINT('',(87.758700547646,-2.382233335882,-4.5));
#1307 = VERTEX_POINT('',#1308);
#1308 = CARTESIAN_POINT('',(91.758700547646,-6.382233335882,-4.5));
#1309 = LINE('',#1310,#1311);
#1310 = CARTESIAN_POINT('',(87.758700547646,-2.382233335882,-4.5));
#1311 = VECTOR('',#1312,1.);
#1312 = DIRECTION('',(0.707106781187,-0.707106781187,3.925231146709E-16)
  );
#1313 = ORIENTED_EDGE('',*,*,#1314,.F.);
#1314 = EDGE_CURVE('',#1315,#1305,#1317,.T.);
#1315 = VERTEX_POINT('',#1316);
#1316 = CARTESIAN_POINT('',(83.758700547646,-6.382233335882,-4.5));
#1317 = LINE('',#1318,#1319);
#1318 = CARTESIAN_POINT('',(83.758700547646,-6.382233335882,-4.5));
#1319 = VECTOR('',#1320,1.);
#1320 = DIRECTION('',(0.707106781187,0.707106781187,3.925231146709E-16)
  );
#1321 = ORIENTED_EDGE('',*,*,#1322,.F.);
#1322 = EDGE_CURVE('',#1323,#1315,#1325,.T.);
#1323 = VERTEX_POINT('',#1324);
#1324 = CARTESIAN_POINT('',(87.758700547646,-10.38223333588,-4.5));
#1325 = LINE('',#1326,#1327);
#1326 = CARTESIAN_POINT('',(87.758700547646,-10.38223333588,-4.5));
#1327 = VECTOR('',#1328,1.);
#1328 = DIRECTION('',(-0.707106781187,0.707106781187,-3.925231146709E-16
    ));
#1329 = ORIENTED_EDGE('',*,*,#1330,.F.);
#1330 = EDGE_CURVE('',#1307,#1323,#1331,.T.);
#1331 = LINE('',#1332,#1333);
#1332 = CARTESIAN_POINT('',(91.758700547646,-6.382233335882,-4.5));
#1333 = VECTOR('',#1334,1.);
#1334 = DIRECTION('',(-0.707106781187,-0.707106781187,
    -3.925231146709E-16));
#1335 = FACE_BOUND('',#1336,.T.);
#1336 = EDGE_LOOP('',(#1337));
#1337 = ORIENTED_EDGE('',*,*,#1338,.F.);
#1338 = EDGE_CURVE('',#1339,#1339,#1341,.T.);
#1339 = VERTEX_POINT('',#1340);
#1340 = CARTESIAN_POINT('',(80.258680303194,-1.110832777111,-4.5));
#1341 = CIRCLE('',#1342,3.);
#1342 = AXIS2_PLACEMENT_3D('',#1343,#1344,#1345);
#1343 = CARTESIAN_POINT('',(83.258680303194,-1.110832777111,-4.5));
#1344 = DIRECTION('',(5.551115123126E-16,0.,-1.));
#1345 = DIRECTION('',(-1.,0.,-5.551115123126E-16));
#1346 = FACE_BOUND('',#1347,.T.);
#1347 = EDGE_LOOP('',(#1348,#1358,#1366,#1374));
#1348 = ORIENTED_EDGE('',*,*,#1349,.F.);
#1349 = EDGE_CURVE('',#1350,#1352,#1354,.T.);
#1350 = VERTEX_POINT('',#1351);
#1351 = CARTESIAN_POINT('',(78.758700547646,-2.382233335882,-4.5));
#1352 = VERTEX_POINT('',#1353);
#1353 = CARTESIAN_POINT('',(82.758700547646,-6.382233335882,-4.5));
#1354 = LINE('',#1355,#1356);
#1355 = CARTESIAN_POINT('',(78.758700547646,-2.382233335882,-4.5));
#1356 = VECTOR('',#1357,1.);
#1357 = DIRECTION('',(0.707106781187,-0.707106781187,3.925231146709E-16)
  );
#1358 = ORIENTED_EDGE('',*,*,#1359,.F.);
#1359 = EDGE_CURVE('',#1360,#1350,#1362,.T.);
#1360 = VERTEX_POINT('',#1361);
#1361 = CARTESIAN_POINT('',(74.758700547646,-6.382233335882,-4.5));
#1362 = LINE('',#1363,#1364);
#1363 = CARTESIAN_POINT('',(74.758700547646,-6.382233335882,-4.5));
#1364 = VECTOR('',#1365,1.);
#1365 = DIRECTION('',(0.707106781187,0.707106781187,3.925231146709E-16)
  );
#1366 = ORIENTED_EDGE('',*,*,#1367,.F.);
#1367 = EDGE_CURVE('',#1368,#1360,#1370,.T.);
#1368 = VERTEX_POINT('',#1369);
#1369 = CARTESIAN_POINT('',(78.758700547646,-10.38223333588,-4.5));
#1370 = LINE('',#1371,#1372);
#1371 = CARTESIAN_POINT('',(78.758700547646,-10.38223333588,-4.5));
#1372 = VECTOR('',#1373,1.);
#1373 = DIRECTION('',(-0.707106781187,0.707106781187,-3.925231146709E-16
    ));
#1374 = ORIENTED_EDGE('',*,*,#1375,.F.);
#1375 = EDGE_CURVE('',#1352,#1368,#1376,.T.);
#1376 = LINE('',#1377,#1378);
#1377 = CARTESIAN_POINT('',(82.758700547646,-6.382233335882,-4.5));
#1378 = VECTOR('',#1379,1.);
#1379 = DIRECTION('',(-0.707106781187,-0.707106781187,
    -3.925231146709E-16));
#1380 = FACE_BOUND('',#1381,.T.);
#1381 = EDGE_LOOP('',(#1382,#1392,#1400,#1408));
#1382 = ORIENTED_EDGE('',*,*,#1383,.F.);
#1383 = EDGE_CURVE('',#1384,#1386,#1388,.T.);
#1384 = VERTEX_POINT('',#1385);
#1385 = CARTESIAN_POINT('',(69.758700547646,-2.382233335882,-4.5));
#1386 = VERTEX_POINT('',#1387);
#1387 = CARTESIAN_POINT('',(73.758700547646,-6.382233335882,-4.5));
#1388 = LINE('',#1389,#1390);
#1389 = CARTESIAN_POINT('',(69.758700547646,-2.382233335882,-4.5));
#1390 = VECTOR('',#1391,1.);
#1391 = DIRECTION('',(0.707106781187,-0.707106781187,3.925231146709E-16)
  );
#1392 = ORIENTED_EDGE('',*,*,#1393,.F.);
#1393 = EDGE_CURVE('',#1394,#1384,#1396,.T.);
#1394 = VERTEX_POINT('',#1395);
#1395 = CARTESIAN_POINT('',(65.758700547646,-6.382233335882,-4.5));
#1396 = LINE('',#1397,#1398);
#1397 = CARTESIAN_POINT('',(65.758700547646,-6.382233335882,-4.5));
#1398 = VECTOR('',#1399,1.);
#1399 = DIRECTION('',(0.707106781187,0.707106781187,3.925231146709E-16)
  );
#1400 = ORIENTED_EDGE('',*,*,#1401,.F.);
#1401 = EDGE_CURVE('',#1402,#1394,#1404,.T.);
#1402 = VERTEX_POINT('',#1403);
#1403 = CARTESIAN_POINT('',(69.758700547646,-10.38223333588,-4.5));
#1404 = LINE('',#1405,#1406);
#1405 = CARTESIAN_POINT('',(69.758700547646,-10.38223333588,-4.5));
#1406 = VECTOR('',#1407,1.);
#1407 = DIRECTION('',(-0.707106781187,0.707106781187,-3.925231146709E-16
    ));
#1408 = ORIENTED_EDGE('',*,*,#1409,.F.);
#1409 = EDGE_CURVE('',#1386,#1402,#1410,.T.);
#1410 = LINE('',#1411,#1412);
#1411 = CARTESIAN_POINT('',(73.758700547646,-6.382233335882,-4.5));
#1412 = VECTOR('',#1413,1.);
#1413 = DIRECTION('',(-0.707106781187,-0.707106781187,
    -3.925231146709E-16));
#1414 = FACE_BOUND('',#1415,.T.);
#1415 = EDGE_LOOP('',(#1416));
#1416 = ORIENTED_EDGE('',*,*,#1417,.F.);
#1417 = EDGE_CURVE('',#1418,#1418,#1420,.T.);
#1418 = VERTEX_POINT('',#1419);
#1419 = CARTESIAN_POINT('',(71.258680303194,-1.110832777111,-4.5));
#1420 = CIRCLE('',#1421,3.);
#1421 = AXIS2_PLACEMENT_3D('',#1422,#1423,#1424);
#1422 = CARTESIAN_POINT('',(74.258680303194,-1.110832777111,-4.5));
#1423 = DIRECTION('',(5.551115123126E-16,0.,-1.));
#1424 = DIRECTION('',(-1.,0.,-5.551115123126E-16));
#1425 = FACE_BOUND('',#1426,.T.);
#1426 = EDGE_LOOP('',(#1427,#1437,#1445,#1453));
#1427 = ORIENTED_EDGE('',*,*,#1428,.F.);
#1428 = EDGE_CURVE('',#1429,#1431,#1433,.T.);
#1429 = VERTEX_POINT('',#1430);
#1430 = CARTESIAN_POINT('',(87.758700547646,8.123883332059,-4.5));
#1431 = VERTEX_POINT('',#1432);
#1432 = CARTESIAN_POINT('',(91.758700547646,4.123883332059,-4.5));
#1433 = LINE('',#1434,#1435);
#1434 = CARTESIAN_POINT('',(87.758700547646,8.123883332059,-4.5));
#1435 = VECTOR('',#1436,1.);
#1436 = DIRECTION('',(0.707106781187,-0.707106781187,3.925231146709E-16)
  );
#1437 = ORIENTED_EDGE('',*,*,#1438,.F.);
#1438 = EDGE_CURVE('',#1439,#1429,#1441,.T.);
#1439 = VERTEX_POINT('',#1440);
#1440 = CARTESIAN_POINT('',(83.758700547646,4.123883332059,-4.5));
#1441 = LINE('',#1442,#1443);
#1442 = CARTESIAN_POINT('',(83.758700547646,4.123883332059,-4.5));
#1443 = VECTOR('',#1444,1.);
#1444 = DIRECTION('',(0.707106781187,0.707106781187,3.925231146709E-16)
  );
#1445 = ORIENTED_EDGE('',*,*,#1446,.F.);
#1446 = EDGE_CURVE('',#1447,#1439,#1449,.T.);
#1447 = VERTEX_POINT('',#1448);
#1448 = CARTESIAN_POINT('',(87.758700547646,0.123883332059,-4.5));
#1449 = LINE('',#1450,#1451);
#1450 = CARTESIAN_POINT('',(87.758700547646,0.123883332059,-4.5));
#1451 = VECTOR('',#1452,1.);
#1452 = DIRECTION('',(-0.707106781187,0.707106781187,-3.925231146709E-16
    ));
#1453 = ORIENTED_EDGE('',*,*,#1454,.F.);
#1454 = EDGE_CURVE('',#1431,#1447,#1455,.T.);
#1455 = LINE('',#1456,#1457);
#1456 = CARTESIAN_POINT('',(91.758700547646,4.123883332059,-4.5));
#1457 = VECTOR('',#1458,1.);
#1458 = DIRECTION('',(-0.707106781187,-0.707106781187,
    -3.925231146709E-16));
#1459 = FACE_BOUND('',#1460,.T.);
#1460 = EDGE_LOOP('',(#1461));
#1461 = ORIENTED_EDGE('',*,*,#1462,.F.);
#1462 = EDGE_CURVE('',#1463,#1463,#1465,.T.);
#1463 = VERTEX_POINT('',#1464);
#1464 = CARTESIAN_POINT('',(80.258680303194,9.389167222889,-4.5));
#1465 = CIRCLE('',#1466,3.);
#1466 = AXIS2_PLACEMENT_3D('',#1467,#1468,#1469);
#1467 = CARTESIAN_POINT('',(83.258680303194,9.389167222889,-4.5));
#1468 = DIRECTION('',(5.551115123126E-16,0.,-1.));
#1469 = DIRECTION('',(-1.,0.,-5.551115123126E-16));
#1470 = FACE_BOUND('',#1471,.T.);
#1471 = EDGE_LOOP('',(#1472,#1482,#1490,#1498));
#1472 = ORIENTED_EDGE('',*,*,#1473,.F.);
#1473 = EDGE_CURVE('',#1474,#1476,#1478,.T.);
#1474 = VERTEX_POINT('',#1475);
#1475 = CARTESIAN_POINT('',(78.758700547646,8.123883332059,-4.5));
#1476 = VERTEX_POINT('',#1477);
#1477 = CARTESIAN_POINT('',(82.758700547646,4.123883332059,-4.5));
#1478 = LINE('',#1479,#1480);
#1479 = CARTESIAN_POINT('',(78.758700547646,8.123883332059,-4.5));
#1480 = VECTOR('',#1481,1.);
#1481 = DIRECTION('',(0.707106781187,-0.707106781187,3.925231146709E-16)
  );
#1482 = ORIENTED_EDGE('',*,*,#1483,.F.);
#1483 = EDGE_CURVE('',#1484,#1474,#1486,.T.);
#1484 = VERTEX_POINT('',#1485);
#1485 = CARTESIAN_POINT('',(74.758700547646,4.123883332059,-4.5));
#1486 = LINE('',#1487,#1488);
#1487 = CARTESIAN_POINT('',(74.758700547646,4.123883332059,-4.5));
#1488 = VECTOR('',#1489,1.);
#1489 = DIRECTION('',(0.707106781187,0.707106781187,3.925231146709E-16)
  );
#1490 = ORIENTED_EDGE('',*,*,#1491,.F.);
#1491 = EDGE_CURVE('',#1492,#1484,#1494,.T.);
#1492 = VERTEX_POINT('',#1493);
#1493 = CARTESIAN_POINT('',(78.758700547646,0.123883332059,-4.5));
#1494 = LINE('',#1495,#1496);
#1495 = CARTESIAN_POINT('',(78.758700547646,0.123883332059,-4.5));
#1496 = VECTOR('',#1497,1.);
#1497 = DIRECTION('',(-0.707106781187,0.707106781187,-3.925231146709E-16
    ));
#1498 = ORIENTED_EDGE('',*,*,#1499,.F.);
#1499 = EDGE_CURVE('',#1476,#1492,#1500,.T.);
#1500 = LINE('',#1501,#1502);
#1501 = CARTESIAN_POINT('',(82.758700547646,4.123883332059,-4.5));
#1502 = VECTOR('',#1503,1.);
#1503 = DIRECTION('',(-0.707106781187,-0.707106781187,
    -3.925231146709E-16));
#1504 = FACE_BOUND('',#1505,.T.);
#1505 = EDGE_LOOP('',(#1506,#1516,#1524,#1532));
#1506 = ORIENTED_EDGE('',*,*,#1507,.F.);
#1507 = EDGE_CURVE('',#1508,#1510,#1512,.T.);
#1508 = VERTEX_POINT('',#1509);
#1509 = CARTESIAN_POINT('',(69.758700547646,8.123883332059,-4.5));
#1510 = VERTEX_POINT('',#1511);
#1511 = CARTESIAN_POINT('',(73.758700547646,4.123883332059,-4.5));
#1512 = LINE('',#1513,#1514);
#1513 = CARTESIAN_POINT('',(69.758700547646,8.123883332059,-4.5));
#1514 = VECTOR('',#1515,1.);
#1515 = DIRECTION('',(0.707106781187,-0.707106781187,3.925231146709E-16)
  );
#1516 = ORIENTED_EDGE('',*,*,#1517,.F.);
#1517 = EDGE_CURVE('',#1518,#1508,#1520,.T.);
#1518 = VERTEX_POINT('',#1519);
#1519 = CARTESIAN_POINT('',(65.758700547646,4.123883332059,-4.5));
#1520 = LINE('',#1521,#1522);
#1521 = CARTESIAN_POINT('',(65.758700547646,4.123883332059,-4.5));
#1522 = VECTOR('',#1523,1.);
#1523 = DIRECTION('',(0.707106781187,0.707106781187,3.925231146709E-16)
  );
#1524 = ORIENTED_EDGE('',*,*,#1525,.F.);
#1525 = EDGE_CURVE('',#1526,#1518,#1528,.T.);
#1526 = VERTEX_POINT('',#1527);
#1527 = CARTESIAN_POINT('',(69.758700547646,0.123883332059,-4.5));
#1528 = LINE('',#1529,#1530);
#1529 = CARTESIAN_POINT('',(69.758700547646,0.123883332059,-4.5));
#1530 = VECTOR('',#1531,1.);
#1531 = DIRECTION('',(-0.707106781187,0.707106781187,-3.925231146709E-16
    ));
#1532 = ORIENTED_EDGE('',*,*,#1533,.F.);
#1533 = EDGE_CURVE('',#1510,#1526,#1534,.T.);
#1534 = LINE('',#1535,#1536);
#1535 = CARTESIAN_POINT('',(73.758700547646,4.123883332059,-4.5));
#1536 = VECTOR('',#1537,1.);
#1537 = DIRECTION('',(-0.707106781187,-0.707106781187,
    -3.925231146709E-16));
#1538 = FACE_BOUND('',#1539,.T.);
#1539 = EDGE_LOOP('',(#1540));
#1540 = ORIENTED_EDGE('',*,*,#1541,.F.);
#1541 = EDGE_CURVE('',#1542,#1542,#1544,.T.);
#1542 = VERTEX_POINT('',#1543);
#1543 = CARTESIAN_POINT('',(71.258680303194,9.389167222889,-4.5));
#1544 = CIRCLE('',#1545,3.);
#1545 = AXIS2_PLACEMENT_3D('',#1546,#1547,#1548);
#1546 = CARTESIAN_POINT('',(74.258680303194,9.389167222889,-4.5));
#1547 = DIRECTION('',(5.551115123126E-16,0.,-1.));
#1548 = DIRECTION('',(-1.,0.,-5.551115123126E-16));
#1549 = FACE_BOUND('',#1550,.T.);
#1550 = EDGE_LOOP('',(#1551));
#1551 = ORIENTED_EDGE('',*,*,#1552,.F.);
#1552 = EDGE_CURVE('',#1553,#1553,#1555,.T.);
#1553 = VERTEX_POINT('',#1554);
#1554 = CARTESIAN_POINT('',(62.258680303194,-1.110832777111,-4.5));
#1555 = CIRCLE('',#1556,3.);
#1556 = AXIS2_PLACEMENT_3D('',#1557,#1558,#1559);
#1557 = CARTESIAN_POINT('',(65.258680303194,-1.110832777111,-4.5));
#1558 = DIRECTION('',(5.551115123126E-16,0.,-1.));
#1559 = DIRECTION('',(-1.,0.,-5.551115123126E-16));
#1560 = FACE_BOUND('',#1561,.T.);
#1561 = EDGE_LOOP('',(#1562,#1572,#1580,#1588));
#1562 = ORIENTED_EDGE('',*,*,#1563,.F.);
#1563 = EDGE_CURVE('',#1564,#1566,#1568,.T.);
#1564 = VERTEX_POINT('',#1565);
#1565 = CARTESIAN_POINT('',(60.758700547646,-2.382233335882,-4.5));
#1566 = VERTEX_POINT('',#1567);
#1567 = CARTESIAN_POINT('',(64.758700547646,-6.382233335882,-4.5));
#1568 = LINE('',#1569,#1570);
#1569 = CARTESIAN_POINT('',(60.758700547646,-2.382233335882,-4.5));
#1570 = VECTOR('',#1571,1.);
#1571 = DIRECTION('',(0.707106781187,-0.707106781187,3.925231146709E-16)
  );
#1572 = ORIENTED_EDGE('',*,*,#1573,.F.);
#1573 = EDGE_CURVE('',#1574,#1564,#1576,.T.);
#1574 = VERTEX_POINT('',#1575);
#1575 = CARTESIAN_POINT('',(56.758700547646,-6.382233335882,-4.5));
#1576 = LINE('',#1577,#1578);
#1577 = CARTESIAN_POINT('',(56.758700547646,-6.382233335882,-4.5));
#1578 = VECTOR('',#1579,1.);
#1579 = DIRECTION('',(0.707106781187,0.707106781187,3.925231146709E-16)
  );
#1580 = ORIENTED_EDGE('',*,*,#1581,.F.);
#1581 = EDGE_CURVE('',#1582,#1574,#1584,.T.);
#1582 = VERTEX_POINT('',#1583);
#1583 = CARTESIAN_POINT('',(60.758700547646,-10.38223333588,-4.5));
#1584 = LINE('',#1585,#1586);
#1585 = CARTESIAN_POINT('',(60.758700547646,-10.38223333588,-4.5));
#1586 = VECTOR('',#1587,1.);
#1587 = DIRECTION('',(-0.707106781187,0.707106781187,-3.925231146709E-16
    ));
#1588 = ORIENTED_EDGE('',*,*,#1589,.F.);
#1589 = EDGE_CURVE('',#1566,#1582,#1590,.T.);
#1590 = LINE('',#1591,#1592);
#1591 = CARTESIAN_POINT('',(64.758700547646,-6.382233335882,-4.5));
#1592 = VECTOR('',#1593,1.);
#1593 = DIRECTION('',(-0.707106781187,-0.707106781187,
    -3.925231146709E-16));
#1594 = FACE_BOUND('',#1595,.T.);
#1595 = EDGE_LOOP('',(#1596));
#1596 = ORIENTED_EDGE('',*,*,#1597,.F.);
#1597 = EDGE_CURVE('',#1598,#1598,#1600,.T.);
#1598 = VERTEX_POINT('',#1599);
#1599 = CARTESIAN_POINT('',(43.26776608642,-13.38223218048,-4.5));
#1600 = CIRCLE('',#1601,1.75);
#1601 = AXIS2_PLACEMENT_3D('',#1602,#1603,#1604);
#1602 = CARTESIAN_POINT('',(45.01776608642,-13.38223218048,-4.5));
#1603 = DIRECTION('',(5.551115123126E-16,0.,-1.));
#1604 = DIRECTION('',(-1.,0.,-5.551115123126E-16));
#1605 = FACE_BOUND('',#1606,.T.);
#1606 = EDGE_LOOP('',(#1607,#1617,#1625,#1633));
#1607 = ORIENTED_EDGE('',*,*,#1608,.F.);
#1608 = EDGE_CURVE('',#1609,#1611,#1613,.T.);
#1609 = VERTEX_POINT('',#1610);
#1610 = CARTESIAN_POINT('',(51.758700547646,-2.382233335882,-4.5));
#1611 = VERTEX_POINT('',#1612);
#1612 = CARTESIAN_POINT('',(55.758700547646,-6.382233335882,-4.5));
#1613 = LINE('',#1614,#1615);
#1614 = CARTESIAN_POINT('',(51.758700547646,-2.382233335882,-4.5));
#1615 = VECTOR('',#1616,1.);
#1616 = DIRECTION('',(0.707106781187,-0.707106781187,3.925231146709E-16)
  );
#1617 = ORIENTED_EDGE('',*,*,#1618,.F.);
#1618 = EDGE_CURVE('',#1619,#1609,#1621,.T.);
#1619 = VERTEX_POINT('',#1620);
#1620 = CARTESIAN_POINT('',(47.758700547646,-6.382233335882,-4.5));
#1621 = LINE('',#1622,#1623);
#1622 = CARTESIAN_POINT('',(47.758700547646,-6.382233335882,-4.5));
#1623 = VECTOR('',#1624,1.);
#1624 = DIRECTION('',(0.707106781187,0.707106781187,3.925231146709E-16)
  );
#1625 = ORIENTED_EDGE('',*,*,#1626,.F.);
#1626 = EDGE_CURVE('',#1627,#1619,#1629,.T.);
#1627 = VERTEX_POINT('',#1628);
#1628 = CARTESIAN_POINT('',(51.758700547646,-10.38223333588,-4.5));
#1629 = LINE('',#1630,#1631);
#1630 = CARTESIAN_POINT('',(51.758700547646,-10.38223333588,-4.5));
#1631 = VECTOR('',#1632,1.);
#1632 = DIRECTION('',(-0.707106781187,0.707106781187,-3.925231146709E-16
    ));
#1633 = ORIENTED_EDGE('',*,*,#1634,.F.);
#1634 = EDGE_CURVE('',#1611,#1627,#1635,.T.);
#1635 = LINE('',#1636,#1637);
#1636 = CARTESIAN_POINT('',(55.758700547646,-6.382233335882,-4.5));
#1637 = VECTOR('',#1638,1.);
#1638 = DIRECTION('',(-0.707106781187,-0.707106781187,
    -3.925231146709E-16));
#1639 = FACE_BOUND('',#1640,.T.);
#1640 = EDGE_LOOP('',(#1641));
#1641 = ORIENTED_EDGE('',*,*,#1642,.F.);
#1642 = EDGE_CURVE('',#1643,#1643,#1645,.T.);
#1643 = VERTEX_POINT('',#1644);
#1644 = CARTESIAN_POINT('',(53.258680303194,-1.110832777111,-4.5));
#1645 = CIRCLE('',#1646,3.);
#1646 = AXIS2_PLACEMENT_3D('',#1647,#1648,#1649);
#1647 = CARTESIAN_POINT('',(56.258680303194,-1.110832777111,-4.5));
#1648 = DIRECTION('',(5.551115123126E-16,0.,-1.));
#1649 = DIRECTION('',(-1.,0.,-5.551115123126E-16));
#1650 = FACE_BOUND('',#1651,.T.);
#1651 = EDGE_LOOP('',(#1652,#1662,#1670,#1678));
#1652 = ORIENTED_EDGE('',*,*,#1653,.F.);
#1653 = EDGE_CURVE('',#1654,#1656,#1658,.T.);
#1654 = VERTEX_POINT('',#1655);
#1655 = CARTESIAN_POINT('',(60.758700547646,8.123883332059,-4.5));
#1656 = VERTEX_POINT('',#1657);
#1657 = CARTESIAN_POINT('',(64.758700547646,4.123883332059,-4.5));
#1658 = LINE('',#1659,#1660);
#1659 = CARTESIAN_POINT('',(60.758700547646,8.123883332059,-4.5));
#1660 = VECTOR('',#1661,1.);
#1661 = DIRECTION('',(0.707106781187,-0.707106781187,3.925231146709E-16)
  );
#1662 = ORIENTED_EDGE('',*,*,#1663,.F.);
#1663 = EDGE_CURVE('',#1664,#1654,#1666,.T.);
#1664 = VERTEX_POINT('',#1665);
#1665 = CARTESIAN_POINT('',(56.758700547646,4.123883332059,-4.5));
#1666 = LINE('',#1667,#1668);
#1667 = CARTESIAN_POINT('',(56.758700547646,4.123883332059,-4.5));
#1668 = VECTOR('',#1669,1.);
#1669 = DIRECTION('',(0.707106781187,0.707106781187,3.925231146709E-16)
  );
#1670 = ORIENTED_EDGE('',*,*,#1671,.F.);
#1671 = EDGE_CURVE('',#1672,#1664,#1674,.T.);
#1672 = VERTEX_POINT('',#1673);
#1673 = CARTESIAN_POINT('',(60.758700547646,0.123883332059,-4.5));
#1674 = LINE('',#1675,#1676);
#1675 = CARTESIAN_POINT('',(60.758700547646,0.123883332059,-4.5));
#1676 = VECTOR('',#1677,1.);
#1677 = DIRECTION('',(-0.707106781187,0.707106781187,-3.925231146709E-16
    ));
#1678 = ORIENTED_EDGE('',*,*,#1679,.F.);
#1679 = EDGE_CURVE('',#1656,#1672,#1680,.T.);
#1680 = LINE('',#1681,#1682);
#1681 = CARTESIAN_POINT('',(64.758700547646,4.123883332059,-4.5));
#1682 = VECTOR('',#1683,1.);
#1683 = DIRECTION('',(-0.707106781187,-0.707106781187,
    -3.925231146709E-16));
#1684 = FACE_BOUND('',#1685,.T.);
#1685 = EDGE_LOOP('',(#1686));
#1686 = ORIENTED_EDGE('',*,*,#1687,.F.);
#1687 = EDGE_CURVE('',#1688,#1688,#1690,.T.);
#1688 = VERTEX_POINT('',#1689);
#1689 = CARTESIAN_POINT('',(62.258680303194,9.389167222889,-4.5));
#1690 = CIRCLE('',#1691,3.);
#1691 = AXIS2_PLACEMENT_3D('',#1692,#1693,#1694);
#1692 = CARTESIAN_POINT('',(65.258680303194,9.389167222889,-4.5));
#1693 = DIRECTION('',(5.551115123126E-16,0.,-1.));
#1694 = DIRECTION('',(-1.,0.,-5.551115123126E-16));
#1695 = FACE_BOUND('',#1696,.T.);
#1696 = EDGE_LOOP('',(#1697,#1707,#1715,#1723));
#1697 = ORIENTED_EDGE('',*,*,#1698,.F.);
#1698 = EDGE_CURVE('',#1699,#1701,#1703,.T.);
#1699 = VERTEX_POINT('',#1700);
#1700 = CARTESIAN_POINT('',(51.758700547646,8.123883332059,-4.5));
#1701 = VERTEX_POINT('',#1702);
#1702 = CARTESIAN_POINT('',(55.758700547646,4.123883332059,-4.5));
#1703 = LINE('',#1704,#1705);
#1704 = CARTESIAN_POINT('',(51.758700547646,8.123883332059,-4.5));
#1705 = VECTOR('',#1706,1.);
#1706 = DIRECTION('',(0.707106781187,-0.707106781187,3.925231146709E-16)
  );
#1707 = ORIENTED_EDGE('',*,*,#1708,.F.);
#1708 = EDGE_CURVE('',#1709,#1699,#1711,.T.);
#1709 = VERTEX_POINT('',#1710);
#1710 = CARTESIAN_POINT('',(47.758700547646,4.123883332059,-4.5));
#1711 = LINE('',#1712,#1713);
#1712 = CARTESIAN_POINT('',(47.758700547646,4.123883332059,-4.5));
#1713 = VECTOR('',#1714,1.);
#1714 = DIRECTION('',(0.707106781187,0.707106781187,3.925231146709E-16)
  );
#1715 = ORIENTED_EDGE('',*,*,#1716,.F.);
#1716 = EDGE_CURVE('',#1717,#1709,#1719,.T.);
#1717 = VERTEX_POINT('',#1718);
#1718 = CARTESIAN_POINT('',(51.758700547646,0.123883332059,-4.5));
#1719 = LINE('',#1720,#1721);
#1720 = CARTESIAN_POINT('',(51.758700547646,0.123883332059,-4.5));
#1721 = VECTOR('',#1722,1.);
#1722 = DIRECTION('',(-0.707106781187,0.707106781187,-3.925231146709E-16
    ));
#1723 = ORIENTED_EDGE('',*,*,#1724,.F.);
#1724 = EDGE_CURVE('',#1701,#1717,#1725,.T.);
#1725 = LINE('',#1726,#1727);
#1726 = CARTESIAN_POINT('',(55.758700547646,4.123883332059,-4.5));
#1727 = VECTOR('',#1728,1.);
#1728 = DIRECTION('',(-0.707106781187,-0.707106781187,
    -3.925231146709E-16));
#1729 = FACE_BOUND('',#1730,.T.);
#1730 = EDGE_LOOP('',(#1731));
#1731 = ORIENTED_EDGE('',*,*,#1732,.F.);
#1732 = EDGE_CURVE('',#1733,#1733,#1735,.T.);
#1733 = VERTEX_POINT('',#1734);
#1734 = CARTESIAN_POINT('',(53.258680303194,9.389167222889,-4.5));
#1735 = CIRCLE('',#1736,3.);
#1736 = AXIS2_PLACEMENT_3D('',#1737,#1738,#1739);
#1737 = CARTESIAN_POINT('',(56.258680303194,9.389167222889,-4.5));
#1738 = DIRECTION('',(5.551115123126E-16,0.,-1.));
#1739 = DIRECTION('',(-1.,0.,-5.551115123126E-16));
#1740 = FACE_BOUND('',#1741,.T.);
#1741 = EDGE_LOOP('',(#1742,#1752,#1760,#1768));
#1742 = ORIENTED_EDGE('',*,*,#1743,.F.);
#1743 = EDGE_CURVE('',#1744,#1746,#1748,.T.);
#1744 = VERTEX_POINT('',#1745);
#1745 = CARTESIAN_POINT('',(87.758700547646,18.63,-4.5));
#1746 = VERTEX_POINT('',#1747);
#1747 = CARTESIAN_POINT('',(91.758700547646,14.63,-4.5));
#1748 = LINE('',#1749,#1750);
#1749 = CARTESIAN_POINT('',(87.758700547646,18.63,-4.5));
#1750 = VECTOR('',#1751,1.);
#1751 = DIRECTION('',(0.707106781187,-0.707106781187,3.925231146709E-16)
  );
#1752 = ORIENTED_EDGE('',*,*,#1753,.F.);
#1753 = EDGE_CURVE('',#1754,#1744,#1756,.T.);
#1754 = VERTEX_POINT('',#1755);
#1755 = CARTESIAN_POINT('',(83.758700547646,14.63,-4.5));
#1756 = LINE('',#1757,#1758);
#1757 = CARTESIAN_POINT('',(83.758700547646,14.63,-4.5));
#1758 = VECTOR('',#1759,1.);
#1759 = DIRECTION('',(0.707106781187,0.707106781187,3.925231146709E-16)
  );
#1760 = ORIENTED_EDGE('',*,*,#1761,.F.);
#1761 = EDGE_CURVE('',#1762,#1754,#1764,.T.);
#1762 = VERTEX_POINT('',#1763);
#1763 = CARTESIAN_POINT('',(87.758700547646,10.63,-4.5));
#1764 = LINE('',#1765,#1766);
#1765 = CARTESIAN_POINT('',(87.758700547646,10.63,-4.5));
#1766 = VECTOR('',#1767,1.);
#1767 = DIRECTION('',(-0.707106781187,0.707106781187,-3.925231146709E-16
    ));
#1768 = ORIENTED_EDGE('',*,*,#1769,.F.);
#1769 = EDGE_CURVE('',#1746,#1762,#1770,.T.);
#1770 = LINE('',#1771,#1772);
#1771 = CARTESIAN_POINT('',(91.758700547646,14.63,-4.5));
#1772 = VECTOR('',#1773,1.);
#1773 = DIRECTION('',(-0.707106781187,-0.707106781187,
    -3.925231146709E-16));
#1774 = FACE_BOUND('',#1775,.T.);
#1775 = EDGE_LOOP('',(#1776));
#1776 = ORIENTED_EDGE('',*,*,#1777,.F.);
#1777 = EDGE_CURVE('',#1778,#1778,#1780,.T.);
#1778 = VERTEX_POINT('',#1779);
#1779 = CARTESIAN_POINT('',(80.258680303194,19.889167222889,-4.5));
#1780 = CIRCLE('',#1781,3.);
#1781 = AXIS2_PLACEMENT_3D('',#1782,#1783,#1784);
#1782 = CARTESIAN_POINT('',(83.258680303194,19.889167222889,-4.5));
#1783 = DIRECTION('',(5.551115123126E-16,0.,-1.));
#1784 = DIRECTION('',(-1.,0.,-5.551115123126E-16));
#1785 = FACE_BOUND('',#1786,.T.);
#1786 = EDGE_LOOP('',(#1787,#1797,#1805,#1813));
#1787 = ORIENTED_EDGE('',*,*,#1788,.F.);
#1788 = EDGE_CURVE('',#1789,#1791,#1793,.T.);
#1789 = VERTEX_POINT('',#1790);
#1790 = CARTESIAN_POINT('',(87.758700547646,21.136116667941,-4.5));
#1791 = VERTEX_POINT('',#1792);
#1792 = CARTESIAN_POINT('',(83.758700547646,25.136116667941,-4.5));
#1793 = LINE('',#1794,#1795);
#1794 = CARTESIAN_POINT('',(87.758700547646,21.136116667941,-4.5));
#1795 = VECTOR('',#1796,1.);
#1796 = DIRECTION('',(-0.707106781187,0.707106781187,-3.925231146709E-16
    ));
#1797 = ORIENTED_EDGE('',*,*,#1798,.F.);
#1798 = EDGE_CURVE('',#1799,#1789,#1801,.T.);
#1799 = VERTEX_POINT('',#1800);
#1800 = CARTESIAN_POINT('',(91.758700547646,25.136116667941,-4.5));
#1801 = LINE('',#1802,#1803);
#1802 = CARTESIAN_POINT('',(91.758700547646,25.136116667941,-4.5));
#1803 = VECTOR('',#1804,1.);
#1804 = DIRECTION('',(-0.707106781187,-0.707106781187,
    -3.925231146709E-16));
#1805 = ORIENTED_EDGE('',*,*,#1806,.F.);
#1806 = EDGE_CURVE('',#1807,#1799,#1809,.T.);
#1807 = VERTEX_POINT('',#1808);
#1808 = CARTESIAN_POINT('',(87.758700547646,29.136116667941,-4.5));
#1809 = LINE('',#1810,#1811);
#1810 = CARTESIAN_POINT('',(87.758700547646,29.136116667941,-4.5));
#1811 = VECTOR('',#1812,1.);
#1812 = DIRECTION('',(0.707106781187,-0.707106781187,3.925231146709E-16)
  );
#1813 = ORIENTED_EDGE('',*,*,#1814,.F.);
#1814 = EDGE_CURVE('',#1791,#1807,#1815,.T.);
#1815 = LINE('',#1816,#1817);
#1816 = CARTESIAN_POINT('',(83.758700547646,25.136116667941,-4.5));
#1817 = VECTOR('',#1818,1.);
#1818 = DIRECTION('',(0.707106781187,0.707106781187,3.925231146709E-16)
  );
#1819 = FACE_BOUND('',#1820,.T.);
#1820 = EDGE_LOOP('',(#1821,#1831,#1839,#1847));
#1821 = ORIENTED_EDGE('',*,*,#1822,.F.);
#1822 = EDGE_CURVE('',#1823,#1825,#1827,.T.);
#1823 = VERTEX_POINT('',#1824);
#1824 = CARTESIAN_POINT('',(78.758700547646,18.63,-4.5));
#1825 = VERTEX_POINT('',#1826);
#1826 = CARTESIAN_POINT('',(82.758700547646,14.63,-4.5));
#1827 = LINE('',#1828,#1829);
#1828 = CARTESIAN_POINT('',(78.758700547646,18.63,-4.5));
#1829 = VECTOR('',#1830,1.);
#1830 = DIRECTION('',(0.707106781187,-0.707106781187,3.925231146709E-16)
  );
#1831 = ORIENTED_EDGE('',*,*,#1832,.F.);
#1832 = EDGE_CURVE('',#1833,#1823,#1835,.T.);
#1833 = VERTEX_POINT('',#1834);
#1834 = CARTESIAN_POINT('',(74.758700547646,14.63,-4.5));
#1835 = LINE('',#1836,#1837);
#1836 = CARTESIAN_POINT('',(74.758700547646,14.63,-4.5));
#1837 = VECTOR('',#1838,1.);
#1838 = DIRECTION('',(0.707106781187,0.707106781187,3.925231146709E-16)
  );
#1839 = ORIENTED_EDGE('',*,*,#1840,.F.);
#1840 = EDGE_CURVE('',#1841,#1833,#1843,.T.);
#1841 = VERTEX_POINT('',#1842);
#1842 = CARTESIAN_POINT('',(78.758700547646,10.63,-4.5));
#1843 = LINE('',#1844,#1845);
#1844 = CARTESIAN_POINT('',(78.758700547646,10.63,-4.5));
#1845 = VECTOR('',#1846,1.);
#1846 = DIRECTION('',(-0.707106781187,0.707106781187,-3.925231146709E-16
    ));
#1847 = ORIENTED_EDGE('',*,*,#1848,.F.);
#1848 = EDGE_CURVE('',#1825,#1841,#1849,.T.);
#1849 = LINE('',#1850,#1851);
#1850 = CARTESIAN_POINT('',(82.758700547646,14.63,-4.5));
#1851 = VECTOR('',#1852,1.);
#1852 = DIRECTION('',(-0.707106781187,-0.707106781187,
    -3.925231146709E-16));
#1853 = FACE_BOUND('',#1854,.T.);
#1854 = EDGE_LOOP('',(#1855,#1865,#1873,#1881));
#1855 = ORIENTED_EDGE('',*,*,#1856,.F.);
#1856 = EDGE_CURVE('',#1857,#1859,#1861,.T.);
#1857 = VERTEX_POINT('',#1858);
#1858 = CARTESIAN_POINT('',(69.758700547646,18.63,-4.5));
#1859 = VERTEX_POINT('',#1860);
#1860 = CARTESIAN_POINT('',(73.758700547646,14.63,-4.5));
#1861 = LINE('',#1862,#1863);
#1862 = CARTESIAN_POINT('',(69.758700547646,18.63,-4.5));
#1863 = VECTOR('',#1864,1.);
#1864 = DIRECTION('',(0.707106781187,-0.707106781187,3.925231146709E-16)
  );
#1865 = ORIENTED_EDGE('',*,*,#1866,.F.);
#1866 = EDGE_CURVE('',#1867,#1857,#1869,.T.);
#1867 = VERTEX_POINT('',#1868);
#1868 = CARTESIAN_POINT('',(65.758700547646,14.63,-4.5));
#1869 = LINE('',#1870,#1871);
#1870 = CARTESIAN_POINT('',(65.758700547646,14.63,-4.5));
#1871 = VECTOR('',#1872,1.);
#1872 = DIRECTION('',(0.707106781187,0.707106781187,3.925231146709E-16)
  );
#1873 = ORIENTED_EDGE('',*,*,#1874,.F.);
#1874 = EDGE_CURVE('',#1875,#1867,#1877,.T.);
#1875 = VERTEX_POINT('',#1876);
#1876 = CARTESIAN_POINT('',(69.758700547646,10.63,-4.5));
#1877 = LINE('',#1878,#1879);
#1878 = CARTESIAN_POINT('',(69.758700547646,10.63,-4.5));
#1879 = VECTOR('',#1880,1.);
#1880 = DIRECTION('',(-0.707106781187,0.707106781187,-3.925231146709E-16
    ));
#1881 = ORIENTED_EDGE('',*,*,#1882,.F.);
#1882 = EDGE_CURVE('',#1859,#1875,#1883,.T.);
#1883 = LINE('',#1884,#1885);
#1884 = CARTESIAN_POINT('',(73.758700547646,14.63,-4.5));
#1885 = VECTOR('',#1886,1.);
#1886 = DIRECTION('',(-0.707106781187,-0.707106781187,
    -3.925231146709E-16));
#1887 = FACE_BOUND('',#1888,.T.);
#1888 = EDGE_LOOP('',(#1889));
#1889 = ORIENTED_EDGE('',*,*,#1890,.F.);
#1890 = EDGE_CURVE('',#1891,#1891,#1893,.T.);
#1891 = VERTEX_POINT('',#1892);
#1892 = CARTESIAN_POINT('',(71.258680303194,19.889167222889,-4.5));
#1893 = CIRCLE('',#1894,3.);
#1894 = AXIS2_PLACEMENT_3D('',#1895,#1896,#1897);
#1895 = CARTESIAN_POINT('',(74.258680303194,19.889167222889,-4.5));
#1896 = DIRECTION('',(5.551115123126E-16,0.,-1.));
#1897 = DIRECTION('',(-1.,0.,-5.551115123126E-16));
#1898 = FACE_BOUND('',#1899,.T.);
#1899 = EDGE_LOOP('',(#1900,#1910,#1918,#1926));
#1900 = ORIENTED_EDGE('',*,*,#1901,.F.);
#1901 = EDGE_CURVE('',#1902,#1904,#1906,.T.);
#1902 = VERTEX_POINT('',#1903);
#1903 = CARTESIAN_POINT('',(78.758700547646,21.136116667941,-4.5));
#1904 = VERTEX_POINT('',#1905);
#1905 = CARTESIAN_POINT('',(74.758700547646,25.136116667941,-4.5));
#1906 = LINE('',#1907,#1908);
#1907 = CARTESIAN_POINT('',(78.758700547646,21.136116667941,-4.5));
#1908 = VECTOR('',#1909,1.);
#1909 = DIRECTION('',(-0.707106781187,0.707106781187,-3.925231146709E-16
    ));
#1910 = ORIENTED_EDGE('',*,*,#1911,.F.);
#1911 = EDGE_CURVE('',#1912,#1902,#1914,.T.);
#1912 = VERTEX_POINT('',#1913);
#1913 = CARTESIAN_POINT('',(82.758700547646,25.136116667941,-4.5));
#1914 = LINE('',#1915,#1916);
#1915 = CARTESIAN_POINT('',(82.758700547646,25.136116667941,-4.5));
#1916 = VECTOR('',#1917,1.);
#1917 = DIRECTION('',(-0.707106781187,-0.707106781187,
    -3.925231146709E-16));
#1918 = ORIENTED_EDGE('',*,*,#1919,.F.);
#1919 = EDGE_CURVE('',#1920,#1912,#1922,.T.);
#1920 = VERTEX_POINT('',#1921);
#1921 = CARTESIAN_POINT('',(78.758700547646,29.136116667941,-4.5));
#1922 = LINE('',#1923,#1924);
#1923 = CARTESIAN_POINT('',(78.758700547646,29.136116667941,-4.5));
#1924 = VECTOR('',#1925,1.);
#1925 = DIRECTION('',(0.707106781187,-0.707106781187,3.925231146709E-16)
  );
#1926 = ORIENTED_EDGE('',*,*,#1927,.F.);
#1927 = EDGE_CURVE('',#1904,#1920,#1928,.T.);
#1928 = LINE('',#1929,#1930);
#1929 = CARTESIAN_POINT('',(74.758700547646,25.136116667941,-4.5));
#1930 = VECTOR('',#1931,1.);
#1931 = DIRECTION('',(0.707106781187,0.707106781187,3.925231146709E-16)
  );
#1932 = FACE_BOUND('',#1933,.T.);
#1933 = EDGE_LOOP('',(#1934,#1944,#1952,#1960));
#1934 = ORIENTED_EDGE('',*,*,#1935,.F.);
#1935 = EDGE_CURVE('',#1936,#1938,#1940,.T.);
#1936 = VERTEX_POINT('',#1937);
#1937 = CARTESIAN_POINT('',(69.758700547646,21.136116667941,-4.5));
#1938 = VERTEX_POINT('',#1939);
#1939 = CARTESIAN_POINT('',(65.758700547646,25.136116667941,-4.5));
#1940 = LINE('',#1941,#1942);
#1941 = CARTESIAN_POINT('',(69.758700547646,21.136116667941,-4.5));
#1942 = VECTOR('',#1943,1.);
#1943 = DIRECTION('',(-0.707106781187,0.707106781187,-3.925231146709E-16
    ));
#1944 = ORIENTED_EDGE('',*,*,#1945,.F.);
#1945 = EDGE_CURVE('',#1946,#1936,#1948,.T.);
#1946 = VERTEX_POINT('',#1947);
#1947 = CARTESIAN_POINT('',(73.758700547646,25.136116667941,-4.5));
#1948 = LINE('',#1949,#1950);
#1949 = CARTESIAN_POINT('',(73.758700547646,25.136116667941,-4.5));
#1950 = VECTOR('',#1951,1.);
#1951 = DIRECTION('',(-0.707106781187,-0.707106781187,
    -3.925231146709E-16));
#1952 = ORIENTED_EDGE('',*,*,#1953,.F.);
#1953 = EDGE_CURVE('',#1954,#1946,#1956,.T.);
#1954 = VERTEX_POINT('',#1955);
#1955 = CARTESIAN_POINT('',(69.758700547646,29.136116667941,-4.5));
#1956 = LINE('',#1957,#1958);
#1957 = CARTESIAN_POINT('',(69.758700547646,29.136116667941,-4.5));
#1958 = VECTOR('',#1959,1.);
#1959 = DIRECTION('',(0.707106781187,-0.707106781187,3.925231146709E-16)
  );
#1960 = ORIENTED_EDGE('',*,*,#1961,.F.);
#1961 = EDGE_CURVE('',#1938,#1954,#1962,.T.);
#1962 = LINE('',#1963,#1964);
#1963 = CARTESIAN_POINT('',(65.758700547646,25.136116667941,-4.5));
#1964 = VECTOR('',#1965,1.);
#1965 = DIRECTION('',(0.707106781187,0.707106781187,3.925231146709E-16)
  );
#1966 = FACE_BOUND('',#1967,.T.);
#1967 = EDGE_LOOP('',(#1968));
#1968 = ORIENTED_EDGE('',*,*,#1969,.F.);
#1969 = EDGE_CURVE('',#1970,#1970,#1972,.T.);
#1970 = VERTEX_POINT('',#1971);
#1971 = CARTESIAN_POINT('',(80.258680303194,30.389167222889,-4.5));
#1972 = CIRCLE('',#1973,3.);
#1973 = AXIS2_PLACEMENT_3D('',#1974,#1975,#1976);
#1974 = CARTESIAN_POINT('',(83.258680303194,30.389167222889,-4.5));
#1975 = DIRECTION('',(5.551115123126E-16,0.,-1.));
#1976 = DIRECTION('',(-1.,0.,-5.551115123126E-16));
#1977 = FACE_BOUND('',#1978,.T.);
#1978 = EDGE_LOOP('',(#1979,#1989,#1997,#2005));
#1979 = ORIENTED_EDGE('',*,*,#1980,.F.);
#1980 = EDGE_CURVE('',#1981,#1983,#1985,.T.);
#1981 = VERTEX_POINT('',#1982);
#1982 = CARTESIAN_POINT('',(87.758665358668,39.642233335882,-4.5));
#1983 = VERTEX_POINT('',#1984);
#1984 = CARTESIAN_POINT('',(91.758682953157,35.642250930371,-4.5));
#1985 = LINE('',#1986,#1987);
#1986 = CARTESIAN_POINT('',(87.758665358668,39.642233335882,-4.5));
#1987 = VECTOR('',#1988,1.);
#1988 = DIRECTION('',(0.707109891475,-0.707103670884,3.92524841228E-16)
  );
#1989 = ORIENTED_EDGE('',*,*,#1990,.F.);
#1990 = EDGE_CURVE('',#1991,#1981,#1993,.T.);
#1991 = VERTEX_POINT('',#1992);
#1992 = CARTESIAN_POINT('',(83.758682953157,35.642215741393,-4.5));
#1993 = LINE('',#1994,#1995);
#1994 = CARTESIAN_POINT('',(83.758682953157,35.642215741393,-4.5));
#1995 = VECTOR('',#1996,1.);
#1996 = DIRECTION('',(0.707103670884,0.707109891475,3.925213881063E-16)
  );
#1997 = ORIENTED_EDGE('',*,*,#1998,.F.);
#1998 = EDGE_CURVE('',#1999,#1991,#2001,.T.);
#1999 = VERTEX_POINT('',#2000);
#2000 = CARTESIAN_POINT('',(87.758700547646,31.642233335882,-4.5));
#2001 = LINE('',#2002,#2003);
#2002 = CARTESIAN_POINT('',(87.758700547646,31.642233335882,-4.5));
#2003 = VECTOR('',#2004,1.);
#2004 = DIRECTION('',(-0.707109891475,0.707103670884,-3.92524841228E-16)
  );
#2005 = ORIENTED_EDGE('',*,*,#2006,.F.);
#2006 = EDGE_CURVE('',#1983,#1999,#2007,.T.);
#2007 = LINE('',#2008,#2009);
#2008 = CARTESIAN_POINT('',(91.758682953157,35.642250930371,-4.5));
#2009 = VECTOR('',#2010,1.);
#2010 = DIRECTION('',(-0.707103670884,-0.707109891475,
    -3.925213881063E-16));
#2011 = FACE_BOUND('',#2012,.T.);
#2012 = EDGE_LOOP('',(#2013));
#2013 = ORIENTED_EDGE('',*,*,#2014,.F.);
#2014 = EDGE_CURVE('',#2015,#2015,#2017,.T.);
#2015 = VERTEX_POINT('',#2016);
#2016 = CARTESIAN_POINT('',(91.752232758185,42.642233335882,-4.5));
#2017 = CIRCLE('',#2018,1.75);
#2018 = AXIS2_PLACEMENT_3D('',#2019,#2020,#2021);
#2019 = CARTESIAN_POINT('',(93.502232758185,42.642233335882,-4.5));
#2020 = DIRECTION('',(5.551115123126E-16,0.,-1.));
#2021 = DIRECTION('',(-1.,0.,-5.551115123126E-16));
#2022 = FACE_BOUND('',#2023,.T.);
#2023 = EDGE_LOOP('',(#2024,#2034,#2042,#2050));
#2024 = ORIENTED_EDGE('',*,*,#2025,.F.);
#2025 = EDGE_CURVE('',#2026,#2028,#2030,.T.);
#2026 = VERTEX_POINT('',#2027);
#2027 = CARTESIAN_POINT('',(78.758665358668,39.642233335882,-4.5));
#2028 = VERTEX_POINT('',#2029);
#2029 = CARTESIAN_POINT('',(82.758682953157,35.642250930371,-4.5));
#2030 = LINE('',#2031,#2032);
#2031 = CARTESIAN_POINT('',(78.758665358668,39.642233335882,-4.5));
#2032 = VECTOR('',#2033,1.);
#2033 = DIRECTION('',(0.707109891475,-0.707103670884,3.92524841228E-16)
  );
#2034 = ORIENTED_EDGE('',*,*,#2035,.F.);
#2035 = EDGE_CURVE('',#2036,#2026,#2038,.T.);
#2036 = VERTEX_POINT('',#2037);
#2037 = CARTESIAN_POINT('',(74.758682953157,35.642215741393,-4.5));
#2038 = LINE('',#2039,#2040);
#2039 = CARTESIAN_POINT('',(74.758682953157,35.642215741393,-4.5));
#2040 = VECTOR('',#2041,1.);
#2041 = DIRECTION('',(0.707103670884,0.707109891475,3.925213881063E-16)
  );
#2042 = ORIENTED_EDGE('',*,*,#2043,.F.);
#2043 = EDGE_CURVE('',#2044,#2036,#2046,.T.);
#2044 = VERTEX_POINT('',#2045);
#2045 = CARTESIAN_POINT('',(78.758700547646,31.642233335882,-4.5));
#2046 = LINE('',#2047,#2048);
#2047 = CARTESIAN_POINT('',(78.758700547646,31.642233335882,-4.5));
#2048 = VECTOR('',#2049,1.);
#2049 = DIRECTION('',(-0.707109891475,0.707103670884,-3.92524841228E-16)
  );
#2050 = ORIENTED_EDGE('',*,*,#2051,.F.);
#2051 = EDGE_CURVE('',#2028,#2044,#2052,.T.);
#2052 = LINE('',#2053,#2054);
#2053 = CARTESIAN_POINT('',(82.758682953157,35.642250930371,-4.5));
#2054 = VECTOR('',#2055,1.);
#2055 = DIRECTION('',(-0.707103670884,-0.707109891475,
    -3.925213881063E-16));
#2056 = FACE_BOUND('',#2057,.T.);
#2057 = EDGE_LOOP('',(#2058));
#2058 = ORIENTED_EDGE('',*,*,#2059,.F.);
#2059 = EDGE_CURVE('',#2060,#2060,#2062,.T.);
#2060 = VERTEX_POINT('',#2061);
#2061 = CARTESIAN_POINT('',(71.258680303194,30.389167222889,-4.5));
#2062 = CIRCLE('',#2063,3.);
#2063 = AXIS2_PLACEMENT_3D('',#2064,#2065,#2066);
#2064 = CARTESIAN_POINT('',(74.258680303194,30.389167222889,-4.5));
#2065 = DIRECTION('',(5.551115123126E-16,0.,-1.));
#2066 = DIRECTION('',(-1.,0.,-5.551115123126E-16));
#2067 = FACE_BOUND('',#2068,.T.);
#2068 = EDGE_LOOP('',(#2069,#2079,#2087,#2095));
#2069 = ORIENTED_EDGE('',*,*,#2070,.F.);
#2070 = EDGE_CURVE('',#2071,#2073,#2075,.T.);
#2071 = VERTEX_POINT('',#2072);
#2072 = CARTESIAN_POINT('',(69.758665358668,39.642233335882,-4.5));
#2073 = VERTEX_POINT('',#2074);
#2074 = CARTESIAN_POINT('',(73.758682953157,35.642250930371,-4.5));
#2075 = LINE('',#2076,#2077);
#2076 = CARTESIAN_POINT('',(69.758665358668,39.642233335882,-4.5));
#2077 = VECTOR('',#2078,1.);
#2078 = DIRECTION('',(0.707109891475,-0.707103670884,3.92524841228E-16)
  );
#2079 = ORIENTED_EDGE('',*,*,#2080,.F.);
#2080 = EDGE_CURVE('',#2081,#2071,#2083,.T.);
#2081 = VERTEX_POINT('',#2082);
#2082 = CARTESIAN_POINT('',(65.758682953157,35.642215741393,-4.5));
#2083 = LINE('',#2084,#2085);
#2084 = CARTESIAN_POINT('',(65.758682953157,35.642215741393,-4.5));
#2085 = VECTOR('',#2086,1.);
#2086 = DIRECTION('',(0.707103670884,0.707109891475,3.925213881063E-16)
  );
#2087 = ORIENTED_EDGE('',*,*,#2088,.F.);
#2088 = EDGE_CURVE('',#2089,#2081,#2091,.T.);
#2089 = VERTEX_POINT('',#2090);
#2090 = CARTESIAN_POINT('',(69.758700547646,31.642233335882,-4.5));
#2091 = LINE('',#2092,#2093);
#2092 = CARTESIAN_POINT('',(69.758700547646,31.642233335882,-4.5));
#2093 = VECTOR('',#2094,1.);
#2094 = DIRECTION('',(-0.707109891475,0.707103670884,-3.92524841228E-16)
  );
#2095 = ORIENTED_EDGE('',*,*,#2096,.F.);
#2096 = EDGE_CURVE('',#2073,#2089,#2097,.T.);
#2097 = LINE('',#2098,#2099);
#2098 = CARTESIAN_POINT('',(73.758682953157,35.642250930371,-4.5));
#2099 = VECTOR('',#2100,1.);
#2100 = DIRECTION('',(-0.707103670884,-0.707109891475,
    -3.925213881063E-16));
#2101 = FACE_BOUND('',#2102,.T.);
#2102 = EDGE_LOOP('',(#2103));
#2103 = ORIENTED_EDGE('',*,*,#2104,.F.);
#2104 = EDGE_CURVE('',#2105,#2105,#2107,.T.);
#2105 = VERTEX_POINT('',#2106);
#2106 = CARTESIAN_POINT('',(62.258680303194,19.889167222889,-4.5));
#2107 = CIRCLE('',#2108,3.);
#2108 = AXIS2_PLACEMENT_3D('',#2109,#2110,#2111);
#2109 = CARTESIAN_POINT('',(65.258680303194,19.889167222889,-4.5));
#2110 = DIRECTION('',(5.551115123126E-16,0.,-1.));
#2111 = DIRECTION('',(-1.,0.,-5.551115123126E-16));
#2112 = FACE_BOUND('',#2113,.T.);
#2113 = EDGE_LOOP('',(#2114,#2124,#2132,#2140));
#2114 = ORIENTED_EDGE('',*,*,#2115,.F.);
#2115 = EDGE_CURVE('',#2116,#2118,#2120,.T.);
#2116 = VERTEX_POINT('',#2117);
#2117 = CARTESIAN_POINT('',(60.758700547646,18.63,-4.5));
#2118 = VERTEX_POINT('',#2119);
#2119 = CARTESIAN_POINT('',(64.758700547646,14.63,-4.5));
#2120 = LINE('',#2121,#2122);
#2121 = CARTESIAN_POINT('',(60.758700547646,18.63,-4.5));
#2122 = VECTOR('',#2123,1.);
#2123 = DIRECTION('',(0.707106781187,-0.707106781187,3.925231146709E-16)
  );
#2124 = ORIENTED_EDGE('',*,*,#2125,.F.);
#2125 = EDGE_CURVE('',#2126,#2116,#2128,.T.);
#2126 = VERTEX_POINT('',#2127);
#2127 = CARTESIAN_POINT('',(56.758700547646,14.63,-4.5));
#2128 = LINE('',#2129,#2130);
#2129 = CARTESIAN_POINT('',(56.758700547646,14.63,-4.5));
#2130 = VECTOR('',#2131,1.);
#2131 = DIRECTION('',(0.707106781187,0.707106781187,3.925231146709E-16)
  );
#2132 = ORIENTED_EDGE('',*,*,#2133,.F.);
#2133 = EDGE_CURVE('',#2134,#2126,#2136,.T.);
#2134 = VERTEX_POINT('',#2135);
#2135 = CARTESIAN_POINT('',(60.758700547646,10.63,-4.5));
#2136 = LINE('',#2137,#2138);
#2137 = CARTESIAN_POINT('',(60.758700547646,10.63,-4.5));
#2138 = VECTOR('',#2139,1.);
#2139 = DIRECTION('',(-0.707106781187,0.707106781187,-3.925231146709E-16
    ));
#2140 = ORIENTED_EDGE('',*,*,#2141,.F.);
#2141 = EDGE_CURVE('',#2118,#2134,#2142,.T.);
#2142 = LINE('',#2143,#2144);
#2143 = CARTESIAN_POINT('',(64.758700547646,14.63,-4.5));
#2144 = VECTOR('',#2145,1.);
#2145 = DIRECTION('',(-0.707106781187,-0.707106781187,
    -3.925231146709E-16));
#2146 = FACE_BOUND('',#2147,.T.);
#2147 = EDGE_LOOP('',(#2148,#2158,#2166,#2174));
#2148 = ORIENTED_EDGE('',*,*,#2149,.F.);
#2149 = EDGE_CURVE('',#2150,#2152,#2154,.T.);
#2150 = VERTEX_POINT('',#2151);
#2151 = CARTESIAN_POINT('',(60.758700547646,21.136116667941,-4.5));
#2152 = VERTEX_POINT('',#2153);
#2153 = CARTESIAN_POINT('',(56.758700547646,25.136116667941,-4.5));
#2154 = LINE('',#2155,#2156);
#2155 = CARTESIAN_POINT('',(60.758700547646,21.136116667941,-4.5));
#2156 = VECTOR('',#2157,1.);
#2157 = DIRECTION('',(-0.707106781187,0.707106781187,-3.925231146709E-16
    ));
#2158 = ORIENTED_EDGE('',*,*,#2159,.F.);
#2159 = EDGE_CURVE('',#2160,#2150,#2162,.T.);
#2160 = VERTEX_POINT('',#2161);
#2161 = CARTESIAN_POINT('',(64.758700547646,25.136116667941,-4.5));
#2162 = LINE('',#2163,#2164);
#2163 = CARTESIAN_POINT('',(64.758700547646,25.136116667941,-4.5));
#2164 = VECTOR('',#2165,1.);
#2165 = DIRECTION('',(-0.707106781187,-0.707106781187,
    -3.925231146709E-16));
#2166 = ORIENTED_EDGE('',*,*,#2167,.F.);
#2167 = EDGE_CURVE('',#2168,#2160,#2170,.T.);
#2168 = VERTEX_POINT('',#2169);
#2169 = CARTESIAN_POINT('',(60.758700547646,29.136116667941,-4.5));
#2170 = LINE('',#2171,#2172);
#2171 = CARTESIAN_POINT('',(60.758700547646,29.136116667941,-4.5));
#2172 = VECTOR('',#2173,1.);
#2173 = DIRECTION('',(0.707106781187,-0.707106781187,3.925231146709E-16)
  );
#2174 = ORIENTED_EDGE('',*,*,#2175,.F.);
#2175 = EDGE_CURVE('',#2152,#2168,#2176,.T.);
#2176 = LINE('',#2177,#2178);
#2177 = CARTESIAN_POINT('',(56.758700547646,25.136116667941,-4.5));
#2178 = VECTOR('',#2179,1.);
#2179 = DIRECTION('',(0.707106781187,0.707106781187,3.925231146709E-16)
  );
#2180 = FACE_BOUND('',#2181,.T.);
#2181 = EDGE_LOOP('',(#2182,#2192,#2200,#2208));
#2182 = ORIENTED_EDGE('',*,*,#2183,.F.);
#2183 = EDGE_CURVE('',#2184,#2186,#2188,.T.);
#2184 = VERTEX_POINT('',#2185);
#2185 = CARTESIAN_POINT('',(51.758700547646,18.63,-4.5));
#2186 = VERTEX_POINT('',#2187);
#2187 = CARTESIAN_POINT('',(55.758700547646,14.63,-4.5));
#2188 = LINE('',#2189,#2190);
#2189 = CARTESIAN_POINT('',(51.758700547646,18.63,-4.5));
#2190 = VECTOR('',#2191,1.);
#2191 = DIRECTION('',(0.707106781187,-0.707106781187,3.925231146709E-16)
  );
#2192 = ORIENTED_EDGE('',*,*,#2193,.F.);
#2193 = EDGE_CURVE('',#2194,#2184,#2196,.T.);
#2194 = VERTEX_POINT('',#2195);
#2195 = CARTESIAN_POINT('',(47.758700547646,14.63,-4.5));
#2196 = LINE('',#2197,#2198);
#2197 = CARTESIAN_POINT('',(47.758700547646,14.63,-4.5));
#2198 = VECTOR('',#2199,1.);
#2199 = DIRECTION('',(0.707106781187,0.707106781187,3.925231146709E-16)
  );
#2200 = ORIENTED_EDGE('',*,*,#2201,.F.);
#2201 = EDGE_CURVE('',#2202,#2194,#2204,.T.);
#2202 = VERTEX_POINT('',#2203);
#2203 = CARTESIAN_POINT('',(51.758700547646,10.63,-4.5));
#2204 = LINE('',#2205,#2206);
#2205 = CARTESIAN_POINT('',(51.758700547646,10.63,-4.5));
#2206 = VECTOR('',#2207,1.);
#2207 = DIRECTION('',(-0.707106781187,0.707106781187,-3.925231146709E-16
    ));
#2208 = ORIENTED_EDGE('',*,*,#2209,.F.);
#2209 = EDGE_CURVE('',#2186,#2202,#2210,.T.);
#2210 = LINE('',#2211,#2212);
#2211 = CARTESIAN_POINT('',(55.758700547646,14.63,-4.5));
#2212 = VECTOR('',#2213,1.);
#2213 = DIRECTION('',(-0.707106781187,-0.707106781187,
    -3.925231146709E-16));
#2214 = FACE_BOUND('',#2215,.T.);
#2215 = EDGE_LOOP('',(#2216));
#2216 = ORIENTED_EDGE('',*,*,#2217,.F.);
#2217 = EDGE_CURVE('',#2218,#2218,#2220,.T.);
#2218 = VERTEX_POINT('',#2219);
#2219 = CARTESIAN_POINT('',(53.258680303194,19.889167222889,-4.5));
#2220 = CIRCLE('',#2221,3.);
#2221 = AXIS2_PLACEMENT_3D('',#2222,#2223,#2224);
#2222 = CARTESIAN_POINT('',(56.258680303194,19.889167222889,-4.5));
#2223 = DIRECTION('',(5.551115123126E-16,0.,-1.));
#2224 = DIRECTION('',(-1.,0.,-5.551115123126E-16));
#2225 = FACE_BOUND('',#2226,.T.);
#2226 = EDGE_LOOP('',(#2227,#2237,#2245,#2253));
#2227 = ORIENTED_EDGE('',*,*,#2228,.F.);
#2228 = EDGE_CURVE('',#2229,#2231,#2233,.T.);
#2229 = VERTEX_POINT('',#2230);
#2230 = CARTESIAN_POINT('',(51.758700547646,21.136116667941,-4.5));
#2231 = VERTEX_POINT('',#2232);
#2232 = CARTESIAN_POINT('',(47.758700547646,25.136116667941,-4.5));
#2233 = LINE('',#2234,#2235);
#2234 = CARTESIAN_POINT('',(51.758700547646,21.136116667941,-4.5));
#2235 = VECTOR('',#2236,1.);
#2236 = DIRECTION('',(-0.707106781187,0.707106781187,-3.925231146709E-16
    ));
#2237 = ORIENTED_EDGE('',*,*,#2238,.F.);
#2238 = EDGE_CURVE('',#2239,#2229,#2241,.T.);
#2239 = VERTEX_POINT('',#2240);
#2240 = CARTESIAN_POINT('',(55.758700547646,25.136116667941,-4.5));
#2241 = LINE('',#2242,#2243);
#2242 = CARTESIAN_POINT('',(55.758700547646,25.136116667941,-4.5));
#2243 = VECTOR('',#2244,1.);
#2244 = DIRECTION('',(-0.707106781187,-0.707106781187,
    -3.925231146709E-16));
#2245 = ORIENTED_EDGE('',*,*,#2246,.F.);
#2246 = EDGE_CURVE('',#2247,#2239,#2249,.T.);
#2247 = VERTEX_POINT('',#2248);
#2248 = CARTESIAN_POINT('',(51.758700547646,29.136116667941,-4.5));
#2249 = LINE('',#2250,#2251);
#2250 = CARTESIAN_POINT('',(51.758700547646,29.136116667941,-4.5));
#2251 = VECTOR('',#2252,1.);
#2252 = DIRECTION('',(0.707106781187,-0.707106781187,3.925231146709E-16)
  );
#2253 = ORIENTED_EDGE('',*,*,#2254,.F.);
#2254 = EDGE_CURVE('',#2231,#2247,#2255,.T.);
#2255 = LINE('',#2256,#2257);
#2256 = CARTESIAN_POINT('',(47.758700547646,25.136116667941,-4.5));
#2257 = VECTOR('',#2258,1.);
#2258 = DIRECTION('',(0.707106781187,0.707106781187,3.925231146709E-16)
  );
#2259 = FACE_BOUND('',#2260,.T.);
#2260 = EDGE_LOOP('',(#2261));
#2261 = ORIENTED_EDGE('',*,*,#2262,.F.);
#2262 = EDGE_CURVE('',#2263,#2263,#2265,.T.);
#2263 = VERTEX_POINT('',#2264);
#2264 = CARTESIAN_POINT('',(62.258680303194,30.389167222889,-4.5));
#2265 = CIRCLE('',#2266,3.);
#2266 = AXIS2_PLACEMENT_3D('',#2267,#2268,#2269);
#2267 = CARTESIAN_POINT('',(65.258680303194,30.389167222889,-4.5));
#2268 = DIRECTION('',(5.551115123126E-16,0.,-1.));
#2269 = DIRECTION('',(-1.,0.,-5.551115123126E-16));
#2270 = FACE_BOUND('',#2271,.T.);
#2271 = EDGE_LOOP('',(#2272,#2282,#2290,#2298));
#2272 = ORIENTED_EDGE('',*,*,#2273,.F.);
#2273 = EDGE_CURVE('',#2274,#2276,#2278,.T.);
#2274 = VERTEX_POINT('',#2275);
#2275 = CARTESIAN_POINT('',(60.758665358668,39.642233335882,-4.5));
#2276 = VERTEX_POINT('',#2277);
#2277 = CARTESIAN_POINT('',(64.758682953157,35.642250930371,-4.5));
#2278 = LINE('',#2279,#2280);
#2279 = CARTESIAN_POINT('',(60.758665358668,39.642233335882,-4.5));
#2280 = VECTOR('',#2281,1.);
#2281 = DIRECTION('',(0.707109891475,-0.707103670884,3.92524841228E-16)
  );
#2282 = ORIENTED_EDGE('',*,*,#2283,.F.);
#2283 = EDGE_CURVE('',#2284,#2274,#2286,.T.);
#2284 = VERTEX_POINT('',#2285);
#2285 = CARTESIAN_POINT('',(56.758682953157,35.642215741393,-4.5));
#2286 = LINE('',#2287,#2288);
#2287 = CARTESIAN_POINT('',(56.758682953157,35.642215741393,-4.5));
#2288 = VECTOR('',#2289,1.);
#2289 = DIRECTION('',(0.707103670884,0.707109891475,3.925213881063E-16)
  );
#2290 = ORIENTED_EDGE('',*,*,#2291,.F.);
#2291 = EDGE_CURVE('',#2292,#2284,#2294,.T.);
#2292 = VERTEX_POINT('',#2293);
#2293 = CARTESIAN_POINT('',(60.758700547646,31.642233335882,-4.5));
#2294 = LINE('',#2295,#2296);
#2295 = CARTESIAN_POINT('',(60.758700547646,31.642233335882,-4.5));
#2296 = VECTOR('',#2297,1.);
#2297 = DIRECTION('',(-0.707109891475,0.707103670884,-3.92524841228E-16)
  );
#2298 = ORIENTED_EDGE('',*,*,#2299,.F.);
#2299 = EDGE_CURVE('',#2276,#2292,#2300,.T.);
#2300 = LINE('',#2301,#2302);
#2301 = CARTESIAN_POINT('',(64.758682953157,35.642250930371,-4.5));
#2302 = VECTOR('',#2303,1.);
#2303 = DIRECTION('',(-0.707103670884,-0.707109891475,
    -3.925213881063E-16));
#2304 = FACE_BOUND('',#2305,.T.);
#2305 = EDGE_LOOP('',(#2306));
#2306 = ORIENTED_EDGE('',*,*,#2307,.F.);
#2307 = EDGE_CURVE('',#2308,#2308,#2310,.T.);
#2308 = VERTEX_POINT('',#2309);
#2309 = CARTESIAN_POINT('',(53.258680303194,30.389167222889,-4.5));
#2310 = CIRCLE('',#2311,3.);
#2311 = AXIS2_PLACEMENT_3D('',#2312,#2313,#2314);
#2312 = CARTESIAN_POINT('',(56.258680303194,30.389167222889,-4.5));
#2313 = DIRECTION('',(5.551115123126E-16,0.,-1.));
#2314 = DIRECTION('',(-1.,0.,-5.551115123126E-16));
#2315 = FACE_BOUND('',#2316,.T.);
#2316 = EDGE_LOOP('',(#2317,#2327,#2335,#2343));
#2317 = ORIENTED_EDGE('',*,*,#2318,.F.);
#2318 = EDGE_CURVE('',#2319,#2321,#2323,.T.);
#2319 = VERTEX_POINT('',#2320);
#2320 = CARTESIAN_POINT('',(51.758665358668,39.642233335882,-4.5));
#2321 = VERTEX_POINT('',#2322);
#2322 = CARTESIAN_POINT('',(55.758682953157,35.642250930371,-4.5));
#2323 = LINE('',#2324,#2325);
#2324 = CARTESIAN_POINT('',(51.758665358668,39.642233335882,-4.5));
#2325 = VECTOR('',#2326,1.);
#2326 = DIRECTION('',(0.707109891475,-0.707103670884,3.92524841228E-16)
  );
#2327 = ORIENTED_EDGE('',*,*,#2328,.F.);
#2328 = EDGE_CURVE('',#2329,#2319,#2331,.T.);
#2329 = VERTEX_POINT('',#2330);
#2330 = CARTESIAN_POINT('',(47.758682953157,35.642215741393,-4.5));
#2331 = LINE('',#2332,#2333);
#2332 = CARTESIAN_POINT('',(47.758682953157,35.642215741393,-4.5));
#2333 = VECTOR('',#2334,1.);
#2334 = DIRECTION('',(0.707103670884,0.707109891475,3.925213881063E-16)
  );
#2335 = ORIENTED_EDGE('',*,*,#2336,.F.);
#2336 = EDGE_CURVE('',#2337,#2329,#2339,.T.);
#2337 = VERTEX_POINT('',#2338);
#2338 = CARTESIAN_POINT('',(51.758700547646,31.642233335882,-4.5));
#2339 = LINE('',#2340,#2341);
#2340 = CARTESIAN_POINT('',(51.758700547646,31.642233335882,-4.5));
#2341 = VECTOR('',#2342,1.);
#2342 = DIRECTION('',(-0.707109891475,0.707103670884,-3.92524841228E-16)
  );
#2343 = ORIENTED_EDGE('',*,*,#2344,.F.);
#2344 = EDGE_CURVE('',#2321,#2337,#2345,.T.);
#2345 = LINE('',#2346,#2347);
#2346 = CARTESIAN_POINT('',(55.758682953157,35.642250930371,-4.5));
#2347 = VECTOR('',#2348,1.);
#2348 = DIRECTION('',(-0.707103670884,-0.707109891475,
    -3.925213881063E-16));
#2349 = FACE_BOUND('',#2350,.T.);
#2350 = EDGE_LOOP('',(#2351));
#2351 = ORIENTED_EDGE('',*,*,#2352,.F.);
#2352 = EDGE_CURVE('',#2353,#2353,#2355,.T.);
#2353 = VERTEX_POINT('',#2354);
#2354 = CARTESIAN_POINT('',(43.26776608642,42.642232180488,-4.5));
#2355 = CIRCLE('',#2356,1.75);
#2356 = AXIS2_PLACEMENT_3D('',#2357,#2358,#2359);
#2357 = CARTESIAN_POINT('',(45.01776608642,42.642232180488,-4.5));
#2358 = DIRECTION('',(5.551115123126E-16,0.,-1.));
#2359 = DIRECTION('',(-1.,0.,-5.551115123126E-16));
#2360 = PLANE('',#2361);
#2361 = AXIS2_PLACEMENT_3D('',#2362,#2363,#2364);
#2362 = CARTESIAN_POINT('',(69.259999922735,14.63,-4.5));
#2363 = DIRECTION('',(5.551115123126E-16,0.,-1.));
#2364 = DIRECTION('',(-1.,0.,-5.551115123126E-16));
#2365 = ADVANCED_FACE('',(#2366),#2377,.F.);
#2366 = FACE_BOUND('',#2367,.F.);
#2367 = EDGE_LOOP('',(#2368,#2369,#2370,#2376));
#2368 = ORIENTED_EDGE('',*,*,#71,.T.);
#2369 = ORIENTED_EDGE('',*,*,#1250,.T.);
#2370 = ORIENTED_EDGE('',*,*,#2371,.F.);
#2371 = EDGE_CURVE('',#130,#1251,#2372,.T.);
#2372 = LINE('',#2373,#2374);
#2373 = CARTESIAN_POINT('',(43.25,-17.15,-1.121325254871E-15));
#2374 = VECTOR('',#2375,1.);
#2375 = DIRECTION('',(5.551115123126E-16,0.,-1.));
#2376 = ORIENTED_EDGE('',*,*,#129,.F.);
#2377 = PLANE('',#2378);
#2378 = AXIS2_PLACEMENT_3D('',#2379,#2380,#2381);
#2379 = CARTESIAN_POINT('',(95.27,-17.15,2.775557561563E-14));
#2380 = DIRECTION('',(0.,1.,0.));
#2381 = DIRECTION('',(-1.,0.,-5.551115123126E-16));
#2382 = ADVANCED_FACE('',(#2383),#2394,.T.);
#2383 = FACE_BOUND('',#2384,.T.);
#2384 = EDGE_LOOP('',(#2385,#2386,#2387,#2393));
#2385 = ORIENTED_EDGE('',*,*,#94,.T.);
#2386 = ORIENTED_EDGE('',*,*,#1284,.T.);
#2387 = ORIENTED_EDGE('',*,*,#2388,.F.);
#2388 = EDGE_CURVE('',#155,#1276,#2389,.T.);
#2389 = LINE('',#2390,#2391);
#2390 = CARTESIAN_POINT('',(43.25,46.41,-1.121325254871E-15));
#2391 = VECTOR('',#2392,1.);
#2392 = DIRECTION('',(5.551115123126E-16,0.,-1.));
#2393 = ORIENTED_EDGE('',*,*,#163,.F.);
#2394 = PLANE('',#2395);
#2395 = AXIS2_PLACEMENT_3D('',#2396,#2397,#2398);
#2396 = CARTESIAN_POINT('',(95.27,46.41,2.775557561563E-14));
#2397 = DIRECTION('',(0.,1.,0.));
#2398 = DIRECTION('',(-1.,0.,-5.551115123126E-16));
#2399 = ADVANCED_FACE('',(#2400),#2411,.T.);
#2400 = FACE_BOUND('',#2401,.F.);
#2401 = EDGE_LOOP('',(#2402,#2403,#2404,#2410));
#2402 = ORIENTED_EDGE('',*,*,#2371,.T.);
#2403 = ORIENTED_EDGE('',*,*,#1258,.T.);
#2404 = ORIENTED_EDGE('',*,*,#2405,.F.);
#2405 = EDGE_CURVE('',#138,#1259,#2406,.T.);
#2406 = LINE('',#2407,#2408);
#2407 = CARTESIAN_POINT('',(41.25,-15.15,-2.231548279497E-15));
#2408 = VECTOR('',#2409,1.);
#2409 = DIRECTION('',(5.551115123126E-16,0.,-1.));
#2410 = ORIENTED_EDGE('',*,*,#137,.F.);
#2411 = CYLINDRICAL_SURFACE('',#2412,2.);
#2412 = AXIS2_PLACEMENT_3D('',#2413,#2414,#2415);
#2413 = CARTESIAN_POINT('',(43.25,-15.15,-1.121325254871E-15));
#2414 = DIRECTION('',(-5.551115123126E-16,0.,1.));
#2415 = DIRECTION('',(-1.,0.,-5.551115123126E-16));
#2416 = ADVANCED_FACE('',(#2417),#2428,.T.);
#2417 = FACE_BOUND('',#2418,.F.);
#2418 = EDGE_LOOP('',(#2419,#2425,#2426,#2427));
#2419 = ORIENTED_EDGE('',*,*,#2420,.T.);
#2420 = EDGE_CURVE('',#147,#1268,#2421,.T.);
#2421 = LINE('',#2422,#2423);
#2422 = CARTESIAN_POINT('',(41.25,44.41,-2.231548279497E-15));
#2423 = VECTOR('',#2424,1.);
#2424 = DIRECTION('',(5.551115123126E-16,0.,-1.));
#2425 = ORIENTED_EDGE('',*,*,#1275,.T.);
#2426 = ORIENTED_EDGE('',*,*,#2388,.F.);
#2427 = ORIENTED_EDGE('',*,*,#154,.F.);
#2428 = CYLINDRICAL_SURFACE('',#2429,2.);
#2429 = AXIS2_PLACEMENT_3D('',#2430,#2431,#2432);
#2430 = CARTESIAN_POINT('',(43.25,44.41,-1.121325254871E-15));
#2431 = DIRECTION('',(-5.551115123126E-16,0.,1.));
#2432 = DIRECTION('',(-1.,0.,-5.551115123126E-16));
#2433 = ADVANCED_FACE('',(#2434),#2440,.F.);
#2434 = FACE_BOUND('',#2435,.F.);
#2435 = EDGE_LOOP('',(#2436,#2437,#2438,#2439));
#2436 = ORIENTED_EDGE('',*,*,#2405,.T.);
#2437 = ORIENTED_EDGE('',*,*,#1267,.T.);
#2438 = ORIENTED_EDGE('',*,*,#2420,.F.);
#2439 = ORIENTED_EDGE('',*,*,#146,.F.);
#2440 = PLANE('',#2441);
#2441 = AXIS2_PLACEMENT_3D('',#2442,#2443,#2444);
#2442 = CARTESIAN_POINT('',(41.25,-15.15,-2.231548279497E-15));
#2443 = DIRECTION('',(1.,0.,5.551115123126E-16));
#2444 = DIRECTION('',(0.,1.,0.));
#2445 = ADVANCED_FACE('',(#2446),#2465,.F.);
#2446 = FACE_BOUND('',#2447,.T.);
#2447 = EDGE_LOOP('',(#2448,#2456,#2463,#2464));
#2448 = ORIENTED_EDGE('',*,*,#2449,.T.);
#2449 = EDGE_CURVE('',#173,#2450,#2452,.T.);
#2450 = VERTEX_POINT('',#2451);
#2451 = CARTESIAN_POINT('',(90.502232758185,-13.38223333588,-3.));
#2452 = LINE('',#2453,#2454);
#2453 = CARTESIAN_POINT('',(90.502232758185,-13.38223333588,
    2.510893313167E-14));
#2454 = VECTOR('',#2455,1.);
#2455 = DIRECTION('',(5.551115123126E-16,0.,-1.));
#2456 = ORIENTED_EDGE('',*,*,#2457,.T.);
#2457 = EDGE_CURVE('',#2450,#2450,#2458,.T.);
#2458 = CIRCLE('',#2459,3.);
#2459 = AXIS2_PLACEMENT_3D('',#2460,#2461,#2462);
#2460 = CARTESIAN_POINT('',(93.502232758185,-13.38223333588,-3.));
#2461 = DIRECTION('',(5.551115123126E-16,0.,-1.));
#2462 = DIRECTION('',(-1.,0.,-5.551115123126E-16));
#2463 = ORIENTED_EDGE('',*,*,#2449,.F.);
#2464 = ORIENTED_EDGE('',*,*,#172,.F.);
#2465 = CYLINDRICAL_SURFACE('',#2466,3.);
#2466 = AXIS2_PLACEMENT_3D('',#2467,#2468,#2469);
#2467 = CARTESIAN_POINT('',(93.502232758185,-13.38223333588,
    2.677426766861E-14));
#2468 = DIRECTION('',(-5.551115123126E-16,0.,1.));
#2469 = DIRECTION('',(-1.,0.,-5.551115123126E-16));
#2470 = ADVANCED_FACE('',(#2471),#2487,.F.);
#2471 = FACE_BOUND('',#2472,.F.);
#2472 = EDGE_LOOP('',(#2473,#2474,#2480,#2481));
#2473 = ORIENTED_EDGE('',*,*,#1330,.F.);
#2474 = ORIENTED_EDGE('',*,*,#2475,.T.);
#2475 = EDGE_CURVE('',#1307,#186,#2476,.T.);
#2476 = LINE('',#2477,#2478);
#2477 = CARTESIAN_POINT('',(91.758700547646,-6.382233335882,-4.5));
#2478 = VECTOR('',#2479,1.);
#2479 = DIRECTION('',(-5.551115123126E-16,0.,1.));
#2480 = ORIENTED_EDGE('',*,*,#183,.F.);
#2481 = ORIENTED_EDGE('',*,*,#2482,.F.);
#2482 = EDGE_CURVE('',#1323,#184,#2483,.T.);
#2483 = LINE('',#2484,#2485);
#2484 = CARTESIAN_POINT('',(87.758700547646,-10.38223333588,-4.5));
#2485 = VECTOR('',#2486,1.);
#2486 = DIRECTION('',(-5.551115123126E-16,0.,1.));
#2487 = PLANE('',#2488);
#2488 = AXIS2_PLACEMENT_3D('',#2489,#2490,#2491);
#2489 = CARTESIAN_POINT('',(91.758700547646,-6.382233335882,-4.5));
#2490 = DIRECTION('',(0.707106781187,-0.707106781187,3.925231146709E-16)
  );
#2491 = DIRECTION('',(-0.707106781187,-0.707106781187,
    -3.925231146709E-16));
#2492 = ADVANCED_FACE('',(#2493),#2504,.F.);
#2493 = FACE_BOUND('',#2494,.F.);
#2494 = EDGE_LOOP('',(#2495,#2496,#2497,#2498));
#2495 = ORIENTED_EDGE('',*,*,#1322,.F.);
#2496 = ORIENTED_EDGE('',*,*,#2482,.T.);
#2497 = ORIENTED_EDGE('',*,*,#209,.F.);
#2498 = ORIENTED_EDGE('',*,*,#2499,.F.);
#2499 = EDGE_CURVE('',#1315,#202,#2500,.T.);
#2500 = LINE('',#2501,#2502);
#2501 = CARTESIAN_POINT('',(83.758700547646,-6.382233335882,-4.5));
#2502 = VECTOR('',#2503,1.);
#2503 = DIRECTION('',(-5.551115123126E-16,0.,1.));
#2504 = PLANE('',#2505);
#2505 = AXIS2_PLACEMENT_3D('',#2506,#2507,#2508);
#2506 = CARTESIAN_POINT('',(87.758700547646,-10.38223333588,-4.5));
#2507 = DIRECTION('',(-0.707106781187,-0.707106781187,
    -3.925231146709E-16));
#2508 = DIRECTION('',(-0.707106781187,0.707106781187,-3.925231146709E-16
    ));
#2509 = ADVANCED_FACE('',(#2510),#2521,.F.);
#2510 = FACE_BOUND('',#2511,.F.);
#2511 = EDGE_LOOP('',(#2512,#2513,#2519,#2520));
#2512 = ORIENTED_EDGE('',*,*,#1304,.F.);
#2513 = ORIENTED_EDGE('',*,*,#2514,.T.);
#2514 = EDGE_CURVE('',#1305,#194,#2515,.T.);
#2515 = LINE('',#2516,#2517);
#2516 = CARTESIAN_POINT('',(87.758700547646,-2.382233335882,-4.5));
#2517 = VECTOR('',#2518,1.);
#2518 = DIRECTION('',(-5.551115123126E-16,0.,1.));
#2519 = ORIENTED_EDGE('',*,*,#193,.F.);
#2520 = ORIENTED_EDGE('',*,*,#2475,.F.);
#2521 = PLANE('',#2522);
#2522 = AXIS2_PLACEMENT_3D('',#2523,#2524,#2525);
#2523 = CARTESIAN_POINT('',(87.758700547646,-2.382233335882,-4.5));
#2524 = DIRECTION('',(0.707106781187,0.707106781187,3.925231146709E-16)
  );
#2525 = DIRECTION('',(0.707106781187,-0.707106781187,3.925231146709E-16)
  );
#2526 = ADVANCED_FACE('',(#2527),#2533,.F.);
#2527 = FACE_BOUND('',#2528,.F.);
#2528 = EDGE_LOOP('',(#2529,#2530,#2531,#2532));
#2529 = ORIENTED_EDGE('',*,*,#1314,.F.);
#2530 = ORIENTED_EDGE('',*,*,#2499,.T.);
#2531 = ORIENTED_EDGE('',*,*,#201,.F.);
#2532 = ORIENTED_EDGE('',*,*,#2514,.F.);
#2533 = PLANE('',#2534);
#2534 = AXIS2_PLACEMENT_3D('',#2535,#2536,#2537);
#2535 = CARTESIAN_POINT('',(83.758700547646,-6.382233335882,-4.5));
#2536 = DIRECTION('',(-0.707106781187,0.707106781187,-3.925231146709E-16
    ));
#2537 = DIRECTION('',(0.707106781187,0.707106781187,3.925231146709E-16)
  );
#2538 = ADVANCED_FACE('',(#2539),#2550,.F.);
#2539 = FACE_BOUND('',#2540,.F.);
#2540 = EDGE_LOOP('',(#2541,#2547,#2548,#2549));
#2541 = ORIENTED_EDGE('',*,*,#2542,.F.);
#2542 = EDGE_CURVE('',#1339,#218,#2543,.T.);
#2543 = LINE('',#2544,#2545);
#2544 = CARTESIAN_POINT('',(80.258680303194,-1.110832777111,-4.5));
#2545 = VECTOR('',#2546,1.);
#2546 = DIRECTION('',(-5.551115123126E-16,0.,1.));
#2547 = ORIENTED_EDGE('',*,*,#1338,.F.);
#2548 = ORIENTED_EDGE('',*,*,#2542,.T.);
#2549 = ORIENTED_EDGE('',*,*,#217,.T.);
#2550 = CYLINDRICAL_SURFACE('',#2551,3.);
#2551 = AXIS2_PLACEMENT_3D('',#2552,#2553,#2554);
#2552 = CARTESIAN_POINT('',(83.258680303194,-1.110832777111,-4.5));
#2553 = DIRECTION('',(5.551115123126E-16,0.,-1.));
#2554 = DIRECTION('',(-1.,0.,-5.551115123126E-16));
#2555 = ADVANCED_FACE('',(#2556),#2572,.F.);
#2556 = FACE_BOUND('',#2557,.F.);
#2557 = EDGE_LOOP('',(#2558,#2559,#2565,#2566));
#2558 = ORIENTED_EDGE('',*,*,#1375,.F.);
#2559 = ORIENTED_EDGE('',*,*,#2560,.T.);
#2560 = EDGE_CURVE('',#1352,#231,#2561,.T.);
#2561 = LINE('',#2562,#2563);
#2562 = CARTESIAN_POINT('',(82.758700547646,-6.382233335882,-4.5));
#2563 = VECTOR('',#2564,1.);
#2564 = DIRECTION('',(-5.551115123126E-16,0.,1.));
#2565 = ORIENTED_EDGE('',*,*,#228,.F.);
#2566 = ORIENTED_EDGE('',*,*,#2567,.F.);
#2567 = EDGE_CURVE('',#1368,#229,#2568,.T.);
#2568 = LINE('',#2569,#2570);
#2569 = CARTESIAN_POINT('',(78.758700547646,-10.38223333588,-4.5));
#2570 = VECTOR('',#2571,1.);
#2571 = DIRECTION('',(-5.551115123126E-16,0.,1.));
#2572 = PLANE('',#2573);
#2573 = AXIS2_PLACEMENT_3D('',#2574,#2575,#2576);
#2574 = CARTESIAN_POINT('',(82.758700547646,-6.382233335882,-4.5));
#2575 = DIRECTION('',(0.707106781187,-0.707106781187,3.925231146709E-16)
  );
#2576 = DIRECTION('',(-0.707106781187,-0.707106781187,
    -3.925231146709E-16));
#2577 = ADVANCED_FACE('',(#2578),#2589,.F.);
#2578 = FACE_BOUND('',#2579,.F.);
#2579 = EDGE_LOOP('',(#2580,#2581,#2582,#2583));
#2580 = ORIENTED_EDGE('',*,*,#1367,.F.);
#2581 = ORIENTED_EDGE('',*,*,#2567,.T.);
#2582 = ORIENTED_EDGE('',*,*,#254,.F.);
#2583 = ORIENTED_EDGE('',*,*,#2584,.F.);
#2584 = EDGE_CURVE('',#1360,#247,#2585,.T.);
#2585 = LINE('',#2586,#2587);
#2586 = CARTESIAN_POINT('',(74.758700547646,-6.382233335882,-4.5));
#2587 = VECTOR('',#2588,1.);
#2588 = DIRECTION('',(-5.551115123126E-16,0.,1.));
#2589 = PLANE('',#2590);
#2590 = AXIS2_PLACEMENT_3D('',#2591,#2592,#2593);
#2591 = CARTESIAN_POINT('',(78.758700547646,-10.38223333588,-4.5));
#2592 = DIRECTION('',(-0.707106781187,-0.707106781187,
    -3.925231146709E-16));
#2593 = DIRECTION('',(-0.707106781187,0.707106781187,-3.925231146709E-16
    ));
#2594 = ADVANCED_FACE('',(#2595),#2606,.F.);
#2595 = FACE_BOUND('',#2596,.F.);
#2596 = EDGE_LOOP('',(#2597,#2598,#2604,#2605));
#2597 = ORIENTED_EDGE('',*,*,#1349,.F.);
#2598 = ORIENTED_EDGE('',*,*,#2599,.T.);
#2599 = EDGE_CURVE('',#1350,#239,#2600,.T.);
#2600 = LINE('',#2601,#2602);
#2601 = CARTESIAN_POINT('',(78.758700547646,-2.382233335882,-4.5));
#2602 = VECTOR('',#2603,1.);
#2603 = DIRECTION('',(-5.551115123126E-16,0.,1.));
#2604 = ORIENTED_EDGE('',*,*,#238,.F.);
#2605 = ORIENTED_EDGE('',*,*,#2560,.F.);
#2606 = PLANE('',#2607);
#2607 = AXIS2_PLACEMENT_3D('',#2608,#2609,#2610);
#2608 = CARTESIAN_POINT('',(78.758700547646,-2.382233335882,-4.5));
#2609 = DIRECTION('',(0.707106781187,0.707106781187,3.925231146709E-16)
  );
#2610 = DIRECTION('',(0.707106781187,-0.707106781187,3.925231146709E-16)
  );
#2611 = ADVANCED_FACE('',(#2612),#2618,.F.);
#2612 = FACE_BOUND('',#2613,.F.);
#2613 = EDGE_LOOP('',(#2614,#2615,#2616,#2617));
#2614 = ORIENTED_EDGE('',*,*,#1359,.F.);
#2615 = ORIENTED_EDGE('',*,*,#2584,.T.);
#2616 = ORIENTED_EDGE('',*,*,#246,.F.);
#2617 = ORIENTED_EDGE('',*,*,#2599,.F.);
#2618 = PLANE('',#2619);
#2619 = AXIS2_PLACEMENT_3D('',#2620,#2621,#2622);
#2620 = CARTESIAN_POINT('',(74.758700547646,-6.382233335882,-4.5));
#2621 = DIRECTION('',(-0.707106781187,0.707106781187,-3.925231146709E-16
    ));
#2622 = DIRECTION('',(0.707106781187,0.707106781187,3.925231146709E-16)
  );
#2623 = ADVANCED_FACE('',(#2624),#2640,.F.);
#2624 = FACE_BOUND('',#2625,.F.);
#2625 = EDGE_LOOP('',(#2626,#2627,#2633,#2634));
#2626 = ORIENTED_EDGE('',*,*,#1409,.F.);
#2627 = ORIENTED_EDGE('',*,*,#2628,.T.);
#2628 = EDGE_CURVE('',#1386,#265,#2629,.T.);
#2629 = LINE('',#2630,#2631);
#2630 = CARTESIAN_POINT('',(73.758700547646,-6.382233335882,-4.5));
#2631 = VECTOR('',#2632,1.);
#2632 = DIRECTION('',(-5.551115123126E-16,0.,1.));
#2633 = ORIENTED_EDGE('',*,*,#262,.F.);
#2634 = ORIENTED_EDGE('',*,*,#2635,.F.);
#2635 = EDGE_CURVE('',#1402,#263,#2636,.T.);
#2636 = LINE('',#2637,#2638);
#2637 = CARTESIAN_POINT('',(69.758700547646,-10.38223333588,-4.5));
#2638 = VECTOR('',#2639,1.);
#2639 = DIRECTION('',(-5.551115123126E-16,0.,1.));
#2640 = PLANE('',#2641);
#2641 = AXIS2_PLACEMENT_3D('',#2642,#2643,#2644);
#2642 = CARTESIAN_POINT('',(73.758700547646,-6.382233335882,-4.5));
#2643 = DIRECTION('',(0.707106781187,-0.707106781187,3.925231146709E-16)
  );
#2644 = DIRECTION('',(-0.707106781187,-0.707106781187,
    -3.925231146709E-16));
#2645 = ADVANCED_FACE('',(#2646),#2657,.F.);
#2646 = FACE_BOUND('',#2647,.F.);
#2647 = EDGE_LOOP('',(#2648,#2649,#2650,#2651));
#2648 = ORIENTED_EDGE('',*,*,#1401,.F.);
#2649 = ORIENTED_EDGE('',*,*,#2635,.T.);
#2650 = ORIENTED_EDGE('',*,*,#288,.F.);
#2651 = ORIENTED_EDGE('',*,*,#2652,.F.);
#2652 = EDGE_CURVE('',#1394,#281,#2653,.T.);
#2653 = LINE('',#2654,#2655);
#2654 = CARTESIAN_POINT('',(65.758700547646,-6.382233335882,-4.5));
#2655 = VECTOR('',#2656,1.);
#2656 = DIRECTION('',(-5.551115123126E-16,0.,1.));
#2657 = PLANE('',#2658);
#2658 = AXIS2_PLACEMENT_3D('',#2659,#2660,#2661);
#2659 = CARTESIAN_POINT('',(69.758700547646,-10.38223333588,-4.5));
#2660 = DIRECTION('',(-0.707106781187,-0.707106781187,
    -3.925231146709E-16));
#2661 = DIRECTION('',(-0.707106781187,0.707106781187,-3.925231146709E-16
    ));
#2662 = ADVANCED_FACE('',(#2663),#2674,.F.);
#2663 = FACE_BOUND('',#2664,.F.);
#2664 = EDGE_LOOP('',(#2665,#2666,#2672,#2673));
#2665 = ORIENTED_EDGE('',*,*,#1383,.F.);
#2666 = ORIENTED_EDGE('',*,*,#2667,.T.);
#2667 = EDGE_CURVE('',#1384,#273,#2668,.T.);
#2668 = LINE('',#2669,#2670);
#2669 = CARTESIAN_POINT('',(69.758700547646,-2.382233335882,-4.5));
#2670 = VECTOR('',#2671,1.);
#2671 = DIRECTION('',(-5.551115123126E-16,0.,1.));
#2672 = ORIENTED_EDGE('',*,*,#272,.F.);
#2673 = ORIENTED_EDGE('',*,*,#2628,.F.);
#2674 = PLANE('',#2675);
#2675 = AXIS2_PLACEMENT_3D('',#2676,#2677,#2678);
#2676 = CARTESIAN_POINT('',(69.758700547646,-2.382233335882,-4.5));
#2677 = DIRECTION('',(0.707106781187,0.707106781187,3.925231146709E-16)
  );
#2678 = DIRECTION('',(0.707106781187,-0.707106781187,3.925231146709E-16)
  );
#2679 = ADVANCED_FACE('',(#2680),#2686,.F.);
#2680 = FACE_BOUND('',#2681,.F.);
#2681 = EDGE_LOOP('',(#2682,#2683,#2684,#2685));
#2682 = ORIENTED_EDGE('',*,*,#1393,.F.);
#2683 = ORIENTED_EDGE('',*,*,#2652,.T.);
#2684 = ORIENTED_EDGE('',*,*,#280,.F.);
#2685 = ORIENTED_EDGE('',*,*,#2667,.F.);
#2686 = PLANE('',#2687);
#2687 = AXIS2_PLACEMENT_3D('',#2688,#2689,#2690);
#2688 = CARTESIAN_POINT('',(65.758700547646,-6.382233335882,-4.5));
#2689 = DIRECTION('',(-0.707106781187,0.707106781187,-3.925231146709E-16
    ));
#2690 = DIRECTION('',(0.707106781187,0.707106781187,3.925231146709E-16)
  );
#2691 = ADVANCED_FACE('',(#2692),#2703,.F.);
#2692 = FACE_BOUND('',#2693,.F.);
#2693 = EDGE_LOOP('',(#2694,#2700,#2701,#2702));
#2694 = ORIENTED_EDGE('',*,*,#2695,.F.);
#2695 = EDGE_CURVE('',#1418,#297,#2696,.T.);
#2696 = LINE('',#2697,#2698);
#2697 = CARTESIAN_POINT('',(71.258680303194,-1.110832777111,-4.5));
#2698 = VECTOR('',#2699,1.);
#2699 = DIRECTION('',(-5.551115123126E-16,0.,1.));
#2700 = ORIENTED_EDGE('',*,*,#1417,.F.);
#2701 = ORIENTED_EDGE('',*,*,#2695,.T.);
#2702 = ORIENTED_EDGE('',*,*,#296,.T.);
#2703 = CYLINDRICAL_SURFACE('',#2704,3.);
#2704 = AXIS2_PLACEMENT_3D('',#2705,#2706,#2707);
#2705 = CARTESIAN_POINT('',(74.258680303194,-1.110832777111,-4.5));
#2706 = DIRECTION('',(5.551115123126E-16,0.,-1.));
#2707 = DIRECTION('',(-1.,0.,-5.551115123126E-16));
#2708 = ADVANCED_FACE('',(#2709),#2725,.F.);
#2709 = FACE_BOUND('',#2710,.F.);
#2710 = EDGE_LOOP('',(#2711,#2712,#2718,#2719));
#2711 = ORIENTED_EDGE('',*,*,#1454,.F.);
#2712 = ORIENTED_EDGE('',*,*,#2713,.T.);
#2713 = EDGE_CURVE('',#1431,#310,#2714,.T.);
#2714 = LINE('',#2715,#2716);
#2715 = CARTESIAN_POINT('',(91.758700547646,4.123883332059,-4.5));
#2716 = VECTOR('',#2717,1.);
#2717 = DIRECTION('',(-5.551115123126E-16,0.,1.));
#2718 = ORIENTED_EDGE('',*,*,#307,.F.);
#2719 = ORIENTED_EDGE('',*,*,#2720,.F.);
#2720 = EDGE_CURVE('',#1447,#308,#2721,.T.);
#2721 = LINE('',#2722,#2723);
#2722 = CARTESIAN_POINT('',(87.758700547646,0.123883332059,-4.5));
#2723 = VECTOR('',#2724,1.);
#2724 = DIRECTION('',(-5.551115123126E-16,0.,1.));
#2725 = PLANE('',#2726);
#2726 = AXIS2_PLACEMENT_3D('',#2727,#2728,#2729);
#2727 = CARTESIAN_POINT('',(91.758700547646,4.123883332059,-4.5));
#2728 = DIRECTION('',(0.707106781187,-0.707106781187,3.925231146709E-16)
  );
#2729 = DIRECTION('',(-0.707106781187,-0.707106781187,
    -3.925231146709E-16));
#2730 = ADVANCED_FACE('',(#2731),#2742,.F.);
#2731 = FACE_BOUND('',#2732,.F.);
#2732 = EDGE_LOOP('',(#2733,#2734,#2735,#2736));
#2733 = ORIENTED_EDGE('',*,*,#1446,.F.);
#2734 = ORIENTED_EDGE('',*,*,#2720,.T.);
#2735 = ORIENTED_EDGE('',*,*,#333,.F.);
#2736 = ORIENTED_EDGE('',*,*,#2737,.F.);
#2737 = EDGE_CURVE('',#1439,#326,#2738,.T.);
#2738 = LINE('',#2739,#2740);
#2739 = CARTESIAN_POINT('',(83.758700547646,4.123883332059,-4.5));
#2740 = VECTOR('',#2741,1.);
#2741 = DIRECTION('',(-5.551115123126E-16,0.,1.));
#2742 = PLANE('',#2743);
#2743 = AXIS2_PLACEMENT_3D('',#2744,#2745,#2746);
#2744 = CARTESIAN_POINT('',(87.758700547646,0.123883332059,-4.5));
#2745 = DIRECTION('',(-0.707106781187,-0.707106781187,
    -3.925231146709E-16));
#2746 = DIRECTION('',(-0.707106781187,0.707106781187,-3.925231146709E-16
    ));
#2747 = ADVANCED_FACE('',(#2748),#2759,.F.);
#2748 = FACE_BOUND('',#2749,.F.);
#2749 = EDGE_LOOP('',(#2750,#2751,#2757,#2758));
#2750 = ORIENTED_EDGE('',*,*,#1428,.F.);
#2751 = ORIENTED_EDGE('',*,*,#2752,.T.);
#2752 = EDGE_CURVE('',#1429,#318,#2753,.T.);
#2753 = LINE('',#2754,#2755);
#2754 = CARTESIAN_POINT('',(87.758700547646,8.123883332059,-4.5));
#2755 = VECTOR('',#2756,1.);
#2756 = DIRECTION('',(-5.551115123126E-16,0.,1.));
#2757 = ORIENTED_EDGE('',*,*,#317,.F.);
#2758 = ORIENTED_EDGE('',*,*,#2713,.F.);
#2759 = PLANE('',#2760);
#2760 = AXIS2_PLACEMENT_3D('',#2761,#2762,#2763);
#2761 = CARTESIAN_POINT('',(87.758700547646,8.123883332059,-4.5));
#2762 = DIRECTION('',(0.707106781187,0.707106781187,3.925231146709E-16)
  );
#2763 = DIRECTION('',(0.707106781187,-0.707106781187,3.925231146709E-16)
  );
#2764 = ADVANCED_FACE('',(#2765),#2771,.F.);
#2765 = FACE_BOUND('',#2766,.F.);
#2766 = EDGE_LOOP('',(#2767,#2768,#2769,#2770));
#2767 = ORIENTED_EDGE('',*,*,#1438,.F.);
#2768 = ORIENTED_EDGE('',*,*,#2737,.T.);
#2769 = ORIENTED_EDGE('',*,*,#325,.F.);
#2770 = ORIENTED_EDGE('',*,*,#2752,.F.);
#2771 = PLANE('',#2772);
#2772 = AXIS2_PLACEMENT_3D('',#2773,#2774,#2775);
#2773 = CARTESIAN_POINT('',(83.758700547646,4.123883332059,-4.5));
#2774 = DIRECTION('',(-0.707106781187,0.707106781187,-3.925231146709E-16
    ));
#2775 = DIRECTION('',(0.707106781187,0.707106781187,3.925231146709E-16)
  );
#2776 = ADVANCED_FACE('',(#2777),#2788,.F.);
#2777 = FACE_BOUND('',#2778,.F.);
#2778 = EDGE_LOOP('',(#2779,#2785,#2786,#2787));
#2779 = ORIENTED_EDGE('',*,*,#2780,.F.);
#2780 = EDGE_CURVE('',#1463,#342,#2781,.T.);
#2781 = LINE('',#2782,#2783);
#2782 = CARTESIAN_POINT('',(80.258680303194,9.389167222889,-4.5));
#2783 = VECTOR('',#2784,1.);
#2784 = DIRECTION('',(-5.551115123126E-16,0.,1.));
#2785 = ORIENTED_EDGE('',*,*,#1462,.F.);
#2786 = ORIENTED_EDGE('',*,*,#2780,.T.);
#2787 = ORIENTED_EDGE('',*,*,#341,.T.);
#2788 = CYLINDRICAL_SURFACE('',#2789,3.);
#2789 = AXIS2_PLACEMENT_3D('',#2790,#2791,#2792);
#2790 = CARTESIAN_POINT('',(83.258680303194,9.389167222889,-4.5));
#2791 = DIRECTION('',(5.551115123126E-16,0.,-1.));
#2792 = DIRECTION('',(-1.,0.,-5.551115123126E-16));
#2793 = ADVANCED_FACE('',(#2794),#2810,.F.);
#2794 = FACE_BOUND('',#2795,.F.);
#2795 = EDGE_LOOP('',(#2796,#2797,#2803,#2804));
#2796 = ORIENTED_EDGE('',*,*,#1499,.F.);
#2797 = ORIENTED_EDGE('',*,*,#2798,.T.);
#2798 = EDGE_CURVE('',#1476,#355,#2799,.T.);
#2799 = LINE('',#2800,#2801);
#2800 = CARTESIAN_POINT('',(82.758700547646,4.123883332059,-4.5));
#2801 = VECTOR('',#2802,1.);
#2802 = DIRECTION('',(-5.551115123126E-16,0.,1.));
#2803 = ORIENTED_EDGE('',*,*,#352,.F.);
#2804 = ORIENTED_EDGE('',*,*,#2805,.F.);
#2805 = EDGE_CURVE('',#1492,#353,#2806,.T.);
#2806 = LINE('',#2807,#2808);
#2807 = CARTESIAN_POINT('',(78.758700547646,0.123883332059,-4.5));
#2808 = VECTOR('',#2809,1.);
#2809 = DIRECTION('',(-5.551115123126E-16,0.,1.));
#2810 = PLANE('',#2811);
#2811 = AXIS2_PLACEMENT_3D('',#2812,#2813,#2814);
#2812 = CARTESIAN_POINT('',(82.758700547646,4.123883332059,-4.5));
#2813 = DIRECTION('',(0.707106781187,-0.707106781187,3.925231146709E-16)
  );
#2814 = DIRECTION('',(-0.707106781187,-0.707106781187,
    -3.925231146709E-16));
#2815 = ADVANCED_FACE('',(#2816),#2827,.F.);
#2816 = FACE_BOUND('',#2817,.F.);
#2817 = EDGE_LOOP('',(#2818,#2819,#2820,#2821));
#2818 = ORIENTED_EDGE('',*,*,#1491,.F.);
#2819 = ORIENTED_EDGE('',*,*,#2805,.T.);
#2820 = ORIENTED_EDGE('',*,*,#378,.F.);
#2821 = ORIENTED_EDGE('',*,*,#2822,.F.);
#2822 = EDGE_CURVE('',#1484,#371,#2823,.T.);
#2823 = LINE('',#2824,#2825);
#2824 = CARTESIAN_POINT('',(74.758700547646,4.123883332059,-4.5));
#2825 = VECTOR('',#2826,1.);
#2826 = DIRECTION('',(-5.551115123126E-16,0.,1.));
#2827 = PLANE('',#2828);
#2828 = AXIS2_PLACEMENT_3D('',#2829,#2830,#2831);
#2829 = CARTESIAN_POINT('',(78.758700547646,0.123883332059,-4.5));
#2830 = DIRECTION('',(-0.707106781187,-0.707106781187,
    -3.925231146709E-16));
#2831 = DIRECTION('',(-0.707106781187,0.707106781187,-3.925231146709E-16
    ));
#2832 = ADVANCED_FACE('',(#2833),#2844,.F.);
#2833 = FACE_BOUND('',#2834,.F.);
#2834 = EDGE_LOOP('',(#2835,#2836,#2842,#2843));
#2835 = ORIENTED_EDGE('',*,*,#1473,.F.);
#2836 = ORIENTED_EDGE('',*,*,#2837,.T.);
#2837 = EDGE_CURVE('',#1474,#363,#2838,.T.);
#2838 = LINE('',#2839,#2840);
#2839 = CARTESIAN_POINT('',(78.758700547646,8.123883332059,-4.5));
#2840 = VECTOR('',#2841,1.);
#2841 = DIRECTION('',(-5.551115123126E-16,0.,1.));
#2842 = ORIENTED_EDGE('',*,*,#362,.F.);
#2843 = ORIENTED_EDGE('',*,*,#2798,.F.);
#2844 = PLANE('',#2845);
#2845 = AXIS2_PLACEMENT_3D('',#2846,#2847,#2848);
#2846 = CARTESIAN_POINT('',(78.758700547646,8.123883332059,-4.5));
#2847 = DIRECTION('',(0.707106781187,0.707106781187,3.925231146709E-16)
  );
#2848 = DIRECTION('',(0.707106781187,-0.707106781187,3.925231146709E-16)
  );
#2849 = ADVANCED_FACE('',(#2850),#2856,.F.);
#2850 = FACE_BOUND('',#2851,.F.);
#2851 = EDGE_LOOP('',(#2852,#2853,#2854,#2855));
#2852 = ORIENTED_EDGE('',*,*,#1483,.F.);
#2853 = ORIENTED_EDGE('',*,*,#2822,.T.);
#2854 = ORIENTED_EDGE('',*,*,#370,.F.);
#2855 = ORIENTED_EDGE('',*,*,#2837,.F.);
#2856 = PLANE('',#2857);
#2857 = AXIS2_PLACEMENT_3D('',#2858,#2859,#2860);
#2858 = CARTESIAN_POINT('',(74.758700547646,4.123883332059,-4.5));
#2859 = DIRECTION('',(-0.707106781187,0.707106781187,-3.925231146709E-16
    ));
#2860 = DIRECTION('',(0.707106781187,0.707106781187,3.925231146709E-16)
  );
#2861 = ADVANCED_FACE('',(#2862),#2878,.F.);
#2862 = FACE_BOUND('',#2863,.F.);
#2863 = EDGE_LOOP('',(#2864,#2865,#2871,#2872));
#2864 = ORIENTED_EDGE('',*,*,#1533,.F.);
#2865 = ORIENTED_EDGE('',*,*,#2866,.T.);
#2866 = EDGE_CURVE('',#1510,#389,#2867,.T.);
#2867 = LINE('',#2868,#2869);
#2868 = CARTESIAN_POINT('',(73.758700547646,4.123883332059,-4.5));
#2869 = VECTOR('',#2870,1.);
#2870 = DIRECTION('',(-5.551115123126E-16,0.,1.));
#2871 = ORIENTED_EDGE('',*,*,#386,.F.);
#2872 = ORIENTED_EDGE('',*,*,#2873,.F.);
#2873 = EDGE_CURVE('',#1526,#387,#2874,.T.);
#2874 = LINE('',#2875,#2876);
#2875 = CARTESIAN_POINT('',(69.758700547646,0.123883332059,-4.5));
#2876 = VECTOR('',#2877,1.);
#2877 = DIRECTION('',(-5.551115123126E-16,0.,1.));
#2878 = PLANE('',#2879);
#2879 = AXIS2_PLACEMENT_3D('',#2880,#2881,#2882);
#2880 = CARTESIAN_POINT('',(73.758700547646,4.123883332059,-4.5));
#2881 = DIRECTION('',(0.707106781187,-0.707106781187,3.925231146709E-16)
  );
#2882 = DIRECTION('',(-0.707106781187,-0.707106781187,
    -3.925231146709E-16));
#2883 = ADVANCED_FACE('',(#2884),#2895,.F.);
#2884 = FACE_BOUND('',#2885,.F.);
#2885 = EDGE_LOOP('',(#2886,#2887,#2888,#2889));
#2886 = ORIENTED_EDGE('',*,*,#1525,.F.);
#2887 = ORIENTED_EDGE('',*,*,#2873,.T.);
#2888 = ORIENTED_EDGE('',*,*,#412,.F.);
#2889 = ORIENTED_EDGE('',*,*,#2890,.F.);
#2890 = EDGE_CURVE('',#1518,#405,#2891,.T.);
#2891 = LINE('',#2892,#2893);
#2892 = CARTESIAN_POINT('',(65.758700547646,4.123883332059,-4.5));
#2893 = VECTOR('',#2894,1.);
#2894 = DIRECTION('',(-5.551115123126E-16,0.,1.));
#2895 = PLANE('',#2896);
#2896 = AXIS2_PLACEMENT_3D('',#2897,#2898,#2899);
#2897 = CARTESIAN_POINT('',(69.758700547646,0.123883332059,-4.5));
#2898 = DIRECTION('',(-0.707106781187,-0.707106781187,
    -3.925231146709E-16));
#2899 = DIRECTION('',(-0.707106781187,0.707106781187,-3.925231146709E-16
    ));
#2900 = ADVANCED_FACE('',(#2901),#2912,.F.);
#2901 = FACE_BOUND('',#2902,.F.);
#2902 = EDGE_LOOP('',(#2903,#2904,#2910,#2911));
#2903 = ORIENTED_EDGE('',*,*,#1507,.F.);
#2904 = ORIENTED_EDGE('',*,*,#2905,.T.);
#2905 = EDGE_CURVE('',#1508,#397,#2906,.T.);
#2906 = LINE('',#2907,#2908);
#2907 = CARTESIAN_POINT('',(69.758700547646,8.123883332059,-4.5));
#2908 = VECTOR('',#2909,1.);
#2909 = DIRECTION('',(-5.551115123126E-16,0.,1.));
#2910 = ORIENTED_EDGE('',*,*,#396,.F.);
#2911 = ORIENTED_EDGE('',*,*,#2866,.F.);
#2912 = PLANE('',#2913);
#2913 = AXIS2_PLACEMENT_3D('',#2914,#2915,#2916);
#2914 = CARTESIAN_POINT('',(69.758700547646,8.123883332059,-4.5));
#2915 = DIRECTION('',(0.707106781187,0.707106781187,3.925231146709E-16)
  );
#2916 = DIRECTION('',(0.707106781187,-0.707106781187,3.925231146709E-16)
  );
#2917 = ADVANCED_FACE('',(#2918),#2924,.F.);
#2918 = FACE_BOUND('',#2919,.F.);
#2919 = EDGE_LOOP('',(#2920,#2921,#2922,#2923));
#2920 = ORIENTED_EDGE('',*,*,#1517,.F.);
#2921 = ORIENTED_EDGE('',*,*,#2890,.T.);
#2922 = ORIENTED_EDGE('',*,*,#404,.F.);
#2923 = ORIENTED_EDGE('',*,*,#2905,.F.);
#2924 = PLANE('',#2925);
#2925 = AXIS2_PLACEMENT_3D('',#2926,#2927,#2928);
#2926 = CARTESIAN_POINT('',(65.758700547646,4.123883332059,-4.5));
#2927 = DIRECTION('',(-0.707106781187,0.707106781187,-3.925231146709E-16
    ));
#2928 = DIRECTION('',(0.707106781187,0.707106781187,3.925231146709E-16)
  );
#2929 = ADVANCED_FACE('',(#2930),#2941,.F.);
#2930 = FACE_BOUND('',#2931,.F.);
#2931 = EDGE_LOOP('',(#2932,#2938,#2939,#2940));
#2932 = ORIENTED_EDGE('',*,*,#2933,.F.);
#2933 = EDGE_CURVE('',#1542,#421,#2934,.T.);
#2934 = LINE('',#2935,#2936);
#2935 = CARTESIAN_POINT('',(71.258680303194,9.389167222889,-4.5));
#2936 = VECTOR('',#2937,1.);
#2937 = DIRECTION('',(-5.551115123126E-16,0.,1.));
#2938 = ORIENTED_EDGE('',*,*,#1541,.F.);
#2939 = ORIENTED_EDGE('',*,*,#2933,.T.);
#2940 = ORIENTED_EDGE('',*,*,#420,.T.);
#2941 = CYLINDRICAL_SURFACE('',#2942,3.);
#2942 = AXIS2_PLACEMENT_3D('',#2943,#2944,#2945);
#2943 = CARTESIAN_POINT('',(74.258680303194,9.389167222889,-4.5));
#2944 = DIRECTION('',(5.551115123126E-16,0.,-1.));
#2945 = DIRECTION('',(-1.,0.,-5.551115123126E-16));
#2946 = ADVANCED_FACE('',(#2947),#2958,.F.);
#2947 = FACE_BOUND('',#2948,.F.);
#2948 = EDGE_LOOP('',(#2949,#2955,#2956,#2957));
#2949 = ORIENTED_EDGE('',*,*,#2950,.F.);
#2950 = EDGE_CURVE('',#1553,#432,#2951,.T.);
#2951 = LINE('',#2952,#2953);
#2952 = CARTESIAN_POINT('',(62.258680303194,-1.110832777111,-4.5));
#2953 = VECTOR('',#2954,1.);
#2954 = DIRECTION('',(-5.551115123126E-16,0.,1.));
#2955 = ORIENTED_EDGE('',*,*,#1552,.F.);
#2956 = ORIENTED_EDGE('',*,*,#2950,.T.);
#2957 = ORIENTED_EDGE('',*,*,#431,.T.);
#2958 = CYLINDRICAL_SURFACE('',#2959,3.);
#2959 = AXIS2_PLACEMENT_3D('',#2960,#2961,#2962);
#2960 = CARTESIAN_POINT('',(65.258680303194,-1.110832777111,-4.5));
#2961 = DIRECTION('',(5.551115123126E-16,0.,-1.));
#2962 = DIRECTION('',(-1.,0.,-5.551115123126E-16));
#2963 = ADVANCED_FACE('',(#2964),#2980,.F.);
#2964 = FACE_BOUND('',#2965,.F.);
#2965 = EDGE_LOOP('',(#2966,#2967,#2973,#2974));
#2966 = ORIENTED_EDGE('',*,*,#1589,.F.);
#2967 = ORIENTED_EDGE('',*,*,#2968,.T.);
#2968 = EDGE_CURVE('',#1566,#445,#2969,.T.);
#2969 = LINE('',#2970,#2971);
#2970 = CARTESIAN_POINT('',(64.758700547646,-6.382233335882,-4.5));
#2971 = VECTOR('',#2972,1.);
#2972 = DIRECTION('',(-5.551115123126E-16,0.,1.));
#2973 = ORIENTED_EDGE('',*,*,#442,.F.);
#2974 = ORIENTED_EDGE('',*,*,#2975,.F.);
#2975 = EDGE_CURVE('',#1582,#443,#2976,.T.);
#2976 = LINE('',#2977,#2978);
#2977 = CARTESIAN_POINT('',(60.758700547646,-10.38223333588,-4.5));
#2978 = VECTOR('',#2979,1.);
#2979 = DIRECTION('',(-5.551115123126E-16,0.,1.));
#2980 = PLANE('',#2981);
#2981 = AXIS2_PLACEMENT_3D('',#2982,#2983,#2984);
#2982 = CARTESIAN_POINT('',(64.758700547646,-6.382233335882,-4.5));
#2983 = DIRECTION('',(0.707106781187,-0.707106781187,3.925231146709E-16)
  );
#2984 = DIRECTION('',(-0.707106781187,-0.707106781187,
    -3.925231146709E-16));
#2985 = ADVANCED_FACE('',(#2986),#2997,.F.);
#2986 = FACE_BOUND('',#2987,.F.);
#2987 = EDGE_LOOP('',(#2988,#2989,#2990,#2991));
#2988 = ORIENTED_EDGE('',*,*,#1581,.F.);
#2989 = ORIENTED_EDGE('',*,*,#2975,.T.);
#2990 = ORIENTED_EDGE('',*,*,#468,.F.);
#2991 = ORIENTED_EDGE('',*,*,#2992,.F.);
#2992 = EDGE_CURVE('',#1574,#461,#2993,.T.);
#2993 = LINE('',#2994,#2995);
#2994 = CARTESIAN_POINT('',(56.758700547646,-6.382233335882,-4.5));
#2995 = VECTOR('',#2996,1.);
#2996 = DIRECTION('',(-5.551115123126E-16,0.,1.));
#2997 = PLANE('',#2998);
#2998 = AXIS2_PLACEMENT_3D('',#2999,#3000,#3001);
#2999 = CARTESIAN_POINT('',(60.758700547646,-10.38223333588,-4.5));
#3000 = DIRECTION('',(-0.707106781187,-0.707106781187,
    -3.925231146709E-16));
#3001 = DIRECTION('',(-0.707106781187,0.707106781187,-3.925231146709E-16
    ));
#3002 = ADVANCED_FACE('',(#3003),#3014,.F.);
#3003 = FACE_BOUND('',#3004,.F.);
#3004 = EDGE_LOOP('',(#3005,#3006,#3012,#3013));
#3005 = ORIENTED_EDGE('',*,*,#1563,.F.);
#3006 = ORIENTED_EDGE('',*,*,#3007,.T.);
#3007 = EDGE_CURVE('',#1564,#453,#3008,.T.);
#3008 = LINE('',#3009,#3010);
#3009 = CARTESIAN_POINT('',(60.758700547646,-2.382233335882,-4.5));
#3010 = VECTOR('',#3011,1.);
#3011 = DIRECTION('',(-5.551115123126E-16,0.,1.));
#3012 = ORIENTED_EDGE('',*,*,#452,.F.);
#3013 = ORIENTED_EDGE('',*,*,#2968,.F.);
#3014 = PLANE('',#3015);
#3015 = AXIS2_PLACEMENT_3D('',#3016,#3017,#3018);
#3016 = CARTESIAN_POINT('',(60.758700547646,-2.382233335882,-4.5));
#3017 = DIRECTION('',(0.707106781187,0.707106781187,3.925231146709E-16)
  );
#3018 = DIRECTION('',(0.707106781187,-0.707106781187,3.925231146709E-16)
  );
#3019 = ADVANCED_FACE('',(#3020),#3026,.F.);
#3020 = FACE_BOUND('',#3021,.F.);
#3021 = EDGE_LOOP('',(#3022,#3023,#3024,#3025));
#3022 = ORIENTED_EDGE('',*,*,#1573,.F.);
#3023 = ORIENTED_EDGE('',*,*,#2992,.T.);
#3024 = ORIENTED_EDGE('',*,*,#460,.F.);
#3025 = ORIENTED_EDGE('',*,*,#3007,.F.);
#3026 = PLANE('',#3027);
#3027 = AXIS2_PLACEMENT_3D('',#3028,#3029,#3030);
#3028 = CARTESIAN_POINT('',(56.758700547646,-6.382233335882,-4.5));
#3029 = DIRECTION('',(-0.707106781187,0.707106781187,-3.925231146709E-16
    ));
#3030 = DIRECTION('',(0.707106781187,0.707106781187,3.925231146709E-16)
  );
#3031 = ADVANCED_FACE('',(#3032),#3043,.F.);
#3032 = FACE_BOUND('',#3033,.F.);
#3033 = EDGE_LOOP('',(#3034,#3040,#3041,#3042));
#3034 = ORIENTED_EDGE('',*,*,#3035,.F.);
#3035 = EDGE_CURVE('',#1643,#477,#3036,.T.);
#3036 = LINE('',#3037,#3038);
#3037 = CARTESIAN_POINT('',(53.258680303194,-1.110832777111,-4.5));
#3038 = VECTOR('',#3039,1.);
#3039 = DIRECTION('',(-5.551115123126E-16,0.,1.));
#3040 = ORIENTED_EDGE('',*,*,#1642,.F.);
#3041 = ORIENTED_EDGE('',*,*,#3035,.T.);
#3042 = ORIENTED_EDGE('',*,*,#476,.T.);
#3043 = CYLINDRICAL_SURFACE('',#3044,3.);
#3044 = AXIS2_PLACEMENT_3D('',#3045,#3046,#3047);
#3045 = CARTESIAN_POINT('',(56.258680303194,-1.110832777111,-4.5));
#3046 = DIRECTION('',(5.551115123126E-16,0.,-1.));
#3047 = DIRECTION('',(-1.,0.,-5.551115123126E-16));
#3048 = ADVANCED_FACE('',(#3049),#3068,.F.);
#3049 = FACE_BOUND('',#3050,.T.);
#3050 = EDGE_LOOP('',(#3051,#3059,#3066,#3067));
#3051 = ORIENTED_EDGE('',*,*,#3052,.T.);
#3052 = EDGE_CURVE('',#488,#3053,#3055,.T.);
#3053 = VERTEX_POINT('',#3054);
#3054 = CARTESIAN_POINT('',(42.01776608642,-13.38223218048,-3.));
#3055 = LINE('',#3056,#3057);
#3056 = CARTESIAN_POINT('',(42.01776608642,-13.38223218048,
    -1.805352486161E-15));
#3057 = VECTOR('',#3058,1.);
#3058 = DIRECTION('',(5.551115123126E-16,0.,-1.));
#3059 = ORIENTED_EDGE('',*,*,#3060,.T.);
#3060 = EDGE_CURVE('',#3053,#3053,#3061,.T.);
#3061 = CIRCLE('',#3062,3.);
#3062 = AXIS2_PLACEMENT_3D('',#3063,#3064,#3065);
#3063 = CARTESIAN_POINT('',(45.01776608642,-13.38223218048,-3.));
#3064 = DIRECTION('',(5.551115123126E-16,0.,-1.));
#3065 = DIRECTION('',(-1.,0.,-5.551115123126E-16));
#3066 = ORIENTED_EDGE('',*,*,#3052,.F.);
#3067 = ORIENTED_EDGE('',*,*,#487,.F.);
#3068 = CYLINDRICAL_SURFACE('',#3069,3.);
#3069 = AXIS2_PLACEMENT_3D('',#3070,#3071,#3072);
#3070 = CARTESIAN_POINT('',(45.01776608642,-13.38223218048,
    -1.400179492237E-16));
#3071 = DIRECTION('',(-5.551115123126E-16,0.,1.));
#3072 = DIRECTION('',(-1.,0.,-5.551115123126E-16));
#3073 = ADVANCED_FACE('',(#3074),#3090,.F.);
#3074 = FACE_BOUND('',#3075,.F.);
#3075 = EDGE_LOOP('',(#3076,#3077,#3083,#3084));
#3076 = ORIENTED_EDGE('',*,*,#1634,.F.);
#3077 = ORIENTED_EDGE('',*,*,#3078,.T.);
#3078 = EDGE_CURVE('',#1611,#501,#3079,.T.);
#3079 = LINE('',#3080,#3081);
#3080 = CARTESIAN_POINT('',(55.758700547646,-6.382233335882,-4.5));
#3081 = VECTOR('',#3082,1.);
#3082 = DIRECTION('',(-5.551115123126E-16,0.,1.));
#3083 = ORIENTED_EDGE('',*,*,#498,.F.);
#3084 = ORIENTED_EDGE('',*,*,#3085,.F.);
#3085 = EDGE_CURVE('',#1627,#499,#3086,.T.);
#3086 = LINE('',#3087,#3088);
#3087 = CARTESIAN_POINT('',(51.758700547646,-10.38223333588,-4.5));
#3088 = VECTOR('',#3089,1.);
#3089 = DIRECTION('',(-5.551115123126E-16,0.,1.));
#3090 = PLANE('',#3091);
#3091 = AXIS2_PLACEMENT_3D('',#3092,#3093,#3094);
#3092 = CARTESIAN_POINT('',(55.758700547646,-6.382233335882,-4.5));
#3093 = DIRECTION('',(0.707106781187,-0.707106781187,3.925231146709E-16)
  );
#3094 = DIRECTION('',(-0.707106781187,-0.707106781187,
    -3.925231146709E-16));
#3095 = ADVANCED_FACE('',(#3096),#3107,.F.);
#3096 = FACE_BOUND('',#3097,.F.);
#3097 = EDGE_LOOP('',(#3098,#3099,#3100,#3101));
#3098 = ORIENTED_EDGE('',*,*,#1626,.F.);
#3099 = ORIENTED_EDGE('',*,*,#3085,.T.);
#3100 = ORIENTED_EDGE('',*,*,#524,.F.);
#3101 = ORIENTED_EDGE('',*,*,#3102,.F.);
#3102 = EDGE_CURVE('',#1619,#517,#3103,.T.);
#3103 = LINE('',#3104,#3105);
#3104 = CARTESIAN_POINT('',(47.758700547646,-6.382233335882,-4.5));
#3105 = VECTOR('',#3106,1.);
#3106 = DIRECTION('',(-5.551115123126E-16,0.,1.));
#3107 = PLANE('',#3108);
#3108 = AXIS2_PLACEMENT_3D('',#3109,#3110,#3111);
#3109 = CARTESIAN_POINT('',(51.758700547646,-10.38223333588,-4.5));
#3110 = DIRECTION('',(-0.707106781187,-0.707106781187,
    -3.925231146709E-16));
#3111 = DIRECTION('',(-0.707106781187,0.707106781187,-3.925231146709E-16
    ));
#3112 = ADVANCED_FACE('',(#3113),#3124,.F.);
#3113 = FACE_BOUND('',#3114,.F.);
#3114 = EDGE_LOOP('',(#3115,#3116,#3122,#3123));
#3115 = ORIENTED_EDGE('',*,*,#1608,.F.);
#3116 = ORIENTED_EDGE('',*,*,#3117,.T.);
#3117 = EDGE_CURVE('',#1609,#509,#3118,.T.);
#3118 = LINE('',#3119,#3120);
#3119 = CARTESIAN_POINT('',(51.758700547646,-2.382233335882,-4.5));
#3120 = VECTOR('',#3121,1.);
#3121 = DIRECTION('',(-5.551115123126E-16,0.,1.));
#3122 = ORIENTED_EDGE('',*,*,#508,.F.);
#3123 = ORIENTED_EDGE('',*,*,#3078,.F.);
#3124 = PLANE('',#3125);
#3125 = AXIS2_PLACEMENT_3D('',#3126,#3127,#3128);
#3126 = CARTESIAN_POINT('',(51.758700547646,-2.382233335882,-4.5));
#3127 = DIRECTION('',(0.707106781187,0.707106781187,3.925231146709E-16)
  );
#3128 = DIRECTION('',(0.707106781187,-0.707106781187,3.925231146709E-16)
  );
#3129 = ADVANCED_FACE('',(#3130),#3136,.F.);
#3130 = FACE_BOUND('',#3131,.F.);
#3131 = EDGE_LOOP('',(#3132,#3133,#3134,#3135));
#3132 = ORIENTED_EDGE('',*,*,#1618,.F.);
#3133 = ORIENTED_EDGE('',*,*,#3102,.T.);
#3134 = ORIENTED_EDGE('',*,*,#516,.F.);
#3135 = ORIENTED_EDGE('',*,*,#3117,.F.);
#3136 = PLANE('',#3137);
#3137 = AXIS2_PLACEMENT_3D('',#3138,#3139,#3140);
#3138 = CARTESIAN_POINT('',(47.758700547646,-6.382233335882,-4.5));
#3139 = DIRECTION('',(-0.707106781187,0.707106781187,-3.925231146709E-16
    ));
#3140 = DIRECTION('',(0.707106781187,0.707106781187,3.925231146709E-16)
  );
#3141 = ADVANCED_FACE('',(#3142),#3158,.F.);
#3142 = FACE_BOUND('',#3143,.F.);
#3143 = EDGE_LOOP('',(#3144,#3145,#3151,#3152));
#3144 = ORIENTED_EDGE('',*,*,#1679,.F.);
#3145 = ORIENTED_EDGE('',*,*,#3146,.T.);
#3146 = EDGE_CURVE('',#1656,#535,#3147,.T.);
#3147 = LINE('',#3148,#3149);
#3148 = CARTESIAN_POINT('',(64.758700547646,4.123883332059,-4.5));
#3149 = VECTOR('',#3150,1.);
#3150 = DIRECTION('',(-5.551115123126E-16,0.,1.));
#3151 = ORIENTED_EDGE('',*,*,#532,.F.);
#3152 = ORIENTED_EDGE('',*,*,#3153,.F.);
#3153 = EDGE_CURVE('',#1672,#533,#3154,.T.);
#3154 = LINE('',#3155,#3156);
#3155 = CARTESIAN_POINT('',(60.758700547646,0.123883332059,-4.5));
#3156 = VECTOR('',#3157,1.);
#3157 = DIRECTION('',(-5.551115123126E-16,0.,1.));
#3158 = PLANE('',#3159);
#3159 = AXIS2_PLACEMENT_3D('',#3160,#3161,#3162);
#3160 = CARTESIAN_POINT('',(64.758700547646,4.123883332059,-4.5));
#3161 = DIRECTION('',(0.707106781187,-0.707106781187,3.925231146709E-16)
  );
#3162 = DIRECTION('',(-0.707106781187,-0.707106781187,
    -3.925231146709E-16));
#3163 = ADVANCED_FACE('',(#3164),#3175,.F.);
#3164 = FACE_BOUND('',#3165,.F.);
#3165 = EDGE_LOOP('',(#3166,#3167,#3168,#3169));
#3166 = ORIENTED_EDGE('',*,*,#1671,.F.);
#3167 = ORIENTED_EDGE('',*,*,#3153,.T.);
#3168 = ORIENTED_EDGE('',*,*,#558,.F.);
#3169 = ORIENTED_EDGE('',*,*,#3170,.F.);
#3170 = EDGE_CURVE('',#1664,#551,#3171,.T.);
#3171 = LINE('',#3172,#3173);
#3172 = CARTESIAN_POINT('',(56.758700547646,4.123883332059,-4.5));
#3173 = VECTOR('',#3174,1.);
#3174 = DIRECTION('',(-5.551115123126E-16,0.,1.));
#3175 = PLANE('',#3176);
#3176 = AXIS2_PLACEMENT_3D('',#3177,#3178,#3179);
#3177 = CARTESIAN_POINT('',(60.758700547646,0.123883332059,-4.5));
#3178 = DIRECTION('',(-0.707106781187,-0.707106781187,
    -3.925231146709E-16));
#3179 = DIRECTION('',(-0.707106781187,0.707106781187,-3.925231146709E-16
    ));
#3180 = ADVANCED_FACE('',(#3181),#3192,.F.);
#3181 = FACE_BOUND('',#3182,.F.);
#3182 = EDGE_LOOP('',(#3183,#3184,#3190,#3191));
#3183 = ORIENTED_EDGE('',*,*,#1653,.F.);
#3184 = ORIENTED_EDGE('',*,*,#3185,.T.);
#3185 = EDGE_CURVE('',#1654,#543,#3186,.T.);
#3186 = LINE('',#3187,#3188);
#3187 = CARTESIAN_POINT('',(60.758700547646,8.123883332059,-4.5));
#3188 = VECTOR('',#3189,1.);
#3189 = DIRECTION('',(-5.551115123126E-16,0.,1.));
#3190 = ORIENTED_EDGE('',*,*,#542,.F.);
#3191 = ORIENTED_EDGE('',*,*,#3146,.F.);
#3192 = PLANE('',#3193);
#3193 = AXIS2_PLACEMENT_3D('',#3194,#3195,#3196);
#3194 = CARTESIAN_POINT('',(60.758700547646,8.123883332059,-4.5));
#3195 = DIRECTION('',(0.707106781187,0.707106781187,3.925231146709E-16)
  );
#3196 = DIRECTION('',(0.707106781187,-0.707106781187,3.925231146709E-16)
  );
#3197 = ADVANCED_FACE('',(#3198),#3204,.F.);
#3198 = FACE_BOUND('',#3199,.F.);
#3199 = EDGE_LOOP('',(#3200,#3201,#3202,#3203));
#3200 = ORIENTED_EDGE('',*,*,#1663,.F.);
#3201 = ORIENTED_EDGE('',*,*,#3170,.T.);
#3202 = ORIENTED_EDGE('',*,*,#550,.F.);
#3203 = ORIENTED_EDGE('',*,*,#3185,.F.);
#3204 = PLANE('',#3205);
#3205 = AXIS2_PLACEMENT_3D('',#3206,#3207,#3208);
#3206 = CARTESIAN_POINT('',(56.758700547646,4.123883332059,-4.5));
#3207 = DIRECTION('',(-0.707106781187,0.707106781187,-3.925231146709E-16
    ));
#3208 = DIRECTION('',(0.707106781187,0.707106781187,3.925231146709E-16)
  );
#3209 = ADVANCED_FACE('',(#3210),#3221,.F.);
#3210 = FACE_BOUND('',#3211,.F.);
#3211 = EDGE_LOOP('',(#3212,#3218,#3219,#3220));
#3212 = ORIENTED_EDGE('',*,*,#3213,.F.);
#3213 = EDGE_CURVE('',#1688,#567,#3214,.T.);
#3214 = LINE('',#3215,#3216);
#3215 = CARTESIAN_POINT('',(62.258680303194,9.389167222889,-4.5));
#3216 = VECTOR('',#3217,1.);
#3217 = DIRECTION('',(-5.551115123126E-16,0.,1.));
#3218 = ORIENTED_EDGE('',*,*,#1687,.F.);
#3219 = ORIENTED_EDGE('',*,*,#3213,.T.);
#3220 = ORIENTED_EDGE('',*,*,#566,.T.);
#3221 = CYLINDRICAL_SURFACE('',#3222,3.);
#3222 = AXIS2_PLACEMENT_3D('',#3223,#3224,#3225);
#3223 = CARTESIAN_POINT('',(65.258680303194,9.389167222889,-4.5));
#3224 = DIRECTION('',(5.551115123126E-16,0.,-1.));
#3225 = DIRECTION('',(-1.,0.,-5.551115123126E-16));
#3226 = ADVANCED_FACE('',(#3227),#3238,.F.);
#3227 = FACE_BOUND('',#3228,.F.);
#3228 = EDGE_LOOP('',(#3229,#3235,#3236,#3237));
#3229 = ORIENTED_EDGE('',*,*,#3230,.F.);
#3230 = EDGE_CURVE('',#1733,#578,#3231,.T.);
#3231 = LINE('',#3232,#3233);
#3232 = CARTESIAN_POINT('',(53.258680303194,9.389167222889,-4.5));
#3233 = VECTOR('',#3234,1.);
#3234 = DIRECTION('',(-5.551115123126E-16,0.,1.));
#3235 = ORIENTED_EDGE('',*,*,#1732,.F.);
#3236 = ORIENTED_EDGE('',*,*,#3230,.T.);
#3237 = ORIENTED_EDGE('',*,*,#577,.T.);
#3238 = CYLINDRICAL_SURFACE('',#3239,3.);
#3239 = AXIS2_PLACEMENT_3D('',#3240,#3241,#3242);
#3240 = CARTESIAN_POINT('',(56.258680303194,9.389167222889,-4.5));
#3241 = DIRECTION('',(5.551115123126E-16,0.,-1.));
#3242 = DIRECTION('',(-1.,0.,-5.551115123126E-16));
#3243 = ADVANCED_FACE('',(#3244),#3260,.F.);
#3244 = FACE_BOUND('',#3245,.F.);
#3245 = EDGE_LOOP('',(#3246,#3247,#3253,#3254));
#3246 = ORIENTED_EDGE('',*,*,#1724,.F.);
#3247 = ORIENTED_EDGE('',*,*,#3248,.T.);
#3248 = EDGE_CURVE('',#1701,#591,#3249,.T.);
#3249 = LINE('',#3250,#3251);
#3250 = CARTESIAN_POINT('',(55.758700547646,4.123883332059,-4.5));
#3251 = VECTOR('',#3252,1.);
#3252 = DIRECTION('',(-5.551115123126E-16,0.,1.));
#3253 = ORIENTED_EDGE('',*,*,#588,.F.);
#3254 = ORIENTED_EDGE('',*,*,#3255,.F.);
#3255 = EDGE_CURVE('',#1717,#589,#3256,.T.);
#3256 = LINE('',#3257,#3258);
#3257 = CARTESIAN_POINT('',(51.758700547646,0.123883332059,-4.5));
#3258 = VECTOR('',#3259,1.);
#3259 = DIRECTION('',(-5.551115123126E-16,0.,1.));
#3260 = PLANE('',#3261);
#3261 = AXIS2_PLACEMENT_3D('',#3262,#3263,#3264);
#3262 = CARTESIAN_POINT('',(55.758700547646,4.123883332059,-4.5));
#3263 = DIRECTION('',(0.707106781187,-0.707106781187,3.925231146709E-16)
  );
#3264 = DIRECTION('',(-0.707106781187,-0.707106781187,
    -3.925231146709E-16));
#3265 = ADVANCED_FACE('',(#3266),#3277,.F.);
#3266 = FACE_BOUND('',#3267,.F.);
#3267 = EDGE_LOOP('',(#3268,#3269,#3270,#3271));
#3268 = ORIENTED_EDGE('',*,*,#1716,.F.);
#3269 = ORIENTED_EDGE('',*,*,#3255,.T.);
#3270 = ORIENTED_EDGE('',*,*,#614,.F.);
#3271 = ORIENTED_EDGE('',*,*,#3272,.F.);
#3272 = EDGE_CURVE('',#1709,#607,#3273,.T.);
#3273 = LINE('',#3274,#3275);
#3274 = CARTESIAN_POINT('',(47.758700547646,4.123883332059,-4.5));
#3275 = VECTOR('',#3276,1.);
#3276 = DIRECTION('',(-5.551115123126E-16,0.,1.));
#3277 = PLANE('',#3278);
#3278 = AXIS2_PLACEMENT_3D('',#3279,#3280,#3281);
#3279 = CARTESIAN_POINT('',(51.758700547646,0.123883332059,-4.5));
#3280 = DIRECTION('',(-0.707106781187,-0.707106781187,
    -3.925231146709E-16));
#3281 = DIRECTION('',(-0.707106781187,0.707106781187,-3.925231146709E-16
    ));
#3282 = ADVANCED_FACE('',(#3283),#3294,.F.);
#3283 = FACE_BOUND('',#3284,.F.);
#3284 = EDGE_LOOP('',(#3285,#3286,#3292,#3293));
#3285 = ORIENTED_EDGE('',*,*,#1698,.F.);
#3286 = ORIENTED_EDGE('',*,*,#3287,.T.);
#3287 = EDGE_CURVE('',#1699,#599,#3288,.T.);
#3288 = LINE('',#3289,#3290);
#3289 = CARTESIAN_POINT('',(51.758700547646,8.123883332059,-4.5));
#3290 = VECTOR('',#3291,1.);
#3291 = DIRECTION('',(-5.551115123126E-16,0.,1.));
#3292 = ORIENTED_EDGE('',*,*,#598,.F.);
#3293 = ORIENTED_EDGE('',*,*,#3248,.F.);
#3294 = PLANE('',#3295);
#3295 = AXIS2_PLACEMENT_3D('',#3296,#3297,#3298);
#3296 = CARTESIAN_POINT('',(51.758700547646,8.123883332059,-4.5));
#3297 = DIRECTION('',(0.707106781187,0.707106781187,3.925231146709E-16)
  );
#3298 = DIRECTION('',(0.707106781187,-0.707106781187,3.925231146709E-16)
  );
#3299 = ADVANCED_FACE('',(#3300),#3306,.F.);
#3300 = FACE_BOUND('',#3301,.F.);
#3301 = EDGE_LOOP('',(#3302,#3303,#3304,#3305));
#3302 = ORIENTED_EDGE('',*,*,#1708,.F.);
#3303 = ORIENTED_EDGE('',*,*,#3272,.T.);
#3304 = ORIENTED_EDGE('',*,*,#606,.F.);
#3305 = ORIENTED_EDGE('',*,*,#3287,.F.);
#3306 = PLANE('',#3307);
#3307 = AXIS2_PLACEMENT_3D('',#3308,#3309,#3310);
#3308 = CARTESIAN_POINT('',(47.758700547646,4.123883332059,-4.5));
#3309 = DIRECTION('',(-0.707106781187,0.707106781187,-3.925231146709E-16
    ));
#3310 = DIRECTION('',(0.707106781187,0.707106781187,3.925231146709E-16)
  );
#3311 = ADVANCED_FACE('',(#3312),#3328,.F.);
#3312 = FACE_BOUND('',#3313,.F.);
#3313 = EDGE_LOOP('',(#3314,#3315,#3321,#3322));
#3314 = ORIENTED_EDGE('',*,*,#1769,.F.);
#3315 = ORIENTED_EDGE('',*,*,#3316,.T.);
#3316 = EDGE_CURVE('',#1746,#625,#3317,.T.);
#3317 = LINE('',#3318,#3319);
#3318 = CARTESIAN_POINT('',(91.758700547646,14.63,-4.5));
#3319 = VECTOR('',#3320,1.);
#3320 = DIRECTION('',(-5.551115123126E-16,0.,1.));
#3321 = ORIENTED_EDGE('',*,*,#622,.F.);
#3322 = ORIENTED_EDGE('',*,*,#3323,.F.);
#3323 = EDGE_CURVE('',#1762,#623,#3324,.T.);
#3324 = LINE('',#3325,#3326);
#3325 = CARTESIAN_POINT('',(87.758700547646,10.63,-4.5));
#3326 = VECTOR('',#3327,1.);
#3327 = DIRECTION('',(-5.551115123126E-16,0.,1.));
#3328 = PLANE('',#3329);
#3329 = AXIS2_PLACEMENT_3D('',#3330,#3331,#3332);
#3330 = CARTESIAN_POINT('',(91.758700547646,14.63,-4.5));
#3331 = DIRECTION('',(0.707106781187,-0.707106781187,3.925231146709E-16)
  );
#3332 = DIRECTION('',(-0.707106781187,-0.707106781187,
    -3.925231146709E-16));
#3333 = ADVANCED_FACE('',(#3334),#3345,.F.);
#3334 = FACE_BOUND('',#3335,.F.);
#3335 = EDGE_LOOP('',(#3336,#3337,#3338,#3339));
#3336 = ORIENTED_EDGE('',*,*,#1761,.F.);
#3337 = ORIENTED_EDGE('',*,*,#3323,.T.);
#3338 = ORIENTED_EDGE('',*,*,#648,.F.);
#3339 = ORIENTED_EDGE('',*,*,#3340,.F.);
#3340 = EDGE_CURVE('',#1754,#641,#3341,.T.);
#3341 = LINE('',#3342,#3343);
#3342 = CARTESIAN_POINT('',(83.758700547646,14.63,-4.5));
#3343 = VECTOR('',#3344,1.);
#3344 = DIRECTION('',(-5.551115123126E-16,0.,1.));
#3345 = PLANE('',#3346);
#3346 = AXIS2_PLACEMENT_3D('',#3347,#3348,#3349);
#3347 = CARTESIAN_POINT('',(87.758700547646,10.63,-4.5));
#3348 = DIRECTION('',(-0.707106781187,-0.707106781187,
    -3.925231146709E-16));
#3349 = DIRECTION('',(-0.707106781187,0.707106781187,-3.925231146709E-16
    ));
#3350 = ADVANCED_FACE('',(#3351),#3362,.F.);
#3351 = FACE_BOUND('',#3352,.F.);
#3352 = EDGE_LOOP('',(#3353,#3354,#3360,#3361));
#3353 = ORIENTED_EDGE('',*,*,#1743,.F.);
#3354 = ORIENTED_EDGE('',*,*,#3355,.T.);
#3355 = EDGE_CURVE('',#1744,#633,#3356,.T.);
#3356 = LINE('',#3357,#3358);
#3357 = CARTESIAN_POINT('',(87.758700547646,18.63,-4.5));
#3358 = VECTOR('',#3359,1.);
#3359 = DIRECTION('',(-5.551115123126E-16,0.,1.));
#3360 = ORIENTED_EDGE('',*,*,#632,.F.);
#3361 = ORIENTED_EDGE('',*,*,#3316,.F.);
#3362 = PLANE('',#3363);
#3363 = AXIS2_PLACEMENT_3D('',#3364,#3365,#3366);
#3364 = CARTESIAN_POINT('',(87.758700547646,18.63,-4.5));
#3365 = DIRECTION('',(0.707106781187,0.707106781187,3.925231146709E-16)
  );
#3366 = DIRECTION('',(0.707106781187,-0.707106781187,3.925231146709E-16)
  );
#3367 = ADVANCED_FACE('',(#3368),#3374,.F.);
#3368 = FACE_BOUND('',#3369,.F.);
#3369 = EDGE_LOOP('',(#3370,#3371,#3372,#3373));
#3370 = ORIENTED_EDGE('',*,*,#1753,.F.);
#3371 = ORIENTED_EDGE('',*,*,#3340,.T.);
#3372 = ORIENTED_EDGE('',*,*,#640,.F.);
#3373 = ORIENTED_EDGE('',*,*,#3355,.F.);
#3374 = PLANE('',#3375);
#3375 = AXIS2_PLACEMENT_3D('',#3376,#3377,#3378);
#3376 = CARTESIAN_POINT('',(83.758700547646,14.63,-4.5));
#3377 = DIRECTION('',(-0.707106781187,0.707106781187,-3.925231146709E-16
    ));
#3378 = DIRECTION('',(0.707106781187,0.707106781187,3.925231146709E-16)
  );
#3379 = ADVANCED_FACE('',(#3380),#3391,.F.);
#3380 = FACE_BOUND('',#3381,.F.);
#3381 = EDGE_LOOP('',(#3382,#3388,#3389,#3390));
#3382 = ORIENTED_EDGE('',*,*,#3383,.F.);
#3383 = EDGE_CURVE('',#1778,#657,#3384,.T.);
#3384 = LINE('',#3385,#3386);
#3385 = CARTESIAN_POINT('',(80.258680303194,19.889167222889,-4.5));
#3386 = VECTOR('',#3387,1.);
#3387 = DIRECTION('',(-5.551115123126E-16,0.,1.));
#3388 = ORIENTED_EDGE('',*,*,#1777,.F.);
#3389 = ORIENTED_EDGE('',*,*,#3383,.T.);
#3390 = ORIENTED_EDGE('',*,*,#656,.T.);
#3391 = CYLINDRICAL_SURFACE('',#3392,3.);
#3392 = AXIS2_PLACEMENT_3D('',#3393,#3394,#3395);
#3393 = CARTESIAN_POINT('',(83.258680303194,19.889167222889,-4.5));
#3394 = DIRECTION('',(5.551115123126E-16,0.,-1.));
#3395 = DIRECTION('',(-1.,0.,-5.551115123126E-16));
#3396 = ADVANCED_FACE('',(#3397),#3413,.F.);
#3397 = FACE_BOUND('',#3398,.F.);
#3398 = EDGE_LOOP('',(#3399,#3400,#3406,#3407));
#3399 = ORIENTED_EDGE('',*,*,#1814,.F.);
#3400 = ORIENTED_EDGE('',*,*,#3401,.T.);
#3401 = EDGE_CURVE('',#1791,#670,#3402,.T.);
#3402 = LINE('',#3403,#3404);
#3403 = CARTESIAN_POINT('',(83.758700547646,25.136116667941,-4.5));
#3404 = VECTOR('',#3405,1.);
#3405 = DIRECTION('',(-5.551115123126E-16,0.,1.));
#3406 = ORIENTED_EDGE('',*,*,#667,.F.);
#3407 = ORIENTED_EDGE('',*,*,#3408,.F.);
#3408 = EDGE_CURVE('',#1807,#668,#3409,.T.);
#3409 = LINE('',#3410,#3411);
#3410 = CARTESIAN_POINT('',(87.758700547646,29.136116667941,-4.5));
#3411 = VECTOR('',#3412,1.);
#3412 = DIRECTION('',(-5.551115123126E-16,0.,1.));
#3413 = PLANE('',#3414);
#3414 = AXIS2_PLACEMENT_3D('',#3415,#3416,#3417);
#3415 = CARTESIAN_POINT('',(83.758700547646,25.136116667941,-4.5));
#3416 = DIRECTION('',(-0.707106781187,0.707106781187,-3.925231146709E-16
    ));
#3417 = DIRECTION('',(0.707106781187,0.707106781187,3.925231146709E-16)
  );
#3418 = ADVANCED_FACE('',(#3419),#3430,.F.);
#3419 = FACE_BOUND('',#3420,.F.);
#3420 = EDGE_LOOP('',(#3421,#3422,#3423,#3424));
#3421 = ORIENTED_EDGE('',*,*,#1806,.F.);
#3422 = ORIENTED_EDGE('',*,*,#3408,.T.);
#3423 = ORIENTED_EDGE('',*,*,#693,.F.);
#3424 = ORIENTED_EDGE('',*,*,#3425,.F.);
#3425 = EDGE_CURVE('',#1799,#686,#3426,.T.);
#3426 = LINE('',#3427,#3428);
#3427 = CARTESIAN_POINT('',(91.758700547646,25.136116667941,-4.5));
#3428 = VECTOR('',#3429,1.);
#3429 = DIRECTION('',(-5.551115123126E-16,0.,1.));
#3430 = PLANE('',#3431);
#3431 = AXIS2_PLACEMENT_3D('',#3432,#3433,#3434);
#3432 = CARTESIAN_POINT('',(87.758700547646,29.136116667941,-4.5));
#3433 = DIRECTION('',(0.707106781187,0.707106781187,3.925231146709E-16)
  );
#3434 = DIRECTION('',(0.707106781187,-0.707106781187,3.925231146709E-16)
  );
#3435 = ADVANCED_FACE('',(#3436),#3447,.F.);
#3436 = FACE_BOUND('',#3437,.F.);
#3437 = EDGE_LOOP('',(#3438,#3439,#3445,#3446));
#3438 = ORIENTED_EDGE('',*,*,#1788,.F.);
#3439 = ORIENTED_EDGE('',*,*,#3440,.T.);
#3440 = EDGE_CURVE('',#1789,#678,#3441,.T.);
#3441 = LINE('',#3442,#3443);
#3442 = CARTESIAN_POINT('',(87.758700547646,21.136116667941,-4.5));
#3443 = VECTOR('',#3444,1.);
#3444 = DIRECTION('',(-5.551115123126E-16,0.,1.));
#3445 = ORIENTED_EDGE('',*,*,#677,.F.);
#3446 = ORIENTED_EDGE('',*,*,#3401,.F.);
#3447 = PLANE('',#3448);
#3448 = AXIS2_PLACEMENT_3D('',#3449,#3450,#3451);
#3449 = CARTESIAN_POINT('',(87.758700547646,21.136116667941,-4.5));
#3450 = DIRECTION('',(-0.707106781187,-0.707106781187,
    -3.925231146709E-16));
#3451 = DIRECTION('',(-0.707106781187,0.707106781187,-3.925231146709E-16
    ));
#3452 = ADVANCED_FACE('',(#3453),#3459,.F.);
#3453 = FACE_BOUND('',#3454,.F.);
#3454 = EDGE_LOOP('',(#3455,#3456,#3457,#3458));
#3455 = ORIENTED_EDGE('',*,*,#1798,.F.);
#3456 = ORIENTED_EDGE('',*,*,#3425,.T.);
#3457 = ORIENTED_EDGE('',*,*,#685,.F.);
#3458 = ORIENTED_EDGE('',*,*,#3440,.F.);
#3459 = PLANE('',#3460);
#3460 = AXIS2_PLACEMENT_3D('',#3461,#3462,#3463);
#3461 = CARTESIAN_POINT('',(91.758700547646,25.136116667941,-4.5));
#3462 = DIRECTION('',(0.707106781187,-0.707106781187,3.925231146709E-16)
  );
#3463 = DIRECTION('',(-0.707106781187,-0.707106781187,
    -3.925231146709E-16));
#3464 = ADVANCED_FACE('',(#3465),#3481,.F.);
#3465 = FACE_BOUND('',#3466,.F.);
#3466 = EDGE_LOOP('',(#3467,#3468,#3474,#3475));
#3467 = ORIENTED_EDGE('',*,*,#1848,.F.);
#3468 = ORIENTED_EDGE('',*,*,#3469,.T.);
#3469 = EDGE_CURVE('',#1825,#704,#3470,.T.);
#3470 = LINE('',#3471,#3472);
#3471 = CARTESIAN_POINT('',(82.758700547646,14.63,-4.5));
#3472 = VECTOR('',#3473,1.);
#3473 = DIRECTION('',(-5.551115123126E-16,0.,1.));
#3474 = ORIENTED_EDGE('',*,*,#701,.F.);
#3475 = ORIENTED_EDGE('',*,*,#3476,.F.);
#3476 = EDGE_CURVE('',#1841,#702,#3477,.T.);
#3477 = LINE('',#3478,#3479);
#3478 = CARTESIAN_POINT('',(78.758700547646,10.63,-4.5));
#3479 = VECTOR('',#3480,1.);
#3480 = DIRECTION('',(-5.551115123126E-16,0.,1.));
#3481 = PLANE('',#3482);
#3482 = AXIS2_PLACEMENT_3D('',#3483,#3484,#3485);
#3483 = CARTESIAN_POINT('',(82.758700547646,14.63,-4.5));
#3484 = DIRECTION('',(0.707106781187,-0.707106781187,3.925231146709E-16)
  );
#3485 = DIRECTION('',(-0.707106781187,-0.707106781187,
    -3.925231146709E-16));
#3486 = ADVANCED_FACE('',(#3487),#3498,.F.);
#3487 = FACE_BOUND('',#3488,.F.);
#3488 = EDGE_LOOP('',(#3489,#3490,#3491,#3492));
#3489 = ORIENTED_EDGE('',*,*,#1840,.F.);
#3490 = ORIENTED_EDGE('',*,*,#3476,.T.);
#3491 = ORIENTED_EDGE('',*,*,#727,.F.);
#3492 = ORIENTED_EDGE('',*,*,#3493,.F.);
#3493 = EDGE_CURVE('',#1833,#720,#3494,.T.);
#3494 = LINE('',#3495,#3496);
#3495 = CARTESIAN_POINT('',(74.758700547646,14.63,-4.5));
#3496 = VECTOR('',#3497,1.);
#3497 = DIRECTION('',(-5.551115123126E-16,0.,1.));
#3498 = PLANE('',#3499);
#3499 = AXIS2_PLACEMENT_3D('',#3500,#3501,#3502);
#3500 = CARTESIAN_POINT('',(78.758700547646,10.63,-4.5));
#3501 = DIRECTION('',(-0.707106781187,-0.707106781187,
    -3.925231146709E-16));
#3502 = DIRECTION('',(-0.707106781187,0.707106781187,-3.925231146709E-16
    ));
#3503 = ADVANCED_FACE('',(#3504),#3515,.F.);
#3504 = FACE_BOUND('',#3505,.F.);
#3505 = EDGE_LOOP('',(#3506,#3507,#3513,#3514));
#3506 = ORIENTED_EDGE('',*,*,#1822,.F.);
#3507 = ORIENTED_EDGE('',*,*,#3508,.T.);
#3508 = EDGE_CURVE('',#1823,#712,#3509,.T.);
#3509 = LINE('',#3510,#3511);
#3510 = CARTESIAN_POINT('',(78.758700547646,18.63,-4.5));
#3511 = VECTOR('',#3512,1.);
#3512 = DIRECTION('',(-5.551115123126E-16,0.,1.));
#3513 = ORIENTED_EDGE('',*,*,#711,.F.);
#3514 = ORIENTED_EDGE('',*,*,#3469,.F.);
#3515 = PLANE('',#3516);
#3516 = AXIS2_PLACEMENT_3D('',#3517,#3518,#3519);
#3517 = CARTESIAN_POINT('',(78.758700547646,18.63,-4.5));
#3518 = DIRECTION('',(0.707106781187,0.707106781187,3.925231146709E-16)
  );
#3519 = DIRECTION('',(0.707106781187,-0.707106781187,3.925231146709E-16)
  );
#3520 = ADVANCED_FACE('',(#3521),#3527,.F.);
#3521 = FACE_BOUND('',#3522,.F.);
#3522 = EDGE_LOOP('',(#3523,#3524,#3525,#3526));
#3523 = ORIENTED_EDGE('',*,*,#1832,.F.);
#3524 = ORIENTED_EDGE('',*,*,#3493,.T.);
#3525 = ORIENTED_EDGE('',*,*,#719,.F.);
#3526 = ORIENTED_EDGE('',*,*,#3508,.F.);
#3527 = PLANE('',#3528);
#3528 = AXIS2_PLACEMENT_3D('',#3529,#3530,#3531);
#3529 = CARTESIAN_POINT('',(74.758700547646,14.63,-4.5));
#3530 = DIRECTION('',(-0.707106781187,0.707106781187,-3.925231146709E-16
    ));
#3531 = DIRECTION('',(0.707106781187,0.707106781187,3.925231146709E-16)
  );
#3532 = ADVANCED_FACE('',(#3533),#3549,.F.);
#3533 = FACE_BOUND('',#3534,.F.);
#3534 = EDGE_LOOP('',(#3535,#3536,#3542,#3543));
#3535 = ORIENTED_EDGE('',*,*,#1882,.F.);
#3536 = ORIENTED_EDGE('',*,*,#3537,.T.);
#3537 = EDGE_CURVE('',#1859,#738,#3538,.T.);
#3538 = LINE('',#3539,#3540);
#3539 = CARTESIAN_POINT('',(73.758700547646,14.63,-4.5));
#3540 = VECTOR('',#3541,1.);
#3541 = DIRECTION('',(-5.551115123126E-16,0.,1.));
#3542 = ORIENTED_EDGE('',*,*,#735,.F.);
#3543 = ORIENTED_EDGE('',*,*,#3544,.F.);
#3544 = EDGE_CURVE('',#1875,#736,#3545,.T.);
#3545 = LINE('',#3546,#3547);
#3546 = CARTESIAN_POINT('',(69.758700547646,10.63,-4.5));
#3547 = VECTOR('',#3548,1.);
#3548 = DIRECTION('',(-5.551115123126E-16,0.,1.));
#3549 = PLANE('',#3550);
#3550 = AXIS2_PLACEMENT_3D('',#3551,#3552,#3553);
#3551 = CARTESIAN_POINT('',(73.758700547646,14.63,-4.5));
#3552 = DIRECTION('',(0.707106781187,-0.707106781187,3.925231146709E-16)
  );
#3553 = DIRECTION('',(-0.707106781187,-0.707106781187,
    -3.925231146709E-16));
#3554 = ADVANCED_FACE('',(#3555),#3566,.F.);
#3555 = FACE_BOUND('',#3556,.F.);
#3556 = EDGE_LOOP('',(#3557,#3558,#3559,#3560));
#3557 = ORIENTED_EDGE('',*,*,#1874,.F.);
#3558 = ORIENTED_EDGE('',*,*,#3544,.T.);
#3559 = ORIENTED_EDGE('',*,*,#761,.F.);
#3560 = ORIENTED_EDGE('',*,*,#3561,.F.);
#3561 = EDGE_CURVE('',#1867,#754,#3562,.T.);
#3562 = LINE('',#3563,#3564);
#3563 = CARTESIAN_POINT('',(65.758700547646,14.63,-4.5));
#3564 = VECTOR('',#3565,1.);
#3565 = DIRECTION('',(-5.551115123126E-16,0.,1.));
#3566 = PLANE('',#3567);
#3567 = AXIS2_PLACEMENT_3D('',#3568,#3569,#3570);
#3568 = CARTESIAN_POINT('',(69.758700547646,10.63,-4.5));
#3569 = DIRECTION('',(-0.707106781187,-0.707106781187,
    -3.925231146709E-16));
#3570 = DIRECTION('',(-0.707106781187,0.707106781187,-3.925231146709E-16
    ));
#3571 = ADVANCED_FACE('',(#3572),#3583,.F.);
#3572 = FACE_BOUND('',#3573,.F.);
#3573 = EDGE_LOOP('',(#3574,#3575,#3581,#3582));
#3574 = ORIENTED_EDGE('',*,*,#1856,.F.);
#3575 = ORIENTED_EDGE('',*,*,#3576,.T.);
#3576 = EDGE_CURVE('',#1857,#746,#3577,.T.);
#3577 = LINE('',#3578,#3579);
#3578 = CARTESIAN_POINT('',(69.758700547646,18.63,-4.5));
#3579 = VECTOR('',#3580,1.);
#3580 = DIRECTION('',(-5.551115123126E-16,0.,1.));
#3581 = ORIENTED_EDGE('',*,*,#745,.F.);
#3582 = ORIENTED_EDGE('',*,*,#3537,.F.);
#3583 = PLANE('',#3584);
#3584 = AXIS2_PLACEMENT_3D('',#3585,#3586,#3587);
#3585 = CARTESIAN_POINT('',(69.758700547646,18.63,-4.5));
#3586 = DIRECTION('',(0.707106781187,0.707106781187,3.925231146709E-16)
  );
#3587 = DIRECTION('',(0.707106781187,-0.707106781187,3.925231146709E-16)
  );
#3588 = ADVANCED_FACE('',(#3589),#3595,.F.);
#3589 = FACE_BOUND('',#3590,.F.);
#3590 = EDGE_LOOP('',(#3591,#3592,#3593,#3594));
#3591 = ORIENTED_EDGE('',*,*,#1866,.F.);
#3592 = ORIENTED_EDGE('',*,*,#3561,.T.);
#3593 = ORIENTED_EDGE('',*,*,#753,.F.);
#3594 = ORIENTED_EDGE('',*,*,#3576,.F.);
#3595 = PLANE('',#3596);
#3596 = AXIS2_PLACEMENT_3D('',#3597,#3598,#3599);
#3597 = CARTESIAN_POINT('',(65.758700547646,14.63,-4.5));
#3598 = DIRECTION('',(-0.707106781187,0.707106781187,-3.925231146709E-16
    ));
#3599 = DIRECTION('',(0.707106781187,0.707106781187,3.925231146709E-16)
  );
#3600 = ADVANCED_FACE('',(#3601),#3612,.F.);
#3601 = FACE_BOUND('',#3602,.F.);
#3602 = EDGE_LOOP('',(#3603,#3609,#3610,#3611));
#3603 = ORIENTED_EDGE('',*,*,#3604,.F.);
#3604 = EDGE_CURVE('',#1891,#770,#3605,.T.);
#3605 = LINE('',#3606,#3607);
#3606 = CARTESIAN_POINT('',(71.258680303194,19.889167222889,-4.5));
#3607 = VECTOR('',#3608,1.);
#3608 = DIRECTION('',(-5.551115123126E-16,0.,1.));
#3609 = ORIENTED_EDGE('',*,*,#1890,.F.);
#3610 = ORIENTED_EDGE('',*,*,#3604,.T.);
#3611 = ORIENTED_EDGE('',*,*,#769,.T.);
#3612 = CYLINDRICAL_SURFACE('',#3613,3.);
#3613 = AXIS2_PLACEMENT_3D('',#3614,#3615,#3616);
#3614 = CARTESIAN_POINT('',(74.258680303194,19.889167222889,-4.5));
#3615 = DIRECTION('',(5.551115123126E-16,0.,-1.));
#3616 = DIRECTION('',(-1.,0.,-5.551115123126E-16));
#3617 = ADVANCED_FACE('',(#3618),#3634,.F.);
#3618 = FACE_BOUND('',#3619,.F.);
#3619 = EDGE_LOOP('',(#3620,#3621,#3627,#3628));
#3620 = ORIENTED_EDGE('',*,*,#1927,.F.);
#3621 = ORIENTED_EDGE('',*,*,#3622,.T.);
#3622 = EDGE_CURVE('',#1904,#783,#3623,.T.);
#3623 = LINE('',#3624,#3625);
#3624 = CARTESIAN_POINT('',(74.758700547646,25.136116667941,-4.5));
#3625 = VECTOR('',#3626,1.);
#3626 = DIRECTION('',(-5.551115123126E-16,0.,1.));
#3627 = ORIENTED_EDGE('',*,*,#780,.F.);
#3628 = ORIENTED_EDGE('',*,*,#3629,.F.);
#3629 = EDGE_CURVE('',#1920,#781,#3630,.T.);
#3630 = LINE('',#3631,#3632);
#3631 = CARTESIAN_POINT('',(78.758700547646,29.136116667941,-4.5));
#3632 = VECTOR('',#3633,1.);
#3633 = DIRECTION('',(-5.551115123126E-16,0.,1.));
#3634 = PLANE('',#3635);
#3635 = AXIS2_PLACEMENT_3D('',#3636,#3637,#3638);
#3636 = CARTESIAN_POINT('',(74.758700547646,25.136116667941,-4.5));
#3637 = DIRECTION('',(-0.707106781187,0.707106781187,-3.925231146709E-16
    ));
#3638 = DIRECTION('',(0.707106781187,0.707106781187,3.925231146709E-16)
  );
#3639 = ADVANCED_FACE('',(#3640),#3651,.F.);
#3640 = FACE_BOUND('',#3641,.F.);
#3641 = EDGE_LOOP('',(#3642,#3643,#3644,#3645));
#3642 = ORIENTED_EDGE('',*,*,#1919,.F.);
#3643 = ORIENTED_EDGE('',*,*,#3629,.T.);
#3644 = ORIENTED_EDGE('',*,*,#806,.F.);
#3645 = ORIENTED_EDGE('',*,*,#3646,.F.);
#3646 = EDGE_CURVE('',#1912,#799,#3647,.T.);
#3647 = LINE('',#3648,#3649);
#3648 = CARTESIAN_POINT('',(82.758700547646,25.136116667941,-4.5));
#3649 = VECTOR('',#3650,1.);
#3650 = DIRECTION('',(-5.551115123126E-16,0.,1.));
#3651 = PLANE('',#3652);
#3652 = AXIS2_PLACEMENT_3D('',#3653,#3654,#3655);
#3653 = CARTESIAN_POINT('',(78.758700547646,29.136116667941,-4.5));
#3654 = DIRECTION('',(0.707106781187,0.707106781187,3.925231146709E-16)
  );
#3655 = DIRECTION('',(0.707106781187,-0.707106781187,3.925231146709E-16)
  );
#3656 = ADVANCED_FACE('',(#3657),#3668,.F.);
#3657 = FACE_BOUND('',#3658,.F.);
#3658 = EDGE_LOOP('',(#3659,#3660,#3666,#3667));
#3659 = ORIENTED_EDGE('',*,*,#1901,.F.);
#3660 = ORIENTED_EDGE('',*,*,#3661,.T.);
#3661 = EDGE_CURVE('',#1902,#791,#3662,.T.);
#3662 = LINE('',#3663,#3664);
#3663 = CARTESIAN_POINT('',(78.758700547646,21.136116667941,-4.5));
#3664 = VECTOR('',#3665,1.);
#3665 = DIRECTION('',(-5.551115123126E-16,0.,1.));
#3666 = ORIENTED_EDGE('',*,*,#790,.F.);
#3667 = ORIENTED_EDGE('',*,*,#3622,.F.);
#3668 = PLANE('',#3669);
#3669 = AXIS2_PLACEMENT_3D('',#3670,#3671,#3672);
#3670 = CARTESIAN_POINT('',(78.758700547646,21.136116667941,-4.5));
#3671 = DIRECTION('',(-0.707106781187,-0.707106781187,
    -3.925231146709E-16));
#3672 = DIRECTION('',(-0.707106781187,0.707106781187,-3.925231146709E-16
    ));
#3673 = ADVANCED_FACE('',(#3674),#3680,.F.);
#3674 = FACE_BOUND('',#3675,.F.);
#3675 = EDGE_LOOP('',(#3676,#3677,#3678,#3679));
#3676 = ORIENTED_EDGE('',*,*,#1911,.F.);
#3677 = ORIENTED_EDGE('',*,*,#3646,.T.);
#3678 = ORIENTED_EDGE('',*,*,#798,.F.);
#3679 = ORIENTED_EDGE('',*,*,#3661,.F.);
#3680 = PLANE('',#3681);
#3681 = AXIS2_PLACEMENT_3D('',#3682,#3683,#3684);
#3682 = CARTESIAN_POINT('',(82.758700547646,25.136116667941,-4.5));
#3683 = DIRECTION('',(0.707106781187,-0.707106781187,3.925231146709E-16)
  );
#3684 = DIRECTION('',(-0.707106781187,-0.707106781187,
    -3.925231146709E-16));
#3685 = ADVANCED_FACE('',(#3686),#3702,.F.);
#3686 = FACE_BOUND('',#3687,.F.);
#3687 = EDGE_LOOP('',(#3688,#3689,#3695,#3696));
#3688 = ORIENTED_EDGE('',*,*,#1961,.F.);
#3689 = ORIENTED_EDGE('',*,*,#3690,.T.);
#3690 = EDGE_CURVE('',#1938,#817,#3691,.T.);
#3691 = LINE('',#3692,#3693);
#3692 = CARTESIAN_POINT('',(65.758700547646,25.136116667941,-4.5));
#3693 = VECTOR('',#3694,1.);
#3694 = DIRECTION('',(-5.551115123126E-16,0.,1.));
#3695 = ORIENTED_EDGE('',*,*,#814,.F.);
#3696 = ORIENTED_EDGE('',*,*,#3697,.F.);
#3697 = EDGE_CURVE('',#1954,#815,#3698,.T.);
#3698 = LINE('',#3699,#3700);
#3699 = CARTESIAN_POINT('',(69.758700547646,29.136116667941,-4.5));
#3700 = VECTOR('',#3701,1.);
#3701 = DIRECTION('',(-5.551115123126E-16,0.,1.));
#3702 = PLANE('',#3703);
#3703 = AXIS2_PLACEMENT_3D('',#3704,#3705,#3706);
#3704 = CARTESIAN_POINT('',(65.758700547646,25.136116667941,-4.5));
#3705 = DIRECTION('',(-0.707106781187,0.707106781187,-3.925231146709E-16
    ));
#3706 = DIRECTION('',(0.707106781187,0.707106781187,3.925231146709E-16)
  );
#3707 = ADVANCED_FACE('',(#3708),#3719,.F.);
#3708 = FACE_BOUND('',#3709,.F.);
#3709 = EDGE_LOOP('',(#3710,#3711,#3712,#3713));
#3710 = ORIENTED_EDGE('',*,*,#1953,.F.);
#3711 = ORIENTED_EDGE('',*,*,#3697,.T.);
#3712 = ORIENTED_EDGE('',*,*,#840,.F.);
#3713 = ORIENTED_EDGE('',*,*,#3714,.F.);
#3714 = EDGE_CURVE('',#1946,#833,#3715,.T.);
#3715 = LINE('',#3716,#3717);
#3716 = CARTESIAN_POINT('',(73.758700547646,25.136116667941,-4.5));
#3717 = VECTOR('',#3718,1.);
#3718 = DIRECTION('',(-5.551115123126E-16,0.,1.));
#3719 = PLANE('',#3720);
#3720 = AXIS2_PLACEMENT_3D('',#3721,#3722,#3723);
#3721 = CARTESIAN_POINT('',(69.758700547646,29.136116667941,-4.5));
#3722 = DIRECTION('',(0.707106781187,0.707106781187,3.925231146709E-16)
  );
#3723 = DIRECTION('',(0.707106781187,-0.707106781187,3.925231146709E-16)
  );
#3724 = ADVANCED_FACE('',(#3725),#3736,.F.);
#3725 = FACE_BOUND('',#3726,.F.);
#3726 = EDGE_LOOP('',(#3727,#3728,#3734,#3735));
#3727 = ORIENTED_EDGE('',*,*,#1935,.F.);
#3728 = ORIENTED_EDGE('',*,*,#3729,.T.);
#3729 = EDGE_CURVE('',#1936,#825,#3730,.T.);
#3730 = LINE('',#3731,#3732);
#3731 = CARTESIAN_POINT('',(69.758700547646,21.136116667941,-4.5));
#3732 = VECTOR('',#3733,1.);
#3733 = DIRECTION('',(-5.551115123126E-16,0.,1.));
#3734 = ORIENTED_EDGE('',*,*,#824,.F.);
#3735 = ORIENTED_EDGE('',*,*,#3690,.F.);
#3736 = PLANE('',#3737);
#3737 = AXIS2_PLACEMENT_3D('',#3738,#3739,#3740);
#3738 = CARTESIAN_POINT('',(69.758700547646,21.136116667941,-4.5));
#3739 = DIRECTION('',(-0.707106781187,-0.707106781187,
    -3.925231146709E-16));
#3740 = DIRECTION('',(-0.707106781187,0.707106781187,-3.925231146709E-16
    ));
#3741 = ADVANCED_FACE('',(#3742),#3748,.F.);
#3742 = FACE_BOUND('',#3743,.F.);
#3743 = EDGE_LOOP('',(#3744,#3745,#3746,#3747));
#3744 = ORIENTED_EDGE('',*,*,#1945,.F.);
#3745 = ORIENTED_EDGE('',*,*,#3714,.T.);
#3746 = ORIENTED_EDGE('',*,*,#832,.F.);
#3747 = ORIENTED_EDGE('',*,*,#3729,.F.);
#3748 = PLANE('',#3749);
#3749 = AXIS2_PLACEMENT_3D('',#3750,#3751,#3752);
#3750 = CARTESIAN_POINT('',(73.758700547646,25.136116667941,-4.5));
#3751 = DIRECTION('',(0.707106781187,-0.707106781187,3.925231146709E-16)
  );
#3752 = DIRECTION('',(-0.707106781187,-0.707106781187,
    -3.925231146709E-16));
#3753 = ADVANCED_FACE('',(#3754),#3765,.F.);
#3754 = FACE_BOUND('',#3755,.F.);
#3755 = EDGE_LOOP('',(#3756,#3762,#3763,#3764));
#3756 = ORIENTED_EDGE('',*,*,#3757,.F.);
#3757 = EDGE_CURVE('',#1970,#849,#3758,.T.);
#3758 = LINE('',#3759,#3760);
#3759 = CARTESIAN_POINT('',(80.258680303194,30.389167222889,-4.5));
#3760 = VECTOR('',#3761,1.);
#3761 = DIRECTION('',(-5.551115123126E-16,0.,1.));
#3762 = ORIENTED_EDGE('',*,*,#1969,.F.);
#3763 = ORIENTED_EDGE('',*,*,#3757,.T.);
#3764 = ORIENTED_EDGE('',*,*,#848,.T.);
#3765 = CYLINDRICAL_SURFACE('',#3766,3.);
#3766 = AXIS2_PLACEMENT_3D('',#3767,#3768,#3769);
#3767 = CARTESIAN_POINT('',(83.258680303194,30.389167222889,-4.5));
#3768 = DIRECTION('',(5.551115123126E-16,0.,-1.));
#3769 = DIRECTION('',(-1.,0.,-5.551115123126E-16));
#3770 = ADVANCED_FACE('',(#3771),#3787,.F.);
#3771 = FACE_BOUND('',#3772,.F.);
#3772 = EDGE_LOOP('',(#3773,#3774,#3780,#3781));
#3773 = ORIENTED_EDGE('',*,*,#2006,.F.);
#3774 = ORIENTED_EDGE('',*,*,#3775,.T.);
#3775 = EDGE_CURVE('',#1983,#862,#3776,.T.);
#3776 = LINE('',#3777,#3778);
#3777 = CARTESIAN_POINT('',(91.758682953157,35.642250930371,-4.5));
#3778 = VECTOR('',#3779,1.);
#3779 = DIRECTION('',(-5.551115123126E-16,0.,1.));
#3780 = ORIENTED_EDGE('',*,*,#859,.F.);
#3781 = ORIENTED_EDGE('',*,*,#3782,.F.);
#3782 = EDGE_CURVE('',#1999,#860,#3783,.T.);
#3783 = LINE('',#3784,#3785);
#3784 = CARTESIAN_POINT('',(87.758700547646,31.642233335882,-4.5));
#3785 = VECTOR('',#3786,1.);
#3786 = DIRECTION('',(-5.551115123126E-16,0.,1.));
#3787 = PLANE('',#3788);
#3788 = AXIS2_PLACEMENT_3D('',#3789,#3790,#3791);
#3789 = CARTESIAN_POINT('',(91.758682953157,35.642250930371,-4.5));
#3790 = DIRECTION('',(0.707109891475,-0.707103670884,3.92524841228E-16)
  );
#3791 = DIRECTION('',(-0.707103670884,-0.707109891475,
    -3.925213881063E-16));
#3792 = ADVANCED_FACE('',(#3793),#3804,.F.);
#3793 = FACE_BOUND('',#3794,.F.);
#3794 = EDGE_LOOP('',(#3795,#3796,#3797,#3798));
#3795 = ORIENTED_EDGE('',*,*,#1998,.F.);
#3796 = ORIENTED_EDGE('',*,*,#3782,.T.);
#3797 = ORIENTED_EDGE('',*,*,#885,.F.);
#3798 = ORIENTED_EDGE('',*,*,#3799,.F.);
#3799 = EDGE_CURVE('',#1991,#878,#3800,.T.);
#3800 = LINE('',#3801,#3802);
#3801 = CARTESIAN_POINT('',(83.758682953157,35.642215741393,-4.5));
#3802 = VECTOR('',#3803,1.);
#3803 = DIRECTION('',(-5.551115123126E-16,0.,1.));
#3804 = PLANE('',#3805);
#3805 = AXIS2_PLACEMENT_3D('',#3806,#3807,#3808);
#3806 = CARTESIAN_POINT('',(87.758700547646,31.642233335882,-4.5));
#3807 = DIRECTION('',(-0.707103670884,-0.707109891475,
    -3.925213881063E-16));
#3808 = DIRECTION('',(-0.707109891475,0.707103670884,-3.92524841228E-16)
  );
#3809 = ADVANCED_FACE('',(#3810),#3821,.F.);
#3810 = FACE_BOUND('',#3811,.F.);
#3811 = EDGE_LOOP('',(#3812,#3813,#3819,#3820));
#3812 = ORIENTED_EDGE('',*,*,#1980,.F.);
#3813 = ORIENTED_EDGE('',*,*,#3814,.T.);
#3814 = EDGE_CURVE('',#1981,#870,#3815,.T.);
#3815 = LINE('',#3816,#3817);
#3816 = CARTESIAN_POINT('',(87.758665358668,39.642233335882,-4.5));
#3817 = VECTOR('',#3818,1.);
#3818 = DIRECTION('',(-5.551115123126E-16,0.,1.));
#3819 = ORIENTED_EDGE('',*,*,#869,.F.);
#3820 = ORIENTED_EDGE('',*,*,#3775,.F.);
#3821 = PLANE('',#3822);
#3822 = AXIS2_PLACEMENT_3D('',#3823,#3824,#3825);
#3823 = CARTESIAN_POINT('',(87.758665358668,39.642233335882,-4.5));
#3824 = DIRECTION('',(0.707103670884,0.707109891475,3.925213881063E-16)
  );
#3825 = DIRECTION('',(0.707109891475,-0.707103670884,3.92524841228E-16)
  );
#3826 = ADVANCED_FACE('',(#3827),#3833,.F.);
#3827 = FACE_BOUND('',#3828,.F.);
#3828 = EDGE_LOOP('',(#3829,#3830,#3831,#3832));
#3829 = ORIENTED_EDGE('',*,*,#1990,.F.);
#3830 = ORIENTED_EDGE('',*,*,#3799,.T.);
#3831 = ORIENTED_EDGE('',*,*,#877,.F.);
#3832 = ORIENTED_EDGE('',*,*,#3814,.F.);
#3833 = PLANE('',#3834);
#3834 = AXIS2_PLACEMENT_3D('',#3835,#3836,#3837);
#3835 = CARTESIAN_POINT('',(83.758682953157,35.642215741393,-4.5));
#3836 = DIRECTION('',(-0.707109891475,0.707103670884,-3.92524841228E-16)
  );
#3837 = DIRECTION('',(0.707103670884,0.707109891475,3.925213881063E-16)
  );
#3838 = ADVANCED_FACE('',(#3839),#3858,.F.);
#3839 = FACE_BOUND('',#3840,.T.);
#3840 = EDGE_LOOP('',(#3841,#3849,#3856,#3857));
#3841 = ORIENTED_EDGE('',*,*,#3842,.T.);
#3842 = EDGE_CURVE('',#894,#3843,#3845,.T.);
#3843 = VERTEX_POINT('',#3844);
#3844 = CARTESIAN_POINT('',(90.502232758185,42.642233335882,-3.));
#3845 = LINE('',#3846,#3847);
#3846 = CARTESIAN_POINT('',(90.502232758185,42.642233335882,
    2.510893313167E-14));
#3847 = VECTOR('',#3848,1.);
#3848 = DIRECTION('',(5.551115123126E-16,0.,-1.));
#3849 = ORIENTED_EDGE('',*,*,#3850,.T.);
#3850 = EDGE_CURVE('',#3843,#3843,#3851,.T.);
#3851 = CIRCLE('',#3852,3.);
#3852 = AXIS2_PLACEMENT_3D('',#3853,#3854,#3855);
#3853 = CARTESIAN_POINT('',(93.502232758185,42.642233335882,-3.));
#3854 = DIRECTION('',(5.551115123126E-16,0.,-1.));
#3855 = DIRECTION('',(-1.,0.,-5.551115123126E-16));
#3856 = ORIENTED_EDGE('',*,*,#3842,.F.);
#3857 = ORIENTED_EDGE('',*,*,#893,.F.);
#3858 = CYLINDRICAL_SURFACE('',#3859,3.);
#3859 = AXIS2_PLACEMENT_3D('',#3860,#3861,#3862);
#3860 = CARTESIAN_POINT('',(93.502232758185,42.642233335882,
    2.677426766861E-14));
#3861 = DIRECTION('',(-5.551115123126E-16,0.,1.));
#3862 = DIRECTION('',(-1.,0.,-5.551115123126E-16));
#3863 = ADVANCED_FACE('',(#3864),#3880,.F.);
#3864 = FACE_BOUND('',#3865,.F.);
#3865 = EDGE_LOOP('',(#3866,#3867,#3873,#3874));
#3866 = ORIENTED_EDGE('',*,*,#2051,.F.);
#3867 = ORIENTED_EDGE('',*,*,#3868,.T.);
#3868 = EDGE_CURVE('',#2028,#907,#3869,.T.);
#3869 = LINE('',#3870,#3871);
#3870 = CARTESIAN_POINT('',(82.758682953157,35.642250930371,-4.5));
#3871 = VECTOR('',#3872,1.);
#3872 = DIRECTION('',(-5.551115123126E-16,0.,1.));
#3873 = ORIENTED_EDGE('',*,*,#904,.F.);
#3874 = ORIENTED_EDGE('',*,*,#3875,.F.);
#3875 = EDGE_CURVE('',#2044,#905,#3876,.T.);
#3876 = LINE('',#3877,#3878);
#3877 = CARTESIAN_POINT('',(78.758700547646,31.642233335882,-4.5));
#3878 = VECTOR('',#3879,1.);
#3879 = DIRECTION('',(-5.551115123126E-16,0.,1.));
#3880 = PLANE('',#3881);
#3881 = AXIS2_PLACEMENT_3D('',#3882,#3883,#3884);
#3882 = CARTESIAN_POINT('',(82.758682953157,35.642250930371,-4.5));
#3883 = DIRECTION('',(0.707109891475,-0.707103670884,3.92524841228E-16)
  );
#3884 = DIRECTION('',(-0.707103670884,-0.707109891475,
    -3.925213881063E-16));
#3885 = ADVANCED_FACE('',(#3886),#3897,.F.);
#3886 = FACE_BOUND('',#3887,.F.);
#3887 = EDGE_LOOP('',(#3888,#3889,#3890,#3891));
#3888 = ORIENTED_EDGE('',*,*,#2043,.F.);
#3889 = ORIENTED_EDGE('',*,*,#3875,.T.);
#3890 = ORIENTED_EDGE('',*,*,#930,.F.);
#3891 = ORIENTED_EDGE('',*,*,#3892,.F.);
#3892 = EDGE_CURVE('',#2036,#923,#3893,.T.);
#3893 = LINE('',#3894,#3895);
#3894 = CARTESIAN_POINT('',(74.758682953157,35.642215741393,-4.5));
#3895 = VECTOR('',#3896,1.);
#3896 = DIRECTION('',(-5.551115123126E-16,0.,1.));
#3897 = PLANE('',#3898);
#3898 = AXIS2_PLACEMENT_3D('',#3899,#3900,#3901);
#3899 = CARTESIAN_POINT('',(78.758700547646,31.642233335882,-4.5));
#3900 = DIRECTION('',(-0.707103670884,-0.707109891475,
    -3.925213881063E-16));
#3901 = DIRECTION('',(-0.707109891475,0.707103670884,-3.92524841228E-16)
  );
#3902 = ADVANCED_FACE('',(#3903),#3914,.F.);
#3903 = FACE_BOUND('',#3904,.F.);
#3904 = EDGE_LOOP('',(#3905,#3906,#3912,#3913));
#3905 = ORIENTED_EDGE('',*,*,#2025,.F.);
#3906 = ORIENTED_EDGE('',*,*,#3907,.T.);
#3907 = EDGE_CURVE('',#2026,#915,#3908,.T.);
#3908 = LINE('',#3909,#3910);
#3909 = CARTESIAN_POINT('',(78.758665358668,39.642233335882,-4.5));
#3910 = VECTOR('',#3911,1.);
#3911 = DIRECTION('',(-5.551115123126E-16,0.,1.));
#3912 = ORIENTED_EDGE('',*,*,#914,.F.);
#3913 = ORIENTED_EDGE('',*,*,#3868,.F.);
#3914 = PLANE('',#3915);
#3915 = AXIS2_PLACEMENT_3D('',#3916,#3917,#3918);
#3916 = CARTESIAN_POINT('',(78.758665358668,39.642233335882,-4.5));
#3917 = DIRECTION('',(0.707103670884,0.707109891475,3.925213881063E-16)
  );
#3918 = DIRECTION('',(0.707109891475,-0.707103670884,3.92524841228E-16)
  );
#3919 = ADVANCED_FACE('',(#3920),#3926,.F.);
#3920 = FACE_BOUND('',#3921,.F.);
#3921 = EDGE_LOOP('',(#3922,#3923,#3924,#3925));
#3922 = ORIENTED_EDGE('',*,*,#2035,.F.);
#3923 = ORIENTED_EDGE('',*,*,#3892,.T.);
#3924 = ORIENTED_EDGE('',*,*,#922,.F.);
#3925 = ORIENTED_EDGE('',*,*,#3907,.F.);
#3926 = PLANE('',#3927);
#3927 = AXIS2_PLACEMENT_3D('',#3928,#3929,#3930);
#3928 = CARTESIAN_POINT('',(74.758682953157,35.642215741393,-4.5));
#3929 = DIRECTION('',(-0.707109891475,0.707103670884,-3.92524841228E-16)
  );
#3930 = DIRECTION('',(0.707103670884,0.707109891475,3.925213881063E-16)
  );
#3931 = ADVANCED_FACE('',(#3932),#3943,.F.);
#3932 = FACE_BOUND('',#3933,.F.);
#3933 = EDGE_LOOP('',(#3934,#3940,#3941,#3942));
#3934 = ORIENTED_EDGE('',*,*,#3935,.F.);
#3935 = EDGE_CURVE('',#2060,#939,#3936,.T.);
#3936 = LINE('',#3937,#3938);
#3937 = CARTESIAN_POINT('',(71.258680303194,30.389167222889,-4.5));
#3938 = VECTOR('',#3939,1.);
#3939 = DIRECTION('',(-5.551115123126E-16,0.,1.));
#3940 = ORIENTED_EDGE('',*,*,#2059,.F.);
#3941 = ORIENTED_EDGE('',*,*,#3935,.T.);
#3942 = ORIENTED_EDGE('',*,*,#938,.T.);
#3943 = CYLINDRICAL_SURFACE('',#3944,3.);
#3944 = AXIS2_PLACEMENT_3D('',#3945,#3946,#3947);
#3945 = CARTESIAN_POINT('',(74.258680303194,30.389167222889,-4.5));
#3946 = DIRECTION('',(5.551115123126E-16,0.,-1.));
#3947 = DIRECTION('',(-1.,0.,-5.551115123126E-16));
#3948 = ADVANCED_FACE('',(#3949),#3965,.F.);
#3949 = FACE_BOUND('',#3950,.F.);
#3950 = EDGE_LOOP('',(#3951,#3952,#3958,#3959));
#3951 = ORIENTED_EDGE('',*,*,#2096,.F.);
#3952 = ORIENTED_EDGE('',*,*,#3953,.T.);
#3953 = EDGE_CURVE('',#2073,#952,#3954,.T.);
#3954 = LINE('',#3955,#3956);
#3955 = CARTESIAN_POINT('',(73.758682953157,35.642250930371,-4.5));
#3956 = VECTOR('',#3957,1.);
#3957 = DIRECTION('',(-5.551115123126E-16,0.,1.));
#3958 = ORIENTED_EDGE('',*,*,#949,.F.);
#3959 = ORIENTED_EDGE('',*,*,#3960,.F.);
#3960 = EDGE_CURVE('',#2089,#950,#3961,.T.);
#3961 = LINE('',#3962,#3963);
#3962 = CARTESIAN_POINT('',(69.758700547646,31.642233335882,-4.5));
#3963 = VECTOR('',#3964,1.);
#3964 = DIRECTION('',(-5.551115123126E-16,0.,1.));
#3965 = PLANE('',#3966);
#3966 = AXIS2_PLACEMENT_3D('',#3967,#3968,#3969);
#3967 = CARTESIAN_POINT('',(73.758682953157,35.642250930371,-4.5));
#3968 = DIRECTION('',(0.707109891475,-0.707103670884,3.92524841228E-16)
  );
#3969 = DIRECTION('',(-0.707103670884,-0.707109891475,
    -3.925213881063E-16));
#3970 = ADVANCED_FACE('',(#3971),#3982,.F.);
#3971 = FACE_BOUND('',#3972,.F.);
#3972 = EDGE_LOOP('',(#3973,#3974,#3975,#3976));
#3973 = ORIENTED_EDGE('',*,*,#2088,.F.);
#3974 = ORIENTED_EDGE('',*,*,#3960,.T.);
#3975 = ORIENTED_EDGE('',*,*,#975,.F.);
#3976 = ORIENTED_EDGE('',*,*,#3977,.F.);
#3977 = EDGE_CURVE('',#2081,#968,#3978,.T.);
#3978 = LINE('',#3979,#3980);
#3979 = CARTESIAN_POINT('',(65.758682953157,35.642215741393,-4.5));
#3980 = VECTOR('',#3981,1.);
#3981 = DIRECTION('',(-5.551115123126E-16,0.,1.));
#3982 = PLANE('',#3983);
#3983 = AXIS2_PLACEMENT_3D('',#3984,#3985,#3986);
#3984 = CARTESIAN_POINT('',(69.758700547646,31.642233335882,-4.5));
#3985 = DIRECTION('',(-0.707103670884,-0.707109891475,
    -3.925213881063E-16));
#3986 = DIRECTION('',(-0.707109891475,0.707103670884,-3.92524841228E-16)
  );
#3987 = ADVANCED_FACE('',(#3988),#3999,.F.);
#3988 = FACE_BOUND('',#3989,.F.);
#3989 = EDGE_LOOP('',(#3990,#3991,#3997,#3998));
#3990 = ORIENTED_EDGE('',*,*,#2070,.F.);
#3991 = ORIENTED_EDGE('',*,*,#3992,.T.);
#3992 = EDGE_CURVE('',#2071,#960,#3993,.T.);
#3993 = LINE('',#3994,#3995);
#3994 = CARTESIAN_POINT('',(69.758665358668,39.642233335882,-4.5));
#3995 = VECTOR('',#3996,1.);
#3996 = DIRECTION('',(-5.551115123126E-16,0.,1.));
#3997 = ORIENTED_EDGE('',*,*,#959,.F.);
#3998 = ORIENTED_EDGE('',*,*,#3953,.F.);
#3999 = PLANE('',#4000);
#4000 = AXIS2_PLACEMENT_3D('',#4001,#4002,#4003);
#4001 = CARTESIAN_POINT('',(69.758665358668,39.642233335882,-4.5));
#4002 = DIRECTION('',(0.707103670884,0.707109891475,3.925213881063E-16)
  );
#4003 = DIRECTION('',(0.707109891475,-0.707103670884,3.92524841228E-16)
  );
#4004 = ADVANCED_FACE('',(#4005),#4011,.F.);
#4005 = FACE_BOUND('',#4006,.F.);
#4006 = EDGE_LOOP('',(#4007,#4008,#4009,#4010));
#4007 = ORIENTED_EDGE('',*,*,#2080,.F.);
#4008 = ORIENTED_EDGE('',*,*,#3977,.T.);
#4009 = ORIENTED_EDGE('',*,*,#967,.F.);
#4010 = ORIENTED_EDGE('',*,*,#3992,.F.);
#4011 = PLANE('',#4012);
#4012 = AXIS2_PLACEMENT_3D('',#4013,#4014,#4015);
#4013 = CARTESIAN_POINT('',(65.758682953157,35.642215741393,-4.5));
#4014 = DIRECTION('',(-0.707109891475,0.707103670884,-3.92524841228E-16)
  );
#4015 = DIRECTION('',(0.707103670884,0.707109891475,3.925213881063E-16)
  );
#4016 = ADVANCED_FACE('',(#4017),#4028,.F.);
#4017 = FACE_BOUND('',#4018,.F.);
#4018 = EDGE_LOOP('',(#4019,#4025,#4026,#4027));
#4019 = ORIENTED_EDGE('',*,*,#4020,.F.);
#4020 = EDGE_CURVE('',#2105,#984,#4021,.T.);
#4021 = LINE('',#4022,#4023);
#4022 = CARTESIAN_POINT('',(62.258680303194,19.889167222889,-4.5));
#4023 = VECTOR('',#4024,1.);
#4024 = DIRECTION('',(-5.551115123126E-16,0.,1.));
#4025 = ORIENTED_EDGE('',*,*,#2104,.F.);
#4026 = ORIENTED_EDGE('',*,*,#4020,.T.);
#4027 = ORIENTED_EDGE('',*,*,#983,.T.);
#4028 = CYLINDRICAL_SURFACE('',#4029,3.);
#4029 = AXIS2_PLACEMENT_3D('',#4030,#4031,#4032);
#4030 = CARTESIAN_POINT('',(65.258680303194,19.889167222889,-4.5));
#4031 = DIRECTION('',(5.551115123126E-16,0.,-1.));
#4032 = DIRECTION('',(-1.,0.,-5.551115123126E-16));
#4033 = ADVANCED_FACE('',(#4034),#4050,.F.);
#4034 = FACE_BOUND('',#4035,.F.);
#4035 = EDGE_LOOP('',(#4036,#4037,#4043,#4044));
#4036 = ORIENTED_EDGE('',*,*,#2141,.F.);
#4037 = ORIENTED_EDGE('',*,*,#4038,.T.);
#4038 = EDGE_CURVE('',#2118,#997,#4039,.T.);
#4039 = LINE('',#4040,#4041);
#4040 = CARTESIAN_POINT('',(64.758700547646,14.63,-4.5));
#4041 = VECTOR('',#4042,1.);
#4042 = DIRECTION('',(-5.551115123126E-16,0.,1.));
#4043 = ORIENTED_EDGE('',*,*,#994,.F.);
#4044 = ORIENTED_EDGE('',*,*,#4045,.F.);
#4045 = EDGE_CURVE('',#2134,#995,#4046,.T.);
#4046 = LINE('',#4047,#4048);
#4047 = CARTESIAN_POINT('',(60.758700547646,10.63,-4.5));
#4048 = VECTOR('',#4049,1.);
#4049 = DIRECTION('',(-5.551115123126E-16,0.,1.));
#4050 = PLANE('',#4051);
#4051 = AXIS2_PLACEMENT_3D('',#4052,#4053,#4054);
#4052 = CARTESIAN_POINT('',(64.758700547646,14.63,-4.5));
#4053 = DIRECTION('',(0.707106781187,-0.707106781187,3.925231146709E-16)
  );
#4054 = DIRECTION('',(-0.707106781187,-0.707106781187,
    -3.925231146709E-16));
#4055 = ADVANCED_FACE('',(#4056),#4067,.F.);
#4056 = FACE_BOUND('',#4057,.F.);
#4057 = EDGE_LOOP('',(#4058,#4059,#4060,#4061));
#4058 = ORIENTED_EDGE('',*,*,#2133,.F.);
#4059 = ORIENTED_EDGE('',*,*,#4045,.T.);
#4060 = ORIENTED_EDGE('',*,*,#1020,.F.);
#4061 = ORIENTED_EDGE('',*,*,#4062,.F.);
#4062 = EDGE_CURVE('',#2126,#1013,#4063,.T.);
#4063 = LINE('',#4064,#4065);
#4064 = CARTESIAN_POINT('',(56.758700547646,14.63,-4.5));
#4065 = VECTOR('',#4066,1.);
#4066 = DIRECTION('',(-5.551115123126E-16,0.,1.));
#4067 = PLANE('',#4068);
#4068 = AXIS2_PLACEMENT_3D('',#4069,#4070,#4071);
#4069 = CARTESIAN_POINT('',(60.758700547646,10.63,-4.5));
#4070 = DIRECTION('',(-0.707106781187,-0.707106781187,
    -3.925231146709E-16));
#4071 = DIRECTION('',(-0.707106781187,0.707106781187,-3.925231146709E-16
    ));
#4072 = ADVANCED_FACE('',(#4073),#4084,.F.);
#4073 = FACE_BOUND('',#4074,.F.);
#4074 = EDGE_LOOP('',(#4075,#4076,#4082,#4083));
#4075 = ORIENTED_EDGE('',*,*,#2115,.F.);
#4076 = ORIENTED_EDGE('',*,*,#4077,.T.);
#4077 = EDGE_CURVE('',#2116,#1005,#4078,.T.);
#4078 = LINE('',#4079,#4080);
#4079 = CARTESIAN_POINT('',(60.758700547646,18.63,-4.5));
#4080 = VECTOR('',#4081,1.);
#4081 = DIRECTION('',(-5.551115123126E-16,0.,1.));
#4082 = ORIENTED_EDGE('',*,*,#1004,.F.);
#4083 = ORIENTED_EDGE('',*,*,#4038,.F.);
#4084 = PLANE('',#4085);
#4085 = AXIS2_PLACEMENT_3D('',#4086,#4087,#4088);
#4086 = CARTESIAN_POINT('',(60.758700547646,18.63,-4.5));
#4087 = DIRECTION('',(0.707106781187,0.707106781187,3.925231146709E-16)
  );
#4088 = DIRECTION('',(0.707106781187,-0.707106781187,3.925231146709E-16)
  );
#4089 = ADVANCED_FACE('',(#4090),#4096,.F.);
#4090 = FACE_BOUND('',#4091,.F.);
#4091 = EDGE_LOOP('',(#4092,#4093,#4094,#4095));
#4092 = ORIENTED_EDGE('',*,*,#2125,.F.);
#4093 = ORIENTED_EDGE('',*,*,#4062,.T.);
#4094 = ORIENTED_EDGE('',*,*,#1012,.F.);
#4095 = ORIENTED_EDGE('',*,*,#4077,.F.);
#4096 = PLANE('',#4097);
#4097 = AXIS2_PLACEMENT_3D('',#4098,#4099,#4100);
#4098 = CARTESIAN_POINT('',(56.758700547646,14.63,-4.5));
#4099 = DIRECTION('',(-0.707106781187,0.707106781187,-3.925231146709E-16
    ));
#4100 = DIRECTION('',(0.707106781187,0.707106781187,3.925231146709E-16)
  );
#4101 = ADVANCED_FACE('',(#4102),#4113,.F.);
#4102 = FACE_BOUND('',#4103,.F.);
#4103 = EDGE_LOOP('',(#4104,#4110,#4111,#4112));
#4104 = ORIENTED_EDGE('',*,*,#4105,.F.);
#4105 = EDGE_CURVE('',#2218,#1029,#4106,.T.);
#4106 = LINE('',#4107,#4108);
#4107 = CARTESIAN_POINT('',(53.258680303194,19.889167222889,-4.5));
#4108 = VECTOR('',#4109,1.);
#4109 = DIRECTION('',(-5.551115123126E-16,0.,1.));
#4110 = ORIENTED_EDGE('',*,*,#2217,.F.);
#4111 = ORIENTED_EDGE('',*,*,#4105,.T.);
#4112 = ORIENTED_EDGE('',*,*,#1028,.T.);
#4113 = CYLINDRICAL_SURFACE('',#4114,3.);
#4114 = AXIS2_PLACEMENT_3D('',#4115,#4116,#4117);
#4115 = CARTESIAN_POINT('',(56.258680303194,19.889167222889,-4.5));
#4116 = DIRECTION('',(5.551115123126E-16,0.,-1.));
#4117 = DIRECTION('',(-1.,0.,-5.551115123126E-16));
#4118 = ADVANCED_FACE('',(#4119),#4135,.F.);
#4119 = FACE_BOUND('',#4120,.F.);
#4120 = EDGE_LOOP('',(#4121,#4122,#4128,#4129));
#4121 = ORIENTED_EDGE('',*,*,#2175,.F.);
#4122 = ORIENTED_EDGE('',*,*,#4123,.T.);
#4123 = EDGE_CURVE('',#2152,#1042,#4124,.T.);
#4124 = LINE('',#4125,#4126);
#4125 = CARTESIAN_POINT('',(56.758700547646,25.136116667941,-4.5));
#4126 = VECTOR('',#4127,1.);
#4127 = DIRECTION('',(-5.551115123126E-16,0.,1.));
#4128 = ORIENTED_EDGE('',*,*,#1039,.F.);
#4129 = ORIENTED_EDGE('',*,*,#4130,.F.);
#4130 = EDGE_CURVE('',#2168,#1040,#4131,.T.);
#4131 = LINE('',#4132,#4133);
#4132 = CARTESIAN_POINT('',(60.758700547646,29.136116667941,-4.5));
#4133 = VECTOR('',#4134,1.);
#4134 = DIRECTION('',(-5.551115123126E-16,0.,1.));
#4135 = PLANE('',#4136);
#4136 = AXIS2_PLACEMENT_3D('',#4137,#4138,#4139);
#4137 = CARTESIAN_POINT('',(56.758700547646,25.136116667941,-4.5));
#4138 = DIRECTION('',(-0.707106781187,0.707106781187,-3.925231146709E-16
    ));
#4139 = DIRECTION('',(0.707106781187,0.707106781187,3.925231146709E-16)
  );
#4140 = ADVANCED_FACE('',(#4141),#4152,.F.);
#4141 = FACE_BOUND('',#4142,.F.);
#4142 = EDGE_LOOP('',(#4143,#4144,#4145,#4146));
#4143 = ORIENTED_EDGE('',*,*,#2167,.F.);
#4144 = ORIENTED_EDGE('',*,*,#4130,.T.);
#4145 = ORIENTED_EDGE('',*,*,#1065,.F.);
#4146 = ORIENTED_EDGE('',*,*,#4147,.F.);
#4147 = EDGE_CURVE('',#2160,#1058,#4148,.T.);
#4148 = LINE('',#4149,#4150);
#4149 = CARTESIAN_POINT('',(64.758700547646,25.136116667941,-4.5));
#4150 = VECTOR('',#4151,1.);
#4151 = DIRECTION('',(-5.551115123126E-16,0.,1.));
#4152 = PLANE('',#4153);
#4153 = AXIS2_PLACEMENT_3D('',#4154,#4155,#4156);
#4154 = CARTESIAN_POINT('',(60.758700547646,29.136116667941,-4.5));
#4155 = DIRECTION('',(0.707106781187,0.707106781187,3.925231146709E-16)
  );
#4156 = DIRECTION('',(0.707106781187,-0.707106781187,3.925231146709E-16)
  );
#4157 = ADVANCED_FACE('',(#4158),#4169,.F.);
#4158 = FACE_BOUND('',#4159,.F.);
#4159 = EDGE_LOOP('',(#4160,#4161,#4167,#4168));
#4160 = ORIENTED_EDGE('',*,*,#2149,.F.);
#4161 = ORIENTED_EDGE('',*,*,#4162,.T.);
#4162 = EDGE_CURVE('',#2150,#1050,#4163,.T.);
#4163 = LINE('',#4164,#4165);
#4164 = CARTESIAN_POINT('',(60.758700547646,21.136116667941,-4.5));
#4165 = VECTOR('',#4166,1.);
#4166 = DIRECTION('',(-5.551115123126E-16,0.,1.));
#4167 = ORIENTED_EDGE('',*,*,#1049,.F.);
#4168 = ORIENTED_EDGE('',*,*,#4123,.F.);
#4169 = PLANE('',#4170);
#4170 = AXIS2_PLACEMENT_3D('',#4171,#4172,#4173);
#4171 = CARTESIAN_POINT('',(60.758700547646,21.136116667941,-4.5));
#4172 = DIRECTION('',(-0.707106781187,-0.707106781187,
    -3.925231146709E-16));
#4173 = DIRECTION('',(-0.707106781187,0.707106781187,-3.925231146709E-16
    ));
#4174 = ADVANCED_FACE('',(#4175),#4181,.F.);
#4175 = FACE_BOUND('',#4176,.F.);
#4176 = EDGE_LOOP('',(#4177,#4178,#4179,#4180));
#4177 = ORIENTED_EDGE('',*,*,#2159,.F.);
#4178 = ORIENTED_EDGE('',*,*,#4147,.T.);
#4179 = ORIENTED_EDGE('',*,*,#1057,.F.);
#4180 = ORIENTED_EDGE('',*,*,#4162,.F.);
#4181 = PLANE('',#4182);
#4182 = AXIS2_PLACEMENT_3D('',#4183,#4184,#4185);
#4183 = CARTESIAN_POINT('',(64.758700547646,25.136116667941,-4.5));
#4184 = DIRECTION('',(0.707106781187,-0.707106781187,3.925231146709E-16)
  );
#4185 = DIRECTION('',(-0.707106781187,-0.707106781187,
    -3.925231146709E-16));
#4186 = ADVANCED_FACE('',(#4187),#4203,.F.);
#4187 = FACE_BOUND('',#4188,.F.);
#4188 = EDGE_LOOP('',(#4189,#4190,#4196,#4197));
#4189 = ORIENTED_EDGE('',*,*,#2209,.F.);
#4190 = ORIENTED_EDGE('',*,*,#4191,.T.);
#4191 = EDGE_CURVE('',#2186,#1076,#4192,.T.);
#4192 = LINE('',#4193,#4194);
#4193 = CARTESIAN_POINT('',(55.758700547646,14.63,-4.5));
#4194 = VECTOR('',#4195,1.);
#4195 = DIRECTION('',(-5.551115123126E-16,0.,1.));
#4196 = ORIENTED_EDGE('',*,*,#1073,.F.);
#4197 = ORIENTED_EDGE('',*,*,#4198,.F.);
#4198 = EDGE_CURVE('',#2202,#1074,#4199,.T.);
#4199 = LINE('',#4200,#4201);
#4200 = CARTESIAN_POINT('',(51.758700547646,10.63,-4.5));
#4201 = VECTOR('',#4202,1.);
#4202 = DIRECTION('',(-5.551115123126E-16,0.,1.));
#4203 = PLANE('',#4204);
#4204 = AXIS2_PLACEMENT_3D('',#4205,#4206,#4207);
#4205 = CARTESIAN_POINT('',(55.758700547646,14.63,-4.5));
#4206 = DIRECTION('',(0.707106781187,-0.707106781187,3.925231146709E-16)
  );
#4207 = DIRECTION('',(-0.707106781187,-0.707106781187,
    -3.925231146709E-16));
#4208 = ADVANCED_FACE('',(#4209),#4220,.F.);
#4209 = FACE_BOUND('',#4210,.F.);
#4210 = EDGE_LOOP('',(#4211,#4212,#4213,#4214));
#4211 = ORIENTED_EDGE('',*,*,#2201,.F.);
#4212 = ORIENTED_EDGE('',*,*,#4198,.T.);
#4213 = ORIENTED_EDGE('',*,*,#1099,.F.);
#4214 = ORIENTED_EDGE('',*,*,#4215,.F.);
#4215 = EDGE_CURVE('',#2194,#1092,#4216,.T.);
#4216 = LINE('',#4217,#4218);
#4217 = CARTESIAN_POINT('',(47.758700547646,14.63,-4.5));
#4218 = VECTOR('',#4219,1.);
#4219 = DIRECTION('',(-5.551115123126E-16,0.,1.));
#4220 = PLANE('',#4221);
#4221 = AXIS2_PLACEMENT_3D('',#4222,#4223,#4224);
#4222 = CARTESIAN_POINT('',(51.758700547646,10.63,-4.5));
#4223 = DIRECTION('',(-0.707106781187,-0.707106781187,
    -3.925231146709E-16));
#4224 = DIRECTION('',(-0.707106781187,0.707106781187,-3.925231146709E-16
    ));
#4225 = ADVANCED_FACE('',(#4226),#4237,.F.);
#4226 = FACE_BOUND('',#4227,.F.);
#4227 = EDGE_LOOP('',(#4228,#4229,#4235,#4236));
#4228 = ORIENTED_EDGE('',*,*,#2183,.F.);
#4229 = ORIENTED_EDGE('',*,*,#4230,.T.);
#4230 = EDGE_CURVE('',#2184,#1084,#4231,.T.);
#4231 = LINE('',#4232,#4233);
#4232 = CARTESIAN_POINT('',(51.758700547646,18.63,-4.5));
#4233 = VECTOR('',#4234,1.);
#4234 = DIRECTION('',(-5.551115123126E-16,0.,1.));
#4235 = ORIENTED_EDGE('',*,*,#1083,.F.);
#4236 = ORIENTED_EDGE('',*,*,#4191,.F.);
#4237 = PLANE('',#4238);
#4238 = AXIS2_PLACEMENT_3D('',#4239,#4240,#4241);
#4239 = CARTESIAN_POINT('',(51.758700547646,18.63,-4.5));
#4240 = DIRECTION('',(0.707106781187,0.707106781187,3.925231146709E-16)
  );
#4241 = DIRECTION('',(0.707106781187,-0.707106781187,3.925231146709E-16)
  );
#4242 = ADVANCED_FACE('',(#4243),#4249,.F.);
#4243 = FACE_BOUND('',#4244,.F.);
#4244 = EDGE_LOOP('',(#4245,#4246,#4247,#4248));
#4245 = ORIENTED_EDGE('',*,*,#2193,.F.);
#4246 = ORIENTED_EDGE('',*,*,#4215,.T.);
#4247 = ORIENTED_EDGE('',*,*,#1091,.F.);
#4248 = ORIENTED_EDGE('',*,*,#4230,.F.);
#4249 = PLANE('',#4250);
#4250 = AXIS2_PLACEMENT_3D('',#4251,#4252,#4253);
#4251 = CARTESIAN_POINT('',(47.758700547646,14.63,-4.5));
#4252 = DIRECTION('',(-0.707106781187,0.707106781187,-3.925231146709E-16
    ));
#4253 = DIRECTION('',(0.707106781187,0.707106781187,3.925231146709E-16)
  );
#4254 = ADVANCED_FACE('',(#4255),#4271,.F.);
#4255 = FACE_BOUND('',#4256,.F.);
#4256 = EDGE_LOOP('',(#4257,#4258,#4264,#4265));
#4257 = ORIENTED_EDGE('',*,*,#2254,.F.);
#4258 = ORIENTED_EDGE('',*,*,#4259,.T.);
#4259 = EDGE_CURVE('',#2231,#1110,#4260,.T.);
#4260 = LINE('',#4261,#4262);
#4261 = CARTESIAN_POINT('',(47.758700547646,25.136116667941,-4.5));
#4262 = VECTOR('',#4263,1.);
#4263 = DIRECTION('',(-5.551115123126E-16,0.,1.));
#4264 = ORIENTED_EDGE('',*,*,#1107,.F.);
#4265 = ORIENTED_EDGE('',*,*,#4266,.F.);
#4266 = EDGE_CURVE('',#2247,#1108,#4267,.T.);
#4267 = LINE('',#4268,#4269);
#4268 = CARTESIAN_POINT('',(51.758700547646,29.136116667941,-4.5));
#4269 = VECTOR('',#4270,1.);
#4270 = DIRECTION('',(-5.551115123126E-16,0.,1.));
#4271 = PLANE('',#4272);
#4272 = AXIS2_PLACEMENT_3D('',#4273,#4274,#4275);
#4273 = CARTESIAN_POINT('',(47.758700547646,25.136116667941,-4.5));
#4274 = DIRECTION('',(-0.707106781187,0.707106781187,-3.925231146709E-16
    ));
#4275 = DIRECTION('',(0.707106781187,0.707106781187,3.925231146709E-16)
  );
#4276 = ADVANCED_FACE('',(#4277),#4288,.F.);
#4277 = FACE_BOUND('',#4278,.F.);
#4278 = EDGE_LOOP('',(#4279,#4280,#4281,#4282));
#4279 = ORIENTED_EDGE('',*,*,#2246,.F.);
#4280 = ORIENTED_EDGE('',*,*,#4266,.T.);
#4281 = ORIENTED_EDGE('',*,*,#1133,.F.);
#4282 = ORIENTED_EDGE('',*,*,#4283,.F.);
#4283 = EDGE_CURVE('',#2239,#1126,#4284,.T.);
#4284 = LINE('',#4285,#4286);
#4285 = CARTESIAN_POINT('',(55.758700547646,25.136116667941,-4.5));
#4286 = VECTOR('',#4287,1.);
#4287 = DIRECTION('',(-5.551115123126E-16,0.,1.));
#4288 = PLANE('',#4289);
#4289 = AXIS2_PLACEMENT_3D('',#4290,#4291,#4292);
#4290 = CARTESIAN_POINT('',(51.758700547646,29.136116667941,-4.5));
#4291 = DIRECTION('',(0.707106781187,0.707106781187,3.925231146709E-16)
  );
#4292 = DIRECTION('',(0.707106781187,-0.707106781187,3.925231146709E-16)
  );
#4293 = ADVANCED_FACE('',(#4294),#4305,.F.);
#4294 = FACE_BOUND('',#4295,.F.);
#4295 = EDGE_LOOP('',(#4296,#4297,#4303,#4304));
#4296 = ORIENTED_EDGE('',*,*,#2228,.F.);
#4297 = ORIENTED_EDGE('',*,*,#4298,.T.);
#4298 = EDGE_CURVE('',#2229,#1118,#4299,.T.);
#4299 = LINE('',#4300,#4301);
#4300 = CARTESIAN_POINT('',(51.758700547646,21.136116667941,-4.5));
#4301 = VECTOR('',#4302,1.);
#4302 = DIRECTION('',(-5.551115123126E-16,0.,1.));
#4303 = ORIENTED_EDGE('',*,*,#1117,.F.);
#4304 = ORIENTED_EDGE('',*,*,#4259,.F.);
#4305 = PLANE('',#4306);
#4306 = AXIS2_PLACEMENT_3D('',#4307,#4308,#4309);
#4307 = CARTESIAN_POINT('',(51.758700547646,21.136116667941,-4.5));
#4308 = DIRECTION('',(-0.707106781187,-0.707106781187,
    -3.925231146709E-16));
#4309 = DIRECTION('',(-0.707106781187,0.707106781187,-3.925231146709E-16
    ));
#4310 = ADVANCED_FACE('',(#4311),#4317,.F.);
#4311 = FACE_BOUND('',#4312,.F.);
#4312 = EDGE_LOOP('',(#4313,#4314,#4315,#4316));
#4313 = ORIENTED_EDGE('',*,*,#2238,.F.);
#4314 = ORIENTED_EDGE('',*,*,#4283,.T.);
#4315 = ORIENTED_EDGE('',*,*,#1125,.F.);
#4316 = ORIENTED_EDGE('',*,*,#4298,.F.);
#4317 = PLANE('',#4318);
#4318 = AXIS2_PLACEMENT_3D('',#4319,#4320,#4321);
#4319 = CARTESIAN_POINT('',(55.758700547646,25.136116667941,-4.5));
#4320 = DIRECTION('',(0.707106781187,-0.707106781187,3.925231146709E-16)
  );
#4321 = DIRECTION('',(-0.707106781187,-0.707106781187,
    -3.925231146709E-16));
#4322 = ADVANCED_FACE('',(#4323),#4334,.F.);
#4323 = FACE_BOUND('',#4324,.F.);
#4324 = EDGE_LOOP('',(#4325,#4331,#4332,#4333));
#4325 = ORIENTED_EDGE('',*,*,#4326,.F.);
#4326 = EDGE_CURVE('',#2263,#1142,#4327,.T.);
#4327 = LINE('',#4328,#4329);
#4328 = CARTESIAN_POINT('',(62.258680303194,30.389167222889,-4.5));
#4329 = VECTOR('',#4330,1.);
#4330 = DIRECTION('',(-5.551115123126E-16,0.,1.));
#4331 = ORIENTED_EDGE('',*,*,#2262,.F.);
#4332 = ORIENTED_EDGE('',*,*,#4326,.T.);
#4333 = ORIENTED_EDGE('',*,*,#1141,.T.);
#4334 = CYLINDRICAL_SURFACE('',#4335,3.);
#4335 = AXIS2_PLACEMENT_3D('',#4336,#4337,#4338);
#4336 = CARTESIAN_POINT('',(65.258680303194,30.389167222889,-4.5));
#4337 = DIRECTION('',(5.551115123126E-16,0.,-1.));
#4338 = DIRECTION('',(-1.,0.,-5.551115123126E-16));
#4339 = ADVANCED_FACE('',(#4340),#4351,.F.);
#4340 = FACE_BOUND('',#4341,.F.);
#4341 = EDGE_LOOP('',(#4342,#4348,#4349,#4350));
#4342 = ORIENTED_EDGE('',*,*,#4343,.F.);
#4343 = EDGE_CURVE('',#2308,#1153,#4344,.T.);
#4344 = LINE('',#4345,#4346);
#4345 = CARTESIAN_POINT('',(53.258680303194,30.389167222889,-4.5));
#4346 = VECTOR('',#4347,1.);
#4347 = DIRECTION('',(-5.551115123126E-16,0.,1.));
#4348 = ORIENTED_EDGE('',*,*,#2307,.F.);
#4349 = ORIENTED_EDGE('',*,*,#4343,.T.);
#4350 = ORIENTED_EDGE('',*,*,#1152,.T.);
#4351 = CYLINDRICAL_SURFACE('',#4352,3.);
#4352 = AXIS2_PLACEMENT_3D('',#4353,#4354,#4355);
#4353 = CARTESIAN_POINT('',(56.258680303194,30.389167222889,-4.5));
#4354 = DIRECTION('',(5.551115123126E-16,0.,-1.));
#4355 = DIRECTION('',(-1.,0.,-5.551115123126E-16));
#4356 = ADVANCED_FACE('',(#4357),#4373,.F.);
#4357 = FACE_BOUND('',#4358,.F.);
#4358 = EDGE_LOOP('',(#4359,#4360,#4366,#4367));
#4359 = ORIENTED_EDGE('',*,*,#2299,.F.);
#4360 = ORIENTED_EDGE('',*,*,#4361,.T.);
#4361 = EDGE_CURVE('',#2276,#1166,#4362,.T.);
#4362 = LINE('',#4363,#4364);
#4363 = CARTESIAN_POINT('',(64.758682953157,35.642250930371,-4.5));
#4364 = VECTOR('',#4365,1.);
#4365 = DIRECTION('',(-5.551115123126E-16,0.,1.));
#4366 = ORIENTED_EDGE('',*,*,#1163,.F.);
#4367 = ORIENTED_EDGE('',*,*,#4368,.F.);
#4368 = EDGE_CURVE('',#2292,#1164,#4369,.T.);
#4369 = LINE('',#4370,#4371);
#4370 = CARTESIAN_POINT('',(60.758700547646,31.642233335882,-4.5));
#4371 = VECTOR('',#4372,1.);
#4372 = DIRECTION('',(-5.551115123126E-16,0.,1.));
#4373 = PLANE('',#4374);
#4374 = AXIS2_PLACEMENT_3D('',#4375,#4376,#4377);
#4375 = CARTESIAN_POINT('',(64.758682953157,35.642250930371,-4.5));
#4376 = DIRECTION('',(0.707109891475,-0.707103670884,3.92524841228E-16)
  );
#4377 = DIRECTION('',(-0.707103670884,-0.707109891475,
    -3.925213881063E-16));
#4378 = ADVANCED_FACE('',(#4379),#4390,.F.);
#4379 = FACE_BOUND('',#4380,.F.);
#4380 = EDGE_LOOP('',(#4381,#4382,#4383,#4384));
#4381 = ORIENTED_EDGE('',*,*,#2291,.F.);
#4382 = ORIENTED_EDGE('',*,*,#4368,.T.);
#4383 = ORIENTED_EDGE('',*,*,#1189,.F.);
#4384 = ORIENTED_EDGE('',*,*,#4385,.F.);
#4385 = EDGE_CURVE('',#2284,#1182,#4386,.T.);
#4386 = LINE('',#4387,#4388);
#4387 = CARTESIAN_POINT('',(56.758682953157,35.642215741393,-4.5));
#4388 = VECTOR('',#4389,1.);
#4389 = DIRECTION('',(-5.551115123126E-16,0.,1.));
#4390 = PLANE('',#4391);
#4391 = AXIS2_PLACEMENT_3D('',#4392,#4393,#4394);
#4392 = CARTESIAN_POINT('',(60.758700547646,31.642233335882,-4.5));
#4393 = DIRECTION('',(-0.707103670884,-0.707109891475,
    -3.925213881063E-16));
#4394 = DIRECTION('',(-0.707109891475,0.707103670884,-3.92524841228E-16)
  );
#4395 = ADVANCED_FACE('',(#4396),#4407,.F.);
#4396 = FACE_BOUND('',#4397,.F.);
#4397 = EDGE_LOOP('',(#4398,#4399,#4405,#4406));
#4398 = ORIENTED_EDGE('',*,*,#2273,.F.);
#4399 = ORIENTED_EDGE('',*,*,#4400,.T.);
#4400 = EDGE_CURVE('',#2274,#1174,#4401,.T.);
#4401 = LINE('',#4402,#4403);
#4402 = CARTESIAN_POINT('',(60.758665358668,39.642233335882,-4.5));
#4403 = VECTOR('',#4404,1.);
#4404 = DIRECTION('',(-5.551115123126E-16,0.,1.));
#4405 = ORIENTED_EDGE('',*,*,#1173,.F.);
#4406 = ORIENTED_EDGE('',*,*,#4361,.F.);
#4407 = PLANE('',#4408);
#4408 = AXIS2_PLACEMENT_3D('',#4409,#4410,#4411);
#4409 = CARTESIAN_POINT('',(60.758665358668,39.642233335882,-4.5));
#4410 = DIRECTION('',(0.707103670884,0.707109891475,3.925213881063E-16)
  );
#4411 = DIRECTION('',(0.707109891475,-0.707103670884,3.92524841228E-16)
  );
#4412 = ADVANCED_FACE('',(#4413),#4419,.F.);
#4413 = FACE_BOUND('',#4414,.F.);
#4414 = EDGE_LOOP('',(#4415,#4416,#4417,#4418));
#4415 = ORIENTED_EDGE('',*,*,#2283,.F.);
#4416 = ORIENTED_EDGE('',*,*,#4385,.T.);
#4417 = ORIENTED_EDGE('',*,*,#1181,.F.);
#4418 = ORIENTED_EDGE('',*,*,#4400,.F.);
#4419 = PLANE('',#4420);
#4420 = AXIS2_PLACEMENT_3D('',#4421,#4422,#4423);
#4421 = CARTESIAN_POINT('',(56.758682953157,35.642215741393,-4.5));
#4422 = DIRECTION('',(-0.707109891475,0.707103670884,-3.92524841228E-16)
  );
#4423 = DIRECTION('',(0.707103670884,0.707109891475,3.925213881063E-16)
  );
#4424 = ADVANCED_FACE('',(#4425),#4441,.F.);
#4425 = FACE_BOUND('',#4426,.F.);
#4426 = EDGE_LOOP('',(#4427,#4428,#4434,#4435));
#4427 = ORIENTED_EDGE('',*,*,#2344,.F.);
#4428 = ORIENTED_EDGE('',*,*,#4429,.T.);
#4429 = EDGE_CURVE('',#2321,#1200,#4430,.T.);
#4430 = LINE('',#4431,#4432);
#4431 = CARTESIAN_POINT('',(55.758682953157,35.642250930371,-4.5));
#4432 = VECTOR('',#4433,1.);
#4433 = DIRECTION('',(-5.551115123126E-16,0.,1.));
#4434 = ORIENTED_EDGE('',*,*,#1197,.F.);
#4435 = ORIENTED_EDGE('',*,*,#4436,.F.);
#4436 = EDGE_CURVE('',#2337,#1198,#4437,.T.);
#4437 = LINE('',#4438,#4439);
#4438 = CARTESIAN_POINT('',(51.758700547646,31.642233335882,-4.5));
#4439 = VECTOR('',#4440,1.);
#4440 = DIRECTION('',(-5.551115123126E-16,0.,1.));
#4441 = PLANE('',#4442);
#4442 = AXIS2_PLACEMENT_3D('',#4443,#4444,#4445);
#4443 = CARTESIAN_POINT('',(55.758682953157,35.642250930371,-4.5));
#4444 = DIRECTION('',(0.707109891475,-0.707103670884,3.92524841228E-16)
  );
#4445 = DIRECTION('',(-0.707103670884,-0.707109891475,
    -3.925213881063E-16));
#4446 = ADVANCED_FACE('',(#4447),#4458,.F.);
#4447 = FACE_BOUND('',#4448,.F.);
#4448 = EDGE_LOOP('',(#4449,#4450,#4451,#4452));
#4449 = ORIENTED_EDGE('',*,*,#2336,.F.);
#4450 = ORIENTED_EDGE('',*,*,#4436,.T.);
#4451 = ORIENTED_EDGE('',*,*,#1223,.F.);
#4452 = ORIENTED_EDGE('',*,*,#4453,.F.);
#4453 = EDGE_CURVE('',#2329,#1216,#4454,.T.);
#4454 = LINE('',#4455,#4456);
#4455 = CARTESIAN_POINT('',(47.758682953157,35.642215741393,-4.5));
#4456 = VECTOR('',#4457,1.);
#4457 = DIRECTION('',(-5.551115123126E-16,0.,1.));
#4458 = PLANE('',#4459);
#4459 = AXIS2_PLACEMENT_3D('',#4460,#4461,#4462);
#4460 = CARTESIAN_POINT('',(51.758700547646,31.642233335882,-4.5));
#4461 = DIRECTION('',(-0.707103670884,-0.707109891475,
    -3.925213881063E-16));
#4462 = DIRECTION('',(-0.707109891475,0.707103670884,-3.92524841228E-16)
  );
#4463 = ADVANCED_FACE('',(#4464),#4475,.F.);
#4464 = FACE_BOUND('',#4465,.F.);
#4465 = EDGE_LOOP('',(#4466,#4467,#4473,#4474));
#4466 = ORIENTED_EDGE('',*,*,#2318,.F.);
#4467 = ORIENTED_EDGE('',*,*,#4468,.T.);
#4468 = EDGE_CURVE('',#2319,#1208,#4469,.T.);
#4469 = LINE('',#4470,#4471);
#4470 = CARTESIAN_POINT('',(51.758665358668,39.642233335882,-4.5));
#4471 = VECTOR('',#4472,1.);
#4472 = DIRECTION('',(-5.551115123126E-16,0.,1.));
#4473 = ORIENTED_EDGE('',*,*,#1207,.F.);
#4474 = ORIENTED_EDGE('',*,*,#4429,.F.);
#4475 = PLANE('',#4476);
#4476 = AXIS2_PLACEMENT_3D('',#4477,#4478,#4479);
#4477 = CARTESIAN_POINT('',(51.758665358668,39.642233335882,-4.5));
#4478 = DIRECTION('',(0.707103670884,0.707109891475,3.925213881063E-16)
  );
#4479 = DIRECTION('',(0.707109891475,-0.707103670884,3.92524841228E-16)
  );
#4480 = ADVANCED_FACE('',(#4481),#4487,.F.);
#4481 = FACE_BOUND('',#4482,.F.);
#4482 = EDGE_LOOP('',(#4483,#4484,#4485,#4486));
#4483 = ORIENTED_EDGE('',*,*,#2328,.F.);
#4484 = ORIENTED_EDGE('',*,*,#4453,.T.);
#4485 = ORIENTED_EDGE('',*,*,#1215,.F.);
#4486 = ORIENTED_EDGE('',*,*,#4468,.F.);
#4487 = PLANE('',#4488);
#4488 = AXIS2_PLACEMENT_3D('',#4489,#4490,#4491);
#4489 = CARTESIAN_POINT('',(47.758682953157,35.642215741393,-4.5));
#4490 = DIRECTION('',(-0.707109891475,0.707103670884,-3.92524841228E-16)
  );
#4491 = DIRECTION('',(0.707103670884,0.707109891475,3.925213881063E-16)
  );
#4492 = ADVANCED_FACE('',(#4493),#4512,.F.);
#4493 = FACE_BOUND('',#4494,.T.);
#4494 = EDGE_LOOP('',(#4495,#4503,#4510,#4511));
#4495 = ORIENTED_EDGE('',*,*,#4496,.T.);
#4496 = EDGE_CURVE('',#1232,#4497,#4499,.T.);
#4497 = VERTEX_POINT('',#4498);
#4498 = CARTESIAN_POINT('',(42.01776608642,42.642232180488,-3.));
#4499 = LINE('',#4500,#4501);
#4500 = CARTESIAN_POINT('',(42.01776608642,42.642232180488,
    -1.805352486161E-15));
#4501 = VECTOR('',#4502,1.);
#4502 = DIRECTION('',(5.551115123126E-16,0.,-1.));
#4503 = ORIENTED_EDGE('',*,*,#4504,.T.);
#4504 = EDGE_CURVE('',#4497,#4497,#4505,.T.);
#4505 = CIRCLE('',#4506,3.);
#4506 = AXIS2_PLACEMENT_3D('',#4507,#4508,#4509);
#4507 = CARTESIAN_POINT('',(45.01776608642,42.642232180488,-3.));
#4508 = DIRECTION('',(5.551115123126E-16,0.,-1.));
#4509 = DIRECTION('',(-1.,0.,-5.551115123126E-16));
#4510 = ORIENTED_EDGE('',*,*,#4496,.F.);
#4511 = ORIENTED_EDGE('',*,*,#1231,.F.);
#4512 = CYLINDRICAL_SURFACE('',#4513,3.);
#4513 = AXIS2_PLACEMENT_3D('',#4514,#4515,#4516);
#4514 = CARTESIAN_POINT('',(45.01776608642,42.642232180488,
    -1.400179492237E-16));
#4515 = DIRECTION('',(-5.551115123126E-16,0.,1.));
#4516 = DIRECTION('',(-1.,0.,-5.551115123126E-16));
#4517 = ADVANCED_FACE('',(#4518),#4537,.F.);
#4518 = FACE_BOUND('',#4519,.T.);
#4519 = EDGE_LOOP('',(#4520,#4529,#4535,#4536));
#4520 = ORIENTED_EDGE('',*,*,#4521,.T.);
#4521 = EDGE_CURVE('',#4522,#4522,#4524,.T.);
#4522 = VERTEX_POINT('',#4523);
#4523 = CARTESIAN_POINT('',(91.752232758185,-13.38223333588,-3.));
#4524 = CIRCLE('',#4525,1.75);
#4525 = AXIS2_PLACEMENT_3D('',#4526,#4527,#4528);
#4526 = CARTESIAN_POINT('',(93.502232758185,-13.38223333588,-3.));
#4527 = DIRECTION('',(-5.551115123126E-16,0.,1.));
#4528 = DIRECTION('',(-1.,0.,-5.551115123126E-16));
#4529 = ORIENTED_EDGE('',*,*,#4530,.T.);
#4530 = EDGE_CURVE('',#4522,#1294,#4531,.T.);
#4531 = LINE('',#4532,#4533);
#4532 = CARTESIAN_POINT('',(91.752232758185,-13.38223333588,
    2.580282252206E-14));
#4533 = VECTOR('',#4534,1.);
#4534 = DIRECTION('',(5.551115123126E-16,0.,-1.));
#4535 = ORIENTED_EDGE('',*,*,#1293,.T.);
#4536 = ORIENTED_EDGE('',*,*,#4530,.F.);
#4537 = CYLINDRICAL_SURFACE('',#4538,1.75);
#4538 = AXIS2_PLACEMENT_3D('',#4539,#4540,#4541);
#4539 = CARTESIAN_POINT('',(93.502232758185,-13.38223333588,
    2.677426766861E-14));
#4540 = DIRECTION('',(-5.551115123126E-16,0.,1.));
#4541 = DIRECTION('',(-1.,0.,-5.551115123126E-16));
#4542 = ADVANCED_FACE('',(#4543),#4562,.F.);
#4543 = FACE_BOUND('',#4544,.T.);
#4544 = EDGE_LOOP('',(#4545,#4554,#4560,#4561));
#4545 = ORIENTED_EDGE('',*,*,#4546,.T.);
#4546 = EDGE_CURVE('',#4547,#4547,#4549,.T.);
#4547 = VERTEX_POINT('',#4548);
#4548 = CARTESIAN_POINT('',(43.26776608642,-13.38223218048,-3.));
#4549 = CIRCLE('',#4550,1.75);
#4550 = AXIS2_PLACEMENT_3D('',#4551,#4552,#4553);
#4551 = CARTESIAN_POINT('',(45.01776608642,-13.38223218048,-3.));
#4552 = DIRECTION('',(-5.551115123126E-16,0.,1.));
#4553 = DIRECTION('',(-1.,0.,-5.551115123126E-16));
#4554 = ORIENTED_EDGE('',*,*,#4555,.T.);
#4555 = EDGE_CURVE('',#4547,#1598,#4556,.T.);
#4556 = LINE('',#4557,#4558);
#4557 = CARTESIAN_POINT('',(43.26776608642,-13.38223218048,
    -1.111463095771E-15));
#4558 = VECTOR('',#4559,1.);
#4559 = DIRECTION('',(5.551115123126E-16,0.,-1.));
#4560 = ORIENTED_EDGE('',*,*,#1597,.T.);
#4561 = ORIENTED_EDGE('',*,*,#4555,.F.);
#4562 = CYLINDRICAL_SURFACE('',#4563,1.75);
#4563 = AXIS2_PLACEMENT_3D('',#4564,#4565,#4566);
#4564 = CARTESIAN_POINT('',(45.01776608642,-13.38223218048,
    -1.400179492237E-16));
#4565 = DIRECTION('',(-5.551115123126E-16,0.,1.));
#4566 = DIRECTION('',(-1.,0.,-5.551115123126E-16));
#4567 = ADVANCED_FACE('',(#4568),#4587,.F.);
#4568 = FACE_BOUND('',#4569,.T.);
#4569 = EDGE_LOOP('',(#4570,#4579,#4585,#4586));
#4570 = ORIENTED_EDGE('',*,*,#4571,.T.);
#4571 = EDGE_CURVE('',#4572,#4572,#4574,.T.);
#4572 = VERTEX_POINT('',#4573);
#4573 = CARTESIAN_POINT('',(91.752232758185,42.642233335882,-3.));
#4574 = CIRCLE('',#4575,1.75);
#4575 = AXIS2_PLACEMENT_3D('',#4576,#4577,#4578);
#4576 = CARTESIAN_POINT('',(93.502232758185,42.642233335882,-3.));
#4577 = DIRECTION('',(-5.551115123126E-16,0.,1.));
#4578 = DIRECTION('',(-1.,0.,-5.551115123126E-16));
#4579 = ORIENTED_EDGE('',*,*,#4580,.T.);
#4580 = EDGE_CURVE('',#4572,#2015,#4581,.T.);
#4581 = LINE('',#4582,#4583);
#4582 = CARTESIAN_POINT('',(91.752232758185,42.642233335882,
    2.580282252206E-14));
#4583 = VECTOR('',#4584,1.);
#4584 = DIRECTION('',(5.551115123126E-16,0.,-1.));
#4585 = ORIENTED_EDGE('',*,*,#2014,.T.);
#4586 = ORIENTED_EDGE('',*,*,#4580,.F.);
#4587 = CYLINDRICAL_SURFACE('',#4588,1.75);
#4588 = AXIS2_PLACEMENT_3D('',#4589,#4590,#4591);
#4589 = CARTESIAN_POINT('',(93.502232758185,42.642233335882,
    2.677426766861E-14));
#4590 = DIRECTION('',(-5.551115123126E-16,0.,1.));
#4591 = DIRECTION('',(-1.,0.,-5.551115123126E-16));
#4592 = ADVANCED_FACE('',(#4593),#4612,.F.);
#4593 = FACE_BOUND('',#4594,.T.);
#4594 = EDGE_LOOP('',(#4595,#4604,#4610,#4611));
#4595 = ORIENTED_EDGE('',*,*,#4596,.T.);
#4596 = EDGE_CURVE('',#4597,#4597,#4599,.T.);
#4597 = VERTEX_POINT('',#4598);
#4598 = CARTESIAN_POINT('',(43.26776608642,42.642232180488,-3.));
#4599 = CIRCLE('',#4600,1.75);
#4600 = AXIS2_PLACEMENT_3D('',#4601,#4602,#4603);
#4601 = CARTESIAN_POINT('',(45.01776608642,42.642232180488,-3.));
#4602 = DIRECTION('',(-5.551115123126E-16,0.,1.));
#4603 = DIRECTION('',(-1.,0.,-5.551115123126E-16));
#4604 = ORIENTED_EDGE('',*,*,#4605,.T.);
#4605 = EDGE_CURVE('',#4597,#2353,#4606,.T.);
#4606 = LINE('',#4607,#4608);
#4607 = CARTESIAN_POINT('',(43.26776608642,42.642232180488,
    -1.111463095771E-15));
#4608 = VECTOR('',#4609,1.);
#4609 = DIRECTION('',(5.551115123126E-16,0.,-1.));
#4610 = ORIENTED_EDGE('',*,*,#2352,.T.);
#4611 = ORIENTED_EDGE('',*,*,#4605,.F.);
#4612 = CYLINDRICAL_SURFACE('',#4613,1.75);
#4613 = AXIS2_PLACEMENT_3D('',#4614,#4615,#4616);
#4614 = CARTESIAN_POINT('',(45.01776608642,42.642232180488,
    -1.400179492237E-16));
#4615 = DIRECTION('',(-5.551115123126E-16,0.,1.));
#4616 = DIRECTION('',(-1.,0.,-5.551115123126E-16));
#4617 = ADVANCED_FACE('',(#4618,#4621),#4624,.F.);
#4618 = FACE_BOUND('',#4619,.F.);
#4619 = EDGE_LOOP('',(#4620));
#4620 = ORIENTED_EDGE('',*,*,#2457,.T.);
#4621 = FACE_BOUND('',#4622,.F.);
#4622 = EDGE_LOOP('',(#4623));
#4623 = ORIENTED_EDGE('',*,*,#4521,.T.);
#4624 = PLANE('',#4625);
#4625 = AXIS2_PLACEMENT_3D('',#4626,#4627,#4628);
#4626 = CARTESIAN_POINT('',(69.259999422303,14.63,-3.));
#4627 = DIRECTION('',(5.551115123126E-16,0.,-1.));
#4628 = DIRECTION('',(-1.,0.,-5.551115123126E-16));
#4629 = ADVANCED_FACE('',(#4630,#4633),#4636,.F.);
#4630 = FACE_BOUND('',#4631,.F.);
#4631 = EDGE_LOOP('',(#4632));
#4632 = ORIENTED_EDGE('',*,*,#3060,.T.);
#4633 = FACE_BOUND('',#4634,.F.);
#4634 = EDGE_LOOP('',(#4635));
#4635 = ORIENTED_EDGE('',*,*,#4546,.T.);
#4636 = PLANE('',#4637);
#4637 = AXIS2_PLACEMENT_3D('',#4638,#4639,#4640);
#4638 = CARTESIAN_POINT('',(69.259999422303,14.63,-3.));
#4639 = DIRECTION('',(5.551115123126E-16,0.,-1.));
#4640 = DIRECTION('',(-1.,0.,-5.551115123126E-16));
#4641 = ADVANCED_FACE('',(#4642,#4645),#4648,.F.);
#4642 = FACE_BOUND('',#4643,.F.);
#4643 = EDGE_LOOP('',(#4644));
#4644 = ORIENTED_EDGE('',*,*,#3850,.T.);
#4645 = FACE_BOUND('',#4646,.F.);
#4646 = EDGE_LOOP('',(#4647));
#4647 = ORIENTED_EDGE('',*,*,#4571,.T.);
#4648 = PLANE('',#4649);
#4649 = AXIS2_PLACEMENT_3D('',#4650,#4651,#4652);
#4650 = CARTESIAN_POINT('',(69.259999422303,14.63,-3.));
#4651 = DIRECTION('',(5.551115123126E-16,0.,-1.));
#4652 = DIRECTION('',(-1.,0.,-5.551115123126E-16));
#4653 = ADVANCED_FACE('',(#4654,#4657),#4660,.F.);
#4654 = FACE_BOUND('',#4655,.F.);
#4655 = EDGE_LOOP('',(#4656));
#4656 = ORIENTED_EDGE('',*,*,#4504,.T.);
#4657 = FACE_BOUND('',#4658,.F.);
#4658 = EDGE_LOOP('',(#4659));
#4659 = ORIENTED_EDGE('',*,*,#4596,.T.);
#4660 = PLANE('',#4661);
#4661 = AXIS2_PLACEMENT_3D('',#4662,#4663,#4664);
#4662 = CARTESIAN_POINT('',(69.259999422303,14.63,-3.));
#4663 = DIRECTION('',(5.551115123126E-16,0.,-1.));
#4664 = DIRECTION('',(-1.,0.,-5.551115123126E-16));
#4665 = ( GEOMETRIC_REPRESENTATION_CONTEXT(3) 
GLOBAL_UNCERTAINTY_ASSIGNED_CONTEXT((#4669)) 
GLOBAL_UNIT_ASSIGNED_CONTEXT((#4666,#4667,#4668)) REPRESENTATION_CONTEXT
('Context #1','3D Context with UNIT and UNCERTAINTY') );
#4666 = ( LENGTH_UNIT() NAMED_UNIT(*) SI_UNIT(.MILLI.,.METRE.) );
#4667 = ( NAMED_UNIT(*) PLANE_ANGLE_UNIT() SI_UNIT($,.RADIAN.) );
#4668 = ( NAMED_UNIT(*) SI_UNIT($,.STERADIAN.) SOLID_ANGLE_UNIT() );
#4669 = UNCERTAINTY_MEASURE_WITH_UNIT(LENGTH_MEASURE(1.E-07),#4666,
  'distance_accuracy_value','confusion accuracy');
#4670 = PRODUCT_RELATED_PRODUCT_CATEGORY('part',$,(#7));
#4671 = MECHANICAL_DESIGN_GEOMETRIC_PRESENTATION_REPRESENTATION('',(
    #4672),#4665);
#4672 = STYLED_ITEM('color',(#4673),#15);
#4673 = PRESENTATION_STYLE_ASSIGNMENT((#4674,#4680));
#4674 = SURFACE_STYLE_USAGE(.BOTH.,#4675);
#4675 = SURFACE_SIDE_STYLE('',(#4676));
#4676 = SURFACE_STYLE_FILL_AREA(#4677);
#4677 = FILL_AREA_STYLE('',(#4678));
#4678 = FILL_AREA_STYLE_COLOUR('',#4679);
#4679 = COLOUR_RGB('',0.447059003357,0.474510015008,0.501960993452);
#4680 = CURVE_STYLE('',#4681,POSITIVE_LENGTH_MEASURE(0.1),#4682);
#4681 = DRAUGHTING_PRE_DEFINED_CURVE_FONT('continuous');
#4682 = COLOUR_RGB('',9.803921802644E-02,9.803921802644E-02,
  9.803921802644E-02);
ENDSEC;
END-ISO-10303-21;
